airport_id,name,city,country,iata_faa,iaco,latitude,longitude,altitude,zone,dst,city_state,avg_able_landings,avg_able_takeoffs,total_landings,total_takeoffs,avg_taxi_in,avg_taxi_out,longest_taxi_in,longest_taxi_out,lng_tx_in_date,lng_tx_out_date
4355,Lehigh Valley International,Allentown,United States,ABE,KABE,40.652083,-75.440806,393,-5,A,"Allentown/Bethlehem/Easton, PA",331,326,334,332,3.9063444108761294,11.598159509202459,14.0,102.0,"Sun, Jun 15, 2003","Sun, Jun  8, 2003"
3718,Abilene Regional,Abilene,United States,ABI,KABI,32.411319,-99.681897,1791,-6,A,"Abilene, TX",178,178,178,178,3.820224719101122,9.668539325842694,15.0,78.0,"Sun, Jun 29, 2003","Fri, Jun 13, 2003"
4019,Albuquerque International Sunport,Albuquerque,United States,ABQ,KABQ,35.0402222,-106.6091944,5355,-7,A,"Albuquerque, NM",3074,3071,3089,3086,4.368575146389063,9.870074894171285,23.0,63.0,"Thu, Jun 26, 2003","Mon, Jun 30, 2003"
5715,Southwest Georgia Regional Airport,Albany,United States,ABY,KABY,31.5355,-84.1945,197,-5,A,"Albany, GA",120,120,120,120,4.125000000000003,9.800000000000004,8.0,30.0,"Thu, Jun 26, 2003","Thu, Jun 19, 2003"
3517,Nantucket Memorial,Nantucket,United States,ACK,KACK,41.253053,-70.060181,48,-5,A,"Nantucket, MA",25,25,26,26,5.24,10.44,7.0,29.0,"Wed, Jun 25, 2003","Fri, Jun 20, 2003"
3700,Waco Regional,Waco,United States,ACT,KACT,31.611289,-97.230519,516,-6,A,"Waco, TX",170,169,172,172,4.382352941176474,9.254437869822485,12.0,22.0,"Thu, Jun  5, 2003","Mon, Jun 16, 2003"
4384,Arcata,Arcata CA,United States,ACV,KACV,40.978111,-124.108611,221,-8,A,"Arcata/Eureka, CA",316,317,319,322,3.2088607594936716,6.851735015772871,13.0,31.0,"Fri, Jun 27, 2003","Sat, Jun  7, 2003"
3524,Atlantic City International,Atlantic City,United States,ACY,KACY,39.457583,-74.577167,75,-5,A,"Atlantic City, NJ",13,13,13,13,3.3846153846153846,8.384615384615385,7.0,15.0,"Sat, Jun 14, 2003","Sun, Jun  8, 2003"
5959,Adak Airport,Adak Island,United States,ADK,PADK,51.878,-176.646,18,-10,A,"Adak Island, AK",9,9,9,9,3.4444444444444446,7.666666666666667,4.0,13.0,"Tue, Jun 10, 2003","Sun, Jun 15, 2003"
3531,Kodiak,Kodiak,United States,ADQ,PADQ,57.749967,-152.493856,78,-9,A,"Kodiak, AK",57,57,60,60,2.6491228070175437,5.754385964912281,5.0,25.0,"Mon, Jun 23, 2003","Tue, Jun 10, 2003"
3852,Alexandria International,Alexandria,United States,AEX,KAEX,31.3274,-92.549833,89,-6,A,"Alexandria, LA",300,299,309,306,3.6933333333333334,8.100334448160538,10.0,47.0,"Sun, Jun 29, 2003","Sat, Jun 28, 2003"
3658,Augusta Regional At Bush Field,Bush Field,United States,AGS,KAGS,33.369944,-81.9645,144,-5,A,"Augusta, GA",374,374,380,380,3.7245989304812834,10.858288770053491,20.0,88.0,"Mon, Jun 16, 2003","Thu, Jun 19, 2003"
3794,King Salmon,King Salmon,United States,AKN,PAKN,58.676778,-156.649278,68,-9,A,"King Salmon, AK",49,49,49,49,3.4285714285714284,5.265306122448979,8.0,13.0,"Thu, Jun 26, 2003","Sun, Jun  8, 2003"
3864,Albany International,Albany,United States,ALB,KALB,42.748267,-73.801692,285,-5,A,"Albany, NY",1407,1405,1409,1408,3.7320540156361064,12.066192170818505,18.0,75.0,"Tue, Jun 24, 2003","Wed, Jun 18, 2003"
3840,Rick Husband Amarillo International,Amarillo,United States,AMA,KAMA,35.219369,-101.705931,3607,-6,A,"Amarillo, TX",668,675,684,687,3.9041916167664676,8.290370370370368,21.0,111.0,"Mon, Jun 23, 2003","Thu, Jun 12, 2003"
3774,Ted Stevens Anchorage International,Anchorage,United States,ANC,PANC,61.174361,-149.996361,152,-9,A,"Anchorage, AK",2150,2144,2197,2188,4.881860465116275,12.67397388059702,33.0,56.0,"Sun, Jun 29, 2003","Wed, Jun  4, 2003"
3682,Hartsfield Jackson Atlanta International,Atlanta,United States,ATL,KATL,33.636719,-84.428067,1026,-5,A,"Atlanta, GA",29814,29920,30060,30101,9.05068088817333,20.28128342246003,73.0,574.0,"Thu, Jun 26, 2003","Fri, Jun 20, 2003"
4047,Appleton,Appleton,United States,ATW,KATW,44.257526,-88.507576,680,-6,A,"Appleton, WI",117,113,120,120,3.136752136752136,9.070796460176993,15.0,54.0,"Thu, Jun 19, 2003","Mon, Jun  2, 2003"
3673,Austin Bergstrom International,Austin,United States,AUS,KAUS,30.194528,-97.669889,542,-6,A,"Austin, TX",3479,3477,3526,3525,4.778959471112388,10.974403221167636,38.0,150.0,"Fri, Jun 13, 2003","Thu, Jun 12, 2003"
4007,Asheville Regional Airport,Asheville,United States,AVL,KAVL,35.436194,-82.541806,2165,-5,A,"Asheville, NC",307,304,314,312,3.1986970684039093,10.549342105263156,12.0,65.0,"Thu, Jun 12, 2003","Wed, Jun 11, 2003"
4286,Wilkes Barre Scranton International,Scranton,United States,AVP,KAVP,41.338478,-75.723403,962,-5,A,"Scranton/Wilkes-Barre, PA",59,58,60,60,3.610169491525424,10.155172413793103,10.0,30.0,"Sun, Jun 15, 2003","Thu, Jun  5, 2003"
4039,Kalamazoo,Kalamazoo,United States,AZO,KAZO,42.234875,-85.552058,874,-5,A,"Kalamazoo, MI",289,286,296,294,3.1868512110726646,8.597902097902104,22.0,50.0,"Wed, Jun 18, 2003","Sun, Jun 29, 2003"
3825,Bradley International,Windsor Locks,United States,BDL,KBDL,41.938889,-72.683222,173,-5,A,"Hartford, CT",2761,2757,2770,2767,5.070264396957623,13.3075807036634,30.0,117.0,"Sun, Jun  8, 2003","Sat, Jun 14, 2003"
3599,Bethel,Bethel,United States,BET,PABE,60.779778,-161.838,121,-9,A,"Bethel, AK",94,95,97,97,3.2872340425531914,5.273684210526317,7.0,24.0,"Fri, Jun 20, 2003","Mon, Jun 30, 2003"
3558,Meadows Field,Bakersfield,United States,BFL,KBFL,35.433598,-119.05677,507,-8,A,"Bakersfield, CA",209,208,209,209,4.033492822966505,12.240384615384615,9.0,1012.0,"Sun, Jun 15, 2003","Sun, Jun  1, 2003"
4129,Greater Binghamton-Edwin A. Link Field,Binghamton,United States,BGM,KBGM,42.208689,-75.979839,1636,-5,A,"Binghamton, NY",90,90,90,90,2.922222222222223,7.277777777777778,4.0,76.0,"Thu, Jun 19, 2003","Fri, Jun 27, 2003"
3463,Bangor International,Bangor,United States,BGR,KBGR,44.807444,-68.828139,192,-5,A,"Bangor, ME",326,327,335,336,3.726993865030675,8.275229357798171,10.0,30.0,"Sun, Jun 22, 2003","Mon, Jun  9, 2003"
3811,Birmingham International,Birmingham,United States,BHM,KBHM,33.562942,-86.75355,644,-6,A,"Birmingham, AL",1545,1544,1556,1555,3.7482200647249178,10.161917098445604,65.0,94.0,"Fri, Jun  6, 2003","Thu, Jun 19, 2003"
4021,Billings Logan International Airport,Billings,United States,BIL,KBIL,45.80921,-108.537654,3652,-7,A,"Billings, MT",384,384,385,385,3.8125,9.43489583333333,11.0,36.0,"Fri, Jun 13, 2003","Mon, Jun  9, 2003"
4083,Bismarck Municipal Airport,Bismarck,United States,BIS,KBIS,46.775842,-100.757931,1661,-6,A,"Bismarck/Mandan, ND",169,168,169,168,3.8757396449704142,8.119047619047617,10.0,20.0,"Wed, Jun 18, 2003","Sat, Jun 21, 2003"
4037,Central Illinois Regional,Bloomington,United States,BMI,KBMI,40.477111,-88.915917,871,-6,A,"Bloomington/Normal, IL",130,130,131,131,4.392307692307691,14.330769230769233,12.0,73.0,"Sun, Jun 22, 2003","Wed, Jun 18, 2003"
3690,Nashville International,Nashville,United States,BNA,KBNA,36.124472,-86.678194,599,-6,A,"Nashville, TN",4550,4551,4568,4571,4.8336263736263785,10.165238409140843,39.0,83.0,"Thu, Jun 26, 2003","Sat, Jun 28, 2003"
3495,Boise Air Terminal,Boise,United States,BOI,KBOI,43.564361,-116.222861,2871,-7,A,"Boise, ID",1197,1196,1201,1199,3.7343358395989967,9.168896321070228,28.0,55.0,"Fri, Jun  6, 2003","Wed, Jun 18, 2003"
3448,General Edward Lawrence Logan International,Boston,United States,BOS,KBOS,42.364347,-71.005181,19,-5,A,"Boston, MA",9497,9511,9639,9639,7.2132252290197,16.761959835979404,51.0,210.0,"Sun, Jun  8, 2003","Thu, Jun 12, 2003"
3612,Southeast Texas Regional,Beaumont,United States,BPT,KBPT,29.950833,-94.020694,15,-6,A,"Beaumont/Port Arthur, TX",135,133,138,137,3.77037037037037,7.954887218045124,14.0,35.0,"Mon, Jun  9, 2003","Fri, Jun  6, 2003"
5725,Brunswick Golden Isles Airport,Brunswick,United States,BQK,KBQK,31.2588,-81.4665,26,-5,A,"Brunswick, GA",114,113,116,116,3.5789473684210527,8.247787610619467,15.0,72.0,"Thu, Jun 12, 2003","Sun, Jun 22, 2003"
3738,Brownsville South Padre Island International,Brownsville,United States,BRO,KBRO,25.906833,-97.425861,22,-6,A,"Brownsville, TX",149,150,150,150,4.644295302013421,7.253333333333333,12.0,25.0,"Wed, Jun 18, 2003","Mon, Jun 16, 2003"
3571,Wiley Post Will Rogers Memorial,Barrow,United States,BRW,PABR,71.285446,-156.766003,44,-9,A,"Barrow, AK",59,59,60,60,3.4915254237288136,5.169491525423729,5.0,14.0,"Mon, Jun 16, 2003","Wed, Jun  4, 2003"
4022,Bert Mooney Airport,Butte,United States,BTM,KBTM,45.954806,-112.497472,5550,-7,A,"Butte, MT",116,116,116,116,4.39655172413793,9.413793103448276,14.0,60.0,"Fri, Jun 20, 2003","Wed, Jun 11, 2003"
3846,Baton Rouge Metro-Ryan Field,Baton Rouge,United States,BTR,KBTR,30.533167,-91.149639,70,-6,A,"Baton Rouge, LA",596,597,614,613,4.302013422818789,10.698492462311563,24.0,108.0,"Mon, Jun 30, 2003","Wed, Jun  4, 2003"
3711,Burlington International,Burlington,United States,BTV,KBTV,44.471861,-73.153278,335,-5,A,"Burlington, VT",588,585,589,589,3.4421768707482996,10.811965811965814,15.0,72.0,"Thu, Jun  5, 2003","Fri, Jun 27, 2003"
3820,Buffalo Niagara International,Buffalo,United States,BUF,KBUF,42.940525,-78.732167,724,-5,A,"Buffalo, NY",1792,1789,1796,1798,3.5719866071428563,11.780883174958085,22.0,80.0,"Mon, Jun 30, 2003","Wed, Jun 18, 2003"
3644,Bob Hope,Burbank,United States,BUR,KBUR,34.200667,-118.358667,778,-8,A,"Burbank, CA",2210,2210,2225,2224,2.533936651583709,10.648416289592749,25.0,67.0,"Tue, Jun 17, 2003","Tue, Jun 17, 2003"
3849,Baltimore Washington International,Baltimore,United States,BWI,KBWI,39.175361,-76.668333,146,-5,A,"Baltimore, MD",8243,8259,8287,8291,5.181608637631934,12.997336239254128,76.0,166.0,"Wed, Jun 11, 2003","Wed, Jun 11, 2003"
4020,Gallatin Field,Bozeman,United States,BZN,KBZN,45.777643,-111.160151,4500,-7,A,"Bozeman, MT",362,358,363,361,4.469613259668508,10.513966480446935,12.0,50.0,"Sat, Jun 14, 2003","Fri, Jun 13, 2003"
3561,Columbia Metropolitan,Colombia,United States,CAE,KCAE,33.938833,-81.119528,236,-5,A,"Columbia, SC",774,766,783,782,4.093023255813959,11.027415143603124,17.0,57.0,"Mon, Jun 30, 2003","Fri, Jun  6, 2003"
4112,Akron Canton Regional Airport,Akron,United States,CAK,KCAK,40.9160833,-81.4421944,1228,-5,A,"Akron, OH",390,390,392,392,4.633333333333334,13.935897435897434,22.0,71.0,"Tue, Jun  3, 2003","Mon, Jun 30, 2003"
3824,Cedar City Regional,Cedar City,United States,CDC,KCDC,37.700967,-113.098847,5622,-7,A,"Cedar City, UT",107,106,107,106,3.205607476635514,6.386792452830188,11.0,11.0,"Thu, Jun 12, 2003","Thu, Jun  5, 2003"
3610,Merle K. Mudhole Smith,Cordova,United States,CDV,PACV,60.491778,-145.477556,48,-9,A,"Cordova, AK",60,60,60,60,2.85,5.116666666666666,6.0,12.0,"Wed, Jun 18, 2003","Sat, Jun 14, 2003"
5727,Del Norte County Airport,Crescent City,United States,CEC,KCEC,41.7802,-124.237,57,-8,A,"Crescent City, CA",84,83,85,85,2.7738095238095233,8.048192771084338,9.0,19.0,"Tue, Jun 10, 2003","Fri, Jun 13, 2003"
3578,Lovell Field,Chattanooga,United States,CHA,KCHA,35.035278,-85.203808,683,-5,A,"Chattanooga, TN",292,291,296,296,3.7363013698630136,10.027491408934717,11.0,71.0,"Mon, Jun 30, 2003","Sun, Jun  8, 2003"
4015,Charlottesville-Albemarle,Charlottesville VA,United States,CHO,KCHO,38.138639,-78.452861,639,-5,A,"Charlottesville, VA",206,204,210,210,3.0097087378640777,6.397058823529414,9.0,22.0,"Sun, Jun 29, 2003","Wed, Jun 11, 2003"
3806,Charleston AFB International,Charleston,United States,CHS,KCHS,32.898647,-80.040528,45,-5,A,"Charleston, SC",830,830,843,844,5.161445783132531,12.41325301204819,22.0,118.0,"Thu, Jun 19, 2003","Mon, Jun 16, 2003"
3710,Chico Municipal,Chico,United States,CIC,KCIC,39.795383,-121.858422,238,-8,A,"Chico, CA",90,90,90,90,3.0444444444444443,7.733333333333333,12.0,19.0,"Wed, Jun 11, 2003","Tue, Jun 24, 2003"
4043,Cedar Rapids,Cedar Rapids,United States,CID,KCID,41.884694,-91.710806,869,-6,A,"Cedar Rapids/Iowa City, IA",451,451,465,464,4.057649667405771,9.616407982261634,25.0,75.0,"Thu, Jun 12, 2003","Wed, Jun 25, 2003"
4088,McClellan-Palomar Airport,Carlsbad,United States,CLD,KCRQ,33.0742,-117.1648,328,-8,A,"Carlsbad, CA",177,178,178,179,3.214689265536723,7.393258426966292,10.0,55.0,"Mon, Jun 30, 2003","Wed, Jun 11, 2003"
3486,Cleveland Hopkins International,Cleveland,United States,CLE,KCLE,41.411689,-81.849794,791,-5,A,"Cleveland, OH",7623,7626,7668,7660,5.639118457300279,15.326383425124572,56.0,163.0,"Fri, Jun 13, 2003","Wed, Jun 18, 2003"
3715,Easterwood Field,College Station,United States,CLL,KCLL,30.588583,-96.363833,321,-6,A,"College Station/Bryan, TX",251,250,256,256,4.689243027888443,9.72,13.0,46.0,"Wed, Jun 25, 2003","Tue, Jun 24, 2003"
3876,Charlotte Douglas International,Charlotte,United States,CLT,KCLT,35.214,-80.943139,748,-5,A,"Charlotte, NC",8583,8600,8670,8670,5.325760223697999,18.31593023255819,51.0,141.0,"Wed, Jun 18, 2003","Sat, Jun  7, 2003"
3759,Port Columbus International,Columbus,United States,CMH,KCMH,39.997972,-82.891889,815,-5,A,"Columbus, OH",2912,2907,2938,2934,4.3176510989011,12.115239078087365,26.0,176.0,"Sat, Jun 21, 2003","Wed, Jun 18, 2003"
4049,Champaign,Champaign,United States,CMI,KCMI,40.03925,-88.278056,754,-6,A,"Champaign/Urbana, IL",143,143,146,146,3.8461538461538463,13.552447552447552,14.0,116.0,"Sat, Jun  7, 2003","Sat, Jun 28, 2003"
4344,Yellowstone Regional,Cody,United States,COD,KCOD,44.520194,-109.023806,5102,-7,A,"Cody, WY",78,79,79,79,3.5384615384615383,7.708860759493671,14.0,19.0,"Fri, Jun 20, 2003","Sat, Jun 28, 2003"
3819,City Of Colorado Springs Municipal,Colorado Springs,United States,COS,KCOS,38.805805,-104.700778,6187,-7,A,"Colorado Springs, CO",997,996,1005,1004,6.501504513540622,12.820281124497992,33.0,50.0,"Sun, Jun  8, 2003","Tue, Jun 10, 2003"
3872,Natrona County International,Casper,United States,CPR,KCPR,42.908,-106.464417,5347,-7,A,"Casper, WY",120,120,120,120,3.225,6.991666666666666,5.0,19.0,"Sun, Jun  1, 2003","Mon, Jun 16, 2003"
3744,Corpus Christi International,Corpus Christi,United States,CRP,KCRP,27.770361,-97.501222,44,-6,A,"Corpus Christi, TX",674,674,686,684,3.983679525222551,9.735905044510384,19.0,109.0,"Fri, Jun 13, 2003","Wed, Jun  4, 2003"
4285,Yeager,Charleston,United States,CRW,KCRW,38.373147,-81.593189,981,-5,A,"Charleston/Dunbar, WV",427,431,437,438,3.149882903981264,9.939675174013917,14.0,81.0,"Wed, Jun 11, 2003","Sun, Jun 29, 2003"
4255,Columbus Metropolitan Airport,Columbus,United States,CSG,KCSG,32.5163333,-84.9388611,397,-5,A,"Columbus, GA",173,173,180,180,3.346820809248555,8.774566473988441,9.0,42.0,"Sun, Jun 29, 2003","Wed, Jun 18, 2003"
3488,Cincinnati Northern Kentucky International,Cincinnati,United States,CVG,KCVG,39.048836,-84.667822,896,-5,A,"Cincinnati, OH",7344,7378,7468,7468,6.110021786492367,16.515857956085657,35.0,174.0,"Sun, Jun 29, 2003","Sun, Jun  8, 2003"
3804,Cheyenne Regional-Jerry Olson Field,Cheyenne,United States,CYS,KCYS,41.155722,-104.811839,6156,-7,A,"Cheyenne, WY",0,1,1,1,0,11.0,0,11.0,"Sat, Jun 28, 2003","Sat, Jun 28, 2003"
3950,Daytona Beach International,Daytona Beach,United States,DAB,KDAB,29.179917,-81.058056,34,-5,A,"Daytona Beach, FL",230,234,232,234,3.9695652173913043,13.162393162393162,9.0,55.0,"Mon, Jun 30, 2003","Wed, Jun 11, 2003"
3502,Dallas Love Field,Dallas,United States,DAL,KDAL,32.847111,-96.851778,487,-6,A,"Dallas, TX",3594,3619,3741,3739,2.936839176405122,8.237082066869284,23.0,57.0,"Thu, Jun 12, 2003","Mon, Jun 16, 2003"
3627,James M. Cox Dayton International,Dayton,United States,DAY,KDAY,39.902375,-84.219375,1009,-5,A,"Dayton, OH",1052,1050,1061,1061,4.8878326996197705,12.718095238095236,20.0,73.0,"Mon, Jun  9, 2003","Thu, Jun 19, 2003"
4388,Dubuque Regional,Dubuque IA,United States,DBQ,KDBQ,42.402,-90.709472,1076,-6,A,"Dubuque, IA",88,89,89,90,3.522727272727273,10.66292134831461,11.0,82.0,"Mon, Jun 16, 2003","Wed, Jun 18, 2003"
3520,Ronald Reagan Washington National,Washington,United States,DCA,KDCA,38.852083,-77.037722,15,-5,A,"Washington, DC",6421,6424,6513,6512,4.5425946114312605,15.259028642590291,65.0,163.0,"Mon, Jun 30, 2003","Thu, Jun 12, 2003"
3751,Denver International,Denver,United States,DEN,KDEN,39.861656,-104.673178,5431,-7,A,"Denver, CO",11633,11673,11691,11702,7.271297171838745,14.704788828921448,83.0,173.0,"Thu, Jun 19, 2003","Thu, Jun 12, 2003"
3670,Dallas Fort Worth International,Dallas-fort Worth,United States,DFW,KDFW,32.896828,-97.037997,607,-6,A,"Dallas/Fort Worth, TX",27097,27266,27628,27605,11.332509133852392,17.65653194454648,189.0,613.0,"Thu, Jun 12, 2003","Thu, Jun  5, 2003"
3739,Dothan Regional,Dothan,United States,DHN,KDHN,31.321339,-85.449628,401,-6,A,"Dothan, AL",147,145,150,150,3.7210884353741496,8.1448275862069,11.0,26.0,"Fri, Jun 20, 2003","Sun, Jun 29, 2003"
3460,Dillingham,Dillingham,United States,DLG,PADL,59.044667,-158.5055,74,-9,A,"Dillingham, AK",37,40,40,40,2.486486486486486,5.150000000000002,4.0,15.0,"Mon, Jun 23, 2003","Mon, Jun  9, 2003"
3598,Duluth International,Duluth,United States,DLH,KDLH,46.842091,-92.193649,1428,-6,A,"Duluth, MN",110,109,112,111,3.89090909090909,9.266055045871562,10.0,22.0,"Mon, Jun 23, 2003","Tue, Jun 24, 2003"
3713,Durango La Plata County,Durango,United States,DRO,KDRO,37.151516,-107.75377,6685,-7,A,"Durango, CO",159,156,159,157,3.930817610062893,7.82051282051282,16.0,24.0,"Sat, Jun 14, 2003","Sun, Jun  1, 2003"
3729,Des Moines International,Des Moines,United States,DSM,KDSM,41.533972,-93.663083,958,-6,A,"Des Moines, IA",780,781,784,787,4.48205128205128,11.48527528809219,28.0,83.0,"Sat, Jun 14, 2003","Wed, Jun 18, 2003"
3645,Detroit Metro Wayne County,Detroit,United States,DTW,KDTW,42.212444,-83.353389,645,-5,A,"Detroit, MI",11622,11653,11754,11762,8.819480295990324,17.121942847335404,52.0,140.0,"Thu, Jun 12, 2003","Thu, Jun 12, 2003"
3860,Unalaska,Unalaska,United States,DUT,PADU,53.900139,-166.5435,22,-9,A,"Unalaska, AK",50,49,58,57,1.8,3.7551020408163267,3.0,8.0,"Thu, Jun 12, 2003","Wed, Jun 25, 2003"
3572,Ellington Field,Houston,United States,EFD,KEFD,29.607333,-95.15875,32,-6,A,"Houston, TX",130,130,136,135,4.069230769230773,10.692307692307692,8.0,133.0,"Thu, Jun  5, 2003","Fri, Jun 13, 2003"
4250,Eagle County Regional,Vail,United States,EGE,KEGE,39.642556,-106.917694,6540,-7,A,"Eagle, CO",17,16,17,16,4.764705882352941,14.875,7.0,30.0,"Mon, Jun 23, 2003","Fri, Jun 20, 2003"
5736,Elko Regional Airport,Elko,United States,EKO,KEKO,40.8249,-115.792,5140,-8,A,"Elko, NV",291,291,292,292,3.5017182130584197,6.780068728522338,9.0,23.0,"Mon, Jun  9, 2003","Fri, Jun 13, 2003"
3559,El Paso International,El Paso,United States,ELP,KELP,31.80725,-106.377583,3958,-7,A,"El Paso, TX",1596,1599,1611,1612,4.023809523809524,9.858661663539687,43.0,172.0,"Sun, Jun 22, 2003","Thu, Jun 12, 2003"
4099,Mahlon Sweet Field,Eugene,United States,EUG,KEUG,44.124583,-123.211972,374,-8,A,"Eugene, OR",311,315,316,318,3.4212218649517685,7.749206349206349,10.0,30.0,"Thu, Jun 26, 2003","Tue, Jun  3, 2003"
4018,Evansville Regional,Evansville,United States,EVV,KEVV,38.036997,-87.532364,418,-6,A,"Evansville, IN",316,315,321,321,3.8512658227848102,10.911111111111108,13.0,119.0,"Fri, Jun  6, 2003","Sat, Jun 28, 2003"
3494,Newark Liberty International,Newark,United States,EWR,KEWR,40.6925,-74.168667,18,-5,A,"Newark, NJ",12362,12396,12506,12492,8.777463193657962,24.948773797999326,1392.0,234.0,"Mon, Jun 16, 2003","Thu, Jun 12, 2003"
3875,Key West International,Key West,United States,EYW,KEYW,24.556111,-81.759556,3,-5,A,"Key West, FL",60,60,60,60,3.566666666666667,11.066666666666665,7.0,23.0,"Sat, Jun 21, 2003","Mon, Jun 16, 2003"
3832,Fairbanks International,Fairbanks,United States,FAI,PAFA,64.815114,-147.856267,434,-9,A,"Fairbanks, AK",540,538,551,548,3.775925925925928,8.773234200743492,23.0,28.0,"Sat, Jun 14, 2003","Sat, Jun  7, 2003"
4292,Hector International Airport,Fargo,United States,FAR,KFAR,46.92065,-96.8157639,902,-6,A,"Fargo, ND",351,349,355,353,4.581196581196581,10.186246418338104,34.0,102.0,"Thu, Jun 12, 2003","Tue, Jun 24, 2003"
3687,Fresno Yosemite International,Fresno,United States,FAT,KFAT,36.776194,-119.71814,336,-8,A,"Fresno, CA",1071,1072,1080,1077,3.829131652661066,7.9309701492537386,14.0,43.0,"Thu, Jun 19, 2003","Fri, Jun  6, 2003"
5738,Fayetteville Regional-Grannis Field,Fayetteville,United States,FAY,KFAY,34.9912,-78.8803,189,-5,A,"Fayetteville, NC",144,144,147,145,3.5138888888888884,8.055555555555554,9.0,40.0,"Tue, Jun 24, 2003","Wed, Jun 11, 2003"
4127,Glacier Park International,Kalispell,United States,FCA,KFCA,48.310472,-114.256,2977,-7,A,"Kalispell, MT",147,148,149,149,4.653061224489793,10.493243243243244,10.0,39.0,"Thu, Jun 12, 2003","Fri, Jun 13, 2003"
3533,Fort Lauderdale Hollywood International,Fort Lauderdale,United States,FLL,KFLL,26.072583,-80.15275,9,-5,A,"Fort Lauderdale, FL",4639,4639,4662,4658,4.6206078896313745,16.126320327656845,60.0,119.0,"Mon, Jun  9, 2003","Thu, Jun 12, 2003"
3879,Florence Regional,Florence,United States,FLO,KFLO,34.185361,-79.723889,146,-5,A,"Florence, SC",86,85,86,86,4.883720930232559,7.8,9.0,15.0,"Wed, Jun 11, 2003","Sun, Jun  8, 2003"
4089,Bishop International,Flint,United States,FNT,KFNT,42.965424,-83.743629,782,-5,A,"Flint, MI",289,289,291,291,4.709342560553632,10.986159169550179,15.0,32.0,"Fri, Jun  6, 2003","Wed, Jun 11, 2003"
4009,Sioux Falls,Sioux Falls,United States,FSD,KFSD,43.582014,-96.741914,1429,-6,A,"Sioux Falls, SD",237,238,243,244,4.261603375527427,10.289915966386559,20.0,34.0,"Sun, Jun 15, 2003","Tue, Jun 10, 2003"
3437,Fort Smith Regional,Fort Smith,United States,FSM,KFSM,35.336583,-94.367444,469,-6,A,"Fort Smith, AR",201,200,202,202,4.820895522388058,10.664999999999997,12.0,38.0,"Wed, Jun 11, 2003","Fri, Jun 13, 2003"
4041,Fort Wayne,Fort Wayne,United States,FWA,KFWA,40.978472,-85.195139,815,-5,A,"Fort Wayne, IN",469,467,475,475,3.6673773987206815,10.700214132762309,16.0,64.0,"Sun, Jun 15, 2003","Thu, Jun 26, 2003"
3467,Spokane International,Spokane,United States,GEG,KGEG,47.619861,-117.533833,2376,-8,A,"Spokane, WA",1203,1201,1206,1205,3.7863674147963433,9.186511240632791,21.0,70.0,"Wed, Jun 18, 2003","Thu, Jun 19, 2003"
3442,Grand Forks International,Grand Forks,United States,GFK,KGFK,47.949256,-97.176111,845,-6,A,"Grand Forks, ND",81,80,82,80,4.641975308641976,8.874999999999998,8.0,52.0,"Wed, Jun 11, 2003","Wed, Jun  4, 2003"
3465,East Texas Regional,Longview,United States,GGG,KGGG,32.384014,-94.711486,365,-6,A,"Longview, TX",114,115,115,116,4.675438596491228,8.478260869565215,12.0,48.0,"Mon, Jun 23, 2003","Fri, Jun 13, 2003"
4063,Grand Junction Regional,Grand Junction,United States,GJT,KGJT,39.122413,-108.526735,4858,-7,A,"Grand Junction, CO",318,319,319,319,3.1572327044025172,7.852664576802508,8.0,20.0,"Fri, Jun 13, 2003","Fri, Jun 20, 2003"
3472,Gainesville Regional,Gainesville,United States,GNV,KGNV,29.690056,-82.271778,152,-5,A,"Gainesville, FL",192,191,198,198,3.083333333333334,7.366492146596857,17.0,58.0,"Mon, Jun 16, 2003","Sun, Jun 29, 2003"
4038,Gulfport-Biloxi,Gulfport,United States,GPT,KGPT,30.407278,-89.070111,28,-6,A,"Gulfport/Biloxi, MS",434,435,439,439,4.578341013824881,10.468965517241376,11.0,55.0,"Sat, Jun 28, 2003","Tue, Jun 17, 2003"
3653,Austin Straubel International,Green Bay,United States,GRB,KGRB,44.485072,-88.129589,695,-6,A,"Green Bay, WI",391,388,393,393,3.6214833759590785,10.010309278350514,10.0,106.0,"Tue, Jun 24, 2003","Wed, Jun 18, 2003"
3685,Gerald R. Ford International,Grand Rapids,United States,GRR,KGRR,42.880833,-85.522806,794,-5,A,"Grand Rapids, MI",1008,1009,1013,1015,3.663690476190477,10.846382556987107,25.0,96.0,"Sat, Jun  7, 2003","Wed, Jun 11, 2003"
4008,Piedmont Triad,Greensboro,United States,GSO,KGSO,36.09775,-79.937306,925,-5,A,"Greensboro/High Point, NC",1205,1203,1220,1218,4.223236514522817,14.673316708229432,17.0,178.0,"Mon, Jun 30, 2003","Sat, Jun 21, 2003"
4034,Greenville-Spartanburg International,Greenville,United States,GSP,KGSP,34.895556,-82.218889,964,-5,A,"Greer, SC",981,978,992,992,3.5178389398572896,13.04703476482618,65.0,114.0,"Thu, Jun 26, 2003","Thu, Jun 12, 2003"
5960,Gustavus Airport,Gustavus,United States,GST,PAGS,58.4253,-135.707,34,-9,A,"Gustavus, AK",23,23,23,23,4.217391304347826,6.521739130434782,6.0,15.0,"Fri, Jun 13, 2003","Thu, Jun 26, 2003"
3880,Great Falls International,Great Falls,United States,GTF,KGTF,47.482,-111.370689,3677,-7,A,"Great Falls, MT",189,187,191,190,4.121693121693122,8.73796791443851,9.0,23.0,"Tue, Jun  3, 2003","Tue, Jun 24, 2003"
4273,Golden Triangle Regional Airport,Columbus Mississippi,United States,GTR,KGTR,33.450333,-88.591361,264,-6,A,"Columbus, MS",115,115,120,120,3.7130434782608694,9.10434782608695,7.0,38.0,"Sun, Jun  1, 2003","Sun, Jun 15, 2003"
7051,Gunnison - Crested Butte,Gunnison,United States,GUC,KGUC,38.533889,-106.933056,7678,-7,A,"Gunnison, CO",19,18,19,18,3.736842105263158,10.722222222222221,8.0,24.0,"Mon, Jun 23, 2003","Thu, Jun 26, 2003"
3504,Helena Regional,Helena,United States,HLN,KHLN,46.606806,-111.98275,3877,-7,A,"Helena, MT",89,89,90,90,2.8426966292134837,8.820224719101121,5.0,18.0,"Sun, Jun 15, 2003","Fri, Jun  6, 2003"
3728,Honolulu International,Honolulu,United States,HNL,PHNL,21.318681,-157.922428,13,-10,N,"Honolulu, HI",1007,1004,1008,1004,5.035749751737827,16.92031872509961,25.0,55.0,"Wed, Jun 25, 2003","Tue, Jun 17, 2003"
3566,William P. Hobby,Houston,United States,HOU,KHOU,29.645419,-95.278889,46,-6,A,"Houston, TX",4612,4629,4752,4754,4.7124891587163855,9.257507020954867,61.0,99.0,"Wed, Jun 25, 2003","Fri, Jun 13, 2003"
3589,Westchester County,White Plains,United States,HPN,KHPN,41.066959,-73.707575,439,-5,A,"White Plains, NY",644,642,665,661,5.336956521739134,14.752336448598127,48.0,102.0,"Sat, Jun 14, 2003","Wed, Jun 18, 2003"
3560,Valley International,Harlingen,United States,HRL,KHRL,26.2285,-97.654389,36,-6,A,"Harlingen/San Benito, TX",458,462,466,468,2.7161572052401746,6.930735930735933,12.0,85.0,"Sat, Jun  7, 2003","Mon, Jun 16, 2003"
4113,Huntsville International Airport-Carl T. Jones Field,Huntsville,United States,HSV,KHSV,34.6371944,-86.7750556,629,-6,A,"Huntsville, AL",507,505,514,512,4.893491124260355,12.392079207920796,21.0,97.0,"Sun, Jun 15, 2003","Wed, Jun 18, 2003"
5742,TriState-Milton J. Ferguson Field,Huntington,United States,HTS,KHTS,38.3667,-82.558,828,-5,A,"Ashland, WV",89,89,90,90,3.3707865168539324,8.98876404494382,8.0,42.0,"Mon, Jun  9, 2003","Tue, Jun 24, 2003"
3714,Washington Dulles International,Washington,United States,IAD,KIAD,38.944533,-77.455811,313,-5,A,"Washington, DC",8281,8330,8419,8418,5.953749547156134,17.93253301320522,59.0,240.0,"Tue, Jun 10, 2003","Wed, Jun 11, 2003"
3550,George Bush Intercontinental Houston,Houston,United States,IAH,KIAH,29.984433,-95.341442,97,-6,A,"Houston, TX",15287,15463,15551,15558,7.352587165565513,20.722110845243495,84.0,187.0,"Sat, Jun 14, 2003","Fri, Jun 13, 2003"
3457,Wichita Mid Continent,Wichita,United States,ICT,KICT,37.649944,-97.433056,1333,-6,A,"Wichita, KS",776,775,786,786,4.557989690721644,10.816774193548369,25.0,75.0,"Fri, Jun  6, 2003","Thu, Jun  5, 2003"
4100,Idaho Falls Regional,Idaho Falls,United States,IDA,KIDA,43.514556,-112.07075,4744,-7,A,"Idaho Falls, ID",266,265,266,266,3.312030075187969,6.996226415094339,13.0,16.0,"Mon, Jun  9, 2003","Sun, Jun 15, 2003"
3845,Wilmington International,Wilmington,United States,ILM,KILM,34.270615,-77.902569,32,-5,A,"Wilmington, NC",276,277,282,283,4.003623188405794,9.505415162454877,12.0,21.0,"Fri, Jun 27, 2003","Sat, Jun 28, 2003"
3585,Indianapolis International,Indianapolis,United States,IND,KIND,39.717331,-86.294383,797,-5,A,"Indianapolis, IN",3517,3514,3538,3540,7.853284048905315,12.860273192942538,99.0,140.0,"Mon, Jun  9, 2003","Fri, Jun 13, 2003"
3689,Imperial County,Imperial,United States,IPL,KIPL,32.834219,-115.578744,-54,-8,A,"El Centro, CA",60,58,60,59,3.033333333333333,7.620689655172414,5.0,17.0,"Thu, Jun  5, 2003","Sun, Jun  8, 2003"
3857,Long Island MacArthur,Islip,United States,ISP,KISP,40.79525,-73.100222,99,-5,A,"Islip, NY",897,902,909,910,3.910813823857302,9.14855875831486,50.0,49.0,"Sat, Jun 28, 2003","Thu, Jun 26, 2003"
7120,Inyokern Airport,Inyokern,United States,IYK,KIYK,35.658889,-117.829444,2455,-8,A,"Inyokern, CA",89,89,89,89,3.348314606741573,8.528089887640451,13.0,18.0,"Thu, Jun  5, 2003","Sat, Jun 28, 2003"
4027,Jackson Hole Airport,Jacksn Hole,United States,JAC,KJAC,43.60733333,-110.73775,6451,-7,A,"Jackson, WY",519,519,525,525,3.3082851637764943,9.065510597302497,12.0,41.0,"Sun, Jun  8, 2003","Sat, Jun 28, 2003"
3580,Jackson Evers International,Jackson,United States,JAN,KJAN,32.311167,-90.075889,346,-6,A,"Jackson/Vicksburg, MS",819,820,825,824,3.9316239316239323,9.362195121951233,29.0,74.0,"Sun, Jun 22, 2003","Mon, Jun 16, 2003"
3712,Jacksonville International,Jacksonville,United States,JAX,KJAX,30.494056,-81.687861,30,-5,A,"Jacksonville, FL",2080,2076,2087,2088,4.928365384615386,11.830924855491329,56.0,83.0,"Sat, Jun 28, 2003","Fri, Jun 13, 2003"
3797,John F. Kennedy International,New York,United States,JFK,KJFK,40.639751,-73.778925,13,-5,A,"New York, NY",5740,5744,5778,5782,8.392857142857158,21.958913649025114,109.0,252.0,"Sat, Jun  7, 2003","Thu, Jun 12, 2003"
3492,Juneau International,Juneau,United States,JNU,PAJN,58.354972,-134.576278,21,-9,A,"Juneau, AK",495,497,505,504,3.8646464646464644,11.07645875251509,10.0,38.0,"Thu, Jun 19, 2003","Tue, Jun 17, 2003"
3514,Kona International At Keahole,Kona,United States,KOA,PHKO,19.738767,-156.045631,47,-10,N,"Kona, HI",147,147,147,147,3.578231292517007,10.877551020408166,9.0,68.0,"Fri, Jun  6, 2003","Fri, Jun 13, 2003"
3808,Ketchikan International,Ketchikan,United States,KTN,PAKT,55.355556,-131.71375,88,-9,A,"Ketchikan, AK",251,251,256,255,4.940239043824701,10.358565737051793,12.0,67.0,"Fri, Jun 20, 2003","Tue, Jun 24, 2003"
3544,Capital City,Lansing,United States,LAN,KLAN,42.7787,-84.587357,861,-5,A,"Lansing, MI",361,358,367,367,3.501385041551246,9.00000000000001,11.0,99.0,"Tue, Jun 17, 2003","Sat, Jun 14, 2003"
3877,McCarran International,Las Vegas,United States,LAS,KLAS,36.080056,-115.15225,2141,-8,A,"Las Vegas, NV",11714,11722,11759,11762,5.3966194297422,14.681965534891656,52.0,117.0,"Thu, Jun 12, 2003","Sat, Jun 28, 2003"
4256,Lawton-Fort Sill Regional Airport,Lawton,United States,LAW,KLAW,34.5677144,-98.4166367,1110,-6,A,"Lawton/Fort Sill, OK",174,176,176,177,4.344827586206894,9.86931818181818,10.0,38.0,"Fri, Jun 27, 2003","Wed, Jun 11, 2003"
3484,Los Angeles International,Los Angeles,United States,LAX,KLAX,33.942536,-118.408075,126,-8,A,"Los Angeles, CA",18349,18371,18462,18465,6.981633876505522,13.552120189429004,435.0,105.0,"Sun, Jun  1, 2003","Thu, Jun 26, 2003"
3829,Lubbock Preston Smith International,Lubbock,United States,LBB,KLBB,33.663639,-101.822778,3282,-6,A,"Lubbock, TX",774,773,784,783,3.267441860465116,8.120310478654611,12.0,91.0,"Tue, Jun 17, 2003","Mon, Jun 16, 2003"
3513,Lake Charles Regional,Lake Charles,United States,LCH,KLCH,30.126112,-93.223335,15,-6,A,"Lake Charles, LA",139,139,140,140,4.611510791366905,9.906474820143885,15.0,76.0,"Fri, Jun 27, 2003","Thu, Jun 12, 2003"
4017,Blue Grass,Lexington KY,United States,LEX,KLEX,38.0365,-84.605889,979,-5,A,"Lexington, KY",570,569,574,572,4.222807017543861,12.223198594024604,15.0,71.0,"Fri, Jun  6, 2003","Tue, Jun 10, 2003"
3493,Lafayette Regional,Lafayette,United States,LFT,KLFT,30.205278,-91.987611,43,-6,A,"Lafayette, LA",334,334,341,342,4.293413173652698,10.87125748502995,9.0,91.0,"Sat, Jun 28, 2003","Thu, Jun 12, 2003"
3697,LaGuardia Airport,New York,United States,LGA,KLGA,40.777245,-73.872608,22,-5,A,"New York, NY",8764,8788,8908,8904,7.818233683249654,24.30837505689579,87.0,183.0,"Sun, Jun  1, 2003","Thu, Jun 12, 2003"
3582,Long Beach,Long Beach,United States,LGB,KLGB,33.817722,-118.151611,60,-8,A,"Long Beach, CA",896,902,903,904,5.068080357142862,13.490022172949004,27.0,93.0,"Fri, Jun 13, 2003","Thu, Jun 26, 2003"
3602,Lihue,Lihue,United States,LIH,PHLI,21.975983,-159.338958,153,-10,N,"Lihue, HI",138,138,138,138,5.442028985507246,8.043478260869572,10.0,22.0,"Sat, Jun  7, 2003","Fri, Jun 13, 2003"
3660,Adams Field,Little Rock,United States,LIT,KLIT,34.729444,-92.224306,262,-6,A,"Little Rock, AR",1314,1316,1326,1326,4.081430745814311,9.836626139817628,31.0,57.0,"Sun, Jun 29, 2003","Fri, Jun 13, 2003"
3543,Lincoln,Lincoln,United States,LNK,KLNK,40.850971,-96.75925,1219,-6,A,"Lincoln, NE",179,177,180,180,4.458100558659213,9.514124293785308,62.0,62.0,"Sat, Jun  7, 2003","Sat, Jun 28, 2003"
3691,Laredo International,Laredo,United States,LRD,KLRD,27.54375,-99.461556,508,-6,A,"Laredo, TX",193,192,196,196,3.430051813471503,9.510416666666673,10.0,76.0,"Thu, Jun 26, 2003","Mon, Jun 23, 2003"
4044,LaCrosse Municipal,LaCrosse,United States,LSE,KLSE,43.878986,-91.256711,654,-6,A,"La Crosse, WI",126,126,128,128,3.1507936507936507,9.142857142857142,10.0,71.0,"Sun, Jun 15, 2003","Wed, Jun 11, 2003"
6958,Greenbrier Valley Airport,Lewisburg,United States,LWB,KLWB,37.858333,-80.399444,2302,-5,U,"Lewisburg, WV",30,30,30,30,4.733333333333334,7.266666666666667,9.0,14.0,"Thu, Jun 26, 2003","Wed, Jun 18, 2003"
5753,Lynchburg Regional-Preston Glenn Field,Lynchburg,United States,LYH,KLYH,37.3267,-79.2004,938,-5,A,"Lynchburg, VA",90,90,90,90,3.477777777777778,6.955555555555556,8.0,16.0,"Thu, Jun  5, 2003","Mon, Jun 30, 2003"
3652,Midland International,Midland,United States,MAF,KMAF,31.942528,-102.201914,2871,-6,A,"Midland/Odessa, TX",647,645,654,652,2.82225656877898,8.190697674418601,13.0,77.0,"Sat, Jun 28, 2003","Mon, Jun 16, 2003"
4128,MBS International,Saginaw,United States,MBS,KMBS,43.532913,-84.079647,668,-5,A,"Saginaw/Bay City/Midland, MI",337,336,345,345,4.148367952522253,11.270833333333337,13.0,138.0,"Wed, Jun  4, 2003","Wed, Jun 18, 2003"
3458,Kansas City International,Kansas City,United States,MCI,KMCI,39.297606,-94.713905,1026,-6,A,"Kansas City, MO",4937,4940,4961,4960,4.5612720275470915,10.531781376518214,47.0,183.0,"Mon, Jun 23, 2003","Thu, Jun 12, 2003"
3754,Middle Georgia Regional,Macon,United States,MCN,KMCN,32.69285,-83.649211,354,-5,A,"Macon, GA",146,145,147,147,3.808219178082192,10.206896551724137,9.0,62.0,"Tue, Jun  3, 2003","Tue, Jun  3, 2003"
3878,Orlando International,Orlando,United States,MCO,KMCO,28.429394,-81.308994,96,-5,A,"Orlando, FL",7599,7612,7617,7624,5.554546650875103,13.038229111928546,145.0,120.0,"Mon, Jun  2, 2003","Thu, Jun 19, 2003"
3542,Harrisburg International,Harrisburg,United States,MDT,KMDT,40.193494,-76.763403,310,-5,A,"Harrisburg, PA",718,714,721,720,4.1671309192200585,11.532212885154056,38.0,70.0,"Thu, Jun  5, 2003","Thu, Jun 12, 2003"
3747,Chicago Midway International,Chicago,United States,MDW,KMDW,41.785972,-87.752417,620,-6,A,"Chicago, IL",7008,7030,7061,7068,5.887842465753427,14.779943100995725,86.0,126.0,"Wed, Jun 18, 2003","Thu, Jun 12, 2003"
4335,Key Field,Meridian,United States,MEI,KMEI,32.332624,-88.751868,297,-6,A,"Meridian, MS",90,92,90,92,3.9,9.48913043478261,11.0,42.0,"Wed, Jun  4, 2003","Fri, Jun 27, 2003"
3473,Memphis International,Memphis,United States,MEM,KMEM,35.042417,-89.976667,341,-6,A,"Memphis, TN",3846,3856,3889,3890,5.236869474778989,14.51841286307054,64.0,89.0,"Sat, Jun 28, 2003","Mon, Jun  2, 2003"
3826,McAllen Miller International,Mcallen,United States,MFE,KMFE,26.175833,-98.238611,107,-6,A,"Mission/McAllen/Edinburg, TX",250,249,252,252,4.284000000000002,9.52208835341365,12.0,30.0,"Wed, Jun 25, 2003","Sat, Jun 14, 2003"
4101,Rogue Valley International Medford,Medford,United States,MFR,KMFR,42.374228,-122.8735,1335,-8,A,"Medford, OR",315,320,322,320,3.3460317460317452,7.071875000000001,16.0,25.0,"Sun, Jun 29, 2003","Tue, Jun  3, 2003"
4115,Montgomery Regional Airport ,MONTGOMERY,United States,MGM,KMGM,32.3006389,-86.3939722,221,-6,A,"Montgomery, AL",299,295,300,300,3.364548494983278,10.108474576271185,14.0,41.0,"Sun, Jun 22, 2003","Tue, Jun 17, 2003"
4011,Manchester Regional Airport,Manchester NH,United States,MHT,KMHT,42.932556,-71.435667,266,-5,A,"Manchester, NH",1585,1584,1586,1587,5.011356466876968,13.131944444444448,19.0,88.0,"Fri, Jun 13, 2003","Sat, Jun 21, 2003"
3576,Miami International,Miami,United States,MIA,KMIA,25.79325,-80.290556,8,-5,A,"Miami, FL",4850,4874,4900,4900,9.29505154639175,19.67665162084537,138.0,120.0,"Mon, Jun  9, 2003","Mon, Jun  9, 2003"
3717,General Mitchell International,Milwaukee,United States,MKE,KMKE,42.947222,-87.896583,723,-6,A,"Milwaukee, WI",1585,1579,1593,1591,4.6858044164038,13.253324889170363,28.0,90.0,"Wed, Jun 11, 2003","Wed, Jun 11, 2003"
3671,Melbourne International,Melbourne,United States,MLB,KMLB,28.102753,-80.645258,33,-5,A,"Melbourne, FL",149,148,150,150,4.080536912751678,10.864864864864867,9.0,24.0,"Sun, Jun  1, 2003","Fri, Jun  6, 2003"
4072,Quad City International,Moline,United States,MLI,KMLI,41.448528,-90.507539,590,-6,A,"Moline, IL",187,186,188,188,3.6791443850267385,13.182795698924728,8.0,78.0,"Thu, Jun  5, 2003","Wed, Jun 11, 2003"
3732,Monroe Regional,Monroe,United States,MLU,KMLU,32.510864,-92.037689,79,-6,A,"Monroe, LA",282,284,286,288,4.397163120567376,7.848591549295776,9.0,46.0,"Thu, Jun  5, 2003","Sun, Jun 29, 2003"
3782,Mobile Regional,Mobile,United States,MOB,KMOB,30.691231,-88.242814,219,-6,A,"Mobile, AL",424,424,434,434,3.9622641509433953,11.65566037735849,9.0,66.0,"Sun, Jun  1, 2003","Thu, Jun 12, 2003"
3816,Modesto City County Harry Sham,Modesto,United States,MOD,KMOD,37.625817,-120.954422,97,-8,A,"Modesto, CA",110,111,119,119,2.28181818181818,7.648648648648647,12.0,22.0,"Sun, Jun 15, 2003","Fri, Jun 27, 2003"
3498,Minot International,Minot,United States,MOT,KMOT,48.259378,-101.280333,1716,-6,A,"Minot, ND",89,90,90,90,5.404494382022472,10.01111111111111,12.0,53.0,"Sun, Jun 29, 2003","Thu, Jun 19, 2003"
6838,Sawyer International Airport,Marquette,United States,MQT,KMQT,46.353611,-87.395278,1221,-5,A,"Marquette, MI",26,26,26,26,3.730769230769231,8.615384615384617,6.0,17.0,"Sun, Jun  8, 2003","Sun, Jun 15, 2003"
3948,Monterey Peninsula,Monterey,United States,MRY,KMRY,36.587,-121.842944,257,-8,A,"Monterey, CA",587,589,589,590,3.120954003407153,9.045840407470296,10.0,30.0,"Fri, Jun 27, 2003","Fri, Jun  6, 2003"
3459,Dane County Regional-Truax Field,Madison,United States,MSN,KMSN,43.139858,-89.337514,887,-6,A,"Madison, WI",616,616,623,622,3.784090909090909,11.436688311688307,14.0,122.0,"Wed, Jun 11, 2003","Wed, Jun 18, 2003"
4216,Missoula International,Missoula,United States,MSO,KMSO,46.916306,-114.090556,3205,-7,A,"Missoula, MT",242,245,245,245,4.739669421487602,9.048979591836739,12.0,60.0,"Sun, Jun  1, 2003","Fri, Jun 20, 2003"
3858,Minneapolis St. Paul International,Minneapolis,United States,MSP,KMSP,44.881956,-93.221767,841,-6,A,"Minneapolis, MN",12082,12112,12194,12210,6.817910941897037,18.838259577278738,59.0,255.0,"Wed, Jun 25, 2003","Wed, Jun 25, 2003"
3861,Louis Armstrong New Orleans International,New Orleans,United States,MSY,KMSY,29.993389,-90.258028,4,-6,A,"New Orleans, LA",4195,4216,4249,4252,3.9868891537544733,11.636385199240983,35.0,169.0,"Mon, Jun  2, 2003","Fri, Jun 13, 2003"
6880,Montrose Regional Airport,Montrose CO,United States,MTJ,KMTJ,38.509794,-107.894242,5759,-7,A,"Montrose/Delta, CO",158,159,159,159,3.4873417721518982,9.459119496855347,18.0,85.0,"Fri, Jun 20, 2003","Thu, Jun 19, 2003"
3515,Myrtle Beach International,Myrtle Beach,United States,MYR,KMYR,33.67975,-78.928333,25,-5,A,"Myrtle Beach, SC",531,530,535,537,4.214689265536718,9.88867924528302,25.0,64.0,"Sun, Jun 15, 2003","Mon, Jun 16, 2003"
3453,Metropolitan Oakland International,Oakland,United States,OAK,KOAK,37.721278,-122.220722,9,-8,A,"Oakland, CA",5549,5546,5574,5570,4.730582086862503,9.717814641182875,42.0,62.0,"Sun, Jun 15, 2003","Thu, Jun 12, 2003"
3456,Kahului,Kahului,United States,OGG,PHOG,20.89865,-156.430458,54,-10,N,"Kahului, HI",426,423,426,423,4.713615023474184,12.009456264775409,23.0,67.0,"Sat, Jun 21, 2003","Tue, Jun  3, 2003"
3863,Will Rogers World,Oklahoma City,United States,OKC,KOKC,35.393089,-97.600733,1295,-6,A,"Oklahoma City, OK",2040,2039,2067,2067,4.129411764705886,9.98871996076511,31.0,95.0,"Thu, Jun 12, 2003","Tue, Jun 10, 2003"
3454,Eppley Airfield,Omaha,United States,OMA,KOMA,41.303167,-95.894069,984,-6,A,"Omaha, NE",1683,1682,1689,1687,3.596553773024362,10.853745541022562,16.0,88.0,"Wed, Jun 25, 2003","Tue, Jun 10, 2003"
3615,Nome,Nome,United States,OME,PAOM,64.512203,-165.445247,37,-9,A,"Nome, AK",81,88,90,90,3.382716049382716,5.170454545454547,18.0,15.0,"Sun, Jun 15, 2003","Fri, Jun 20, 2003"
3734,Ontario International,Ontario,United States,ONT,KONT,34.056,-117.601194,944,-8,A,"Ontario, CA",2954,2948,2975,2973,4.10324983073798,9.21132971506104,14.0,204.0,"Thu, Jun  5, 2003","Thu, Jun 12, 2003"
3830,Chicago O'Hare International,Chicago,United States,ORD,KORD,41.978603,-87.904842,668,-6,A,"Chicago, IL",29894,30001,30195,30198,8.189737070984137,19.79917336088806,78.0,220.0,"Wed, Jun 18, 2003","Thu, Jun 12, 2003"
3611,Norfolk International,Norfolk,United States,ORF,KORF,36.894611,-76.201222,26,-5,A,"Norfolk, VA",1853,1857,1864,1868,4.016729627630869,11.457727517501347,33.0,79.0,"Mon, Jun 23, 2003","Tue, Jun  3, 2003"
3693,Ralph Wien Memorial,Kotzebue,United States,OTZ,PAOT,66.884678,-162.59855,11,-9,A,"Kotzebue, AK",77,79,90,90,3.311688311688312,6.063291139240507,7.0,22.0,"Tue, Jun  3, 2003","Thu, Jun 26, 2003"
6961,Oxnard - Ventura County,Oxnard,United States,OXR,KOXR,34.200833,-119.207222,15,-8,A,"Oxnard/Ventura, CA",146,147,148,148,3.2054794520547945,8.931972789115648,6.0,35.0,"Fri, Jun 13, 2003","Tue, Jun 10, 2003"
3722,Palm Beach International,West Palm Beach,United States,PBI,KPBI,26.683161,-80.095589,19,-5,A,"West Palm Beach/Palm Beach, FL",1812,1820,1822,1824,4.503863134657841,12.456593406593406,42.0,91.0,"Wed, Jun 18, 2003","Sat, Jun 14, 2003"
3720,Portland International,Portland,United States,PDX,KPDX,45.588722,-122.5975,30,-8,A,"Portland, OR",4724,4723,4746,4743,3.422523285351395,10.566377302561975,15.0,53.0,"Sat, Jun 14, 2003","Sun, Jun  8, 2003"
4073,Panama City Bay County International,Panama City,United States,PFN,KPFN,30.212083,-85.682806,20,-6,A,"Panama City, FL",262,262,263,264,3.549618320610687,7.870229007633588,14.0,45.0,"Wed, Jun  4, 2003","Thu, Jun 19, 2003"
3633,Newport News Williamsburg International,Newport News,United States,PHF,KPHF,37.131894,-76.492989,43,-5,A,"Newport News/Williamsburg, VA",312,311,314,315,5.932692307692308,13.324758842443725,15.0,78.0,"Fri, Jun 13, 2003","Tue, Jun  3, 2003"
3752,Philadelphia International,Philadelphia,United States,PHL,KPHL,39.871944,-75.241139,36,-5,A,"Philadelphia, PA",8965,8979,9069,9072,7.443056330172895,22.154917028622343,88.0,231.0,"Fri, Jun 13, 2003","Thu, Jun 12, 2003"
3462,Phoenix Sky Harbor International,Phoenix,United States,PHX,KPHX,33.434278,-112.011583,1135,-7,N,"Phoenix, AZ",13941,13964,14008,14009,6.24761494871242,14.357347464909772,48.0,175.0,"Mon, Jun 16, 2003","Thu, Jun 12, 2003"
4046,Peoria Regional,Peoria,United States,PIA,KPIA,40.664203,-89.693258,660,-6,A,"Peoria, IL",310,309,314,315,3.112903225806453,10.650485436893204,9.0,71.0,"Wed, Jun 18, 2003","Thu, Jun  5, 2003"
3617,St. Petersburg Clearwater International,St. Petersburg,United States,PIE,KPIE,27.910167,-82.687389,10,-5,A,"St. Petersburg, FL",224,224,224,224,4.874999999999996,12.441964285714288,24.0,39.0,"Thu, Jun 19, 2003","Sat, Jun 14, 2003"
5760,Pocatello Regional Airport,Pocatello,United States,PIH,KPIH,42.9098,-112.596,4452,-7,A,"Pocatello, ID",150,150,150,150,3.02,6.606666666666665,10.0,12.0,"Sat, Jun  7, 2003","Tue, Jun 17, 2003"
3570,Pittsburgh International,Pittsburgh (pennsylva),United States,PIT,KPIT,40.491467,-80.232872,1204,-5,A,"Pittsburgh, PA",5437,5445,5470,5472,6.817362516093439,15.563085399449037,78.0,183.0,"Thu, Jun 12, 2003","Thu, Jun 12, 2003"
3564,Pensacola Regional,Pensacola,United States,PNS,KPNS,30.473425,-87.186611,121,-6,A,"Pensacola, FL",545,545,550,550,4.636697247706424,10.917431192660553,29.0,39.0,"Fri, Jun 20, 2003","Fri, Jun 20, 2003"
6133,Tri Cities Airport,Pasco,United States,PSC,PSC,46.2647,-119.119,410,-8,A,"Pasco/Kennewick/Richland, WA",228,228,230,229,4.175438596491227,8.521929824561397,11.0,28.0,"Sat, Jun 28, 2003","Sun, Jun 15, 2003"
4147,Petersburg James A. Johnson,Petersburg,United States,PSG,PAPG,56.801667,-132.945278,105,-9,A,"Petersburg, AK",58,57,60,60,2.6724137931034484,5.1578947368421035,5.0,13.0,"Thu, Jun 26, 2003","Mon, Jun 16, 2003"
3839,Palm Springs International,Palm Springs,United States,PSP,KPSP,33.829667,-116.506694,477,-8,A,"Palm Springs, CA",728,728,731,732,3.813186813186812,9.508241758241764,23.0,33.0,"Sun, Jun 29, 2003","Thu, Jun 26, 2003"
3641,Theodore Francis Green State,Providence,United States,PVD,KPVD,41.732581,-71.420383,55,-5,A,"Providence, RI",2340,2339,2349,2349,4.419658119658114,12.541256947413439,46.0,126.0,"Thu, Jun 19, 2003","Sun, Jun  8, 2003"
3862,Portland International Jetport,Portland,United States,PWM,KPWM,43.646161,-70.309281,77,-5,A,"Portland, ME",867,864,873,871,3.913494809688581,12.504629629629635,27.0,122.0,"Sat, Jun 14, 2003","Thu, Jun 19, 2003"
4087,Rapid City Regional Airport,Rapid City,United States,RAP,KRAP,44.045278,-103.057222,3204,-7,A,"Rapid City, SD",389,393,393,393,4.141388174807192,9.071246819338414,10.0,102.0,"Tue, Jun 17, 2003","Wed, Jun 11, 2003"
4098,Redding Municipal,Redding,United States,RDD,KRDD,40.509,-122.293389,504,-8,A,"Redding, CA",180,180,180,180,3.03888888888889,7.6833333333333345,6.0,65.0,"Fri, Jun  6, 2003","Tue, Jun 10, 2003"
4103,Roberts Field,Redmond-Bend,United States,RDM,KRDM,44.254066,-121.149964,3077,-8,A,"Bend/Redmond, OR",202,201,202,201,3.1237623762376243,7.477611940298507,14.0,29.0,"Fri, Jun 27, 2003","Sat, Jun  7, 2003"
3626,Raleigh Durham International,Raleigh-durham,United States,RDU,KRDU,35.877639,-78.787472,435,-5,A,"Raleigh/Durham, NC",4172,4162,4214,4210,4.654841802492809,13.09442575684767,61.0,137.0,"Mon, Jun 30, 2003","Mon, Jun 16, 2003"
3608,Richmond International,Richmond,United States,RIC,KRIC,37.505167,-77.319667,167,-5,A,"Richmond, VA",1327,1329,1336,1336,4.868877166541074,12.74416854778029,16.0,99.0,"Wed, Jun 25, 2003","Sun, Jun  1, 2003"
3807,Reno Tahoe International,Reno,United States,RNO,KRNO,39.499108,-119.768108,4415,-8,A,"Reno, NV",2277,2271,2279,2275,4.090909090909085,9.197269925143102,20.0,62.0,"Tue, Jun 17, 2003","Wed, Jun 18, 2003"
4016,Roanoke Regional,Roanoke VA,United States,ROA,KROA,37.325472,-79.975417,1175,-5,A,"Roanoke, VA",375,372,381,381,4.301333333333337,10.537634408602159,20.0,60.0,"Fri, Jun 13, 2003","Fri, Jun 13, 2003"
3622,Greater Rochester International,Rochester,United States,ROC,KROC,43.118866,-77.672389,559,-5,A,"Rochester, NY",1273,1265,1284,1284,5.725058915946585,11.901185770750985,24.0,107.0,"Mon, Jun  9, 2003","Sat, Jun 14, 2003"
4048,Rochester,Rochester,United States,RST,KRST,43.908283,-92.500014,1317,-6,A,"Rochester, MN",143,143,146,146,3.909090909090909,9.853146853146852,8.0,74.0,"Sat, Jun 21, 2003","Sat, Jun 28, 2003"
3793,Southwest Florida International,Fort Myers,United States,RSW,KRSW,26.536167,-81.755167,30,-5,A,"Fort Myers, FL",1218,1221,1220,1224,3.971264367816094,13.491400491400485,17.0,87.0,"Mon, Jun 30, 2003","Sat, Jun 14, 2003"
3731,San Diego International,San Diego,United States,SAN,KSAN,32.733556,-117.189667,17,-8,A,"San Diego, CA",6827,6831,6851,6855,3.4302036033396797,13.347679695505791,39.0,121.0,"Thu, Jun  5, 2003","Thu, Jun 26, 2003"
3621,San Antonio International,San Antonio,United States,SAT,KSAT,29.533694,-98.469778,809,-6,A,"San Antonio, TX",3258,3255,3294,3292,3.4720687538367105,10.0669738863287,34.0,108.0,"Thu, Jun  5, 2003","Thu, Jun  5, 2003"
3613,Savannah Hilton Head International,Savannah,United States,SAV,KSAV,32.127583,-81.202139,51,-5,A,"Savannah, GA",733,734,739,741,4.931787175989081,12.352861035422343,18.0,71.0,"Mon, Jun 16, 2003","Fri, Jun 13, 2003"
3949,Santa Barbara Municipal,Santa Barbara,United States,SBA,KSBA,34.426211,-119.840372,10,-8,A,"Santa Barbara, CA",864,864,870,873,3.659722222222223,8.239583333333336,13.0,47.0,"Thu, Jun 19, 2003","Thu, Jun 12, 2003"
4359,South Bend Regional,South Bend,United States,SBN,KSBN,41.708661,-86.31725,799,-5,A,"South Bend, IN",278,276,280,281,3.280575539568346,8.902173913043484,11.0,58.0,"Wed, Jun 25, 2003","Thu, Jun 26, 2003"
5768,San Luis County Regional Airport,San Luis Obispo,United States,SBP,KSBP,35.2368,-120.642,212,-8,A,"San Luis Obispo, CA",442,445,445,445,3.1425339366515836,10.53258426966293,9.0,41.0,"Tue, Jun 17, 2003","Thu, Jun  5, 2003"
3620,Deadhorse,Deadhorse,United States,SCC,PASC,70.19475,-148.465167,64,-9,A,"Deadhorse, AK",33,33,33,33,2.393939393939394,5.121212121212121,5.0,9.0,"Sun, Jun 22, 2003","Mon, Jun 16, 2003"
4318,University Park Airport,State College Pennsylvania,United States,SCE,KUNV,40.849278,-77.848694,1239,-5,A,"State College, PA",119,117,120,120,3.159663865546219,8.88034188034188,6.0,40.0,"Tue, Jun  3, 2003","Wed, Jun  4, 2003"
4014,Louisville International Airport,Louisville,United States,SDF,KSDF,38.1740858,-85.7364989,501,-5,A,"Louisville, KY",1773,1769,1781,1781,4.875916525662726,10.638213680045217,39.0,75.0,"Tue, Jun 10, 2003","Thu, Jun 12, 2003"
3577,Seattle Tacoma International,Seattle,United States,SEA,KSEA,47.449,-122.309306,433,-8,A,"Seattle, WA",9174,9182,9246,9246,6.149444081098764,13.11348290132866,66.0,82.0,"Mon, Jun 16, 2003","Sun, Jun  8, 2003"
3469,San Francisco International,San Francisco,United States,SFO,KSFO,37.618972,-122.374889,13,-8,A,"San Francisco, CA",10091,10119,10183,10190,5.3648795956793265,15.976084593339335,43.0,112.0,"Wed, Jun 11, 2003","Sun, Jun  8, 2003"
4348,Springfield Branson National,Springfield,United States,SGF,KSGF,37.245667,-93.388639,1268,-6,A,"Springfield, MO",348,346,356,356,4.212643678160919,11.387283236994222,14.0,57.0,"Thu, Jun 12, 2003","Sun, Jun 29, 2003"
4064,St. George Municipal,Saint George,United States,SGU,KSGU,37.090583,-113.593056,2941,-7,A,"St. George, UT",265,264,265,265,3.267924528301887,6.984848484848484,10.0,23.0,"Sat, Jun  7, 2003","Mon, Jun 30, 2003"
3609,Shreveport Regional,Shreveport,United States,SHV,KSHV,32.446629,-93.8256,258,-6,A,"Shreveport, LA",688,687,699,699,4.82267441860465,7.922852983988358,34.0,82.0,"Fri, Jun 20, 2003","Wed, Jun  4, 2003"
3856,Sitka Rocky Gutierrez,Sitka,United States,SIT,PASI,57.047138,-135.361611,21,-9,A,"Sitka, AK",141,141,143,143,4.269503546099292,9.333333333333334,12.0,22.0,"Sun, Jun 15, 2003","Sun, Jun  8, 2003"
3748,Norman Y. Mineta San Jose International,San Jose,United States,SJC,KSJC,37.3626,-121.929022,62,-8,A,"San Jose, CA",5171,5176,5213,5218,4.260297814736009,11.70517774343123,48.0,99.0,"Sun, Jun 29, 2003","Wed, Jun 18, 2003"
3708,San Angelo Regional-Mathis Field,San Angelo,United States,SJT,KSJT,31.35775,-100.496306,1919,-6,A,"San Angelo, TX",167,167,167,168,4.095808383233535,10.227544910179642,12.0,35.0,"Thu, Jun 26, 2003","Thu, Jun 12, 2003"
3536,Salt Lake City International,Salt Lake City,United States,SLC,KSLC,40.788389,-111.977772,4227,-7,A,"Salt Lake City, UT",10543,10554,10582,10580,5.105283126244914,14.102615122228572,52.0,69.0,"Wed, Jun 25, 2003","Tue, Jun 24, 2003"
3817,Sacramento International,Sacramento,United States,SMF,KSMF,38.695417,-121.590778,27,-8,A,"Sacramento, CA",3875,3880,3890,3889,4.097806451612921,9.542010309278366,38.0,59.0,"Tue, Jun 17, 2003","Sun, Jun  8, 2003"
5772,Santa Maria Public-Captain G. Allan Hancock Airport,Santa Maria,United States,SMX,KSMX,34.8989,-120.457,261,-8,A,"Santa Maria, CA",175,175,175,175,3.217142857142857,7.565714285714284,8.0,25.0,"Fri, Jun 13, 2003","Wed, Jun  4, 2003"
3867,John Wayne Airport Orange County,Santa Ana,United States,SNA,KSNA,33.675667,-117.868222,56,-8,A,"Santa Ana, CA",3853,3845,3886,3878,6.944977939268104,13.187256176853067,150.0,114.0,"Sat, Jun 14, 2003","Thu, Jun 12, 2003"
3680,Sheppard AFB Wichita Falls Municipal,Wichita Falls,United States,SPS,KSPS,33.988797,-98.491894,1019,-6,A,"Wichita Falls, TX",171,171,172,172,6.426900584795321,11.105263157894742,20.0,27.0,"Mon, Jun 16, 2003","Tue, Jun 10, 2003"
4067,Sarasota Bradenton International,Sarasota,United States,SRQ,KSRQ,27.395444,-82.554389,30,-5,A,"Sarasota/Bradenton, FL",309,308,311,310,4.278317152103564,11.840909090909088,17.0,47.0,"Sun, Jun  8, 2003","Mon, Jun 23, 2003"
3678,Lambert St. Louis International,St. Louis,United States,STL,KSTL,38.748697,-90.370028,618,-6,A,"St. Louis, MO",8963,8991,9058,9043,6.093049202276033,18.82582582582594,62.0,216.0,"Tue, Jun 10, 2003","Thu, Jun 12, 2003"
6494,Friedman Memorial,Hailey,United States,SUN,KSUN,43.504444,-114.296194,5320,-7,A,"Sun Valley/Hailey/Ketchum, ID",303,311,311,313,2.7590759075907596,6.459807073954981,14.0,14.0,"Wed, Jun 25, 2003","Sun, Jun 29, 2003"
3661,Stewart International,Newburgh,United States,SWF,KSWF,41.504094,-74.104839,491,-5,A,"Newburgh/Poughkeepsie, NY",120,120,120,121,4.424999999999997,12.933333333333334,13.0,66.0,"Sun, Jun  8, 2003","Wed, Jun 18, 2003"
3745,Syracuse Hancock International,Syracuse,United States,SYR,KSYR,43.111187,-76.106311,421,-5,A,"Syracuse, NY",1021,1020,1024,1024,4.451518119490682,12.292156862745099,17.0,76.0,"Wed, Jun  4, 2003","Sun, Jun  8, 2003"
3698,Tallahassee Regional,Tallahassee,United States,TLH,KTLH,30.396528,-84.350333,81,-5,A,"Tallahassee, FL",319,320,326,325,6.153605015673982,12.718749999999996,20.0,121.0,"Fri, Jun  6, 2003","Tue, Jun 10, 2003"
4040,Toledo,Toledo,United States,TOL,KTOL,41.586806,-83.807833,684,-5,A,"Toledo, OH",349,346,356,356,2.787965616045846,8.835260115606928,10.0,85.0,"Wed, Jun 11, 2003","Wed, Jun 18, 2003"
3646,Tampa International,Tampa,United States,TPA,KTPA,27.975472,-82.53325,26,-5,A,"Tampa, FL",5377,5375,5401,5399,5.989957225218516,14.031441860465117,140.0,138.0,"Mon, Jun 16, 2003","Mon, Jun  9, 2003"
4116,Tri-Cities Regional Airport,BRISTOL,United States,TRI,KTRI,36.4752222,-82.4074167,1519,-5,A,"Bristol/Johnson City/Kingsport, TN",232,232,240,240,3.4310344827586206,8.465517241379308,11.0,34.0,"Thu, Jun  5, 2003","Sat, Jun 14, 2003"
3855,Tulsa International,Tulsa,United States,TUL,KTUL,36.198389,-95.888111,677,-6,A,"Tulsa, OK",1860,1864,1890,1889,3.7349462365591406,10.212446351931323,27.0,86.0,"Wed, Jun 25, 2003","Wed, Jun 11, 2003"
3636,Tucson International,Tucson,United States,TUS,KTUS,32.116083,-110.941028,2643,-7,N,"Tucson, AZ",1476,1480,1484,1486,4.094173441734414,9.993243243243242,33.0,185.0,"Sat, Jun 21, 2003","Fri, Jun 13, 2003"
4023,Cherry Capital Airport,Traverse City,United States,TVC,KTVC,44.741445,-85.582235,624,-5,A,"Traverse City, MI",246,244,247,245,3.008130081300813,10.643442622950817,16.0,111.0,"Mon, Jun 16, 2003","Wed, Jun 18, 2003"
4263,Magic Valley Regional Airport,Twin Falls,United States,TWF,KTWF,42.481803,-114.487733,4151,-7,A,"Twin Falls, ID",150,150,150,150,3.173333333333333,6.953333333333333,21.0,30.0,"Sun, Jun 29, 2003","Mon, Jun 23, 2003"
3770,Texarkana Regional-Webb Field,Texarkana,United States,TXK,KTXK,33.453722,-93.991028,390,-6,A,"Texarkana, AR",90,90,90,90,4.622222222222221,9.47777777777778,11.0,55.0,"Tue, Jun 10, 2003","Mon, Jun 16, 2003"
3848,Tyler Pounds Regional,Tyler,United States,TYR,KTYR,32.354139,-95.402386,544,-6,A,"Tyler, TX",234,234,236,236,5.136752136752138,9.576923076923077,12.0,60.0,"Fri, Jun 27, 2003","Mon, Jun 16, 2003"
3676,McGhee Tyson,Knoxville,United States,TYS,KTYS,35.810972,-83.994028,981,-5,A,"Knoxville, TN",900,901,908,908,3.8922222222222222,11.554938956714766,61.0,68.0,"Thu, Jun 12, 2003","Sun, Jun 29, 2003"
5775,Victoria Regional Airport,Victoria,United States,VCT,KVCT,28.8526,-96.9185,115,-6,A,"Victoria, TX",49,49,50,50,3.857142857142857,12.551020408163266,5.0,76.0,"Mon, Jun  2, 2003","Sun, Jun 29, 2003"
7121,Visalia Municipal Airport,Visalia,United States,VIS,KVIS,36.318611,-119.392778,295,-8,A,"Visalia, CA",59,59,60,60,3.3559322033898304,6.576271186440678,63.0,15.0,"Mon, Jun 16, 2003","Sat, Jun 28, 2003"
5776,Valdosta Regional Airport,Valdosta,United States,VLD,KVLD,30.7825,-83.2767,203,-5,A,"Valdosta, GA",115,116,119,121,3.617391304347826,7.120689655172414,14.0,27.0,"Fri, Jun 27, 2003","Wed, Jun  4, 2003"
3873,Eglin AFB,Valparaiso,United States,VPS,KVPS,30.48325,-86.5254,87,-6,A,"Valparaiso, FL",374,367,379,375,7.502673796791444,11.591280653950959,18.0,119.0,"Wed, Jun 18, 2003","Wed, Jun 11, 2003"
5969,Wrangell Airport,Wrangell,United States,WRG,PAWG,56.4843,-132.37,44,-9,A,"Wrangell, AK",57,57,60,60,2.649122807017545,4.7017543859649145,6.0,13.0,"Tue, Jun 17, 2003","Thu, Jun 26, 2003"
7072,Yellowstone Airport,West Yellowstone,United States,WYS,KWYS,44.688333,-111.1175,6644,-7,A,"West Yellowstone, MT",56,57,56,57,3.2142857142857144,6.631578947368421,5.0,13.0,"Sat, Jun 14, 2003","Thu, Jun 26, 2003"
4356,NW Arkansas Regional,Bentonville,United States,XNA,KXNA,36.2818694,-94.3068111,1287,-6,A,"Fayetteville, AR",854,853,869,870,4.126463700234195,11.608440797186395,23.0,176.0,"Fri, Jun  6, 2003","Thu, Jun 19, 2003"
6803,Yakutat,Yakutat,United States,YAK,PAYA,59.3012,-139.3937,33,-9,A,"Yakutat, AK",60,60,60,60,2.8833333333333333,4.766666666666666,6.0,10.0,"Sat, Jun 28, 2003","Tue, Jun 17, 2003"
3596,Yuma MCAS Yuma International,Yuma,United States,YUM,KYUM,32.656578,-114.60598,216,-7,N,"Yuma, AZ",90,89,90,90,4.177777777777778,7.999999999999999,9.0,19.0,"Tue, Jun 17, 2003","Wed, Jun 25, 2003"
2883,Cyril E. King,St. Thomas,Virgin Islands,STT,TIST,18.337306,-64.973361,23,-4,U,"Charlotte Amalie, VI",226,227,228,228,4.451327433628319,11.224669603524227,26.0,32.0,"Mon, Jun 23, 2003","Wed, Jun 18, 2003"
2884,Henry E. Rohlsen,St. Croix Island,Virgin Islands,STX,TISX,17.701889,-64.798556,74,-4,U,"Christiansted, VI",60,60,60,60,3.2333333333333334,11.366666666666667,7.0,22.0,"Sun, Jun  8, 2003","Mon, Jun 23, 2003"
2885,Rafael Hernndez,Aguadilla,Puerto Rico,BQN,TJBQ,18.494861,-67.129444,237,-4,U,"Aguadilla, PR",30,30,30,30,4.866666666666666,14.833333333333334,7.0,30.0,"Mon, Jun 23, 2003","Sat, Jun 14, 2003"
2890,Luis Muoz Marn International,San Juan,Puerto Rico,SJU,TJSJ,18.439417,-66.001833,9,-4,U,"San Juan, PR",1872,1873,1875,1875,5.218482905982906,14.73998932194341,54.0,55.0,"Sun, Jun 22, 2003","Sat, Jun 28, 2003"
