airport_id,name,city,country,iata_faa,iaco,latitude,longitude,altitude,zone,dst,city_state,avg_able_landings,avg_able_takeoffs,total_landings,total_takeoffs,avg_taxi_in,avg_taxi_out,longest_taxi_in,longest_taxi_out,lng_tx_in_date,lng_tx_out_date
4355,Lehigh Valley International,Allentown,United States,ABE,KABE,40.652083,-75.440806,393,-5,A,"Allentown/Bethlehem/Easton, PA",341,341,344,345,3.8152492668621703,11.360703812316707,14.0,101.0,"Mon, May 19, 2003","Tue, May 27, 2003"
3718,Abilene Regional,Abilene,United States,ABI,KABI,32.411319,-99.681897,1791,-6,A,"Abilene, TX",198,198,200,200,3.7777777777777777,7.803030303030303,11.0,23.0,"Thu, May  8, 2003","Thu, May 22, 2003"
4019,Albuquerque International Sunport,Albuquerque,United States,ABQ,KABQ,35.0402222,-106.6091944,5355,-7,A,"Albuquerque, NM",3130,3134,3146,3149,4.162300319488814,9.57338864071475,24.0,116.0,"Sat, May 31, 2003","Thu, May  1, 2003"
5715,Southwest Georgia Regional Airport,Albany,United States,ABY,KABY,31.5355,-84.1945,197,-5,A,"Albany, GA",118,117,120,120,4.144067796610171,8.58974358974359,12.0,24.0,"Sat, May 10, 2003","Wed, May 21, 2003"
3700,Waco Regional,Waco,United States,ACT,KACT,31.611289,-97.230519,516,-6,A,"Waco, TX",175,175,175,175,4.594285714285713,10.06285714285715,10.0,29.0,"Thu, May  1, 2003","Mon, May 12, 2003"
4384,Arcata,Arcata CA,United States,ACV,KACV,40.978111,-124.108611,221,-8,A,"Arcata/Eureka, CA",329,329,330,331,3.2340425531914887,6.4407294832826745,21.0,30.0,"Wed, May 21, 2003","Sat, May 24, 2003"
3524,Atlantic City International,Atlantic City,United States,ACY,KACY,39.457583,-74.577167,75,-5,A,"Atlantic City, NJ",12,12,12,12,3.0,7.666666666666667,5.0,13.0,"Sat, May  3, 2003","Sat, May 31, 2003"
5959,Adak Airport,Adak Island,United States,ADK,PADK,51.878,-176.646,18,-10,A,"Adak Island, AK",7,7,8,8,4.142857142857143,6.428571428571429,6.0,8.0,"Sun, May  4, 2003","Tue, May 20, 2003"
3531,Kodiak,Kodiak,United States,ADQ,PADQ,57.749967,-152.493856,78,-9,A,"Kodiak, AK",61,61,62,62,2.6721311475409846,5.098360655737705,5.0,24.0,"Thu, May  8, 2003","Sat, May 31, 2003"
3852,Alexandria International,Alexandria,United States,AEX,KAEX,31.3274,-92.549833,89,-6,A,"Alexandria, LA",266,266,268,270,3.7969924812030076,7.2443609022556394,10.0,41.0,"Tue, May  6, 2003","Sat, May 17, 2003"
3658,Augusta Regional At Bush Field,Bush Field,United States,AGS,KAGS,33.369944,-81.9645,144,-5,A,"Augusta, GA",379,378,388,388,3.6358839050131926,10.52645502645502,16.0,62.0,"Fri, May  2, 2003","Wed, May 28, 2003"
3794,King Salmon,King Salmon,United States,AKN,PAKN,58.676778,-156.649278,68,-9,A,"King Salmon, AK",38,38,39,39,3.6052631578947367,4.7631578947368425,8.0,8.0,"Thu, May 29, 2003","Wed, May 14, 2003"
3864,Albany International,Albany,United States,ALB,KALB,42.748267,-73.801692,285,-5,A,"Albany, NY",1414,1410,1419,1424,3.615983026874117,11.705673758865228,13.0,134.0,"Sat, May 31, 2003","Sun, May 11, 2003"
3840,Rick Husband Amarillo International,Amarillo,United States,AMA,KAMA,35.219369,-101.705931,3607,-6,A,"Amarillo, TX",689,688,694,693,3.754716981132074,7.9084302325581355,17.0,46.0,"Sat, May 24, 2003","Thu, May  1, 2003"
3774,Ted Stevens Anchorage International,Anchorage,United States,ANC,PANC,61.174361,-149.996361,152,-9,A,"Anchorage, AK",1657,1663,1705,1705,4.577549788774892,11.342754058929645,19.0,41.0,"Sat, May 31, 2003","Mon, May  5, 2003"
3682,Hartsfield Jackson Atlanta International,Atlanta,United States,ATL,KATL,33.636719,-84.428067,1026,-5,A,"Atlanta, GA",29953,30093,30478,30461,8.637498748038588,20.11381384375104,63.0,211.0,"Fri, May 30, 2003","Fri, May  2, 2003"
4047,Appleton,Appleton,United States,ATW,KATW,44.257526,-88.507576,680,-6,A,"Appleton, WI",122,119,123,123,2.901639344262295,9.857142857142854,9.0,54.0,"Sun, May  4, 2003","Sat, May 10, 2003"
3673,Austin Bergstrom International,Austin,United States,AUS,KAUS,30.194528,-97.669889,542,-6,A,"Austin, TX",3502,3496,3528,3529,4.5968018275271145,10.403890160183066,50.0,104.0,"Mon, May 12, 2003","Sun, May 11, 2003"
4007,Asheville Regional Airport,Asheville,United States,AVL,KAVL,35.436194,-82.541806,2165,-5,A,"Asheville, NC",281,281,299,298,2.9750889679715304,9.846975088967971,10.0,106.0,"Sun, May 25, 2003","Fri, May  9, 2003"
4286,Wilkes Barre Scranton International,Scranton,United States,AVP,KAVP,41.338478,-75.723403,962,-5,A,"Scranton/Wilkes-Barre, PA",63,63,66,66,3.5555555555555554,11.063492063492063,10.0,39.0,"Wed, May 21, 2003","Mon, May 12, 2003"
4039,Kalamazoo,Kalamazoo,United States,AZO,KAZO,42.234875,-85.552058,874,-5,A,"Kalamazoo, MI",236,235,243,243,2.665254237288134,10.327659574468084,12.0,117.0,"Mon, May  5, 2003","Wed, May 28, 2003"
3825,Bradley International,Windsor Locks,United States,BDL,KBDL,41.938889,-72.683222,173,-5,A,"Hartford, CT",2767,2766,2778,2781,5.18720636067944,12.99421547360809,43.0,128.0,"Sun, May 11, 2003","Sun, May 11, 2003"
3599,Bethel,Bethel,United States,BET,PABE,60.779778,-161.838,121,-9,A,"Bethel, AK",97,97,98,98,2.7628865979381443,5.443298969072165,5.0,15.0,"Wed, May 21, 2003","Fri, May  9, 2003"
3558,Meadows Field,Bakersfield,United States,BFL,KBFL,35.433598,-119.05677,507,-8,A,"Bakersfield, CA",220,220,221,221,3.868181818181818,6.709090909090909,7.0,19.0,"Mon, May  5, 2003","Wed, May  7, 2003"
4129,Greater Binghamton-Edwin A. Link Field,Binghamton,United States,BGM,KBGM,42.208689,-75.979839,1636,-5,A,"Binghamton, NY",93,91,93,93,3.0215053763440856,6.791208791208791,6.0,27.0,"Wed, May 14, 2003","Mon, May 26, 2003"
3463,Bangor International,Bangor,United States,BGR,KBGR,44.807444,-68.828139,192,-5,A,"Bangor, ME",306,305,310,309,4.026143790849673,8.491803278688524,14.0,32.0,"Mon, May 12, 2003","Thu, May 29, 2003"
3811,Birmingham International,Birmingham,United States,BHM,KBHM,33.562942,-86.75355,644,-6,A,"Birmingham, AL",1507,1512,1520,1522,3.76708692767088,10.039682539682534,40.0,108.0,"Fri, May 30, 2003","Tue, May  6, 2003"
4021,Billings Logan International Airport,Billings,United States,BIL,KBIL,45.80921,-108.537654,3652,-7,A,"Billings, MT",368,370,371,371,3.760869565217391,9.302702702702708,10.0,36.0,"Fri, May 30, 2003","Wed, May 21, 2003"
4083,Bismarck Municipal Airport,Bismarck,United States,BIS,KBIS,46.775842,-100.757931,1661,-6,A,"Bismarck/Mandan, ND",145,145,145,145,3.9448275862068964,8.537931034482765,7.0,58.0,"Sat, May  3, 2003","Sat, May 24, 2003"
4037,Central Illinois Regional,Bloomington,United States,BMI,KBMI,40.477111,-88.915917,871,-6,A,"Bloomington/Normal, IL",157,156,158,159,4.496815286624205,14.56410256410256,13.0,68.0,"Fri, May 30, 2003","Mon, May 12, 2003"
3690,Nashville International,Nashville,United States,BNA,KBNA,36.124472,-86.678194,599,-6,A,"Nashville, TN",4632,4637,4666,4665,5.013169257340244,10.12508087125295,58.0,80.0,"Thu, May 15, 2003","Thu, May 15, 2003"
3495,Boise Air Terminal,Boise,United States,BOI,KBOI,43.564361,-116.222861,2871,-7,A,"Boise, ID",1157,1151,1158,1158,3.5427830596369905,8.689834926151173,25.0,37.0,"Fri, May  2, 2003","Thu, May 29, 2003"
3448,General Edward Lawrence Logan International,Boston,United States,BOS,KBOS,42.364347,-71.005181,19,-5,A,"Boston, MA",9173,9183,9263,9259,7.1256949743813385,15.619296526189707,70.0,138.0,"Wed, May 28, 2003","Fri, May  9, 2003"
3612,Southeast Texas Regional,Beaumont,United States,BPT,KBPT,29.950833,-94.020694,15,-6,A,"Beaumont/Port Arthur, TX",137,138,137,138,3.5547445255474455,7.463768115942029,7.0,39.0,"Mon, May 12, 2003","Tue, May 13, 2003"
5725,Brunswick Golden Isles Airport,Brunswick,United States,BQK,KBQK,31.2588,-81.4665,26,-5,A,"Brunswick, GA",120,120,123,123,3.825,7.691666666666666,9.0,14.0,"Wed, May  7, 2003","Sat, May 17, 2003"
3738,Brownsville South Padre Island International,Brownsville,United States,BRO,KBRO,25.906833,-97.425861,22,-6,A,"Brownsville, TX",151,151,151,151,4.827814569536422,8.218543046357619,16.0,34.0,"Mon, May  5, 2003","Tue, May 27, 2003"
3571,Wiley Post Will Rogers Memorial,Barrow,United States,BRW,PABR,71.285446,-156.766003,44,-9,A,"Barrow, AK",60,60,62,62,3.35,4.4,8.0,15.0,"Fri, May 16, 2003","Wed, May 14, 2003"
4022,Bert Mooney Airport,Butte,United States,BTM,KBTM,45.954806,-112.497472,5550,-7,A,"Butte, MT",93,93,93,93,4.408602150537632,9.09677419354839,8.0,20.0,"Fri, May 23, 2003","Sun, May 11, 2003"
3846,Baton Rouge Metro-Ryan Field,Baton Rouge,United States,BTR,KBTR,30.533167,-91.149639,70,-6,A,"Baton Rouge, LA",623,622,625,626,4.133226324237556,10.260450160771706,22.0,81.0,"Sun, May 18, 2003","Sun, May 18, 2003"
3711,Burlington International,Burlington,United States,BTV,KBTV,44.471861,-73.153278,335,-5,A,"Burlington, VT",512,511,515,514,3.335937499999999,10.786692759295489,13.0,65.0,"Sat, May 31, 2003","Wed, May 28, 2003"
3820,Buffalo Niagara International,Buffalo,United States,BUF,KBUF,42.940525,-78.732167,724,-5,A,"Buffalo, NY",1874,1870,1881,1881,3.5944503735325513,11.685026737967915,20.0,90.0,"Sat, May 10, 2003","Wed, May  7, 2003"
3644,Bob Hope,Burbank,United States,BUR,KBUR,34.200667,-118.358667,778,-8,A,"Burbank, CA",2274,2275,2287,2288,2.470976253298152,10.269890109890115,16.0,44.0,"Fri, May 30, 2003","Fri, May 30, 2003"
3849,Baltimore Washington International,Baltimore,United States,BWI,KBWI,39.175361,-76.668333,146,-5,A,"Baltimore, MD",8205,8208,8239,8238,4.412675198049977,13.07309941520468,58.0,113.0,"Thu, May 29, 2003","Sat, May 31, 2003"
4020,Gallatin Field,Bozeman,United States,BZN,KBZN,45.777643,-111.160151,4500,-7,A,"Bozeman, MT",186,187,186,187,4.489247311827953,11.07486631016043,10.0,35.0,"Fri, May  2, 2003","Sun, May 18, 2003"
3561,Columbia Metropolitan,Colombia,United States,CAE,KCAE,33.938833,-81.119528,236,-5,A,"Columbia, SC",760,752,777,776,3.9447368421052635,11.44281914893615,25.0,137.0,"Mon, May  5, 2003","Wed, May  7, 2003"
4112,Akron Canton Regional Airport,Akron,United States,CAK,KCAK,40.9160833,-81.4421944,1228,-5,A,"Akron, OH",365,365,367,367,4.528767123287669,12.613698630136989,15.0,60.0,"Sat, May 17, 2003","Sun, May 11, 2003"
3824,Cedar City Regional,Cedar City,United States,CDC,KCDC,37.700967,-113.098847,5622,-7,A,"Cedar City, UT",52,53,52,53,3.3461538461538463,7.037735849056604,5.0,12.0,"Thu, May  1, 2003","Tue, May  6, 2003"
3610,Merle K. Mudhole Smith,Cordova,United States,CDV,PACV,60.491778,-145.477556,48,-9,A,"Cordova, AK",62,62,62,62,3.983870967741937,7.629032258064516,6.0,24.0,"Sat, May 17, 2003","Fri, May 16, 2003"
5727,Del Norte County Airport,Crescent City,United States,CEC,KCEC,41.7802,-124.237,57,-8,A,"Crescent City, CA",88,89,88,90,2.624999999999999,7.719101123595506,5.0,29.0,"Fri, May  9, 2003","Wed, May 21, 2003"
3578,Lovell Field,Chattanooga,United States,CHA,KCHA,35.035278,-85.203808,683,-5,A,"Chattanooga, TN",293,290,302,302,3.8293515358361776,9.87931034482758,12.0,87.0,"Wed, May 21, 2003","Mon, May 12, 2003"
4015,Charlottesville-Albemarle,Charlottesville VA,United States,CHO,KCHO,38.138639,-78.452861,639,-5,A,"Charlottesville, VA",210,207,217,217,3.219047619047619,7.0144927536231885,15.0,27.0,"Tue, May  6, 2003","Sun, May 25, 2003"
3806,Charleston AFB International,Charleston,United States,CHS,KCHS,32.898647,-80.040528,45,-5,A,"Charleston, SC",801,804,817,816,5.3595505617977555,12.56467661691542,16.0,102.0,"Mon, May 26, 2003","Tue, May  6, 2003"
3710,Chico Municipal,Chico,United States,CIC,KCIC,39.795383,-121.858422,238,-8,A,"Chico, CA",90,90,93,93,2.933333333333333,7.211111111111111,9.0,19.0,"Wed, May 21, 2003","Sat, May 31, 2003"
4043,Cedar Rapids,Cedar Rapids,United States,CID,KCID,41.884694,-91.710806,869,-6,A,"Cedar Rapids/Iowa City, IA",380,376,386,386,4.0263157894736805,10.707446808510642,30.0,143.0,"Tue, May  6, 2003","Sun, May 11, 2003"
4088,McClellan-Palomar Airport,Carlsbad,United States,CLD,KCRQ,33.0742,-117.1648,328,-8,A,"Carlsbad, CA",178,178,183,182,3.106741573033706,7.831460674157303,18.0,82.0,"Thu, May  8, 2003","Wed, May 28, 2003"
3486,Cleveland Hopkins International,Cleveland,United States,CLE,KCLE,41.411689,-81.849794,791,-5,A,"Cleveland, OH",7471,7487,7524,7535,5.290857984205591,15.888072659276164,90.0,126.0,"Fri, May 30, 2003","Thu, May  1, 2003"
3715,Easterwood Field,College Station,United States,CLL,KCLL,30.588583,-96.363833,321,-6,A,"College Station/Bryan, TX",255,256,256,256,5.086274509803921,9.972656249999996,16.0,44.0,"Wed, May 14, 2003","Tue, May 13, 2003"
3876,Charlotte Douglas International,Charlotte,United States,CLT,KCLT,35.214,-80.943139,748,-5,A,"Charlotte, NC",8711,8734,8776,8779,5.131443003099534,18.131783833295216,124.0,165.0,"Sat, May 31, 2003","Fri, May  9, 2003"
3759,Port Columbus International,Columbus,United States,CMH,KCMH,39.997972,-82.891889,815,-5,A,"Columbus, OH",2798,2789,2819,2822,4.289849892780561,12.306561491574067,37.0,147.0,"Wed, May  7, 2003","Mon, May 26, 2003"
4049,Champaign,Champaign,United States,CMI,KCMI,40.03925,-88.278056,754,-6,A,"Champaign/Urbana, IL",145,144,148,148,3.586206896551724,13.069444444444446,8.0,192.0,"Fri, May  2, 2003","Sun, May 11, 2003"
4344,Yellowstone Regional,Cody,United States,COD,KCOD,44.520194,-109.023806,5102,-7,A,"Cody, WY",61,61,61,61,3.377049180327869,7.967213114754094,7.0,20.0,"Thu, May  8, 2003","Thu, May  8, 2003"
3819,City Of Colorado Springs Municipal,Colorado Springs,United States,COS,KCOS,38.805805,-104.700778,6187,-7,A,"Colorado Springs, CO",971,974,973,974,6.2574665293511815,12.746406570841891,20.0,93.0,"Tue, May  6, 2003","Fri, May 30, 2003"
3872,Natrona County International,Casper,United States,CPR,KCPR,42.908,-106.464417,5347,-7,A,"Casper, WY",118,118,119,119,3.5,6.822033898305085,7.0,19.0,"Mon, May  5, 2003","Fri, May 16, 2003"
3744,Corpus Christi International,Corpus Christi,United States,CRP,KCRP,27.770361,-97.501222,44,-6,A,"Corpus Christi, TX",596,594,601,602,3.744966442953017,8.981481481481469,11.0,49.0,"Sun, May  4, 2003","Tue, May 20, 2003"
4285,Yeager,Charleston,United States,CRW,KCRW,38.373147,-81.593189,981,-5,A,"Charleston/Dunbar, WV",433,431,453,453,3.0323325635103915,9.095127610208824,72.0,63.0,"Tue, May 20, 2003","Wed, May  7, 2003"
4255,Columbus Metropolitan Airport,Columbus,United States,CSG,KCSG,32.5163333,-84.9388611,397,-5,A,"Columbus, GA",172,174,183,183,3.302325581395349,8.120689655172416,7.0,25.0,"Sun, May 18, 2003","Mon, May 19, 2003"
3488,Cincinnati Northern Kentucky International,Cincinnati,United States,CVG,KCVG,39.048836,-84.667822,896,-5,A,"Cincinnati, OH",7013,7056,7188,7180,6.1070868387280735,16.93466553287977,36.0,92.0,"Sat, May 10, 2003","Fri, May 16, 2003"
3950,Daytona Beach International,Daytona Beach,United States,DAB,KDAB,29.179917,-81.058056,34,-5,A,"Daytona Beach, FL",209,208,209,208,3.8803827751196174,13.03846153846154,16.0,67.0,"Sat, May  3, 2003","Sun, May 11, 2003"
3502,Dallas Love Field,Dallas,United States,DAL,KDAL,32.847111,-96.851778,487,-6,A,"Dallas, TX",3719,3739,3845,3848,2.9212153804786234,8.090398502273395,15.0,70.0,"Thu, May 22, 2003","Thu, May  1, 2003"
3627,James M. Cox Dayton International,Dayton,United States,DAY,KDAY,39.902375,-84.219375,1009,-5,A,"Dayton, OH",1068,1068,1083,1082,4.67041198501873,13.82771535580524,21.0,146.0,"Sun, May 11, 2003","Sun, May 18, 2003"
4388,Dubuque Regional,Dubuque IA,United States,DBQ,KDBQ,42.402,-90.709472,1076,-6,A,"Dubuque, IA",88,87,91,91,3.6931818181818183,11.034482758620689,15.0,83.0,"Fri, May  9, 2003","Wed, May  7, 2003"
3520,Ronald Reagan Washington National,Washington,United States,DCA,KDCA,38.852083,-77.037722,15,-5,A,"Washington, DC",6353,6365,6410,6415,4.554698567605863,14.72301649646504,65.0,161.0,"Fri, May  9, 2003","Sun, May 11, 2003"
3751,Denver International,Denver,United States,DEN,KDEN,39.861656,-104.673178,5431,-7,A,"Denver, CO",10983,10987,11035,11029,7.100701083492674,14.290889232729587,105.0,178.0,"Sat, May 10, 2003","Sat, May 10, 2003"
3670,Dallas Fort Worth International,Dallas-fort Worth,United States,DFW,KDFW,32.896828,-97.037997,607,-6,A,"Dallas/Fort Worth, TX",27602,27698,27889,27864,10.502970799217508,17.054191638385564,146.0,205.0,"Thu, May  1, 2003","Tue, May  6, 2003"
3739,Dothan Regional,Dothan,United States,DHN,KDHN,31.321339,-85.449628,401,-6,A,"Dothan, AL",149,149,155,155,3.61744966442953,8.570469798657712,10.0,30.0,"Sun, May 11, 2003","Thu, May 22, 2003"
3460,Dillingham,Dillingham,United States,DLG,PADL,59.044667,-158.5055,74,-9,A,"Dillingham, AK",30,30,31,31,2.466666666666667,5.433333333333334,4.0,9.0,"Fri, May  2, 2003","Thu, May 15, 2003"
3598,Duluth International,Duluth,United States,DLH,KDLH,46.842091,-92.193649,1428,-6,A,"Duluth, MN",109,111,112,113,3.8073394495412844,10.01801801801802,9.0,25.0,"Tue, May 27, 2003","Fri, May 16, 2003"
3713,Durango La Plata County,Durango,United States,DRO,KDRO,37.151516,-107.75377,6685,-7,A,"Durango, CO",114,115,117,117,3.6842105263157894,8.660869565217393,23.0,34.0,"Wed, May 28, 2003","Thu, May 15, 2003"
3729,Des Moines International,Des Moines,United States,DSM,KDSM,41.533972,-93.663083,958,-6,A,"Des Moines, IA",832,831,842,841,4.454326923076918,11.773766546329728,23.0,159.0,"Sun, May 18, 2003","Fri, May 30, 2003"
3645,Detroit Metro Wayne County,Detroit,United States,DTW,KDTW,42.212444,-83.353389,645,-5,A,"Detroit, MI",11626,11642,11705,11708,8.613280578014704,16.080140869266558,56.0,119.0,"Sun, May 18, 2003","Tue, May  6, 2003"
3860,Unalaska,Unalaska,United States,DUT,PADU,53.900139,-166.5435,22,-9,A,"Unalaska, AK",46,46,54,54,2.000000000000001,3.6739130434782608,4.0,8.0,"Mon, May 19, 2003","Wed, May 28, 2003"
3572,Ellington Field,Houston,United States,EFD,KEFD,29.607333,-95.15875,32,-6,A,"Houston, TX",131,132,131,132,3.045801526717557,8.037878787878782,7.0,26.0,"Mon, May 12, 2003","Mon, May 19, 2003"
5736,Elko Regional Airport,Elko,United States,EKO,KEKO,40.8249,-115.792,5140,-8,A,"Elko, NV",205,205,205,205,3.5609756097560976,6.404878048780488,10.0,15.0,"Wed, May 21, 2003","Wed, May  7, 2003"
3559,El Paso International,El Paso,United States,ELP,KELP,31.80725,-106.377583,3958,-7,A,"El Paso, TX",1649,1647,1664,1663,3.120072771376593,9.161505768063131,21.0,69.0,"Fri, May 16, 2003","Thu, May  1, 2003"
4099,Mahlon Sweet Field,Eugene,United States,EUG,KEUG,44.124583,-123.211972,374,-8,A,"Eugene, OR",320,319,323,322,3.406249999999999,7.658307210031348,9.0,30.0,"Sat, May 17, 2003","Tue, May  6, 2003"
4018,Evansville Regional,Evansville,United States,EVV,KEVV,38.036997,-87.532364,418,-6,A,"Evansville, IN",319,320,330,330,3.523510971786834,10.796874999999998,9.0,91.0,"Sat, May 31, 2003","Mon, May 26, 2003"
3494,Newark Liberty International,Newark,United States,EWR,KEWR,40.6925,-74.168667,18,-5,A,"Newark, NJ",12421,12468,12527,12536,8.429353514209872,25.015559833172894,100.0,226.0,"Fri, May  9, 2003","Thu, May  1, 2003"
3875,Key West International,Key West,United States,EYW,KEYW,24.556111,-81.759556,3,-5,A,"Key West, FL",61,61,62,62,3.639344262295082,11.229508196721312,15.0,33.0,"Wed, May 28, 2003","Wed, May 28, 2003"
3832,Fairbanks International,Fairbanks,United States,FAI,PAFA,64.815114,-147.856267,434,-9,A,"Fairbanks, AK",437,435,447,446,3.347826086956522,7.714942528735635,20.0,22.0,"Thu, May 22, 2003","Tue, May 20, 2003"
4292,Hector International Airport,Fargo,United States,FAR,KFAR,46.92065,-96.8157639,902,-6,A,"Fargo, ND",319,320,326,329,4.5736677115987465,9.365624999999998,10.0,53.0,"Sat, May 31, 2003","Sun, May  4, 2003"
3687,Fresno Yosemite International,Fresno,United States,FAT,KFAT,36.776194,-119.71814,336,-8,A,"Fresno, CA",1102,1103,1110,1111,3.777676950998185,7.8748866727107885,64.0,55.0,"Wed, May 28, 2003","Mon, May 26, 2003"
5738,Fayetteville Regional-Grannis Field,Fayetteville,United States,FAY,KFAY,34.9912,-78.8803,189,-5,A,"Fayetteville, NC",145,145,150,151,3.8758620689655174,8.282758620689652,10.0,20.0,"Fri, May 16, 2003","Sun, May  4, 2003"
4127,Glacier Park International,Kalispell,United States,FCA,KFCA,48.310472,-114.256,2977,-7,A,"Kalispell, MT",155,155,155,155,4.09677419354839,8.438709677419352,6.0,19.0,"Thu, May 15, 2003","Sat, May 17, 2003"
3533,Fort Lauderdale Hollywood International,Fort Lauderdale,United States,FLL,KFLL,26.072583,-80.15275,9,-5,A,"Fort Lauderdale, FL",4860,4913,4941,4942,4.641152263374495,16.25544473844896,123.0,126.0,"Sat, May 31, 2003","Tue, May  6, 2003"
3879,Florence Regional,Florence,United States,FLO,KFLO,34.185361,-79.723889,146,-5,A,"Florence, SC",85,85,87,87,5.858823529411762,8.752941176470587,86.0,34.0,"Fri, May  2, 2003","Thu, May 22, 2003"
4089,Bishop International,Flint,United States,FNT,KFNT,42.965424,-83.743629,782,-5,A,"Flint, MI",268,268,269,270,4.276119402985073,11.451492537313433,13.0,102.0,"Mon, May 26, 2003","Tue, May  6, 2003"
4009,Sioux Falls,Sioux Falls,United States,FSD,KFSD,43.582014,-96.741914,1429,-6,A,"Sioux Falls, SD",256,256,264,264,4.281249999999999,10.136718749999996,15.0,52.0,"Sat, May 10, 2003","Mon, May 19, 2003"
3437,Fort Smith Regional,Fort Smith,United States,FSM,KFSM,35.336583,-94.367444,469,-6,A,"Fort Smith, AR",205,205,206,206,4.878048780487806,10.658536585365859,12.0,31.0,"Fri, May  9, 2003","Fri, May  2, 2003"
4041,Fort Wayne,Fort Wayne,United States,FWA,KFWA,40.978472,-85.195139,815,-5,A,"Fort Wayne, IN",426,422,440,439,3.115023474178404,10.341232227488144,13.0,85.0,"Sun, May 11, 2003","Wed, May 14, 2003"
3467,Spokane International,Spokane,United States,GEG,KGEG,47.619861,-117.533833,2376,-8,A,"Spokane, WA",1207,1206,1216,1216,3.781275890637949,8.432835820895539,12.0,29.0,"Mon, May 12, 2003","Thu, May  8, 2003"
3442,Grand Forks International,Grand Forks,United States,GFK,KGFK,47.949256,-97.176111,845,-6,A,"Grand Forks, ND",55,57,55,57,4.345454545454544,7.631578947368421,7.0,19.0,"Thu, May 22, 2003","Sat, May 10, 2003"
3465,East Texas Regional,Longview,United States,GGG,KGGG,32.384014,-94.711486,365,-6,A,"Longview, TX",118,117,118,118,4.466101694915251,8.470085470085474,11.0,23.0,"Mon, May 19, 2003","Sat, May 17, 2003"
4063,Grand Junction Regional,Grand Junction,United States,GJT,KGJT,39.122413,-108.526735,4858,-7,A,"Grand Junction, CO",318,320,322,323,3.2327044025157226,7.334375,13.0,20.0,"Wed, May  7, 2003","Fri, May 16, 2003"
3472,Gainesville Regional,Gainesville,United States,GNV,KGNV,29.690056,-82.271778,152,-5,A,"Gainesville, FL",202,203,207,208,2.9999999999999996,7.246305418719212,10.0,22.0,"Sun, May  4, 2003","Mon, May 19, 2003"
4038,Gulfport-Biloxi,Gulfport,United States,GPT,KGPT,30.407278,-89.070111,28,-6,A,"Gulfport/Biloxi, MS",450,449,452,451,4.506666666666661,10.654788418708238,26.0,70.0,"Mon, May 19, 2003","Tue, May 13, 2003"
3653,Austin Straubel International,Green Bay,United States,GRB,KGRB,44.485072,-88.129589,695,-6,A,"Green Bay, WI",371,369,379,377,3.606469002695418,10.97018970189703,13.0,122.0,"Sun, May 18, 2003","Sun, May 11, 2003"
3685,Gerald R. Ford International,Grand Rapids,United States,GRR,KGRR,42.880833,-85.522806,794,-5,A,"Grand Rapids, MI",1001,1000,1012,1012,3.814185814185814,10.842,16.0,106.0,"Mon, May 19, 2003","Sat, May 10, 2003"
4008,Piedmont Triad,Greensboro,United States,GSO,KGSO,36.09775,-79.937306,925,-5,A,"Greensboro/High Point, NC",1136,1135,1148,1149,4.110035211267609,14.394713656387662,17.0,140.0,"Thu, May 15, 2003","Fri, May  2, 2003"
4034,Greenville-Spartanburg International,Greenville,United States,GSP,KGSP,34.895556,-82.218889,964,-5,A,"Greer, SC",970,965,988,989,3.581443298969072,12.88497409326425,26.0,87.0,"Thu, May  8, 2003","Thu, May  1, 2003"
3880,Great Falls International,Great Falls,United States,GTF,KGTF,47.482,-111.370689,3677,-7,A,"Great Falls, MT",247,246,248,248,3.805668016194332,8.430894308943094,8.0,43.0,"Tue, May 27, 2003","Sun, May 18, 2003"
4273,Golden Triangle Regional Airport,Columbus Mississippi,United States,GTR,KGTR,33.450333,-88.591361,264,-6,A,"Columbus, MS",132,132,136,136,3.522727272727273,9.02272727272727,7.0,58.0,"Tue, May  6, 2003","Thu, May 15, 2003"
3504,Helena Regional,Helena,United States,HLN,KHLN,46.606806,-111.98275,3877,-7,A,"Helena, MT",91,90,92,91,2.901098901098901,9.055555555555559,7.0,65.0,"Mon, May 26, 2003","Wed, May  7, 2003"
3728,Honolulu International,Honolulu,United States,HNL,PHNL,21.318681,-157.922428,13,-10,N,"Honolulu, HI",968,963,969,967,4.721074380165291,16.575285565939783,20.0,41.0,"Sun, May 11, 2003","Thu, May  8, 2003"
3566,William P. Hobby,Houston,United States,HOU,KHOU,29.645419,-95.278889,46,-6,A,"Houston, TX",4736,4732,4838,4834,4.231630067567558,8.31339814032123,33.0,91.0,"Mon, May  5, 2003","Tue, May  6, 2003"
3589,Westchester County,White Plains,United States,HPN,KHPN,41.066959,-73.707575,439,-5,A,"White Plains, NY",647,649,666,668,4.91962905718702,16.053929121725734,50.0,178.0,"Wed, May 28, 2003","Sun, May 11, 2003"
3560,Valley International,Harlingen,United States,HRL,KHRL,26.2285,-97.654389,36,-6,A,"Harlingen/San Benito, TX",470,470,477,476,2.4893617021276624,6.870212765957447,7.0,23.0,"Tue, May 13, 2003","Mon, May 12, 2003"
4113,Huntsville International Airport-Carl T. Jones Field,Huntsville,United States,HSV,KHSV,34.6371944,-86.7750556,629,-6,A,"Huntsville, AL",471,471,481,483,4.469214437367303,11.995753715498939,11.0,94.0,"Thu, May  8, 2003","Sun, May 18, 2003"
5742,TriState-Milton J. Ferguson Field,Huntington,United States,HTS,KHTS,38.3667,-82.558,828,-5,A,"Ashland, WV",91,89,93,92,3.230769230769231,7.134831460674158,10.0,32.0,"Thu, May 15, 2003","Thu, May  1, 2003"
3714,Washington Dulles International,Washington,United States,IAD,KIAD,38.944533,-77.455811,313,-5,A,"Washington, DC",8374,8418,8536,8539,5.544423214712199,16.922190544072258,57.0,173.0,"Thu, May 15, 2003","Thu, May 15, 2003"
3550,George Bush Intercontinental Houston,Houston,United States,IAH,KIAH,29.984433,-95.341442,97,-6,A,"Houston, TX",15262,15273,15303,15302,6.865482898702662,17.951352059189382,63.0,148.0,"Wed, May 28, 2003","Thu, May  1, 2003"
3457,Wichita Mid Continent,Wichita,United States,ICT,KICT,37.649944,-97.433056,1333,-6,A,"Wichita, KS",800,797,806,807,4.480000000000007,10.961104140526972,11.0,62.0,"Thu, May 15, 2003","Sun, May 18, 2003"
4100,Idaho Falls Regional,Idaho Falls,United States,IDA,KIDA,43.514556,-112.07075,4744,-7,A,"Idaho Falls, ID",269,269,269,269,3.315985130111524,6.431226765799257,7.0,19.0,"Thu, May 22, 2003","Mon, May  5, 2003"
3845,Wilmington International,Wilmington,United States,ILM,KILM,34.270615,-77.902569,32,-5,A,"Wilmington, NC",235,235,245,245,4.059574468085106,9.348936170212767,10.0,37.0,"Sat, May 17, 2003","Sat, May 31, 2003"
3585,Indianapolis International,Indianapolis,United States,IND,KIND,39.717331,-86.294383,797,-5,A,"Indianapolis, IN",3496,3491,3524,3524,7.20938215102975,13.265539959896877,64.0,250.0,"Sat, May 10, 2003","Wed, May  7, 2003"
3689,Imperial County,Imperial,United States,IPL,KIPL,32.834219,-115.578744,-54,-8,A,"El Centro, CA",62,62,62,62,3.1129032258064515,7.112903225806452,6.0,14.0,"Thu, May  8, 2003","Mon, May  5, 2003"
3857,Long Island MacArthur,Islip,United States,ISP,KISP,40.79525,-73.100222,99,-5,A,"Islip, NY",893,900,899,903,3.5733482642777155,8.828888888888882,13.0,167.0,"Thu, May  8, 2003","Fri, May  9, 2003"
7120,Inyokern Airport,Inyokern,United States,IYK,KIYK,35.658889,-117.829444,2455,-8,A,"Inyokern, CA",87,87,88,88,3.206896551724138,7.954022988505751,7.0,16.0,"Thu, May 22, 2003","Fri, May 16, 2003"
4027,Jackson Hole Airport,Jacksn Hole,United States,JAC,KJAC,43.60733333,-110.73775,6451,-7,A,"Jackson, WY",220,220,220,220,3.0272727272727282,7.213636363636361,14.0,17.0,"Sun, May 25, 2003","Mon, May 19, 2003"
3580,Jackson Evers International,Jackson,United States,JAN,KJAN,32.311167,-90.075889,346,-6,A,"Jackson/Vicksburg, MS",823,824,828,830,3.554070473876063,8.674757281553413,20.0,40.0,"Thu, May  8, 2003","Thu, May  1, 2003"
3712,Jacksonville International,Jacksonville,United States,JAX,KJAX,30.494056,-81.687861,30,-5,A,"Jacksonville, FL",2090,2088,2099,2099,4.554066985645926,11.630747126436797,23.0,90.0,"Sun, May 18, 2003","Sun, May 18, 2003"
3797,John F. Kennedy International,New York,United States,JFK,KJFK,40.639751,-73.778925,13,-5,A,"New York, NY",5748,5738,5781,5769,7.637091162143349,20.608400139421473,112.0,176.0,"Fri, May 16, 2003","Thu, May  1, 2003"
3492,Juneau International,Juneau,United States,JNU,PAJN,58.354972,-134.576278,21,-9,A,"Juneau, AK",352,352,355,355,3.9801136363636362,10.264204545454534,12.0,33.0,"Fri, May  2, 2003","Sun, May  4, 2003"
3514,Kona International At Keahole,Kona,United States,KOA,PHKO,19.738767,-156.045631,47,-10,N,"Kona, HI",135,136,135,136,3.1481481481481484,9.860294117647058,10.0,73.0,"Sun, May  4, 2003","Sat, May 17, 2003"
3808,Ketchikan International,Ketchikan,United States,KTN,PAKT,55.355556,-131.71375,88,-9,A,"Ketchikan, AK",200,199,200,200,4.434999999999999,9.105527638190956,8.0,21.0,"Sat, May  3, 2003","Fri, May 23, 2003"
3544,Capital City,Lansing,United States,LAN,KLAN,42.7787,-84.587357,861,-5,A,"Lansing, MI",395,394,402,402,3.4227848101265823,8.895939086294426,7.0,43.0,"Fri, May 16, 2003","Sun, May  4, 2003"
3877,McCarran International,Las Vegas,United States,LAS,KLAS,36.080056,-115.15225,2141,-8,A,"Las Vegas, NV",11856,11851,11901,11895,5.158906882591118,14.02936461058138,53.0,93.0,"Sun, May 11, 2003","Mon, May 12, 2003"
4256,Lawton-Fort Sill Regional Airport,Lawton,United States,LAW,KLAW,34.5677144,-98.4166367,1110,-6,A,"Lawton/Fort Sill, OK",178,177,178,178,4.477528089887638,10.683615819209038,9.0,38.0,"Sun, May  4, 2003","Fri, May 16, 2003"
3484,Los Angeles International,Los Angeles,United States,LAX,KLAX,33.942536,-118.408075,126,-8,A,"Los Angeles, CA",18249,18264,18388,18380,6.545070962792478,12.943112133158072,64.0,193.0,"Thu, May 15, 2003","Sun, May 11, 2003"
3829,Lubbock Preston Smith International,Lubbock,United States,LBB,KLBB,33.663639,-101.822778,3282,-6,A,"Lubbock, TX",790,789,797,797,3.092405063291138,7.517110266159695,9.0,39.0,"Tue, May 20, 2003","Thu, May  1, 2003"
3513,Lake Charles Regional,Lake Charles,United States,LCH,KLCH,30.126112,-93.223335,15,-6,A,"Lake Charles, LA",137,136,137,137,4.226277372262776,7.60294117647059,7.0,51.0,"Tue, May 27, 2003","Tue, May 13, 2003"
4017,Blue Grass,Lexington KY,United States,LEX,KLEX,38.0365,-84.605889,979,-5,A,"Lexington, KY",579,582,589,590,4.195164075993095,12.101374570446737,34.0,146.0,"Sun, May 25, 2003","Mon, May 26, 2003"
3493,Lafayette Regional,Lafayette,United States,LFT,KLFT,30.205278,-91.987611,43,-6,A,"Lafayette, LA",349,347,351,352,4.166189111747852,10.072046109510088,10.0,70.0,"Fri, May 23, 2003","Tue, May 13, 2003"
3697,LaGuardia Airport,New York,United States,LGA,KLGA,40.777245,-73.872608,22,-5,A,"New York, NY",8614,8627,8725,8723,7.538309728349203,23.730265445693753,71.0,221.0,"Wed, May 14, 2003","Thu, May  1, 2003"
3582,Long Beach,Long Beach,United States,LGB,KLGB,33.817722,-118.151611,60,-8,A,"Long Beach, CA",904,906,908,908,5.140486725663723,13.334437086092715,52.0,47.0,"Sun, May 18, 2003","Fri, May  2, 2003"
3602,Lihue,Lihue,United States,LIH,PHLI,21.975983,-159.338958,153,-10,N,"Lihue, HI",133,134,134,134,5.120300751879698,9.000000000000004,9.0,37.0,"Sat, May 10, 2003","Wed, May 21, 2003"
3660,Adams Field,Little Rock,United States,LIT,KLIT,34.729444,-92.224306,262,-6,A,"Little Rock, AR",1293,1297,1307,1308,4.352668213457072,9.803392444101778,33.0,74.0,"Thu, May  1, 2003","Thu, May  8, 2003"
3543,Lincoln,Lincoln,United States,LNK,KLNK,40.850971,-96.75925,1219,-6,A,"Lincoln, NE",180,180,183,183,4.205555555555557,9.522222222222224,51.0,82.0,"Sat, May 17, 2003","Sun, May 11, 2003"
3691,Laredo International,Laredo,United States,LRD,KLRD,27.54375,-99.461556,508,-6,A,"Laredo, TX",196,196,196,196,3.4744897959183674,9.20918367346939,10.0,29.0,"Thu, May  1, 2003","Mon, May  5, 2003"
4044,LaCrosse Municipal,LaCrosse,United States,LSE,KLSE,43.878986,-91.256711,654,-6,A,"La Crosse, WI",136,135,141,141,3.3676470588235294,9.948148148148151,10.0,79.0,"Mon, May 12, 2003","Sun, May  4, 2003"
6958,Greenbrier Valley Airport,Lewisburg,United States,LWB,KLWB,37.858333,-80.399444,2302,-5,U,"Lewisburg, WV",31,31,31,31,3.7419354838709675,5.354838709677419,8.0,10.0,"Sun, May  4, 2003","Wed, May 21, 2003"
5753,Lynchburg Regional-Preston Glenn Field,Lynchburg,United States,LYH,KLYH,37.3267,-79.2004,938,-5,A,"Lynchburg, VA",90,90,93,93,3.2333333333333334,6.1,9.0,29.0,"Fri, May  9, 2003","Wed, May  7, 2003"
3652,Midland International,Midland,United States,MAF,KMAF,31.942528,-102.201914,2871,-6,A,"Midland/Odessa, TX",671,673,676,679,2.926974664679582,8.377414561664194,21.0,49.0,"Fri, May 30, 2003","Thu, May 15, 2003"
4128,MBS International,Saginaw,United States,MBS,KMBS,43.532913,-84.079647,668,-5,A,"Saginaw/Bay City/Midland, MI",322,322,330,329,4.555900621118012,11.344720496894407,12.0,47.0,"Mon, May 19, 2003","Wed, May 28, 2003"
3458,Kansas City International,Kansas City,United States,MCI,KMCI,39.297606,-94.713905,1026,-6,A,"Kansas City, MO",5007,5009,5026,5025,4.628520071899347,10.438410860451189,68.0,168.0,"Thu, May  1, 2003","Fri, May 30, 2003"
3754,Middle Georgia Regional,Macon,United States,MCN,KMCN,32.69285,-83.649211,354,-5,A,"Macon, GA",117,115,126,122,4.076923076923076,11.182608695652178,18.0,66.0,"Sat, May  3, 2003","Sat, May 24, 2003"
3878,Orlando International,Orlando,United States,MCO,KMCO,28.429394,-81.308994,96,-5,A,"Orlando, FL",7695,7694,7719,7717,5.1324236517219095,12.43930335326229,53.0,178.0,"Thu, May 22, 2003","Tue, May 27, 2003"
3542,Harrisburg International,Harrisburg,United States,MDT,KMDT,40.193494,-76.763403,310,-5,A,"Harrisburg, PA",733,735,742,744,4.261937244201911,12.214965986394564,16.0,110.0,"Fri, May 16, 2003","Tue, May 27, 2003"
3747,Chicago Midway International,Chicago,United States,MDW,KMDW,41.785972,-87.752417,620,-6,A,"Chicago, IL",6983,6996,7042,7044,5.526564513819269,14.420097198399077,85.0,148.0,"Thu, May  1, 2003","Wed, May 14, 2003"
4335,Key Field,Meridian,United States,MEI,KMEI,32.332624,-88.751868,297,-6,A,"Meridian, MS",100,99,105,105,3.79,7.797979797979798,14.0,22.0,"Wed, May  7, 2003","Sat, May 10, 2003"
3473,Memphis International,Memphis,United States,MEM,KMEM,35.042417,-89.976667,341,-6,A,"Memphis, TN",3870,3875,3898,3894,5.213436692506465,14.505032258064515,33.0,78.0,"Fri, May 16, 2003","Thu, May  1, 2003"
3826,McAllen Miller International,Mcallen,United States,MFE,KMFE,26.175833,-98.238611,107,-6,A,"Mission/McAllen/Edinburg, TX",269,268,269,269,4.118959107806693,9.201492537313444,7.0,28.0,"Fri, May  2, 2003","Fri, May 23, 2003"
4101,Rogue Valley International Medford,Medford,United States,MFR,KMFR,42.374228,-122.8735,1335,-8,A,"Medford, OR",328,328,333,332,3.0609756097560967,6.682926829268295,10.0,28.0,"Thu, May 15, 2003","Fri, May  2, 2003"
4115,Montgomery Regional Airport ,MONTGOMERY,United States,MGM,KMGM,32.3006389,-86.3939722,221,-6,A,"Montgomery, AL",305,303,309,310,3.6360655737704923,10.042904290429039,9.0,36.0,"Mon, May 26, 2003","Mon, May 26, 2003"
4011,Manchester Regional Airport,Manchester NH,United States,MHT,KMHT,42.932556,-71.435667,266,-5,A,"Manchester, NH",1631,1636,1644,1644,4.33231146535868,12.09841075794621,25.0,110.0,"Sat, May 31, 2003","Sun, May  4, 2003"
3576,Miami International,Miami,United States,MIA,KMIA,25.79325,-80.290556,8,-5,A,"Miami, FL",5035,5059,5081,5084,9.123932472691177,19.855109705475392,145.0,156.0,"Wed, May 28, 2003","Tue, May 13, 2003"
3717,General Mitchell International,Milwaukee,United States,MKE,KMKE,42.947222,-87.896583,723,-6,A,"Milwaukee, WI",1670,1672,1689,1691,4.423952095808393,13.488038277511967,24.0,134.0,"Tue, May 27, 2003","Sun, May 18, 2003"
3671,Melbourne International,Melbourne,United States,MLB,KMLB,28.102753,-80.645258,33,-5,A,"Melbourne, FL",213,213,218,217,4.244131455399057,10.666666666666671,10.0,60.0,"Mon, May  5, 2003","Sun, May 11, 2003"
4072,Quad City International,Moline,United States,MLI,KMLI,41.448528,-90.507539,590,-6,A,"Moline, IL",145,143,147,146,3.8551724137931034,12.188811188811192,9.0,56.0,"Tue, May  6, 2003","Sat, May 24, 2003"
3732,Monroe Regional,Monroe,United States,MLU,KMLU,32.510864,-92.037689,79,-6,A,"Monroe, LA",292,292,295,294,3.664383561643836,8.390410958904102,10.0,93.0,"Wed, May 14, 2003","Wed, May  7, 2003"
3782,Mobile Regional,Mobile,United States,MOB,KMOB,30.691231,-88.242814,219,-6,A,"Mobile, AL",368,367,372,372,4.228260869565214,10.841961852861036,34.0,73.0,"Sat, May 24, 2003","Mon, May  5, 2003"
3816,Modesto City County Harry Sham,Modesto,United States,MOD,KMOD,37.625817,-120.954422,97,-8,A,"Modesto, CA",113,113,119,119,2.4159292035398243,7.539823008849558,5.0,20.0,"Sun, May  4, 2003","Mon, May  5, 2003"
3498,Minot International,Minot,United States,MOT,KMOT,48.259378,-101.280333,1716,-6,A,"Minot, ND",93,93,93,93,5.129032258064515,9.225806451612906,10.0,36.0,"Thu, May 15, 2003","Fri, May 30, 2003"
6838,Sawyer International Airport,Marquette,United States,MQT,KMQT,46.353611,-87.395278,1221,-5,A,"Marquette, MI",24,24,26,26,3.958333333333334,6.416666666666667,5.0,19.0,"Mon, May  5, 2003","Tue, May 20, 2003"
3948,Monterey Peninsula,Monterey,United States,MRY,KMRY,36.587,-121.842944,257,-8,A,"Monterey, CA",616,615,623,624,3.001623376623376,8.878048780487802,8.0,43.0,"Sun, May  4, 2003","Thu, May 22, 2003"
3459,Dane County Regional-Truax Field,Madison,United States,MSN,KMSN,43.139858,-89.337514,887,-6,A,"Madison, WI",630,628,639,639,3.8222222222222206,11.9984076433121,15.0,91.0,"Fri, May 16, 2003","Wed, May 14, 2003"
4216,Missoula International,Missoula,United States,MSO,KMSO,46.916306,-114.090556,3205,-7,A,"Missoula, MT",275,275,275,275,4.450909090909091,8.847272727272731,12.0,25.0,"Thu, May  8, 2003","Thu, May 15, 2003"
3858,Minneapolis St. Paul International,Minneapolis,United States,MSP,KMSP,44.881956,-93.221767,841,-6,A,"Minneapolis, MN",11697,11704,11796,11794,6.339403265794648,16.566643882433386,47.0,108.0,"Sun, May 18, 2003","Fri, May  9, 2003"
3861,Louis Armstrong New Orleans International,New Orleans,United States,MSY,KMSY,29.993389,-90.258028,4,-6,A,"New Orleans, LA",4397,4402,4419,4422,3.8467136684102714,10.492049068605173,23.0,143.0,"Sun, May 25, 2003","Thu, May  1, 2003"
6880,Montrose Regional Airport,Montrose CO,United States,MTJ,KMTJ,38.509794,-107.894242,5759,-7,A,"Montrose/Delta, CO",103,104,104,104,3.8640776699029127,7.701923076923076,15.0,24.0,"Sat, May 31, 2003","Sun, May 25, 2003"
3515,Myrtle Beach International,Myrtle Beach,United States,MYR,KMYR,33.67975,-78.928333,25,-5,A,"Myrtle Beach, SC",493,492,496,494,4.1257606490872245,10.298780487804882,25.0,71.0,"Thu, May 15, 2003","Thu, May 15, 2003"
3453,Metropolitan Oakland International,Oakland,United States,OAK,KOAK,37.721278,-122.220722,9,-8,A,"Oakland, CA",5509,5509,5535,5536,4.601198039571611,9.400072608458885,30.0,81.0,"Mon, May 12, 2003","Fri, May  2, 2003"
3456,Kahului,Kahului,United States,OGG,PHOG,20.89865,-156.430458,54,-10,N,"Kahului, HI",401,401,401,401,4.753117206982544,11.568578553615973,28.0,38.0,"Sat, May 17, 2003","Sat, May 10, 2003"
3863,Will Rogers World,Oklahoma City,United States,OKC,KOKC,35.393089,-97.600733,1295,-6,A,"Oklahoma City, OK",2045,2041,2064,2063,3.856723716381416,9.568348848603655,31.0,102.0,"Thu, May  1, 2003","Sun, May 11, 2003"
3454,Eppley Airfield,Omaha,United States,OMA,KOMA,41.303167,-95.894069,984,-6,A,"Omaha, NE",1740,1743,1753,1754,3.6660919540229875,10.659781985083194,31.0,121.0,"Thu, May 29, 2003","Fri, May 23, 2003"
3615,Nome,Nome,United States,OME,PAOM,64.512203,-165.445247,37,-9,A,"Nome, AK",87,90,93,93,3.218390804597701,4.844444444444445,7.0,13.0,"Sun, May  4, 2003","Mon, May 26, 2003"
3734,Ontario International,Ontario,United States,ONT,KONT,34.056,-117.601194,944,-8,A,"Ontario, CA",2916,2915,2938,2940,4.0912208504801235,9.098799313893645,27.0,45.0,"Wed, May 28, 2003","Mon, May 19, 2003"
3830,Chicago O'Hare International,Chicago,United States,ORD,KORD,41.978603,-87.904842,668,-6,A,"Chicago, IL",29474,29617,29994,29992,7.998575015267675,19.045784515649775,81.0,221.0,"Wed, May 28, 2003","Wed, May 28, 2003"
3611,Norfolk International,Norfolk,United States,ORF,KORF,36.894611,-76.201222,26,-5,A,"Norfolk, VA",1946,1943,1952,1952,3.8175745118191187,11.201235203293871,79.0,153.0,"Fri, May 23, 2003","Fri, May  2, 2003"
3693,Ralph Wien Memorial,Kotzebue,United States,OTZ,PAOT,66.884678,-162.59855,11,-9,A,"Kotzebue, AK",85,85,93,93,3.411764705882353,5.823529411764702,8.0,30.0,"Thu, May  1, 2003","Sat, May 24, 2003"
6961,Oxnard - Ventura County,Oxnard,United States,OXR,KOXR,34.200833,-119.207222,15,-8,A,"Oxnard/Ventura, CA",149,148,150,151,3.161073825503356,7.236486486486485,18.0,24.0,"Tue, May 13, 2003","Wed, May 21, 2003"
3722,Palm Beach International,West Palm Beach,United States,PBI,KPBI,26.683161,-80.095589,19,-5,A,"West Palm Beach/Palm Beach, FL",1934,1935,1943,1942,4.550155118924517,12.407751937984496,23.0,102.0,"Mon, May 26, 2003","Tue, May  6, 2003"
3720,Portland International,Portland,United States,PDX,KPDX,45.588722,-122.5975,30,-8,A,"Portland, OR",4482,4484,4513,4512,3.5002231146809413,9.782560214094548,21.0,58.0,"Sun, May 18, 2003","Fri, May  2, 2003"
4073,Panama City Bay County International,Panama City,United States,PFN,KPFN,30.212083,-85.682806,20,-6,A,"Panama City, FL",264,264,272,272,3.518939393939394,8.04924242424243,13.0,50.0,"Sun, May 18, 2003","Tue, May 20, 2003"
3633,Newport News Williamsburg International,Newport News,United States,PHF,KPHF,37.131894,-76.492989,43,-5,A,"Newport News/Williamsburg, VA",306,305,306,305,6.094771241830065,12.668852459016394,15.0,79.0,"Sat, May  3, 2003","Mon, May 19, 2003"
3752,Philadelphia International,Philadelphia,United States,PHL,KPHL,39.871944,-75.241139,36,-5,A,"Philadelphia, PA",9091,9099,9167,9164,7.639973600263999,22.262556324870854,86.0,243.0,"Sat, May 31, 2003","Thu, May  1, 2003"
3462,Phoenix Sky Harbor International,Phoenix,United States,PHX,KPHX,33.434278,-112.011583,1135,-7,N,"Phoenix, AZ",14273,14289,14360,14356,6.085966510194072,14.009307859192395,75.0,125.0,"Thu, May 29, 2003","Thu, May  1, 2003"
4046,Peoria Regional,Peoria,United States,PIA,KPIA,40.664203,-89.693258,660,-6,A,"Peoria, IL",300,300,307,308,3.486666666666667,11.566666666666663,10.0,74.0,"Sun, May 11, 2003","Wed, May 14, 2003"
3617,St. Petersburg Clearwater International,St. Petersburg,United States,PIE,KPIE,27.910167,-82.687389,10,-5,A,"St. Petersburg, FL",221,219,221,220,4.904977375565613,11.949771689497718,30.0,27.0,"Thu, May 22, 2003","Thu, May 22, 2003"
5760,Pocatello Regional Airport,Pocatello,United States,PIH,KPIH,42.9098,-112.596,4452,-7,A,"Pocatello, ID",123,124,124,124,2.975609756097561,6.838709677419355,9.0,25.0,"Thu, May 15, 2003","Mon, May  5, 2003"
3570,Pittsburgh International,Pittsburgh (pennsylva),United States,PIT,KPIT,40.491467,-80.232872,1204,-5,A,"Pittsburgh, PA",5636,5650,5684,5685,6.566713981547184,15.454690265486724,88.0,196.0,"Fri, May 23, 2003","Wed, May  7, 2003"
3564,Pensacola Regional,Pensacola,United States,PNS,KPNS,30.473425,-87.186611,121,-6,A,"Pensacola, FL",578,577,581,581,4.346020761245677,11.043327556325822,13.0,86.0,"Thu, May  8, 2003","Tue, May 20, 2003"
6133,Tri Cities Airport,Pasco,United States,PSC,PSC,46.2647,-119.119,410,-8,A,"Pasco/Kennewick/Richland, WA",216,217,219,219,4.00925925925926,8.483870967741938,18.0,18.0,"Tue, May  6, 2003","Mon, May 12, 2003"
4147,Petersburg James A. Johnson,Petersburg,United States,PSG,PAPG,56.801667,-132.945278,105,-9,A,"Petersburg, AK",61,61,62,62,2.4918032786885247,5.24590163934426,6.0,10.0,"Thu, May 15, 2003","Tue, May 20, 2003"
3839,Palm Springs International,Palm Springs,United States,PSP,KPSP,33.829667,-116.506694,477,-8,A,"Palm Springs, CA",893,893,902,902,4.020156774916017,9.259798432250829,28.0,54.0,"Wed, May 21, 2003","Wed, May 28, 2003"
3641,Theodore Francis Green State,Providence,United States,PVD,KPVD,41.732581,-71.420383,55,-5,A,"Providence, RI",2302,2298,2311,2309,4.335794960903565,11.860748476936463,28.0,101.0,"Wed, May 14, 2003","Thu, May  1, 2003"
3862,Portland International Jetport,Portland,United States,PWM,KPWM,43.646161,-70.309281,77,-5,A,"Portland, ME",820,816,823,822,3.682926829268293,10.4142156862745,23.0,64.0,"Wed, May  7, 2003","Thu, May 22, 2003"
4087,Rapid City Regional Airport,Rapid City,United States,RAP,KRAP,44.045278,-103.057222,3204,-7,A,"Rapid City, SD",366,365,368,368,4.046448087431694,9.115068493150687,23.0,64.0,"Fri, May 23, 2003","Sun, May  4, 2003"
4098,Redding Municipal,Redding,United States,RDD,KRDD,40.509,-122.293389,504,-8,A,"Redding, CA",185,185,186,186,3.1297297297297284,6.794594594594595,5.0,21.0,"Thu, May  1, 2003","Fri, May  2, 2003"
4103,Roberts Field,Redmond-Bend,United States,RDM,KRDM,44.254066,-121.149964,3077,-8,A,"Bend/Redmond, OR",209,210,211,212,3.3636363636363638,7.314285714285714,10.0,22.0,"Wed, May  7, 2003","Thu, May 15, 2003"
3626,Raleigh Durham International,Raleigh-durham,United States,RDU,KRDU,35.877639,-78.787472,435,-5,A,"Raleigh/Durham, NC",4218,4217,4233,4237,4.2617354196301624,12.595684135641456,34.0,134.0,"Fri, May  2, 2003","Fri, May  9, 2003"
3608,Richmond International,Richmond,United States,RIC,KRIC,37.505167,-77.319667,167,-5,A,"Richmond, VA",1370,1363,1375,1372,4.848175182481745,12.39838591342625,19.0,87.0,"Mon, May  5, 2003","Wed, May  7, 2003"
3807,Reno Tahoe International,Reno,United States,RNO,KRNO,39.499108,-119.768108,4415,-8,A,"Reno, NV",2163,2163,2169,2170,4.034211742949596,8.952380952380933,60.0,52.0,"Thu, May 15, 2003","Wed, May 28, 2003"
4016,Roanoke Regional,Roanoke VA,United States,ROA,KROA,37.325472,-79.975417,1175,-5,A,"Roanoke, VA",405,403,420,420,4.380246913580249,10.66997518610422,12.0,74.0,"Wed, May  7, 2003","Thu, May 29, 2003"
3622,Greater Rochester International,Rochester,United States,ROC,KROC,43.118866,-77.672389,559,-5,A,"Rochester, NY",1494,1492,1506,1507,4.79852744310575,13.066353887399455,20.0,101.0,"Fri, May 16, 2003","Thu, May  1, 2003"
4048,Rochester,Rochester,United States,RST,KRST,43.908283,-92.500014,1317,-6,A,"Rochester, MN",173,173,174,175,3.5722543352601157,10.352601156069362,9.0,91.0,"Fri, May 30, 2003","Fri, May  9, 2003"
3793,Southwest Florida International,Fort Myers,United States,RSW,KRSW,26.536167,-81.755167,30,-5,A,"Fort Myers, FL",1428,1429,1429,1430,4.18977591036415,13.128061581525543,38.0,58.0,"Sat, May 24, 2003","Tue, May  6, 2003"
3731,San Diego International,San Diego,United States,SAN,KSAN,32.733556,-117.189667,17,-8,A,"San Diego, CA",6753,6753,6790,6789,3.333777580334667,12.268769435806309,40.0,87.0,"Thu, May  8, 2003","Fri, May 30, 2003"
3621,San Antonio International,San Antonio,United States,SAT,KSAT,29.533694,-98.469778,809,-6,A,"San Antonio, TX",3256,3249,3289,3290,3.2681203931203924,9.955986457371507,21.0,150.0,"Sun, May 25, 2003","Sun, May 25, 2003"
3613,Savannah Hilton Head International,Savannah,United States,SAV,KSAV,32.127583,-81.202139,51,-5,A,"Savannah, GA",757,755,761,759,4.779392338177013,12.658278145695364,26.0,78.0,"Wed, May  7, 2003","Thu, May 22, 2003"
3949,Santa Barbara Municipal,Santa Barbara,United States,SBA,KSBA,34.426211,-119.840372,10,-8,A,"Santa Barbara, CA",904,905,915,917,3.5707964601769913,7.960220994475132,11.0,34.0,"Wed, May 21, 2003","Sun, May 18, 2003"
4359,South Bend Regional,South Bend,United States,SBN,KSBN,41.708661,-86.31725,799,-5,A,"South Bend, IN",327,326,342,341,3.2232415902140668,9.220858895705522,38.0,72.0,"Wed, May 14, 2003","Sat, May 10, 2003"
5768,San Luis County Regional Airport,San Luis Obispo,United States,SBP,KSBP,35.2368,-120.642,212,-8,A,"San Luis Obispo, CA",455,457,459,460,3.0857142857142863,9.8293216630197,14.0,49.0,"Sun, May 18, 2003","Thu, May 22, 2003"
3620,Deadhorse,Deadhorse,United States,SCC,PASC,70.19475,-148.465167,64,-9,A,"Deadhorse, AK",30,30,31,31,2.933333333333333,5.133333333333332,4.0,9.0,"Sun, May  4, 2003","Fri, May 30, 2003"
4318,University Park Airport,State College Pennsylvania,United States,SCE,KUNV,40.849278,-77.848694,1239,-5,A,"State College, PA",122,123,124,124,3.0327868852459017,9.430894308943097,5.0,74.0,"Sun, May 11, 2003","Fri, May 16, 2003"
4014,Louisville International Airport,Louisville,United States,SDF,KSDF,38.1740858,-85.7364989,501,-5,A,"Louisville, KY",1872,1867,1881,1885,4.772435897435903,11.331547937868239,43.0,135.0,"Wed, May  7, 2003","Tue, May  6, 2003"
3577,Seattle Tacoma International,Seattle,United States,SEA,KSEA,47.449,-122.309306,433,-8,A,"Seattle, WA",8510,8528,8584,8583,5.781316098707408,12.591815196998114,39.0,161.0,"Fri, May 30, 2003","Sun, May 11, 2003"
3469,San Francisco International,San Francisco,United States,SFO,KSFO,37.618972,-122.374889,13,-8,A,"San Francisco, CA",9910,9916,9988,9988,5.378708375378405,16.50141185962091,68.0,113.0,"Thu, May  1, 2003","Sun, May 11, 2003"
4348,Springfield Branson National,Springfield,United States,SGF,KSGF,37.245667,-93.388639,1268,-6,A,"Springfield, MO",356,355,358,358,4.1657303370786485,10.952112676056338,14.0,74.0,"Wed, May  7, 2003","Wed, May 14, 2003"
4064,St. George Municipal,Saint George,United States,SGU,KSGU,37.090583,-113.593056,2941,-7,A,"St. George, UT",243,243,245,245,3.4279835390946505,7.222222222222222,9.0,25.0,"Thu, May 29, 2003","Tue, May  6, 2003"
3609,Shreveport Regional,Shreveport,United States,SHV,KSHV,32.446629,-93.8256,258,-6,A,"Shreveport, LA",737,737,743,742,4.71777476255089,8.257801899592963,29.0,64.0,"Thu, May  1, 2003","Fri, May 16, 2003"
3856,Sitka Rocky Gutierrez,Sitka,United States,SIT,PASI,57.047138,-135.361611,21,-9,A,"Sitka, AK",106,106,107,107,4.339622641509433,8.17924528301887,14.0,16.0,"Fri, May 16, 2003","Tue, May 13, 2003"
3748,Norman Y. Mineta San Jose International,San Jose,United States,SJC,KSJC,37.3626,-121.929022,62,-8,A,"San Jose, CA",5075,5073,5121,5118,3.95802955665026,11.411393652671013,32.0,140.0,"Tue, May 27, 2003","Sun, May 11, 2003"
3708,San Angelo Regional-Mathis Field,San Angelo,United States,SJT,KSJT,31.35775,-100.496306,1919,-6,A,"San Angelo, TX",168,170,169,171,4.684523809523809,11.329411764705881,18.0,39.0,"Tue, May 27, 2003","Fri, May 16, 2003"
3536,Salt Lake City International,Salt Lake City,United States,SLC,KSLC,40.788389,-111.977772,4227,-7,A,"Salt Lake City, UT",9639,9637,9670,9656,4.9524846975827295,13.55484071806581,34.0,108.0,"Sun, May 25, 2003","Wed, May 28, 2003"
3817,Sacramento International,Sacramento,United States,SMF,KSMF,38.695417,-121.590778,27,-8,A,"Sacramento, CA",3854,3851,3867,3865,4.023352361183204,9.442222799272958,25.0,99.0,"Tue, May 20, 2003","Sun, May 11, 2003"
5772,Santa Maria Public-Captain G. Allan Hancock Airport,Santa Maria,United States,SMX,KSMX,34.8989,-120.457,261,-8,A,"Santa Maria, CA",174,173,175,176,3.32183908045977,7.450867052023122,6.0,30.0,"Mon, May  5, 2003","Thu, May 22, 2003"
3867,John Wayne Airport Orange County,Santa Ana,United States,SNA,KSNA,33.675667,-117.868222,56,-8,A,"Santa Ana, CA",3887,3889,3919,3925,6.568561872909699,12.772177937773206,45.0,79.0,"Thu, May 15, 2003","Thu, May  1, 2003"
3680,Sheppard AFB Wichita Falls Municipal,Wichita Falls,United States,SPS,KSPS,33.988797,-98.491894,1019,-6,A,"Wichita Falls, TX",174,173,174,174,5.942528735632181,11.000000000000002,17.0,31.0,"Thu, May  1, 2003","Fri, May 16, 2003"
4067,Sarasota Bradenton International,Sarasota,United States,SRQ,KSRQ,27.395444,-82.554389,30,-5,A,"Sarasota/Bradenton, FL",299,300,299,301,4.327759197324416,11.536666666666672,13.0,37.0,"Sat, May 10, 2003","Tue, May 20, 2003"
3678,Lambert St. Louis International,St. Louis,United States,STL,KSTL,38.748697,-90.370028,618,-6,A,"St. Louis, MO",8898,8931,8962,8975,5.912002697235341,17.311051394020794,46.0,178.0,"Mon, May 12, 2003","Tue, May  6, 2003"
6494,Friedman Memorial,Hailey,United States,SUN,KSUN,43.504444,-114.296194,5320,-7,A,"Sun Valley/Hailey/Ketchum, ID",206,208,211,214,2.7184466019417464,6.6923076923076925,5.0,22.0,"Thu, May  1, 2003","Sat, May  3, 2003"
3661,Stewart International,Newburgh,United States,SWF,KSWF,41.504094,-74.104839,491,-5,A,"Newburgh/Poughkeepsie, NY",182,182,183,183,3.901098901098901,13.115384615384619,10.0,138.0,"Tue, May 27, 2003","Sun, May 11, 2003"
3745,Syracuse Hancock International,Syracuse,United States,SYR,KSYR,43.111187,-76.106311,421,-5,A,"Syracuse, NY",1108,1100,1115,1115,4.259025270758119,12.051818181818183,21.0,132.0,"Sat, May  3, 2003","Sun, May 11, 2003"
3698,Tallahassee Regional,Tallahassee,United States,TLH,KTLH,30.396528,-84.350333,81,-5,A,"Tallahassee, FL",325,327,331,332,4.42153846153846,10.177370030581047,12.0,33.0,"Wed, May 21, 2003","Fri, May  2, 2003"
4040,Toledo,Toledo,United States,TOL,KTOL,41.586806,-83.807833,684,-5,A,"Toledo, OH",388,385,397,397,2.7835051546391765,10.792207792207787,10.0,137.0,"Tue, May 13, 2003","Sun, May 25, 2003"
3646,Tampa International,Tampa,United States,TPA,KTPA,27.975472,-82.53325,26,-5,A,"Tampa, FL",5463,5464,5476,5480,4.655500640673629,12.353404099560745,81.0,125.0,"Mon, May 19, 2003","Tue, May 27, 2003"
4116,Tri-Cities Regional Airport,BRISTOL,United States,TRI,KTRI,36.4752222,-82.4074167,1519,-5,A,"Bristol/Johnson City/Kingsport, TN",228,230,245,246,3.6008771929824563,8.599999999999993,12.0,85.0,"Tue, May 13, 2003","Sat, May 10, 2003"
3855,Tulsa International,Tulsa,United States,TUL,KTUL,36.198389,-95.888111,677,-6,A,"Tulsa, OK",1896,1899,1913,1913,3.829113924050631,10.052132701421812,64.0,109.0,"Thu, May 15, 2003","Thu, May  1, 2003"
3636,Tucson International,Tucson,United States,TUS,KTUS,32.116083,-110.941028,2643,-7,N,"Tucson, AZ",1551,1552,1557,1558,4.051579626047717,10.072164948453597,26.0,104.0,"Tue, May  6, 2003","Sun, May 11, 2003"
4023,Cherry Capital Airport,Traverse City,United States,TVC,KTVC,44.741445,-85.582235,624,-5,A,"Traverse City, MI",201,200,206,207,2.7611940298507465,9.264999999999995,8.0,46.0,"Fri, May  2, 2003","Fri, May 16, 2003"
4263,Magic Valley Regional Airport,Twin Falls,United States,TWF,KTWF,42.481803,-114.487733,4151,-7,A,"Twin Falls, ID",128,128,128,128,3.046874999999999,6.5078125,6.0,12.0,"Wed, May 14, 2003","Thu, May 15, 2003"
3770,Texarkana Regional-Webb Field,Texarkana,United States,TXK,KTXK,33.453722,-93.991028,390,-6,A,"Texarkana, AR",92,93,93,93,4.695652173913046,9.204301075268821,8.0,40.0,"Mon, May  5, 2003","Fri, May  2, 2003"
3848,Tyler Pounds Regional,Tyler,United States,TYR,KTYR,32.354139,-95.402386,544,-6,A,"Tyler, TX",241,241,241,241,5.012448132780081,10.526970954356846,16.0,26.0,"Mon, May 26, 2003","Sun, May 25, 2003"
3676,McGhee Tyson,Knoxville,United States,TYS,KTYS,35.810972,-83.994028,981,-5,A,"Knoxville, TN",890,886,909,908,3.910112359550561,11.45598194130926,66.0,91.0,"Thu, May  8, 2003","Sun, May 11, 2003"
5775,Victoria Regional Airport,Victoria,United States,VCT,KVCT,28.8526,-96.9185,115,-6,A,"Victoria, TX",74,75,74,75,4.135135135135133,9.613333333333335,8.0,41.0,"Sun, May  4, 2003","Mon, May 12, 2003"
7121,Visalia Municipal Airport,Visalia,United States,VIS,KVIS,36.318611,-119.392778,295,-8,A,"Visalia, CA",61,61,62,62,2.557377049180328,6.442622950819672,5.0,10.0,"Fri, May  2, 2003","Sun, May 11, 2003"
5776,Valdosta Regional Airport,Valdosta,United States,VLD,KVLD,30.7825,-83.2767,203,-5,A,"Valdosta, GA",117,117,121,121,3.58974358974359,6.957264957264957,9.0,23.0,"Sat, May 10, 2003","Tue, May 20, 2003"
3873,Eglin AFB,Valparaiso,United States,VPS,KVPS,30.48325,-86.5254,87,-6,A,"Valparaiso, FL",363,364,371,373,7.159779614325067,11.189560439560442,20.0,92.0,"Thu, May 22, 2003","Tue, May  6, 2003"
5969,Wrangell Airport,Wrangell,United States,WRG,PAWG,56.4843,-132.37,44,-9,A,"Wrangell, AK",61,61,62,62,2.7540983606557377,4.721311475409836,5.0,9.0,"Thu, May 15, 2003","Fri, May 23, 2003"
4356,NW Arkansas Regional,Bentonville,United States,XNA,KXNA,36.2818694,-94.3068111,1287,-6,A,"Fayetteville, AR",834,837,860,862,4.255395683453244,10.639187574671446,23.0,58.0,"Thu, May 22, 2003","Fri, May 16, 2003"
6803,Yakutat,Yakutat,United States,YAK,PAYA,59.3012,-139.3937,33,-9,A,"Yakutat, AK",62,62,62,62,4.016129032258065,6.5,8.0,16.0,"Sat, May 31, 2003","Wed, May 14, 2003"
3596,Yuma MCAS Yuma International,Yuma,United States,YUM,KYUM,32.656578,-114.60598,216,-7,N,"Yuma, AZ",96,97,97,97,4.489583333333331,8.340206185567007,10.0,19.0,"Mon, May 12, 2003","Tue, May  6, 2003"
2883,Cyril E. King,St. Thomas,Virgin Islands,STT,TIST,18.337306,-64.973361,23,-4,U,"Charlotte Amalie, VI",240,240,240,240,4.166666666666668,11.37916666666667,10.0,45.0,"Fri, May  9, 2003","Sat, May 24, 2003"
2884,Henry E. Rohlsen,St. Croix Island,Virgin Islands,STX,TISX,17.701889,-64.798556,74,-4,U,"Christiansted, VI",61,62,63,62,3.4754098360655736,12.048387096774194,7.0,25.0,"Mon, May  5, 2003","Thu, May  8, 2003"
2885,Rafael Hernndez,Aguadilla,Puerto Rico,BQN,TJBQ,18.494861,-67.129444,237,-4,U,"Aguadilla, PR",22,21,22,21,4.909090909090909,13.904761904761905,11.0,24.0,"Sun, May 25, 2003","Sat, May 17, 2003"
2890,Luis Muoz Marn International,San Juan,Puerto Rico,SJU,TJSJ,18.439417,-66.001833,9,-4,U,"San Juan, PR",1813,1814,1814,1817,5.297848869277439,14.542447629547967,35.0,48.0,"Sun, May 11, 2003","Mon, May  5, 2003"
