airport_id,name,city,country,iata_faa,iaco,latitude,longitude,altitude,zone,dst,city_state,avg_able_landings,avg_able_takeoffs,total_landings,total_takeoffs,avg_taxi_in,avg_taxi_out,longest_taxi_in,longest_taxi_out,lng_tx_in_date,lng_tx_out_date
4355,Lehigh Valley International,Allentown,United States,ABE,KABE,40.652083,-75.440806,393,-5,A,"Allentown/Bethlehem/Easton, PA",651,649,667,668,4.274961597542239,14.033898305084746,13.0,144.0,"Mon, May 17, 2004","Mon, May 17, 2004"
3718,Abilene Regional,Abilene,United States,ABI,KABI,32.411319,-99.681897,1791,-6,A,"Abilene, TX",257,257,261,261,3.5214007782101167,8.330739299610899,24.0,29.0,"Tue, May 11, 2004","Tue, May 18, 2004"
4019,Albuquerque International Sunport,Albuquerque,United States,ABQ,KABQ,35.0402222,-106.6091944,5355,-7,A,"Albuquerque, NM",3061,3062,3090,3090,4.3717739300881915,10.498693664271752,27.0,142.0,"Fri, May 14, 2004","Sat, May 29, 2004"
5715,Southwest Georgia Regional Airport,Albany,United States,ABY,KABY,31.5355,-84.1945,197,-5,A,"Albany, GA",122,122,124,124,4.008196721311475,9.106557377049183,11.0,43.0,"Tue, May 25, 2004","Mon, May 17, 2004"
3700,Waco Regional,Waco,United States,ACT,KACT,31.611289,-97.230519,516,-6,A,"Waco, TX",294,294,300,300,4.309523809523809,8.911564625850344,11.0,43.0,"Fri, May 14, 2004","Thu, May 20, 2004"
4384,Arcata,Arcata CA,United States,ACV,KACV,40.978111,-124.108611,221,-8,A,"Arcata/Eureka, CA",343,344,348,349,3.4198250728862973,6.761627906976747,9.0,36.0,"Fri, May 14, 2004","Fri, May 21, 2004"
3524,Atlantic City International,Atlantic City,United States,ACY,KACY,39.457583,-74.577167,75,-5,A,"Atlantic City, NJ",92,92,93,93,3.130434782608696,10.076086956521737,8.0,54.0,"Wed, May  5, 2004","Tue, May 11, 2004"
5959,Adak Airport,Adak Island,United States,ADK,PADK,51.878,-176.646,18,-10,A,"Adak Island, AK",8,8,9,9,3.625,5.0,5.0,6.0,"Sun, May 23, 2004","Sun, May  9, 2004"
3531,Kodiak,Kodiak,United States,ADQ,PADQ,57.749967,-152.493856,78,-9,A,"Kodiak, AK",56,56,62,62,2.607142857142857,5.089285714285714,7.0,13.0,"Fri, May 28, 2004","Sat, May 29, 2004"
3852,Alexandria International,Alexandria,United States,AEX,KAEX,31.3274,-92.549833,89,-6,A,"Alexandria, LA",280,279,291,291,4.117857142857144,10.21863799283154,35.0,36.0,"Tue, May  4, 2004","Mon, May 31, 2004"
3658,Augusta Regional At Bush Field,Bush Field,United States,AGS,KAGS,33.369944,-81.9645,144,-5,A,"Augusta, GA",357,358,362,363,3.593837535014005,11.578212290502796,13.0,125.0,"Mon, May  3, 2004","Thu, May 13, 2004"
3794,King Salmon,King Salmon,United States,AKN,PAKN,58.676778,-156.649278,68,-9,A,"King Salmon, AK",37,37,40,40,3.3513513513513513,4.513513513513512,6.0,13.0,"Sat, May 15, 2004","Thu, May 20, 2004"
3864,Albany International,Albany,United States,ALB,KALB,42.748267,-73.801692,285,-5,A,"Albany, NY",1504,1500,1527,1527,3.907579787234041,13.913333333333334,28.0,139.0,"Wed, May 19, 2004","Mon, May 24, 2004"
3840,Rick Husband Amarillo International,Amarillo,United States,AMA,KAMA,35.219369,-101.705931,3607,-6,A,"Amarillo, TX",673,674,687,688,4.016344725111439,8.689910979228497,12.0,302.0,"Tue, May 18, 2004","Sat, May  1, 2004"
3774,Ted Stevens Anchorage International,Anchorage,United States,ANC,PANC,61.174361,-149.996361,152,-9,A,"Anchorage, AK",1621,1626,1652,1652,4.9327575570635345,10.933579335793379,35.0,39.0,"Thu, May 27, 2004","Fri, May 14, 2004"
3682,Hartsfield Jackson Atlanta International,Atlanta,United States,ATL,KATL,33.636719,-84.428067,1026,-5,A,"Atlanta, GA",34364,34530,34896,34951,10.24246304271913,22.477555748624336,1387.0,1435.0,"Fri, May  7, 2004","Sun, May  2, 2004"
4047,Appleton,Appleton,United States,ATW,KATW,44.257526,-88.507576,680,-6,A,"Appleton, WI",209,209,215,215,10.91866028708134,9.645933014354062,1377.0,55.0,"Fri, May 21, 2004","Sat, May 22, 2004"
3673,Austin Bergstrom International,Austin,United States,AUS,KAUS,30.194528,-97.669889,542,-6,A,"Austin, TX",3242,3243,3295,3294,4.820789636027145,11.032377428307107,39.0,183.0,"Wed, May 19, 2004","Sun, May  9, 2004"
4007,Asheville Regional Airport,Asheville,United States,AVL,KAVL,35.436194,-82.541806,2165,-5,A,"Asheville, NC",411,410,423,423,9.924574209245737,13.709756097560982,1302.0,800.0,"Tue, May  4, 2004","Mon, May 31, 2004"
4286,Wilkes Barre Scranton International,Scranton,United States,AVP,KAVP,41.338478,-75.723403,962,-5,A,"Scranton/Wilkes-Barre, PA",258,257,274,274,3.627906976744186,19.32684824902724,16.0,1390.0,"Tue, May 11, 2004","Sun, May  9, 2004"
4039,Kalamazoo,Kalamazoo,United States,AZO,KAZO,42.234875,-85.552058,874,-5,A,"Kalamazoo, MI",416,416,445,445,3.5841346153846154,11.201923076923075,34.0,135.0,"Sat, May 22, 2004","Mon, May 17, 2004"
3825,Bradley International,Windsor Locks,United States,BDL,KBDL,41.938889,-72.683222,173,-5,A,"Hartford, CT",2844,2837,2866,2866,4.967299578059072,15.044060627423345,141.0,167.0,"Sun, May  2, 2004","Thu, May 13, 2004"
3599,Bethel,Bethel,United States,BET,PABE,60.779778,-161.838,121,-9,A,"Bethel, AK",94,95,97,97,3.1382978723404253,5.968421052631579,5.0,14.0,"Sun, May 23, 2004","Fri, May  7, 2004"
3558,Meadows Field,Bakersfield,United States,BFL,KBFL,35.433598,-119.05677,507,-8,A,"Bakersfield, CA",296,297,298,298,4.847972972972967,7.781144781144781,27.0,51.0,"Thu, May 20, 2004","Sun, May 16, 2004"
4129,Greater Binghamton-Edwin A. Link Field,Binghamton,United States,BGM,KBGM,42.208689,-75.979839,1636,-5,A,"Binghamton, NY",182,181,184,184,3.565934065934066,7.298342541436464,65.0,25.0,"Mon, May 31, 2004","Wed, May 26, 2004"
3463,Bangor International,Bangor,United States,BGR,KBGR,44.807444,-68.828139,192,-5,A,"Bangor, ME",419,421,431,431,11.973747016706449,10.040380047505952,1384.0,61.0,"Fri, May  7, 2004","Tue, May 18, 2004"
3811,Birmingham International,Birmingham,United States,BHM,KBHM,33.562942,-86.75355,644,-6,A,"Birmingham, AL",1885,1871,1915,1915,5.261538461538463,10.936397648316404,1420.0,109.0,"Sat, May 22, 2004","Sun, May  2, 2004"
4021,Billings Logan International Airport,Billings,United States,BIL,KBIL,45.80921,-108.537654,3652,-7,A,"Billings, MT",488,485,495,494,12.811475409836058,9.40618556701031,1435.0,30.0,"Thu, May 20, 2004","Fri, May 28, 2004"
4083,Bismarck Municipal Airport,Bismarck,United States,BIS,KBIS,46.775842,-100.757931,1661,-6,A,"Bismarck/Mandan, ND",210,210,211,211,3.9571428571428573,7.619047619047619,20.0,19.0,"Mon, May 10, 2004","Wed, May 19, 2004"
4037,Central Illinois Regional,Bloomington,United States,BMI,KBMI,40.477111,-88.915917,871,-6,A,"Bloomington/Normal, IL",224,226,242,242,4.84375,12.309734513274336,25.0,125.0,"Mon, May 24, 2004","Tue, May 11, 2004"
3690,Nashville International,Nashville,United States,BNA,KBNA,36.124472,-86.678194,599,-6,A,"Nashville, TN",4977,4982,5053,5053,6.87422141852521,11.046366920915267,1396.0,104.0,"Wed, May  5, 2004","Sun, May  9, 2004"
3495,Boise Air Terminal,Boise,United States,BOI,KBOI,43.564361,-116.222861,2871,-7,A,"Boise, ID",1314,1312,1318,1318,3.6347031963470346,9.110518292682936,17.0,36.0,"Wed, May 26, 2004","Mon, May  3, 2004"
3448,General Edward Lawrence Logan International,Boston,United States,BOS,KBOS,42.364347,-71.005181,19,-5,A,"Boston, MA",10750,10760,10985,10985,7.364372093023254,19.161895910780487,930.0,226.0,"Mon, May 24, 2004","Fri, May 14, 2004"
3612,Southeast Texas Regional,Beaumont,United States,BPT,KBPT,29.950833,-94.020694,15,-6,A,"Beaumont/Port Arthur, TX",178,179,187,186,3.646067415730337,8.519553072625701,38.0,28.0,"Tue, May 11, 2004","Sat, May  1, 2004"
5725,Brunswick Golden Isles Airport,Brunswick,United States,BQK,KBQK,31.2588,-81.4665,26,-5,A,"Brunswick, GA",117,118,119,119,3.5470085470085473,9.0593220338983,8.0,46.0,"Tue, May 18, 2004","Sun, May  2, 2004"
3738,Brownsville South Padre Island International,Brownsville,United States,BRO,KBRO,25.906833,-97.425861,22,-6,A,"Brownsville, TX",145,145,151,151,4.5379310344827575,11.958620689655172,10.0,36.0,"Sat, May  8, 2004","Tue, May 18, 2004"
3571,Wiley Post Will Rogers Memorial,Barrow,United States,BRW,PABR,71.285446,-156.766003,44,-9,A,"Barrow, AK",61,61,62,62,3.3278688524590163,5.491803278688525,7.0,18.0,"Thu, May 20, 2004","Sat, May 22, 2004"
4022,Bert Mooney Airport,Butte,United States,BTM,KBTM,45.954806,-112.497472,5550,-7,A,"Butte, MT",119,119,123,125,4.058823529411762,7.823529411764706,12.0,23.0,"Tue, May  4, 2004","Thu, May 27, 2004"
3846,Baton Rouge Metro-Ryan Field,Baton Rouge,United States,BTR,KBTR,30.533167,-91.149639,70,-6,A,"Baton Rouge, LA",635,635,649,648,4.499212598425199,11.651968503937008,20.0,78.0,"Mon, May 10, 2004","Thu, May 27, 2004"
3711,Burlington International,Burlington,United States,BTV,KBTV,44.471861,-73.153278,335,-5,A,"Burlington, VT",622,621,629,630,5.699356913183282,12.5877616747182,1380.0,95.0,"Wed, May 26, 2004","Fri, May 21, 2004"
3820,Buffalo Niagara International,Buffalo,United States,BUF,KBUF,42.940525,-78.732167,724,-5,A,"Buffalo, NY",2248,2242,2290,2291,5.510231316725973,13.107939339875108,1433.0,183.0,"Fri, May  7, 2004","Sun, May 30, 2004"
3644,Bob Hope,Burbank,United States,BUR,KBUR,34.200667,-118.358667,778,-8,A,"Burbank, CA",2273,2276,2292,2292,2.7650681918169844,10.677504393673104,35.0,54.0,"Fri, May 28, 2004","Sun, May  2, 2004"
3849,Baltimore Washington International,Baltimore,United States,BWI,KBWI,39.175361,-76.668333,146,-5,A,"Baltimore, MD",8816,8844,8902,8904,5.469487295825773,13.431365897783781,1416.0,1438.0,"Fri, May  7, 2004","Sun, May 23, 2004"
4020,Gallatin Field,Bozeman,United States,BZN,KBZN,45.777643,-111.160151,4500,-7,A,"Bozeman, MT",303,303,308,309,4.019801980198016,11.607260726072603,11.0,53.0,"Mon, May  3, 2004","Wed, May 12, 2004"
3561,Columbia Metropolitan,Colombia,United States,CAE,KCAE,33.938833,-81.119528,236,-5,A,"Columbia, SC",1025,1028,1057,1060,7.775609756097581,15.246108949416342,1433.0,1015.0,"Mon, May  3, 2004","Tue, May 11, 2004"
4112,Akron Canton Regional Airport,Akron,United States,CAK,KCAK,40.9160833,-81.4421944,1228,-5,A,"Akron, OH",751,750,763,763,5.034620505992006,13.08,65.0,240.0,"Sun, May  9, 2004","Sun, May 30, 2004"
3824,Cedar City Regional,Cedar City,United States,CDC,KCDC,37.700967,-113.098847,5622,-7,A,"Cedar City, UT",60,60,62,62,3.283333333333333,7.983333333333337,12.0,35.0,"Sun, May  2, 2004","Wed, May 12, 2004"
3610,Merle K. Mudhole Smith,Cordova,United States,CDV,PACV,60.491778,-145.477556,48,-9,A,"Cordova, AK",61,60,62,62,2.9672131147540988,4.7333333333333325,6.0,8.0,"Mon, May  3, 2004","Sun, May  9, 2004"
5727,Del Norte County Airport,Crescent City,United States,CEC,KCEC,41.7802,-124.237,57,-8,A,"Crescent City, CA",80,80,81,82,2.6874999999999996,7.4875,5.0,24.0,"Sun, May  2, 2004","Thu, May 27, 2004"
3578,Lovell Field,Chattanooga,United States,CHA,KCHA,35.035278,-85.203808,683,-5,A,"Chattanooga, TN",406,405,422,422,3.3891625615763536,8.730864197530867,8.0,97.0,"Fri, May 28, 2004","Sun, May 23, 2004"
4015,Charlottesville-Albemarle,Charlottesville VA,United States,CHO,KCHO,38.138639,-78.452861,639,-5,A,"Charlottesville, VA",301,302,310,310,3.335548172757476,7.990066225165563,65.0,79.0,"Sun, May  9, 2004","Mon, May 17, 2004"
3806,Charleston AFB International,Charleston,United States,CHS,KCHS,32.898647,-80.040528,45,-5,A,"Charleston, SC",1193,1188,1212,1211,6.640402347024307,14.246632996633,1160.0,149.0,"Tue, May 11, 2004","Tue, May 18, 2004"
3710,Chico Municipal,Chico,United States,CIC,KCIC,39.795383,-121.858422,238,-8,A,"Chico, CA",93,93,93,93,2.956989247311828,9.29032258064516,10.0,87.0,"Thu, May 20, 2004","Fri, May 28, 2004"
4043,Cedar Rapids,Cedar Rapids,United States,CID,KCID,41.884694,-91.710806,869,-6,A,"Cedar Rapids/Iowa City, IA",559,559,613,612,4.26296958855098,11.352415026833627,27.0,145.0,"Mon, May 31, 2004","Sun, May 30, 2004"
4088,McClellan-Palomar Airport,Carlsbad,United States,CLD,KCRQ,33.0742,-117.1648,328,-8,A,"Carlsbad, CA",170,171,172,172,3.341176470588236,7.754385964912281,12.0,28.0,"Fri, May 21, 2004","Sun, May 16, 2004"
3486,Cleveland Hopkins International,Cleveland,United States,CLE,KCLE,41.411689,-81.849794,791,-5,A,"Cleveland, OH",7591,7617,7734,7738,5.417994994071929,17.081790731259034,1435.0,195.0,"Fri, May  7, 2004","Mon, May 17, 2004"
3715,Easterwood Field,College Station,United States,CLL,KCLL,30.588583,-96.363833,321,-6,A,"College Station/Bryan, TX",325,324,335,335,4.415384615384618,8.027777777777775,16.0,30.0,"Tue, May 18, 2004","Thu, May  6, 2004"
3876,Charlotte Douglas International,Charlotte,United States,CLT,KCLT,35.214,-80.943139,748,-5,A,"Charlotte, NC",8768,8783,8857,8859,5.192632299270067,15.805988842081273,600.0,690.0,"Mon, May 31, 2004","Fri, May 14, 2004"
3759,Port Columbus International,Columbus,United States,CMH,KCMH,39.997972,-82.891889,815,-5,A,"Columbus, OH",3169,3160,3262,3261,5.364152729567702,12.970569620253164,38.0,173.0,"Fri, May 21, 2004","Wed, May 12, 2004"
4049,Champaign,Champaign,United States,CMI,KCMI,40.03925,-88.278056,754,-6,A,"Champaign/Urbana, IL",236,237,259,258,4.055084745762711,14.274261603375528,11.0,118.0,"Sun, May 30, 2004","Tue, May 11, 2004"
4344,Yellowstone Regional,Cody,United States,COD,KCOD,44.520194,-109.023806,5102,-7,A,"Cody, WY",60,62,62,62,3.3,8.19354838709678,16.0,15.0,"Thu, May 13, 2004","Wed, May  5, 2004"
3819,City Of Colorado Springs Municipal,Colorado Springs,United States,COS,KCOS,38.805805,-104.700778,6187,-7,A,"Colorado Springs, CO",920,917,930,931,7.417391304347826,13.171210468920385,1018.0,96.0,"Mon, May 24, 2004","Thu, May 13, 2004"
3872,Natrona County International,Casper,United States,CPR,KCPR,42.908,-106.464417,5347,-7,A,"Casper, WY",274,275,278,279,3.131386861313869,7.414545454545453,10.0,19.0,"Sat, May 15, 2004","Thu, May 13, 2004"
3744,Corpus Christi International,Corpus Christi,United States,CRP,KCRP,27.770361,-97.501222,44,-6,A,"Corpus Christi, TX",658,707,679,727,3.97872340425532,9.970297029702964,26.0,44.0,"Sun, May 16, 2004","Tue, May 18, 2004"
4285,Yeager,Charleston,United States,CRW,KCRW,38.373147,-81.593189,981,-5,A,"Charleston/Dunbar, WV",430,430,450,450,3.216279069767441,13.004651162790699,63.0,1385.0,"Sat, May 15, 2004","Sun, May 16, 2004"
4255,Columbus Metropolitan Airport,Columbus,United States,CSG,KCSG,32.5163333,-84.9388611,397,-5,A,"Columbus, GA",182,182,186,186,2.4999999999999973,6.472527472527473,9.0,69.0,"Mon, May  3, 2004","Tue, May 18, 2004"
3488,Cincinnati Northern Kentucky International,Cincinnati,United States,CVG,KCVG,39.048836,-84.667822,896,-5,A,"Cincinnati, OH",17342,17517,17873,17876,11.501153269519088,16.765599132271504,1439.0,1433.0,"Tue, May 11, 2004","Fri, May  7, 2004"
3950,Daytona Beach International,Daytona Beach,United States,DAB,KDAB,29.179917,-81.058056,34,-5,A,"Daytona Beach, FL",321,320,321,320,6.074766355140188,13.534375,738.0,87.0,"Sat, May 22, 2004","Wed, May 12, 2004"
3502,Dallas Love Field,Dallas,United States,DAL,KDAL,32.847111,-96.851778,487,-6,A,"Dallas, TX",3614,3638,3743,3744,3.0694521306032065,8.366684991753683,32.0,95.0,"Thu, May 27, 2004","Thu, May 13, 2004"
3627,James M. Cox Dayton International,Dayton,United States,DAY,KDAY,39.902375,-84.219375,1009,-5,A,"Dayton, OH",1284,1288,1321,1321,5.4096573208722765,13.865683229813671,845.0,170.0,"Fri, May 14, 2004","Mon, May 31, 2004"
4388,Dubuque Regional,Dubuque IA,United States,DBQ,KDBQ,42.402,-90.709472,1076,-6,A,"Dubuque, IA",86,85,92,92,4.058139534883723,13.376470588235295,12.0,60.0,"Sun, May 30, 2004","Fri, May  7, 2004"
3520,Ronald Reagan Washington National,Washington,United States,DCA,KDCA,38.852083,-77.037722,15,-5,A,"Washington, DC",7452,7493,7615,7639,5.400563607085348,16.31469371413312,1417.0,199.0,"Fri, May  7, 2004","Sun, May  9, 2004"
3751,Denver International,Denver,United States,DEN,KDEN,39.861656,-104.673178,5431,-7,A,"Denver, CO",12663,12741,12820,12837,7.0886045960672845,14.87049682128562,68.0,189.0,"Thu, May 27, 2004","Mon, May 10, 2004"
3670,Dallas Fort Worth International,Dallas-fort Worth,United States,DFW,KDFW,32.896828,-97.037997,607,-6,A,"Dallas/Fort Worth, TX",28862,28969,29467,29411,10.664957383410648,18.330249577134364,181.0,204.0,"Thu, May 27, 2004","Thu, May 27, 2004"
3739,Dothan Regional,Dothan,United States,DHN,KDHN,31.321339,-85.449628,401,-6,A,"Dothan, AL",180,178,183,181,3.1444444444444444,6.702247191011236,15.0,27.0,"Thu, May 27, 2004","Sun, May  2, 2004"
3460,Dillingham,Dillingham,United States,DLG,PADL,59.044667,-158.5055,74,-9,A,"Dillingham, AK",29,29,31,31,2.206896551724138,5.000000000000001,4.0,10.0,"Sat, May 15, 2004","Thu, May 13, 2004"
3598,Duluth International,Duluth,United States,DLH,KDLH,46.842091,-92.193649,1428,-6,A,"Duluth, MN",161,159,170,169,3.919254658385093,12.251572327044023,13.0,106.0,"Mon, May 17, 2004","Sun, May 30, 2004"
3713,Durango La Plata County,Durango,United States,DRO,KDRO,37.151516,-107.75377,6685,-7,A,"Durango, CO",9,9,9,9,4.444444444444445,7.111111111111111,6.0,9.0,"Sun, May  2, 2004","Sat, May  1, 2004"
3729,Des Moines International,Des Moines,United States,DSM,KDSM,41.533972,-93.663083,958,-6,A,"Des Moines, IA",919,917,954,954,6.782372143634383,12.41657579062159,1375.0,113.0,"Mon, May 10, 2004","Mon, May 17, 2004"
3645,Detroit Metro Wayne County,Detroit,United States,DTW,KDTW,42.212444,-83.353389,645,-5,A,"Detroit, MI",11974,12051,12305,12305,9.41047269083012,18.399054020413324,815.0,1425.0,"Fri, May  7, 2004","Wed, May 26, 2004"
3572,Ellington Field,Houston,United States,EFD,KEFD,29.607333,-95.15875,32,-6,A,"Houston, TX",126,126,134,134,3.246031746031746,9.293650793650796,7.0,27.0,"Mon, May 10, 2004","Tue, May 18, 2004"
5736,Elko Regional Airport,Elko,United States,EKO,KEKO,40.8249,-115.792,5140,-8,A,"Elko, NV",224,224,227,228,3.459821428571428,6.517857142857143,11.0,17.0,"Thu, May 20, 2004","Fri, May 28, 2004"
3559,El Paso International,El Paso,United States,ELP,KELP,31.80725,-106.377583,3958,-7,A,"El Paso, TX",1882,1858,1907,1884,3.37141339001063,10.141550053821318,65.0,174.0,"Sun, May 23, 2004","Thu, May 13, 2004"
4276,Erie International-Tom Ridge Field,Erie,United States,ERI,KERI,42.082022,-80.176217,733,-5,A,"Erie, PA",89,89,93,93,2.539325842696629,11.179775280898873,6.0,34.0,"Thu, May  6, 2004","Fri, May 21, 2004"
4099,Mahlon Sweet Field,Eugene,United States,EUG,KEUG,44.124583,-123.211972,374,-8,A,"Eugene, OR",523,520,533,530,3.5391969407265775,8.790384615384609,13.0,50.0,"Wed, May 26, 2004","Fri, May  7, 2004"
4018,Evansville Regional,Evansville,United States,EVV,KEVV,38.036997,-87.532364,418,-6,A,"Evansville, IN",450,450,483,482,4.017777777777781,12.171111111111111,12.0,133.0,"Wed, May 19, 2004","Mon, May 31, 2004"
3494,Newark Liberty International,Newark,United States,EWR,KEWR,40.6925,-74.168667,18,-5,A,"Newark, NJ",12606,12658,12998,12990,9.299301919720754,31.2604676884184,141.0,256.0,"Fri, May  7, 2004","Mon, May 24, 2004"
3875,Key West International,Key West,United States,EYW,KEYW,24.556111,-81.759556,3,-5,A,"Key West, FL",61,60,62,62,3.4098360655737703,9.999999999999998,11.0,27.0,"Tue, May 18, 2004","Wed, May 19, 2004"
3832,Fairbanks International,Fairbanks,United States,FAI,PAFA,64.815114,-147.856267,434,-9,A,"Fairbanks, AK",443,443,447,446,3.4424379232505644,8.142212189616254,10.0,24.0,"Wed, May  5, 2004","Tue, May 11, 2004"
4292,Hector International Airport,Fargo,United States,FAR,KFAR,46.92065,-96.8157639,902,-6,A,"Fargo, ND",258,260,278,280,5.0852713178294575,11.069230769230769,37.0,49.0,"Thu, May  6, 2004","Wed, May 19, 2004"
3687,Fresno Yosemite International,Fresno,United States,FAT,KFAT,36.776194,-119.71814,336,-8,A,"Fresno, CA",1170,1166,1177,1175,3.9145299145299153,8.30617495711835,29.0,72.0,"Thu, May 20, 2004","Sun, May 16, 2004"
5738,Fayetteville Regional-Grannis Field,Fayetteville,United States,FAY,KFAY,34.9912,-78.8803,189,-5,A,"Fayetteville, NC",149,148,150,150,3.1744966442953015,8.148648648648646,8.0,54.0,"Tue, May  4, 2004","Tue, May 11, 2004"
4127,Glacier Park International,Kalispell,United States,FCA,KFCA,48.310472,-114.256,2977,-7,A,"Kalispell, MT",274,274,279,279,4.441605839416057,9.346715328467157,13.0,40.0,"Sun, May 16, 2004","Tue, May 25, 2004"
3533,Fort Lauderdale Hollywood International,Fort Lauderdale,United States,FLL,KFLL,26.072583,-80.15275,9,-5,A,"Fort Lauderdale, FL",5397,5399,5410,5413,4.126922364276456,15.907945915910362,47.0,223.0,"Mon, May  3, 2004","Fri, May 14, 2004"
3879,Florence Regional,Florence,United States,FLO,KFLO,34.185361,-79.723889,146,-5,A,"Florence, SC",88,87,89,88,5.238636363636363,8.689655172413788,15.0,33.0,"Thu, May  6, 2004","Sat, May 29, 2004"
4089,Bishop International,Flint,United States,FNT,KFNT,42.965424,-83.743629,782,-5,A,"Flint, MI",524,522,530,529,9.66603053435115,11.088122605363989,1417.0,104.0,"Tue, May 11, 2004","Tue, May 18, 2004"
4009,Sioux Falls,Sioux Falls,United States,FSD,KFSD,43.582014,-96.741914,1429,-6,A,"Sioux Falls, SD",362,357,378,379,4.298342541436463,14.145658263305322,22.0,116.0,"Sun, May  9, 2004","Sun, May 30, 2004"
3437,Fort Smith Regional,Fort Smith,United States,FSM,KFSM,35.336583,-94.367444,469,-6,A,"Fort Smith, AR",152,151,155,154,3.986842105263156,7.7483443708609245,9.0,18.0,"Thu, May 27, 2004","Sat, May  8, 2004"
4041,Fort Wayne,Fort Wayne,United States,FWA,KFWA,40.978472,-85.195139,815,-5,A,"Fort Wayne, IN",574,573,610,613,3.813588850174216,12.275741710296677,28.0,77.0,"Tue, May  4, 2004","Fri, May  7, 2004"
3467,Spokane International,Spokane,United States,GEG,KGEG,47.619861,-117.533833,2376,-8,A,"Spokane, WA",1202,1202,1212,1211,3.886855241264559,8.666389351081547,13.0,47.0,"Wed, May 12, 2004","Thu, May 27, 2004"
3442,Grand Forks International,Grand Forks,United States,GFK,KGFK,47.949256,-97.176111,845,-6,A,"Grand Forks, ND",114,114,117,117,4.25438596491228,8.508771929824565,8.0,33.0,"Sat, May 22, 2004","Wed, May 26, 2004"
3465,East Texas Regional,Longview,United States,GGG,KGGG,32.384014,-94.711486,365,-6,A,"Longview, TX",91,93,92,93,5.791208791208791,8.88172043010753,13.0,27.0,"Thu, May 20, 2004","Sun, May 16, 2004"
4063,Grand Junction Regional,Grand Junction,United States,GJT,KGJT,39.122413,-108.526735,4858,-7,A,"Grand Junction, CO",270,272,272,272,2.8000000000000016,7.069852941176471,15.0,23.0,"Sun, May 30, 2004","Sat, May  1, 2004"
3472,Gainesville Regional,Gainesville,United States,GNV,KGNV,29.690056,-82.271778,152,-5,A,"Gainesville, FL",204,204,207,207,2.9362745098039214,6.338235294117647,8.0,26.0,"Tue, May 11, 2004","Thu, May 20, 2004"
4038,Gulfport-Biloxi,Gulfport,United States,GPT,KGPT,30.407278,-89.070111,28,-6,A,"Gulfport/Biloxi, MS",491,521,502,530,5.160896130346234,9.151631477927063,29.0,31.0,"Sun, May  2, 2004","Mon, May 31, 2004"
3653,Austin Straubel International,Green Bay,United States,GRB,KGRB,44.485072,-88.129589,695,-6,A,"Green Bay, WI",255,257,276,280,3.462745098039216,10.98443579766537,18.0,74.0,"Thu, May 27, 2004","Mon, May 24, 2004"
3685,Gerald R. Ford International,Grand Rapids,United States,GRR,KGRR,42.880833,-85.522806,794,-5,A,"Grand Rapids, MI",1354,1352,1398,1398,9.275480059084186,14.701183431952657,1439.0,1398.0,"Mon, May  3, 2004","Thu, May 27, 2004"
4008,Piedmont Triad,Greensboro,United States,GSO,KGSO,36.09775,-79.937306,925,-5,A,"Greensboro/High Point, NC",1531,1530,1564,1563,5.054866100587846,14.520261437908497,1080.0,151.0,"Wed, May 19, 2004","Sat, May  1, 2004"
4034,Greenville-Spartanburg International,Greenville,United States,GSP,KGSP,34.895556,-82.218889,964,-5,A,"Greer, SC",1233,1224,1283,1283,8.018653690186545,14.590686274509798,1429.0,370.0,"Wed, May 12, 2004","Fri, May 28, 2004"
3880,Great Falls International,Great Falls,United States,GTF,KGTF,47.482,-111.370689,3677,-7,A,"Great Falls, MT",339,339,340,341,3.9321533923303806,9.011799410029507,8.0,47.0,"Thu, May 20, 2004","Sun, May 23, 2004"
4273,Golden Triangle Regional Airport,Columbus Mississippi,United States,GTR,KGTR,33.450333,-88.591361,264,-6,A,"Columbus, MS",122,122,124,124,3.3360655737704916,9.639344262295081,7.0,31.0,"Wed, May 19, 2004","Wed, May  5, 2004"
3504,Helena Regional,Helena,United States,HLN,KHLN,46.606806,-111.98275,3877,-7,A,"Helena, MT",211,212,218,218,21.48341232227488,8.518867924528305,1325.0,65.0,"Mon, May 31, 2004","Thu, May 20, 2004"
3728,Honolulu International,Honolulu,United States,HNL,PHNL,21.318681,-157.922428,13,-10,N,"Honolulu, HI",2945,2940,2951,2949,5.817996604414266,13.126190476190464,1397.0,66.0,"Sat, May  1, 2004","Wed, May  5, 2004"
3566,William P. Hobby,Houston,United States,HOU,KHOU,29.645419,-95.278889,46,-6,A,"Houston, TX",4770,4782,4930,4919,4.753878406708614,8.992053534086152,62.0,111.0,"Thu, May 13, 2004","Fri, May 14, 2004"
3589,Westchester County,White Plains,United States,HPN,KHPN,41.066959,-73.707575,439,-5,A,"White Plains, NY",741,751,790,790,5.240215924426449,20.760319573901462,40.0,199.0,"Wed, May 12, 2004","Mon, May 31, 2004"
3560,Valley International,Harlingen,United States,HRL,KHRL,26.2285,-97.654389,36,-6,A,"Harlingen/San Benito, TX",489,490,498,498,2.7361963190184055,8.473469387755092,15.0,45.0,"Thu, May 13, 2004","Sun, May  9, 2004"
4113,Huntsville International Airport-Carl T. Jones Field,Huntsville,United States,HSV,KHSV,34.6371944,-86.7750556,629,-6,A,"Huntsville, AL",944,943,976,976,8.114406779661001,13.655355249204662,1178.0,1433.0,"Mon, May 24, 2004","Fri, May 14, 2004"
5742,TriState-Milton J. Ferguson Field,Huntington,United States,HTS,KHTS,38.3667,-82.558,828,-5,A,"Ashland, WV",61,83,64,88,3.180327868852459,7.0843373493975905,7.0,27.0,"Fri, May  7, 2004","Mon, May 17, 2004"
4006,Tweed-New Haven Airport,New Haven,United States,HVN,KHVN,41.26375,-72.886806,14,-5,A,"New Haven, CT",15,14,15,14,3.6,13.071428571428571,5.0,28.0,"Sat, May 29, 2004","Mon, May 31, 2004"
3714,Washington Dulles International,Washington,United States,IAD,KIAD,38.944533,-77.455811,313,-5,A,"Washington, DC",8786,8854,8990,8996,5.486114272706574,20.622204653264113,730.0,211.0,"Mon, May  3, 2004","Tue, May 25, 2004"
3550,George Bush Intercontinental Houston,Houston,United States,IAH,KIAH,29.984433,-95.341442,97,-6,A,"Houston, TX",16674,16850,17238,17233,10.354863859901648,22.411275964391674,98.0,309.0,"Thu, May 13, 2004","Thu, May 13, 2004"
3457,Wichita Mid Continent,Wichita,United States,ICT,KICT,37.649944,-97.433056,1333,-6,A,"Wichita, KS",817,810,849,848,12.068543451652392,13.61604938271605,1430.0,175.0,"Fri, May  7, 2004","Thu, May 13, 2004"
4100,Idaho Falls Regional,Idaho Falls,United States,IDA,KIDA,43.514556,-112.07075,4744,-7,A,"Idaho Falls, ID",279,278,280,279,3.1326164874551963,7.456834532374101,10.0,50.0,"Thu, May 20, 2004","Tue, May 11, 2004"
3845,Wilmington International,Wilmington,United States,ILM,KILM,34.270615,-77.902569,32,-5,A,"Wilmington, NC",289,287,295,295,3.442906574394464,9.533101045296172,15.0,44.0,"Thu, May 27, 2004","Wed, May 12, 2004"
3585,Indianapolis International,Indianapolis,United States,IND,KIND,39.717331,-86.294383,797,-5,A,"Indianapolis, IN",3451,3447,3489,3490,8.045204288611982,14.966927763272407,75.0,530.0,"Sun, May 30, 2004","Thu, May  6, 2004"
3689,Imperial County,Imperial,United States,IPL,KIPL,32.834219,-115.578744,-54,-8,A,"El Centro, CA",55,54,57,57,3.1999999999999993,9.074074074074073,8.0,31.0,"Sun, May 23, 2004","Tue, May 25, 2004"
3857,Long Island MacArthur,Islip,United States,ISP,KISP,40.79525,-73.100222,99,-5,A,"Islip, NY",1020,1030,1050,1050,6.770588235294118,10.924271844660193,1420.0,83.0,"Thu, May 20, 2004","Fri, May 21, 2004"
3415,Hilo International,Hilo,United States,ITO,PHTO,19.721375,-155.048469,38,-10,N,"Hilo, HI",211,211,212,212,4.492890995260668,5.218009478672986,7.0,10.0,"Mon, May  3, 2004","Sun, May 16, 2004"
7120,Inyokern Airport,Inyokern,United States,IYK,KIYK,35.658889,-117.829444,2455,-8,A,"Inyokern, CA",84,84,86,86,3.261904761904762,8.083333333333336,7.0,27.0,"Thu, May 20, 2004","Sun, May 23, 2004"
4027,Jackson Hole Airport,Jacksn Hole,United States,JAC,KJAC,43.60733333,-110.73775,6451,-7,A,"Jackson, WY",185,186,186,186,2.9513513513513505,9.795698924731193,9.0,149.0,"Wed, May 26, 2004","Sat, May 29, 2004"
3580,Jackson Evers International,Jackson,United States,JAN,KJAN,32.311167,-90.075889,346,-6,A,"Jackson/Vicksburg, MS",938,936,946,946,5.054371002132193,9.810897435897424,865.0,61.0,"Tue, May 25, 2004","Sun, May  2, 2004"
3712,Jacksonville International,Jacksonville,United States,JAX,KJAX,30.494056,-81.687861,30,-5,A,"Jacksonville, FL",2523,2513,2545,2541,6.42845818470075,12.97214484679666,1365.0,153.0,"Mon, May 31, 2004","Wed, May 26, 2004"
3797,John F. Kennedy International,New York,United States,JFK,KJFK,40.639751,-73.778925,13,-5,A,"New York, NY",7207,7237,7278,7291,9.072152074372159,25.65593477960479,1397.0,242.0,"Mon, May 31, 2004","Thu, May 13, 2004"
3492,Juneau International,Juneau,United States,JNU,PAJN,58.354972,-134.576278,21,-9,A,"Juneau, AK",367,367,372,372,4.108991825613078,10.97547683923705,10.0,26.0,"Fri, May  7, 2004","Tue, May 11, 2004"
3514,Kona International At Keahole,Kona,United States,KOA,PHKO,19.738767,-156.045631,47,-10,N,"Kona, HI",539,538,540,540,3.742115027829313,7.13940520446096,10.0,37.0,"Sun, May 30, 2004","Sun, May 16, 2004"
3808,Ketchikan International,Ketchikan,United States,KTN,PAKT,55.355556,-131.71375,88,-9,A,"Ketchikan, AK",194,195,197,197,4.371134020618561,8.389743589743581,11.0,26.0,"Tue, May  4, 2004","Wed, May 12, 2004"
3544,Capital City,Lansing,United States,LAN,KLAN,42.7787,-84.587357,861,-5,A,"Lansing, MI",461,458,488,488,6.6377440347071595,15.70305676855896,1387.0,1391.0,"Sun, May  2, 2004","Mon, May 24, 2004"
3877,McCarran International,Las Vegas,United States,LAS,KLAS,36.080056,-115.15225,2141,-8,A,"Las Vegas, NV",13196,13195,13277,13278,5.501212488632913,16.52428950359982,67.0,185.0,"Tue, May 18, 2004","Fri, May 21, 2004"
4256,Lawton-Fort Sill Regional Airport,Lawton,United States,LAW,KLAW,34.5677144,-98.4166367,1110,-6,A,"Lawton/Fort Sill, OK",179,178,180,180,4.7206703910614545,8.516853932584265,11.0,19.0,"Thu, May 20, 2004","Sat, May 15, 2004"
3484,Los Angeles International,Los Angeles,United States,LAX,KLAX,33.942536,-118.408075,126,-8,A,"Los Angeles, CA",19157,19189,19345,19339,7.2746254632771095,14.2007400072959,81.0,186.0,"Mon, May  3, 2004","Thu, May 13, 2004"
3829,Lubbock Preston Smith International,Lubbock,United States,LBB,KLBB,33.663639,-101.822778,3282,-6,A,"Lubbock, TX",785,785,793,793,2.989808917197451,8.705732484076446,11.0,88.0,"Thu, May 27, 2004","Thu, May 27, 2004"
3513,Lake Charles Regional,Lake Charles,United States,LCH,KLCH,30.126112,-93.223335,15,-6,A,"Lake Charles, LA",129,129,135,135,4.736434108527132,10.100775193798448,10.0,31.0,"Wed, May 19, 2004","Sat, May 29, 2004"
4017,Blue Grass,Lexington KY,United States,LEX,KLEX,38.0365,-84.605889,979,-5,A,"Lexington, KY",855,857,881,881,4.301754385964913,13.27537922987165,16.0,670.0,"Thu, May 27, 2004","Fri, May  7, 2004"
3493,Lafayette Regional,Lafayette,United States,LFT,KLFT,30.205278,-91.987611,43,-6,A,"Lafayette, LA",293,276,304,286,4.409556313993174,12.565217391304344,9.0,147.0,"Sat, May  8, 2004","Fri, May  7, 2004"
3697,LaGuardia Airport,New York,United States,LGA,KLGA,40.777245,-73.872608,22,-5,A,"New York, NY",10359,10391,10702,10699,8.124529394729198,26.503512655182426,1060.0,1439.0,"Wed, May 12, 2004","Fri, May 28, 2004"
3582,Long Beach,Long Beach,United States,LGB,KLGB,33.817722,-118.151611,60,-8,A,"Long Beach, CA",961,968,970,972,4.905306971904267,13.19938016528926,20.0,53.0,"Tue, May  4, 2004","Mon, May 24, 2004"
3602,Lihue,Lihue,United States,LIH,PHLI,21.975983,-159.338958,153,-10,N,"Lihue, HI",629,630,631,631,4.769475357710649,4.7730158730158765,8.0,23.0,"Fri, May  7, 2004","Sat, May 29, 2004"
3660,Adams Field,Little Rock,United States,LIT,KLIT,34.729444,-92.224306,262,-6,A,"Little Rock, AR",1435,1456,1476,1492,5.508013937282229,11.517170329670344,1285.0,805.0,"Fri, May  7, 2004","Wed, May 19, 2004"
3543,Lincoln,Lincoln,United States,LNK,KLNK,40.850971,-96.75925,1219,-6,A,"Lincoln, NE",170,172,182,184,3.5176470588235293,12.622093023255825,14.0,104.0,"Fri, May 21, 2004","Mon, May 17, 2004"
3851,Lanai,Lanai,United States,LNY,PHNY,20.785611,-156.951419,1308,-10,N,"Lanai, HI",30,30,31,31,4.033333333333333,5.033333333333333,5.0,10.0,"Wed, May  5, 2004","Sun, May 16, 2004"
3691,Laredo International,Laredo,United States,LRD,KLRD,27.54375,-99.461556,508,-6,A,"Laredo, TX",170,169,174,174,3.264705882352941,10.017751479289945,7.0,29.0,"Fri, May 14, 2004","Tue, May 11, 2004"
4044,LaCrosse Municipal,LaCrosse,United States,LSE,KLSE,43.878986,-91.256711,654,-6,A,"La Crosse, WI",84,85,90,91,3.095238095238096,17.6,8.0,130.0,"Thu, May 20, 2004","Sat, May 22, 2004"
6958,Greenbrier Valley Airport,Lewisburg,United States,LWB,KLWB,37.858333,-80.399444,2302,-5,U,"Lewisburg, WV",31,31,31,31,3.774193548387097,10.35483870967742,6.0,25.0,"Mon, May  3, 2004","Sun, May  2, 2004"
5753,Lynchburg Regional-Preston Glenn Field,Lynchburg,United States,LYH,KLYH,37.3267,-79.2004,938,-5,A,"Lynchburg, VA",91,89,93,93,4.615384615384613,8.460674157303368,16.0,26.0,"Tue, May 18, 2004","Sun, May 23, 2004"
3652,Midland International,Midland,United States,MAF,KMAF,31.942528,-102.201914,2871,-6,A,"Midland/Odessa, TX",659,660,673,673,2.7223065250379346,8.831818181818175,10.0,240.0,"Sat, May  8, 2004","Thu, May 27, 2004"
4128,MBS International,Saginaw,United States,MBS,KMBS,43.532913,-84.079647,668,-5,A,"Saginaw/Bay City/Midland, MI",292,289,307,307,4.352739726027401,10.477508650519031,9.0,86.0,"Fri, May 21, 2004","Sat, May 29, 2004"
3458,Kansas City International,Kansas City,United States,MCI,KMCI,39.297606,-94.713905,1026,-6,A,"Kansas City, MO",4936,4933,4998,4994,4.51904376012965,12.279140482465044,1148.0,720.0,"Wed, May 19, 2004","Mon, May 31, 2004"
3754,Middle Georgia Regional,Macon,United States,MCN,KMCN,32.69285,-83.649211,354,-5,A,"Macon, GA",148,148,150,150,3.7432432432432434,8.905405405405403,11.0,32.0,"Mon, May 31, 2004","Mon, May 31, 2004"
3878,Orlando International,Orlando,United States,MCO,KMCO,28.429394,-81.308994,96,-5,A,"Orlando, FL",8871,8873,8891,8891,6.6974411002141805,15.342499718246366,765.0,1390.0,"Fri, May 28, 2004","Wed, May 26, 2004"
3542,Harrisburg International,Harrisburg,United States,MDT,KMDT,40.193494,-76.763403,310,-5,A,"Harrisburg, PA",966,973,1015,1016,4.59730848861284,15.580678314491267,66.0,224.0,"Tue, May 18, 2004","Fri, May 21, 2004"
3747,Chicago Midway International,Chicago,United States,MDW,KMDW,41.785972,-87.752417,620,-6,A,"Chicago, IL",7654,7673,7729,7726,5.7345178991377095,18.483904600547344,88.0,227.0,"Mon, May 17, 2004","Mon, May 17, 2004"
4335,Key Field,Meridian,United States,MEI,KMEI,32.332624,-88.751868,297,-6,A,"Meridian, MS",92,91,93,93,4.467391304347827,12.43956043956044,13.0,112.0,"Wed, May 26, 2004","Tue, May 11, 2004"
3473,Memphis International,Memphis,United States,MEM,KMEM,35.042417,-89.976667,341,-6,A,"Memphis, TN",4009,4024,4090,4089,5.814666999251684,15.03056660039762,129.0,863.0,"Sun, May 30, 2004","Thu, May 20, 2004"
3826,McAllen Miller International,Mcallen,United States,MFE,KMFE,26.175833,-98.238611,107,-6,A,"Mission/McAllen/Edinburg, TX",264,264,270,269,4.295454545454546,9.85984848484849,41.0,35.0,"Sat, May  1, 2004","Fri, May 14, 2004"
4101,Rogue Valley International Medford,Medford,United States,MFR,KMFR,42.374228,-122.8735,1335,-8,A,"Medford, OR",411,411,417,417,3.1703163017031635,7.255474452554747,9.0,21.0,"Thu, May 13, 2004","Fri, May 28, 2004"
4115,Montgomery Regional Airport ,MONTGOMERY,United States,MGM,KMGM,32.3006389,-86.3939722,221,-6,A,"Montgomery, AL",310,310,310,311,3.1354838709677417,11.796774193548387,11.0,1143.0,"Sat, May  8, 2004","Tue, May 11, 2004"
4011,Manchester Regional Airport,Manchester NH,United States,MHT,KMHT,42.932556,-71.435667,266,-5,A,"Manchester, NH",1831,1829,1855,1854,4.612779901693066,14.679059595407326,32.0,191.0,"Tue, May 18, 2004","Sat, May  1, 2004"
3576,Miami International,Miami,United States,MIA,KMIA,25.79325,-80.290556,8,-5,A,"Miami, FL",5521,5546,5583,5588,6.868139829740981,17.584204832311553,85.0,204.0,"Mon, May  3, 2004","Fri, May 21, 2004"
3717,General Mitchell International,Milwaukee,United States,MKE,KMKE,42.947222,-87.896583,723,-6,A,"Milwaukee, WI",1775,1764,1831,1812,6.46422535211268,15.366780045351474,1385.0,1394.0,"Thu, May 27, 2004","Sun, May 16, 2004"
3705,Molokai,Molokai,United States,MKK,PHMK,21.152886,-157.096256,454,-10,N,"Hoolehua, HI",30,30,31,31,3.4,3.7333333333333334,4.0,7.0,"Sat, May  1, 2004","Wed, May 19, 2004"
3671,Melbourne International,Melbourne,United States,MLB,KMLB,28.102753,-80.645258,33,-5,A,"Melbourne, FL",226,226,227,227,4.20353982300885,12.969026548672566,9.0,68.0,"Wed, May 26, 2004","Mon, May 17, 2004"
4072,Quad City International,Moline,United States,MLI,KMLI,41.448528,-90.507539,590,-6,A,"Moline, IL",268,270,282,281,3.9141791044776095,12.03703703703704,15.0,84.0,"Thu, May  6, 2004","Sun, May 30, 2004"
3732,Monroe Regional,Monroe,United States,MLU,KMLU,32.510864,-92.037689,79,-6,A,"Monroe, LA",296,300,302,304,3.391891891891891,7.65,11.0,57.0,"Mon, May  3, 2004","Mon, May 31, 2004"
3782,Mobile Regional,Mobile,United States,MOB,KMOB,30.691231,-88.242814,219,-6,A,"Mobile, AL",441,440,449,449,3.7687074829931957,11.606818181818186,14.0,57.0,"Tue, May 11, 2004","Wed, May 19, 2004"
3816,Modesto City County Harry Sham,Modesto,United States,MOD,KMOD,37.625817,-120.954422,97,-8,A,"Modesto, CA",113,113,113,113,2.584070796460177,7.522123893805309,17.0,19.0,"Sat, May 15, 2004","Thu, May 20, 2004"
3498,Minot International,Minot,United States,MOT,KMOT,48.259378,-101.280333,1716,-6,A,"Minot, ND",92,92,93,93,5.01086956521739,8.08695652173913,8.0,24.0,"Tue, May 11, 2004","Mon, May 24, 2004"
6838,Sawyer International Airport,Marquette,United States,MQT,KMQT,46.353611,-87.395278,1221,-5,A,"Marquette, MI",48,51,57,57,4.874999999999999,10.666666666666663,14.0,25.0,"Mon, May  3, 2004","Fri, May 14, 2004"
3948,Monterey Peninsula,Monterey,United States,MRY,KMRY,36.587,-121.842944,257,-8,A,"Monterey, CA",613,612,619,620,3.1680261011419244,8.784313725490195,12.0,30.0,"Thu, May 20, 2004","Fri, May 21, 2004"
3459,Dane County Regional-Truax Field,Madison,United States,MSN,KMSN,43.139858,-89.337514,887,-6,A,"Madison, WI",713,712,754,754,4.065918653576442,13.624999999999995,29.0,152.0,"Mon, May 17, 2004","Mon, May 17, 2004"
4216,Missoula International,Missoula,United States,MSO,KMSO,46.916306,-114.090556,3205,-7,A,"Missoula, MT",335,335,341,341,4.567164179104478,8.93432835820896,21.0,67.0,"Sat, May  1, 2004","Thu, May 20, 2004"
3858,Minneapolis St. Paul International,Minneapolis,United States,MSP,KMSP,44.881956,-93.221767,841,-6,A,"Minneapolis, MN",12203,12253,12466,12467,7.285831352945993,18.43801517995601,1435.0,1315.0,"Sat, May  8, 2004","Thu, May 27, 2004"
3861,Louis Armstrong New Orleans International,New Orleans,United States,MSY,KMSY,29.993389,-90.258028,4,-6,A,"New Orleans, LA",4420,4449,4468,4488,3.7861990950226234,10.87480332659026,45.0,131.0,"Fri, May 21, 2004","Thu, May 13, 2004"
6880,Montrose Regional Airport,Montrose CO,United States,MTJ,KMTJ,38.509794,-107.894242,5759,-7,A,"Montrose/Delta, CO",183,183,186,188,3.480874316939891,8.251366120218576,63.0,75.0,"Mon, May 17, 2004","Wed, May 19, 2004"
3515,Myrtle Beach International,Myrtle Beach,United States,MYR,KMYR,33.67975,-78.928333,25,-5,A,"Myrtle Beach, SC",686,691,706,706,8.351311953352766,14.732272069464544,1424.0,1387.0,"Mon, May 10, 2004","Wed, May 26, 2004"
3453,Metropolitan Oakland International,Oakland,United States,OAK,KOAK,37.721278,-122.220722,9,-8,A,"Oakland, CA",5901,5894,5948,5939,5.012709710218608,10.046487953851345,35.0,93.0,"Mon, May  3, 2004","Tue, May 18, 2004"
3456,Kahului,Kahului,United States,OGG,PHOG,20.89865,-156.430458,54,-10,N,"Kahului, HI",1088,1090,1092,1093,4.631433823529405,8.781651376146783,53.0,53.0,"Mon, May  3, 2004","Sat, May 29, 2004"
3863,Will Rogers World,Oklahoma City,United States,OKC,KOKC,35.393089,-97.600733,1295,-6,A,"Oklahoma City, OK",1886,1886,1933,1936,6.944326617179211,11.17550371155885,1410.0,168.0,"Sat, May 22, 2004","Thu, May 13, 2004"
3454,Eppley Airfield,Omaha,United States,OMA,KOMA,41.303167,-95.894069,984,-6,A,"Omaha, NE",1747,1754,1784,1786,4.482541499713797,11.934435575826678,1348.0,188.0,"Fri, May 21, 2004","Mon, May 17, 2004"
3615,Nome,Nome,United States,OME,PAOM,64.512203,-165.445247,37,-9,A,"Nome, AK",86,87,93,93,2.883720930232558,5.482758620689655,6.0,18.0,"Sun, May  2, 2004","Sun, May 23, 2004"
3734,Ontario International,Ontario,United States,ONT,KONT,34.056,-117.601194,944,-8,A,"Ontario, CA",3016,3012,3032,3030,4.106763925729441,9.409362549800795,19.0,102.0,"Wed, May  5, 2004","Thu, May 27, 2004"
3830,Chicago O'Hare International,Chicago,United States,ORD,KORD,41.978603,-87.904842,668,-6,A,"Chicago, IL",30551,30811,32756,32749,9.225557264901271,27.47956898510273,1300.0,333.0,"Sat, May 29, 2004","Wed, May 12, 2004"
3611,Norfolk International,Norfolk,United States,ORF,KORF,36.894611,-76.201222,26,-5,A,"Norfolk, VA",1971,1965,2017,2014,3.8706240487062407,12.678371501272267,19.0,140.0,"Thu, May  6, 2004","Tue, May 25, 2004"
3693,Ralph Wien Memorial,Kotzebue,United States,OTZ,PAOT,66.884678,-162.59855,11,-9,A,"Kotzebue, AK",90,91,93,93,3.2777777777777777,5.043956043956043,6.0,14.0,"Sat, May  8, 2004","Thu, May 20, 2004"
6961,Oxnard - Ventura County,Oxnard,United States,OXR,KOXR,34.200833,-119.207222,15,-8,A,"Oxnard/Ventura, CA",144,143,144,143,2.8055555555555554,7.5524475524475525,18.0,30.0,"Sun, May  9, 2004","Sun, May 16, 2004"
3722,Palm Beach International,West Palm Beach,United States,PBI,KPBI,26.683161,-80.095589,19,-5,A,"West Palm Beach/Palm Beach, FL",2084,2087,2087,2089,4.205854126679471,12.963104935313853,19.0,113.0,"Tue, May 11, 2004","Sat, May  1, 2004"
3720,Portland International,Portland,United States,PDX,KPDX,45.588722,-122.5975,30,-8,A,"Portland, OR",4676,4681,4715,4719,3.6445680068434623,10.50117496261484,66.0,255.0,"Fri, May  7, 2004","Thu, May 13, 2004"
4073,Panama City Bay County International,Panama City,United States,PFN,KPFN,30.212083,-85.682806,20,-6,A,"Panama City, FL",267,256,269,257,3.1048689138576777,6.171875,11.0,72.0,"Sat, May 22, 2004","Thu, May 20, 2004"
3633,Newport News Williamsburg International,Newport News,United States,PHF,KPHF,37.131894,-76.492989,43,-5,A,"Newport News/Williamsburg, VA",402,400,403,403,4.6840796019900495,10.6425,25.0,56.0,"Fri, May 14, 2004","Sun, May  2, 2004"
3752,Philadelphia International,Philadelphia,United States,PHL,KPHL,39.871944,-75.241139,36,-5,A,"Philadelphia, PA",9477,9488,9683,9676,7.539622243325942,25.892074198988123,158.0,281.0,"Mon, May 17, 2004","Mon, May 17, 2004"
3462,Phoenix Sky Harbor International,Phoenix,United States,PHX,KPHX,33.434278,-112.011583,1135,-7,N,"Phoenix, AZ",14097,14141,14271,14273,5.926225438036484,13.645286754826385,46.0,156.0,"Mon, May  3, 2004","Sun, May 30, 2004"
4046,Peoria Regional,Peoria,United States,PIA,KPIA,40.664203,-89.693258,660,-6,A,"Peoria, IL",340,342,374,375,3.626470588235294,13.847953216374272,43.0,115.0,"Fri, May 21, 2004","Fri, May 21, 2004"
3617,St. Petersburg Clearwater International,St. Petersburg,United States,PIE,KPIE,27.910167,-82.687389,10,-5,A,"St. Petersburg, FL",202,202,202,202,4.683168316831685,12.940594059405939,10.0,80.0,"Mon, May 24, 2004","Wed, May 19, 2004"
5760,Pocatello Regional Airport,Pocatello,United States,PIH,KPIH,42.9098,-112.596,4452,-7,A,"Pocatello, ID",155,155,155,155,2.729032258064515,7.0129032258064505,13.0,39.0,"Mon, May 10, 2004","Thu, May 27, 2004"
3570,Pittsburgh International,Pittsburgh (pennsylva),United States,PIT,KPIT,40.491467,-80.232872,1204,-5,A,"Pittsburgh, PA",5216,5236,5328,5331,6.965874233128831,15.676088617265087,1390.0,1060.0,"Fri, May 14, 2004","Sun, May  2, 2004"
3564,Pensacola Regional,Pensacola,United States,PNS,KPNS,30.473425,-87.186611,121,-6,A,"Pensacola, FL",601,580,606,587,4.555740432612316,10.777586206896551,43.0,61.0,"Thu, May 13, 2004","Fri, May 28, 2004"
6133,Tri Cities Airport,Pasco,United States,PSC,PSC,46.2647,-119.119,410,-8,A,"Pasco/Kennewick/Richland, WA",370,370,372,372,4.0054054054054085,8.645945945945934,18.0,38.0,"Fri, May  7, 2004","Mon, May  3, 2004"
4147,Petersburg James A. Johnson,Petersburg,United States,PSG,PAPG,56.801667,-132.945278,105,-9,A,"Petersburg, AK",61,61,62,62,2.262295081967214,5.540983606557377,4.0,17.0,"Mon, May 17, 2004","Mon, May 17, 2004"
3839,Palm Springs International,Palm Springs,United States,PSP,KPSP,33.829667,-116.506694,477,-8,A,"Palm Springs, CA",950,949,961,962,4.034736842105268,9.89462592202319,16.0,116.0,"Sun, May 23, 2004","Sat, May  8, 2004"
3641,Theodore Francis Green State,Providence,United States,PVD,KPVD,41.732581,-71.420383,55,-5,A,"Providence, RI",2398,2397,2420,2420,4.3006672226855835,12.986232790988735,32.0,204.0,"Fri, May  7, 2004","Sun, May 30, 2004"
3862,Portland International Jetport,Portland,United States,PWM,KPWM,43.646161,-70.309281,77,-5,A,"Portland, ME",817,822,862,862,5.80905752753978,15.911192214111905,768.0,1388.0,"Fri, May  7, 2004","Thu, May 20, 2004"
4087,Rapid City Regional Airport,Rapid City,United States,RAP,KRAP,44.045278,-103.057222,3204,-7,A,"Rapid City, SD",305,305,307,308,3.8032786885245886,8.94098360655737,13.0,61.0,"Fri, May  7, 2004","Thu, May 20, 2004"
4098,Redding Municipal,Redding,United States,RDD,KRDD,40.509,-122.293389,504,-8,A,"Redding, CA",176,176,176,176,3.1136363636363638,7.755681818181818,6.0,18.0,"Mon, May 24, 2004","Tue, May 25, 2004"
4103,Roberts Field,Redmond-Bend,United States,RDM,KRDM,44.254066,-121.149964,3077,-8,A,"Bend/Redmond, OR",209,209,210,209,3.210526315789474,7.143540669856459,11.0,21.0,"Thu, May  6, 2004","Thu, May 20, 2004"
3626,Raleigh Durham International,Raleigh-durham,United States,RDU,KRDU,35.877639,-78.787472,435,-5,A,"Raleigh/Durham, NC",4741,4745,4837,4845,5.506433241932091,13.875869336143296,890.0,203.0,"Mon, May 17, 2004","Wed, May 12, 2004"
3608,Richmond International,Richmond,United States,RIC,KRIC,37.505167,-77.319667,167,-5,A,"Richmond, VA",1363,1359,1393,1395,9.767424798239192,14.201618837380432,1416.0,143.0,"Sun, May 23, 2004","Sun, May  9, 2004"
3807,Reno Tahoe International,Reno,United States,RNO,KRNO,39.499108,-119.768108,4415,-8,A,"Reno, NV",2545,2540,2561,2558,4.162671905697456,9.784645669291315,32.0,135.0,"Sun, May 23, 2004","Sun, May 30, 2004"
4016,Roanoke Regional,Roanoke VA,United States,ROA,KROA,37.325472,-79.975417,1175,-5,A,"Roanoke, VA",493,488,509,508,4.41379310344827,9.62295081967214,30.0,98.0,"Sun, May  9, 2004","Fri, May  7, 2004"
3622,Greater Rochester International,Rochester,United States,ROC,KROC,43.118866,-77.672389,559,-5,A,"Rochester, NY",1495,1495,1534,1534,8.979264214046808,14.532441471571905,1388.0,1400.0,"Fri, May  7, 2004","Mon, May 31, 2004"
4048,Rochester,Rochester,United States,RST,KRST,43.908283,-92.500014,1317,-6,A,"Rochester, MN",185,184,209,209,3.605405405405405,14.548913043478262,9.0,103.0,"Fri, May 14, 2004","Fri, May 21, 2004"
3793,Southwest Florida International,Fort Myers,United States,RSW,KRSW,26.536167,-81.755167,30,-5,A,"Fort Myers, FL",1666,1688,1692,1698,3.973589435774311,13.46208530805687,32.0,100.0,"Sat, May  1, 2004","Tue, May 18, 2004"
3731,San Diego International,San Diego,United States,SAN,KSAN,32.733556,-117.189667,17,-8,A,"San Diego, CA",7194,7181,7244,7239,3.529051987767584,12.754769530706017,31.0,117.0,"Fri, May 14, 2004","Thu, May 20, 2004"
3621,San Antonio International,San Antonio,United States,SAT,KSAT,29.533694,-98.469778,809,-6,A,"San Antonio, TX",3254,3254,3313,3309,3.4489858635525517,11.117086662569166,64.0,760.0,"Thu, May 20, 2004","Fri, May  7, 2004"
3613,Savannah Hilton Head International,Savannah,United States,SAV,KSAV,32.127583,-81.202139,51,-5,A,"Savannah, GA",1030,1030,1043,1043,6.925242718446601,14.086407766990284,1020.0,610.0,"Mon, May 10, 2004","Fri, May 21, 2004"
3949,Santa Barbara Municipal,Santa Barbara,United States,SBA,KSBA,34.426211,-119.840372,10,-8,A,"Santa Barbara, CA",914,914,926,930,12.181619256017502,8.389496717724292,1271.0,52.0,"Sun, May 30, 2004","Fri, May 28, 2004"
4359,South Bend Regional,South Bend,United States,SBN,KSBN,41.708661,-86.31725,799,-5,A,"South Bend, IN",416,416,437,437,3.4014423076923075,10.447115384615396,13.0,126.0,"Fri, May 21, 2004","Wed, May 26, 2004"
5768,San Luis County Regional Airport,San Luis Obispo,United States,SBP,KSBP,35.2368,-120.642,212,-8,A,"San Luis Obispo, CA",513,513,515,515,3.128654970760234,9.586744639376223,19.0,37.0,"Thu, May 20, 2004","Sat, May  1, 2004"
3620,Deadhorse,Deadhorse,United States,SCC,PASC,70.19475,-148.465167,64,-9,A,"Deadhorse, AK",29,29,31,31,2.413793103448276,4.655172413793103,4.0,8.0,"Fri, May  7, 2004","Fri, May  7, 2004"
4318,University Park Airport,State College Pennsylvania,United States,SCE,KUNV,40.849278,-77.848694,1239,-5,A,"State College, PA",213,213,217,217,3.295774647887324,7.446009389671362,7.0,20.0,"Sat, May 22, 2004","Sun, May 30, 2004"
4014,Louisville International Airport,Louisville,United States,SDF,KSDF,38.1740858,-85.7364989,501,-5,A,"Louisville, KY",1907,1914,1946,1950,6.425275301520717,13.980146290491119,1087.0,1438.0,"Wed, May 26, 2004","Fri, May 14, 2004"
3577,Seattle Tacoma International,Seattle,United States,SEA,KSEA,47.449,-122.309306,433,-8,A,"Seattle, WA",9237,9251,9326,9326,5.770055212731403,13.101286347421889,1421.0,146.0,"Sat, May 29, 2004","Thu, May 13, 2004"
3469,San Francisco International,San Francisco,United States,SFO,KSFO,37.618972,-122.374889,13,-8,A,"San Francisco, CA",11058,11084,11157,11161,5.435069632845009,16.685041501263097,36.0,162.0,"Fri, May  7, 2004","Sun, May  9, 2004"
4348,Springfield Branson National,Springfield,United States,SGF,KSGF,37.245667,-93.388639,1268,-6,A,"Springfield, MO",509,507,522,522,3.2848722986247543,11.084812623274166,14.0,90.0,"Tue, May 11, 2004","Fri, May  7, 2004"
4064,St. George Municipal,Saint George,United States,SGU,KSGU,37.090583,-113.593056,2941,-7,A,"St. George, UT",244,242,247,247,3.2745901639344255,7.735537190082645,21.0,24.0,"Sun, May  2, 2004","Tue, May 11, 2004"
3609,Shreveport Regional,Shreveport,United States,SHV,KSHV,32.446629,-93.8256,258,-6,A,"Shreveport, LA",746,719,762,733,29.088471849865908,9.735744089012506,1097.0,180.0,"Wed, May 26, 2004","Thu, May 27, 2004"
3856,Sitka Rocky Gutierrez,Sitka,United States,SIT,PASI,57.047138,-135.361611,21,-9,A,"Sitka, AK",122,122,124,124,4.532786885245901,9.901639344262291,12.0,27.0,"Fri, May 21, 2004","Sun, May 30, 2004"
3748,Norman Y. Mineta San Jose International,San Jose,United States,SJC,KSJC,37.3626,-121.929022,62,-8,A,"San Jose, CA",5135,5129,5179,5180,3.802531645569626,12.451939949307876,25.0,215.0,"Fri, May 14, 2004","Mon, May 10, 2004"
3708,San Angelo Regional-Mathis Field,San Angelo,United States,SJT,KSJT,31.35775,-100.496306,1919,-6,A,"San Angelo, TX",215,215,221,221,4.139534883720933,8.576744186046518,10.0,38.0,"Tue, May  4, 2004","Fri, May 14, 2004"
3536,Salt Lake City International,Salt Lake City,United States,SLC,KSLC,40.788389,-111.977772,4227,-7,A,"Salt Lake City, UT",11539,11556,11659,11649,6.149666348903728,15.91805122879887,1298.0,1417.0,"Mon, May 24, 2004","Wed, May  5, 2004"
3817,Sacramento International,Sacramento,United States,SMF,KSMF,38.695417,-121.590778,27,-8,A,"Sacramento, CA",4002,4003,4023,4021,4.224137931034481,9.73245066200349,46.0,139.0,"Fri, May 28, 2004","Wed, May 12, 2004"
5772,Santa Maria Public-Captain G. Allan Hancock Airport,Santa Maria,United States,SMX,KSMX,34.8989,-120.457,261,-8,A,"Santa Maria, CA",175,174,176,176,3.0342857142857156,7.241379310344827,7.0,42.0,"Fri, May 14, 2004","Thu, May 20, 2004"
3867,John Wayne Airport Orange County,Santa Ana,United States,SNA,KSNA,33.675667,-117.868222,56,-8,A,"Santa Ana, CA",3946,3957,4006,4004,6.290420679168776,14.357341420267872,73.0,667.0,"Sun, May  2, 2004","Fri, May 14, 2004"
3680,Sheppard AFB Wichita Falls Municipal,Wichita Falls,United States,SPS,KSPS,33.988797,-98.491894,1019,-6,A,"Wichita Falls, TX",179,178,182,182,5.82122905027933,10.865168539325838,17.0,27.0,"Mon, May 10, 2004","Fri, May 28, 2004"
4067,Sarasota Bradenton International,Sarasota,United States,SRQ,KSRQ,27.395444,-82.554389,30,-5,A,"Sarasota/Bradenton, FL",483,485,488,490,19.09523809523811,11.296907216494855,1432.0,45.0,"Sat, May  8, 2004","Mon, May 17, 2004"
3678,Lambert St. Louis International,St. Louis,United States,STL,KSTL,38.748697,-90.370028,618,-6,A,"St. Louis, MO",5035,5074,5143,5142,5.262363455809323,13.054986204178151,1385.0,188.0,"Wed, May  5, 2004","Thu, May 27, 2004"
6494,Friedman Memorial,Hailey,United States,SUN,KSUN,43.504444,-114.296194,5320,-7,A,"Sun Valley/Hailey/Ketchum, ID",233,237,241,248,2.527896995708156,6.582278481012656,11.0,53.0,"Fri, May 28, 2004","Fri, May 28, 2004"
3661,Stewart International,Newburgh,United States,SWF,KSWF,41.504094,-74.104839,491,-5,A,"Newburgh/Poughkeepsie, NY",202,203,216,216,18.252475247524742,16.76847290640394,1435.0,102.0,"Fri, May  7, 2004","Wed, May 26, 2004"
3745,Syracuse Hancock International,Syracuse,United States,SYR,KSYR,43.111187,-76.106311,421,-5,A,"Syracuse, NY",1210,1204,1247,1248,6.5280991735537155,14.027408637873748,1439.0,160.0,"Fri, May  7, 2004","Thu, May 13, 2004"
3698,Tallahassee Regional,Tallahassee,United States,TLH,KTLH,30.396528,-84.350333,81,-5,A,"Tallahassee, FL",458,455,462,461,4.554585152838424,11.246153846153842,19.0,107.0,"Thu, May  6, 2004","Sat, May  1, 2004"
4040,Toledo,Toledo,United States,TOL,KTOL,41.586806,-83.807833,684,-5,A,"Toledo, OH",463,463,480,480,3.1706263498920095,13.818574514038875,14.0,1325.0,"Wed, May  5, 2004","Mon, May 24, 2004"
3646,Tampa International,Tampa,United States,TPA,KTPA,27.975472,-82.53325,26,-5,A,"Tampa, FL",5822,5828,5837,5842,4.264685675025778,12.150308853809204,764.0,181.0,"Sat, May 29, 2004","Fri, May 14, 2004"
4116,Tri-Cities Regional Airport,BRISTOL,United States,TRI,KTRI,36.4752222,-82.4074167,1519,-5,A,"Bristol/Johnson City/Kingsport, TN",325,300,336,310,10.929230769230772,6.803333333333334,1255.0,35.0,"Mon, May 17, 2004","Thu, May 20, 2004"
3855,Tulsa International,Tulsa,United States,TUL,KTUL,36.198389,-95.888111,677,-6,A,"Tulsa, OK",1745,1746,1792,1791,3.4550143266475657,11.622565864833902,38.0,96.0,"Tue, May 25, 2004","Sun, May  9, 2004"
3636,Tucson International,Tucson,United States,TUS,KTUS,32.116083,-110.941028,2643,-7,N,"Tucson, AZ",1449,1430,1458,1441,4.00552104899931,10.17552447552448,22.0,81.0,"Sun, May  9, 2004","Mon, May 31, 2004"
4023,Cherry Capital Airport,Traverse City,United States,TVC,KTVC,44.741445,-85.582235,624,-5,A,"Traverse City, MI",185,190,216,216,3.1783783783783783,10.494736842105265,17.0,56.0,"Sat, May 29, 2004","Mon, May 24, 2004"
4263,Magic Valley Regional Airport,Twin Falls,United States,TWF,KTWF,42.481803,-114.487733,4151,-7,A,"Twin Falls, ID",152,155,157,156,2.835526315789473,7.012903225806451,11.0,25.0,"Wed, May 26, 2004","Tue, May 25, 2004"
3770,Texarkana Regional-Webb Field,Texarkana,United States,TXK,KTXK,33.453722,-93.991028,390,-6,A,"Texarkana, AR",159,159,164,165,4.42767295597484,7.805031446540878,18.0,30.0,"Tue, May 25, 2004","Thu, May  6, 2004"
3848,Tyler Pounds Regional,Tyler,United States,TYR,KTYR,32.354139,-95.402386,544,-6,A,"Tyler, TX",306,307,313,314,4.846405228758168,8.70684039087948,14.0,39.0,"Mon, May  3, 2004","Tue, May 18, 2004"
3676,McGhee Tyson,Knoxville,United States,TYS,KTYS,35.810972,-83.994028,981,-5,A,"Knoxville, TN",1132,1132,1164,1164,3.6890459363957597,13.78180212014135,33.0,164.0,"Wed, May 26, 2004","Mon, May 17, 2004"
5775,Victoria Regional Airport,Victoria,United States,VCT,KVCT,28.8526,-96.9185,115,-6,A,"Victoria, TX",75,76,81,81,3.7066666666666666,7.302631578947368,7.0,14.0,"Mon, May  3, 2004","Mon, May  3, 2004"
7121,Visalia Municipal Airport,Visalia,United States,VIS,KVIS,36.318611,-119.392778,295,-8,A,"Visalia, CA",51,51,51,52,2.372549019607844,7.1568627450980395,4.0,19.0,"Wed, May  5, 2004","Fri, May 21, 2004"
5776,Valdosta Regional Airport,Valdosta,United States,VLD,KVLD,30.7825,-83.2767,203,-5,A,"Valdosta, GA",123,123,124,124,3.764227642276423,6.536585365853658,9.0,37.0,"Thu, May 20, 2004","Wed, May 12, 2004"
3873,Eglin AFB,Valparaiso,United States,VPS,KVPS,30.48325,-86.5254,87,-6,A,"Valparaiso, FL",573,552,577,557,9.83071553228621,18.05797101449276,41.0,61.0,"Tue, May  4, 2004","Wed, May 19, 2004"
5969,Wrangell Airport,Wrangell,United States,WRG,PAWG,56.4843,-132.37,44,-9,A,"Wrangell, AK",61,61,62,62,2.5409836065573774,5.21311475409836,6.0,17.0,"Sun, May  2, 2004","Mon, May 17, 2004"
4356,NW Arkansas Regional,Bentonville,United States,XNA,KXNA,36.2818694,-94.3068111,1287,-6,A,"Fayetteville, AR",1136,1133,1184,1181,7.327464788732407,14.679611650485423,1373.0,1396.0,"Mon, May  3, 2004","Sat, May 29, 2004"
6803,Yakutat,Yakutat,United States,YAK,PAYA,59.3012,-139.3937,33,-9,A,"Yakutat, AK",60,60,62,62,2.3,4.233333333333334,6.0,8.0,"Mon, May  3, 2004","Tue, May 25, 2004"
3596,Yuma MCAS Yuma International,Yuma,United States,YUM,KYUM,32.656578,-114.60598,216,-7,N,"Yuma, AZ",117,116,118,118,3.9914529914529915,9.43103448275862,75.0,23.0,"Mon, May 17, 2004","Wed, May  5, 2004"
2883,Cyril E. King,St. Thomas,Virgin Islands,STT,TIST,18.337306,-64.973361,23,-4,U,"Charlotte Amalie, VI",247,245,247,247,4.744939271255064,12.11836734693878,31.0,25.0,"Mon, May 24, 2004","Mon, May 24, 2004"
2884,Henry E. Rohlsen,St. Croix Island,Virgin Islands,STX,TISX,17.701889,-64.798556,74,-4,U,"Christiansted, VI",36,36,36,36,3.4722222222222223,10.5,5.0,18.0,"Mon, May 24, 2004","Mon, May 10, 2004"
2885,Rafael Hernndez,Aguadilla,Puerto Rico,BQN,TJBQ,18.494861,-67.129444,237,-4,U,"Aguadilla, PR",35,35,35,35,5.085714285714285,15.0,8.0,30.0,"Mon, May  3, 2004","Sun, May 30, 2004"
2890,Luis Muoz Marn International,San Juan,Puerto Rico,SJU,TJSJ,18.439417,-66.001833,9,-4,U,"San Juan, PR",2254,2256,2266,2265,5.149068322981373,14.191046099290777,55.0,52.0,"Sat, May  1, 2004","Sat, May  1, 2004"
