airport_id,name,city,country,iata_faa,iaco,latitude,longitude,altitude,zone,dst,city_state,avg_able_landings,avg_able_takeoffs,total_landings,total_takeoffs,avg_taxi_in,avg_taxi_out,longest_taxi_in,longest_taxi_out,lng_tx_in_date,lng_tx_out_date
4355,Lehigh Valley International,Allentown,United States,ABE,KABE,40.652083,-75.440806,393,-5,A,"Allentown/Bethlehem/Easton, PA",501,501,519,519,4.327345309381234,15.211576846307382,25.0,84.0,"Sun, Jan 18, 2004","Thu, Jan 15, 2004"
3718,Abilene Regional,Abilene,United States,ABI,KABI,32.411319,-99.681897,1791,-6,A,"Abilene, TX",260,259,264,263,4.415384615384618,8.899613899613904,18.0,139.0,"Wed, Jan 14, 2004","Wed, Jan 14, 2004"
4019,Albuquerque International Sunport,Albuquerque,United States,ABQ,KABQ,35.0402222,-106.6091944,5355,-7,A,"Albuquerque, NM",3038,3036,3076,3075,4.221198156682017,10.780632411067169,25.0,155.0,"Mon, Jan 12, 2004","Fri, Jan  2, 2004"
5715,Southwest Georgia Regional Airport,Albany,United States,ABY,KABY,31.5355,-84.1945,197,-5,A,"Albany, GA",119,119,121,121,3.991596638655463,9.64705882352941,10.0,32.0,"Wed, Jan 21, 2004","Thu, Jan 22, 2004"
3700,Waco Regional,Waco,United States,ACT,KACT,31.611289,-97.230519,516,-6,A,"Waco, TX",303,304,307,307,4.336633663366336,9.144736842105267,13.0,135.0,"Sun, Jan 25, 2004","Wed, Jan 14, 2004"
4384,Arcata,Arcata CA,United States,ACV,KACV,40.978111,-124.108611,221,-8,A,"Arcata/Eureka, CA",310,310,320,321,3.245161290322579,6.980645161290322,13.0,27.0,"Tue, Jan 13, 2004","Sun, Jan  4, 2004"
3524,Atlantic City International,Atlantic City,United States,ACY,KACY,39.457583,-74.577167,75,-5,A,"Atlantic City, NJ",89,89,94,94,3.606741573033708,11.573033707865168,8.0,45.0,"Sat, Jan  3, 2004","Tue, Jan 27, 2004"
5959,Adak Airport,Adak Island,United States,ADK,PADK,51.878,-176.646,18,-10,A,"Adak Island, AK",8,8,9,9,3.875,8.625,5.0,14.0,"Sun, Jan 25, 2004","Thu, Jan  1, 2004"
3531,Kodiak,Kodiak,United States,ADQ,PADQ,57.749967,-152.493856,78,-9,A,"Kodiak, AK",53,53,62,62,3.0754716981132075,6.547169811320755,6.0,20.0,"Sun, Jan 11, 2004","Fri, Jan 16, 2004"
3852,Alexandria International,Alexandria,United States,AEX,KAEX,31.3274,-92.549833,89,-6,A,"Alexandria, LA",252,252,253,253,4.269841269841273,9.611111111111118,13.0,65.0,"Thu, Jan 15, 2004","Tue, Jan 13, 2004"
3658,Augusta Regional At Bush Field,Bush Field,United States,AGS,KAGS,33.369944,-81.9645,144,-5,A,"Augusta, GA",330,330,341,341,9.04545454545455,9.563636363636364,1393.0,52.0,"Wed, Jan  7, 2004","Mon, Jan 26, 2004"
3794,King Salmon,King Salmon,United States,AKN,PAKN,58.676778,-156.649278,68,-9,A,"King Salmon, AK",20,19,22,22,2.9,5.894736842105263,5.0,11.0,"Thu, Jan  8, 2004","Thu, Jan  1, 2004"
3864,Albany International,Albany,United States,ALB,KALB,42.748267,-73.801692,285,-5,A,"Albany, NY",1312,1303,1351,1348,3.8940548780487805,16.359938603223334,30.0,175.0,"Thu, Jan 29, 2004","Wed, Jan 28, 2004"
3840,Rick Husband Amarillo International,Amarillo,United States,AMA,KAMA,35.219369,-101.705931,3607,-6,A,"Amarillo, TX",658,658,669,670,3.8480243161094223,8.615501519756837,15.0,46.0,"Sun, Jan 25, 2004","Thu, Jan 15, 2004"
3774,Ted Stevens Anchorage International,Anchorage,United States,ANC,PANC,61.174361,-149.996361,152,-9,A,"Anchorage, AK",1445,1452,1529,1530,5.397923875432524,13.147382920110198,27.0,85.0,"Fri, Jan 16, 2004","Sat, Jan 10, 2004"
3682,Hartsfield Jackson Atlanta International,Atlanta,United States,ATL,KATL,33.636719,-84.428067,1026,-5,A,"Atlanta, GA",33511,33614,34338,34354,10.394944943451357,21.106027250550326,1435.0,1438.0,"Sat, Jan 31, 2004","Thu, Jan  1, 2004"
4047,Appleton,Appleton,United States,ATW,KATW,44.257526,-88.507576,680,-6,A,"Appleton, WI",211,211,217,218,4.23222748815166,24.383886255924168,62.0,1385.0,"Mon, Jan 12, 2004","Sat, Jan 31, 2004"
3673,Austin Bergstrom International,Austin,United States,AUS,KAUS,30.194528,-97.669889,542,-6,A,"Austin, TX",3265,3264,3321,3323,4.509035222052059,10.657475490196065,34.0,86.0,"Wed, Jan 28, 2004","Wed, Jan 28, 2004"
4007,Asheville Regional Airport,Asheville,United States,AVL,KAVL,35.436194,-82.541806,2165,-5,A,"Asheville, NC",354,353,378,377,3.0593220338983045,9.424929178470252,9.0,169.0,"Tue, Jan  6, 2004","Thu, Jan 15, 2004"
4286,Wilkes Barre Scranton International,Scranton,United States,AVP,KAVP,41.338478,-75.723403,962,-5,A,"Scranton/Wilkes-Barre, PA",233,231,249,248,3.5579399141630903,13.54978354978355,13.0,142.0,"Wed, Jan  7, 2004","Fri, Jan  2, 2004"
4039,Kalamazoo,Kalamazoo,United States,AZO,KAZO,42.234875,-85.552058,874,-5,A,"Kalamazoo, MI",346,342,394,393,3.621387283236994,16.71345029239766,14.0,97.0,"Thu, Jan  8, 2004","Sat, Jan 24, 2004"
3825,Bradley International,Windsor Locks,United States,BDL,KBDL,41.938889,-72.683222,173,-5,A,"Hartford, CT",2672,2670,2731,2733,5.441242514970057,16.000749063670373,55.0,131.0,"Tue, Jan 20, 2004","Tue, Jan  6, 2004"
3599,Bethel,Bethel,United States,BET,PABE,60.779778,-161.838,121,-9,A,"Bethel, AK",88,88,94,94,2.6590909090909096,5.863636363636363,7.0,17.0,"Sat, Jan 10, 2004","Fri, Jan  9, 2004"
3558,Meadows Field,Bakersfield,United States,BFL,KBFL,35.433598,-119.05677,507,-8,A,"Bakersfield, CA",231,232,239,243,4.142857142857142,7.198275862068965,7.0,33.0,"Wed, Jan 14, 2004","Fri, Jan  2, 2004"
4129,Greater Binghamton-Edwin A. Link Field,Binghamton,United States,BGM,KBGM,42.208689,-75.979839,1636,-5,A,"Binghamton, NY",178,175,184,186,3.4157303370786503,16.525714285714283,10.0,64.0,"Wed, Jan  7, 2004","Fri, Jan  2, 2004"
3463,Bangor International,Bangor,United States,BGR,KBGR,44.807444,-68.828139,192,-5,A,"Bangor, ME",375,370,401,400,9.562666666666669,12.402702702702703,1358.0,72.0,"Thu, Jan  8, 2004","Mon, Jan 26, 2004"
3811,Birmingham International,Birmingham,United States,BHM,KBHM,33.562942,-86.75355,644,-6,A,"Birmingham, AL",1794,1795,1838,1842,4.273690078037914,10.17214484679667,1338.0,96.0,"Fri, Jan  9, 2004","Mon, Jan  5, 2004"
4021,Billings Logan International Airport,Billings,United States,BIL,KBIL,45.80921,-108.537654,3652,-7,A,"Billings, MT",398,399,408,409,3.9221105527638196,10.771929824561417,42.0,42.0,"Tue, Jan  6, 2004","Wed, Jan 21, 2004"
4083,Bismarck Municipal Airport,Bismarck,United States,BIS,KBIS,46.775842,-100.757931,1661,-6,A,"Bismarck/Mandan, ND",184,184,185,185,3.6032608695652173,9.91304347826087,10.0,37.0,"Mon, Jan  5, 2004","Sun, Jan 25, 2004"
4037,Central Illinois Regional,Bloomington,United States,BMI,KBMI,40.477111,-88.915917,871,-6,A,"Bloomington/Normal, IL",168,168,186,186,4.666666666666667,16.065476190476197,16.0,129.0,"Fri, Jan 30, 2004","Fri, Jan  2, 2004"
3690,Nashville International,Nashville,United States,BNA,KBNA,36.124472,-86.678194,599,-6,A,"Nashville, TN",4874,4894,4983,4983,4.7687730816577805,10.972415202288513,31.0,107.0,"Sun, Jan 11, 2004","Mon, Jan 26, 2004"
3495,Boise Air Terminal,Boise,United States,BOI,KBOI,43.564361,-116.222861,2871,-7,A,"Boise, ID",1229,1229,1260,1260,3.510984540276646,11.016273393002464,28.0,97.0,"Sun, Jan 18, 2004","Sun, Jan  4, 2004"
3448,General Edward Lawrence Logan International,Boston,United States,BOS,KBOS,42.364347,-71.005181,19,-5,A,"Boston, MA",9662,9666,10133,10129,7.909749534257915,19.462342230498635,1385.0,1437.0,"Wed, Jan 21, 2004","Fri, Jan 23, 2004"
3612,Southeast Texas Regional,Beaumont,United States,BPT,KBPT,29.950833,-94.020694,15,-6,A,"Beaumont/Port Arthur, TX",127,129,132,132,3.645669291338583,9.100775193798448,10.0,24.0,"Sat, Jan 10, 2004","Thu, Jan  8, 2004"
5725,Brunswick Golden Isles Airport,Brunswick,United States,BQK,KBQK,31.2588,-81.4665,26,-5,A,"Brunswick, GA",112,112,114,114,3.3660714285714284,7.616071428571428,8.0,38.0,"Thu, Jan 29, 2004","Thu, Jan 15, 2004"
3738,Brownsville South Padre Island International,Brownsville,United States,BRO,KBRO,25.906833,-97.425861,22,-6,A,"Brownsville, TX",136,139,142,142,3.8676470588235294,8.388489208633093,10.0,32.0,"Wed, Jan  7, 2004","Thu, Jan 29, 2004"
3571,Wiley Post Will Rogers Memorial,Barrow,United States,BRW,PABR,71.285446,-156.766003,44,-9,A,"Barrow, AK",59,60,62,62,4.101694915254237,4.333333333333335,12.0,15.0,"Sat, Jan 24, 2004","Mon, Jan  5, 2004"
4022,Bert Mooney Airport,Butte,United States,BTM,KBTM,45.954806,-112.497472,5550,-7,A,"Butte, MT",110,109,116,120,4.472727272727274,10.880733944954128,11.0,45.0,"Wed, Jan  7, 2004","Sun, Jan 18, 2004"
3846,Baton Rouge Metro-Ryan Field,Baton Rouge,United States,BTR,KBTR,30.533167,-91.149639,70,-6,A,"Baton Rouge, LA",631,624,639,639,4.045958795562601,10.907051282051288,17.0,138.0,"Sun, Jan 25, 2004","Sat, Jan  3, 2004"
3711,Burlington International,Burlington,United States,BTV,KBTV,44.471861,-73.153278,335,-5,A,"Burlington, VT",650,644,666,666,5.986153846153848,15.613354037267081,1110.0,139.0,"Mon, Jan 26, 2004","Sun, Jan 18, 2004"
3820,Buffalo Niagara International,Buffalo,United States,BUF,KBUF,42.940525,-78.732167,724,-5,A,"Buffalo, NY",2064,2064,2128,2130,5.619670542635652,18.760658914728655,1250.0,106.0,"Sat, Jan  3, 2004","Tue, Jan 27, 2004"
3644,Bob Hope,Burbank,United States,BUR,KBUR,34.200667,-118.358667,778,-8,A,"Burbank, CA",2163,2171,2219,2219,2.5506241331484074,9.858129894058035,31.0,74.0,"Sun, Jan  4, 2004","Fri, Jan 23, 2004"
3849,Baltimore Washington International,Baltimore,United States,BWI,KBWI,39.175361,-76.668333,146,-5,A,"Baltimore, MD",8406,8403,8632,8635,5.511896264572936,14.619897655599189,1160.0,285.0,"Wed, Jan  7, 2004","Sat, Jan  3, 2004"
4020,Gallatin Field,Bozeman,United States,BZN,KBZN,45.777643,-111.160151,4500,-7,A,"Bozeman, MT",395,396,400,402,4.691139240506325,12.848484848484848,29.0,84.0,"Sat, Jan  3, 2004","Sat, Jan 24, 2004"
3561,Columbia Metropolitan,Colombia,United States,CAE,KCAE,33.938833,-81.119528,236,-5,A,"Columbia, SC",981,975,1049,1048,4.805300713557598,12.830769230769231,702.0,144.0,"Fri, Jan 23, 2004","Wed, Jan 28, 2004"
4112,Akron Canton Regional Airport,Akron,United States,CAK,KCAK,40.9160833,-81.4421944,1228,-5,A,"Akron, OH",688,681,707,708,12.513081395348838,15.928046989720999,1383.0,64.0,"Tue, Jan 27, 2004","Fri, Jan 23, 2004"
3824,Cedar City Regional,Cedar City,United States,CDC,KCDC,37.700967,-113.098847,5622,-7,A,"Cedar City, UT",56,56,61,62,3.392857142857143,7.839285714285714,7.0,24.0,"Sun, Jan  4, 2004","Sat, Jan  3, 2004"
3610,Merle K. Mudhole Smith,Cordova,United States,CDV,PACV,60.491778,-145.477556,48,-9,A,"Cordova, AK",55,55,62,62,3.0,5.618181818181818,6.0,15.0,"Thu, Jan 15, 2004","Tue, Jan 20, 2004"
5727,Del Norte County Airport,Crescent City,United States,CEC,KCEC,41.7802,-124.237,57,-8,A,"Crescent City, CA",83,83,86,85,3.1927710843373496,7.349397590361446,14.0,16.0,"Thu, Jan 29, 2004","Sat, Jan 17, 2004"
3578,Lovell Field,Chattanooga,United States,CHA,KCHA,35.035278,-85.203808,683,-5,A,"Chattanooga, TN",412,410,420,420,3.4150485436893203,8.99512195121951,25.0,47.0,"Mon, Jan  5, 2004","Wed, Jan 21, 2004"
4015,Charlottesville-Albemarle,Charlottesville VA,United States,CHO,KCHO,38.138639,-78.452861,639,-5,A,"Charlottesville, VA",299,300,311,310,2.923076923076923,7.92,12.0,61.0,"Mon, Jan 19, 2004","Sun, Jan 25, 2004"
3806,Charleston AFB International,Charleston,United States,CHS,KCHS,32.898647,-80.040528,45,-5,A,"Charleston, SC",1112,1114,1150,1153,8.05485611510791,13.303411131059244,1171.0,1436.0,"Sat, Jan 31, 2004","Wed, Jan  7, 2004"
3710,Chico Municipal,Chico,United States,CIC,KCIC,39.795383,-121.858422,238,-8,A,"Chico, CA",89,88,90,91,3.067415730337079,8.556818181818185,7.0,25.0,"Mon, Jan 19, 2004","Mon, Jan 12, 2004"
4043,Cedar Rapids,Cedar Rapids,United States,CID,KCID,41.884694,-91.710806,869,-6,A,"Cedar Rapids/Iowa City, IA",477,480,516,518,4.1991614255765235,12.931249999999997,28.0,154.0,"Tue, Jan 27, 2004","Fri, Jan  2, 2004"
5730,Harrison Marion Regional Airport,Clarksburg,United States,CKB,KCKB,39.2966,-80.2281,1217,-5,A,"Clarksburg/Fairmont, WV",6,6,6,6,210.0,249.33333333333334,1242.0,1437.0,"Sat, Jan  3, 2004","Thu, Jan  1, 2004"
4088,McClellan-Palomar Airport,Carlsbad,United States,CLD,KCRQ,33.0742,-117.1648,328,-8,A,"Carlsbad, CA",176,175,177,177,3.2159090909090917,7.325714285714285,10.0,44.0,"Wed, Jan  7, 2004","Fri, Jan 30, 2004"
3486,Cleveland Hopkins International,Cleveland,United States,CLE,KCLE,41.411689,-81.849794,791,-5,A,"Cleveland, OH",7115,7145,7284,7280,6.209416725228382,20.250944716585025,39.0,195.0,"Sun, Jan  4, 2004","Fri, Jan  2, 2004"
3715,Easterwood Field,College Station,United States,CLL,KCLL,30.588583,-96.363833,321,-6,A,"College Station/Bryan, TX",302,303,307,308,3.940397350993382,8.356435643564353,10.0,65.0,"Tue, Jan 13, 2004","Sun, Jan  4, 2004"
3876,Charlotte Douglas International,Charlotte,United States,CLT,KCLT,35.214,-80.943139,748,-5,A,"Charlotte, NC",8861,8868,9099,9095,5.128879358988811,17.437979251240385,1257.0,255.0,"Sat, Jan 10, 2004","Fri, Jan  2, 2004"
3759,Port Columbus International,Columbus,United States,CMH,KCMH,39.997972,-82.891889,815,-5,A,"Columbus, OH",3051,3028,3145,3137,5.189446083251393,14.932959048877143,782.0,162.0,"Sat, Jan 10, 2004","Mon, Jan 26, 2004"
4049,Champaign,Champaign,United States,CMI,KCMI,40.03925,-88.278056,754,-6,A,"Champaign/Urbana, IL",181,180,208,207,3.8950276243093924,14.416666666666666,14.0,147.0,"Sun, Jan  4, 2004","Fri, Jan 23, 2004"
4344,Yellowstone Regional,Cody,United States,COD,KCOD,44.520194,-109.023806,5102,-7,A,"Cody, WY",62,61,62,62,3.225806451612903,8.573770491803279,6.0,32.0,"Thu, Jan 29, 2004","Sat, Jan 24, 2004"
3819,City Of Colorado Springs Municipal,Colorado Springs,United States,COS,KCOS,38.805805,-104.700778,6187,-7,A,"Colorado Springs, CO",985,985,995,995,7.66598984771574,14.568527918781724,1095.0,66.0,"Sat, Jan  3, 2004","Sat, Jan  3, 2004"
3872,Natrona County International,Casper,United States,CPR,KCPR,42.908,-106.464417,5347,-7,A,"Casper, WY",265,265,276,277,3.030188679245283,8.313207547169808,11.0,32.0,"Thu, Jan 22, 2004","Wed, Jan 14, 2004"
3744,Corpus Christi International,Corpus Christi,United States,CRP,KCRP,27.770361,-97.501222,44,-6,A,"Corpus Christi, TX",699,698,704,704,4.118741058655227,9.55014326647564,16.0,127.0,"Tue, Jan 13, 2004","Sat, Jan 31, 2004"
4285,Yeager,Charleston,United States,CRW,KCRW,38.373147,-81.593189,981,-5,A,"Charleston/Dunbar, WV",371,375,394,393,2.9110512129380055,9.71199999999998,12.0,37.0,"Tue, Jan 20, 2004","Sun, Jan 25, 2004"
4255,Columbus Metropolitan Airport,Columbus,United States,CSG,KCSG,32.5163333,-84.9388611,397,-5,A,"Columbus, GA",173,173,181,181,2.7514450867052025,7.173410404624279,20.0,22.0,"Sat, Jan  3, 2004","Tue, Jan 27, 2004"
3488,Cincinnati Northern Kentucky International,Cincinnati,United States,CVG,KCVG,39.048836,-84.667822,896,-5,A,"Cincinnati, OH",16536,16746,17411,17448,25.24479922593124,19.372447151558536,1439.0,1432.0,"Sat, Jan  3, 2004","Thu, Jan 29, 2004"
3950,Daytona Beach International,Daytona Beach,United States,DAB,KDAB,29.179917,-81.058056,34,-5,A,"Daytona Beach, FL",339,337,343,342,5.879056047197639,12.148367952522246,712.0,64.0,"Fri, Jan 30, 2004","Sun, Jan  4, 2004"
3502,Dallas Love Field,Dallas,United States,DAL,KDAL,32.847111,-96.851778,487,-6,A,"Dallas, TX",3614,3637,3774,3781,2.905921416712786,7.688479516084686,18.0,70.0,"Fri, Jan 16, 2004","Wed, Jan 14, 2004"
3627,James M. Cox Dayton International,Dayton,United States,DAY,KDAY,39.902375,-84.219375,1009,-5,A,"Dayton, OH",1215,1211,1284,1286,5.027160493827155,20.402972749793587,31.0,1330.0,"Wed, Jan 28, 2004","Fri, Jan 23, 2004"
4388,Dubuque Regional,Dubuque IA,United States,DBQ,KDBQ,42.402,-90.709472,1076,-6,A,"Dubuque, IA",88,86,93,93,3.7954545454545454,14.779069767441861,11.0,41.0,"Mon, Jan 12, 2004","Sat, Jan 17, 2004"
3520,Ronald Reagan Washington National,Washington,United States,DCA,KDCA,38.852083,-77.037722,15,-5,A,"Washington, DC",7185,7177,7531,7538,6.231593597773133,15.29580604709491,1436.0,215.0,"Sun, Jan 25, 2004","Sun, Jan 25, 2004"
3751,Denver International,Denver,United States,DEN,KDEN,39.861656,-104.673178,5431,-7,A,"Denver, CO",12485,12509,12719,12710,7.273528233880658,16.026460948117368,62.0,168.0,"Sat, Jan  3, 2004","Sun, Jan 25, 2004"
3670,Dallas Fort Worth International,Dallas-fort Worth,United States,DFW,KDFW,32.896828,-97.037997,607,-6,A,"Dallas/Fort Worth, TX",28669,28800,29315,29295,11.493599358191803,17.502777777777673,84.0,908.0,"Wed, Jan 14, 2004","Thu, Jan  1, 2004"
3739,Dothan Regional,Dothan,United States,DHN,KDHN,31.321339,-85.449628,401,-6,A,"Dothan, AL",149,149,150,150,3.5033557046979866,7.315436241610739,8.0,22.0,"Wed, Jan  7, 2004","Sun, Jan 18, 2004"
3460,Dillingham,Dillingham,United States,DLG,PADL,59.044667,-158.5055,74,-9,A,"Dillingham, AK",11,11,13,13,3.5454545454545454,5.363636363636363,5.0,18.0,"Tue, Jan  6, 2004","Wed, Jan 28, 2004"
3598,Duluth International,Duluth,United States,DLH,KDLH,46.842091,-92.193649,1428,-6,A,"Duluth, MN",60,60,60,60,4.883333333333335,11.783333333333333,10.0,117.0,"Wed, Jan 28, 2004","Mon, Jan 26, 2004"
3713,Durango La Plata County,Durango,United States,DRO,KDRO,37.151516,-107.75377,6685,-7,A,"Durango, CO",55,54,58,59,3.763636363636364,9.629629629629626,8.0,23.0,"Tue, Jan  6, 2004","Wed, Jan 21, 2004"
3729,Des Moines International,Des Moines,United States,DSM,KDSM,41.533972,-93.663083,958,-6,A,"Des Moines, IA",896,890,928,927,5.5379464285714155,15.39438202247191,735.0,105.0,"Sat, Jan  3, 2004","Fri, Jan 23, 2004"
3645,Detroit Metro Wayne County,Detroit,United States,DTW,KDTW,42.212444,-83.353389,645,-5,A,"Detroit, MI",11548,11554,11900,11885,9.907516453065481,22.72468409208929,1225.0,201.0,"Sat, Jan  3, 2004","Wed, Jan 14, 2004"
3860,Unalaska,Unalaska,United States,DUT,PADU,53.900139,-166.5435,22,-9,A,"Unalaska, AK",38,37,55,55,2.2105263157894743,4.837837837837838,4.0,21.0,"Sun, Jan 11, 2004","Sun, Jan 11, 2004"
3572,Ellington Field,Houston,United States,EFD,KEFD,29.607333,-95.15875,32,-6,A,"Houston, TX",130,131,130,131,4.376923076923077,9.519083969465646,12.0,30.0,"Sun, Jan 18, 2004","Fri, Jan  2, 2004"
4250,Eagle County Regional,Vail,United States,EGE,KEGE,39.642556,-106.917694,6540,-7,A,"Eagle, CO",263,272,291,290,5.342205323193917,23.617647058823543,52.0,318.0,"Sun, Jan  4, 2004","Sat, Jan 31, 2004"
5736,Elko Regional Airport,Elko,United States,EKO,KEKO,40.8249,-115.792,5140,-8,A,"Elko, NV",209,211,220,227,3.5311004784688995,6.625592417061611,7.0,32.0,"Wed, Jan  7, 2004","Wed, Jan 21, 2004"
3559,El Paso International,El Paso,United States,ELP,KELP,31.80725,-106.377583,3958,-7,A,"El Paso, TX",1702,1700,1724,1722,3.184488836662749,9.103529411764697,21.0,45.0,"Tue, Jan  6, 2004","Mon, Jan 12, 2004"
4276,Erie International-Tom Ridge Field,Erie,United States,ERI,KERI,42.082022,-80.176217,733,-5,A,"Erie, PA",67,66,75,75,3.5970149253731343,17.787878787878785,14.0,54.0,"Sun, Jan  4, 2004","Wed, Jan 14, 2004"
4099,Mahlon Sweet Field,Eugene,United States,EUG,KEUG,44.124583,-123.211972,374,-8,A,"Eugene, OR",348,349,382,383,3.301724137931035,8.704871060171918,19.0,57.0,"Thu, Jan  1, 2004","Thu, Jan  1, 2004"
4018,Evansville Regional,Evansville,United States,EVV,KEVV,38.036997,-87.532364,418,-6,A,"Evansville, IN",416,415,465,465,4.137019230769234,11.893975903614457,14.0,69.0,"Thu, Jan 29, 2004","Thu, Jan 29, 2004"
3494,Newark Liberty International,Newark,United States,EWR,KEWR,40.6925,-74.168667,18,-5,A,"Newark, NJ",12190,12216,12751,12745,8.732813781788284,24.363048461034733,1388.0,1373.0,"Fri, Jan  9, 2004","Sun, Jan  4, 2004"
3875,Key West International,Key West,United States,EYW,KEYW,24.556111,-81.759556,3,-5,A,"Key West, FL",59,62,62,62,3.2033898305084745,10.451612903225804,8.0,33.0,"Thu, Jan 22, 2004","Sat, Jan 17, 2004"
3832,Fairbanks International,Fairbanks,United States,FAI,PAFA,64.815114,-147.856267,434,-9,A,"Fairbanks, AK",380,380,396,396,3.552631578947366,9.244736842105265,18.0,41.0,"Mon, Jan  5, 2004","Sun, Jan 18, 2004"
4292,Hector International Airport,Fargo,United States,FAR,KFAR,46.92065,-96.8157639,902,-6,A,"Fargo, ND",316,313,328,328,5.49367088607595,14.645367412140574,65.0,69.0,"Fri, Jan 23, 2004","Fri, Jan 23, 2004"
3687,Fresno Yosemite International,Fresno,United States,FAT,KFAT,36.776194,-119.71814,336,-8,A,"Fresno, CA",1073,1079,1124,1140,3.7418452935694306,8.452270620945335,17.0,36.0,"Thu, Jan 22, 2004","Sun, Jan  4, 2004"
5738,Fayetteville Regional-Grannis Field,Fayetteville,United States,FAY,KFAY,34.9912,-78.8803,189,-5,A,"Fayetteville, NC",135,136,148,149,3.466666666666667,7.6911764705882355,13.0,35.0,"Thu, Jan 22, 2004","Fri, Jan  9, 2004"
4127,Glacier Park International,Kalispell,United States,FCA,KFCA,48.310472,-114.256,2977,-7,A,"Kalispell, MT",211,212,232,235,4.535545023696685,13.122641509433958,12.0,61.0,"Sat, Jan  3, 2004","Wed, Jan 28, 2004"
3533,Fort Lauderdale Hollywood International,Fort Lauderdale,United States,FLL,KFLL,26.072583,-80.15275,9,-5,A,"Fort Lauderdale, FL",5383,5380,5418,5414,5.2169793795281425,16.43550185873606,1061.0,176.0,"Fri, Jan  2, 2004","Sun, Jan  4, 2004"
3879,Florence Regional,Florence,United States,FLO,KFLO,34.185361,-79.723889,146,-5,A,"Florence, SC",80,79,86,86,4.562499999999999,9.075949367088608,8.0,24.0,"Sat, Jan 31, 2004","Sat, Jan 17, 2004"
4089,Bishop International,Flint,United States,FNT,KFNT,42.965424,-83.743629,782,-5,A,"Flint, MI",499,499,512,512,10.322645290581166,17.00801603206414,1385.0,295.0,"Sat, Jan  3, 2004","Tue, Jan 27, 2004"
4009,Sioux Falls,Sioux Falls,United States,FSD,KFSD,43.582014,-96.741914,1429,-6,A,"Sioux Falls, SD",493,493,524,525,4.434077079107498,15.354969574036504,22.0,111.0,"Thu, Jan 29, 2004","Sat, Jan  3, 2004"
3437,Fort Smith Regional,Fort Smith,United States,FSM,KFSM,35.336583,-94.367444,469,-6,A,"Fort Smith, AR",146,145,148,148,3.8630136986301378,8.613793103448275,11.0,27.0,"Wed, Jan 28, 2004","Wed, Jan 14, 2004"
4041,Fort Wayne,Fort Wayne,United States,FWA,KFWA,40.978472,-85.195139,815,-5,A,"Fort Wayne, IN",565,564,605,604,4.046017699115041,17.090425531914885,28.0,1295.0,"Mon, Jan 26, 2004","Thu, Jan 29, 2004"
3467,Spokane International,Spokane,United States,GEG,KGEG,47.619861,-117.533833,2376,-8,A,"Spokane, WA",1088,1108,1154,1164,4.33088235294117,13.111913357400722,23.0,95.0,"Wed, Jan 14, 2004","Thu, Jan  1, 2004"
3442,Grand Forks International,Grand Forks,United States,GFK,KGFK,47.949256,-97.176111,845,-6,A,"Grand Forks, ND",85,85,87,87,4.329411764705884,10.235294117647058,8.0,36.0,"Mon, Jan 12, 2004","Sun, Jan 11, 2004"
3465,East Texas Regional,Longview,United States,GGG,KGGG,32.384014,-94.711486,365,-6,A,"Longview, TX",92,90,93,93,4.586956521739129,10.088888888888889,11.0,29.0,"Sat, Jan  3, 2004","Sat, Jan  3, 2004"
4063,Grand Junction Regional,Grand Junction,United States,GJT,KGJT,39.122413,-108.526735,4858,-7,A,"Grand Junction, CO",307,306,362,373,3.058631921824104,14.320261437908497,9.0,1050.0,"Mon, Jan  5, 2004","Tue, Jan 13, 2004"
3472,Gainesville Regional,Gainesville,United States,GNV,KGNV,29.690056,-82.271778,152,-5,A,"Gainesville, FL",203,205,207,208,2.8866995073891624,6.4536585365853645,7.0,20.0,"Fri, Jan 23, 2004","Tue, Jan  6, 2004"
4038,Gulfport-Biloxi,Gulfport,United States,GPT,KGPT,30.407278,-89.070111,28,-6,A,"Gulfport/Biloxi, MS",470,468,473,472,4.536170212765954,10.021367521367527,15.0,45.0,"Thu, Jan 29, 2004","Fri, Jan  2, 2004"
3653,Austin Straubel International,Green Bay,United States,GRB,KGRB,44.485072,-88.129589,695,-6,A,"Green Bay, WI",510,507,529,529,4.060784313725485,17.32347140039448,41.0,1405.0,"Wed, Jan 21, 2004","Sun, Jan 11, 2004"
3685,Gerald R. Ford International,Grand Rapids,United States,GRR,KGRR,42.880833,-85.522806,794,-5,A,"Grand Rapids, MI",1387,1382,1449,1448,5.532083633741893,18.035455861070897,1190.0,191.0,"Sat, Jan  3, 2004","Sat, Jan  3, 2004"
4008,Piedmont Triad,Greensboro,United States,GSO,KGSO,36.09775,-79.937306,925,-5,A,"Greensboro/High Point, NC",1494,1494,1572,1572,5.890896921017403,15.843373493975903,1439.0,308.0,"Mon, Jan  5, 2004","Tue, Jan 27, 2004"
4034,Greenville-Spartanburg International,Greenville,United States,GSP,KGSP,34.895556,-82.218889,964,-5,A,"Greer, SC",1056,1051,1151,1151,11.380681818181818,15.952426260704108,1414.0,675.0,"Tue, Jan 13, 2004","Mon, Jan  5, 2004"
3880,Great Falls International,Great Falls,United States,GTF,KGTF,47.482,-111.370689,3677,-7,A,"Great Falls, MT",276,275,298,296,4.344202898550722,9.581818181818177,16.0,43.0,"Sun, Jan  4, 2004","Tue, Jan 27, 2004"
4273,Golden Triangle Regional Airport,Columbus Mississippi,United States,GTR,KGTR,33.450333,-88.591361,264,-6,A,"Columbus, MS",121,120,123,122,3.3636363636363638,12.058333333333334,10.0,43.0,"Fri, Jan  2, 2004","Fri, Jan 23, 2004"
7051,Gunnison - Crested Butte,Gunnison,United States,GUC,KGUC,38.533889,-106.933056,7678,-7,A,"Gunnison, CO",44,44,45,45,4.340909090909091,17.36363636363636,9.0,118.0,"Sat, Jan  3, 2004","Sat, Jan  3, 2004"
4339,Yampa Valley,Hayden,United States,HDN,KHDN,40.481181,-107.21766,6602,-7,A,"Hayden, CO",199,199,204,202,4.3216080402010055,18.407035175879397,35.0,107.0,"Sat, Jan  3, 2004","Sat, Jan  3, 2004"
3504,Helena Regional,Helena,United States,HLN,KHLN,46.606806,-111.98275,3877,-7,A,"Helena, MT",191,190,203,204,130.79057591623035,11.031578947368422,1436.0,61.0,"Mon, Jan 26, 2004","Sat, Jan 17, 2004"
3728,Honolulu International,Honolulu,United States,HNL,PHNL,21.318681,-157.922428,13,-10,N,"Honolulu, HI",2818,2826,2839,2839,6.270404542228522,13.431351733899513,26.0,54.0,"Wed, Jan 14, 2004","Sun, Jan 25, 2004"
3566,William P. Hobby,Houston,United States,HOU,KHOU,29.645419,-95.278889,46,-6,A,"Houston, TX",4805,4808,4964,4963,4.192507804370427,8.418469217970069,69.0,60.0,"Thu, Jan  8, 2004","Tue, Jan 13, 2004"
3589,Westchester County,White Plains,United States,HPN,KHPN,41.066959,-73.707575,439,-5,A,"White Plains, NY",732,729,792,793,7.379781420765028,17.422496570644718,100.0,156.0,"Sun, Jan 18, 2004","Mon, Jan  5, 2004"
3560,Valley International,Harlingen,United States,HRL,KHRL,26.2285,-97.654389,36,-6,A,"Harlingen/San Benito, TX",488,486,492,491,2.442622950819675,7.300411522633742,10.0,31.0,"Tue, Jan 27, 2004","Sat, Jan 31, 2004"
4113,Huntsville International Airport-Carl T. Jones Field,Huntsville,United States,HSV,KHSV,34.6371944,-86.7750556,629,-6,A,"Huntsville, AL",900,905,943,945,8.621111111111116,15.58232044198895,1325.0,1439.0,"Fri, Jan  9, 2004","Mon, Jan 12, 2004"
5742,TriState-Milton J. Ferguson Field,Huntington,United States,HTS,KHTS,38.3667,-82.558,828,-5,A,"Ashland, WV",84,85,88,88,3.4047619047619047,10.482352941176469,8.0,48.0,"Tue, Jan 27, 2004","Fri, Jan 30, 2004"
3714,Washington Dulles International,Washington,United States,IAD,KIAD,38.944533,-77.455811,313,-5,A,"Washington, DC",8346,8390,8633,8632,5.86628324946083,18.166269368295573,960.0,192.0,"Tue, Jan  6, 2004","Tue, Jan 27, 2004"
3550,George Bush Intercontinental Houston,Houston,United States,IAH,KIAH,29.984433,-95.341442,97,-6,A,"Houston, TX",16130,16169,16261,16255,9.031990080595131,21.04050961716869,46.0,130.0,"Sat, Jan 17, 2004","Fri, Jan  2, 2004"
3457,Wichita Mid Continent,Wichita,United States,ICT,KICT,37.649944,-97.433056,1333,-6,A,"Wichita, KS",829,828,869,868,15.277442702050664,13.141304347826088,1410.0,126.0,"Sat, Jan 24, 2004","Tue, Jan  6, 2004"
4100,Idaho Falls Regional,Idaho Falls,United States,IDA,KIDA,43.514556,-112.07075,4744,-7,A,"Idaho Falls, ID",239,242,255,254,3.6234309623430963,9.479338842975212,27.0,56.0,"Thu, Jan  1, 2004","Sun, Jan 25, 2004"
3845,Wilmington International,Wilmington,United States,ILM,KILM,34.270615,-77.902569,32,-5,A,"Wilmington, NC",318,318,329,329,4.1918238993710695,9.144654088050311,11.0,56.0,"Fri, Jan 23, 2004","Mon, Jan 12, 2004"
3585,Indianapolis International,Indianapolis,United States,IND,KIND,39.717331,-86.294383,797,-5,A,"Indianapolis, IN",3534,3520,3618,3621,8.238822863610633,16.537784090909145,77.0,200.0,"Sat, Jan 10, 2004","Sun, Jan  4, 2004"
3689,Imperial County,Imperial,United States,IPL,KIPL,32.834219,-115.578744,-54,-8,A,"El Centro, CA",62,62,62,62,2.9193548387096775,7.354838709677419,7.0,15.0,"Sat, Jan 17, 2004","Mon, Jan  5, 2004"
3857,Long Island MacArthur,Islip,United States,ISP,KISP,40.79525,-73.100222,99,-5,A,"Islip, NY",1020,1025,1051,1051,4.392156862745104,12.196097560975623,125.0,472.0,"Fri, Jan 16, 2004","Mon, Jan  5, 2004"
3415,Hilo International,Hilo,United States,ITO,PHTO,19.721375,-155.048469,38,-10,N,"Hilo, HI",194,194,194,194,4.664948453608246,5.262886597938143,8.0,10.0,"Mon, Jan 26, 2004","Fri, Jan 23, 2004"
7120,Inyokern Airport,Inyokern,United States,IYK,KIYK,35.658889,-117.829444,2455,-8,A,"Inyokern, CA",88,89,88,89,3.1704545454545463,7.62921348314607,7.0,15.0,"Sun, Jan 11, 2004","Fri, Jan  2, 2004"
4027,Jackson Hole Airport,Jacksn Hole,United States,JAC,KJAC,43.60733333,-110.73775,6451,-7,A,"Jackson, WY",329,334,347,352,3.4802431610942244,17.754491017964067,51.0,113.0,"Fri, Jan  2, 2004","Sat, Jan  3, 2004"
3580,Jackson Evers International,Jackson,United States,JAN,KJAN,32.311167,-90.075889,346,-6,A,"Jackson/Vicksburg, MS",948,948,960,961,3.6054852320675095,9.966244725738388,21.0,105.0,"Sat, Jan 17, 2004","Wed, Jan 14, 2004"
3712,Jacksonville International,Jacksonville,United States,JAX,KJAX,30.494056,-81.687861,30,-5,A,"Jacksonville, FL",2484,2469,2517,2517,5.1135265700482995,12.48724179829891,1227.0,160.0,"Sat, Jan  3, 2004","Sun, Jan 18, 2004"
3797,John F. Kennedy International,New York,United States,JFK,KJFK,40.639751,-73.778925,13,-5,A,"New York, NY",6677,6669,6826,6805,9.171334431630964,24.083970610286425,173.0,178.0,"Thu, Jan 15, 2004","Tue, Jan 27, 2004"
3492,Juneau International,Juneau,United States,JNU,PAJN,58.354972,-134.576278,21,-9,A,"Juneau, AK",276,280,307,308,4.387681159420291,12.48571428571429,10.0,47.0,"Fri, Jan 30, 2004","Fri, Jan 16, 2004"
3514,Kona International At Keahole,Kona,United States,KOA,PHKO,19.738767,-156.045631,47,-10,N,"Kona, HI",505,505,505,505,3.7009900990099016,7.5069306930693,10.0,25.0,"Sat, Jan 10, 2004","Thu, Jan  8, 2004"
3808,Ketchikan International,Ketchikan,United States,KTN,PAKT,55.355556,-131.71375,88,-9,A,"Ketchikan, AK",170,170,186,186,4.641176470588233,9.729411764705878,13.0,39.0,"Thu, Jan  8, 2004","Thu, Jan 29, 2004"
3544,Capital City,Lansing,United States,LAN,KLAN,42.7787,-84.587357,861,-5,A,"Lansing, MI",396,397,425,425,3.744949494949495,12.105793450881611,10.0,90.0,"Mon, Jan 19, 2004","Tue, Jan  6, 2004"
3877,McCarran International,Las Vegas,United States,LAS,KLAS,36.080056,-115.15225,2141,-8,A,"Las Vegas, NV",12586,12598,12769,12772,5.249801366597811,15.97372598825218,87.0,151.0,"Tue, Jan 20, 2004","Mon, Jan 26, 2004"
4256,Lawton-Fort Sill Regional Airport,Lawton,United States,LAW,KLAW,34.5677144,-98.4166367,1110,-6,A,"Lawton/Fort Sill, OK",153,154,156,159,4.176470588235294,11.077922077922079,9.0,30.0,"Fri, Jan  2, 2004","Sun, Jan 11, 2004"
3484,Los Angeles International,Los Angeles,United States,LAX,KLAX,33.942536,-118.408075,126,-8,A,"Los Angeles, CA",18866,18899,19248,19231,7.340082688434227,14.204243610773066,64.0,209.0,"Fri, Jan 16, 2004","Fri, Jan  2, 2004"
3829,Lubbock Preston Smith International,Lubbock,United States,LBB,KLBB,33.663639,-101.822778,3282,-6,A,"Lubbock, TX",809,807,822,824,3.1421508034610626,8.174721189591066,31.0,45.0,"Sat, Jan 17, 2004","Sat, Jan 17, 2004"
3513,Lake Charles Regional,Lake Charles,United States,LCH,KLCH,30.126112,-93.223335,15,-6,A,"Lake Charles, LA",132,131,132,132,4.5984848484848495,8.3587786259542,10.0,34.0,"Mon, Jan  5, 2004","Mon, Jan 12, 2004"
4017,Blue Grass,Lexington KY,United States,LEX,KLEX,38.0365,-84.605889,979,-5,A,"Lexington, KY",744,745,791,782,5.966397849462368,15.166442953020127,1322.0,1401.0,"Sat, Jan 10, 2004","Fri, Jan 30, 2004"
3493,Lafayette Regional,Lafayette,United States,LFT,KLFT,30.205278,-91.987611,43,-6,A,"Lafayette, LA",278,278,278,278,4.226618705035975,10.920863309352512,9.0,49.0,"Sun, Jan 18, 2004","Thu, Jan 29, 2004"
3697,LaGuardia Airport,New York,United States,LGA,KLGA,40.777245,-73.872608,22,-5,A,"New York, NY",9933,9935,10526,10526,9.095942816873036,23.250931051836954,1389.0,183.0,"Sun, Jan 11, 2004","Thu, Jan 15, 2004"
3582,Long Beach,Long Beach,United States,LGB,KLGB,33.817722,-118.151611,60,-8,A,"Long Beach, CA",943,947,962,964,4.867444326617183,12.280887011615633,46.0,35.0,"Sun, Jan 25, 2004","Thu, Jan 29, 2004"
3602,Lihue,Lihue,United States,LIH,PHLI,21.975983,-159.338958,153,-10,N,"Lihue, HI",606,606,611,611,4.414191419141914,5.103960396039611,47.0,20.0,"Thu, Jan 22, 2004","Sun, Jan  4, 2004"
3660,Adams Field,Little Rock,United States,LIT,KLIT,34.729444,-92.224306,262,-6,A,"Little Rock, AR",1428,1424,1452,1450,6.389355742296921,10.872893258426966,1390.0,172.0,"Tue, Jan 27, 2004","Sat, Jan 31, 2004"
3543,Lincoln,Lincoln,United States,LNK,KLNK,40.850971,-96.75925,1219,-6,A,"Lincoln, NE",313,306,339,340,4.057507987220449,15.473856209150314,64.0,154.0,"Fri, Jan  9, 2004","Mon, Jan 26, 2004"
3851,Lanai,Lanai,United States,LNY,PHNY,20.785611,-156.951419,1308,-10,N,"Lanai, HI",28,27,31,31,4.0357142857142865,5.7407407407407405,6.0,19.0,"Mon, Jan 12, 2004","Wed, Jan 21, 2004"
3691,Laredo International,Laredo,United States,LRD,KLRD,27.54375,-99.461556,508,-6,A,"Laredo, TX",179,179,180,180,3.659217877094972,9.659217877094969,12.0,41.0,"Sat, Jan 17, 2004","Sat, Jan 31, 2004"
4044,LaCrosse Municipal,LaCrosse,United States,LSE,KLSE,43.878986,-91.256711,654,-6,A,"La Crosse, WI",161,162,174,175,3.770186335403727,13.339506172839512,11.0,88.0,"Sat, Jan 10, 2004","Mon, Jan 26, 2004"
5753,Lynchburg Regional-Preston Glenn Field,Lynchburg,United States,LYH,KLYH,37.3267,-79.2004,938,-5,A,"Lynchburg, VA",85,85,92,92,4.270588235294117,8.647058823529413,8.0,33.0,"Wed, Jan  7, 2004","Sun, Jan 25, 2004"
3652,Midland International,Midland,United States,MAF,KMAF,31.942528,-102.201914,2871,-6,A,"Midland/Odessa, TX",665,662,675,674,2.8661654135338326,8.013595166163142,22.0,30.0,"Sat, Jan  3, 2004","Thu, Jan  8, 2004"
4128,MBS International,Saginaw,United States,MBS,KMBS,43.532913,-84.079647,668,-5,A,"Saginaw/Bay City/Midland, MI",288,285,302,302,4.6562499999999964,13.368421052631575,13.0,68.0,"Wed, Jan 28, 2004","Fri, Jan 23, 2004"
3458,Kansas City International,Kansas City,United States,MCI,KMCI,39.297606,-94.713905,1026,-6,A,"Kansas City, MO",4841,4839,4962,4962,5.0596984094195285,12.713990493903692,197.0,181.0,"Sun, Jan  4, 2004","Sun, Jan  4, 2004"
3754,Middle Georgia Regional,Macon,United States,MCN,KMCN,32.69285,-83.649211,354,-5,A,"Macon, GA",146,146,148,148,3.287671232876712,9.068493150684928,7.0,35.0,"Thu, Jan 29, 2004","Thu, Jan 15, 2004"
3878,Orlando International,Orlando,United States,MCO,KMCO,28.429394,-81.308994,96,-5,A,"Orlando, FL",8454,8459,8506,8506,5.396262124438136,13.128738621586482,1415.0,123.0,"Wed, Jan  7, 2004","Mon, Jan 26, 2004"
3542,Harrisburg International,Harrisburg,United States,MDT,KMDT,40.193494,-76.763403,310,-5,A,"Harrisburg, PA",948,942,991,993,9.085443037974688,16.071125265392784,1386.0,260.0,"Tue, Jan 27, 2004","Sat, Jan  3, 2004"
3747,Chicago Midway International,Chicago,United States,MDW,KMDW,41.785972,-87.752417,620,-6,A,"Chicago, IL",7311,7350,7597,7599,7.292983176036107,15.885850340136058,183.0,113.0,"Sun, Jan  4, 2004","Sun, Jan  4, 2004"
4335,Key Field,Meridian,United States,MEI,KMEI,32.332624,-88.751868,297,-6,A,"Meridian, MS",92,93,93,93,3.8152173913043486,8.559139784946238,13.0,23.0,"Thu, Jan 22, 2004","Thu, Jan 22, 2004"
3473,Memphis International,Memphis,United States,MEM,KMEM,35.042417,-89.976667,341,-6,A,"Memphis, TN",4073,4060,4154,4152,6.891971519764293,14.54556650246305,1364.0,250.0,"Sat, Jan  3, 2004","Sat, Jan 10, 2004"
3826,McAllen Miller International,Mcallen,United States,MFE,KMFE,26.175833,-98.238611,107,-6,A,"Mission/McAllen/Edinburg, TX",265,264,266,266,3.9358490566037734,9.958333333333334,14.0,27.0,"Wed, Jan  7, 2004","Fri, Jan  2, 2004"
4101,Rogue Valley International Medford,Medford,United States,MFR,KMFR,42.374228,-122.8735,1335,-8,A,"Medford, OR",336,339,362,362,2.9404761904761902,8.539823008849574,15.0,90.0,"Thu, Jan  1, 2004","Tue, Jan 13, 2004"
4115,Montgomery Regional Airport ,MONTGOMERY,United States,MGM,KMGM,32.3006389,-86.3939722,221,-6,A,"Montgomery, AL",302,302,307,307,3.006622516556291,8.685430463576154,6.0,53.0,"Fri, Jan  9, 2004","Tue, Jan 27, 2004"
4011,Manchester Regional Airport,Manchester NH,United States,MHT,KMHT,42.932556,-71.435667,266,-5,A,"Manchester, NH",1737,1739,1773,1777,4.535405872193435,13.660149511213337,38.0,96.0,"Sat, Jan 10, 2004","Fri, Jan  2, 2004"
3576,Miami International,Miami,United States,MIA,KMIA,25.79325,-80.290556,8,-5,A,"Miami, FL",5538,5553,5612,5619,8.360418923799163,18.354583108229818,960.0,143.0,"Sun, Jan 25, 2004","Mon, Jan  5, 2004"
3717,General Mitchell International,Milwaukee,United States,MKE,KMKE,42.947222,-87.896583,723,-6,A,"Milwaukee, WI",1799,1802,1852,1856,5.469705391884384,17.352941176470544,51.0,108.0,"Mon, Jan 26, 2004","Fri, Jan  9, 2004"
3705,Molokai,Molokai,United States,MKK,PHMK,21.152886,-157.096256,454,-10,N,"Hoolehua, HI",24,24,30,30,3.5416666666666665,3.7083333333333335,9.0,6.0,"Thu, Jan 29, 2004","Thu, Jan  8, 2004"
3671,Melbourne International,Melbourne,United States,MLB,KMLB,28.102753,-80.645258,33,-5,A,"Melbourne, FL",252,253,254,255,8.226190476190483,10.553359683794467,959.0,129.0,"Sun, Jan 11, 2004","Sun, Jan 25, 2004"
4072,Quad City International,Moline,United States,MLI,KMLI,41.448528,-90.507539,590,-6,A,"Moline, IL",302,304,325,324,4.096026490066225,20.470394736842092,65.0,1396.0,"Tue, Jan 20, 2004","Wed, Jan 28, 2004"
3732,Monroe Regional,Monroe,United States,MLU,KMLU,32.510864,-92.037689,79,-6,A,"Monroe, LA",301,299,303,303,3.601328903654485,7.471571906354515,18.0,35.0,"Fri, Jan 23, 2004","Mon, Jan 26, 2004"
3782,Mobile Regional,Mobile,United States,MOB,KMOB,30.691231,-88.242814,219,-6,A,"Mobile, AL",430,431,438,438,4.120930232558137,10.800464037122975,9.0,68.0,"Sun, Jan 11, 2004","Thu, Jan  1, 2004"
3816,Modesto City County Harry Sham,Modesto,United States,MOD,KMOD,37.625817,-120.954422,97,-8,A,"Modesto, CA",106,107,116,117,2.462264150943396,13.308411214953269,6.0,555.0,"Thu, Jan 29, 2004","Wed, Jan 28, 2004"
3498,Minot International,Minot,United States,MOT,KMOT,48.259378,-101.280333,1716,-6,A,"Minot, ND",95,93,96,96,5.389473684210527,11.95698924731183,11.0,58.0,"Sat, Jan 24, 2004","Mon, Jan 26, 2004"
6838,Sawyer International Airport,Marquette,United States,MQT,KMQT,46.353611,-87.395278,1221,-5,A,"Marquette, MI",48,50,52,51,4.875000000000001,17.1,11.0,45.0,"Sun, Jan 25, 2004","Fri, Jan 30, 2004"
3948,Monterey Peninsula,Monterey,United States,MRY,KMRY,36.587,-121.842944,257,-8,A,"Monterey, CA",612,611,625,625,3.197712418300654,8.726677577741404,45.0,48.0,"Sun, Jan  4, 2004","Mon, Jan 19, 2004"
3459,Dane County Regional-Truax Field,Madison,United States,MSN,KMSN,43.139858,-89.337514,887,-6,A,"Madison, WI",735,733,772,772,4.137414965986389,15.37244201909959,28.0,142.0,"Sat, Jan 24, 2004","Sat, Jan 17, 2004"
4216,Missoula International,Missoula,United States,MSO,KMSO,46.916306,-114.090556,3205,-7,A,"Missoula, MT",275,279,302,313,4.592727272727273,14.0931899641577,18.0,107.0,"Mon, Jan  5, 2004","Sat, Jan 24, 2004"
3858,Minneapolis St. Paul International,Minneapolis,United States,MSP,KMSP,44.881956,-93.221767,841,-6,A,"Minneapolis, MN",11916,11901,12200,12172,7.248489425981869,19.279724392908214,1387.0,797.0,"Wed, Jan 28, 2004","Tue, Jan  6, 2004"
3861,Louis Armstrong New Orleans International,New Orleans,United States,MSY,KMSY,29.993389,-90.258028,4,-6,A,"New Orleans, LA",4435,4432,4484,4485,4.162570462232236,9.876579422382683,1247.0,440.0,"Thu, Jan  8, 2004","Sat, Jan 31, 2004"
6880,Montrose Regional Airport,Montrose CO,United States,MTJ,KMTJ,38.509794,-107.894242,5759,-7,A,"Montrose/Delta, CO",262,263,275,275,4.274809160305345,10.726235741444864,21.0,109.0,"Fri, Jan 23, 2004","Sat, Jan  3, 2004"
3515,Myrtle Beach International,Myrtle Beach,United States,MYR,KMYR,33.67975,-78.928333,25,-5,A,"Myrtle Beach, SC",483,478,497,491,7.550724637681159,8.297071129707113,1070.0,43.0,"Sat, Jan 31, 2004","Sun, Jan 25, 2004"
3453,Metropolitan Oakland International,Oakland,United States,OAK,KOAK,37.721278,-122.220722,9,-8,A,"Oakland, CA",5647,5657,5797,5797,4.758632902426063,10.32101820753051,29.0,180.0,"Sun, Jan 11, 2004","Sun, Jan  4, 2004"
3456,Kahului,Kahului,United States,OGG,PHOG,20.89865,-156.430458,54,-10,N,"Kahului, HI",1106,1115,1122,1122,4.387884267631112,9.575784753363212,37.0,77.0,"Sat, Jan  3, 2004","Mon, Jan 26, 2004"
3863,Will Rogers World,Oklahoma City,United States,OKC,KOKC,35.393089,-97.600733,1295,-6,A,"Oklahoma City, OK",1852,1846,1921,1925,5.591792656587467,10.995124593716145,1376.0,101.0,"Sat, Jan 24, 2004","Sat, Jan 17, 2004"
3454,Eppley Airfield,Omaha,United States,OMA,KOMA,41.303167,-95.894069,984,-6,A,"Omaha, NE",1750,1753,1789,1789,3.8868571428571417,14.060467769537938,24.0,152.0,"Mon, Jan  5, 2004","Sun, Jan  4, 2004"
3615,Nome,Nome,United States,OME,PAOM,64.512203,-165.445247,37,-9,A,"Nome, AK",78,80,83,83,3.4615384615384617,5.1375,10.0,16.0,"Thu, Jan  8, 2004","Thu, Jan 22, 2004"
3734,Ontario International,Ontario,United States,ONT,KONT,34.056,-117.601194,944,-8,A,"Ontario, CA",2982,2978,3044,3040,4.028504359490274,9.489590329079926,21.0,78.0,"Sun, Jan 11, 2004","Fri, Jan  2, 2004"
3830,Chicago O'Hare International,Chicago,United States,ORD,KORD,41.978603,-87.904842,668,-6,A,"Chicago, IL",30007,30162,32715,32713,11.281534308661305,20.419567667926554,1395.0,315.0,"Tue, Jan  6, 2004","Tue, Jan 13, 2004"
3611,Norfolk International,Norfolk,United States,ORF,KORF,36.894611,-76.201222,26,-5,A,"Norfolk, VA",1917,1913,1982,1982,5.192488262910798,13.067956089911139,1436.0,205.0,"Sun, Jan 25, 2004","Sat, Jan  3, 2004"
3693,Ralph Wien Memorial,Kotzebue,United States,OTZ,PAOT,66.884678,-162.59855,11,-9,A,"Kotzebue, AK",77,77,82,82,3.7142857142857144,5.246753246753245,5.0,21.0,"Sat, Jan  3, 2004","Fri, Jan 23, 2004"
6961,Oxnard - Ventura County,Oxnard,United States,OXR,KOXR,34.200833,-119.207222,15,-8,A,"Oxnard/Ventura, CA",144,145,145,147,2.9375,6.5517241379310365,5.0,18.0,"Sun, Jan  4, 2004","Tue, Jan 27, 2004"
3722,Palm Beach International,West Palm Beach,United States,PBI,KPBI,26.683161,-80.095589,19,-5,A,"West Palm Beach/Palm Beach, FL",2472,2470,2490,2490,4.975728155339815,14.702834008097168,1384.0,164.0,"Mon, Jan 19, 2004","Sun, Jan 18, 2004"
3720,Portland International,Portland,United States,PDX,KPDX,45.588722,-122.5975,30,-8,A,"Portland, OR",4107,4108,4673,4672,4.048210372534702,10.955939629990258,39.0,164.0,"Tue, Jan  6, 2004","Thu, Jan  1, 2004"
4073,Panama City Bay County International,Panama City,United States,PFN,KPFN,30.212083,-85.682806,20,-6,A,"Panama City, FL",275,276,281,280,2.8109090909090906,6.1231884057971,8.0,45.0,"Mon, Jan 12, 2004","Sat, Jan  3, 2004"
3633,Newport News Williamsburg International,Newport News,United States,PHF,KPHF,37.131894,-76.492989,43,-5,A,"Newport News/Williamsburg, VA",419,419,437,438,4.930787589498807,12.083532219570408,14.0,73.0,"Fri, Jan 16, 2004","Mon, Jan 26, 2004"
3752,Philadelphia International,Philadelphia,United States,PHL,KPHL,39.871944,-75.241139,36,-5,A,"Philadelphia, PA",8898,8906,9202,9200,6.895369746010344,21.36963844599149,91.0,221.0,"Tue, Jan 27, 2004","Tue, Jan 27, 2004"
3462,Phoenix Sky Harbor International,Phoenix,United States,PHX,KPHX,33.434278,-112.011583,1135,-7,N,"Phoenix, AZ",13976,14038,14272,14280,5.673941041785908,14.24162986180363,48.0,177.0,"Sat, Jan 17, 2004","Fri, Jan  2, 2004"
4046,Peoria Regional,Peoria,United States,PIA,KPIA,40.664203,-89.693258,660,-6,A,"Peoria, IL",305,304,342,342,3.6032786885245893,15.200657894736842,15.0,141.0,"Sun, Jan  4, 2004","Fri, Jan 23, 2004"
3617,St. Petersburg Clearwater International,St. Petersburg,United States,PIE,KPIE,27.910167,-82.687389,10,-5,A,"St. Petersburg, FL",213,214,216,216,4.5399061032863886,12.392523364485976,10.0,83.0,"Wed, Jan 21, 2004","Thu, Jan 22, 2004"
5760,Pocatello Regional Airport,Pocatello,United States,PIH,KPIH,42.9098,-112.596,4452,-7,A,"Pocatello, ID",145,145,160,156,3.075862068965517,10.72413793103449,8.0,82.0,"Sat, Jan 17, 2004","Fri, Jan 23, 2004"
3570,Pittsburgh International,Pittsburgh (pennsylva),United States,PIT,KPIT,40.491467,-80.232872,1204,-5,A,"Pittsburgh, PA",5296,5303,5422,5419,6.578927492447126,19.457288327361816,64.0,182.0,"Mon, Jan 26, 2004","Sun, Jan 25, 2004"
3564,Pensacola Regional,Pensacola,United States,PNS,KPNS,30.473425,-87.186611,121,-6,A,"Pensacola, FL",576,578,583,584,3.977430555555554,10.197231833910031,57.0,62.0,"Fri, Jan  2, 2004","Wed, Jan 14, 2004"
6133,Tri Cities Airport,Pasco,United States,PSC,PSC,46.2647,-119.119,410,-8,A,"Pasco/Kennewick/Richland, WA",298,293,312,311,4.533557046979861,11.354948805460749,16.0,73.0,"Sun, Jan 11, 2004","Fri, Jan  9, 2004"
4147,Petersburg James A. Johnson,Petersburg,United States,PSG,PAPG,56.801667,-132.945278,105,-9,A,"Petersburg, AK",51,52,62,62,3.215686274509804,4.923076923076923,6.0,13.0,"Tue, Jan 13, 2004","Thu, Jan 15, 2004"
3839,Palm Springs International,Palm Springs,United States,PSP,KPSP,33.829667,-116.506694,477,-8,A,"Palm Springs, CA",1165,1165,1181,1180,4.417167381974253,9.821459227467829,32.0,59.0,"Sat, Jan 24, 2004","Tue, Jan  6, 2004"
3641,Theodore Francis Green State,Providence,United States,PVD,KPVD,41.732581,-71.420383,55,-5,A,"Providence, RI",2316,2317,2368,2369,4.233160621761648,13.817867932671572,133.0,114.0,"Fri, Jan 23, 2004","Mon, Jan 12, 2004"
3862,Portland International Jetport,Portland,United States,PWM,KPWM,43.646161,-70.309281,77,-5,A,"Portland, ME",852,859,886,889,3.9002347417840366,14.15948777648428,43.0,140.0,"Fri, Jan  2, 2004","Fri, Jan  2, 2004"
4087,Rapid City Regional Airport,Rapid City,United States,RAP,KRAP,44.045278,-103.057222,3204,-7,A,"Rapid City, SD",390,389,404,405,3.8564102564102534,9.763496143958868,12.0,35.0,"Fri, Jan  2, 2004","Sun, Jan 18, 2004"
4098,Redding Municipal,Redding,United States,RDD,KRDD,40.509,-122.293389,504,-8,A,"Redding, CA",182,183,184,186,3.28021978021978,8.038251366120216,6.0,25.0,"Tue, Jan 13, 2004","Mon, Jan 19, 2004"
4103,Roberts Field,Redmond-Bend,United States,RDM,KRDM,44.254066,-121.149964,3077,-8,A,"Bend/Redmond, OR",178,181,205,208,3.106741573033708,7.9502762430939224,15.0,25.0,"Thu, Jan  1, 2004","Tue, Jan 20, 2004"
3626,Raleigh Durham International,Raleigh-durham,United States,RDU,KRDU,35.877639,-78.787472,435,-5,A,"Raleigh/Durham, NC",4390,4384,4660,4660,4.821184510250579,14.013686131386851,895.0,201.0,"Fri, Jan  9, 2004","Sun, Jan 25, 2004"
3608,Richmond International,Richmond,United States,RIC,KRIC,37.505167,-77.319667,167,-5,A,"Richmond, VA",1364,1361,1420,1420,6.215542521994131,14.819985304922845,1155.0,176.0,"Mon, Jan 19, 2004","Mon, Jan 26, 2004"
3807,Reno Tahoe International,Reno,United States,RNO,KRNO,39.499108,-119.768108,4415,-8,A,"Reno, NV",2575,2585,2630,2629,4.33786407766989,10.720309477756278,30.0,150.0,"Sun, Jan  4, 2004","Fri, Jan  2, 2004"
4016,Roanoke Regional,Roanoke VA,United States,ROA,KROA,37.325472,-79.975417,1175,-5,A,"Roanoke, VA",442,443,477,482,3.9683257918552037,10.002257336343119,22.0,83.0,"Thu, Jan 15, 2004","Tue, Jan  6, 2004"
3622,Greater Rochester International,Rochester,United States,ROC,KROC,43.118866,-77.672389,559,-5,A,"Rochester, NY",1475,1460,1514,1516,11.027118644067778,22.00136986301373,1429.0,124.0,"Sun, Jan 18, 2004","Fri, Jan  2, 2004"
4048,Rochester,Rochester,United States,RST,KRST,43.908283,-92.500014,1317,-6,A,"Rochester, MN",157,158,169,170,3.6496815286624202,15.284810126582279,12.0,104.0,"Mon, Jan 26, 2004","Fri, Jan  2, 2004"
3793,Southwest Florida International,Fort Myers,United States,RSW,KRSW,26.536167,-81.755167,30,-5,A,"Fort Myers, FL",1898,1894,1904,1904,3.9894625922023246,14.192185850052795,34.0,102.0,"Sat, Jan  3, 2004","Sun, Jan  4, 2004"
3731,San Diego International,San Diego,United States,SAN,KSAN,32.733556,-117.189667,17,-8,A,"San Diego, CA",7067,7060,7176,7171,3.4753077685014775,12.110764872521246,37.0,140.0,"Fri, Jan  2, 2004","Sun, Jan  4, 2004"
3621,San Antonio International,San Antonio,United States,SAT,KSAT,29.533694,-98.469778,809,-6,A,"San Antonio, TX",3192,3188,3250,3251,3.580200501253137,9.677540777917196,50.0,146.0,"Sat, Jan  3, 2004","Fri, Jan 23, 2004"
3613,Savannah Hilton Head International,Savannah,United States,SAV,KSAV,32.127583,-81.202139,51,-5,A,"Savannah, GA",956,956,982,987,9.40167364016736,13.185146443514645,1410.0,192.0,"Sat, Jan 24, 2004","Wed, Jan 14, 2004"
3949,Santa Barbara Municipal,Santa Barbara,United States,SBA,KSBA,34.426211,-119.840372,10,-8,A,"Santa Barbara, CA",913,914,928,927,29.11610076670307,8.06564551422321,1420.0,194.0,"Tue, Jan  6, 2004","Sat, Jan  3, 2004"
4359,South Bend Regional,South Bend,United States,SBN,KSBN,41.708661,-86.31725,799,-5,A,"South Bend, IN",368,364,381,380,3.274456521739129,14.541208791208792,16.0,251.0,"Fri, Jan  9, 2004","Sun, Jan 25, 2004"
5768,San Luis County Regional Airport,San Luis Obispo,United States,SBP,KSBP,35.2368,-120.642,212,-8,A,"San Luis Obispo, CA",448,448,458,458,3.138392857142858,9.154017857142861,37.0,41.0,"Fri, Jan  2, 2004","Sun, Jan 11, 2004"
3620,Deadhorse,Deadhorse,United States,SCC,PASC,70.19475,-148.465167,64,-9,A,"Deadhorse, AK",28,28,30,30,3.25,4.857142857142857,6.0,10.0,"Sat, Jan 10, 2004","Sat, Jan 10, 2004"
4318,University Park Airport,State College Pennsylvania,United States,SCE,KUNV,40.849278,-77.848694,1239,-5,A,"State College, PA",208,209,217,217,3.5048076923076925,11.751196172248797,17.0,70.0,"Sun, Jan  4, 2004","Mon, Jan 26, 2004"
4014,Louisville International Airport,Louisville,United States,SDF,KSDF,38.1740858,-85.7364989,501,-5,A,"Louisville, KY",1888,1886,1970,1972,4.934322033898305,13.589077412513259,47.0,1390.0,"Sun, Jan  4, 2004","Wed, Jan 14, 2004"
3577,Seattle Tacoma International,Seattle,United States,SEA,KSEA,47.449,-122.309306,433,-8,A,"Seattle, WA",8214,8254,8586,8588,6.148892135378624,15.51429609886119,90.0,167.0,"Wed, Jan  7, 2004","Wed, Jan  7, 2004"
3469,San Francisco International,San Francisco,United States,SFO,KSFO,37.618972,-122.374889,13,-8,A,"San Francisco, CA",10443,10479,10746,10722,5.436943407066935,15.85208512262617,64.0,180.0,"Tue, Jan 20, 2004","Thu, Jan  1, 2004"
4348,Springfield Branson National,Springfield,United States,SGF,KSGF,37.245667,-93.388639,1268,-6,A,"Springfield, MO",378,376,396,396,3.597883597883599,13.44148936170213,24.0,146.0,"Mon, Jan 26, 2004","Wed, Jan 14, 2004"
4064,St. George Municipal,Saint George,United States,SGU,KSGU,37.090583,-113.593056,2941,-7,A,"St. George, UT",243,242,248,247,3.4403292181069958,7.235537190082645,13.0,20.0,"Thu, Jan  8, 2004","Fri, Jan 23, 2004"
3609,Shreveport Regional,Shreveport,United States,SHV,KSHV,32.446629,-93.8256,258,-6,A,"Shreveport, LA",748,749,762,761,11.471925133689847,9.216288384512678,1315.0,129.0,"Thu, Jan  1, 2004","Fri, Jan 30, 2004"
3856,Sitka Rocky Gutierrez,Sitka,United States,SIT,PASI,57.047138,-135.361611,21,-9,A,"Sitka, AK",87,92,93,92,4.793103448275864,10.413043478260873,8.0,27.0,"Wed, Jan 21, 2004","Thu, Jan 15, 2004"
3748,Norman Y. Mineta San Jose International,San Jose,United States,SJC,KSJC,37.3626,-121.929022,62,-8,A,"San Jose, CA",5126,5127,5274,5278,4.0690596956691545,12.050711917300532,48.0,161.0,"Thu, Jan  1, 2004","Fri, Jan  2, 2004"
3708,San Angelo Regional-Mathis Field,San Angelo,United States,SJT,KSJT,31.35775,-100.496306,1919,-6,A,"San Angelo, TX",225,223,227,225,3.5155555555555558,8.264573991031392,15.0,24.0,"Sun, Jan 25, 2004","Sat, Jan 10, 2004"
3536,Salt Lake City International,Salt Lake City,United States,SLC,KSLC,40.788389,-111.977772,4227,-7,A,"Salt Lake City, UT",10891,10939,11270,11233,6.222844550546327,19.774568059237623,1387.0,315.0,"Sat, Jan 31, 2004","Wed, Jan 21, 2004"
3817,Sacramento International,Sacramento,United States,SMF,KSMF,38.695417,-121.590778,27,-8,A,"Sacramento, CA",3833,3840,3919,3924,4.113749021654045,9.968229166666655,29.0,80.0,"Sun, Jan  4, 2004","Mon, Jan 26, 2004"
5772,Santa Maria Public-Captain G. Allan Hancock Airport,Santa Maria,United States,SMX,KSMX,34.8989,-120.457,261,-8,A,"Santa Maria, CA",183,183,185,185,3.1202185792349733,6.573770491803279,9.0,43.0,"Sun, Jan 11, 2004","Tue, Jan 27, 2004"
3867,John Wayne Airport Orange County,Santa Ana,United States,SNA,KSNA,33.675667,-117.868222,56,-8,A,"Santa Ana, CA",3973,3981,4084,4090,6.180971558016611,14.290128108515457,54.0,198.0,"Sun, Jan  4, 2004","Fri, Jan  2, 2004"
3680,Sheppard AFB Wichita Falls Municipal,Wichita Falls,United States,SPS,KSPS,33.988797,-98.491894,1019,-6,A,"Wichita Falls, TX",187,187,188,188,7.026737967914438,12.18716577540107,18.0,108.0,"Thu, Jan 29, 2004","Sat, Jan 17, 2004"
4067,Sarasota Bradenton International,Sarasota,United States,SRQ,KSRQ,27.395444,-82.554389,30,-5,A,"Sarasota/Bradenton, FL",561,562,569,571,13.297682709447413,12.647686832740218,1323.0,400.0,"Fri, Jan 16, 2004","Tue, Jan 20, 2004"
3678,Lambert St. Louis International,St. Louis,United States,STL,KSTL,38.748697,-90.370028,618,-6,A,"St. Louis, MO",4785,4784,4997,4987,4.727272727272704,13.070025083612034,746.0,470.0,"Sun, Jan 11, 2004","Sun, Jan 18, 2004"
6494,Friedman Memorial,Hailey,United States,SUN,KSUN,43.504444,-114.296194,5320,-7,A,"Sun Valley/Hailey/Ketchum, ID",160,159,175,185,2.4250000000000007,7.49685534591195,10.0,43.0,"Thu, Jan 29, 2004","Wed, Jan 21, 2004"
3661,Stewart International,Newburgh,United States,SWF,KSWF,41.504094,-74.104839,491,-5,A,"Newburgh/Poughkeepsie, NY",179,179,186,186,4.966480446927375,26.497206703910624,16.0,1340.0,"Mon, Jan 12, 2004","Fri, Jan 30, 2004"
3745,Syracuse Hancock International,Syracuse,United States,SYR,KSYR,43.111187,-76.106311,421,-5,A,"Syracuse, NY",1112,1109,1147,1149,8.578237410071935,22.702434625789017,1430.0,116.0,"Fri, Jan 23, 2004","Tue, Jan 27, 2004"
3698,Tallahassee Regional,Tallahassee,United States,TLH,KTLH,30.396528,-84.350333,81,-5,A,"Tallahassee, FL",455,453,463,461,6.7296703296703315,10.32008830022075,1180.0,47.0,"Sat, Jan  3, 2004","Tue, Jan 27, 2004"
4040,Toledo,Toledo,United States,TOL,KTOL,41.586806,-83.807833,684,-5,A,"Toledo, OH",467,466,500,500,3.4282655246252687,13.469957081545068,26.0,91.0,"Sat, Jan 31, 2004","Tue, Jan 27, 2004"
3646,Tampa International,Tampa,United States,TPA,KTPA,27.975472,-82.53325,26,-5,A,"Tampa, FL",5768,5773,5807,5810,4.186893203883494,12.202494370344713,67.0,115.0,"Tue, Jan 27, 2004","Thu, Jan 22, 2004"
4116,Tri-Cities Regional Airport,BRISTOL,United States,TRI,KTRI,36.4752222,-82.4074167,1519,-5,A,"Bristol/Johnson City/Kingsport, TN",320,317,338,337,11.240624999999998,8.473186119873818,1305.0,225.0,"Mon, Jan 12, 2004","Thu, Jan 29, 2004"
3855,Tulsa International,Tulsa,United States,TUL,KTUL,36.198389,-95.888111,677,-6,A,"Tulsa, OK",1754,1755,1819,1817,6.7810718358038775,11.6062678062678,1384.0,168.0,"Mon, Jan 12, 2004","Fri, Jan  2, 2004"
3636,Tucson International,Tucson,United States,TUS,KTUS,32.116083,-110.941028,2643,-7,N,"Tucson, AZ",1556,1554,1570,1570,4.368894601542419,10.865508365508365,36.0,194.0,"Thu, Jan  8, 2004","Fri, Jan  2, 2004"
4023,Cherry Capital Airport,Traverse City,United States,TVC,KTVC,44.741445,-85.582235,624,-5,A,"Traverse City, MI",117,116,130,131,2.8376068376068373,12.655172413793103,14.0,58.0,"Sat, Jan 17, 2004","Fri, Jan 23, 2004"
4263,Magic Valley Regional Airport,Twin Falls,United States,TWF,KTWF,42.481803,-114.487733,4151,-7,A,"Twin Falls, ID",208,210,234,228,3.331730769230769,8.661904761904767,20.0,43.0,"Sat, Jan  3, 2004","Fri, Jan 30, 2004"
3770,Texarkana Regional-Webb Field,Texarkana,United States,TXK,KTXK,33.453722,-93.991028,390,-6,A,"Texarkana, AR",174,174,175,175,3.6436781609195408,8.402298850574715,10.0,28.0,"Thu, Jan  1, 2004","Wed, Jan 14, 2004"
3848,Tyler Pounds Regional,Tyler,United States,TYR,KTYR,32.354139,-95.402386,544,-6,A,"Tyler, TX",282,283,285,287,4.960992907801419,9.388692579505298,12.0,60.0,"Sun, Jan  4, 2004","Sat, Jan 31, 2004"
3676,McGhee Tyson,Knoxville,United States,TYS,KTYS,35.810972,-83.994028,981,-5,A,"Knoxville, TN",1114,1115,1151,1155,4.5825852782764835,14.33632286995516,1190.0,455.0,"Sat, Jan  3, 2004","Mon, Jan 26, 2004"
5775,Victoria Regional Airport,Victoria,United States,VCT,KVCT,28.8526,-96.9185,115,-6,A,"Victoria, TX",84,84,86,87,4.011904761904761,8.345238095238097,9.0,33.0,"Sun, Jan 18, 2004","Thu, Jan 15, 2004"
7121,Visalia Municipal Airport,Visalia,United States,VIS,KVIS,36.318611,-119.392778,295,-8,A,"Visalia, CA",51,51,58,58,2.5098039215686274,6.803921568627451,4.0,12.0,"Fri, Jan  2, 2004","Sun, Jan  4, 2004"
5776,Valdosta Regional Airport,Valdosta,United States,VLD,KVLD,30.7825,-83.2767,203,-5,A,"Valdosta, GA",121,121,123,123,3.28099173553719,7.1735537190082646,10.0,40.0,"Sun, Jan  4, 2004","Sat, Jan 10, 2004"
3873,Eglin AFB,Valparaiso,United States,VPS,KVPS,30.48325,-86.5254,87,-6,A,"Valparaiso, FL",478,476,498,498,7.755230125523014,10.890756302521009,817.0,63.0,"Sat, Jan 31, 2004","Sun, Jan  4, 2004"
5969,Wrangell Airport,Wrangell,United States,WRG,PAWG,56.4843,-132.37,44,-9,A,"Wrangell, AK",47,52,62,62,3.127659574468085,4.750000000000001,5.0,10.0,"Sat, Jan 10, 2004","Thu, Jan 15, 2004"
4356,NW Arkansas Regional,Bentonville,United States,XNA,KXNA,36.2818694,-94.3068111,1287,-6,A,"Fayetteville, AR",984,982,1021,1023,6.371951219512201,12.0254582484725,1293.0,78.0,"Sun, Jan 18, 2004","Tue, Jan  6, 2004"
6803,Yakutat,Yakutat,United States,YAK,PAYA,59.3012,-139.3937,33,-9,A,"Yakutat, AK",53,55,62,62,3.792452830188679,5.509090909090909,7.0,13.0,"Thu, Jan 22, 2004","Fri, Jan 16, 2004"
3596,Yuma MCAS Yuma International,Yuma,United States,YUM,KYUM,32.656578,-114.60598,216,-7,N,"Yuma, AZ",123,123,123,123,2.991869918699187,8.731707317073173,8.0,21.0,"Fri, Jan 30, 2004","Tue, Jan 13, 2004"
2883,Cyril E. King,St. Thomas,Virgin Islands,STT,TIST,18.337306,-64.973361,23,-4,U,"Charlotte Amalie, VI",324,323,330,330,4.966049382716046,14.659442724458204,30.0,130.0,"Sat, Jan 10, 2004","Sat, Jan  3, 2004"
2884,Henry E. Rohlsen,St. Croix Island,Virgin Islands,STX,TISX,17.701889,-64.798556,74,-4,U,"Christiansted, VI",36,36,36,36,3.6666666666666665,11.13888888888889,5.0,24.0,"Sun, Jan 11, 2004","Sun, Jan  4, 2004"
2885,Rafael Hernndez,Aguadilla,Puerto Rico,BQN,TJBQ,18.494861,-67.129444,237,-4,U,"Aguadilla, PR",31,31,31,31,5.387096774193548,15.838709677419347,9.0,48.0,"Sun, Jan 11, 2004","Sat, Jan  3, 2004"
2890,Luis Muoz Marn International,San Juan,Puerto Rico,SJU,TJSJ,18.439417,-66.001833,9,-4,U,"San Juan, PR",2350,2349,2378,2379,5.789787234042552,16.956577266922103,105.0,123.0,"Sat, Jan 10, 2004","Sun, Jan  4, 2004"
