airport_id,name,city,country,iata_faa,iaco,latitude,longitude,altitude,zone,dst,city_state,avg_able_landings,avg_able_takeoffs,total_landings,total_takeoffs,avg_taxi_in,avg_taxi_out,longest_taxi_in,longest_taxi_out,lng_tx_in_date,lng_tx_out_date
4355,Lehigh Valley International,Allentown,United States,ABE,KABE,40.652083,-75.440806,393,-5,A,"Allentown/Bethlehem/Easton, PA",489,502,498,511,4.337423312883434,12.766932270916328,18.0,84.0,"Sun, Nov  7, 2004","Wed, Nov 24, 2004"
3718,Abilene Regional,Abilene,United States,ABI,KABI,32.411319,-99.681897,1791,-6,A,"Abilene, TX",242,244,251,252,3.727272727272727,9.622950819672127,18.0,63.0,"Tue, Nov 30, 2004","Sun, Nov 21, 2004"
4019,Albuquerque International Sunport,Albuquerque,United States,ABQ,KABQ,35.0402222,-106.6091944,5355,-7,A,"Albuquerque, NM",2886,2892,2897,2899,4.5706860706860875,9.926348547717819,23.0,103.0,"Mon, Nov 22, 2004","Thu, Nov  4, 2004"
5715,Southwest Georgia Regional Airport,Albany,United States,ABY,KABY,31.5355,-84.1945,197,-5,A,"Albany, GA",112,113,118,118,3.3660714285714284,9.389380530973455,7.0,23.0,"Tue, Nov 30, 2004","Tue, Nov 16, 2004"
3700,Waco Regional,Waco,United States,ACT,KACT,31.611289,-97.230519,516,-6,A,"Waco, TX",269,271,278,279,4.301115241635688,10.044280442804421,13.0,73.0,"Tue, Nov 16, 2004","Sat, Nov 20, 2004"
4384,Arcata,Arcata CA,United States,ACV,KACV,40.978111,-124.108611,221,-8,A,"Arcata/Eureka, CA",322,323,341,346,3.475155279503104,6.996904024767802,10.0,28.0,"Thu, Nov 11, 2004","Thu, Nov 18, 2004"
3524,Atlantic City International,Atlantic City,United States,ACY,KACY,39.457583,-74.577167,75,-5,A,"Atlantic City, NJ",86,86,88,88,3.383720930232558,11.627906976744184,8.0,28.0,"Mon, Nov 22, 2004","Tue, Nov  2, 2004"
5959,Adak Airport,Adak Island,United States,ADK,PADK,51.878,-176.646,18,-10,A,"Adak Island, AK",7,7,7,7,3.857142857142857,7.714285714285714,5.0,12.0,"Sun, Nov 14, 2004","Thu, Nov 11, 2004"
3531,Kodiak,Kodiak,United States,ADQ,PADQ,57.749967,-152.493856,78,-9,A,"Kodiak, AK",53,53,58,58,3.7547169811320753,6.584905660377358,15.0,17.0,"Wed, Nov 24, 2004","Wed, Nov 24, 2004"
3852,Alexandria International,Alexandria,United States,AEX,KAEX,31.3274,-92.549833,89,-6,A,"Alexandria, LA",231,211,239,217,4.238095238095236,12.530805687203792,11.0,88.0,"Wed, Nov  3, 2004","Mon, Nov  1, 2004"
3658,Augusta Regional At Bush Field,Bush Field,United States,AGS,KAGS,33.369944,-81.9645,144,-5,A,"Augusta, GA",232,251,245,263,4.034482758620691,11.549800796812749,10.0,75.0,"Wed, Nov 10, 2004","Sun, Nov  7, 2004"
3794,King Salmon,King Salmon,United States,AKN,PAKN,58.676778,-156.649278,68,-9,A,"King Salmon, AK",18,19,19,19,3.7777777777777777,5.842105263157895,6.0,30.0,"Tue, Nov  9, 2004","Tue, Nov 23, 2004"
3864,Albany International,Albany,United States,ALB,KALB,42.748267,-73.801692,285,-5,A,"Albany, NY",1487,1484,1494,1494,3.5803631472763966,14.73989218328841,13.0,117.0,"Fri, Nov 19, 2004","Wed, Nov 24, 2004"
3840,Rick Husband Amarillo International,Amarillo,United States,AMA,KAMA,35.219369,-101.705931,3607,-6,A,"Amarillo, TX",616,634,646,656,3.9285714285714284,9.963722397476339,13.0,98.0,"Wed, Nov 10, 2004","Sun, Nov 14, 2004"
3774,Ted Stevens Anchorage International,Anchorage,United States,ANC,PANC,61.174361,-149.996361,152,-9,A,"Anchorage, AK",1373,1380,1427,1426,5.758193736343778,14.917391304347825,30.0,86.0,"Wed, Nov  3, 2004","Wed, Nov  3, 2004"
4012,Naples Municipal,Naples,United States,APF,KAPF,26.152619,-81.775294,8,-5,A,"Naples, FL",49,48,49,48,4.265306122448978,11.458333333333334,9.0,50.0,"Tue, Nov 30, 2004","Sun, Nov 28, 2004"
3682,Hartsfield Jackson Atlanta International,Atlanta,United States,ATL,KATL,33.636719,-84.428067,1026,-5,A,"Atlanta, GA",33565,33885,34206,34422,10.01945478921491,19.240430869116178,1429.0,1433.0,"Thu, Nov 18, 2004","Fri, Nov  5, 2004"
4047,Appleton,Appleton,United States,ATW,KATW,44.257526,-88.507576,680,-6,A,"Appleton, WI",225,224,233,233,4.484444444444444,9.964285714285719,16.0,27.0,"Wed, Nov  3, 2004","Sun, Nov 28, 2004"
3673,Austin Bergstrom International,Austin,United States,AUS,KAUS,30.194528,-97.669889,542,-6,A,"Austin, TX",3308,3305,3339,3342,4.753325272067701,11.450529500756426,53.0,125.0,"Mon, Nov 22, 2004","Wed, Nov 24, 2004"
4007,Asheville Regional Airport,Asheville,United States,AVL,KAVL,35.436194,-82.541806,2165,-5,A,"Asheville, NC",255,232,261,235,3.2117647058823535,13.724137931034482,8.0,74.0,"Mon, Nov 15, 2004","Mon, Nov  1, 2004"
4286,Wilkes Barre Scranton International,Scranton,United States,AVP,KAVP,41.338478,-75.723403,962,-5,A,"Scranton/Wilkes-Barre, PA",235,236,241,242,3.970212765957447,11.898305084745763,13.0,51.0,"Fri, Nov 26, 2004","Mon, Nov 29, 2004"
4039,Kalamazoo,Kalamazoo,United States,AZO,KAZO,42.234875,-85.552058,874,-5,A,"Kalamazoo, MI",413,409,426,425,6.476997578692494,13.14914425427873,1045.0,140.0,"Tue, Nov  2, 2004","Thu, Nov 25, 2004"
3825,Bradley International,Windsor Locks,United States,BDL,KBDL,41.938889,-72.683222,173,-5,A,"Hartford, CT",2980,2981,2992,2995,4.84429530201343,14.495471318349548,34.0,98.0,"Mon, Nov 22, 2004","Sat, Nov 27, 2004"
3599,Bethel,Bethel,United States,BET,PABE,60.779778,-161.838,121,-9,A,"Bethel, AK",82,82,92,92,3.548780487804878,8.64634146341463,6.0,22.0,"Mon, Nov 15, 2004","Mon, Nov  1, 2004"
3558,Meadows Field,Bakersfield,United States,BFL,KBFL,35.433598,-119.05677,507,-8,A,"Bakersfield, CA",289,292,298,298,4.761245674740487,7.428082191780822,13.0,44.0,"Wed, Nov 24, 2004","Tue, Nov 23, 2004"
4129,Greater Binghamton-Edwin A. Link Field,Binghamton,United States,BGM,KBGM,42.208689,-75.979839,1636,-5,A,"Binghamton, NY",88,87,89,89,3.8181818181818183,12.551724137931037,8.0,47.0,"Sun, Nov  7, 2004","Tue, Nov 23, 2004"
3463,Bangor International,Bangor,United States,BGR,KBGR,44.807444,-68.828139,192,-5,A,"Bangor, ME",391,383,394,394,7.956521739130441,10.483028720626626,1352.0,59.0,"Sat, Nov 13, 2004","Tue, Nov 16, 2004"
3811,Birmingham International,Birmingham,United States,BHM,KBHM,33.562942,-86.75355,644,-6,A,"Birmingham, AL",1809,1805,1826,1825,4.885019347705919,11.331855955678645,1288.0,112.0,"Sat, Nov  6, 2004","Tue, Nov 23, 2004"
4021,Billings Logan International Airport,Billings,United States,BIL,KBIL,45.80921,-108.537654,3652,-7,A,"Billings, MT",380,380,388,388,4.078947368421054,9.615789473684217,23.0,38.0,"Sat, Nov  6, 2004","Sat, Nov 20, 2004"
4083,Bismarck Municipal Airport,Bismarck,United States,BIS,KBIS,46.775842,-100.757931,1661,-6,A,"Bismarck/Mandan, ND",198,196,198,198,3.893939393939394,8.607142857142861,21.0,21.0,"Fri, Nov 19, 2004","Thu, Nov 25, 2004"
4037,Central Illinois Regional,Bloomington,United States,BMI,KBMI,40.477111,-88.915917,871,-6,A,"Bloomington/Normal, IL",222,224,235,237,4.743243243243243,12.321428571428571,14.0,60.0,"Wed, Nov 24, 2004","Wed, Nov 17, 2004"
3690,Nashville International,Nashville,United States,BNA,KBNA,36.124472,-86.678194,599,-6,A,"Nashville, TN",4921,4917,4957,4960,5.742532005689884,11.173276388041463,1385.0,100.0,"Mon, Nov 29, 2004","Fri, Nov 12, 2004"
3495,Boise Air Terminal,Boise,United States,BOI,KBOI,43.564361,-116.222861,2871,-7,A,"Boise, ID",1211,1221,1251,1255,3.9653179190751446,9.98525798525799,42.0,52.0,"Mon, Nov  8, 2004","Mon, Nov 29, 2004"
3448,General Edward Lawrence Logan International,Boston,United States,BOS,KBOS,42.364347,-71.005181,19,-5,A,"Boston, MA",10558,10570,10747,10741,7.930573972343259,18.51570482497636,1424.0,193.0,"Thu, Nov 11, 2004","Wed, Nov 24, 2004"
3612,Southeast Texas Regional,Beaumont,United States,BPT,KBPT,29.950833,-94.020694,15,-6,A,"Beaumont/Port Arthur, TX",241,243,255,255,3.240663900414938,8.47736625514404,8.0,43.0,"Wed, Nov 17, 2004","Mon, Nov  8, 2004"
5725,Brunswick Golden Isles Airport,Brunswick,United States,BQK,KBQK,31.2588,-81.4665,26,-5,A,"Brunswick, GA",112,110,116,116,3.6428571428571432,9.04545454545454,8.0,83.0,"Sun, Nov 14, 2004","Fri, Nov 19, 2004"
3738,Brownsville South Padre Island International,Brownsville,United States,BRO,KBRO,25.906833,-97.425861,22,-6,A,"Brownsville, TX",132,132,136,136,4.507575757575756,14.871212121212121,10.0,170.0,"Fri, Nov 19, 2004","Tue, Nov 23, 2004"
3571,Wiley Post Will Rogers Memorial,Barrow,United States,BRW,PABR,71.285446,-156.766003,44,-9,A,"Barrow, AK",46,47,49,49,4.826086956521738,6.446808510638298,10.0,24.0,"Sat, Nov 27, 2004","Sat, Nov 20, 2004"
4022,Bert Mooney Airport,Butte,United States,BTM,KBTM,45.954806,-112.497472,5550,-7,A,"Butte, MT",111,111,119,120,4.261261261261259,9.88288288288288,10.0,60.0,"Tue, Nov  9, 2004","Wed, Nov  3, 2004"
3846,Baton Rouge Metro-Ryan Field,Baton Rouge,United States,BTR,KBTR,30.533167,-91.149639,70,-6,A,"Baton Rouge, LA",689,690,703,706,4.365747460087091,11.281159420289857,34.0,82.0,"Mon, Nov 22, 2004","Wed, Nov 17, 2004"
3711,Burlington International,Burlington,United States,BTV,KBTV,44.471861,-73.153278,335,-5,A,"Burlington, VT",662,661,664,664,3.8172205438066467,15.337367624810893,65.0,108.0,"Sun, Nov 28, 2004","Fri, Nov 19, 2004"
3820,Buffalo Niagara International,Buffalo,United States,BUF,KBUF,42.940525,-78.732167,724,-5,A,"Buffalo, NY",2351,2339,2396,2377,4.86643981284559,12.913210773834964,1379.0,83.0,"Sun, Nov 14, 2004","Sat, Nov 27, 2004"
3644,Bob Hope,Burbank,United States,BUR,KBUR,34.200667,-118.358667,778,-8,A,"Burbank, CA",2110,2110,2129,2129,2.871090047393366,10.437440758293842,50.0,68.0,"Thu, Nov 18, 2004","Mon, Nov  8, 2004"
3849,Baltimore Washington International,Baltimore,United States,BWI,KBWI,39.175361,-76.668333,146,-5,A,"Baltimore, MD",8535,8514,8589,8572,4.966608084358537,11.774606530420485,72.0,135.0,"Sat, Nov 13, 2004","Tue, Nov  2, 2004"
4020,Gallatin Field,Bozeman,United States,BZN,KBZN,45.777643,-111.160151,4500,-7,A,"Bozeman, MT",382,382,383,385,4.476439790575911,11.164921465968586,10.0,128.0,"Mon, Nov  8, 2004","Thu, Nov  4, 2004"
3561,Columbia Metropolitan,Colombia,United States,CAE,KCAE,33.938833,-81.119528,236,-5,A,"Columbia, SC",1099,1117,1114,1133,7.510464058234777,13.044762757385847,1315.0,75.0,"Sat, Nov 13, 2004","Fri, Nov 12, 2004"
4112,Akron Canton Regional Airport,Akron,United States,CAK,KCAK,40.9160833,-81.4421944,1228,-5,A,"Akron, OH",776,777,801,801,7.614690721649494,14.014157014157023,1273.0,730.0,"Sun, Nov 28, 2004","Sun, Nov 14, 2004"
3824,Cedar City Regional,Cedar City,United States,CDC,KCDC,37.700967,-113.098847,5622,-7,A,"Cedar City, UT",59,60,63,61,3.152542372881356,7.683333333333334,7.0,20.0,"Mon, Nov 29, 2004","Fri, Nov 19, 2004"
3610,Merle K. Mudhole Smith,Cordova,United States,CDV,PACV,60.491778,-145.477556,48,-9,A,"Cordova, AK",55,55,58,58,3.5636363636363635,6.6,7.0,23.0,"Wed, Nov 24, 2004","Wed, Nov  3, 2004"
5727,Del Norte County Airport,Crescent City,United States,CEC,KCEC,41.7802,-124.237,57,-8,A,"Crescent City, CA",78,80,83,83,2.76923076923077,7.4625,7.0,14.0,"Wed, Nov 24, 2004","Tue, Nov 16, 2004"
3578,Lovell Field,Chattanooga,United States,CHA,KCHA,35.035278,-85.203808,683,-5,A,"Chattanooga, TN",384,384,397,397,3.6119791666666665,10.825520833333334,9.0,63.0,"Sun, Nov 14, 2004","Wed, Nov 10, 2004"
4015,Charlottesville-Albemarle,Charlottesville VA,United States,CHO,KCHO,38.138639,-78.452861,639,-5,A,"Charlottesville, VA",176,177,180,180,23.482954545454557,10.316384180790955,990.0,36.0,"Sun, Nov 21, 2004","Tue, Nov 16, 2004"
3806,Charleston AFB International,Charleston,United States,CHS,KCHS,32.898647,-80.040528,45,-5,A,"Charleston, SC",1334,1330,1344,1346,9.469265367316343,13.609774436090229,1196.0,130.0,"Mon, Nov 29, 2004","Tue, Nov  9, 2004"
3710,Chico Municipal,Chico,United States,CIC,KCIC,39.795383,-121.858422,238,-8,A,"Chico, CA",87,88,89,89,3.310344827586207,8.556818181818185,15.0,23.0,"Thu, Nov 11, 2004","Wed, Nov  3, 2004"
4043,Cedar Rapids,Cedar Rapids,United States,CID,KCID,41.884694,-91.710806,869,-6,A,"Cedar Rapids/Iowa City, IA",512,511,525,526,4.142578125000003,12.391389432485319,13.0,169.0,"Tue, Nov 23, 2004","Wed, Nov 24, 2004"
4088,McClellan-Palomar Airport,Carlsbad,United States,CLD,KCRQ,33.0742,-117.1648,328,-8,A,"Carlsbad, CA",166,167,172,172,3.253012048192771,7.017964071856287,10.0,29.0,"Tue, Nov 30, 2004","Tue, Nov 30, 2004"
3486,Cleveland Hopkins International,Cleveland,United States,CLE,KCLE,41.411689,-81.849794,791,-5,A,"Cleveland, OH",7516,7521,7591,7589,6.414715274081958,17.682090147586752,36.0,142.0,"Mon, Nov 15, 2004","Tue, Nov  9, 2004"
3715,Easterwood Field,College Station,United States,CLL,KCLL,30.588583,-96.363833,321,-6,A,"College Station/Bryan, TX",318,319,331,331,4.3584905660377355,10.438871473354231,19.0,111.0,"Wed, Nov 17, 2004","Wed, Nov 17, 2004"
3876,Charlotte Douglas International,Charlotte,United States,CLT,KCLT,35.214,-80.943139,748,-5,A,"Charlotte, NC",9128,9140,9204,9198,4.9562883435582865,16.540590809627957,66.0,695.0,"Tue, Nov 23, 2004","Thu, Nov 25, 2004"
3759,Port Columbus International,Columbus,United States,CMH,KCMH,39.997972,-82.891889,815,-5,A,"Columbus, OH",3316,3305,3356,3357,4.940892641737037,12.489863842662617,1383.0,153.0,"Sat, Nov 13, 2004","Wed, Nov 24, 2004"
4049,Champaign,Champaign,United States,CMI,KCMI,40.03925,-88.278056,754,-6,A,"Champaign/Urbana, IL",278,281,294,295,8.949640287769782,14.20996441281139,1261.0,435.0,"Tue, Nov  2, 2004","Sun, Nov 21, 2004"
4344,Yellowstone Regional,Cody,United States,COD,KCOD,44.520194,-109.023806,5102,-7,A,"Cody, WY",60,60,60,60,3.1166666666666667,8.666666666666664,12.0,17.0,"Tue, Nov 30, 2004","Sun, Nov 28, 2004"
3819,City Of Colorado Springs Municipal,Colorado Springs,United States,COS,KCOS,38.805805,-104.700778,6187,-7,A,"Colorado Springs, CO",1201,1202,1220,1223,6.694421315570359,16.043261231281196,25.0,185.0,"Sat, Nov 20, 2004","Tue, Nov 30, 2004"
3872,Natrona County International,Casper,United States,CPR,KCPR,42.908,-106.464417,5347,-7,A,"Casper, WY",258,256,261,261,3.360465116279069,8.886718750000007,11.0,34.0,"Mon, Nov 22, 2004","Sat, Nov 20, 2004"
3744,Corpus Christi International,Corpus Christi,United States,CRP,KCRP,27.770361,-97.501222,44,-6,A,"Corpus Christi, TX",671,677,691,699,4.046199701937407,10.51846381093056,19.0,78.0,"Tue, Nov 30, 2004","Mon, Nov  1, 2004"
4285,Yeager,Charleston,United States,CRW,KCRW,38.373147,-81.593189,981,-5,A,"Charleston/Dunbar, WV",522,520,531,531,3.2567049808429114,10.265384615384615,29.0,45.0,"Sat, Nov 13, 2004","Mon, Nov 15, 2004"
4255,Columbus Metropolitan Airport,Columbus,United States,CSG,KCSG,32.5163333,-84.9388611,397,-5,A,"Columbus, GA",165,164,178,178,2.8606060606060604,7.280487804878048,7.0,29.0,"Tue, Nov 23, 2004","Tue, Nov 30, 2004"
3488,Cincinnati Northern Kentucky International,Cincinnati,United States,CVG,KCVG,39.048836,-84.667822,896,-5,A,"Cincinnati, OH",16527,16595,16802,16745,13.818781388031706,16.730280204880984,1439.0,1437.0,"Mon, Nov  1, 2004","Thu, Nov 18, 2004"
3950,Daytona Beach International,Daytona Beach,United States,DAB,KDAB,29.179917,-81.058056,34,-5,A,"Daytona Beach, FL",307,307,308,308,3.755700325732899,15.94136807817589,8.0,103.0,"Sat, Nov 20, 2004","Fri, Nov 19, 2004"
3502,Dallas Love Field,Dallas,United States,DAL,KDAL,32.847111,-96.851778,487,-6,A,"Dallas, TX",3411,3422,3497,3498,3.1158018176487814,8.849795441262428,18.0,106.0,"Sun, Nov  7, 2004","Tue, Nov 23, 2004"
3627,James M. Cox Dayton International,Dayton,United States,DAY,KDAY,39.902375,-84.219375,1009,-5,A,"Dayton, OH",1462,1465,1487,1489,5.898768809849524,14.714675767918093,1423.0,104.0,"Thu, Nov 18, 2004","Sat, Nov 27, 2004"
4388,Dubuque Regional,Dubuque IA,United States,DBQ,KDBQ,42.402,-90.709472,1076,-6,A,"Dubuque, IA",107,107,110,111,3.981308411214952,12.542056074766355,16.0,74.0,"Fri, Nov  5, 2004","Tue, Nov 30, 2004"
3520,Ronald Reagan Washington National,Washington,United States,DCA,KDCA,38.852083,-77.037722,15,-5,A,"Washington, DC",7634,7632,7729,7730,4.874246790673304,14.831892033542996,1214.0,300.0,"Wed, Nov 10, 2004","Sun, Nov 14, 2004"
3751,Denver International,Denver,United States,DEN,KDEN,39.861656,-104.673178,5431,-7,A,"Denver, CO",11961,11990,12101,12104,7.49728283588329,15.95162635529609,68.0,129.0,"Sat, Nov 27, 2004","Wed, Nov 24, 2004"
3670,Dallas Fort Worth International,Dallas-fort Worth,United States,DFW,KDFW,32.896828,-97.037997,607,-6,A,"Dallas/Fort Worth, TX",26909,27072,27498,27532,10.687985432383249,18.630282210401955,516.0,184.0,"Mon, Nov 22, 2004","Tue, Nov 23, 2004"
3739,Dothan Regional,Dothan,United States,DHN,KDHN,31.321339,-85.449628,401,-6,A,"Dothan, AL",174,173,180,180,3.442528735632184,9.699421965317923,8.0,34.0,"Sun, Nov 28, 2004","Mon, Nov 22, 2004"
3460,Dillingham,Dillingham,United States,DLG,PADL,59.044667,-158.5055,74,-9,A,"Dillingham, AK",10,11,13,13,2.8,5.181818181818182,5.0,10.0,"Wed, Nov  3, 2004","Wed, Nov 24, 2004"
3598,Duluth International,Duluth,United States,DLH,KDLH,46.842091,-92.193649,1428,-6,A,"Duluth, MN",82,82,82,82,5.817073170731708,8.865853658536585,10.0,23.0,"Mon, Nov 15, 2004","Thu, Nov 25, 2004"
3713,Durango La Plata County,Durango,United States,DRO,KDRO,37.151516,-107.75377,6685,-7,A,"Durango, CO",29,31,31,31,5.482758620689655,12.225806451612904,42.0,76.0,"Thu, Nov 11, 2004","Wed, Nov 17, 2004"
3729,Des Moines International,Des Moines,United States,DSM,KDSM,41.533972,-93.663083,958,-6,A,"Des Moines, IA",909,909,930,932,5.368536853685365,12.874587458745875,605.0,122.0,"Sun, Nov 21, 2004","Wed, Nov 24, 2004"
3645,Detroit Metro Wayne County,Detroit,United States,DTW,KDTW,42.212444,-83.353389,645,-5,A,"Detroit, MI",11872,11883,11974,11965,9.070417789757395,17.66346882100474,66.0,134.0,"Sat, Nov 20, 2004","Wed, Nov 24, 2004"
4250,Eagle County Regional,Vail,United States,EGE,KEGE,39.642556,-106.917694,6540,-7,A,"Eagle, CO",5,6,7,7,5.2,17.5,7.0,43.0,"Sun, Nov 28, 2004","Sun, Nov 28, 2004"
5736,Elko Regional Airport,Elko,United States,EKO,KEKO,40.8249,-115.792,5140,-8,A,"Elko, NV",197,197,210,212,3.4162436548223343,6.8629441624365475,10.0,20.0,"Sun, Nov  7, 2004","Sun, Nov 28, 2004"
3559,El Paso International,El Paso,United States,ELP,KELP,31.80725,-106.377583,3958,-7,A,"El Paso, TX",1649,1648,1656,1655,3.443298969072166,9.99635922330095,27.0,130.0,"Sun, Nov  7, 2004","Tue, Nov 23, 2004"
4276,Erie International-Tom Ridge Field,Erie,United States,ERI,KERI,42.082022,-80.176217,733,-5,A,"Erie, PA",88,88,90,90,3.352272727272727,15.238636363636363,7.0,40.0,"Fri, Nov 19, 2004","Wed, Nov  3, 2004"
4099,Mahlon Sweet Field,Eugene,United States,EUG,KEUG,44.124583,-123.211972,374,-8,A,"Eugene, OR",438,435,463,468,3.6392694063926943,9.075862068965508,40.0,83.0,"Sun, Nov 14, 2004","Sat, Nov  6, 2004"
4018,Evansville Regional,Evansville,United States,EVV,KEVV,38.036997,-87.532364,418,-6,A,"Evansville, IN",393,392,409,407,4.16030534351145,10.806122448979592,12.0,66.0,"Wed, Nov 24, 2004","Tue, Nov 30, 2004"
3494,Newark Liberty International,Newark,United States,EWR,KEWR,40.6925,-74.168667,18,-5,A,"Newark, NJ",12804,12818,12952,12949,9.27624179943773,24.179981276330153,1355.0,193.0,"Wed, Nov 24, 2004","Wed, Nov 24, 2004"
3875,Key West International,Key West,United States,EYW,KEYW,24.556111,-81.759556,3,-5,A,"Key West, FL",57,53,58,53,3.508771929824561,10.962264150943396,10.0,78.0,"Fri, Nov 12, 2004","Tue, Nov  2, 2004"
3832,Fairbanks International,Fairbanks,United States,FAI,PAFA,64.815114,-147.856267,434,-9,A,"Fairbanks, AK",352,353,365,365,3.6136363636363638,10.660056657223798,13.0,57.0,"Wed, Nov 17, 2004","Tue, Nov  2, 2004"
4292,Hector International Airport,Fargo,United States,FAR,KFAR,46.92065,-96.8157639,902,-6,A,"Fargo, ND",304,304,306,306,4.874999999999999,11.253289473684209,15.0,54.0,"Tue, Nov  9, 2004","Wed, Nov 24, 2004"
3687,Fresno Yosemite International,Fresno,United States,FAT,KFAT,36.776194,-119.71814,336,-8,A,"Fresno, CA",1055,1064,1084,1091,3.9582938388625593,8.651315789473694,17.0,57.0,"Thu, Nov 11, 2004","Tue, Nov 16, 2004"
5738,Fayetteville Regional-Grannis Field,Fayetteville,United States,FAY,KFAY,34.9912,-78.8803,189,-5,A,"Fayetteville, NC",143,143,145,145,3.6083916083916083,8.657342657342655,10.0,40.0,"Thu, Nov 11, 2004","Sun, Nov 14, 2004"
4127,Glacier Park International,Kalispell,United States,FCA,KFCA,48.310472,-114.256,2977,-7,A,"Kalispell, MT",265,266,269,270,4.271698113207545,10.42105263157895,9.0,47.0,"Sat, Nov 27, 2004","Tue, Nov 30, 2004"
3533,Fort Lauderdale Hollywood International,Fort Lauderdale,United States,FLL,KFLL,26.072583,-80.15275,9,-5,A,"Fort Lauderdale, FL",5764,5765,5778,5776,4.417765440666192,16.10962705984396,84.0,119.0,"Fri, Nov  5, 2004","Thu, Nov  4, 2004"
3879,Florence Regional,Florence,United States,FLO,KFLO,34.185361,-79.723889,146,-5,A,"Florence, SC",83,82,85,85,4.939759036144578,8.670731707317076,11.0,18.0,"Sun, Nov  7, 2004","Sat, Nov 20, 2004"
4089,Bishop International,Flint,United States,FNT,KFNT,42.965424,-83.743629,782,-5,A,"Flint, MI",600,601,610,610,4.306666666666667,11.692179700499159,15.0,107.0,"Sun, Nov 14, 2004","Thu, Nov 25, 2004"
4009,Sioux Falls,Sioux Falls,United States,FSD,KFSD,43.582014,-96.741914,1429,-6,A,"Sioux Falls, SD",471,469,476,476,6.208067940552021,10.767590618336897,640.0,40.0,"Tue, Nov  9, 2004","Thu, Nov  4, 2004"
3437,Fort Smith Regional,Fort Smith,United States,FSM,KFSM,35.336583,-94.367444,469,-6,A,"Fort Smith, AR",160,160,169,169,3.937500000000001,10.225,12.0,47.0,"Fri, Nov  5, 2004","Sat, Nov 20, 2004"
4041,Fort Wayne,Fort Wayne,United States,FWA,KFWA,40.978472,-85.195139,815,-5,A,"Fort Wayne, IN",508,506,522,522,3.85236220472441,11.584980237154154,10.0,98.0,"Wed, Nov  3, 2004","Wed, Nov 24, 2004"
3467,Spokane International,Spokane,United States,GEG,KGEG,47.619861,-117.533833,2376,-8,A,"Spokane, WA",1145,1149,1168,1170,4.258515283842795,10.405570060922537,45.0,59.0,"Sat, Nov 27, 2004","Fri, Nov  5, 2004"
3442,Grand Forks International,Grand Forks,United States,GFK,KGFK,47.949256,-97.176111,845,-6,A,"Grand Forks, ND",60,60,60,60,4.233333333333333,8.8,8.0,34.0,"Fri, Nov 26, 2004","Wed, Nov 17, 2004"
3465,East Texas Regional,Longview,United States,GGG,KGGG,32.384014,-94.711486,365,-6,A,"Longview, TX",89,89,89,89,5.60674157303371,10.685393258426968,11.0,34.0,"Sun, Nov  7, 2004","Sun, Nov 28, 2004"
4063,Grand Junction Regional,Grand Junction,United States,GJT,KGJT,39.122413,-108.526735,4858,-7,A,"Grand Junction, CO",291,290,301,295,2.9931271477663226,8.375862068965516,11.0,52.0,"Thu, Nov 18, 2004","Sun, Nov 28, 2004"
3472,Gainesville Regional,Gainesville,United States,GNV,KGNV,29.690056,-82.271778,152,-5,A,"Gainesville, FL",197,197,202,202,3.035532994923859,7.751269035532995,8.0,40.0,"Fri, Nov 26, 2004","Tue, Nov 30, 2004"
4038,Gulfport-Biloxi,Gulfport,United States,GPT,KGPT,30.407278,-89.070111,28,-6,A,"Gulfport/Biloxi, MS",540,540,546,546,4.837037037037035,11.474074074074077,24.0,89.0,"Sun, Nov 21, 2004","Fri, Nov 19, 2004"
3653,Austin Straubel International,Green Bay,United States,GRB,KGRB,44.485072,-88.129589,695,-6,A,"Green Bay, WI",512,510,521,521,4.453125000000002,14.190196078431375,18.0,1375.0,"Mon, Nov 29, 2004","Wed, Nov  3, 2004"
3775,Robert Gray AAF,Killeen,United States,GRK,KGRK,31.06725,-97.828917,1015,-6,A,"Killeen, TX",374,382,434,442,4.7245989304812825,10.848167539267015,40.0,38.0,"Fri, Nov 19, 2004","Mon, Nov 29, 2004"
3685,Gerald R. Ford International,Grand Rapids,United States,GRR,KGRR,42.880833,-85.522806,794,-5,A,"Grand Rapids, MI",1328,1325,1374,1364,4.286144578313253,12.870943396226421,33.0,86.0,"Thu, Nov 25, 2004","Wed, Nov 24, 2004"
4008,Piedmont Triad,Greensboro,United States,GSO,KGSO,36.09775,-79.937306,925,-5,A,"Greensboro/High Point, NC",1690,1688,1713,1713,5.473372781065087,14.901658767772513,990.0,810.0,"Thu, Nov 11, 2004","Thu, Nov 25, 2004"
4034,Greenville-Spartanburg International,Greenville,United States,GSP,KGSP,34.895556,-82.218889,964,-5,A,"Greer, SC",1424,1425,1450,1451,10.345505617977517,13.785964912280704,1438.0,233.0,"Sun, Nov 28, 2004","Fri, Nov  5, 2004"
3880,Great Falls International,Great Falls,United States,GTF,KGTF,47.482,-111.370689,3677,-7,A,"Great Falls, MT",325,327,330,330,4.276923076923073,8.443425076452597,9.0,38.0,"Wed, Nov  3, 2004","Sun, Nov 21, 2004"
4273,Golden Triangle Regional Airport,Columbus Mississippi,United States,GTR,KGTR,33.450333,-88.591361,264,-6,A,"Columbus, MS",104,115,108,119,3.4423076923076925,9.139130434782611,18.0,40.0,"Tue, Nov 30, 2004","Sat, Nov 13, 2004"
3504,Helena Regional,Helena,United States,HLN,KHLN,46.606806,-111.98275,3877,-7,A,"Helena, MT",201,203,206,207,7.099502487562186,7.901477832512315,751.0,21.0,"Mon, Nov  8, 2004","Thu, Nov  4, 2004"
3728,Honolulu International,Honolulu,United States,HNL,PHNL,21.318681,-157.922428,13,-10,N,"Honolulu, HI",2950,2947,2954,2953,5.233559322033906,13.652867322701066,26.0,47.0,"Fri, Nov  5, 2004","Fri, Nov 19, 2004"
3566,William P. Hobby,Houston,United States,HOU,KHOU,29.645419,-95.278889,46,-6,A,"Houston, TX",4579,4570,4669,4645,4.034286962218823,10.243982494529552,37.0,97.0,"Mon, Nov  8, 2004","Mon, Nov  1, 2004"
3589,Westchester County,White Plains,United States,HPN,KHPN,41.066959,-73.707575,439,-5,A,"White Plains, NY",630,632,662,665,6.1396825396825365,16.200949367088604,44.0,127.0,"Sun, Nov 21, 2004","Wed, Nov 24, 2004"
3560,Valley International,Harlingen,United States,HRL,KHRL,26.2285,-97.654389,36,-6,A,"Harlingen/San Benito, TX",454,456,462,462,2.8083700440528654,7.901315789473684,13.0,43.0,"Fri, Nov 12, 2004","Sat, Nov 20, 2004"
4113,Huntsville International Airport-Carl T. Jones Field,Huntsville,United States,HSV,KHSV,34.6371944,-86.7750556,629,-6,A,"Huntsville, AL",1206,1201,1232,1232,8.276119402985072,12.416319733555376,1385.0,98.0,"Sat, Nov 20, 2004","Tue, Nov 23, 2004"
5742,TriState-Milton J. Ferguson Field,Huntington,United States,HTS,KHTS,38.3667,-82.558,828,-5,A,"Ashland, WV",114,114,114,114,3.4035087719298245,20.98245614035087,9.0,1430.0,"Sat, Nov  6, 2004","Sat, Nov 20, 2004"
4006,Tweed-New Haven Airport,New Haven,United States,HVN,KHVN,41.26375,-72.886806,14,-5,A,"New Haven, CT",90,90,90,90,3.477777777777778,11.877777777777778,7.0,55.0,"Sun, Nov  7, 2004","Sat, Nov 13, 2004"
3714,Washington Dulles International,Washington,United States,IAD,KIAD,38.944533,-77.455811,313,-5,A,"Washington, DC",13188,13226,13376,13374,6.686912344555641,19.01602903372148,1020.0,149.0,"Fri, Nov 12, 2004","Fri, Nov 12, 2004"
3550,George Bush Intercontinental Houston,Houston,United States,IAH,KIAH,29.984433,-95.341442,97,-6,A,"Houston, TX",16163,16314,16579,16563,8.677968198972927,22.52292509501045,91.0,177.0,"Mon, Nov 22, 2004","Mon, Nov 22, 2004"
3457,Wichita Mid Continent,Wichita,United States,ICT,KICT,37.649944,-97.433056,1333,-6,A,"Wichita, KS",877,879,904,905,14.600912200684117,12.742889647326502,1335.0,84.0,"Mon, Nov 22, 2004","Tue, Nov 23, 2004"
4100,Idaho Falls Regional,Idaho Falls,United States,IDA,KIDA,43.514556,-112.07075,4744,-7,A,"Idaho Falls, ID",263,263,273,268,3.106463878326996,7.452471482889734,8.0,23.0,"Wed, Nov  3, 2004","Sat, Nov 20, 2004"
3845,Wilmington International,Wilmington,United States,ILM,KILM,34.270615,-77.902569,32,-5,A,"Wilmington, NC",250,233,255,236,4.532,9.802575107296137,20.0,73.0,"Mon, Nov 15, 2004","Tue, Nov 23, 2004"
3585,Indianapolis International,Indianapolis,United States,IND,KIND,39.717331,-86.294383,797,-5,A,"Indianapolis, IN",3509,3509,3527,3527,7.985465944713594,14.152180108292958,77.0,207.0,"Thu, Nov  4, 2004","Wed, Nov 24, 2004"
3689,Imperial County,Imperial,United States,IPL,KIPL,32.834219,-115.578744,-54,-8,A,"El Centro, CA",60,60,60,60,3.05,9.3,6.0,90.0,"Sat, Nov 20, 2004","Tue, Nov 30, 2004"
3857,Long Island MacArthur,Islip,United States,ISP,KISP,40.79525,-73.100222,99,-5,A,"Islip, NY",954,939,961,944,4.145702306079653,9.627263045793399,63.0,67.0,"Fri, Nov 12, 2004","Sat, Nov 13, 2004"
3415,Hilo International,Hilo,United States,ITO,PHTO,19.721375,-155.048469,38,-10,N,"Hilo, HI",206,206,206,206,4.815533980582524,5.048543689320385,17.0,10.0,"Sat, Nov 27, 2004","Sun, Nov 21, 2004"
7120,Inyokern Airport,Inyokern,United States,IYK,KIYK,35.658889,-117.829444,2455,-8,A,"Inyokern, CA",82,81,84,84,3.768292682926829,7.97530864197531,13.0,17.0,"Mon, Nov 29, 2004","Mon, Nov 15, 2004"
4027,Jackson Hole Airport,Jacksn Hole,United States,JAC,KJAC,43.60733333,-110.73775,6451,-7,A,"Jackson, WY",205,205,208,209,3.097560975609755,8.917073170731701,13.0,37.0,"Thu, Nov  4, 2004","Mon, Nov 15, 2004"
3580,Jackson Evers International,Jackson,United States,JAN,KJAN,32.311167,-90.075889,346,-6,A,"Jackson/Vicksburg, MS",989,985,1008,1007,6.850353892821032,11.89746192893401,1383.0,830.0,"Thu, Nov  4, 2004","Wed, Nov  3, 2004"
3712,Jacksonville International,Jacksonville,United States,JAX,KJAX,30.494056,-81.687861,30,-5,A,"Jacksonville, FL",2478,2470,2489,2480,6.104923325262309,13.52388663967612,1418.0,1410.0,"Thu, Nov 18, 2004","Wed, Nov 24, 2004"
3797,John F. Kennedy International,New York,United States,JFK,KJFK,40.639751,-73.778925,13,-5,A,"New York, NY",7768,7755,7809,7801,8.346549948506658,22.16802063185034,1426.0,114.0,"Wed, Nov 24, 2004","Thu, Nov 25, 2004"
3492,Juneau International,Juneau,United States,JNU,PAJN,58.354972,-134.576278,21,-9,A,"Juneau, AK",285,283,293,293,4.200000000000001,10.406360424028268,11.0,33.0,"Fri, Nov  5, 2004","Sat, Nov 27, 2004"
3514,Kona International At Keahole,Kona,United States,KOA,PHKO,19.738767,-156.045631,47,-10,N,"Kona, HI",486,486,486,486,3.948559670781893,7.380658436213994,7.0,46.0,"Sun, Nov 28, 2004","Fri, Nov  5, 2004"
3808,Ketchikan International,Ketchikan,United States,KTN,PAKT,55.355556,-131.71375,88,-9,A,"Ketchikan, AK",164,166,176,176,4.603658536585366,9.499999999999996,21.0,35.0,"Wed, Nov  3, 2004","Fri, Nov 19, 2004"
3544,Capital City,Lansing,United States,LAN,KLAN,42.7787,-84.587357,861,-5,A,"Lansing, MI",618,613,634,634,3.9676375404530746,9.67047308319739,115.0,43.0,"Wed, Nov 24, 2004","Mon, Nov 22, 2004"
3877,McCarran International,Las Vegas,United States,LAS,KLAS,36.080056,-115.15225,2141,-8,A,"Las Vegas, NV",13051,13080,13183,13193,6.2399816106045405,15.565519877675854,84.0,178.0,"Thu, Nov 11, 2004","Mon, Nov  1, 2004"
4256,Lawton-Fort Sill Regional Airport,Lawton,United States,LAW,KLAW,34.5677144,-98.4166367,1110,-6,A,"Lawton/Fort Sill, OK",174,174,177,177,4.580459770114945,11.350574712643683,15.0,73.0,"Sat, Nov 13, 2004","Sat, Nov 20, 2004"
3484,Los Angeles International,Los Angeles,United States,LAX,KLAX,33.942536,-118.408075,126,-8,A,"Los Angeles, CA",18816,18857,18997,18993,7.441698554421775,13.933976772551295,57.0,139.0,"Sat, Nov 20, 2004","Sun, Nov 28, 2004"
3829,Lubbock Preston Smith International,Lubbock,United States,LBB,KLBB,33.663639,-101.822778,3282,-6,A,"Lubbock, TX",746,750,769,769,3.4128686327077755,10.054666666666662,29.0,185.0,"Tue, Nov 23, 2004","Tue, Nov 23, 2004"
3513,Lake Charles Regional,Lake Charles,United States,LCH,KLCH,30.126112,-93.223335,15,-6,A,"Lake Charles, LA",119,119,126,126,4.596638655462188,14.731092436974789,9.0,115.0,"Wed, Nov 17, 2004","Mon, Nov  1, 2004"
4017,Blue Grass,Lexington KY,United States,LEX,KLEX,38.0365,-84.605889,979,-5,A,"Lexington, KY",765,763,778,778,4.277124183006533,13.528178243774574,24.0,1439.0,"Tue, Nov 23, 2004","Mon, Nov  8, 2004"
3493,Lafayette Regional,Lafayette,United States,LFT,KLFT,30.205278,-91.987611,43,-6,A,"Lafayette, LA",322,321,332,332,4.739130434782608,13.772585669781929,14.0,88.0,"Mon, Nov 22, 2004","Mon, Nov  1, 2004"
3697,LaGuardia Airport,New York,United States,LGA,KLGA,40.777245,-73.872608,22,-5,A,"New York, NY",10362,10369,10537,10530,8.211542173325588,24.5141286527148,204.0,781.0,"Thu, Nov 11, 2004","Fri, Nov 19, 2004"
3582,Long Beach,Long Beach,United States,LGB,KLGB,33.817722,-118.151611,60,-8,A,"Long Beach, CA",868,879,885,885,4.53917050691244,12.821387940841866,22.0,41.0,"Sat, Nov 13, 2004","Tue, Nov  9, 2004"
3602,Lihue,Lihue,United States,LIH,PHLI,21.975983,-159.338958,153,-10,N,"Lihue, HI",564,565,567,567,5.19858156028369,4.353982300884955,35.0,27.0,"Sun, Nov  7, 2004","Sat, Nov 27, 2004"
3660,Adams Field,Little Rock,United States,LIT,KLIT,34.729444,-92.224306,262,-6,A,"Little Rock, AR",1412,1406,1438,1437,4.873229461756364,13.040540540540553,68.0,1435.0,"Wed, Nov 10, 2004","Fri, Nov 19, 2004"
3543,Lincoln,Lincoln,United States,LNK,KLNK,40.850971,-96.75925,1219,-6,A,"Lincoln, NE",149,147,150,150,4.476510067114094,10.469387755102035,13.0,51.0,"Mon, Nov 22, 2004","Wed, Nov 17, 2004"
3691,Laredo International,Laredo,United States,LRD,KLRD,27.54375,-99.461556,508,-6,A,"Laredo, TX",207,207,210,210,3.710144927536232,11.632850241545894,13.0,44.0,"Thu, Nov 25, 2004","Tue, Nov 23, 2004"
4044,LaCrosse Municipal,LaCrosse,United States,LSE,KLSE,43.878986,-91.256711,654,-6,A,"La Crosse, WI",113,113,116,116,3.6194690265486726,11.911504424778757,9.0,111.0,"Tue, Nov 16, 2004","Mon, Nov  1, 2004"
5753,Lynchburg Regional-Preston Glenn Field,Lynchburg,United States,LYH,KLYH,37.3267,-79.2004,938,-5,A,"Lynchburg, VA",89,88,90,90,3.955056179775281,9.977272727272727,9.0,73.0,"Tue, Nov  2, 2004","Tue, Nov 23, 2004"
3652,Midland International,Midland,United States,MAF,KMAF,31.942528,-102.201914,2871,-6,A,"Midland/Odessa, TX",620,622,635,635,3.280645161290322,8.405144694533766,10.0,30.0,"Mon, Nov  8, 2004","Tue, Nov 16, 2004"
4128,MBS International,Saginaw,United States,MBS,KMBS,43.532913,-84.079647,668,-5,A,"Saginaw/Bay City/Midland, MI",312,313,320,321,4.134615384615386,10.904153354632594,10.0,113.0,"Wed, Nov 24, 2004","Wed, Nov 24, 2004"
3458,Kansas City International,Kansas City,United States,MCI,KMCI,39.297606,-94.713905,1026,-6,A,"Kansas City, MO",4530,4537,4550,4560,4.768874172185433,11.748732642715437,734.0,670.0,"Tue, Nov 16, 2004","Tue, Nov  2, 2004"
3754,Middle Georgia Regional,Macon,United States,MCN,KMCN,32.69285,-83.649211,354,-5,A,"Macon, GA",132,132,145,145,3.553030303030303,13.159090909090907,8.0,103.0,"Sun, Nov 28, 2004","Mon, Nov  1, 2004"
3878,Orlando International,Orlando,United States,MCO,KMCO,28.429394,-81.308994,96,-5,A,"Orlando, FL",9643,9632,9669,9671,5.3232396557087975,12.836586378737527,1015.0,83.0,"Tue, Nov 30, 2004","Tue, Nov  2, 2004"
3542,Harrisburg International,Harrisburg,United States,MDT,KMDT,40.193494,-76.763403,310,-5,A,"Harrisburg, PA",666,668,676,677,4.810810810810812,13.48203592814371,27.0,102.0,"Sat, Nov  6, 2004","Mon, Nov  1, 2004"
3747,Chicago Midway International,Chicago,United States,MDW,KMDW,41.785972,-87.752417,620,-6,A,"Chicago, IL",7211,7222,7269,7263,6.037720149771169,14.288008861811132,210.0,190.0,"Mon, Nov 15, 2004","Mon, Nov 15, 2004"
4335,Key Field,Meridian,United States,MEI,KMEI,32.332624,-88.751868,297,-6,A,"Meridian, MS",86,85,89,89,4.232558139534884,12.023529411764706,11.0,63.0,"Sat, Nov  6, 2004","Fri, Nov 19, 2004"
3473,Memphis International,Memphis,United States,MEM,KMEM,35.042417,-89.976667,341,-6,A,"Memphis, TN",4148,4148,4188,4187,6.841851494696242,16.242526518804258,54.0,505.0,"Fri, Nov 26, 2004","Tue, Nov  9, 2004"
3826,McAllen Miller International,Mcallen,United States,MFE,KMFE,26.175833,-98.238611,107,-6,A,"Mission/McAllen/Edinburg, TX",251,250,251,251,3.9402390438247012,10.663999999999996,8.0,42.0,"Mon, Nov 22, 2004","Sat, Nov 20, 2004"
4101,Rogue Valley International Medford,Medford,United States,MFR,KMFR,42.374228,-122.8735,1335,-8,A,"Medford, OR",373,372,386,387,3.083109919571047,7.688172043010755,7.0,32.0,"Tue, Nov  9, 2004","Fri, Nov 12, 2004"
4115,Montgomery Regional Airport ,MONTGOMERY,United States,MGM,KMGM,32.3006389,-86.3939722,221,-6,A,"Montgomery, AL",290,283,300,293,2.989655172413792,11.445229681978798,17.0,99.0,"Mon, Nov 22, 2004","Sat, Nov 20, 2004"
4011,Manchester Regional Airport,Manchester NH,United States,MHT,KMHT,42.932556,-71.435667,266,-5,A,"Manchester, NH",2177,2181,2201,2200,4.756545705098756,14.027968821641434,877.0,136.0,"Sun, Nov 28, 2004","Fri, Nov 12, 2004"
3576,Miami International,Miami,United States,MIA,KMIA,25.79325,-80.290556,8,-5,A,"Miami, FL",5243,5237,5273,5273,7.311653633415939,17.099293488638526,80.0,175.0,"Mon, Nov  8, 2004","Fri, Nov 12, 2004"
3717,General Mitchell International,Milwaukee,United States,MKE,KMKE,42.947222,-87.896583,723,-6,A,"Milwaukee, WI",1764,1762,1782,1781,4.830498866213148,13.750851305334843,25.0,115.0,"Sun, Nov 21, 2004","Wed, Nov 24, 2004"
3671,Melbourne International,Melbourne,United States,MLB,KMLB,28.102753,-80.645258,33,-5,A,"Melbourne, FL",216,215,217,217,4.5787037037037015,12.786046511627907,11.0,89.0,"Thu, Nov 25, 2004","Thu, Nov 11, 2004"
4072,Quad City International,Moline,United States,MLI,KMLI,41.448528,-90.507539,590,-6,A,"Moline, IL",354,354,358,358,4.502824858757065,11.166666666666673,41.0,50.0,"Fri, Nov 12, 2004","Tue, Nov 16, 2004"
3732,Monroe Regional,Monroe,United States,MLU,KMLU,32.510864,-92.037689,79,-6,A,"Monroe, LA",259,262,269,271,3.55984555984556,9.049618320610685,12.0,100.0,"Tue, Nov 30, 2004","Sat, Nov 20, 2004"
3782,Mobile Regional,Mobile,United States,MOB,KMOB,30.691231,-88.242814,219,-6,A,"Mobile, AL",344,382,356,394,4.482558139534881,12.109947643979062,66.0,90.0,"Thu, Nov 11, 2004","Wed, Nov 17, 2004"
3816,Modesto City County Harry Sham,Modesto,United States,MOD,KMOD,37.625817,-120.954422,97,-8,A,"Modesto, CA",101,100,115,117,2.663366336633662,7.84,12.0,25.0,"Sun, Nov 21, 2004","Sun, Nov  7, 2004"
3498,Minot International,Minot,United States,MOT,KMOT,48.259378,-101.280333,1716,-6,A,"Minot, ND",89,88,89,89,4.617977528089888,9.045454545454549,9.0,50.0,"Sun, Nov 14, 2004","Fri, Nov 26, 2004"
6838,Sawyer International Airport,Marquette,United States,MQT,KMQT,46.353611,-87.395278,1221,-5,A,"Marquette, MI",84,84,86,86,4.630952380952381,13.380952380952381,14.0,78.0,"Wed, Nov 17, 2004","Tue, Nov 16, 2004"
3948,Monterey Peninsula,Monterey,United States,MRY,KMRY,36.587,-121.842944,257,-8,A,"Monterey, CA",560,564,576,578,3.1517857142857135,8.927304964539015,8.0,42.0,"Tue, Nov 23, 2004","Sat, Nov 27, 2004"
3459,Dane County Regional-Truax Field,Madison,United States,MSN,KMSN,43.139858,-89.337514,887,-6,A,"Madison, WI",749,748,763,763,4.112149532710283,14.219251336898395,23.0,1437.0,"Thu, Nov 25, 2004","Sat, Nov 13, 2004"
4216,Missoula International,Missoula,United States,MSO,KMSO,46.916306,-114.090556,3205,-7,A,"Missoula, MT",364,366,369,370,4.8434065934065975,10.409836065573773,27.0,36.0,"Sat, Nov 27, 2004","Fri, Nov 19, 2004"
3858,Minneapolis St. Paul International,Minneapolis,United States,MSP,KMSP,44.881956,-93.221767,841,-6,A,"Minneapolis, MN",11412,11421,11514,11505,6.69356817385208,17.50512214341999,1425.0,194.0,"Fri, Nov 26, 2004","Mon, Nov  1, 2004"
3861,Louis Armstrong New Orleans International,New Orleans,United States,MSY,KMSY,29.993389,-90.258028,4,-6,A,"New Orleans, LA",4385,4376,4402,4393,4.00798175598632,10.375457038391216,37.0,163.0,"Mon, Nov 22, 2004","Tue, Nov 23, 2004"
6880,Montrose Regional Airport,Montrose CO,United States,MTJ,KMTJ,38.509794,-107.894242,5759,-7,A,"Montrose/Delta, CO",140,140,144,145,3.8642857142857143,7.414285714285715,89.0,45.0,"Thu, Nov 11, 2004","Wed, Nov 10, 2004"
3515,Myrtle Beach International,Myrtle Beach,United States,MYR,KMYR,33.67975,-78.928333,25,-5,A,"Myrtle Beach, SC",600,597,602,604,11.606666666666657,12.922948073701836,1320.0,1439.0,"Wed, Nov 24, 2004","Sat, Nov  6, 2004"
3453,Metropolitan Oakland International,Oakland,United States,OAK,KOAK,37.721278,-122.220722,9,-8,A,"Oakland, CA",5764,5777,5814,5813,5.153018736988217,10.476891119958454,38.0,115.0,"Mon, Nov  8, 2004","Sat, Nov 27, 2004"
3456,Kahului,Kahului,United States,OGG,PHOG,20.89865,-156.430458,54,-10,N,"Kahului, HI",1055,1053,1057,1056,4.7450236966824635,8.346628679962006,39.0,40.0,"Tue, Nov 30, 2004","Sat, Nov  6, 2004"
3863,Will Rogers World,Oklahoma City,United States,OKC,KOKC,35.393089,-97.600733,1295,-6,A,"Oklahoma City, OK",1720,1716,1741,1741,4.429651162790695,11.183566433566439,64.0,83.0,"Sun, Nov  7, 2004","Fri, Nov 19, 2004"
3454,Eppley Airfield,Omaha,United States,OMA,KOMA,41.303167,-95.894069,984,-6,A,"Omaha, NE",1871,1851,1884,1866,5.924639230358099,11.857914640734727,1422.0,98.0,"Thu, Nov 11, 2004","Thu, Nov  4, 2004"
3615,Nome,Nome,United States,OME,PAOM,64.512203,-165.445247,37,-9,A,"Nome, AK",81,82,87,87,3.3209876543209877,6.353658536585365,7.0,21.0,"Tue, Nov 16, 2004","Wed, Nov 17, 2004"
3734,Ontario International,Ontario,United States,ONT,KONT,34.056,-117.601194,944,-8,A,"Ontario, CA",2920,2897,2943,2925,4.114726027397276,9.8491542975492,23.0,39.0,"Sun, Nov 28, 2004","Tue, Nov  2, 2004"
3830,Chicago O'Hare International,Chicago,United States,ORD,KORD,41.978603,-87.904842,668,-6,A,"Chicago, IL",27977,28066,28677,28677,8.779282982449875,18.66058576213228,1310.0,275.0,"Sat, Nov 27, 2004","Wed, Nov 24, 2004"
3611,Norfolk International,Norfolk,United States,ORF,KORF,36.894611,-76.201222,26,-5,A,"Norfolk, VA",1933,1921,1950,1944,4.833419555095701,11.932847475273292,794.0,99.0,"Tue, Nov 30, 2004","Sat, Nov 13, 2004"
3693,Ralph Wien Memorial,Kotzebue,United States,OTZ,PAOT,66.884678,-162.59855,11,-9,A,"Kotzebue, AK",83,83,87,87,4.313253012048193,6.433734939759036,9.0,18.0,"Tue, Nov 16, 2004","Sun, Nov 28, 2004"
6961,Oxnard - Ventura County,Oxnard,United States,OXR,KOXR,34.200833,-119.207222,15,-8,A,"Oxnard/Ventura, CA",136,137,139,139,3.139705882352941,8.23357664233576,10.0,30.0,"Mon, Nov 15, 2004","Fri, Nov 19, 2004"
3722,Palm Beach International,West Palm Beach,United States,PBI,KPBI,26.683161,-80.095589,19,-5,A,"West Palm Beach/Palm Beach, FL",2324,2321,2328,2326,4.434165232358003,12.749246014648843,31.0,103.0,"Wed, Nov 24, 2004","Fri, Nov  5, 2004"
3720,Portland International,Portland,United States,PDX,KPDX,45.588722,-122.5975,30,-8,A,"Portland, OR",4248,4269,4346,4338,4.129708097928426,10.534551417193718,34.0,111.0,"Fri, Nov  5, 2004","Wed, Nov 24, 2004"
4073,Panama City Bay County International,Panama City,United States,PFN,KPFN,30.212083,-85.682806,20,-6,A,"Panama City, FL",258,257,268,268,6.775193798449612,7.980544747081709,946.0,27.0,"Sat, Nov 13, 2004","Tue, Nov 30, 2004"
3633,Newport News Williamsburg International,Newport News,United States,PHF,KPHF,37.131894,-76.492989,43,-5,A,"Newport News/Williamsburg, VA",480,481,483,483,5.450000000000004,10.338877338877332,17.0,66.0,"Sat, Nov 13, 2004","Wed, Nov 24, 2004"
3752,Philadelphia International,Philadelphia,United States,PHL,KPHL,39.871944,-75.241139,36,-5,A,"Philadelphia, PA",11271,11305,11428,11431,7.151539348771195,21.087571870853463,1119.0,201.0,"Tue, Nov 30, 2004","Wed, Nov 24, 2004"
3462,Phoenix Sky Harbor International,Phoenix,United States,PHX,KPHX,33.434278,-112.011583,1135,-7,N,"Phoenix, AZ",13814,13863,13940,13942,6.285797017518475,14.750270504219888,57.0,192.0,"Sun, Nov  7, 2004","Tue, Nov 23, 2004"
4046,Peoria Regional,Peoria,United States,PIA,KPIA,40.664203,-89.693258,660,-6,A,"Peoria, IL",374,374,395,394,3.505347593582888,13.10427807486631,20.0,78.0,"Tue, Nov  9, 2004","Tue, Nov 23, 2004"
3617,St. Petersburg Clearwater International,St. Petersburg,United States,PIE,KPIE,27.910167,-82.687389,10,-5,A,"St. Petersburg, FL",138,139,138,139,4.434782608695652,12.446043165467623,10.0,54.0,"Sun, Nov 14, 2004","Fri, Nov 12, 2004"
5760,Pocatello Regional Airport,Pocatello,United States,PIH,KPIH,42.9098,-112.596,4452,-7,A,"Pocatello, ID",145,146,151,148,3.2551724137931033,8.67808219178082,15.0,38.0,"Sat, Nov 27, 2004","Tue, Nov 30, 2004"
3570,Pittsburgh International,Pittsburgh (pennsylva),United States,PIT,KPIT,40.491467,-80.232872,1204,-5,A,"Pittsburgh, PA",4483,4486,4543,4541,6.853446352888684,15.43535443602318,1383.0,1332.0,"Sun, Nov 14, 2004","Tue, Nov 23, 2004"
3564,Pensacola Regional,Pensacola,United States,PNS,KPNS,30.473425,-87.186611,121,-6,A,"Pensacola, FL",573,574,582,583,4.478184991273997,11.97038327526133,23.0,111.0,"Sun, Nov  7, 2004","Wed, Nov 24, 2004"
6133,Tri Cities Airport,Pasco,United States,PSC,PSC,46.2647,-119.119,410,-8,A,"Pasco/Kennewick/Richland, WA",324,322,330,331,4.404320987654322,9.888198757763982,64.0,38.0,"Wed, Nov 24, 2004","Fri, Nov  5, 2004"
4147,Petersburg James A. Johnson,Petersburg,United States,PSG,PAPG,56.801667,-132.945278,105,-9,A,"Petersburg, AK",53,54,58,58,3.5660377358490565,6.5,6.0,23.0,"Sat, Nov  6, 2004","Wed, Nov 24, 2004"
3839,Palm Springs International,Palm Springs,United States,PSP,KPSP,33.829667,-116.506694,477,-8,A,"Palm Springs, CA",1087,1084,1095,1092,4.356025758969644,10.175276752767518,36.0,106.0,"Wed, Nov  3, 2004","Tue, Nov 30, 2004"
3641,Theodore Francis Green State,Providence,United States,PVD,KPVD,41.732581,-71.420383,55,-5,A,"Providence, RI",2718,2716,2735,2737,4.285504047093459,13.786818851251851,86.0,199.0,"Sat, Nov 13, 2004","Sat, Nov 13, 2004"
3862,Portland International Jetport,Portland,United States,PWM,KPWM,43.646161,-70.309281,77,-5,A,"Portland, ME",770,771,778,778,4.218181818181817,16.123216601815784,147.0,1439.0,"Sun, Nov 28, 2004","Wed, Nov 17, 2004"
4087,Rapid City Regional Airport,Rapid City,United States,RAP,KRAP,44.045278,-103.057222,3204,-7,A,"Rapid City, SD",296,296,296,296,4.057432432432428,9.885135135135126,10.0,24.0,"Wed, Nov 24, 2004","Sun, Nov 14, 2004"
4098,Redding Municipal,Redding,United States,RDD,KRDD,40.509,-122.293389,504,-8,A,"Redding, CA",167,168,172,174,3.856287425149701,7.648809523809524,8.0,28.0,"Thu, Nov  4, 2004","Mon, Nov 29, 2004"
4103,Roberts Field,Redmond-Bend,United States,RDM,KRDM,44.254066,-121.149964,3077,-8,A,"Bend/Redmond, OR",200,201,207,208,2.89,7.855721393034831,11.0,23.0,"Wed, Nov  3, 2004","Fri, Nov 12, 2004"
3626,Raleigh Durham International,Raleigh-durham,United States,RDU,KRDU,35.877639,-78.787472,435,-5,A,"Raleigh/Durham, NC",5464,5461,5519,5517,4.857430453879925,12.846182017945447,38.0,160.0,"Mon, Nov 22, 2004","Fri, Nov 12, 2004"
3608,Richmond International,Richmond,United States,RIC,KRIC,37.505167,-77.319667,167,-5,A,"Richmond, VA",1447,1446,1463,1462,5.889426399447131,13.395573997233749,1384.0,201.0,"Sun, Nov 14, 2004","Fri, Nov 12, 2004"
3807,Reno Tahoe International,Reno,United States,RNO,KRNO,39.499108,-119.768108,4415,-8,A,"Reno, NV",2341,2349,2416,2420,4.424177701836835,9.988505747126451,47.0,137.0,"Sat, Nov 27, 2004","Sat, Nov 27, 2004"
4016,Roanoke Regional,Roanoke VA,United States,ROA,KROA,37.325472,-79.975417,1175,-5,A,"Roanoke, VA",270,251,282,262,4.8999999999999995,10.741035856573703,15.0,30.0,"Wed, Nov 10, 2004","Tue, Nov 23, 2004"
3622,Greater Rochester International,Rochester,United States,ROC,KROC,43.118866,-77.672389,559,-5,A,"Rochester, NY",1616,1612,1630,1630,5.571782178217833,13.867866004962783,165.0,113.0,"Thu, Nov 11, 2004","Fri, Nov 12, 2004"
4048,Rochester,Rochester,United States,RST,KRST,43.908283,-92.500014,1317,-6,A,"Rochester, MN",230,231,239,240,4.217391304347828,11.593073593073592,11.0,70.0,"Wed, Nov 10, 2004","Sun, Nov  7, 2004"
3793,Southwest Florida International,Fort Myers,United States,RSW,KRSW,26.536167,-81.755167,30,-5,A,"Fort Myers, FL",1958,1950,1958,1954,4.716547497446363,13.690256410256412,540.0,129.0,"Sat, Nov 20, 2004","Wed, Nov 24, 2004"
3731,San Diego International,San Diego,United States,SAN,KSAN,32.733556,-117.189667,17,-8,A,"San Diego, CA",7017,7013,7056,7058,3.4955109020949036,12.681448738057885,51.0,116.0,"Wed, Nov 24, 2004","Fri, Nov 19, 2004"
3621,San Antonio International,San Antonio,United States,SAT,KSAT,29.533694,-98.469778,809,-6,A,"San Antonio, TX",2976,2963,3007,2986,3.8316532258064533,10.384745190685138,32.0,176.0,"Tue, Nov 23, 2004","Mon, Nov 22, 2004"
3613,Savannah Hilton Head International,Savannah,United States,SAV,KSAV,32.127583,-81.202139,51,-5,A,"Savannah, GA",1119,1116,1133,1131,10.605898123324392,14.132616487455191,1384.0,1050.0,"Tue, Nov  2, 2004","Thu, Nov 11, 2004"
3949,Santa Barbara Municipal,Santa Barbara,United States,SBA,KSBA,34.426211,-119.840372,10,-8,A,"Santa Barbara, CA",1022,1018,1034,1032,4.081213307240701,8.297642436149316,51.0,38.0,"Tue, Nov 30, 2004","Mon, Nov 29, 2004"
4359,South Bend Regional,South Bend,United States,SBN,KSBN,41.708661,-86.31725,799,-5,A,"South Bend, IN",326,307,329,311,3.9355828220858897,11.628664495114007,10.0,120.0,"Mon, Nov  1, 2004","Mon, Nov  1, 2004"
5768,San Luis County Regional Airport,San Luis Obispo,United States,SBP,KSBP,35.2368,-120.642,212,-8,A,"San Luis Obispo, CA",429,427,438,442,3.3682983682983685,9.407494145199061,17.0,31.0,"Mon, Nov  1, 2004","Tue, Nov  9, 2004"
3620,Deadhorse,Deadhorse,United States,SCC,PASC,70.19475,-148.465167,64,-9,A,"Deadhorse, AK",21,21,25,25,3.0952380952380953,5.571428571428571,5.0,13.0,"Tue, Nov 16, 2004","Fri, Nov 26, 2004"
4318,University Park Airport,State College Pennsylvania,United States,SCE,KUNV,40.849278,-77.848694,1239,-5,A,"State College, PA",87,87,89,89,4.32183908045977,10.643678160919537,55.0,42.0,"Sun, Nov 28, 2004","Tue, Nov 23, 2004"
4014,Louisville International Airport,Louisville,United States,SDF,KSDF,38.1740858,-85.7364989,501,-5,A,"Louisville, KY",1937,1933,1956,1955,5.797625193598354,12.483704086911544,1385.0,109.0,"Tue, Nov  2, 2004","Tue, Nov  9, 2004"
3577,Seattle Tacoma International,Seattle,United States,SEA,KSEA,47.449,-122.309306,433,-8,A,"Seattle, WA",8251,8296,8411,8419,6.190885953217791,14.09329797492768,124.0,113.0,"Wed, Nov 17, 2004","Wed, Nov 24, 2004"
3469,San Francisco International,San Francisco,United States,SFO,KSFO,37.618972,-122.374889,13,-8,A,"San Francisco, CA",9939,9974,10141,10126,5.841130898480738,15.022157609785449,1251.0,547.0,"Wed, Nov  3, 2004","Thu, Nov 18, 2004"
4348,Springfield Branson National,Springfield,United States,SGF,KSGF,37.245667,-93.388639,1268,-6,A,"Springfield, MO",609,604,625,625,3.7224958949096867,10.710264900662258,45.0,90.0,"Fri, Nov 26, 2004","Thu, Nov 18, 2004"
4064,St. George Municipal,Saint George,United States,SGU,KSGU,37.090583,-113.593056,2941,-7,A,"St. George, UT",229,230,233,236,2.991266375545852,7.856521739130435,7.0,32.0,"Mon, Nov 15, 2004","Tue, Nov 23, 2004"
3609,Shreveport Regional,Shreveport,United States,SHV,KSHV,32.446629,-93.8256,258,-6,A,"Shreveport, LA",712,710,733,733,9.022471910112372,9.501408450704213,1071.0,64.0,"Thu, Nov 18, 2004","Thu, Nov 18, 2004"
3856,Sitka Rocky Gutierrez,Sitka,United States,SIT,PASI,57.047138,-135.361611,21,-9,A,"Sitka, AK",85,88,88,88,4.635294117647059,10.522727272727273,9.0,29.0,"Mon, Nov  8, 2004","Fri, Nov  5, 2004"
3748,Norman Y. Mineta San Jose International,San Jose,United States,SJC,KSJC,37.3626,-121.929022,62,-8,A,"San Jose, CA",4943,4952,5008,5009,4.137972890956909,11.765751211631674,61.0,110.0,"Wed, Nov 10, 2004","Mon, Nov  1, 2004"
3708,San Angelo Regional-Mathis Field,San Angelo,United States,SJT,KSJT,31.35775,-100.496306,1919,-6,A,"San Angelo, TX",203,204,217,221,4.379310344827587,9.568627450980383,19.0,43.0,"Sun, Nov 14, 2004","Sat, Nov 20, 2004"
3536,Salt Lake City International,Salt Lake City,United States,SLC,KSLC,40.788389,-111.977772,4227,-7,A,"Salt Lake City, UT",11063,11104,11227,11236,5.709662840097626,15.47118155619596,1380.0,1244.0,"Sat, Nov 27, 2004","Thu, Nov 25, 2004"
3817,Sacramento International,Sacramento,United States,SMF,KSMF,38.695417,-121.590778,27,-8,A,"Sacramento, CA",3877,3881,3912,3912,4.319319061129746,10.146354032465885,30.0,102.0,"Sun, Nov 14, 2004","Mon, Nov  1, 2004"
5772,Santa Maria Public-Captain G. Allan Hancock Airport,Santa Maria,United States,SMX,KSMX,34.8989,-120.457,261,-8,A,"Santa Maria, CA",167,167,170,169,3.335329341317366,6.6946107784431135,15.0,28.0,"Mon, Nov 15, 2004","Mon, Nov  8, 2004"
3867,John Wayne Airport Orange County,Santa Ana,United States,SNA,KSNA,33.675667,-117.868222,56,-8,A,"Santa Ana, CA",3875,3880,3929,3927,6.299354838709673,14.007989690721637,46.0,191.0,"Sat, Nov  6, 2004","Wed, Nov 24, 2004"
3680,Sheppard AFB Wichita Falls Municipal,Wichita Falls,United States,SPS,KSPS,33.988797,-98.491894,1019,-6,A,"Wichita Falls, TX",170,171,176,177,7.623529411764705,10.888888888888886,16.0,35.0,"Wed, Nov 17, 2004","Tue, Nov 16, 2004"
4067,Sarasota Bradenton International,Sarasota,United States,SRQ,KSRQ,27.395444,-82.554389,30,-5,A,"Sarasota/Bradenton, FL",447,446,451,451,6.935123042505591,11.899103139013448,1040.0,78.0,"Thu, Nov 18, 2004","Sat, Nov 27, 2004"
3678,Lambert St. Louis International,St. Louis,United States,STL,KSTL,38.748697,-90.370028,618,-6,A,"St. Louis, MO",5140,5146,5174,5177,4.6875486381323,12.28468713563933,1197.0,138.0,"Fri, Nov 19, 2004","Mon, Nov 22, 2004"
6494,Friedman Memorial,Hailey,United States,SUN,KSUN,43.504444,-114.296194,5320,-7,A,"Sun Valley/Hailey/Ketchum, ID",190,195,212,224,2.184210526315788,6.856410256410256,8.0,40.0,"Fri, Nov 12, 2004","Sun, Nov 28, 2004"
3661,Stewart International,Newburgh,United States,SWF,KSWF,41.504094,-74.104839,491,-5,A,"Newburgh/Poughkeepsie, NY",377,378,382,382,4.3289124668435015,15.751322751322752,12.0,76.0,"Wed, Nov 10, 2004","Fri, Nov 12, 2004"
3745,Syracuse Hancock International,Syracuse,United States,SYR,KSYR,43.111187,-76.106311,421,-5,A,"Syracuse, NY",1239,1236,1248,1248,4.722356739305891,14.372977346278317,540.0,91.0,"Tue, Nov 23, 2004","Wed, Nov  3, 2004"
3698,Tallahassee Regional,Tallahassee,United States,TLH,KTLH,30.396528,-84.350333,81,-5,A,"Tallahassee, FL",393,373,404,381,5.0585241730279895,13.096514745308314,15.0,753.0,"Wed, Nov 17, 2004","Fri, Nov 12, 2004"
4040,Toledo,Toledo,United States,TOL,KTOL,41.586806,-83.807833,684,-5,A,"Toledo, OH",417,416,430,430,3.5851318944844124,11.391826923076922,10.0,74.0,"Sat, Nov  6, 2004","Mon, Nov  1, 2004"
3646,Tampa International,Tampa,United States,TPA,KTPA,27.975472,-82.53325,26,-5,A,"Tampa, FL",6584,6574,6614,6600,4.202308626974482,12.310617584423518,40.0,127.0,"Tue, Nov 23, 2004","Wed, Nov 24, 2004"
4116,Tri-Cities Regional Airport,BRISTOL,United States,TRI,KTRI,36.4752222,-82.4074167,1519,-5,A,"Bristol/Johnson City/Kingsport, TN",321,320,326,326,27.330218068535824,16.806249999999984,1385.0,1305.0,"Mon, Nov 15, 2004","Mon, Nov 15, 2004"
3855,Tulsa International,Tulsa,United States,TUL,KTUL,36.198389,-95.888111,677,-6,A,"Tulsa, OK",1675,1673,1695,1694,5.195820895522394,10.617453676031081,1370.0,82.0,"Wed, Nov 10, 2004","Thu, Nov 18, 2004"
3636,Tucson International,Tucson,United States,TUS,KTUS,32.116083,-110.941028,2643,-7,N,"Tucson, AZ",1505,1507,1516,1516,4.427906976744184,10.63968148639683,21.0,151.0,"Fri, Nov  5, 2004","Tue, Nov 23, 2004"
4023,Cherry Capital Airport,Traverse City,United States,TVC,KTVC,44.741445,-85.582235,624,-5,A,"Traverse City, MI",185,185,191,192,3.821621621621622,11.340540540540545,21.0,57.0,"Mon, Nov 15, 2004","Mon, Nov 29, 2004"
4263,Magic Valley Regional Airport,Twin Falls,United States,TWF,KTWF,42.481803,-114.487733,4151,-7,A,"Twin Falls, ID",166,163,177,164,2.927710843373495,7.625766871165644,12.0,40.0,"Sun, Nov  7, 2004","Thu, Nov  4, 2004"
3770,Texarkana Regional-Webb Field,Texarkana,United States,TXK,KTXK,33.453722,-93.991028,390,-6,A,"Texarkana, AR",156,157,162,162,4.2564102564102555,8.452229299363053,20.0,22.0,"Sun, Nov 28, 2004","Wed, Nov 24, 2004"
3848,Tyler Pounds Regional,Tyler,United States,TYR,KTYR,32.354139,-95.402386,544,-6,A,"Tyler, TX",304,302,312,312,5.286184210526315,8.89403973509934,85.0,20.0,"Tue, Nov 23, 2004","Sat, Nov 27, 2004"
3676,McGhee Tyson,Knoxville,United States,TYS,KTYS,35.810972,-83.994028,981,-5,A,"Knoxville, TN",1218,1237,1239,1257,3.7922824302134646,12.847210994341156,62.0,72.0,"Tue, Nov 23, 2004","Mon, Nov 22, 2004"
5775,Victoria Regional Airport,Victoria,United States,VCT,KVCT,28.8526,-96.9185,115,-6,A,"Victoria, TX",77,76,81,83,3.8051948051948052,8.973684210526315,7.0,24.0,"Tue, Nov 30, 2004","Fri, Nov 26, 2004"
7121,Visalia Municipal Airport,Visalia,United States,VIS,KVIS,36.318611,-119.392778,295,-8,A,"Visalia, CA",48,48,51,52,2.7500000000000004,7.854166666666667,6.0,19.0,"Sun, Nov 21, 2004","Fri, Nov 19, 2004"
5776,Valdosta Regional Airport,Valdosta,United States,VLD,KVLD,30.7825,-83.2767,203,-5,A,"Valdosta, GA",117,117,119,119,3.1794871794871793,8.28205128205128,17.0,48.0,"Thu, Nov 18, 2004","Wed, Nov 24, 2004"
3873,Eglin AFB,Valparaiso,United States,VPS,KVPS,30.48325,-86.5254,87,-6,A,"Valparaiso, FL",538,537,549,549,7.509293680297396,13.735567970204842,21.0,156.0,"Sat, Nov  6, 2004","Mon, Nov 22, 2004"
5969,Wrangell Airport,Wrangell,United States,WRG,PAWG,56.4843,-132.37,44,-9,A,"Wrangell, AK",50,55,58,58,3.64,5.709090909090909,5.0,16.0,"Tue, Nov  2, 2004","Sat, Nov 13, 2004"
4356,NW Arkansas Regional,Bentonville,United States,XNA,KXNA,36.2818694,-94.3068111,1287,-6,A,"Fayetteville, AR",1206,1200,1269,1252,6.83250414593698,13.105000000000004,1381.0,136.0,"Wed, Nov 24, 2004","Tue, Nov 23, 2004"
6803,Yakutat,Yakutat,United States,YAK,PAYA,59.3012,-139.3937,33,-9,A,"Yakutat, AK",53,56,58,58,4.3584905660377355,5.928571428571429,7.0,37.0,"Thu, Nov 18, 2004","Mon, Nov 29, 2004"
3596,Yuma MCAS Yuma International,Yuma,United States,YUM,KYUM,32.656578,-114.60598,216,-7,N,"Yuma, AZ",88,87,89,89,3.1818181818181817,7.724137931034483,6.0,17.0,"Sun, Nov 14, 2004","Mon, Nov  1, 2004"
2883,Cyril E. King,St. Thomas,Virgin Islands,STT,TIST,18.337306,-64.973361,23,-4,U,"Charlotte Amalie, VI",282,283,283,283,4.333333333333332,12.307420494699642,15.0,57.0,"Sat, Nov 13, 2004","Sat, Nov 20, 2004"
2884,Henry E. Rohlsen,St. Croix Island,Virgin Islands,STX,TISX,17.701889,-64.798556,74,-4,U,"Christiansted, VI",34,34,34,34,3.911764705882353,10.382352941176471,7.0,16.0,"Sat, Nov  6, 2004","Thu, Nov 11, 2004"
2885,Rafael Hernndez,Aguadilla,Puerto Rico,BQN,TJBQ,18.494861,-67.129444,237,-4,U,"Aguadilla, PR",60,60,60,60,4.850000000000002,13.316666666666666,9.0,31.0,"Mon, Nov  1, 2004","Mon, Nov  8, 2004"
2890,Luis Muoz Marn International,San Juan,Puerto Rico,SJU,TJSJ,18.439417,-66.001833,9,-4,U,"San Juan, PR",2045,2045,2062,2059,5.179951100244505,13.894376528117359,52.0,48.0,"Sat, Nov 13, 2004","Sat, Nov 20, 2004"
