airport_id,name,city,country,iata_faa,iaco,latitude,longitude,altitude,zone,dst,city_state,avg_able_landings,avg_able_takeoffs,total_landings,total_takeoffs,avg_taxi_in,avg_taxi_out,longest_taxi_in,longest_taxi_out,lng_tx_in_date,lng_tx_out_date
4355,Lehigh Valley International,Allentown,United States,ABE,KABE,40.652083,-75.440806,393,-5,A,"Allentown/Bethlehem/Easton, PA",587,584,608,606,4.516183986371383,12.691780821917808,22.0,118.0,"Tue, Aug 17, 2004","Sat, Aug 14, 2004"
3718,Abilene Regional,Abilene,United States,ABI,KABI,32.411319,-99.681897,1791,-6,A,"Abilene, TX",257,257,261,261,3.4591439688715955,8.85603112840467,10.0,118.0,"Sun, Aug 22, 2004","Sat, Aug 28, 2004"
4019,Albuquerque International Sunport,Albuquerque,United States,ABQ,KABQ,35.0402222,-106.6091944,5355,-7,A,"Albuquerque, NM",3224,3230,3249,3248,4.620657568238219,10.08142414860682,41.0,98.0,"Tue, Aug 10, 2004","Wed, Aug 25, 2004"
5715,Southwest Georgia Regional Airport,Albany,United States,ABY,KABY,31.5355,-84.1945,197,-5,A,"Albany, GA",120,116,120,120,3.9083333333333337,8.60344827586207,11.0,30.0,"Sun, Aug 29, 2004","Tue, Aug 10, 2004"
3517,Nantucket Memorial,Nantucket,United States,ACK,KACK,41.253053,-70.060181,48,-5,A,"Nantucket, MA",82,85,93,93,4.829268292682928,16.03529411764706,11.0,103.0,"Sun, Aug 22, 2004","Sun, Aug  8, 2004"
3700,Waco Regional,Waco,United States,ACT,KACT,31.611289,-97.230519,516,-6,A,"Waco, TX",297,297,303,306,4.313131313131316,8.68686868686869,18.0,44.0,"Wed, Aug 11, 2004","Fri, Aug 20, 2004"
4384,Arcata,Arcata CA,United States,ACV,KACV,40.978111,-124.108611,221,-8,A,"Arcata/Eureka, CA",346,346,353,364,3.213872832369942,6.9508670520231215,7.0,23.0,"Mon, Aug 16, 2004","Tue, Aug 17, 2004"
3524,Atlantic City International,Atlantic City,United States,ACY,KACY,39.457583,-74.577167,75,-5,A,"Atlantic City, NJ",93,93,93,93,4.806451612903226,12.387096774193546,18.0,53.0,"Sat, Aug 14, 2004","Fri, Aug 20, 2004"
5959,Adak Airport,Adak Island,United States,ADK,PADK,51.878,-176.646,18,-10,A,"Adak Island, AK",8,8,9,9,4.125,6.5,5.0,10.0,"Thu, Aug 26, 2004","Sun, Aug  1, 2004"
3531,Kodiak,Kodiak,United States,ADQ,PADQ,57.749967,-152.493856,78,-9,A,"Kodiak, AK",57,57,62,62,2.491228070175439,5.7368421052631575,8.0,22.0,"Tue, Aug  3, 2004","Wed, Aug  4, 2004"
3852,Alexandria International,Alexandria,United States,AEX,KAEX,31.3274,-92.549833,89,-6,A,"Alexandria, LA",284,285,286,287,4.591549295774649,10.522807017543865,16.0,97.0,"Mon, Aug 16, 2004","Fri, Aug 20, 2004"
3658,Augusta Regional At Bush Field,Bush Field,United States,AGS,KAGS,33.369944,-81.9645,144,-5,A,"Augusta, GA",353,353,358,358,3.439093484419262,11.294617563739378,12.0,173.0,"Sun, Aug 22, 2004","Mon, Aug 30, 2004"
3794,King Salmon,King Salmon,United States,AKN,PAKN,58.676778,-156.649278,68,-9,A,"King Salmon, AK",46,44,49,47,3.369565217391304,5.181818181818182,6.0,13.0,"Tue, Aug 31, 2004","Thu, Aug  5, 2004"
3864,Albany International,Albany,United States,ALB,KALB,42.748267,-73.801692,285,-5,A,"Albany, NY",1680,1682,1696,1694,3.9214285714285713,14.903686087990488,30.0,146.0,"Tue, Aug 17, 2004","Mon, Aug  2, 2004"
3840,Rick Husband Amarillo International,Amarillo,United States,AMA,KAMA,35.219369,-101.705931,3607,-6,A,"Amarillo, TX",692,695,702,702,3.9682080924855496,8.089208633093525,9.0,87.0,"Wed, Aug 18, 2004","Thu, Aug 19, 2004"
3774,Ted Stevens Anchorage International,Anchorage,United States,ANC,PANC,61.174361,-149.996361,152,-9,A,"Anchorage, AK",2288,2286,2332,2328,5.541083916083915,12.091863517060357,48.0,51.0,"Wed, Aug 11, 2004","Wed, Aug 11, 2004"
3682,Hartsfield Jackson Atlanta International,Atlanta,United States,ATL,KATL,33.636719,-84.428067,1026,-5,A,"Atlanta, GA",35725,36015,36361,36528,9.262785164450682,20.916729140635738,68.0,1385.0,"Sat, Aug 21, 2004","Mon, Aug  2, 2004"
4047,Appleton,Appleton,United States,ATW,KATW,44.257526,-88.507576,680,-6,A,"Appleton, WI",201,200,204,203,4.407960199004974,9.7,67.0,30.0,"Mon, Aug 23, 2004","Wed, Aug 25, 2004"
3673,Austin Bergstrom International,Austin,United States,AUS,KAUS,30.194528,-97.669889,542,-6,A,"Austin, TX",3347,3348,3376,3377,4.758291006871832,10.758661887694146,27.0,163.0,"Fri, Aug 13, 2004","Sat, Aug 28, 2004"
4007,Asheville Regional Airport,Asheville,United States,AVL,KAVL,35.436194,-82.541806,2165,-5,A,"Asheville, NC",360,358,364,364,2.925000000000004,12.184357541899436,18.0,190.0,"Mon, Aug 30, 2004","Wed, Aug  4, 2004"
4286,Wilkes Barre Scranton International,Scranton,United States,AVP,KAVP,41.338478,-75.723403,962,-5,A,"Scranton/Wilkes-Barre, PA",263,266,275,274,3.4714828897338403,11.74436090225564,11.0,84.0,"Tue, Aug  3, 2004","Thu, Aug 19, 2004"
4039,Kalamazoo,Kalamazoo,United States,AZO,KAZO,42.234875,-85.552058,874,-5,A,"Kalamazoo, MI",331,331,343,343,3.1057401812688843,9.867069486404832,10.0,124.0,"Tue, Aug 31, 2004","Wed, Aug  4, 2004"
3825,Bradley International,Windsor Locks,United States,BDL,KBDL,41.938889,-72.683222,173,-5,A,"Hartford, CT",2934,2934,2969,2969,4.815610088616213,15.57191547375596,50.0,214.0,"Wed, Aug 11, 2004","Tue, Aug 24, 2004"
3599,Bethel,Bethel,United States,BET,PABE,60.779778,-161.838,121,-9,A,"Bethel, AK",93,93,97,97,2.849462365591398,6.580645161290323,5.0,21.0,"Mon, Aug  9, 2004","Sat, Aug 21, 2004"
3558,Meadows Field,Bakersfield,United States,BFL,KBFL,35.433598,-119.05677,507,-8,A,"Bakersfield, CA",312,311,313,313,4.647435897435899,7.520900321543408,10.0,23.0,"Tue, Aug 10, 2004","Thu, Aug  5, 2004"
4129,Greater Binghamton-Edwin A. Link Field,Binghamton,United States,BGM,KBGM,42.208689,-75.979839,1636,-5,A,"Binghamton, NY",88,87,89,89,3.6704545454545454,10.942528735632182,6.0,104.0,"Wed, Aug  4, 2004","Fri, Aug 20, 2004"
3463,Bangor International,Bangor,United States,BGR,KBGR,44.807444,-68.828139,192,-5,A,"Bangor, ME",489,490,496,496,4.648261758691203,10.483673469387753,174.0,155.0,"Tue, Aug 31, 2004","Mon, Aug 30, 2004"
3811,Birmingham International,Birmingham,United States,BHM,KBHM,33.562942,-86.75355,644,-6,A,"Birmingham, AL",1985,1978,2010,2009,3.662468513853904,10.82103134479271,95.0,176.0,"Thu, Aug 12, 2004","Tue, Aug 17, 2004"
4021,Billings Logan International Airport,Billings,United States,BIL,KBIL,45.80921,-108.537654,3652,-7,A,"Billings, MT",557,557,558,558,4.33752244165171,9.802513464991032,123.0,40.0,"Wed, Aug  4, 2004","Tue, Aug  3, 2004"
4083,Bismarck Municipal Airport,Bismarck,United States,BIS,KBIS,46.775842,-100.757931,1661,-6,A,"Bismarck/Mandan, ND",216,216,217,217,3.944444444444445,8.41203703703704,20.0,83.0,"Sat, Aug 21, 2004","Wed, Aug 18, 2004"
4037,Central Illinois Regional,Bloomington,United States,BMI,KBMI,40.477111,-88.915917,871,-6,A,"Bloomington/Normal, IL",264,264,271,272,4.6856060606060606,11.86742424242424,16.0,113.0,"Tue, Aug 31, 2004","Fri, Aug 20, 2004"
3690,Nashville International,Nashville,United States,BNA,KBNA,36.124472,-86.678194,599,-6,A,"Nashville, TN",5237,5239,5311,5312,4.94978040863089,11.18686772284791,65.0,877.0,"Fri, Aug 27, 2004","Sat, Aug 21, 2004"
3495,Boise Air Terminal,Boise,United States,BOI,KBOI,43.564361,-116.222861,2871,-7,A,"Boise, ID",1364,1364,1369,1369,3.9054252199413475,10.085777126099709,14.0,102.0,"Thu, Aug 12, 2004","Tue, Aug 10, 2004"
3448,General Edward Lawrence Logan International,Boston,United States,BOS,KBOS,42.364347,-71.005181,19,-5,A,"Boston, MA",11719,11726,12053,12051,7.939243962795432,21.124083233839357,1385.0,259.0,"Wed, Aug 18, 2004","Sat, Aug 21, 2004"
3612,Southeast Texas Regional,Beaumont,United States,BPT,KBPT,29.950833,-94.020694,15,-6,A,"Beaumont/Port Arthur, TX",239,239,244,243,3.6317991631799162,8.092050209205022,14.0,31.0,"Tue, Aug 24, 2004","Sun, Aug 22, 2004"
5725,Brunswick Golden Isles Airport,Brunswick,United States,BQK,KBQK,31.2588,-81.4665,26,-5,A,"Brunswick, GA",116,117,120,120,3.6293103448275863,8.905982905982903,9.0,46.0,"Sat, Aug 21, 2004","Wed, Aug 11, 2004"
3738,Brownsville South Padre Island International,Brownsville,United States,BRO,KBRO,25.906833,-97.425861,22,-6,A,"Brownsville, TX",145,145,146,146,4.593103448275862,12.710344827586209,16.0,100.0,"Mon, Aug  9, 2004","Thu, Aug 19, 2004"
3571,Wiley Post Will Rogers Memorial,Barrow,United States,BRW,PABR,71.285446,-156.766003,44,-9,A,"Barrow, AK",58,58,62,62,3.086206896551724,5.5,6.0,22.0,"Fri, Aug 27, 2004","Sun, Aug 15, 2004"
4022,Bert Mooney Airport,Butte,United States,BTM,KBTM,45.954806,-112.497472,5550,-7,A,"Butte, MT",122,121,124,124,4.278688524590165,9.033057851239665,7.0,21.0,"Tue, Aug 31, 2004","Wed, Aug 18, 2004"
3846,Baton Rouge Metro-Ryan Field,Baton Rouge,United States,BTR,KBTR,30.533167,-91.149639,70,-6,A,"Baton Rouge, LA",624,632,636,644,4.237179487179488,10.946202531645566,35.0,52.0,"Mon, Aug  2, 2004","Sun, Aug 22, 2004"
3711,Burlington International,Burlington,United States,BTV,KBTV,44.471861,-73.153278,335,-5,A,"Burlington, VT",708,710,723,723,3.8785310734463283,16.622535211267596,17.0,120.0,"Tue, Aug 24, 2004","Sun, Aug  1, 2004"
3820,Buffalo Niagara International,Buffalo,United States,BUF,KBUF,42.940525,-78.732167,724,-5,A,"Buffalo, NY",2489,2468,2515,2493,3.814785054238651,12.756888168557523,20.0,111.0,"Tue, Aug 24, 2004","Thu, Aug 19, 2004"
3644,Bob Hope,Burbank,United States,BUR,KBUR,34.200667,-118.358667,778,-8,A,"Burbank, CA",2232,2229,2250,2249,2.7499999999999964,10.599371915657242,32.0,91.0,"Sat, Aug 21, 2004","Tue, Aug 24, 2004"
3849,Baltimore Washington International,Baltimore,United States,BWI,KBWI,39.175361,-76.668333,146,-5,A,"Baltimore, MD",9120,9150,9245,9249,5.091885964912264,12.550163934426212,69.0,234.0,"Wed, Aug  4, 2004","Tue, Aug 17, 2004"
4020,Gallatin Field,Bozeman,United States,BZN,KBZN,45.777643,-111.160151,4500,-7,A,"Bozeman, MT",466,467,467,470,4.463519313304723,11.197002141327626,10.0,71.0,"Fri, Aug 27, 2004","Tue, Aug 10, 2004"
3561,Columbia Metropolitan,Colombia,United States,CAE,KCAE,33.938833,-81.119528,236,-5,A,"Columbia, SC",1037,1032,1055,1056,4.511089681774349,12.749031007751935,62.0,125.0,"Sun, Aug 29, 2004","Thu, Aug  5, 2004"
4112,Akron Canton Regional Airport,Akron,United States,CAK,KCAK,40.9160833,-81.4421944,1228,-5,A,"Akron, OH",811,809,824,823,5.5018495684340385,13.32262051915946,185.0,1030.0,"Sun, Aug 15, 2004","Wed, Aug 11, 2004"
3824,Cedar City Regional,Cedar City,United States,CDC,KCDC,37.700967,-113.098847,5622,-7,A,"Cedar City, UT",69,69,71,70,2.7681159420289854,6.884057971014492,5.0,13.0,"Sun, Aug 15, 2004","Sat, Aug  7, 2004"
3610,Merle K. Mudhole Smith,Cordova,United States,CDV,PACV,60.491778,-145.477556,48,-9,A,"Cordova, AK",61,61,62,62,2.9508196721311477,4.885245901639346,6.0,14.0,"Tue, Aug  3, 2004","Sun, Aug 22, 2004"
5727,Del Norte County Airport,Crescent City,United States,CEC,KCEC,41.7802,-124.237,57,-8,A,"Crescent City, CA",83,84,89,89,2.6265060240963862,7.726190476190476,16.0,22.0,"Tue, Aug  3, 2004","Mon, Aug 30, 2004"
3578,Lovell Field,Chattanooga,United States,CHA,KCHA,35.035278,-85.203808,683,-5,A,"Chattanooga, TN",431,428,440,440,3.0324825986078894,8.747663551401878,9.0,74.0,"Tue, Aug 24, 2004","Sat, Aug 21, 2004"
4015,Charlottesville-Albemarle,Charlottesville VA,United States,CHO,KCHO,38.138639,-78.452861,639,-5,A,"Charlottesville, VA",165,191,169,198,2.484848484848486,8.376963350785344,5.0,79.0,"Sun, Aug  1, 2004","Tue, Aug  3, 2004"
3806,Charleston AFB International,Charleston,United States,CHS,KCHS,32.898647,-80.040528,45,-5,A,"Charleston, SC",1234,1205,1292,1275,5.320097244732577,12.446473029045652,35.0,146.0,"Thu, Aug 12, 2004","Sun, Aug  1, 2004"
3710,Chico Municipal,Chico,United States,CIC,KCIC,39.795383,-121.858422,238,-8,A,"Chico, CA",92,94,94,94,3.760869565217391,8.52127659574468,9.0,28.0,"Fri, Aug 13, 2004","Mon, Aug  2, 2004"
4043,Cedar Rapids,Cedar Rapids,United States,CID,KCID,41.884694,-91.710806,869,-6,A,"Cedar Rapids/Iowa City, IA",452,451,463,463,4.307522123893801,9.492239467849227,19.0,103.0,"Wed, Aug 25, 2004","Tue, Aug 17, 2004"
4088,McClellan-Palomar Airport,Carlsbad,United States,CLD,KCRQ,33.0742,-117.1648,328,-8,A,"Carlsbad, CA",184,184,185,186,3.304347826086957,7.521739130434782,6.0,29.0,"Wed, Aug 11, 2004","Tue, Aug  3, 2004"
3486,Cleveland Hopkins International,Cleveland,United States,CLE,KCLE,41.411689,-81.849794,791,-5,A,"Cleveland, OH",8239,8225,8322,8318,6.052190799854355,17.02310030395136,35.0,158.0,"Thu, Aug 19, 2004","Tue, Aug 10, 2004"
3715,Easterwood Field,College Station,United States,CLL,KCLL,30.588583,-96.363833,321,-6,A,"College Station/Bryan, TX",333,332,338,338,4.735735735735738,8.123493975903614,14.0,56.0,"Wed, Aug 18, 2004","Sat, Aug 28, 2004"
3876,Charlotte Douglas International,Charlotte,United States,CLT,KCLT,35.214,-80.943139,748,-5,A,"Charlotte, NC",8653,8682,8822,8825,4.885242112562116,15.73819396452431,37.0,158.0,"Sat, Aug 21, 2004","Wed, Aug 11, 2004"
3759,Port Columbus International,Columbus,United States,CMH,KCMH,39.997972,-82.891889,815,-5,A,"Columbus, OH",3170,3164,3232,3229,4.8047318611987295,11.759165613147923,24.0,280.0,"Mon, Aug 23, 2004","Tue, Aug 17, 2004"
4049,Champaign,Champaign,United States,CMI,KCMI,40.03925,-88.278056,754,-6,A,"Champaign/Urbana, IL",292,291,306,305,3.684931506849315,11.109965635738833,12.0,103.0,"Fri, Aug 13, 2004","Wed, Aug  4, 2004"
4344,Yellowstone Regional,Cody,United States,COD,KCOD,44.520194,-109.023806,5102,-7,A,"Cody, WY",128,128,128,128,3.59375,8.398437499999998,19.0,27.0,"Fri, Aug 27, 2004","Mon, Aug 23, 2004"
3819,City Of Colorado Springs Municipal,Colorado Springs,United States,COS,KCOS,38.805805,-104.700778,6187,-7,A,"Colorado Springs, CO",1228,1234,1249,1248,6.504885993485341,13.5388978930308,67.0,143.0,"Sat, Aug 21, 2004","Thu, Aug  5, 2004"
3872,Natrona County International,Casper,United States,CPR,KCPR,42.908,-106.464417,5347,-7,A,"Casper, WY",279,277,279,279,3.1756272401433687,7.693140794223827,8.0,39.0,"Sat, Aug 14, 2004","Wed, Aug  4, 2004"
3744,Corpus Christi International,Corpus Christi,United States,CRP,KCRP,27.770361,-97.501222,44,-6,A,"Corpus Christi, TX",724,723,732,732,4.015193370165755,9.822959889349944,21.0,43.0,"Thu, Aug  5, 2004","Sun, Aug 22, 2004"
4285,Yeager,Charleston,United States,CRW,KCRW,38.373147,-81.593189,981,-5,A,"Charleston/Dunbar, WV",502,502,516,515,2.794820717131471,10.219123505976096,10.0,107.0,"Sat, Aug  7, 2004","Sat, Aug 28, 2004"
4255,Columbus Metropolitan Airport,Columbus,United States,CSG,KCSG,32.5163333,-84.9388611,397,-5,A,"Columbus, GA",175,175,182,182,2.8800000000000003,7.594285714285714,14.0,38.0,"Fri, Aug  6, 2004","Wed, Aug  4, 2004"
3488,Cincinnati Northern Kentucky International,Cincinnati,United States,CVG,KCVG,39.048836,-84.667822,896,-5,A,"Cincinnati, OH",17217,17452,17699,17703,5.120694662252427,16.07632363052941,1435.0,176.0,"Sun, Aug  1, 2004","Wed, Aug  4, 2004"
3950,Daytona Beach International,Daytona Beach,United States,DAB,KDAB,29.179917,-81.058056,34,-5,A,"Daytona Beach, FL",325,311,336,319,3.9415384615384643,14.389067524115756,18.0,124.0,"Wed, Aug 18, 2004","Sun, Aug 29, 2004"
3502,Dallas Love Field,Dallas,United States,DAL,KDAL,32.847111,-96.851778,487,-6,A,"Dallas, TX",3797,3816,3902,3905,3.075322623123516,8.249737945492662,18.0,70.0,"Thu, Aug 19, 2004","Wed, Aug 11, 2004"
3627,James M. Cox Dayton International,Dayton,United States,DAY,KDAY,39.902375,-84.219375,1009,-5,A,"Dayton, OH",1449,1445,1471,1468,4.796411318150444,14.051903114186846,35.0,145.0,"Sun, Aug  1, 2004","Sun, Aug  1, 2004"
4388,Dubuque Regional,Dubuque IA,United States,DBQ,KDBQ,42.402,-90.709472,1076,-6,A,"Dubuque, IA",91,90,93,93,3.769230769230769,12.411111111111117,12.0,83.0,"Sun, Aug  1, 2004","Tue, Aug 17, 2004"
3520,Ronald Reagan Washington National,Washington,United States,DCA,KDCA,38.852083,-77.037722,15,-5,A,"Washington, DC",7754,7757,8040,8040,4.697317513541382,14.930514374113704,49.0,194.0,"Wed, Aug 11, 2004","Tue, Aug 24, 2004"
3751,Denver International,Denver,United States,DEN,KDEN,39.861656,-104.673178,5431,-7,A,"Denver, CO",13928,13993,14071,14093,7.0929063756461845,14.576431072679195,89.0,161.0,"Tue, Aug 10, 2004","Thu, Aug 19, 2004"
3670,Dallas Fort Worth International,Dallas-fort Worth,United States,DFW,KDFW,32.896828,-97.037997,607,-6,A,"Dallas/Fort Worth, TX",29006,29250,29661,29809,11.172171274908637,18.574051282051258,100.0,158.0,"Sun, Aug 22, 2004","Wed, Aug 11, 2004"
3739,Dothan Regional,Dothan,United States,DHN,KDHN,31.321339,-85.449628,401,-6,A,"Dothan, AL",178,179,182,182,3.2640449438202253,7.4525139664804465,8.0,22.0,"Tue, Aug 31, 2004","Fri, Aug 20, 2004"
3460,Dillingham,Dillingham,United States,DLG,PADL,59.044667,-158.5055,74,-9,A,"Dillingham, AK",34,34,35,35,2.4411764705882355,5.352941176470588,4.0,15.0,"Tue, Aug 10, 2004","Sat, Aug 28, 2004"
3598,Duluth International,Duluth,United States,DLH,KDLH,46.842091,-92.193649,1428,-6,A,"Duluth, MN",172,172,178,177,4.924418604651163,12.11046511627907,13.0,71.0,"Mon, Aug 16, 2004","Wed, Aug  4, 2004"
3713,Durango La Plata County,Durango,United States,DRO,KDRO,37.151516,-107.75377,6685,-7,A,"Durango, CO",31,31,31,31,8.225806451612904,10.161290322580646,122.0,46.0,"Sun, Aug 15, 2004","Wed, Aug  4, 2004"
3729,Des Moines International,Des Moines,United States,DSM,KDSM,41.533972,-93.663083,958,-6,A,"Des Moines, IA",1015,1016,1029,1030,4.723152709359608,11.92913385826772,65.0,115.0,"Tue, Aug 24, 2004","Tue, Aug 17, 2004"
3645,Detroit Metro Wayne County,Detroit,United States,DTW,KDTW,42.212444,-83.353389,645,-5,A,"Detroit, MI",12602,12639,12805,12802,9.007300428503445,17.810665400743687,65.0,188.0,"Wed, Aug  4, 2004","Wed, Aug 11, 2004"
3572,Ellington Field,Houston,United States,EFD,KEFD,29.607333,-95.15875,32,-6,A,"Houston, TX",127,126,129,128,3.4881889763779528,9.007936507936508,8.0,24.0,"Sat, Aug 14, 2004","Sat, Aug 21, 2004"
4250,Eagle County Regional,Vail,United States,EGE,KEGE,39.642556,-106.917694,6540,-7,A,"Eagle, CO",62,61,62,62,3.903225806451613,12.540983606557377,6.0,28.0,"Sat, Aug 28, 2004","Mon, Aug  9, 2004"
5736,Elko Regional Airport,Elko,United States,EKO,KEKO,40.8249,-115.792,5140,-8,A,"Elko, NV",231,231,232,232,3.2683982683982684,5.982683982683981,8.0,18.0,"Sun, Aug 29, 2004","Sun, Aug  1, 2004"
3559,El Paso International,El Paso,United States,ELP,KELP,31.80725,-106.377583,3958,-7,A,"El Paso, TX",1824,1826,1841,1842,3.4364035087719293,9.371851040525735,30.0,62.0,"Sun, Aug 15, 2004","Tue, Aug 24, 2004"
4276,Erie International-Tom Ridge Field,Erie,United States,ERI,KERI,42.082022,-80.176217,733,-5,A,"Erie, PA",93,92,93,93,2.075268817204302,13.619565217391305,7.0,179.0,"Wed, Aug  4, 2004","Sat, Aug 28, 2004"
4099,Mahlon Sweet Field,Eugene,United States,EUG,KEUG,44.124583,-123.211972,374,-8,A,"Eugene, OR",477,477,479,481,3.607966457023061,7.99999999999999,10.0,41.0,"Mon, Aug 16, 2004","Thu, Aug  5, 2004"
4018,Evansville Regional,Evansville,United States,EVV,KEVV,38.036997,-87.532364,418,-6,A,"Evansville, IN",454,431,474,455,3.737885462555066,10.160092807424585,13.0,52.0,"Sun, Aug 22, 2004","Thu, Aug  5, 2004"
3494,Newark Liberty International,Newark,United States,EWR,KEWR,40.6925,-74.168667,18,-5,A,"Newark, NJ",13598,13632,14061,14040,9.061479629357228,30.378961267605625,62.0,295.0,"Sat, Aug 14, 2004","Fri, Aug 20, 2004"
3875,Key West International,Key West,United States,EYW,KEYW,24.556111,-81.759556,3,-5,A,"Key West, FL",58,56,65,62,3.3448275862068964,8.821428571428573,7.0,19.0,"Fri, Aug  6, 2004","Wed, Aug 11, 2004"
3832,Fairbanks International,Fairbanks,United States,FAI,PAFA,64.815114,-147.856267,434,-9,A,"Fairbanks, AK",590,591,602,603,3.8457627118644098,9.245346869712348,9.0,37.0,"Sat, Aug 14, 2004","Sat, Aug  7, 2004"
4292,Hector International Airport,Fargo,United States,FAR,KFAR,46.92065,-96.8157639,902,-6,A,"Fargo, ND",393,392,397,397,4.837150127226461,10.068877551020389,26.0,57.0,"Fri, Aug 27, 2004","Wed, Aug 18, 2004"
3687,Fresno Yosemite International,Fresno,United States,FAT,KFAT,36.776194,-119.71814,336,-8,A,"Fresno, CA",1178,1179,1188,1188,4.157045840407467,8.523324851569132,13.0,47.0,"Mon, Aug 30, 2004","Thu, Aug 19, 2004"
5738,Fayetteville Regional-Grannis Field,Fayetteville,United States,FAY,KFAY,34.9912,-78.8803,189,-5,A,"Fayetteville, NC",148,146,151,150,3.7027027027027026,8.8972602739726,10.0,61.0,"Wed, Aug 18, 2004","Thu, Aug 12, 2004"
4127,Glacier Park International,Kalispell,United States,FCA,KFCA,48.310472,-114.256,2977,-7,A,"Kalispell, MT",310,310,310,310,4.583870967741933,10.01935483870968,11.0,56.0,"Sun, Aug  1, 2004","Mon, Aug 23, 2004"
3533,Fort Lauderdale Hollywood International,Fort Lauderdale,United States,FLL,KFLL,26.072583,-80.15275,9,-5,A,"Fort Lauderdale, FL",5188,5206,5247,5245,4.85871241326137,18.25681905493665,143.0,228.0,"Mon, Aug  9, 2004","Sun, Aug  1, 2004"
3879,Florence Regional,Florence,United States,FLO,KFLO,34.185361,-79.723889,146,-5,A,"Florence, SC",87,87,89,89,5.298850574712643,8.816091954022987,9.0,24.0,"Mon, Aug  2, 2004","Mon, Aug 23, 2004"
4089,Bishop International,Flint,United States,FNT,KFNT,42.965424,-83.743629,782,-5,A,"Flint, MI",585,583,593,592,4.598290598290601,9.653516295025723,67.0,63.0,"Wed, Aug  4, 2004","Sat, Aug 28, 2004"
4009,Sioux Falls,Sioux Falls,United States,FSD,KFSD,43.582014,-96.741914,1429,-6,A,"Sioux Falls, SD",533,531,541,541,4.656660412757975,11.182674199623355,68.0,71.0,"Sat, Aug 14, 2004","Wed, Aug 18, 2004"
3437,Fort Smith Regional,Fort Smith,United States,FSM,KFSM,35.336583,-94.367444,469,-6,A,"Fort Smith, AR",152,151,155,155,4.25,9.172185430463577,14.0,112.0,"Wed, Aug  4, 2004","Tue, Aug  3, 2004"
4041,Fort Wayne,Fort Wayne,United States,FWA,KFWA,40.978472,-85.195139,815,-5,A,"Fort Wayne, IN",588,587,611,612,3.6615646258503394,10.350936967632034,21.0,66.0,"Sat, Aug 14, 2004","Tue, Aug 24, 2004"
3467,Spokane International,Spokane,United States,GEG,KGEG,47.619861,-117.533833,2376,-8,A,"Spokane, WA",1242,1249,1251,1251,4.516908212560369,10.755804643714967,14.0,62.0,"Fri, Aug 13, 2004","Wed, Aug  4, 2004"
3442,Grand Forks International,Grand Forks,United States,GFK,KGFK,47.949256,-97.176111,845,-6,A,"Grand Forks, ND",59,57,59,57,4.203389830508477,9.368421052631579,7.0,71.0,"Sun, Aug  1, 2004","Mon, Aug 16, 2004"
3465,East Texas Regional,Longview,United States,GGG,KGGG,32.384014,-94.711486,365,-6,A,"Longview, TX",91,91,93,93,5.2857142857142865,8.483516483516485,10.0,30.0,"Sat, Aug 21, 2004","Sun, Aug  1, 2004"
4063,Grand Junction Regional,Grand Junction,United States,GJT,KGJT,39.122413,-108.526735,4858,-7,A,"Grand Junction, CO",306,306,311,311,2.8333333333333335,7.591503267973856,7.0,35.0,"Sun, Aug  8, 2004","Tue, Aug 17, 2004"
3472,Gainesville Regional,Gainesville,United States,GNV,KGNV,29.690056,-82.271778,152,-5,A,"Gainesville, FL",204,203,209,208,3.5098039215686274,7.167487684729067,23.0,64.0,"Fri, Aug 13, 2004","Sun, Aug 15, 2004"
4038,Gulfport-Biloxi,Gulfport,United States,GPT,KGPT,30.407278,-89.070111,28,-6,A,"Gulfport/Biloxi, MS",530,531,536,537,4.635849056603772,10.233521657250472,25.0,49.0,"Sun, Aug  1, 2004","Sun, Aug  1, 2004"
3653,Austin Straubel International,Green Bay,United States,GRB,KGRB,44.485072,-88.129589,695,-6,A,"Green Bay, WI",512,513,518,519,4.037109375,11.292397660818713,15.0,88.0,"Tue, Aug 17, 2004","Wed, Aug 18, 2004"
3775,Robert Gray AAF,Killeen,United States,GRK,KGRK,31.06725,-97.828917,1015,-6,A,"Killeen, TX",412,412,414,413,4.737864077669907,11.094660194174764,22.0,43.0,"Wed, Aug 11, 2004","Sat, Aug 21, 2004"
3685,Gerald R. Ford International,Grand Rapids,United States,GRR,KGRR,42.880833,-85.522806,794,-5,A,"Grand Rapids, MI",1364,1363,1378,1378,5.00073313782991,12.778429933969184,34.0,117.0,"Wed, Aug  4, 2004","Sat, Aug 28, 2004"
4008,Piedmont Triad,Greensboro,United States,GSO,KGSO,36.09775,-79.937306,925,-5,A,"Greensboro/High Point, NC",1773,1762,1812,1810,4.149464184997185,14.055618615209985,50.0,157.0,"Sun, Aug  1, 2004","Sat, Aug 21, 2004"
4034,Greenville-Spartanburg International,Greenville,United States,GSP,KGSP,34.895556,-82.218889,964,-5,A,"Greer, SC",1300,1300,1324,1323,3.6415384615384645,13.458461538461544,125.0,151.0,"Thu, Aug  5, 2004","Wed, Aug  4, 2004"
5960,Gustavus Airport,Gustavus,United States,GST,PAGS,58.4253,-135.707,34,-9,A,"Gustavus, AK",31,31,31,31,4.451612903225805,10.35483870967742,5.0,29.0,"Tue, Aug  3, 2004","Sun, Aug 15, 2004"
3880,Great Falls International,Great Falls,United States,GTF,KGTF,47.482,-111.370689,3677,-7,A,"Great Falls, MT",272,270,279,279,4.257352941176471,8.381481481481488,16.0,30.0,"Fri, Aug 20, 2004","Mon, Aug  9, 2004"
4273,Golden Triangle Regional Airport,Columbus Mississippi,United States,GTR,KGTR,33.450333,-88.591361,264,-6,A,"Columbus, MS",122,121,124,124,3.30327868852459,9.074380165289254,10.0,34.0,"Tue, Aug 10, 2004","Tue, Aug 24, 2004"
4339,Yampa Valley,Hayden,United States,HDN,KHDN,40.481181,-107.21766,6602,-7,A,"Hayden, CO",31,31,31,31,3.5483870967741935,12.96774193548387,5.0,31.0,"Sat, Aug 28, 2004","Fri, Aug 13, 2004"
3504,Helena Regional,Helena,United States,HLN,KHLN,46.606806,-111.98275,3877,-7,A,"Helena, MT",238,239,248,248,3.491596638655462,8.309623430962343,12.0,20.0,"Mon, Aug  2, 2004","Fri, Aug 27, 2004"
3728,Honolulu International,Honolulu,United States,HNL,PHNL,21.318681,-157.922428,13,-10,N,"Honolulu, HI",3255,3260,3266,3267,4.838095238095226,13.4138036809816,36.0,51.0,"Sun, Aug  8, 2004","Thu, Aug 19, 2004"
3566,William P. Hobby,Houston,United States,HOU,KHOU,29.645419,-95.278889,46,-6,A,"Houston, TX",5011,5009,5100,5101,4.333865495908989,8.734278299061694,69.0,125.0,"Tue, Aug 10, 2004","Thu, Aug 19, 2004"
3589,Westchester County,White Plains,United States,HPN,KHPN,41.066959,-73.707575,439,-5,A,"White Plains, NY",659,645,671,651,5.9999999999999964,16.758139534883732,40.0,167.0,"Tue, Aug  3, 2004","Wed, Aug 11, 2004"
3560,Valley International,Harlingen,United States,HRL,KHRL,26.2285,-97.654389,36,-6,A,"Harlingen/San Benito, TX",502,500,505,505,2.719123505976094,8.128000000000005,18.0,102.0,"Wed, Aug 11, 2004","Thu, Aug 19, 2004"
4113,Huntsville International Airport-Carl T. Jones Field,Huntsville,United States,HSV,KHSV,34.6371944,-86.7750556,629,-6,A,"Huntsville, AL",933,929,954,953,5.018220793140405,12.826695371367057,63.0,143.0,"Sat, Aug  7, 2004","Mon, Aug 30, 2004"
5742,TriState-Milton J. Ferguson Field,Huntington,United States,HTS,KHTS,38.3667,-82.558,828,-5,A,"Ashland, WV",89,88,89,88,2.966292134831461,8.249999999999998,7.0,22.0,"Wed, Aug 18, 2004","Thu, Aug 19, 2004"
4006,Tweed-New Haven Airport,New Haven,United States,HVN,KHVN,41.26375,-72.886806,14,-5,A,"New Haven, CT",93,92,93,93,3.9462365591397868,12.978260869565217,22.0,82.0,"Fri, Aug  6, 2004","Mon, Aug 30, 2004"
3714,Washington Dulles International,Washington,United States,IAD,KIAD,38.944533,-77.455811,313,-5,A,"Washington, DC",13059,13126,13546,13529,6.422543839497669,20.784473563918887,82.0,233.0,"Sun, Aug  1, 2004","Tue, Aug 24, 2004"
3550,George Bush Intercontinental Houston,Houston,United States,IAH,KIAH,29.984433,-95.341442,97,-6,A,"Houston, TX",17327,17368,17491,17479,9.074450279909922,20.9172040534317,69.0,194.0,"Thu, Aug  5, 2004","Thu, Aug 19, 2004"
3457,Wichita Mid Continent,Wichita,United States,ICT,KICT,37.649944,-97.433056,1333,-6,A,"Wichita, KS",926,895,940,910,4.979481641468682,12.49608938547486,35.0,110.0,"Sat, Aug 14, 2004","Sat, Aug 28, 2004"
4100,Idaho Falls Regional,Idaho Falls,United States,IDA,KIDA,43.514556,-112.07075,4744,-7,A,"Idaho Falls, ID",279,280,280,280,3.007168458781363,6.864285714285713,6.0,14.0,"Fri, Aug  6, 2004","Mon, Aug  9, 2004"
3845,Wilmington International,Wilmington,United States,ILM,KILM,34.270615,-77.902569,32,-5,A,"Wilmington, NC",271,271,281,281,4.306273062730628,8.830258302583028,11.0,36.0,"Sun, Aug 22, 2004","Tue, Aug 17, 2004"
3585,Indianapolis International,Indianapolis,United States,IND,KIND,39.717331,-86.294383,797,-5,A,"Indianapolis, IN",3413,3408,3448,3448,8.07559331966014,13.33215962441314,78.0,156.0,"Wed, Aug 11, 2004","Wed, Aug 25, 2004"
3689,Imperial County,Imperial,United States,IPL,KIPL,32.834219,-115.578744,-54,-8,A,"El Centro, CA",62,60,62,62,3.2258064516129026,8.9,17.0,32.0,"Wed, Aug  4, 2004","Mon, Aug 16, 2004"
3857,Long Island MacArthur,Islip,United States,ISP,KISP,40.79525,-73.100222,99,-5,A,"Islip, NY",1081,1079,1093,1092,4.386679000925067,12.310472659870259,38.0,154.0,"Sat, Aug 21, 2004","Sat, Aug 21, 2004"
3415,Hilo International,Hilo,United States,ITO,PHTO,19.721375,-155.048469,38,-10,N,"Hilo, HI",242,242,243,243,4.44214876033058,4.909090909090907,6.0,11.0,"Sat, Aug  7, 2004","Tue, Aug 17, 2004"
7120,Inyokern Airport,Inyokern,United States,IYK,KIYK,35.658889,-117.829444,2455,-8,A,"Inyokern, CA",89,88,89,89,3.146067415730337,7.988636363636363,5.0,17.0,"Tue, Aug 10, 2004","Tue, Aug  3, 2004"
4027,Jackson Hole Airport,Jacksn Hole,United States,JAC,KJAC,43.60733333,-110.73775,6451,-7,A,"Jackson, WY",401,404,407,409,3.1845386533665825,12.420792079207926,18.0,62.0,"Thu, Aug 26, 2004","Sun, Aug 22, 2004"
3580,Jackson Evers International,Jackson,United States,JAN,KJAN,32.311167,-90.075889,346,-6,A,"Jackson/Vicksburg, MS",943,941,958,956,3.93531283138918,10.623804463336864,16.0,69.0,"Tue, Aug 17, 2004","Thu, Aug 26, 2004"
3712,Jacksonville International,Jacksonville,United States,JAX,KJAX,30.494056,-81.687861,30,-5,A,"Jacksonville, FL",2490,2489,2562,2555,4.944979919678711,12.107271996785869,65.0,125.0,"Mon, Aug  2, 2004","Sat, Aug 28, 2004"
3797,John F. Kennedy International,New York,United States,JFK,KJFK,40.639751,-73.778925,13,-5,A,"New York, NY",8474,8490,8666,8659,10.411257965541678,28.428621908127198,1435.0,339.0,"Sun, Aug 15, 2004","Wed, Aug 11, 2004"
3492,Juneau International,Juneau,United States,JNU,PAJN,58.354972,-134.576278,21,-9,A,"Juneau, AK",561,565,563,567,3.807486631016043,10.752212389380537,10.0,32.0,"Mon, Aug 23, 2004","Sat, Aug 28, 2004"
3514,Kona International At Keahole,Kona,United States,KOA,PHKO,19.738767,-156.045631,47,-10,N,"Kona, HI",604,602,605,605,3.723509933774833,7.9950166112956795,11.0,48.0,"Wed, Aug  4, 2004","Thu, Aug 12, 2004"
3808,Ketchikan International,Ketchikan,United States,KTN,PAKT,55.355556,-131.71375,88,-9,A,"Ketchikan, AK",274,275,275,276,4.518248175182479,8.738181818181816,20.0,22.0,"Thu, Aug 26, 2004","Tue, Aug 17, 2004"
3544,Capital City,Lansing,United States,LAN,KLAN,42.7787,-84.587357,861,-5,A,"Lansing, MI",670,669,678,679,3.3641791044776133,9.70403587443947,20.0,155.0,"Mon, Aug  2, 2004","Mon, Aug  2, 2004"
3877,McCarran International,Las Vegas,United States,LAS,KLAS,36.080056,-115.15225,2141,-8,A,"Las Vegas, NV",13410,13431,13514,13515,5.864802386278886,18.424689151961946,67.0,145.0,"Fri, Aug 13, 2004","Thu, Aug 12, 2004"
4256,Lawton-Fort Sill Regional Airport,Lawton,United States,LAW,KLAW,34.5677144,-98.4166367,1110,-6,A,"Lawton/Fort Sill, OK",183,184,186,186,4.710382513661198,9.84782608695652,11.0,26.0,"Mon, Aug  2, 2004","Fri, Aug  6, 2004"
3484,Los Angeles International,Los Angeles,United States,LAX,KLAX,33.942536,-118.408075,126,-8,A,"Los Angeles, CA",20331,20340,20511,20511,7.792533569425999,14.683136676499528,172.0,113.0,"Mon, Aug 16, 2004","Mon, Aug 23, 2004"
3829,Lubbock Preston Smith International,Lubbock,United States,LBB,KLBB,33.663639,-101.822778,3282,-6,A,"Lubbock, TX",793,763,802,772,3.0655737704918042,8.990825688073397,10.0,100.0,"Fri, Aug  6, 2004","Mon, Aug 30, 2004"
3513,Lake Charles Regional,Lake Charles,United States,LCH,KLCH,30.126112,-93.223335,15,-6,A,"Lake Charles, LA",136,136,137,137,4.588235294117647,11.227941176470585,7.0,41.0,"Sun, Aug 22, 2004","Sun, Aug 22, 2004"
4017,Blue Grass,Lexington KY,United States,LEX,KLEX,38.0365,-84.605889,979,-5,A,"Lexington, KY",901,900,921,917,4.399556048834623,10.874444444444434,38.0,252.0,"Wed, Aug  4, 2004","Wed, Aug 11, 2004"
3493,Lafayette Regional,Lafayette,United States,LFT,KLFT,30.205278,-91.987611,43,-6,A,"Lafayette, LA",343,343,346,346,4.731778425655979,10.728862973760936,10.0,58.0,"Mon, Aug 23, 2004","Thu, Aug 12, 2004"
3697,LaGuardia Airport,New York,United States,LGA,KLGA,40.777245,-73.872608,22,-5,A,"New York, NY",10327,10384,10854,10855,8.313643846228299,24.684899845916778,125.0,282.0,"Tue, Aug 24, 2004","Wed, Aug 11, 2004"
3582,Long Beach,Long Beach,United States,LGB,KLGB,33.817722,-118.151611,60,-8,A,"Long Beach, CA",1007,1009,1012,1013,4.984111221449854,13.300297324083248,33.0,104.0,"Thu, Aug  5, 2004","Thu, Aug 19, 2004"
3602,Lihue,Lihue,United States,LIH,PHLI,21.975983,-159.338958,153,-10,N,"Lihue, HI",691,691,692,693,5.0101302460202675,4.625180897250358,15.0,38.0,"Sat, Aug 14, 2004","Mon, Aug 16, 2004"
3660,Adams Field,Little Rock,United States,LIT,KLIT,34.729444,-92.224306,262,-6,A,"Little Rock, AR",1434,1426,1446,1441,4.411436541143645,10.681626928471246,30.0,126.0,"Fri, Aug 13, 2004","Sat, Aug 28, 2004"
3543,Lincoln,Lincoln,United States,LNK,KLNK,40.850971,-96.75925,1219,-6,A,"Lincoln, NE",151,152,160,161,3.80794701986755,11.598684210526317,28.0,94.0,"Sun, Aug  1, 2004","Tue, Aug 17, 2004"
3851,Lanai,Lanai,United States,LNY,PHNY,20.785611,-156.951419,1308,-10,N,"Lanai, HI",15,14,15,15,4.066666666666667,4.071428571428571,5.0,5.0,"Mon, Aug  2, 2004","Mon, Aug  2, 2004"
3691,Laredo International,Laredo,United States,LRD,KLRD,27.54375,-99.461556,508,-6,A,"Laredo, TX",176,176,177,177,3.852272727272727,11.9375,9.0,61.0,"Thu, Aug  5, 2004","Sun, Aug 22, 2004"
4044,LaCrosse Municipal,LaCrosse,United States,LSE,KLSE,43.878986,-91.256711,654,-6,A,"La Crosse, WI",146,146,149,149,3.691780821917808,12.178082191780826,10.0,54.0,"Mon, Aug  9, 2004","Tue, Aug 17, 2004"
6958,Greenbrier Valley Airport,Lewisburg,United States,LWB,KLWB,37.858333,-80.399444,2302,-5,U,"Lewisburg, WV",31,31,31,31,3.7096774193548385,7.612903225806452,8.0,12.0,"Sun, Aug 15, 2004","Wed, Aug 25, 2004"
5753,Lynchburg Regional-Preston Glenn Field,Lynchburg,United States,LYH,KLYH,37.3267,-79.2004,938,-5,A,"Lynchburg, VA",89,89,89,89,3.943820224719101,10.370786516853935,13.0,50.0,"Sat, Aug 21, 2004","Thu, Aug 12, 2004"
3652,Midland International,Midland,United States,MAF,KMAF,31.942528,-102.201914,2871,-6,A,"Midland/Odessa, TX",655,653,657,656,2.7221374045801507,8.839203675344566,10.0,42.0,"Wed, Aug 25, 2004","Sat, Aug 28, 2004"
4128,MBS International,Saginaw,United States,MBS,KMBS,43.532913,-84.079647,668,-5,A,"Saginaw/Bay City/Midland, MI",347,346,361,360,4.135446685878963,11.052023121387284,8.0,116.0,"Mon, Aug  9, 2004","Tue, Aug 17, 2004"
3458,Kansas City International,Kansas City,United States,MCI,KMCI,39.297606,-94.713905,1026,-6,A,"Kansas City, MO",5160,5192,5244,5251,4.470155038759686,11.460130970724194,57.0,161.0,"Tue, Aug 24, 2004","Sun, Aug  1, 2004"
3754,Middle Georgia Regional,Macon,United States,MCN,KMCN,32.69285,-83.649211,354,-5,A,"Macon, GA",143,141,143,143,3.797202797202797,11.042553191489361,13.0,75.0,"Tue, Aug 24, 2004","Sat, Aug 21, 2004"
3878,Orlando International,Orlando,United States,MCO,KMCO,28.429394,-81.308994,96,-5,A,"Orlando, FL",8911,8929,9356,9357,7.088317809448982,16.23910852279094,101.0,187.0,"Tue, Aug 17, 2004","Wed, Aug  4, 2004"
3542,Harrisburg International,Harrisburg,United States,MDT,KMDT,40.193494,-76.763403,310,-5,A,"Harrisburg, PA",802,798,816,815,4.61845386533666,15.152882205513787,39.0,111.0,"Mon, Aug  2, 2004","Wed, Aug  4, 2004"
3747,Chicago Midway International,Chicago,United States,MDW,KMDW,41.785972,-87.752417,620,-6,A,"Chicago, IL",7976,7993,8075,8076,5.6194834503510585,16.112098085825096,60.0,169.0,"Wed, Aug 11, 2004","Thu, Aug 12, 2004"
4335,Key Field,Meridian,United States,MEI,KMEI,32.332624,-88.751868,297,-6,A,"Meridian, MS",89,88,89,89,3.943820224719101,13.261363636363637,8.0,72.0,"Thu, Aug 12, 2004","Tue, Aug 31, 2004"
3473,Memphis International,Memphis,United States,MEM,KMEM,35.042417,-89.976667,341,-6,A,"Memphis, TN",3912,3913,3963,3957,5.638292433537827,14.892409915665729,35.0,149.0,"Sat, Aug 28, 2004","Wed, Aug 11, 2004"
3826,McAllen Miller International,Mcallen,United States,MFE,KMFE,26.175833,-98.238611,107,-6,A,"Mission/McAllen/Edinburg, TX",265,265,266,266,4.10188679245283,10.400000000000006,11.0,50.0,"Wed, Aug 11, 2004","Mon, Aug 30, 2004"
4101,Rogue Valley International Medford,Medford,United States,MFR,KMFR,42.374228,-122.8735,1335,-8,A,"Medford, OR",387,389,393,392,3.1240310077519386,7.426735218508997,10.0,28.0,"Thu, Aug 12, 2004","Sat, Aug 14, 2004"
4115,Montgomery Regional Airport ,MONTGOMERY,United States,MGM,KMGM,32.3006389,-86.3939722,221,-6,A,"Montgomery, AL",306,305,310,310,3.248366013071895,10.400000000000004,9.0,107.0,"Sat, Aug  7, 2004","Sat, Aug 28, 2004"
4011,Manchester Regional Airport,Manchester NH,United States,MHT,KMHT,42.932556,-71.435667,266,-5,A,"Manchester, NH",2168,2171,2197,2198,4.601476014760139,16.050667894979266,38.0,195.0,"Sat, Aug 21, 2004","Sat, Aug 21, 2004"
3576,Miami International,Miami,United States,MIA,KMIA,25.79325,-80.290556,8,-5,A,"Miami, FL",5365,5382,5505,5504,9.476607642124879,18.36677814938692,234.0,222.0,"Sun, Aug  1, 2004","Sat, Aug 21, 2004"
3717,General Mitchell International,Milwaukee,United States,MKE,KMKE,42.947222,-87.896583,723,-6,A,"Milwaukee, WI",1790,1791,1809,1807,4.83575418994413,13.43718592964824,19.0,201.0,"Wed, Aug 18, 2004","Wed, Aug 25, 2004"
3705,Molokai,Molokai,United States,MKK,PHMK,21.152886,-157.096256,454,-10,N,"Hoolehua, HI",12,12,15,15,3.5,3.5833333333333335,4.0,4.0,"Thu, Aug  5, 2004","Sun, Aug  1, 2004"
3671,Melbourne International,Melbourne,United States,MLB,KMLB,28.102753,-80.645258,33,-5,A,"Melbourne, FL",215,214,224,224,4.920930232558143,11.91588785046729,18.0,75.0,"Sun, Aug 22, 2004","Mon, Aug 23, 2004"
4072,Quad City International,Moline,United States,MLI,KMLI,41.448528,-90.507539,590,-6,A,"Moline, IL",403,403,407,406,4.089330024813894,10.330024813895792,23.0,62.0,"Fri, Aug 27, 2004","Wed, Aug  4, 2004"
3732,Monroe Regional,Monroe,United States,MLU,KMLU,32.510864,-92.037689,79,-6,A,"Monroe, LA",310,308,310,310,3.725806451612903,7.798701298701299,11.0,22.0,"Fri, Aug 27, 2004","Wed, Aug 25, 2004"
3782,Mobile Regional,Mobile,United States,MOB,KMOB,30.691231,-88.242814,219,-6,A,"Mobile, AL",418,389,427,394,4.287081339712915,11.2853470437018,33.0,68.0,"Sun, Aug  8, 2004","Sat, Aug 21, 2004"
3816,Modesto City County Harry Sham,Modesto,United States,MOD,KMOD,37.625817,-120.954422,97,-8,A,"Modesto, CA",124,124,124,124,2.1370967741935485,7.129032258064516,6.0,13.0,"Fri, Aug  6, 2004","Sat, Aug 21, 2004"
3498,Minot International,Minot,United States,MOT,KMOT,48.259378,-101.280333,1716,-6,A,"Minot, ND",93,93,93,93,4.870967741935481,8.161290322580648,9.0,19.0,"Wed, Aug 25, 2004","Sun, Aug 29, 2004"
6838,Sawyer International Airport,Marquette,United States,MQT,KMQT,46.353611,-87.395278,1221,-5,A,"Marquette, MI",89,88,89,88,5.101123595505618,10.034090909090908,19.0,49.0,"Tue, Aug 24, 2004","Wed, Aug 18, 2004"
3948,Monterey Peninsula,Monterey,United States,MRY,KMRY,36.587,-121.842944,257,-8,A,"Monterey, CA",603,602,609,613,3.1426202321724706,9.229235880398665,10.0,43.0,"Tue, Aug 17, 2004","Tue, Aug 10, 2004"
3459,Dane County Regional-Truax Field,Madison,United States,MSN,KMSN,43.139858,-89.337514,887,-6,A,"Madison, WI",672,671,679,679,3.974702380952381,12.642324888226527,42.0,145.0,"Thu, Aug 12, 2004","Tue, Aug 24, 2004"
4216,Missoula International,Missoula,United States,MSO,KMSO,46.916306,-114.090556,3205,-7,A,"Missoula, MT",460,460,464,465,4.867391304347822,9.063043478260862,39.0,67.0,"Mon, Aug 30, 2004","Fri, Aug 27, 2004"
3858,Minneapolis St. Paul International,Minneapolis,United States,MSP,KMSP,44.881956,-93.221767,841,-6,A,"Minneapolis, MN",12986,12999,13129,13119,6.240566764207613,18.52957919839984,62.0,215.0,"Wed, Aug 11, 2004","Wed, Aug 11, 2004"
3861,Louis Armstrong New Orleans International,New Orleans,United States,MSY,KMSY,29.993389,-90.258028,4,-6,A,"New Orleans, LA",4346,4342,4405,4388,3.8854118729866527,9.389451865499742,30.0,148.0,"Sun, Aug  1, 2004","Sun, Aug  1, 2004"
6880,Montrose Regional Airport,Montrose CO,United States,MTJ,KMTJ,38.509794,-107.894242,5759,-7,A,"Montrose/Delta, CO",183,184,186,186,3.3060109289617485,8.440217391304342,10.0,42.0,"Mon, Aug 30, 2004","Wed, Aug  4, 2004"
3515,Myrtle Beach International,Myrtle Beach,United States,MYR,KMYR,33.67975,-78.928333,25,-5,A,"Myrtle Beach, SC",737,741,785,790,4.150610583446408,9.946018893387324,22.0,128.0,"Sat, Aug 28, 2004","Sat, Aug  7, 2004"
3453,Metropolitan Oakland International,Oakland,United States,OAK,KOAK,37.721278,-122.220722,9,-8,A,"Oakland, CA",6131,6131,6171,6170,5.055618985483563,10.541999673788892,64.0,67.0,"Sun, Aug  1, 2004","Sun, Aug  1, 2004"
3456,Kahului,Kahului,United States,OGG,PHOG,20.89865,-156.430458,54,-10,N,"Kahului, HI",1328,1330,1336,1336,4.709337349397587,8.771428571428576,53.0,82.0,"Tue, Aug 31, 2004","Sat, Aug 21, 2004"
3863,Will Rogers World,Oklahoma City,United States,OKC,KOKC,35.393089,-97.600733,1295,-6,A,"Oklahoma City, OK",1852,1847,1869,1868,4.191684665226788,10.456957227937199,37.0,106.0,"Fri, Aug 20, 2004","Sat, Aug 28, 2004"
3454,Eppley Airfield,Omaha,United States,OMA,KOMA,41.303167,-95.894069,984,-6,A,"Omaha, NE",1815,1818,1830,1829,3.765289256198347,11.859185918591868,62.0,146.0,"Wed, Aug 18, 2004","Tue, Aug 24, 2004"
3615,Nome,Nome,United States,OME,PAOM,64.512203,-165.445247,37,-9,A,"Nome, AK",91,92,93,93,3.3736263736263736,6.413043478260871,7.0,22.0,"Tue, Aug 17, 2004","Fri, Aug  6, 2004"
3734,Ontario International,Ontario,United States,ONT,KONT,34.056,-117.601194,944,-8,A,"Ontario, CA",3138,3157,3168,3180,4.1602931803696555,9.67247386759581,23.0,72.0,"Thu, Aug 19, 2004","Thu, Aug 19, 2004"
3830,Chicago O'Hare International,Chicago,United States,ORD,KORD,41.978603,-87.904842,668,-6,A,"Chicago, IL",31444,31555,32398,32400,8.402493321460419,21.40484867691337,97.0,259.0,"Wed, Aug  4, 2004","Mon, Aug 30, 2004"
3611,Norfolk International,Norfolk,United States,ORF,KORF,36.894611,-76.201222,26,-5,A,"Norfolk, VA",2019,2021,2055,2057,3.9266963843486873,11.766947055912905,63.0,189.0,"Sun, Aug 15, 2004","Wed, Aug 11, 2004"
3693,Ralph Wien Memorial,Kotzebue,United States,OTZ,PAOT,66.884678,-162.59855,11,-9,A,"Kotzebue, AK",91,91,93,93,3.4285714285714284,7.8901098901098905,6.0,26.0,"Tue, Aug  3, 2004","Mon, Aug 30, 2004"
6961,Oxnard - Ventura County,Oxnard,United States,OXR,KOXR,34.200833,-119.207222,15,-8,A,"Oxnard/Ventura, CA",152,153,155,155,2.934210526315789,8.62745098039216,6.0,21.0,"Tue, Aug  3, 2004","Mon, Aug  2, 2004"
3722,Palm Beach International,West Palm Beach,United States,PBI,KPBI,26.683161,-80.095589,19,-5,A,"West Palm Beach/Palm Beach, FL",2087,2096,2106,2107,4.4599904168663205,12.347328244274811,31.0,131.0,"Sat, Aug 28, 2004","Sat, Aug 21, 2004"
3720,Portland International,Portland,United States,PDX,KPDX,45.588722,-122.5975,30,-8,A,"Portland, OR",4968,4976,4998,5002,3.838768115942029,11.700763665594865,43.0,93.0,"Tue, Aug 24, 2004","Wed, Aug 18, 2004"
4073,Panama City Bay County International,Panama City,United States,PFN,KPFN,30.212083,-85.682806,20,-6,A,"Panama City, FL",274,272,278,279,3.273722627737227,7.794117647058823,11.0,25.0,"Wed, Aug 18, 2004","Thu, Aug 12, 2004"
3633,Newport News Williamsburg International,Newport News,United States,PHF,KPHF,37.131894,-76.492989,43,-5,A,"Newport News/Williamsburg, VA",485,489,495,496,5.228865979381443,10.435582822085887,50.0,74.0,"Thu, Aug 12, 2004","Tue, Aug  3, 2004"
3752,Philadelphia International,Philadelphia,United States,PHL,KPHL,39.871944,-75.241139,36,-5,A,"Philadelphia, PA",10310,10354,10646,10645,8.523472356935015,27.995847015646138,125.0,222.0,"Wed, Aug 11, 2004","Mon, Aug 30, 2004"
3462,Phoenix Sky Harbor International,Phoenix,United States,PHX,KPHX,33.434278,-112.011583,1135,-7,N,"Phoenix, AZ",14110,14177,14291,14296,6.302976612331675,14.7497354870565,78.0,120.0,"Fri, Aug  6, 2004","Fri, Aug 13, 2004"
4046,Peoria Regional,Peoria,United States,PIA,KPIA,40.664203,-89.693258,660,-6,A,"Peoria, IL",386,386,404,405,3.5362694300518136,11.308290155440414,10.0,52.0,"Sat, Aug 21, 2004","Mon, Aug 23, 2004"
3617,St. Petersburg Clearwater International,St. Petersburg,United States,PIE,KPIE,27.910167,-82.687389,10,-5,A,"St. Petersburg, FL",208,206,217,217,4.956730769230765,14.247572815533971,29.0,112.0,"Wed, Aug 25, 2004","Wed, Aug 11, 2004"
5760,Pocatello Regional Airport,Pocatello,United States,PIH,KPIH,42.9098,-112.596,4452,-7,A,"Pocatello, ID",153,160,161,161,2.895424836601308,7.393749999999999,12.0,71.0,"Mon, Aug  2, 2004","Mon, Aug  2, 2004"
3570,Pittsburgh International,Pittsburgh (pennsylva),United States,PIT,KPIT,40.491467,-80.232872,1204,-5,A,"Pittsburgh, PA",5561,5589,5676,5677,6.702211832404243,14.628377169439961,126.0,199.0,"Thu, Aug 19, 2004","Wed, Aug  4, 2004"
3564,Pensacola Regional,Pensacola,United States,PNS,KPNS,30.473425,-87.186611,121,-6,A,"Pensacola, FL",664,655,668,659,4.506024096385535,11.233587786259545,25.0,76.0,"Tue, Aug 17, 2004","Mon, Aug 23, 2004"
6133,Tri Cities Airport,Pasco,United States,PSC,PSC,46.2647,-119.119,410,-8,A,"Pasco/Kennewick/Richland, WA",372,372,374,374,4.438172043010755,8.682795698924734,14.0,23.0,"Sat, Aug 28, 2004","Tue, Aug 17, 2004"
4147,Petersburg James A. Johnson,Petersburg,United States,PSG,PAPG,56.801667,-132.945278,105,-9,A,"Petersburg, AK",59,61,62,62,2.406779661016949,4.737704918032787,5.0,12.0,"Tue, Aug  3, 2004","Tue, Aug 17, 2004"
3839,Palm Springs International,Palm Springs,United States,PSP,KPSP,33.829667,-116.506694,477,-8,A,"Palm Springs, CA",701,704,707,706,3.7289586305278175,9.470170454545437,18.0,168.0,"Mon, Aug  2, 2004","Sun, Aug  1, 2004"
3527,Pueblo Memorial,Pueblo Memorial,United States,PUB,KPUB,38.289085,-104.496572,4726,-7,A,"Pueblo, CO",0,0,1,1,0,0,0,0,"Thu, Aug  5, 2004","Thu, Aug  5, 2004"
3641,Theodore Francis Green State,Providence,United States,PVD,KPVD,41.732581,-71.420383,55,-5,A,"Providence, RI",2647,2648,2683,2682,4.576879486210816,13.715634441087614,40.0,205.0,"Sat, Aug 21, 2004","Sun, Aug 29, 2004"
3862,Portland International Jetport,Portland,United States,PWM,KPWM,43.646161,-70.309281,77,-5,A,"Portland, ME",1049,1057,1137,1140,4.5872259294566256,15.159886471144752,33.0,148.0,"Tue, Aug  3, 2004","Wed, Aug 11, 2004"
4087,Rapid City Regional Airport,Rapid City,United States,RAP,KRAP,44.045278,-103.057222,3204,-7,A,"Rapid City, SD",435,437,438,437,4.128735632183903,9.453089244851263,16.0,41.0,"Mon, Aug 23, 2004","Sun, Aug  1, 2004"
4098,Redding Municipal,Redding,United States,RDD,KRDD,40.509,-122.293389,504,-8,A,"Redding, CA",183,187,190,189,3.19672131147541,7.818181818181819,9.0,22.0,"Fri, Aug 27, 2004","Tue, Aug 31, 2004"
4103,Roberts Field,Redmond-Bend,United States,RDM,KRDM,44.254066,-121.149964,3077,-8,A,"Bend/Redmond, OR",213,213,213,213,3.2816901408450705,7.502347417840376,14.0,24.0,"Mon, Aug 16, 2004","Sun, Aug 22, 2004"
3626,Raleigh Durham International,Raleigh-durham,United States,RDU,KRDU,35.877639,-78.787472,435,-5,A,"Raleigh/Durham, NC",5412,5441,5587,5609,4.666297117516642,12.849292409483532,47.0,211.0,"Thu, Aug 12, 2004","Tue, Aug 17, 2004"
3608,Richmond International,Richmond,United States,RIC,KRIC,37.505167,-77.319667,167,-5,A,"Richmond, VA",1357,1353,1376,1375,5.1400147383935195,14.193643754619359,65.0,178.0,"Wed, Aug  4, 2004","Sun, Aug  1, 2004"
3807,Reno Tahoe International,Reno,United States,RNO,KRNO,39.499108,-119.768108,4415,-8,A,"Reno, NV",2606,2600,2613,2612,4.433614735226391,9.711923076923078,53.0,76.0,"Thu, Aug 12, 2004","Tue, Aug 24, 2004"
4016,Roanoke Regional,Roanoke VA,United States,ROA,KROA,37.325472,-79.975417,1175,-5,A,"Roanoke, VA",359,332,367,339,5.286908077994432,10.882530120481935,23.0,121.0,"Sat, Aug  7, 2004","Mon, Aug 23, 2004"
3622,Greater Rochester International,Rochester,United States,ROC,KROC,43.118866,-77.672389,559,-5,A,"Rochester, NY",1736,1734,1766,1765,5.430875576036866,12.626874279123419,47.0,178.0,"Wed, Aug 11, 2004","Wed, Aug 11, 2004"
4048,Rochester,Rochester,United States,RST,KRST,43.908283,-92.500014,1317,-6,A,"Rochester, MN",199,198,209,209,4.422110552763814,11.035353535353531,27.0,88.0,"Fri, Aug  6, 2004","Tue, Aug 17, 2004"
3793,Southwest Florida International,Fort Myers,United States,RSW,KRSW,26.536167,-81.755167,30,-5,A,"Fort Myers, FL",1417,1413,1475,1476,4.155257586450252,13.34324133050248,29.0,75.0,"Mon, Aug 16, 2004","Mon, Aug  2, 2004"
3731,San Diego International,San Diego,United States,SAN,KSAN,32.733556,-117.189667,17,-8,A,"San Diego, CA",7495,7491,7530,7529,3.5479653102068007,13.380990521959712,50.0,85.0,"Sun, Aug 22, 2004","Tue, Aug 24, 2004"
3621,San Antonio International,San Antonio,United States,SAT,KSAT,29.533694,-98.469778,809,-6,A,"San Antonio, TX",3269,3269,3311,3313,3.292444172529829,10.284184765983504,28.0,199.0,"Sun, Aug 22, 2004","Sat, Aug 28, 2004"
3613,Savannah Hilton Head International,Savannah,United States,SAV,KSAV,32.127583,-81.202139,51,-5,A,"Savannah, GA",1243,1213,1274,1251,5.217216411906668,13.442704039571307,175.0,113.0,"Tue, Aug 24, 2004","Sun, Aug  8, 2004"
3949,Santa Barbara Municipal,Santa Barbara,United States,SBA,KSBA,34.426211,-119.840372,10,-8,A,"Santa Barbara, CA",1007,1003,1019,1018,3.8987090367428014,9.00897308075772,67.0,89.0,"Sun, Aug 29, 2004","Thu, Aug 19, 2004"
4359,South Bend Regional,South Bend,United States,SBN,KSBN,41.708661,-86.31725,799,-5,A,"South Bend, IN",386,388,396,396,3.805699481865285,9.37371134020618,35.0,47.0,"Wed, Aug 25, 2004","Wed, Aug 18, 2004"
5768,San Luis County Regional Airport,San Luis Obispo,United States,SBP,KSBP,35.2368,-120.642,212,-8,A,"San Luis Obispo, CA",463,464,465,465,3.084233261339093,10.079741379310342,13.0,38.0,"Mon, Aug 16, 2004","Sun, Aug 29, 2004"
3620,Deadhorse,Deadhorse,United States,SCC,PASC,70.19475,-148.465167,64,-9,A,"Deadhorse, AK",30,30,31,31,2.7,6.433333333333334,4.0,17.0,"Sun, Aug  1, 2004","Tue, Aug 24, 2004"
4318,University Park Airport,State College Pennsylvania,United States,SCE,KUNV,40.849278,-77.848694,1239,-5,A,"State College, PA",89,90,93,93,2.752808988764047,9.433333333333334,8.0,151.0,"Thu, Aug 12, 2004","Sat, Aug 28, 2004"
4014,Louisville International Airport,Louisville,United States,SDF,KSDF,38.1740858,-85.7364989,501,-5,A,"Louisville, KY",1938,1936,1973,1971,5.234778121775023,11.732438016528919,25.0,121.0,"Fri, Aug 27, 2004","Tue, Aug 24, 2004"
3577,Seattle Tacoma International,Seattle,United States,SEA,KSEA,47.449,-122.309306,433,-8,A,"Seattle, WA",10326,10344,10408,10413,6.514720123958932,14.828209590100558,80.0,95.0,"Wed, Aug 25, 2004","Wed, Aug  4, 2004"
3469,San Francisco International,San Francisco,United States,SFO,KSFO,37.618972,-122.374889,13,-8,A,"San Francisco, CA",11327,11324,11452,11440,5.303963979871079,16.021547156481795,64.0,133.0,"Fri, Aug 13, 2004","Tue, Aug 17, 2004"
4348,Springfield Branson National,Springfield,United States,SGF,KSGF,37.245667,-93.388639,1268,-6,A,"Springfield, MO",608,609,618,616,3.365131578947367,9.873563218390803,15.0,98.0,"Sat, Aug 21, 2004","Thu, Aug 19, 2004"
4064,St. George Municipal,Saint George,United States,SGU,KSGU,37.090583,-113.593056,2941,-7,A,"St. George, UT",213,213,217,217,3.183098591549295,7.812206572769953,6.0,15.0,"Wed, Aug 11, 2004","Tue, Aug 10, 2004"
3609,Shreveport Regional,Shreveport,United States,SHV,KSHV,32.446629,-93.8256,258,-6,A,"Shreveport, LA",768,762,777,775,4.774739583333337,8.989501312335964,29.0,47.0,"Fri, Aug 13, 2004","Fri, Aug 20, 2004"
3856,Sitka Rocky Gutierrez,Sitka,United States,SIT,PASI,57.047138,-135.361611,21,-9,A,"Sitka, AK",154,154,155,155,4.201298701298699,9.311688311688313,8.0,27.0,"Mon, Aug  2, 2004","Tue, Aug 31, 2004"
3748,Norman Y. Mineta San Jose International,San Jose,United States,SJC,KSJC,37.3626,-121.929022,62,-8,A,"San Jose, CA",5480,5479,5537,5537,3.8461678832116823,12.958204051834276,41.0,187.0,"Thu, Aug  5, 2004","Wed, Aug 25, 2004"
3708,San Angelo Regional-Mathis Field,San Angelo,United States,SJT,KSJT,31.35775,-100.496306,1919,-6,A,"San Angelo, TX",228,230,231,231,3.9473684210526283,9.104347826086961,11.0,90.0,"Sat, Aug 21, 2004","Thu, Aug 19, 2004"
3536,Salt Lake City International,Salt Lake City,United States,SLC,KSLC,40.788389,-111.977772,4227,-7,A,"Salt Lake City, UT",12040,12076,12139,12141,5.683139534883742,15.305481947664783,185.0,131.0,"Sat, Aug 28, 2004","Tue, Aug  3, 2004"
3817,Sacramento International,Sacramento,United States,SMF,KSMF,38.695417,-121.590778,27,-8,A,"Sacramento, CA",4294,4305,4327,4323,4.405216581276201,10.180255516840885,57.0,136.0,"Sun, Aug 29, 2004","Tue, Aug 24, 2004"
5772,Santa Maria Public-Captain G. Allan Hancock Airport,Santa Maria,United States,SMX,KSMX,34.8989,-120.457,261,-8,A,"Santa Maria, CA",179,179,181,181,3.150837988826817,7.324022346368715,9.0,34.0,"Mon, Aug  9, 2004","Tue, Aug 31, 2004"
3867,John Wayne Airport Orange County,Santa Ana,United States,SNA,KSNA,33.675667,-117.868222,56,-8,A,"Santa Ana, CA",4068,4056,4104,4089,6.456489675516224,13.618836291913212,67.0,131.0,"Mon, Aug  2, 2004","Sun, Aug  1, 2004"
3680,Sheppard AFB Wichita Falls Municipal,Wichita Falls,United States,SPS,KSPS,33.988797,-98.491894,1019,-6,A,"Wichita Falls, TX",184,183,186,186,6.304347826086955,11.032786885245901,15.0,63.0,"Wed, Aug  4, 2004","Sun, Aug 22, 2004"
4067,Sarasota Bradenton International,Sarasota,United States,SRQ,KSRQ,27.395444,-82.554389,30,-5,A,"Sarasota/Bradenton, FL",437,434,459,459,4.652173913043482,11.449308755760367,65.0,136.0,"Sat, Aug 28, 2004","Tue, Aug 31, 2004"
3678,Lambert St. Louis International,St. Louis,United States,STL,KSTL,38.748697,-90.370028,618,-6,A,"St. Louis, MO",5084,5116,5176,5176,4.296813532651449,13.10359655981236,46.0,145.0,"Mon, Aug  2, 2004","Wed, Aug 25, 2004"
6494,Friedman Memorial,Hailey,United States,SUN,KSUN,43.504444,-114.296194,5320,-7,A,"Sun Valley/Hailey/Ketchum, ID",331,343,344,347,2.362537764350455,7.2682215743440235,7.0,31.0,"Mon, Aug  2, 2004","Sun, Aug 22, 2004"
3661,Stewart International,Newburgh,United States,SWF,KSWF,41.504094,-74.104839,491,-5,A,"Newburgh/Poughkeepsie, NY",214,213,217,217,4.999999999999999,17.788732394366196,12.0,172.0,"Sun, Aug  1, 2004","Tue, Aug 24, 2004"
3745,Syracuse Hancock International,Syracuse,United States,SYR,KSYR,43.111187,-76.106311,421,-5,A,"Syracuse, NY",1370,1373,1396,1397,4.591240875912403,13.232337946103423,24.0,135.0,"Sat, Aug 28, 2004","Sun, Aug  1, 2004"
3698,Tallahassee Regional,Tallahassee,United States,TLH,KTLH,30.396528,-84.350333,81,-5,A,"Tallahassee, FL",518,485,527,497,4.457528957528957,10.536082474226808,13.0,84.0,"Mon, Aug 30, 2004","Thu, Aug  5, 2004"
4040,Toledo,Toledo,United States,TOL,KTOL,41.586806,-83.807833,684,-5,A,"Toledo, OH",478,475,486,486,2.989539748953975,8.978947368421041,15.0,63.0,"Wed, Aug  4, 2004","Tue, Aug 24, 2004"
3646,Tampa International,Tampa,United States,TPA,KTPA,27.975472,-82.53325,26,-5,A,"Tampa, FL",5628,5621,5881,5882,4.745913290689397,12.771037181996089,149.0,147.0,"Wed, Aug 25, 2004","Tue, Aug 24, 2004"
4116,Tri-Cities Regional Airport,BRISTOL,United States,TRI,KTRI,36.4752222,-82.4074167,1519,-5,A,"Bristol/Johnson City/Kingsport, TN",327,326,337,337,3.2996941896024463,7.751533742331288,9.0,26.0,"Sat, Aug  7, 2004","Thu, Aug 26, 2004"
3855,Tulsa International,Tulsa,United States,TUL,KTUL,36.198389,-95.888111,677,-6,A,"Tulsa, OK",1806,1806,1829,1828,3.664451827242525,10.469545957918045,24.0,80.0,"Fri, Aug 20, 2004","Wed, Aug 25, 2004"
3636,Tucson International,Tucson,United States,TUS,KTUS,32.116083,-110.941028,2643,-7,N,"Tucson, AZ",1387,1385,1395,1392,4.18385003604902,10.097472924187734,65.0,81.0,"Mon, Aug  9, 2004","Tue, Aug 24, 2004"
4023,Cherry Capital Airport,Traverse City,United States,TVC,KTVC,44.741445,-85.582235,624,-5,A,"Traverse City, MI",396,400,408,411,3.292929292929293,11.164999999999997,25.0,106.0,"Sun, Aug  1, 2004","Sat, Aug 28, 2004"
4263,Magic Valley Regional Airport,Twin Falls,United States,TWF,KTWF,42.481803,-114.487733,4151,-7,A,"Twin Falls, ID",155,158,158,158,2.7419354838709675,7.525316455696205,10.0,37.0,"Mon, Aug 23, 2004","Mon, Aug  2, 2004"
3770,Texarkana Regional-Webb Field,Texarkana,United States,TXK,KTXK,33.453722,-93.991028,390,-6,A,"Texarkana, AR",162,162,164,164,4.000000000000002,8.277777777777784,31.0,21.0,"Fri, Aug 20, 2004","Sun, Aug 15, 2004"
3848,Tyler Pounds Regional,Tyler,United States,TYR,KTYR,32.354139,-95.402386,544,-6,A,"Tyler, TX",314,314,319,319,5.022292993630577,8.875796178343943,17.0,123.0,"Mon, Aug  2, 2004","Thu, Aug 19, 2004"
3676,McGhee Tyson,Knoxville,United States,TYS,KTYS,35.810972,-83.994028,981,-5,A,"Knoxville, TN",1187,1185,1207,1206,3.6941870261162593,12.902953586497889,64.0,79.0,"Sun, Aug  1, 2004","Thu, Aug 12, 2004"
5775,Victoria Regional Airport,Victoria,United States,VCT,KVCT,28.8526,-96.9185,115,-6,A,"Victoria, TX",88,87,88,89,3.9545454545454546,7.586206896551724,10.0,17.0,"Sun, Aug 15, 2004","Thu, Aug 12, 2004"
7121,Visalia Municipal Airport,Visalia,United States,VIS,KVIS,36.318611,-119.392778,295,-8,A,"Visalia, CA",56,56,58,58,2.5892857142857144,6.428571428571429,4.0,16.0,"Fri, Aug  6, 2004","Wed, Aug 11, 2004"
5776,Valdosta Regional Airport,Valdosta,United States,VLD,KVLD,30.7825,-83.2767,203,-5,A,"Valdosta, GA",118,119,120,120,3.355932203389831,6.243697478991595,7.0,20.0,"Wed, Aug 11, 2004","Fri, Aug 20, 2004"
3873,Eglin AFB,Valparaiso,United States,VPS,KVPS,30.48325,-86.5254,87,-6,A,"Valparaiso, FL",566,537,571,546,6.9081272084805665,11.53258845437616,15.0,68.0,"Fri, Aug 20, 2004","Wed, Aug 18, 2004"
5969,Wrangell Airport,Wrangell,United States,WRG,PAWG,56.4843,-132.37,44,-9,A,"Wrangell, AK",59,60,62,61,2.4237288135593213,4.666666666666667,4.0,11.0,"Tue, Aug  3, 2004","Tue, Aug 17, 2004"
7072,Yellowstone Airport,West Yellowstone,United States,WYS,KWYS,44.688333,-111.1175,6644,-7,A,"West Yellowstone, MT",60,60,60,62,2.7,6.8,8.0,15.0,"Tue, Aug 10, 2004","Sat, Aug 21, 2004"
4356,NW Arkansas Regional,Bentonville,United States,XNA,KXNA,36.2818694,-94.3068111,1287,-6,A,"Fayetteville, AR",1079,1082,1115,1115,4.625579240037075,11.458410351201488,29.0,149.0,"Mon, Aug 16, 2004","Tue, Aug 24, 2004"
6803,Yakutat,Yakutat,United States,YAK,PAYA,59.3012,-139.3937,33,-9,A,"Yakutat, AK",62,61,62,62,2.0806451612903225,4.655737704918033,5.0,22.0,"Wed, Aug  4, 2004","Sat, Aug  7, 2004"
3596,Yuma MCAS Yuma International,Yuma,United States,YUM,KYUM,32.656578,-114.60598,216,-7,N,"Yuma, AZ",95,95,96,96,4.463157894736843,7.8105263157894775,96.0,18.0,"Tue, Aug  3, 2004","Thu, Aug 12, 2004"
2883,Cyril E. King,St. Thomas,Virgin Islands,STT,TIST,18.337306,-64.973361,23,-4,U,"Charlotte Amalie, VI",238,239,250,250,4.268907563025213,11.196652719665272,14.0,25.0,"Sun, Aug  1, 2004","Wed, Aug 18, 2004"
2884,Henry E. Rohlsen,St. Croix Island,Virgin Islands,STX,TISX,17.701889,-64.798556,74,-4,U,"Christiansted, VI",35,35,35,35,3.4285714285714284,9.628571428571425,6.0,16.0,"Sat, Aug  7, 2004","Tue, Aug 17, 2004"
2885,Rafael Hernndez,Aguadilla,Puerto Rico,BQN,TJBQ,18.494861,-67.129444,237,-4,U,"Aguadilla, PR",62,62,62,62,4.645161290322583,12.806451612903226,8.0,56.0,"Tue, Aug  3, 2004","Fri, Aug 13, 2004"
2890,Luis Muoz Marn International,San Juan,Puerto Rico,SJU,TJSJ,18.439417,-66.001833,9,-4,U,"San Juan, PR",2306,2307,2341,2341,4.928013876843013,14.413090593844826,59.0,53.0,"Tue, Aug 10, 2004","Sat, Aug 28, 2004"
