airport_id,name,city,country,iata_faa,iaco,latitude,longitude,altitude,zone,dst,city_state,avg_able_landings,avg_able_takeoffs,total_landings,total_takeoffs,avg_taxi_in,avg_taxi_out,longest_taxi_in,longest_taxi_out,lng_tx_in_date,lng_tx_out_date
4355,Lehigh Valley International,Allentown,United States,ABE,KABE,40.652083,-75.440806,393,-5,A,"Allentown/Bethlehem/Easton, PA",651,644,655,654,4.445468509984643,12.088509316770194,58.0,60.0,"Tue, Apr 13, 2004","Mon, Apr 26, 2004"
3718,Abilene Regional,Abilene,United States,ABI,KABI,32.411319,-99.681897,1791,-6,A,"Abilene, TX",256,256,257,258,3.8828124999999982,7.75,63.0,28.0,"Fri, Apr 23, 2004","Tue, Apr  6, 2004"
4019,Albuquerque International Sunport,Albuquerque,United States,ABQ,KABQ,35.0402222,-106.6091944,5355,-7,A,"Albuquerque, NM",2963,2962,2978,2977,4.718866014174819,10.387575962187707,37.0,117.0,"Fri, Apr  2, 2004","Wed, Apr 21, 2004"
5715,Southwest Georgia Regional Airport,Albany,United States,ABY,KABY,31.5355,-84.1945,197,-5,A,"Albany, GA",120,120,120,120,3.658333333333333,9.016666666666671,8.0,32.0,"Mon, Apr  5, 2004","Mon, Apr  5, 2004"
3700,Waco Regional,Waco,United States,ACT,KACT,31.611289,-97.230519,516,-6,A,"Waco, TX",301,299,307,307,3.644518272425249,7.719063545150504,10.0,51.0,"Tue, Apr 27, 2004","Sat, Apr 24, 2004"
4384,Arcata,Arcata CA,United States,ACV,KACV,40.978111,-124.108611,221,-8,A,"Arcata/Eureka, CA",333,336,338,337,3.2612612612612604,7.029761904761905,7.0,44.0,"Thu, Apr 15, 2004","Wed, Apr 28, 2004"
3524,Atlantic City International,Atlantic City,United States,ACY,KACY,39.457583,-74.577167,75,-5,A,"Atlantic City, NJ",88,88,90,90,3.0681818181818183,8.602272727272728,10.0,23.0,"Sun, Apr 18, 2004","Tue, Apr 20, 2004"
5959,Adak Airport,Adak Island,United States,ADK,PADK,51.878,-176.646,18,-10,A,"Adak Island, AK",9,9,9,9,3.4444444444444446,5.444444444444445,4.0,7.0,"Thu, Apr  8, 2004","Thu, Apr  8, 2004"
3531,Kodiak,Kodiak,United States,ADQ,PADQ,57.749967,-152.493856,78,-9,A,"Kodiak, AK",53,53,60,60,2.622641509433961,6.30188679245283,5.0,22.0,"Mon, Apr  5, 2004","Fri, Apr  9, 2004"
3852,Alexandria International,Alexandria,United States,AEX,KAEX,31.3274,-92.549833,89,-6,A,"Alexandria, LA",283,281,288,288,4.335689045936396,10.391459074733094,15.0,46.0,"Tue, Apr 20, 2004","Sun, Apr 25, 2004"
3658,Augusta Regional At Bush Field,Bush Field,United States,AGS,KAGS,33.369944,-81.9645,144,-5,A,"Augusta, GA",412,412,416,416,4.878640776699032,11.415048543689323,540.0,101.0,"Sat, Apr 17, 2004","Wed, Apr 21, 2004"
3794,King Salmon,King Salmon,United States,AKN,PAKN,58.676778,-156.649278,68,-9,A,"King Salmon, AK",25,25,25,25,3.8,4.28,7.0,11.0,"Thu, Apr 15, 2004","Mon, Apr 26, 2004"
3864,Albany International,Albany,United States,ALB,KALB,42.748267,-73.801692,285,-5,A,"Albany, NY",1440,1439,1446,1447,3.809722222222221,13.567755385684508,20.0,109.0,"Thu, Apr 22, 2004","Wed, Apr 28, 2004"
3840,Rick Husband Amarillo International,Amarillo,United States,AMA,KAMA,35.219369,-101.705931,3607,-6,A,"Amarillo, TX",674,675,681,681,3.870919881305638,8.728888888888886,10.0,37.0,"Wed, Apr 21, 2004","Fri, Apr  2, 2004"
3774,Ted Stevens Anchorage International,Anchorage,United States,ANC,PANC,61.174361,-149.996361,152,-9,A,"Anchorage, AK",1406,1412,1435,1436,4.719061166429603,10.95184135977336,23.0,59.0,"Tue, Apr 27, 2004","Sat, Apr  3, 2004"
3682,Hartsfield Jackson Atlanta International,Atlanta,United States,ATL,KATL,33.636719,-84.428067,1026,-5,A,"Atlanta, GA",33731,33844,34026,34075,9.144021819691096,21.334475830280045,1401.0,1438.0,"Fri, Apr 16, 2004","Fri, Apr 23, 2004"
4047,Appleton,Appleton,United States,ATW,KATW,44.257526,-88.507576,680,-6,A,"Appleton, WI",207,206,210,210,4.502415458937193,9.873786407766996,65.0,65.0,"Sun, Apr 18, 2004","Fri, Apr  9, 2004"
3673,Austin Bergstrom International,Austin,United States,AUS,KAUS,30.194528,-97.669889,542,-6,A,"Austin, TX",3164,3165,3186,3186,4.550252844500632,11.037598736176953,27.0,190.0,"Sun, Apr  4, 2004","Tue, Apr  6, 2004"
4007,Asheville Regional Airport,Asheville,United States,AVL,KAVL,35.436194,-82.541806,2165,-5,A,"Asheville, NC",404,404,412,412,12.017326732673263,11.754950495049508,636.0,147.0,"Thu, Apr  1, 2004","Fri, Apr 23, 2004"
4286,Wilkes Barre Scranton International,Scranton,United States,AVP,KAVP,41.338478,-75.723403,962,-5,A,"Scranton/Wilkes-Barre, PA",265,266,266,266,4.0528301886792475,16.665413533834588,53.0,1403.0,"Fri, Apr 23, 2004","Sun, Apr  4, 2004"
4039,Kalamazoo,Kalamazoo,United States,AZO,KAZO,42.234875,-85.552058,874,-5,A,"Kalamazoo, MI",453,451,462,461,3.046357615894039,10.552106430155211,11.0,98.0,"Tue, Apr 13, 2004","Thu, Apr 29, 2004"
3825,Bradley International,Windsor Locks,United States,BDL,KBDL,41.938889,-72.683222,173,-5,A,"Hartford, CT",2770,2771,2778,2778,5.06714801444044,13.603392277156246,47.0,129.0,"Thu, Apr  1, 2004","Wed, Apr 28, 2004"
3599,Bethel,Bethel,United States,BET,PABE,60.779778,-161.838,121,-9,A,"Bethel, AK",93,93,95,95,2.655913978494623,5.322580645161293,5.0,16.0,"Thu, Apr 15, 2004","Mon, Apr 19, 2004"
3558,Meadows Field,Bakersfield,United States,BFL,KBFL,35.433598,-119.05677,507,-8,A,"Bakersfield, CA",275,274,275,274,4.81090909090909,7.810218978102189,10.0,56.0,"Sun, Apr 11, 2004","Mon, Apr 12, 2004"
4129,Greater Binghamton-Edwin A. Link Field,Binghamton,United States,BGM,KBGM,42.208689,-75.979839,1636,-5,A,"Binghamton, NY",179,178,180,180,12.01675977653631,14.92134831460674,1384.0,1212.0,"Fri, Apr  2, 2004","Tue, Apr 27, 2004"
3463,Bangor International,Bangor,United States,BGR,KBGR,44.807444,-68.828139,192,-5,A,"Bangor, ME",412,409,421,420,5.587378640776699,9.611246943765298,687.0,73.0,"Mon, Apr 26, 2004","Mon, Apr  5, 2004"
3811,Birmingham International,Birmingham,United States,BHM,KBHM,33.562942,-86.75355,644,-6,A,"Birmingham, AL",1927,1924,1943,1943,3.7322262584327985,10.880977130977115,39.0,283.0,"Tue, Apr 20, 2004","Tue, Apr 13, 2004"
4021,Billings Logan International Airport,Billings,United States,BIL,KBIL,45.80921,-108.537654,3652,-7,A,"Billings, MT",474,476,478,478,3.8417721518987342,9.638655462184873,15.0,40.0,"Tue, Apr 20, 2004","Fri, Apr  2, 2004"
4083,Bismarck Municipal Airport,Bismarck,United States,BIS,KBIS,46.775842,-100.757931,1661,-6,A,"Bismarck/Mandan, ND",200,200,203,203,4.065000000000002,7.445,30.0,19.0,"Thu, Apr 22, 2004","Sun, Apr 11, 2004"
4037,Central Illinois Regional,Bloomington,United States,BMI,KBMI,40.477111,-88.915917,871,-6,A,"Bloomington/Normal, IL",216,216,217,217,4.277777777777777,10.9861111111111,13.0,86.0,"Sun, Apr 18, 2004","Tue, Apr 20, 2004"
3690,Nashville International,Nashville,United States,BNA,KBNA,36.124472,-86.678194,599,-6,A,"Nashville, TN",4789,4779,4813,4809,5.443934015452079,11.123875287717084,1417.0,108.0,"Wed, Apr 21, 2004","Sat, Apr 24, 2004"
3495,Boise Air Terminal,Boise,United States,BOI,KBOI,43.564361,-116.222861,2871,-7,A,"Boise, ID",1275,1276,1280,1281,3.527843137254902,9.162225705329174,19.0,53.0,"Wed, Apr  7, 2004","Wed, Apr  7, 2004"
3448,General Edward Lawrence Logan International,Boston,United States,BOS,KBOS,42.364347,-71.005181,19,-5,A,"Boston, MA",10705,10713,10815,10812,7.232227930873426,16.901148137776644,715.0,1410.0,"Tue, Apr 20, 2004","Sun, Apr 18, 2004"
3612,Southeast Texas Regional,Beaumont,United States,BPT,KBPT,29.950833,-94.020694,15,-6,A,"Beaumont/Port Arthur, TX",131,131,135,135,3.435114503816794,9.519083969465655,10.0,24.0,"Sat, Apr 24, 2004","Mon, Apr 19, 2004"
5725,Brunswick Golden Isles Airport,Brunswick,United States,BQK,KBQK,31.2588,-81.4665,26,-5,A,"Brunswick, GA",116,116,116,116,3.4310344827586206,8.58620689655173,8.0,56.0,"Fri, Apr  9, 2004","Tue, Apr 13, 2004"
3738,Brownsville South Padre Island International,Brownsville,United States,BRO,KBRO,25.906833,-97.425861,22,-6,A,"Brownsville, TX",147,147,147,147,4.489795918367346,12.088435374149661,14.0,58.0,"Sat, Apr 17, 2004","Sat, Apr 24, 2004"
3571,Wiley Post Will Rogers Memorial,Barrow,United States,BRW,PABR,71.285446,-156.766003,44,-9,A,"Barrow, AK",58,59,60,60,3.7758620689655173,5.4576271186440675,6.0,27.0,"Fri, Apr  2, 2004","Thu, Apr  1, 2004"
4022,Bert Mooney Airport,Butte,United States,BTM,KBTM,45.954806,-112.497472,5550,-7,A,"Butte, MT",113,113,117,120,4.026548672566369,10.283185840707969,8.0,38.0,"Tue, Apr 20, 2004","Thu, Apr  1, 2004"
3846,Baton Rouge Metro-Ryan Field,Baton Rouge,United States,BTR,KBTR,30.533167,-91.149639,70,-6,A,"Baton Rouge, LA",614,620,628,634,4.381107491856683,10.8516129032258,39.0,63.0,"Sat, Apr 24, 2004","Fri, Apr 30, 2004"
3711,Burlington International,Burlington,United States,BTV,KBTV,44.471861,-73.153278,335,-5,A,"Burlington, VT",618,619,625,626,5.873786407766989,14.038772213247173,1350.0,1090.0,"Mon, Apr 26, 2004","Fri, Apr 23, 2004"
3820,Buffalo Niagara International,Buffalo,United States,BUF,KBUF,42.940525,-78.732167,724,-5,A,"Buffalo, NY",2175,2167,2186,2184,4.546206896551726,13.398246423627128,1427.0,154.0,"Thu, Apr 29, 2004","Tue, Apr 20, 2004"
3644,Bob Hope,Burbank,United States,BUR,KBUR,34.200667,-118.358667,778,-8,A,"Burbank, CA",2215,2217,2223,2223,2.6844243792325058,10.656292286874152,29.0,52.0,"Thu, Apr 22, 2004","Thu, Apr 22, 2004"
3849,Baltimore Washington International,Baltimore,United States,BWI,KBWI,39.175361,-76.668333,146,-5,A,"Baltimore, MD",8665,8660,8690,8689,4.839469128678598,12.193764434180137,1290.0,1439.0,"Fri, Apr 23, 2004","Wed, Apr  7, 2004"
4020,Gallatin Field,Bozeman,United States,BZN,KBZN,45.777643,-111.160151,4500,-7,A,"Bozeman, MT",297,298,301,302,4.121212121212119,11.191275167785237,10.0,50.0,"Wed, Apr 14, 2004","Wed, Apr 28, 2004"
3561,Columbia Metropolitan,Colombia,United States,CAE,KCAE,33.938833,-81.119528,236,-5,A,"Columbia, SC",1006,1011,1017,1024,5.121272365805165,14.113748763600396,710.0,697.0,"Wed, Apr 14, 2004","Thu, Apr  1, 2004"
4112,Akron Canton Regional Airport,Akron,United States,CAK,KCAK,40.9160833,-81.4421944,1228,-5,A,"Akron, OH",740,737,742,742,7.018918918918916,15.998643147896887,1425.0,1439.0,"Fri, Apr 30, 2004","Wed, Apr 28, 2004"
3824,Cedar City Regional,Cedar City,United States,CDC,KCDC,37.700967,-113.098847,5622,-7,A,"Cedar City, UT",58,60,61,61,3.3275862068965516,7.416666666666667,12.0,14.0,"Fri, Apr 23, 2004","Fri, Apr 23, 2004"
3610,Merle K. Mudhole Smith,Cordova,United States,CDV,PACV,60.491778,-145.477556,48,-9,A,"Cordova, AK",59,59,60,60,2.9830508474576263,5.186440677966102,5.0,18.0,"Sun, Apr 18, 2004","Tue, Apr 20, 2004"
5727,Del Norte County Airport,Crescent City,United States,CEC,KCEC,41.7802,-124.237,57,-8,A,"Crescent City, CA",82,82,82,82,2.707317073170732,7.134146341463414,5.0,15.0,"Mon, Apr  5, 2004","Sat, Apr 24, 2004"
3578,Lovell Field,Chattanooga,United States,CHA,KCHA,35.035278,-85.203808,683,-5,A,"Chattanooga, TN",405,401,412,412,3.266666666666668,8.246882793017454,24.0,70.0,"Mon, Apr 19, 2004","Thu, Apr 29, 2004"
4015,Charlottesville-Albemarle,Charlottesville VA,United States,CHO,KCHO,38.138639,-78.452861,639,-5,A,"Charlottesville, VA",295,293,300,300,3.1762711864406783,8.48464163822526,63.0,250.0,"Sun, Apr  4, 2004","Tue, Apr 27, 2004"
3806,Charleston AFB International,Charleston,United States,CHS,KCHS,32.898647,-80.040528,45,-5,A,"Charleston, SC",1127,1141,1138,1150,5.68500443655723,13.130587204206835,670.0,141.0,"Tue, Apr 20, 2004","Fri, Apr 23, 2004"
3710,Chico Municipal,Chico,United States,CIC,KCIC,39.795383,-121.858422,238,-8,A,"Chico, CA",90,87,90,90,3.066666666666667,8.74712643678161,6.0,20.0,"Thu, Apr 22, 2004","Wed, Apr 21, 2004"
4043,Cedar Rapids,Cedar Rapids,United States,CID,KCID,41.884694,-91.710806,869,-6,A,"Cedar Rapids/Iowa City, IA",501,501,516,517,4.0858283433133735,9.710578842315366,15.0,80.0,"Sat, Apr 24, 2004","Mon, Apr 26, 2004"
4088,McClellan-Palomar Airport,Carlsbad,United States,CLD,KCRQ,33.0742,-117.1648,328,-8,A,"Carlsbad, CA",173,174,175,175,3.2196531791907512,7.637931034482759,9.0,20.0,"Sun, Apr  4, 2004","Fri, Apr  2, 2004"
3486,Cleveland Hopkins International,Cleveland,United States,CLE,KCLE,41.411689,-81.849794,791,-5,A,"Cleveland, OH",7836,7849,7887,7888,5.44333843797857,17.071728882660146,50.0,144.0,"Sun, Apr  4, 2004","Wed, Apr 28, 2004"
3715,Easterwood Field,College Station,United States,CLL,KCLL,30.588583,-96.363833,321,-6,A,"College Station/Bryan, TX",326,325,333,332,4.349693251533743,7.596923076923077,34.0,31.0,"Sun, Apr 18, 2004","Sat, Apr 24, 2004"
3876,Charlotte Douglas International,Charlotte,United States,CLT,KCLT,35.214,-80.943139,748,-5,A,"Charlotte, NC",8804,8821,8853,8854,4.772716946842343,15.972678834599256,35.0,158.0,"Wed, Apr 28, 2004","Tue, Apr 13, 2004"
3759,Port Columbus International,Columbus,United States,CMH,KCMH,39.997972,-82.891889,815,-5,A,"Columbus, OH",3141,3134,3166,3170,4.9251830627188795,12.843012125079778,28.0,1431.0,"Wed, Apr 28, 2004","Thu, Apr 15, 2004"
4049,Champaign,Champaign,United States,CMI,KCMI,40.03925,-88.278056,754,-6,A,"Champaign/Urbana, IL",198,196,202,202,4.1515151515151505,13.326530612244898,15.0,101.0,"Tue, Apr  6, 2004","Fri, Apr 30, 2004"
4344,Yellowstone Regional,Cody,United States,COD,KCOD,44.520194,-109.023806,5102,-7,A,"Cody, WY",60,59,60,60,3.5166666666666666,8.050847457627121,6.0,21.0,"Sat, Apr  3, 2004","Thu, Apr  8, 2004"
3819,City Of Colorado Springs Municipal,Colorado Springs,United States,COS,KCOS,38.805805,-104.700778,6187,-7,A,"Colorado Springs, CO",954,956,965,966,6.324947589098533,14.26673640167364,23.0,59.0,"Sun, Apr  4, 2004","Sat, Apr 10, 2004"
3872,Natrona County International,Casper,United States,CPR,KCPR,42.908,-106.464417,5347,-7,A,"Casper, WY",263,263,265,265,3.2319391634980987,7.984790874524715,7.0,28.0,"Tue, Apr 20, 2004","Thu, Apr 22, 2004"
3744,Corpus Christi International,Corpus Christi,United States,CRP,KCRP,27.770361,-97.501222,44,-6,A,"Corpus Christi, TX",712,711,717,717,3.830056179775281,10.364275668073132,18.0,136.0,"Wed, Apr  7, 2004","Wed, Apr  7, 2004"
4285,Yeager,Charleston,United States,CRW,KCRW,38.373147,-81.593189,981,-5,A,"Charleston/Dunbar, WV",431,433,438,438,2.9837587006960553,10.468822170900697,13.0,95.0,"Fri, Apr  9, 2004","Mon, Apr 26, 2004"
4255,Columbus Metropolitan Airport,Columbus,United States,CSG,KCSG,32.5163333,-84.9388611,397,-5,A,"Columbus, GA",175,175,180,180,2.5771428571428583,6.388571428571426,7.0,35.0,"Tue, Apr 27, 2004","Mon, Apr 26, 2004"
3488,Cincinnati Northern Kentucky International,Cincinnati,United States,CVG,KCVG,39.048836,-84.667822,896,-5,A,"Cincinnati, OH",16961,17093,17240,17237,13.630269441660287,16.534370795062355,1439.0,1438.0,"Wed, Apr 21, 2004","Tue, Apr 13, 2004"
3950,Daytona Beach International,Daytona Beach,United States,DAB,KDAB,29.179917,-81.058056,34,-5,A,"Daytona Beach, FL",344,344,344,345,4.0232558139534875,14.744186046511627,13.0,90.0,"Wed, Apr  7, 2004","Thu, Apr 29, 2004"
3502,Dallas Love Field,Dallas,United States,DAL,KDAL,32.847111,-96.851778,487,-6,A,"Dallas, TX",3689,3700,3772,3772,3.0200596367579293,8.277567567567573,14.0,52.0,"Mon, Apr 19, 2004","Sat, Apr 24, 2004"
3627,James M. Cox Dayton International,Dayton,United States,DAY,KDAY,39.902375,-84.219375,1009,-5,A,"Dayton, OH",1282,1280,1287,1287,4.53822152886115,13.767968750000005,27.0,117.0,"Sun, Apr 18, 2004","Thu, Apr 29, 2004"
4388,Dubuque Regional,Dubuque IA,United States,DBQ,KDBQ,42.402,-90.709472,1076,-6,A,"Dubuque, IA",90,90,90,90,4.911111111111111,14.699999999999998,22.0,129.0,"Mon, Apr  5, 2004","Tue, Apr 20, 2004"
3520,Ronald Reagan Washington National,Washington,United States,DCA,KDCA,38.852083,-77.037722,15,-5,A,"Washington, DC",7622,7610,7691,7693,4.774075045919723,14.443889618922476,1383.0,268.0,"Mon, Apr  5, 2004","Tue, Apr 13, 2004"
3751,Denver International,Denver,United States,DEN,KDEN,39.861656,-104.673178,5431,-7,A,"Denver, CO",12430,12457,12526,12526,6.976749798873692,15.607931283615619,73.0,126.0,"Sun, Apr  4, 2004","Sun, Apr  4, 2004"
3670,Dallas Fort Worth International,Dallas-fort Worth,United States,DFW,KDFW,32.896828,-97.037997,607,-6,A,"Dallas/Fort Worth, TX",28315,28403,28593,28604,10.227370651598099,17.325951483998207,525.0,203.0,"Sun, Apr 25, 2004","Tue, Apr  6, 2004"
3739,Dothan Regional,Dothan,United States,DHN,KDHN,31.321339,-85.449628,401,-6,A,"Dothan, AL",172,171,173,173,3.063953488372093,6.625730994152045,16.0,38.0,"Tue, Apr  6, 2004","Fri, Apr  2, 2004"
3460,Dillingham,Dillingham,United States,DLG,PADL,59.044667,-158.5055,74,-9,A,"Dillingham, AK",15,15,16,16,2.6,4.533333333333333,4.0,10.0,"Wed, Apr  7, 2004","Fri, Apr 16, 2004"
3598,Duluth International,Duluth,United States,DLH,KDLH,46.842091,-92.193649,1428,-6,A,"Duluth, MN",166,166,169,169,4.590361445783132,11.427710843373497,13.0,54.0,"Tue, Apr 20, 2004","Wed, Apr 28, 2004"
3713,Durango La Plata County,Durango,United States,DRO,KDRO,37.151516,-107.75377,6685,-7,A,"Durango, CO",88,88,90,90,4.795454545454546,8.886363636363635,25.0,59.0,"Fri, Apr  9, 2004","Fri, Apr 23, 2004"
3729,Des Moines International,Des Moines,United States,DSM,KDSM,41.533972,-93.663083,958,-6,A,"Des Moines, IA",842,836,855,854,7.41567695961995,11.757177033492823,1387.0,82.0,"Fri, Apr  9, 2004","Wed, Apr 21, 2004"
3645,Detroit Metro Wayne County,Detroit,United States,DTW,KDTW,42.212444,-83.353389,645,-5,A,"Detroit, MI",12269,12297,12394,12393,9.31257641209549,16.287712450191187,1438.0,241.0,"Thu, Apr  1, 2004","Sun, Apr  4, 2004"
3572,Ellington Field,Houston,United States,EFD,KEFD,29.607333,-95.15875,32,-6,A,"Houston, TX",130,130,135,135,3.2153846153846155,10.692307692307692,10.0,80.0,"Fri, Apr 23, 2004","Sun, Apr  4, 2004"
4250,Eagle County Regional,Vail,United States,EGE,KEGE,39.642556,-106.917694,6540,-7,A,"Eagle, CO",29,33,33,35,3.8620689655172415,16.545454545454547,9.0,40.0,"Thu, Apr  1, 2004","Sat, Apr  3, 2004"
5736,Elko Regional Airport,Elko,United States,EKO,KEKO,40.8249,-115.792,5140,-8,A,"Elko, NV",223,223,224,224,3.3632286995515694,6.42152466367713,8.0,22.0,"Fri, Apr 30, 2004","Sun, Apr 18, 2004"
3559,El Paso International,El Paso,United States,ELP,KELP,31.80725,-106.377583,3958,-7,A,"El Paso, TX",1907,1899,1923,1917,3.392763502884114,9.949973670352817,25.0,106.0,"Sat, Apr 10, 2004","Wed, Apr 28, 2004"
4276,Erie International-Tom Ridge Field,Erie,United States,ERI,KERI,42.082022,-80.176217,733,-5,A,"Erie, PA",89,88,90,90,2.5168539325842705,11.295454545454549,6.0,33.0,"Thu, Apr 29, 2004","Sun, Apr  4, 2004"
4099,Mahlon Sweet Field,Eugene,United States,EUG,KEUG,44.124583,-123.211972,374,-8,A,"Eugene, OR",426,426,439,439,3.295774647887324,8.293427230046953,11.0,27.0,"Sun, Apr  4, 2004","Thu, Apr 22, 2004"
4018,Evansville Regional,Evansville,United States,EVV,KEVV,38.036997,-87.532364,418,-6,A,"Evansville, IN",459,456,472,472,3.5185185185185186,14.326754385964913,15.0,1235.0,"Wed, Apr  7, 2004","Sat, Apr 17, 2004"
3494,Newark Liberty International,Newark,United States,EWR,KEWR,40.6925,-74.168667,18,-5,A,"Newark, NJ",13066,13088,13223,13228,8.921245981937908,26.57258557457212,1327.0,715.0,"Fri, Apr 16, 2004","Wed, Apr 14, 2004"
3875,Key West International,Key West,United States,EYW,KEYW,24.556111,-81.759556,3,-5,A,"Key West, FL",60,60,60,60,3.1333333333333333,10.100000000000001,8.0,23.0,"Tue, Apr 27, 2004","Wed, Apr 21, 2004"
3832,Fairbanks International,Fairbanks,United States,FAI,PAFA,64.815114,-147.856267,434,-9,A,"Fairbanks, AK",388,388,395,395,3.0747422680412373,7.13144329896907,8.0,21.0,"Wed, Apr 28, 2004","Thu, Apr 22, 2004"
4292,Hector International Airport,Fargo,United States,FAR,KFAR,46.92065,-96.8157639,902,-6,A,"Fargo, ND",315,314,322,322,4.796825396825391,9.88853503184713,23.0,91.0,"Fri, Apr 16, 2004","Mon, Apr 26, 2004"
3687,Fresno Yosemite International,Fresno,United States,FAT,KFAT,36.776194,-119.71814,336,-8,A,"Fresno, CA",1118,1119,1126,1127,3.8640429338103757,8.53798033958893,15.0,70.0,"Sun, Apr  4, 2004","Wed, Apr 21, 2004"
5738,Fayetteville Regional-Grannis Field,Fayetteville,United States,FAY,KFAY,34.9912,-78.8803,189,-5,A,"Fayetteville, NC",145,144,146,146,3.2896551724137932,6.993055555555555,9.0,20.0,"Mon, Apr 26, 2004","Sun, Apr 25, 2004"
4127,Glacier Park International,Kalispell,United States,FCA,KFCA,48.310472,-114.256,2977,-7,A,"Kalispell, MT",264,264,268,267,4.16287878787879,8.613636363636363,11.0,27.0,"Wed, Apr 14, 2004","Thu, Apr 15, 2004"
3533,Fort Lauderdale Hollywood International,Fort Lauderdale,United States,FLL,KFLL,26.072583,-80.15275,9,-5,A,"Fort Lauderdale, FL",5891,5895,5907,5906,4.99677474113055,18.52960135708221,887.0,1234.0,"Fri, Apr 23, 2004","Sun, Apr 11, 2004"
3879,Florence Regional,Florence,United States,FLO,KFLO,34.185361,-79.723889,146,-5,A,"Florence, SC",84,84,86,86,4.440476190476192,7.190476190476191,15.0,19.0,"Fri, Apr 16, 2004","Tue, Apr 13, 2004"
4089,Bishop International,Flint,United States,FNT,KFNT,42.965424,-83.743629,782,-5,A,"Flint, MI",541,545,546,548,7.426987060998145,10.842201834862381,1425.0,56.0,"Mon, Apr  5, 2004","Thu, Apr  8, 2004"
4009,Sioux Falls,Sioux Falls,United States,FSD,KFSD,43.582014,-96.741914,1429,-6,A,"Sioux Falls, SD",310,308,316,315,4.193548387096773,12.259740259740258,14.0,156.0,"Tue, Apr 20, 2004","Sat, Apr  3, 2004"
3437,Fort Smith Regional,Fort Smith,United States,FSM,KFSM,35.336583,-94.367444,469,-6,A,"Fort Smith, AR",145,145,146,146,3.579310344827586,7.834482758620689,9.0,22.0,"Sun, Apr 25, 2004","Fri, Apr 30, 2004"
4041,Fort Wayne,Fort Wayne,United States,FWA,KFWA,40.978472,-85.195139,815,-5,A,"Fort Wayne, IN",588,582,596,596,5.852040816326532,11.603092783505154,1380.0,88.0,"Tue, Apr 27, 2004","Thu, Apr  1, 2004"
3467,Spokane International,Spokane,United States,GEG,KGEG,47.619861,-117.533833,2376,-8,A,"Spokane, WA",1141,1142,1143,1144,3.8255915863277843,8.64185639229423,14.0,30.0,"Sat, Apr 17, 2004","Thu, Apr  8, 2004"
3442,Grand Forks International,Grand Forks,United States,GFK,KGFK,47.949256,-97.176111,845,-6,A,"Grand Forks, ND",112,112,113,113,4.223214285714287,8.080357142857139,8.0,17.0,"Tue, Apr  6, 2004","Fri, Apr  2, 2004"
3465,East Texas Regional,Longview,United States,GGG,KGGG,32.384014,-94.711486,365,-6,A,"Longview, TX",90,90,90,90,6.333333333333335,10.055555555555559,13.0,25.0,"Wed, Apr  7, 2004","Tue, Apr 13, 2004"
4063,Grand Junction Regional,Grand Junction,United States,GJT,KGJT,39.122413,-108.526735,4858,-7,A,"Grand Junction, CO",240,241,244,245,2.7166666666666677,7.232365145228216,6.0,17.0,"Fri, Apr 16, 2004","Tue, Apr 20, 2004"
3472,Gainesville Regional,Gainesville,United States,GNV,KGNV,29.690056,-82.271778,152,-5,A,"Gainesville, FL",202,202,202,202,2.96039603960396,5.811881188118808,32.0,33.0,"Fri, Apr  2, 2004","Sun, Apr 18, 2004"
4038,Gulfport-Biloxi,Gulfport,United States,GPT,KGPT,30.407278,-89.070111,28,-6,A,"Gulfport/Biloxi, MS",432,429,438,433,4.467592592592594,9.687645687645691,15.0,34.0,"Mon, Apr 19, 2004","Sat, Apr 24, 2004"
3653,Austin Straubel International,Green Bay,United States,GRB,KGRB,44.485072,-88.129589,695,-6,A,"Green Bay, WI",496,496,504,504,3.9959677419354795,12.038306451612904,107.0,129.0,"Sun, Apr 18, 2004","Wed, Apr 28, 2004"
3685,Gerald R. Ford International,Grand Rapids,United States,GRR,KGRR,42.880833,-85.522806,794,-5,A,"Grand Rapids, MI",1338,1334,1350,1349,7.716741405082214,13.00374812593703,1435.0,235.0,"Sun, Apr 11, 2004","Mon, Apr  5, 2004"
4008,Piedmont Triad,Greensboro,United States,GSO,KGSO,36.09775,-79.937306,925,-5,A,"Greensboro/High Point, NC",1487,1482,1498,1497,4.51647612642905,14.158569500674764,645.0,118.0,"Thu, Apr  8, 2004","Tue, Apr 13, 2004"
4034,Greenville-Spartanburg International,Greenville,United States,GSP,KGSP,34.895556,-82.218889,964,-5,A,"Greer, SC",1211,1205,1221,1220,5.208092485549137,15.771784232365157,1383.0,1425.0,"Tue, Apr 20, 2004","Fri, Apr  9, 2004"
3880,Great Falls International,Great Falls,United States,GTF,KGTF,47.482,-111.370689,3677,-7,A,"Great Falls, MT",323,321,330,330,3.9999999999999964,8.54828660436137,14.0,58.0,"Sun, Apr 18, 2004","Fri, Apr 16, 2004"
4273,Golden Triangle Regional Airport,Columbus Mississippi,United States,GTR,KGTR,33.450333,-88.591361,264,-6,A,"Columbus, MS",115,87,119,90,3.4608695652173918,8.321839080459775,12.0,83.0,"Wed, Apr  7, 2004","Thu, Apr  1, 2004"
7051,Gunnison - Crested Butte,Gunnison,United States,GUC,KGUC,38.533889,-106.933056,7678,-7,A,"Gunnison, CO",5,5,5,5,3.6,11.2,5.0,14.0,"Sat, Apr  3, 2004","Sat, Apr  3, 2004"
4339,Yampa Valley,Hayden,United States,HDN,KHDN,40.481181,-107.21766,6602,-7,A,"Hayden, CO",19,20,19,20,3.5789473684210527,11.45,6.0,23.0,"Sat, Apr  3, 2004","Sat, Apr  3, 2004"
3504,Helena Regional,Helena,United States,HLN,KHLN,46.606806,-111.98275,3877,-7,A,"Helena, MT",231,229,236,236,121.73593073593092,8.742358078602619,1421.0,48.0,"Sun, Apr  4, 2004","Tue, Apr 20, 2004"
3728,Honolulu International,Honolulu,United States,HNL,PHNL,21.318681,-157.922428,13,-10,N,"Honolulu, HI",2880,2878,2886,2881,5.029861111111103,13.715079916608751,27.0,742.0,"Thu, Apr  8, 2004","Sat, Apr  3, 2004"
3566,William P. Hobby,Houston,United States,HOU,KHOU,29.645419,-95.278889,46,-6,A,"Houston, TX",4816,4825,4905,4905,4.447466777408633,8.725181347150231,45.0,92.0,"Tue, Apr  6, 2004","Fri, Apr 23, 2004"
3589,Westchester County,White Plains,United States,HPN,KHPN,41.066959,-73.707575,439,-5,A,"White Plains, NY",777,771,790,790,5.823680823680823,16.55512321660183,629.0,629.0,"Sun, Apr 11, 2004","Tue, Apr 13, 2004"
3560,Valley International,Harlingen,United States,HRL,KHRL,26.2285,-97.654389,36,-6,A,"Harlingen/San Benito, TX",486,486,491,491,2.872427983539095,9.006172839506169,8.0,153.0,"Mon, Apr 12, 2004","Tue, Apr  6, 2004"
4113,Huntsville International Airport-Carl T. Jones Field,Huntsville,United States,HSV,KHSV,34.6371944,-86.7750556,629,-6,A,"Huntsville, AL",940,937,955,955,13.955319148936182,13.323372465314838,1428.0,840.0,"Fri, Apr 30, 2004","Mon, Apr 12, 2004"
5742,TriState-Milton J. Ferguson Field,Huntington,United States,HTS,KHTS,38.3667,-82.558,828,-5,A,"Ashland, WV",82,82,86,86,3.109756097560976,7.060975609756097,6.0,26.0,"Sun, Apr 25, 2004","Tue, Apr 13, 2004"
3714,Washington Dulles International,Washington,United States,IAD,KIAD,38.944533,-77.455811,313,-5,A,"Washington, DC",8650,8675,8734,8732,5.530173410404627,18.344783861671406,1170.0,685.0,"Sun, Apr  4, 2004","Tue, Apr 27, 2004"
3550,George Bush Intercontinental Houston,Houston,United States,IAH,KIAH,29.984433,-95.341442,97,-6,A,"Houston, TX",16518,16593,16666,16662,10.562779997578406,21.767914180678545,1373.0,180.0,"Mon, Apr 26, 2004","Sat, Apr 10, 2004"
3457,Wichita Mid Continent,Wichita,United States,ICT,KICT,37.649944,-97.433056,1333,-6,A,"Wichita, KS",794,790,802,801,19.127204030226686,15.21645569620252,1420.0,1438.0,"Wed, Apr 14, 2004","Sat, Apr 17, 2004"
4100,Idaho Falls Regional,Idaho Falls,United States,IDA,KIDA,43.514556,-112.07075,4744,-7,A,"Idaho Falls, ID",240,240,240,240,3.0958333333333323,7.175,6.0,30.0,"Thu, Apr  1, 2004","Sun, Apr 18, 2004"
3845,Wilmington International,Wilmington,United States,ILM,KILM,34.270615,-77.902569,32,-5,A,"Wilmington, NC",284,285,287,287,3.5704225352112675,8.807017543859645,11.0,30.0,"Mon, Apr 26, 2004","Wed, Apr 14, 2004"
3585,Indianapolis International,Indianapolis,United States,IND,KIND,39.717331,-86.294383,797,-5,A,"Indianapolis, IN",3373,3369,3391,3391,7.258227097539286,13.429801127931135,35.0,137.0,"Sat, Apr  3, 2004","Wed, Apr 28, 2004"
3689,Imperial County,Imperial,United States,IPL,KIPL,32.834219,-115.578744,-54,-8,A,"El Centro, CA",55,55,56,56,3.4,8.436363636363634,11.0,13.0,"Fri, Apr  2, 2004","Fri, Apr  9, 2004"
3857,Long Island MacArthur,Islip,United States,ISP,KISP,40.79525,-73.100222,99,-5,A,"Islip, NY",1011,1018,1027,1027,4.012858555885264,11.85363457760315,31.0,814.0,"Fri, Apr  2, 2004","Thu, Apr  1, 2004"
3415,Hilo International,Hilo,United States,ITO,PHTO,19.721375,-155.048469,38,-10,N,"Hilo, HI",206,206,206,206,4.63592233009709,5.1504854368932085,8.0,13.0,"Tue, Apr 13, 2004","Thu, Apr 15, 2004"
7120,Inyokern Airport,Inyokern,United States,IYK,KIYK,35.658889,-117.829444,2455,-8,A,"Inyokern, CA",86,86,86,87,3.4186046511627906,7.686046511627907,6.0,14.0,"Fri, Apr  9, 2004","Sat, Apr 17, 2004"
4027,Jackson Hole Airport,Jacksn Hole,United States,JAC,KJAC,43.60733333,-110.73775,6451,-7,A,"Jackson, WY",159,162,160,163,3.0062893081761,9.172839506172846,16.0,59.0,"Sat, Apr  3, 2004","Thu, Apr 22, 2004"
3580,Jackson Evers International,Jackson,United States,JAN,KJAN,32.311167,-90.075889,346,-6,A,"Jackson/Vicksburg, MS",916,918,921,921,3.823144104803495,10.565359477124186,27.0,540.0,"Mon, Apr 12, 2004","Tue, Apr 13, 2004"
3712,Jacksonville International,Jacksonville,United States,JAX,KJAX,30.494056,-81.687861,30,-5,A,"Jacksonville, FL",2461,2457,2463,2464,5.355952864689148,13.743182743182743,1386.0,1391.0,"Sun, Apr 25, 2004","Tue, Apr  6, 2004"
3797,John F. Kennedy International,New York,United States,JFK,KJFK,40.639751,-73.778925,13,-5,A,"New York, NY",7194,7217,7244,7254,8.395607450653296,22.05902729666067,1383.0,148.0,"Fri, Apr 16, 2004","Sun, Apr  4, 2004"
3492,Juneau International,Juneau,United States,JNU,PAJN,58.354972,-134.576278,21,-9,A,"Juneau, AK",306,306,312,311,3.911764705882353,10.104575163398685,7.0,36.0,"Wed, Apr 28, 2004","Fri, Apr 23, 2004"
3514,Kona International At Keahole,Kona,United States,KOA,PHKO,19.738767,-156.045631,47,-10,N,"Kona, HI",537,535,537,537,3.7299813780260704,7.291588785046723,12.0,32.0,"Mon, Apr 12, 2004","Wed, Apr 14, 2004"
3808,Ketchikan International,Ketchikan,United States,KTN,PAKT,55.355556,-131.71375,88,-9,A,"Ketchikan, AK",179,179,180,180,4.156424581005584,8.229050279329615,8.0,24.0,"Sat, Apr  3, 2004","Fri, Apr 23, 2004"
3544,Capital City,Lansing,United States,LAN,KLAN,42.7787,-84.587357,861,-5,A,"Lansing, MI",439,437,444,444,3.3097949886104794,9.427917620137308,9.0,72.0,"Sun, Apr 18, 2004","Thu, Apr  8, 2004"
3877,McCarran International,Las Vegas,United States,LAS,KLAS,36.080056,-115.15225,2141,-8,A,"Las Vegas, NV",12806,12807,12880,12882,5.644932063095403,16.186382447099167,60.0,94.0,"Thu, Apr  1, 2004","Thu, Apr  8, 2004"
4256,Lawton-Fort Sill Regional Airport,Lawton,United States,LAW,KLAW,34.5677144,-98.4166367,1110,-6,A,"Lawton/Fort Sill, OK",178,175,179,178,4.707865168539326,9.462857142857136,26.0,27.0,"Sun, Apr 18, 2004","Fri, Apr 30, 2004"
3484,Los Angeles International,Los Angeles,United States,LAX,KLAX,33.942536,-118.408075,126,-8,A,"Los Angeles, CA",18821,18841,18954,18950,7.586525689389497,14.55888753250889,105.0,139.0,"Fri, Apr 16, 2004","Wed, Apr 28, 2004"
3829,Lubbock Preston Smith International,Lubbock,United States,LBB,KLBB,33.663639,-101.822778,3282,-6,A,"Lubbock, TX",775,776,778,778,3.223225806451612,8.440721649484539,13.0,58.0,"Thu, Apr  8, 2004","Thu, Apr 22, 2004"
3513,Lake Charles Regional,Lake Charles,United States,LCH,KLCH,30.126112,-93.223335,15,-6,A,"Lake Charles, LA",134,133,135,135,4.776119402985074,11.466165413533835,11.0,59.0,"Fri, Apr  2, 2004","Sat, Apr 24, 2004"
4017,Blue Grass,Lexington KY,United States,LEX,KLEX,38.0365,-84.605889,979,-5,A,"Lexington, KY",825,824,834,834,4.075151515151517,11.736650485436886,16.0,585.0,"Fri, Apr 16, 2004","Wed, Apr 14, 2004"
3493,Lafayette Regional,Lafayette,United States,LFT,KLFT,30.205278,-91.987611,43,-6,A,"Lafayette, LA",309,308,311,311,4.39805825242719,11.834415584415586,11.0,72.0,"Sun, Apr 25, 2004","Sun, Apr 18, 2004"
3697,LaGuardia Airport,New York,United States,LGA,KLGA,40.777245,-73.872608,22,-5,A,"New York, NY",10499,10501,10696,10685,7.545766263453665,22.212075040472314,65.0,300.0,"Wed, Apr  7, 2004","Thu, Apr 15, 2004"
3582,Long Beach,Long Beach,United States,LGB,KLGB,33.817722,-118.151611,60,-8,A,"Long Beach, CA",916,918,920,920,5.079694323144103,12.542483660130728,40.0,39.0,"Tue, Apr 13, 2004","Fri, Apr 23, 2004"
3602,Lihue,Lihue,United States,LIH,PHLI,21.975983,-159.338958,153,-10,N,"Lihue, HI",610,610,612,612,4.98032786885246,4.706557377049183,10.0,26.0,"Sat, Apr 17, 2004","Thu, Apr 29, 2004"
3660,Adams Field,Little Rock,United States,LIT,KLIT,34.729444,-92.224306,262,-6,A,"Little Rock, AR",1450,1447,1460,1460,6.666206896551721,11.090532135452635,1376.0,69.0,"Tue, Apr 13, 2004","Thu, Apr  8, 2004"
3543,Lincoln,Lincoln,United States,LNK,KLNK,40.850971,-96.75925,1219,-6,A,"Lincoln, NE",177,177,180,180,3.610169491525424,11.03389830508474,32.0,100.0,"Wed, Apr 28, 2004","Wed, Apr 21, 2004"
3851,Lanai,Lanai,United States,LNY,PHNY,20.785611,-156.951419,1308,-10,N,"Lanai, HI",30,29,30,30,3.7,4.689655172413793,6.0,16.0,"Tue, Apr  6, 2004","Wed, Apr 14, 2004"
3691,Laredo International,Laredo,United States,LRD,KLRD,27.54375,-99.461556,508,-6,A,"Laredo, TX",172,172,172,172,3.406976744186046,10.238372093023255,9.0,32.0,"Mon, Apr 19, 2004","Tue, Apr  6, 2004"
4044,LaCrosse Municipal,LaCrosse,United States,LSE,KLSE,43.878986,-91.256711,654,-6,A,"La Crosse, WI",163,162,168,167,3.5705521472392636,11.765432098765428,9.0,95.0,"Mon, Apr 26, 2004","Sun, Apr 25, 2004"
5753,Lynchburg Regional-Preston Glenn Field,Lynchburg,United States,LYH,KLYH,37.3267,-79.2004,938,-5,A,"Lynchburg, VA",90,89,90,90,3.933333333333333,8.224719101123595,10.0,20.0,"Mon, Apr 12, 2004","Fri, Apr  9, 2004"
3652,Midland International,Midland,United States,MAF,KMAF,31.942528,-102.201914,2871,-6,A,"Midland/Odessa, TX",665,665,669,669,2.989473684210527,8.64360902255638,15.0,44.0,"Sat, Apr 17, 2004","Sun, Apr 11, 2004"
4128,MBS International,Saginaw,United States,MBS,KMBS,43.532913,-84.079647,668,-5,A,"Saginaw/Bay City/Midland, MI",310,309,317,318,4.016129032258065,11.352750809061487,16.0,63.0,"Fri, Apr  2, 2004","Tue, Apr 20, 2004"
3458,Kansas City International,Kansas City,United States,MCI,KMCI,39.297606,-94.713905,1026,-6,A,"Kansas City, MO",4771,4771,4807,4809,4.462586459861666,10.824145881366588,37.0,122.0,"Fri, Apr 30, 2004","Tue, Apr  6, 2004"
3754,Middle Georgia Regional,Macon,United States,MCN,KMCN,32.69285,-83.649211,354,-5,A,"Macon, GA",144,145,146,146,3.5,9.213793103448277,9.0,42.0,"Tue, Apr 13, 2004","Wed, Apr  7, 2004"
3878,Orlando International,Orlando,United States,MCO,KMCO,28.429394,-81.308994,96,-5,A,"Orlando, FL",8936,8938,8953,8955,6.7041181736794995,16.18605952114569,1434.0,1360.0,"Sat, Apr 17, 2004","Fri, Apr 23, 2004"
3542,Harrisburg International,Harrisburg,United States,MDT,KMDT,40.193494,-76.763403,310,-5,A,"Harrisburg, PA",979,977,986,986,4.896833503575077,15.046059365404298,757.0,1265.0,"Fri, Apr  9, 2004","Mon, Apr 12, 2004"
3747,Chicago Midway International,Chicago,United States,MDW,KMDW,41.785972,-87.752417,620,-6,A,"Chicago, IL",7551,7560,7588,7588,5.3810091378625335,14.450529100529113,50.0,134.0,"Wed, Apr 28, 2004","Tue, Apr 13, 2004"
4335,Key Field,Meridian,United States,MEI,KMEI,32.332624,-88.751868,297,-6,A,"Meridian, MS",89,89,90,90,4.370786516853933,12.707865168539323,9.0,63.0,"Mon, Apr  5, 2004","Thu, Apr 29, 2004"
3473,Memphis International,Memphis,United States,MEM,KMEM,35.042417,-89.976667,341,-6,A,"Memphis, TN",3858,3857,3889,3892,5.414463452566109,15.110189266269122,63.0,863.0,"Thu, Apr  8, 2004","Mon, Apr 26, 2004"
3826,McAllen Miller International,Mcallen,United States,MFE,KMFE,26.175833,-98.238611,107,-6,A,"Mission/McAllen/Edinburg, TX",266,264,266,265,4.274436090225564,9.818181818181822,91.0,60.0,"Sat, Apr 24, 2004","Sun, Apr  4, 2004"
4101,Rogue Valley International Medford,Medford,United States,MFR,KMFR,42.374228,-122.8735,1335,-8,A,"Medford, OR",400,399,409,409,3.0199999999999987,7.551378446115288,7.0,38.0,"Fri, Apr  9, 2004","Mon, Apr 19, 2004"
4115,Montgomery Regional Airport ,MONTGOMERY,United States,MGM,KMGM,32.3006389,-86.3939722,221,-6,A,"Montgomery, AL",276,299,278,301,2.9855072463768115,8.250836120401338,8.0,44.0,"Sun, Apr 18, 2004","Wed, Apr  7, 2004"
4011,Manchester Regional Airport,Manchester NH,United States,MHT,KMHT,42.932556,-71.435667,266,-5,A,"Manchester, NH",1771,1772,1782,1782,5.24392998306042,13.273702031602705,1204.0,116.0,"Fri, Apr 30, 2004","Thu, Apr  8, 2004"
3576,Miami International,Miami,United States,MIA,KMIA,25.79325,-80.290556,8,-5,A,"Miami, FL",5507,5524,5534,5535,7.476302887234433,19.01176683562638,130.0,165.0,"Mon, Apr  5, 2004","Thu, Apr  1, 2004"
3717,General Mitchell International,Milwaukee,United States,MKE,KMKE,42.947222,-87.896583,723,-6,A,"Milwaukee, WI",1824,1822,1848,1849,5.575657894736843,13.564215148188808,1433.0,127.0,"Sat, Apr 17, 2004","Sat, Apr  3, 2004"
3705,Molokai,Molokai,United States,MKK,PHMK,21.152886,-157.096256,454,-10,N,"Hoolehua, HI",27,29,30,30,912.1111111111111,3.3793103448275863,1437.0,6.0,"Thu, Apr 29, 2004","Sat, Apr 17, 2004"
3671,Melbourne International,Melbourne,United States,MLB,KMLB,28.102753,-80.645258,33,-5,A,"Melbourne, FL",220,220,220,221,4.7272727272727275,12.031818181818181,23.0,55.0,"Thu, Apr  1, 2004","Tue, Apr 13, 2004"
4072,Quad City International,Moline,United States,MLI,KMLI,41.448528,-90.507539,590,-6,A,"Moline, IL",269,271,276,277,3.87360594795539,10.955719557195568,12.0,70.0,"Fri, Apr 16, 2004","Thu, Apr 29, 2004"
3732,Monroe Regional,Monroe,United States,MLU,KMLU,32.510864,-92.037689,79,-6,A,"Monroe, LA",294,289,296,290,3.6054421768707496,7.373702422145329,9.0,28.0,"Tue, Apr 13, 2004","Wed, Apr 21, 2004"
3782,Mobile Regional,Mobile,United States,MOB,KMOB,30.691231,-88.242814,219,-6,A,"Mobile, AL",436,433,439,439,4.105504587155965,10.960739030023099,14.0,38.0,"Wed, Apr 14, 2004","Sun, Apr 25, 2004"
3816,Modesto City County Harry Sham,Modesto,United States,MOD,KMOD,37.625817,-120.954422,97,-8,A,"Modesto, CA",107,108,110,110,2.392523364485981,7.564814814814815,9.0,31.0,"Sat, Apr  3, 2004","Sat, Apr 17, 2004"
3498,Minot International,Minot,United States,MOT,KMOT,48.259378,-101.280333,1716,-6,A,"Minot, ND",89,89,90,90,5.011235955056178,8.674157303370778,9.0,26.0,"Sat, Apr  3, 2004","Wed, Apr 28, 2004"
6838,Sawyer International Airport,Marquette,United States,MQT,KMQT,46.353611,-87.395278,1221,-5,A,"Marquette, MI",55,54,56,56,5.090909090909091,10.24074074074074,15.0,51.0,"Mon, Apr 26, 2004","Sat, Apr  3, 2004"
3948,Monterey Peninsula,Monterey,United States,MRY,KMRY,36.587,-121.842944,257,-8,A,"Monterey, CA",609,609,610,611,3.279146141215106,9.167487684729075,12.0,45.0,"Thu, Apr  1, 2004","Wed, Apr 14, 2004"
3459,Dane County Regional-Truax Field,Madison,United States,MSN,KMSN,43.139858,-89.337514,887,-6,A,"Madison, WI",726,728,733,733,3.7589531680440778,12.626373626373619,14.0,95.0,"Fri, Apr 23, 2004","Sat, Apr  3, 2004"
4216,Missoula International,Missoula,United States,MSO,KMSO,46.916306,-114.090556,3205,-7,A,"Missoula, MT",300,301,301,301,4.436666666666666,9.106312292358805,10.0,28.0,"Sat, Apr 10, 2004","Thu, Apr 29, 2004"
3858,Minneapolis St. Paul International,Minneapolis,United States,MSP,KMSP,44.881956,-93.221767,841,-6,A,"Minneapolis, MN",11933,11964,12103,12096,7.048939914522751,16.704781009695743,1430.0,1015.0,"Fri, Apr 16, 2004","Thu, Apr  1, 2004"
3861,Louis Armstrong New Orleans International,New Orleans,United States,MSY,KMSY,29.993389,-90.258028,4,-6,A,"New Orleans, LA",4404,4415,4432,4432,4.2218437783832945,10.712117780294443,977.0,172.0,"Mon, Apr  5, 2004","Tue, Apr 13, 2004"
6880,Montrose Regional Airport,Montrose CO,United States,MTJ,KMTJ,38.509794,-107.894242,5759,-7,A,"Montrose/Delta, CO",164,167,167,167,3.134146341463416,8.898203592814369,6.0,26.0,"Sat, Apr  3, 2004","Fri, Apr 23, 2004"
3515,Myrtle Beach International,Myrtle Beach,United States,MYR,KMYR,33.67975,-78.928333,25,-5,A,"Myrtle Beach, SC",643,638,646,642,21.835147744945573,9.521943573667711,1400.0,80.0,"Fri, Apr  9, 2004","Thu, Apr  1, 2004"
3453,Metropolitan Oakland International,Oakland,United States,OAK,KOAK,37.721278,-122.220722,9,-8,A,"Oakland, CA",5644,5640,5668,5669,4.823883770375623,10.275886524822692,50.0,71.0,"Sat, Apr 10, 2004","Thu, Apr  8, 2004"
3456,Kahului,Kahului,United States,OGG,PHOG,20.89865,-156.430458,54,-10,N,"Kahului, HI",1106,1111,1110,1112,4.990054249547918,9.126012601260127,41.0,43.0,"Thu, Apr  1, 2004","Tue, Apr 20, 2004"
3863,Will Rogers World,Oklahoma City,United States,OKC,KOKC,35.393089,-97.600733,1295,-6,A,"Oklahoma City, OK",1891,1892,1913,1915,4.6996298254891515,10.461945031712453,1364.0,121.0,"Sat, Apr 17, 2004","Wed, Apr 28, 2004"
3454,Eppley Airfield,Omaha,United States,OMA,KOMA,41.303167,-95.894069,984,-6,A,"Omaha, NE",1719,1717,1724,1724,5.140779522978471,11.192778101339561,1408.0,127.0,"Wed, Apr 28, 2004","Fri, Apr 30, 2004"
3615,Nome,Nome,United States,OME,PAOM,64.512203,-165.445247,37,-9,A,"Nome, AK",76,75,79,79,2.6578947368421053,5.066666666666667,5.0,16.0,"Mon, Apr  5, 2004","Tue, Apr 27, 2004"
3734,Ontario International,Ontario,United States,ONT,KONT,34.056,-117.601194,944,-8,A,"Ontario, CA",2982,2985,2990,2994,4.044265593561372,9.531993299832497,19.0,42.0,"Fri, Apr  2, 2004","Fri, Apr 30, 2004"
3830,Chicago O'Hare International,Chicago,United States,ORD,KORD,41.978603,-87.904842,668,-6,A,"Chicago, IL",31615,31690,32091,32085,8.521587853866864,19.526033449037534,1343.0,265.0,"Mon, Apr 19, 2004","Tue, Apr 13, 2004"
3611,Norfolk International,Norfolk,United States,ORF,KORF,36.894611,-76.201222,26,-5,A,"Norfolk, VA",1920,1915,1925,1925,3.7630208333333326,12.793211488250657,64.0,1434.0,"Sun, Apr  4, 2004","Tue, Apr 27, 2004"
3693,Ralph Wien Memorial,Kotzebue,United States,OTZ,PAOT,66.884678,-162.59855,11,-9,A,"Kotzebue, AK",74,74,76,76,3.0945945945945947,5.405405405405405,5.0,14.0,"Thu, Apr 15, 2004","Mon, Apr  5, 2004"
6961,Oxnard - Ventura County,Oxnard,United States,OXR,KOXR,34.200833,-119.207222,15,-8,A,"Oxnard/Ventura, CA",138,138,140,140,2.913043478260869,7.456521739130435,6.0,19.0,"Thu, Apr  8, 2004","Wed, Apr 21, 2004"
3722,Palm Beach International,West Palm Beach,United States,PBI,KPBI,26.683161,-80.095589,19,-5,A,"West Palm Beach/Palm Beach, FL",2562,2563,2565,2567,4.536690085870415,14.349200156067111,510.0,138.0,"Fri, Apr  2, 2004","Mon, Apr 12, 2004"
3720,Portland International,Portland,United States,PDX,KPDX,45.588722,-122.5975,30,-8,A,"Portland, OR",4563,4563,4612,4612,3.69143107604646,10.146394915625693,16.0,120.0,"Sun, Apr  4, 2004","Thu, Apr  8, 2004"
4073,Panama City Bay County International,Panama City,United States,PFN,KPFN,30.212083,-85.682806,20,-6,A,"Panama City, FL",272,269,273,272,2.8124999999999996,6.193308550185876,12.0,98.0,"Sun, Apr 11, 2004","Sun, Apr 18, 2004"
3633,Newport News Williamsburg International,Newport News,United States,PHF,KPHF,37.131894,-76.492989,43,-5,A,"Newport News/Williamsburg, VA",419,420,420,420,4.880668257756559,10.13095238095239,50.0,62.0,"Fri, Apr  9, 2004","Thu, Apr  1, 2004"
3752,Philadelphia International,Philadelphia,United States,PHL,KPHL,39.871944,-75.241139,36,-5,A,"Philadelphia, PA",8972,8970,9049,9046,6.995541685242979,22.429208472686724,54.0,151.0,"Fri, Apr  2, 2004","Fri, Apr 23, 2004"
3462,Phoenix Sky Harbor International,Phoenix,United States,PHX,KPHX,33.434278,-112.011583,1135,-7,N,"Phoenix, AZ",13947,14001,14118,14119,5.888649888864972,14.589600742804082,57.0,108.0,"Sat, Apr  3, 2004","Wed, Apr 28, 2004"
4046,Peoria Regional,Peoria,United States,PIA,KPIA,40.664203,-89.693258,660,-6,A,"Peoria, IL",318,315,323,323,3.6132075471698113,13.10476190476191,11.0,70.0,"Mon, Apr  5, 2004","Fri, Apr 30, 2004"
3617,St. Petersburg Clearwater International,St. Petersburg,United States,PIE,KPIE,27.910167,-82.687389,10,-5,A,"St. Petersburg, FL",195,196,195,196,4.615384615384614,13.005102040816327,11.0,51.0,"Fri, Apr 23, 2004","Thu, Apr  8, 2004"
5760,Pocatello Regional Airport,Pocatello,United States,PIH,KPIH,42.9098,-112.596,4452,-7,A,"Pocatello, ID",150,150,150,150,2.953333333333333,7.653333333333333,11.0,54.0,"Sat, Apr  3, 2004","Thu, Apr 22, 2004"
3570,Pittsburgh International,Pittsburgh (pennsylva),United States,PIT,KPIT,40.491467,-80.232872,1204,-5,A,"Pittsburgh, PA",5222,5220,5265,5264,6.01800076599004,14.782950191570873,73.0,127.0,"Sat, Apr 17, 2004","Wed, Apr 28, 2004"
3564,Pensacola Regional,Pensacola,United States,PNS,KPNS,30.473425,-87.186611,121,-6,A,"Pensacola, FL",571,572,573,574,4.208406304728548,10.96678321678322,15.0,59.0,"Sun, Apr  4, 2004","Wed, Apr 14, 2004"
6133,Tri Cities Airport,Pasco,United States,PSC,PSC,46.2647,-119.119,410,-8,A,"Pasco/Kennewick/Richland, WA",355,353,357,356,3.9577464788732386,8.01699716713881,10.0,28.0,"Mon, Apr 12, 2004","Fri, Apr 23, 2004"
4147,Petersburg James A. Johnson,Petersburg,United States,PSG,PAPG,56.801667,-132.945278,105,-9,A,"Petersburg, AK",60,59,60,60,2.75,5.593220338983049,6.0,14.0,"Tue, Apr 20, 2004","Thu, Apr 29, 2004"
3839,Palm Springs International,Palm Springs,United States,PSP,KPSP,33.829667,-116.506694,477,-8,A,"Palm Springs, CA",1203,1207,1209,1213,5.4929343308395735,10.374482187241092,1432.0,69.0,"Thu, Apr  8, 2004","Wed, Apr 28, 2004"
3641,Theodore Francis Green State,Providence,United States,PVD,KPVD,41.732581,-71.420383,55,-5,A,"Providence, RI",2193,2196,2202,2202,4.758777929776564,12.102459016393437,1305.0,100.0,"Tue, Apr 13, 2004","Thu, Apr  1, 2004"
3862,Portland International Jetport,Portland,United States,PWM,KPWM,43.646161,-70.309281,77,-5,A,"Portland, ME",797,795,806,805,5.607277289836889,13.583647798742144,1418.0,822.0,"Thu, Apr  1, 2004","Thu, Apr  1, 2004"
4087,Rapid City Regional Airport,Rapid City,United States,RAP,KRAP,44.045278,-103.057222,3204,-7,A,"Rapid City, SD",348,349,354,354,3.793103448275862,8.825214899713457,10.0,57.0,"Thu, Apr  8, 2004","Sat, Apr 17, 2004"
4098,Redding Municipal,Redding,United States,RDD,KRDD,40.509,-122.293389,504,-8,A,"Redding, CA",176,174,176,176,3.1818181818181817,7.942528735632183,7.0,27.0,"Tue, Apr 13, 2004","Thu, Apr  8, 2004"
4103,Roberts Field,Redmond-Bend,United States,RDM,KRDM,44.254066,-121.149964,3077,-8,A,"Bend/Redmond, OR",199,197,202,202,3.175879396984925,7.994923857868021,22.0,48.0,"Tue, Apr 27, 2004","Sun, Apr  4, 2004"
3626,Raleigh Durham International,Raleigh-durham,United States,RDU,KRDU,35.877639,-78.787472,435,-5,A,"Raleigh/Durham, NC",4647,4648,4702,4701,4.772541424574994,13.137478485370028,50.0,109.0,"Sat, Apr  3, 2004","Tue, Apr 13, 2004"
3608,Richmond International,Richmond,United States,RIC,KRIC,37.505167,-77.319667,167,-5,A,"Richmond, VA",1488,1488,1498,1497,5.967741935483875,14.475806451612904,1147.0,1439.0,"Mon, Apr 19, 2004","Sun, Apr 18, 2004"
3807,Reno Tahoe International,Reno,United States,RNO,KRNO,39.499108,-119.768108,4415,-8,A,"Reno, NV",2467,2467,2475,2476,4.090798540737747,9.809079854073765,21.0,153.0,"Thu, Apr 22, 2004","Wed, Apr 28, 2004"
4016,Roanoke Regional,Roanoke VA,United States,ROA,KROA,37.325472,-79.975417,1175,-5,A,"Roanoke, VA",463,444,467,453,4.311015118790494,9.430180180180177,96.0,85.0,"Sun, Apr 25, 2004","Wed, Apr 21, 2004"
3622,Greater Rochester International,Rochester,United States,ROC,KROC,43.118866,-77.672389,559,-5,A,"Rochester, NY",1550,1542,1554,1554,6.370322580645157,16.979247730220486,1114.0,1279.0,"Wed, Apr 21, 2004","Mon, Apr 12, 2004"
4048,Rochester,Rochester,United States,RST,KRST,43.908283,-92.500014,1317,-6,A,"Rochester, MN",187,187,197,197,3.5347593582887695,12.614973262032082,8.0,64.0,"Mon, Apr  5, 2004","Tue, Apr 27, 2004"
3793,Southwest Florida International,Fort Myers,United States,RSW,KRSW,26.536167,-81.755167,30,-5,A,"Fort Myers, FL",2159,2161,2159,2162,4.58221398795738,14.726515502082366,44.0,103.0,"Thu, Apr  1, 2004","Sun, Apr 11, 2004"
3731,San Diego International,San Diego,United States,SAN,KSAN,32.733556,-117.189667,17,-8,A,"San Diego, CA",6889,6899,6957,6962,3.6359413557845843,12.890998695463086,46.0,96.0,"Fri, Apr  2, 2004","Mon, Apr 19, 2004"
3621,San Antonio International,San Antonio,United States,SAT,KSAT,29.533694,-98.469778,809,-6,A,"San Antonio, TX",3237,3241,3264,3265,3.5838739573679326,10.645788336933053,38.0,96.0,"Sun, Apr  4, 2004","Tue, Apr  6, 2004"
3613,Savannah Hilton Head International,Savannah,United States,SAV,KSAV,32.127583,-81.202139,51,-5,A,"Savannah, GA",1003,1001,1007,1006,11.45862412761715,15.125874125874127,1426.0,739.0,"Sat, Apr 17, 2004","Thu, Apr  1, 2004"
3949,Santa Barbara Municipal,Santa Barbara,United States,SBA,KSBA,34.426211,-119.840372,10,-8,A,"Santa Barbara, CA",868,865,876,876,8.244239631336402,8.573410404624283,1255.0,52.0,"Sat, Apr 24, 2004","Mon, Apr 12, 2004"
4359,South Bend Regional,South Bend,United States,SBN,KSBN,41.708661,-86.31725,799,-5,A,"South Bend, IN",440,439,448,448,8.834090909090913,10.136674259681088,1335.0,57.0,"Thu, Apr 29, 2004","Sun, Apr 18, 2004"
5768,San Luis County Regional Airport,San Luis Obispo,United States,SBP,KSBP,35.2368,-120.642,212,-8,A,"San Luis Obispo, CA",498,496,503,502,3.0602409638554215,9.82862903225806,13.0,43.0,"Thu, Apr 15, 2004","Mon, Apr 19, 2004"
3620,Deadhorse,Deadhorse,United States,SCC,PASC,70.19475,-148.465167,64,-9,A,"Deadhorse, AK",29,29,30,30,2.8275862068965516,5.551724137931035,5.0,34.0,"Sat, Apr  3, 2004","Thu, Apr 29, 2004"
4318,University Park Airport,State College Pennsylvania,United States,SCE,KUNV,40.849278,-77.848694,1239,-5,A,"State College, PA",207,206,208,208,3.2850241545893724,7.733009708737864,8.0,22.0,"Fri, Apr  2, 2004","Thu, Apr  8, 2004"
4014,Louisville International Airport,Louisville,United States,SDF,KSDF,38.1740858,-85.7364989,501,-5,A,"Louisville, KY",1862,1861,1867,1867,5.386680988184753,12.068780225685117,1185.0,94.0,"Fri, Apr 16, 2004","Wed, Apr 28, 2004"
3577,Seattle Tacoma International,Seattle,United States,SEA,KSEA,47.449,-122.309306,433,-8,A,"Seattle, WA",8589,8609,8653,8656,5.7672604494120385,12.916134278081095,44.0,330.0,"Fri, Apr  2, 2004","Wed, Apr 28, 2004"
3469,San Francisco International,San Francisco,United States,SFO,KSFO,37.618972,-122.374889,13,-8,A,"San Francisco, CA",10679,10696,10757,10752,5.4141773574304715,15.66473448017949,42.0,88.0,"Sat, Apr  3, 2004","Thu, Apr  8, 2004"
4348,Springfield Branson National,Springfield,United States,SGF,KSGF,37.245667,-93.388639,1268,-6,A,"Springfield, MO",434,433,436,435,3.211981566820276,10.628175519630492,13.0,156.0,"Fri, Apr 23, 2004","Sat, Apr  3, 2004"
4064,St. George Municipal,Saint George,United States,SGU,KSGU,37.090583,-113.593056,2941,-7,A,"St. George, UT",238,240,240,240,3.2184873949579833,7.6375,22.0,25.0,"Sat, Apr 10, 2004","Mon, Apr 19, 2004"
3609,Shreveport Regional,Shreveport,United States,SHV,KSHV,32.446629,-93.8256,258,-6,A,"Shreveport, LA",740,738,749,749,15.758108108108127,9.188346883468828,1322.0,74.0,"Fri, Apr 23, 2004","Sat, Apr 24, 2004"
3856,Sitka Rocky Gutierrez,Sitka,United States,SIT,PASI,57.047138,-135.361611,21,-9,A,"Sitka, AK",96,95,96,96,4.416666666666666,8.768421052631581,7.0,19.0,"Fri, Apr  2, 2004","Wed, Apr 28, 2004"
3748,Norman Y. Mineta San Jose International,San Jose,United States,SJC,KSJC,37.3626,-121.929022,62,-8,A,"San Jose, CA",5168,5179,5200,5202,3.8889318885448887,11.96350646843021,26.0,150.0,"Mon, Apr  5, 2004","Wed, Apr 28, 2004"
3708,San Angelo Regional-Mathis Field,San Angelo,United States,SJT,KSJT,31.35775,-100.496306,1919,-6,A,"San Angelo, TX",224,222,224,224,3.9508928571428585,8.545045045045041,17.0,31.0,"Sat, Apr 10, 2004","Sun, Apr  4, 2004"
3536,Salt Lake City International,Salt Lake City,United States,SLC,KSLC,40.788389,-111.977772,4227,-7,A,"Salt Lake City, UT",10989,11005,11072,11062,5.84948584948585,15.933030440708759,1387.0,1403.0,"Wed, Apr  7, 2004","Mon, Apr  5, 2004"
3817,Sacramento International,Sacramento,United States,SMF,KSMF,38.695417,-121.590778,27,-8,A,"Sacramento, CA",3855,3857,3869,3871,4.226718547341104,9.800881514130168,28.0,95.0,"Mon, Apr  5, 2004","Mon, Apr 19, 2004"
5772,Santa Maria Public-Captain G. Allan Hancock Airport,Santa Maria,United States,SMX,KSMX,34.8989,-120.457,261,-8,A,"Santa Maria, CA",177,177,177,177,3.1920903954802258,6.853107344632768,11.0,23.0,"Wed, Apr 14, 2004","Fri, Apr  2, 2004"
3867,John Wayne Airport Orange County,Santa Ana,United States,SNA,KSNA,33.675667,-117.868222,56,-8,A,"Santa Ana, CA",3898,3865,3925,3891,6.400718317085683,13.671410090556286,39.0,132.0,"Thu, Apr  1, 2004","Wed, Apr 28, 2004"
3680,Sheppard AFB Wichita Falls Municipal,Wichita Falls,United States,SPS,KSPS,33.988797,-98.491894,1019,-6,A,"Wichita Falls, TX",184,183,188,188,6.619565217391303,11.087431693989068,17.0,29.0,"Thu, Apr 22, 2004","Fri, Apr 23, 2004"
4067,Sarasota Bradenton International,Sarasota,United States,SRQ,KSRQ,27.395444,-82.554389,30,-5,A,"Sarasota/Bradenton, FL",648,651,654,656,10.04938271604938,12.731182795698912,1386.0,375.0,"Thu, Apr 29, 2004","Mon, Apr 12, 2004"
3678,Lambert St. Louis International,St. Louis,United States,STL,KSTL,38.748697,-90.370028,618,-6,A,"St. Louis, MO",5002,5004,5042,5042,4.711715313874456,11.85091926458835,1385.0,185.0,"Fri, Apr 23, 2004","Tue, Apr  6, 2004"
6494,Friedman Memorial,Hailey,United States,SUN,KSUN,43.504444,-114.296194,5320,-7,A,"Sun Valley/Hailey/Ketchum, ID",216,222,230,238,2.5648148148148158,7.315315315315315,5.0,48.0,"Sat, Apr 10, 2004","Thu, Apr 22, 2004"
3661,Stewart International,Newburgh,United States,SWF,KSWF,41.504094,-74.104839,491,-5,A,"Newburgh/Poughkeepsie, NY",205,204,207,206,4.229268292682926,16.210784313725494,24.0,113.0,"Sat, Apr 24, 2004","Tue, Apr 20, 2004"
3745,Syracuse Hancock International,Syracuse,United States,SYR,KSYR,43.111187,-76.106311,421,-5,A,"Syracuse, NY",1206,1206,1214,1216,5.508291873963514,13.88142620232173,1296.0,81.0,"Fri, Apr  2, 2004","Thu, Apr  1, 2004"
3698,Tallahassee Regional,Tallahassee,United States,TLH,KTLH,30.396528,-84.350333,81,-5,A,"Tallahassee, FL",395,396,395,396,7.402531645569619,10.449494949494936,1338.0,41.0,"Wed, Apr 14, 2004","Fri, Apr  2, 2004"
4040,Toledo,Toledo,United States,TOL,KTOL,41.586806,-83.807833,684,-5,A,"Toledo, OH",440,439,446,446,4.629545454545457,11.309794988610467,760.0,94.0,"Wed, Apr  7, 2004","Thu, Apr 29, 2004"
3646,Tampa International,Tampa,United States,TPA,KTPA,27.975472,-82.53325,26,-5,A,"Tampa, FL",5858,5853,5865,5860,4.3101741208603395,12.753288911669237,36.0,156.0,"Sun, Apr 11, 2004","Sat, Apr 24, 2004"
4116,Tri-Cities Regional Airport,BRISTOL,United States,TRI,KTRI,36.4752222,-82.4074167,1519,-5,A,"Bristol/Johnson City/Kingsport, TN",326,327,330,330,3.450920245398773,7.051987767584101,10.0,32.0,"Wed, Apr  7, 2004","Fri, Apr  2, 2004"
3855,Tulsa International,Tulsa,United States,TUL,KTUL,36.198389,-95.888111,677,-6,A,"Tulsa, OK",1785,1788,1813,1813,4.550700280112051,10.969239373601777,1329.0,91.0,"Wed, Apr  7, 2004","Mon, Apr 26, 2004"
3636,Tucson International,Tucson,United States,TUS,KTUS,32.116083,-110.941028,2643,-7,N,"Tucson, AZ",1517,1519,1522,1524,4.134475939353987,10.684660961158654,27.0,76.0,"Wed, Apr 28, 2004","Wed, Apr 28, 2004"
4023,Cherry Capital Airport,Traverse City,United States,TVC,KTVC,44.741445,-85.582235,624,-5,A,"Traverse City, MI",231,233,236,236,2.874458874458875,10.446351931330469,7.0,64.0,"Fri, Apr 16, 2004","Sat, Apr  3, 2004"
4263,Magic Valley Regional Airport,Twin Falls,United States,TWF,KTWF,42.481803,-114.487733,4151,-7,A,"Twin Falls, ID",151,153,154,154,3.026490066225166,6.699346405228758,18.0,19.0,"Wed, Apr 14, 2004","Mon, Apr 26, 2004"
3770,Texarkana Regional-Webb Field,Texarkana,United States,TXK,KTXK,33.453722,-93.991028,390,-6,A,"Texarkana, AR",171,171,172,172,3.7777777777777777,7.976608187134506,17.0,26.0,"Tue, Apr 13, 2004","Mon, Apr 26, 2004"
3848,Tyler Pounds Regional,Tyler,United States,TYR,KTYR,32.354139,-95.402386,544,-6,A,"Tyler, TX",279,279,280,280,4.974910394265234,8.956989247311824,14.0,44.0,"Fri, Apr 23, 2004","Sat, Apr 24, 2004"
3676,McGhee Tyson,Knoxville,United States,TYS,KTYS,35.810972,-83.994028,981,-5,A,"Knoxville, TN",1099,1074,1111,1090,4.867151956323928,12.689944134078203,1410.0,86.0,"Thu, Apr  1, 2004","Thu, Apr  8, 2004"
5775,Victoria Regional Airport,Victoria,United States,VCT,KVCT,28.8526,-96.9185,115,-6,A,"Victoria, TX",77,77,82,86,3.6493506493506493,8.90909090909091,7.0,35.0,"Wed, Apr  7, 2004","Tue, Apr 27, 2004"
7121,Visalia Municipal Airport,Visalia,United States,VIS,KVIS,36.318611,-119.392778,295,-8,A,"Visalia, CA",50,50,52,52,2.259999999999999,6.840000000000001,4.0,14.0,"Fri, Apr  2, 2004","Tue, Apr 27, 2004"
5776,Valdosta Regional Airport,Valdosta,United States,VLD,KVLD,30.7825,-83.2767,203,-5,A,"Valdosta, GA",120,120,120,120,3.5166666666666666,5.7333333333333325,9.0,16.0,"Sat, Apr 10, 2004","Sun, Apr  4, 2004"
3873,Eglin AFB,Valparaiso,United States,VPS,KVPS,30.48325,-86.5254,87,-6,A,"Valparaiso, FL",553,554,556,556,8.273056057866178,16.445848375451263,102.0,98.0,"Thu, Apr 29, 2004","Tue, Apr 20, 2004"
5969,Wrangell Airport,Wrangell,United States,WRG,PAWG,56.4843,-132.37,44,-9,A,"Wrangell, AK",60,60,60,60,3.0999999999999996,5.55,7.0,19.0,"Tue, Apr 20, 2004","Sat, Apr 17, 2004"
4356,NW Arkansas Regional,Bentonville,United States,XNA,KXNA,36.2818694,-94.3068111,1287,-6,A,"Fayetteville, AR",1059,1058,1081,1080,4.896128423040606,10.955576559546312,583.0,144.0,"Mon, Apr 19, 2004","Sat, Apr 24, 2004"
6803,Yakutat,Yakutat,United States,YAK,PAYA,59.3012,-139.3937,33,-9,A,"Yakutat, AK",56,59,60,60,2.660714285714285,4.40677966101695,5.0,12.0,"Fri, Apr  2, 2004","Tue, Apr 20, 2004"
3596,Yuma MCAS Yuma International,Yuma,United States,YUM,KYUM,32.656578,-114.60598,216,-7,N,"Yuma, AZ",117,117,117,117,3.3162393162393164,8.863247863247862,9.0,22.0,"Fri, Apr  2, 2004","Sat, Apr 24, 2004"
2883,Cyril E. King,St. Thomas,Virgin Islands,STT,TIST,18.337306,-64.973361,23,-4,U,"Charlotte Amalie, VI",330,332,333,333,4.66060606060606,12.512048192771084,15.0,34.0,"Tue, Apr 20, 2004","Mon, Apr  5, 2004"
2884,Henry E. Rohlsen,St. Croix Island,Virgin Islands,STX,TISX,17.701889,-64.798556,74,-4,U,"Christiansted, VI",34,34,34,34,3.676470588235294,12.558823529411764,7.0,26.0,"Thu, Apr  8, 2004","Fri, Apr 16, 2004"
2885,Rafael Hernndez,Aguadilla,Puerto Rico,BQN,TJBQ,18.494861,-67.129444,237,-4,U,"Aguadilla, PR",30,30,30,30,4.866666666666666,14.6,7.0,26.0,"Wed, Apr 21, 2004","Tue, Apr 13, 2004"
2890,Luis Muoz Marn International,San Juan,Puerto Rico,SJU,TJSJ,18.439417,-66.001833,9,-4,U,"San Juan, PR",2314,2313,2325,2325,5.479256698357815,15.312148724600087,41.0,67.0,"Sat, Apr 17, 2004","Wed, Apr  7, 2004"
