airport_id,name,city,country,iata_faa,iaco,latitude,longitude,altitude,zone,dst,city_state,avg_able_landings,avg_able_takeoffs,total_landings,total_takeoffs,avg_taxi_in,avg_taxi_out,longest_taxi_in,longest_taxi_out,lng_tx_in_date,lng_tx_out_date
4355,Lehigh Valley International,Allentown,United States,ABE,KABE,40.652083,-75.440806,393,-5,A,"Allentown/Bethlehem/Easton, PA",650,653,671,670,4.309230769230774,13.87595712098009,25.0,98.0,"Fri, Mar  5, 2004","Tue, Mar 16, 2004"
3718,Abilene Regional,Abilene,United States,ABI,KABI,32.411319,-99.681897,1791,-6,A,"Abilene, TX",262,261,266,267,3.99618320610687,8.452107279693486,12.0,57.0,"Tue, Mar 30, 2004","Sat, Mar 27, 2004"
4019,Albuquerque International Sunport,Albuquerque,United States,ABQ,KABQ,35.0402222,-106.6091944,5355,-7,A,"Albuquerque, NM",3126,3122,3138,3137,4.6122840690978775,9.98078155028829,57.0,62.0,"Thu, Mar 18, 2004","Fri, Mar  5, 2004"
5715,Southwest Georgia Regional Airport,Albany,United States,ABY,KABY,31.5355,-84.1945,197,-5,A,"Albany, GA",123,104,124,106,3.5121951219512204,10.682692307692305,8.0,66.0,"Mon, Mar 29, 2004","Mon, Mar 29, 2004"
3700,Waco Regional,Waco,United States,ACT,KACT,31.611289,-97.230519,516,-6,A,"Waco, TX",308,310,321,320,3.77922077922078,8.129032258064518,13.0,41.0,"Sun, Mar 21, 2004","Mon, Mar  1, 2004"
4384,Arcata,Arcata CA,United States,ACV,KACV,40.978111,-124.108611,221,-8,A,"Arcata/Eureka, CA",325,324,327,329,3.169230769230769,6.817901234567906,6.0,63.0,"Wed, Mar  3, 2004","Fri, Mar 26, 2004"
3524,Atlantic City International,Atlantic City,United States,ACY,KACY,39.457583,-74.577167,75,-5,A,"Atlantic City, NJ",93,92,93,93,3.1182795698924726,9.923913043478255,10.0,71.0,"Sun, Mar  7, 2004","Thu, Mar 11, 2004"
5959,Adak Airport,Adak Island,United States,ADK,PADK,51.878,-176.646,18,-10,A,"Adak Island, AK",8,8,8,8,4.5,5.125,7.0,6.0,"Sun, Mar  7, 2004","Thu, Mar 18, 2004"
3531,Kodiak,Kodiak,United States,ADQ,PADQ,57.749967,-152.493856,78,-9,A,"Kodiak, AK",52,52,61,61,2.7115384615384617,4.846153846153847,7.0,8.0,"Fri, Mar 12, 2004","Tue, Mar 30, 2004"
3852,Alexandria International,Alexandria,United States,AEX,KAEX,31.3274,-92.549833,89,-6,A,"Alexandria, LA",295,295,296,296,4.3864406779661005,9.864406779661016,12.0,62.0,"Wed, Mar 24, 2004","Tue, Mar  2, 2004"
3658,Augusta Regional At Bush Field,Bush Field,United States,AGS,KAGS,33.369944,-81.9645,144,-5,A,"Augusta, GA",367,366,371,370,3.6185286103542236,11.849726775956277,10.0,119.0,"Sun, Mar 21, 2004","Wed, Mar 31, 2004"
3794,King Salmon,King Salmon,United States,AKN,PAKN,58.676778,-156.649278,68,-9,A,"King Salmon, AK",20,21,21,21,3.25,5.095238095238095,5.0,12.0,"Thu, Mar  4, 2004","Thu, Mar 11, 2004"
3864,Albany International,Albany,United States,ALB,KALB,42.748267,-73.801692,285,-5,A,"Albany, NY",1475,1475,1490,1490,3.7735593220338988,14.610169491525417,26.0,149.0,"Tue, Mar 16, 2004","Mon, Mar  1, 2004"
3840,Rick Husband Amarillo International,Amarillo,United States,AMA,KAMA,35.219369,-101.705931,3607,-6,A,"Amarillo, TX",697,700,708,709,3.885222381635581,8.518571428571422,12.0,61.0,"Sun, Mar 14, 2004","Thu, Mar  4, 2004"
3774,Ted Stevens Anchorage International,Anchorage,United States,ANC,PANC,61.174361,-149.996361,152,-9,A,"Anchorage, AK",1422,1437,1465,1464,4.871308016877643,12.745998608211552,15.0,64.0,"Fri, Mar 26, 2004","Sat, Mar 27, 2004"
3682,Hartsfield Jackson Atlanta International,Atlanta,United States,ATL,KATL,33.636719,-84.428067,1026,-5,A,"Atlanta, GA",34519,34668,34810,34888,9.917929256351616,20.36673589477327,1411.0,592.0,"Sat, Mar 13, 2004","Tue, Mar 16, 2004"
4047,Appleton,Appleton,United States,ATW,KATW,44.257526,-88.507576,680,-6,A,"Appleton, WI",211,211,216,217,4.265402843601894,16.687203791469198,80.0,1326.0,"Wed, Mar 31, 2004","Mon, Mar  8, 2004"
3673,Austin Bergstrom International,Austin,United States,AUS,KAUS,30.194528,-97.669889,542,-6,A,"Austin, TX",3291,3287,3313,3313,4.571254937708905,11.068451475509628,30.0,149.0,"Sun, Mar 21, 2004","Mon, Mar  1, 2004"
4007,Asheville Regional Airport,Asheville,United States,AVL,KAVL,35.436194,-82.541806,2165,-5,A,"Asheville, NC",413,412,425,424,5.29297820823245,10.203883495145636,990.0,111.0,"Fri, Mar 26, 2004","Tue, Mar 16, 2004"
4286,Wilkes Barre Scranton International,Scranton,United States,AVP,KAVP,41.338478,-75.723403,962,-5,A,"Scranton/Wilkes-Barre, PA",268,269,275,275,3.526119402985075,13.118959107806692,11.0,68.0,"Sat, Mar 20, 2004","Thu, Mar 25, 2004"
4039,Kalamazoo,Kalamazoo,United States,AZO,KAZO,42.234875,-85.552058,874,-5,A,"Kalamazoo, MI",433,436,457,457,3.4041570438799087,13.30963302752294,9.0,113.0,"Sun, Mar  7, 2004","Mon, Mar  1, 2004"
3825,Bradley International,Windsor Locks,United States,BDL,KBDL,41.938889,-72.683222,173,-5,A,"Hartford, CT",2772,2767,2796,2796,5.145021645021633,15.304300686664265,28.0,163.0,"Sat, Mar  6, 2004","Tue, Mar 16, 2004"
3599,Bethel,Bethel,United States,BET,PABE,60.779778,-161.838,121,-9,A,"Bethel, AK",91,90,98,98,2.8351648351648353,5.955555555555556,5.0,17.0,"Tue, Mar  2, 2004","Wed, Mar 10, 2004"
3558,Meadows Field,Bakersfield,United States,BFL,KBFL,35.433598,-119.05677,507,-8,A,"Bakersfield, CA",207,207,209,209,3.9613526570048285,6.980676328502415,7.0,18.0,"Thu, Mar  4, 2004","Wed, Mar 10, 2004"
4129,Greater Binghamton-Edwin A. Link Field,Binghamton,United States,BGM,KBGM,42.208689,-75.979839,1636,-5,A,"Binghamton, NY",181,182,186,186,3.723756906077348,9.934065934065938,90.0,40.0,"Sat, Mar 20, 2004","Fri, Mar 12, 2004"
3463,Bangor International,Bangor,United States,BGR,KBGR,44.807444,-68.828139,192,-5,A,"Bangor, ME",412,411,426,426,3.553398058252428,10.586374695863762,13.0,70.0,"Fri, Mar  5, 2004","Sat, Mar 20, 2004"
3811,Birmingham International,Birmingham,United States,BHM,KBHM,33.562942,-86.75355,644,-6,A,"Birmingham, AL",1926,1920,1937,1938,4.641744548286608,11.320833333333328,1343.0,1439.0,"Thu, Mar 18, 2004","Mon, Mar 22, 2004"
4021,Billings Logan International Airport,Billings,United States,BIL,KBIL,45.80921,-108.537654,3652,-7,A,"Billings, MT",463,460,466,465,3.5550755939524836,9.18695652173913,11.0,32.0,"Tue, Mar 23, 2004","Tue, Mar  2, 2004"
4083,Bismarck Municipal Airport,Bismarck,United States,BIS,KBIS,46.775842,-100.757931,1661,-6,A,"Bismarck/Mandan, ND",206,205,210,210,3.7815533980582523,9.61463414634146,17.0,69.0,"Fri, Mar 26, 2004","Wed, Mar 10, 2004"
4037,Central Illinois Regional,Bloomington,United States,BMI,KBMI,40.477111,-88.915917,871,-6,A,"Bloomington/Normal, IL",192,192,201,201,4.609374999999997,13.567708333333334,34.0,104.0,"Sun, Mar 14, 2004","Sun, Mar 28, 2004"
3690,Nashville International,Nashville,United States,BNA,KBNA,36.124472,-86.678194,599,-6,A,"Nashville, TN",4882,4881,4924,4927,4.857845145432203,10.943454210202809,50.0,106.0,"Thu, Mar 18, 2004","Wed, Mar 31, 2004"
3495,Boise Air Terminal,Boise,United States,BOI,KBOI,43.564361,-116.222861,2871,-7,A,"Boise, ID",1330,1327,1333,1332,3.4120300751879693,9.173323285606658,15.0,99.0,"Fri, Mar  5, 2004","Thu, Mar 18, 2004"
3448,General Edward Lawrence Logan International,Boston,United States,BOS,KBOS,42.364347,-71.005181,19,-5,A,"Boston, MA",10653,10640,10921,10894,7.698770299446158,17.958176691729253,1384.0,133.0,"Wed, Mar 10, 2004","Tue, Mar 16, 2004"
3612,Southeast Texas Regional,Beaumont,United States,BPT,KBPT,29.950833,-94.020694,15,-6,A,"Beaumont/Port Arthur, TX",140,141,141,141,3.5428571428571423,9.943262411347519,8.0,51.0,"Mon, Mar 29, 2004","Wed, Mar  3, 2004"
5725,Brunswick Golden Isles Airport,Brunswick,United States,BQK,KBQK,31.2588,-81.4665,26,-5,A,"Brunswick, GA",120,120,120,120,3.2750000000000004,7.483333333333333,8.0,24.0,"Tue, Mar  2, 2004","Mon, Mar 29, 2004"
3738,Brownsville South Padre Island International,Brownsville,United States,BRO,KBRO,25.906833,-97.425861,22,-6,A,"Brownsville, TX",153,153,153,153,4.503267973856212,9.49673202614379,11.0,39.0,"Fri, Mar 19, 2004","Sun, Mar 14, 2004"
3571,Wiley Post Will Rogers Memorial,Barrow,United States,BRW,PABR,71.285446,-156.766003,44,-9,A,"Barrow, AK",59,60,62,62,3.5762711864406778,6.066666666666666,7.0,22.0,"Sun, Mar 28, 2004","Thu, Mar 18, 2004"
4022,Bert Mooney Airport,Butte,United States,BTM,KBTM,45.954806,-112.497472,5550,-7,A,"Butte, MT",124,123,124,124,4.370967741935484,9.617886178861786,15.0,45.0,"Sat, Mar 27, 2004","Thu, Mar 11, 2004"
3846,Baton Rouge Metro-Ryan Field,Baton Rouge,United States,BTR,KBTR,30.533167,-91.149639,70,-6,A,"Baton Rouge, LA",617,614,624,630,4.282009724473261,11.444625407166116,60.0,118.0,"Mon, Mar 29, 2004","Sat, Mar 20, 2004"
3711,Burlington International,Burlington,United States,BTV,KBTV,44.471861,-73.153278,335,-5,A,"Burlington, VT",661,662,674,674,7.590015128593038,15.092145015105743,1370.0,1328.0,"Fri, Mar 19, 2004","Fri, Mar 12, 2004"
3820,Buffalo Niagara International,Buffalo,United States,BUF,KBUF,42.940525,-78.732167,724,-5,A,"Buffalo, NY",2194,2198,2219,2221,4.446216955332726,14.403548680618734,802.0,127.0,"Mon, Mar  8, 2004","Thu, Mar  4, 2004"
3644,Bob Hope,Burbank,United States,BUR,KBUR,34.200667,-118.358667,778,-8,A,"Burbank, CA",2265,2270,2287,2287,2.5479028697571726,10.655947136563857,32.0,101.0,"Fri, Mar 26, 2004","Sun, Mar 21, 2004"
3849,Baltimore Washington International,Baltimore,United States,BWI,KBWI,39.175361,-76.668333,146,-5,A,"Baltimore, MD",8852,8848,8898,8897,5.158721192950737,11.528028933092228,1300.0,148.0,"Sat, Mar 20, 2004","Sun, Mar 28, 2004"
4020,Gallatin Field,Bozeman,United States,BZN,KBZN,45.777643,-111.160151,4500,-7,A,"Bozeman, MT",382,383,384,385,4.308900523560215,11.41514360313315,63.0,38.0,"Tue, Mar 23, 2004","Sat, Mar 27, 2004"
3561,Columbia Metropolitan,Colombia,United States,CAE,KCAE,33.938833,-81.119528,236,-5,A,"Columbia, SC",977,986,996,1002,7.187308085977479,12.380324543610552,1265.0,86.0,"Mon, Mar 29, 2004","Wed, Mar 10, 2004"
4112,Akron Canton Regional Airport,Akron,United States,CAK,KCAK,40.9160833,-81.4421944,1228,-5,A,"Akron, OH",757,756,767,767,6.76750330250991,14.283068783068789,1381.0,1437.0,"Fri, Mar 12, 2004","Tue, Mar  2, 2004"
3824,Cedar City Regional,Cedar City,United States,CDC,KCDC,37.700967,-113.098847,5622,-7,A,"Cedar City, UT",62,62,62,62,3.6129032258064515,7.870967741935482,6.0,33.0,"Tue, Mar  2, 2004","Fri, Mar  5, 2004"
3610,Merle K. Mudhole Smith,Cordova,United States,CDV,PACV,60.491778,-145.477556,48,-9,A,"Cordova, AK",56,56,62,62,2.6964285714285707,4.464285714285715,6.0,16.0,"Tue, Mar 23, 2004","Mon, Mar  8, 2004"
5727,Del Norte County Airport,Crescent City,United States,CEC,KCEC,41.7802,-124.237,57,-8,A,"Crescent City, CA",88,89,90,89,3.022727272727273,7.629213483146063,24.0,90.0,"Thu, Mar 18, 2004","Sun, Mar  7, 2004"
3578,Lovell Field,Chattanooga,United States,CHA,KCHA,35.035278,-85.203808,683,-5,A,"Chattanooga, TN",420,420,426,427,3.199999999999999,9.630952380952381,12.0,111.0,"Mon, Mar 15, 2004","Sun, Mar 14, 2004"
4015,Charlottesville-Albemarle,Charlottesville VA,United States,CHO,KCHO,38.138639,-78.452861,639,-5,A,"Charlottesville, VA",304,306,310,310,3.003289473684213,7.794117647058823,10.0,64.0,"Mon, Mar  8, 2004","Fri, Mar  5, 2004"
3806,Charleston AFB International,Charleston,United States,CHS,KCHS,32.898647,-80.040528,45,-5,A,"Charleston, SC",1176,1172,1185,1187,8.514455782312922,12.80546075085324,1353.0,105.0,"Sun, Mar 28, 2004","Thu, Mar  4, 2004"
3710,Chico Municipal,Chico,United States,CIC,KCIC,39.795383,-121.858422,238,-8,A,"Chico, CA",93,93,93,93,3.204301075268817,8.215053763440862,5.0,28.0,"Thu, Mar  4, 2004","Tue, Mar 23, 2004"
4043,Cedar Rapids,Cedar Rapids,United States,CID,KCID,41.884694,-91.710806,869,-6,A,"Cedar Rapids/Iowa City, IA",483,483,506,507,4.434782608695649,12.503105590062113,34.0,115.0,"Mon, Mar 15, 2004","Sun, Mar 28, 2004"
4088,McClellan-Palomar Airport,Carlsbad,United States,CLD,KCRQ,33.0742,-117.1648,328,-8,A,"Carlsbad, CA",176,176,181,182,3.147727272727273,7.818181818181822,9.0,61.0,"Mon, Mar 29, 2004","Wed, Mar 17, 2004"
3486,Cleveland Hopkins International,Cleveland,United States,CLE,KCLE,41.411689,-81.849794,791,-5,A,"Cleveland, OH",7862,7889,8004,8003,5.7831340625794985,18.340093801495804,34.0,138.0,"Fri, Mar  5, 2004","Tue, Mar 16, 2004"
3715,Easterwood Field,College Station,United States,CLL,KCLL,30.588583,-96.363833,321,-6,A,"College Station/Bryan, TX",343,342,345,345,4.2507288629737605,7.44444444444444,15.0,18.0,"Sat, Mar 13, 2004","Sun, Mar 21, 2004"
3876,Charlotte Douglas International,Charlotte,United States,CLT,KCLT,35.214,-80.943139,748,-5,A,"Charlotte, NC",9056,9066,9139,9139,4.9242491166077675,16.328038826384326,595.0,151.0,"Mon, Mar  8, 2004","Thu, Mar 11, 2004"
3759,Port Columbus International,Columbus,United States,CMH,KCMH,39.997972,-82.891889,815,-5,A,"Columbus, OH",3142,3135,3191,3191,4.535327816677273,13.838596491228072,28.0,201.0,"Mon, Mar  8, 2004","Wed, Mar 24, 2004"
4049,Champaign,Champaign,United States,CMI,KCMI,40.03925,-88.278056,754,-6,A,"Champaign/Urbana, IL",196,195,208,209,4.198979591836733,15.21538461538462,13.0,97.0,"Fri, Mar  5, 2004","Mon, Mar  1, 2004"
4344,Yellowstone Regional,Cody,United States,COD,KCOD,44.520194,-109.023806,5102,-7,A,"Cody, WY",61,62,62,62,3.278688524590164,9.064516129032258,11.0,18.0,"Mon, Mar 15, 2004","Wed, Mar  3, 2004"
3819,City Of Colorado Springs Municipal,Colorado Springs,United States,COS,KCOS,38.805805,-104.700778,6187,-7,A,"Colorado Springs, CO",1037,1041,1049,1052,6.2864030858244915,13.598463016330456,50.0,89.0,"Sun, Mar  7, 2004","Fri, Mar  5, 2004"
3872,Natrona County International,Casper,United States,CPR,KCPR,42.908,-106.464417,5347,-7,A,"Casper, WY",268,268,275,275,2.888059701492537,7.9813432835820874,18.0,25.0,"Tue, Mar  2, 2004","Wed, Mar  3, 2004"
3744,Corpus Christi International,Corpus Christi,United States,CRP,KCRP,27.770361,-97.501222,44,-6,A,"Corpus Christi, TX",735,733,741,740,3.746938775510204,9.754433833560695,14.0,69.0,"Wed, Mar 17, 2004","Sun, Mar 21, 2004"
4285,Yeager,Charleston,United States,CRW,KCRW,38.373147,-81.593189,981,-5,A,"Charleston/Dunbar, WV",446,445,454,453,2.8295964125560538,9.755056179775293,12.0,95.0,"Thu, Mar 18, 2004","Sat, Mar 20, 2004"
4255,Columbus Metropolitan Airport,Columbus,United States,CSG,KCSG,32.5163333,-84.9388611,397,-5,A,"Columbus, GA",182,183,187,187,2.714285714285713,7.229508196721311,12.0,30.0,"Wed, Mar 17, 2004","Sun, Mar  7, 2004"
3488,Cincinnati Northern Kentucky International,Cincinnati,United States,CVG,KCVG,39.048836,-84.667822,896,-5,A,"Cincinnati, OH",17252,17469,17692,17702,22.000405750057947,16.064914992272044,1439.0,1437.0,"Wed, Mar 10, 2004","Sun, Mar 28, 2004"
3950,Daytona Beach International,Daytona Beach,United States,DAB,KDAB,29.179917,-81.058056,34,-5,A,"Daytona Beach, FL",378,377,380,380,4.034391534391534,13.148541114058357,28.0,128.0,"Sun, Mar 28, 2004","Thu, Mar  4, 2004"
3502,Dallas Love Field,Dallas,United States,DAL,KDAL,32.847111,-96.851778,487,-6,A,"Dallas, TX",3825,3835,3917,3917,3.0023529411764733,8.160365058670138,30.0,52.0,"Mon, Mar  8, 2004","Thu, Mar  4, 2004"
3627,James M. Cox Dayton International,Dayton,United States,DAY,KDAY,39.902375,-84.219375,1009,-5,A,"Dayton, OH",1316,1313,1330,1331,4.673252279635267,15.850723533891845,29.0,159.0,"Wed, Mar 24, 2004","Tue, Mar 16, 2004"
4388,Dubuque Regional,Dubuque IA,United States,DBQ,KDBQ,42.402,-90.709472,1076,-6,A,"Dubuque, IA",91,91,93,93,4.175824175824176,19.53846153846154,8.0,143.0,"Sun, Mar  7, 2004","Sat, Mar 27, 2004"
3520,Ronald Reagan Washington National,Washington,United States,DCA,KDCA,38.852083,-77.037722,15,-5,A,"Washington, DC",7821,7806,7929,7930,4.597110343945809,14.251473225723803,1175.0,204.0,"Sun, Mar  7, 2004","Thu, Mar 18, 2004"
3751,Denver International,Denver,United States,DEN,KDEN,39.861656,-104.673178,5431,-7,A,"Denver, CO",12793,12817,12879,12878,6.798952552176971,13.99266599048139,43.0,128.0,"Tue, Mar 30, 2004","Sun, Mar 28, 2004"
3670,Dallas Fort Worth International,Dallas-fort Worth,United States,DFW,KDFW,32.896828,-97.037997,607,-6,A,"Dallas/Fort Worth, TX",28905,29207,29385,29547,10.396125237848093,17.285684938542037,539.0,195.0,"Tue, Mar 16, 2004","Tue, Mar 16, 2004"
3739,Dothan Regional,Dothan,United States,DHN,KDHN,31.321339,-85.449628,401,-6,A,"Dothan, AL",150,150,151,151,3.246666666666668,8.153333333333332,12.0,63.0,"Wed, Mar 31, 2004","Mon, Mar  8, 2004"
3460,Dillingham,Dillingham,United States,DLG,PADL,59.044667,-158.5055,74,-9,A,"Dillingham, AK",14,14,14,14,2.642857142857143,5.642857142857143,3.0,12.0,"Wed, Mar 17, 2004","Tue, Mar 16, 2004"
3598,Duluth International,Duluth,United States,DLH,KDLH,46.842091,-92.193649,1428,-6,A,"Duluth, MN",138,138,144,143,4.601449275362318,14.833333333333334,11.0,84.0,"Mon, Mar 29, 2004","Fri, Mar 12, 2004"
3713,Durango La Plata County,Durango,United States,DRO,KDRO,37.151516,-107.75377,6685,-7,A,"Durango, CO",72,72,72,72,4.861111111111111,9.236111111111107,63.0,31.0,"Tue, Mar 23, 2004","Mon, Mar  8, 2004"
3729,Des Moines International,Des Moines,United States,DSM,KDSM,41.533972,-93.663083,958,-6,A,"Des Moines, IA",913,914,937,937,4.49178532311062,14.344638949671772,50.0,551.0,"Wed, Mar 31, 2004","Thu, Mar 18, 2004"
3645,Detroit Metro Wayne County,Detroit,United States,DTW,KDTW,42.212444,-83.353389,645,-5,A,"Detroit, MI",12435,12456,12607,12607,8.956413349416943,18.328114964675663,1385.0,156.0,"Tue, Mar  9, 2004","Wed, Mar 31, 2004"
3572,Ellington Field,Houston,United States,EFD,KEFD,29.607333,-95.15875,32,-6,A,"Houston, TX",140,140,141,141,3.3714285714285714,10.450000000000003,24.0,40.0,"Mon, Mar  8, 2004","Sun, Mar 21, 2004"
4250,Eagle County Regional,Vail,United States,EGE,KEGE,39.642556,-106.917694,6540,-7,A,"Eagle, CO",286,286,286,286,4.727272727272729,20.437062937062944,10.0,99.0,"Sat, Mar 13, 2004","Sat, Mar 13, 2004"
5736,Elko Regional Airport,Elko,United States,EKO,KEKO,40.8249,-115.792,5140,-8,A,"Elko, NV",225,223,230,231,3.56,6.488789237668161,7.0,20.0,"Sat, Mar 13, 2004","Mon, Mar 15, 2004"
3559,El Paso International,El Paso,United States,ELP,KELP,31.80725,-106.377583,3958,-7,A,"El Paso, TX",1936,1905,1947,1918,3.4276859504132244,9.476640419947525,22.0,105.0,"Sun, Mar 14, 2004","Thu, Mar 18, 2004"
4276,Erie International-Tom Ridge Field,Erie,United States,ERI,KERI,42.082022,-80.176217,733,-5,A,"Erie, PA",86,88,93,93,2.593023255813954,11.30681818181818,10.0,34.0,"Thu, Mar 25, 2004","Sat, Mar 13, 2004"
4099,Mahlon Sweet Field,Eugene,United States,EUG,KEUG,44.124583,-123.211972,374,-8,A,"Eugene, OR",406,403,423,427,3.5394088669950734,8.30024813895781,65.0,51.0,"Thu, Mar 11, 2004","Tue, Mar  9, 2004"
4018,Evansville Regional,Evansville,United States,EVV,KEVV,38.036997,-87.532364,418,-6,A,"Evansville, IN",467,468,488,488,3.8843683083511777,12.22008547008547,12.0,149.0,"Thu, Mar 25, 2004","Fri, Mar 26, 2004"
3494,Newark Liberty International,Newark,United States,EWR,KEWR,40.6925,-74.168667,18,-5,A,"Newark, NJ",13295,13340,13719,13719,8.433396013538939,24.459895052473794,69.0,162.0,"Sat, Mar  6, 2004","Tue, Mar 16, 2004"
3875,Key West International,Key West,United States,EYW,KEYW,24.556111,-81.759556,3,-5,A,"Key West, FL",61,8,62,8,3.0491803278688523,24.375,11.0,99.0,"Fri, Mar 26, 2004","Mon, Mar  8, 2004"
3832,Fairbanks International,Fairbanks,United States,FAI,PAFA,64.815114,-147.856267,434,-9,A,"Fairbanks, AK",397,396,403,404,3.2896725440806045,7.919191919191921,17.0,24.0,"Mon, Mar 22, 2004","Wed, Mar 17, 2004"
4292,Hector International Airport,Fargo,United States,FAR,KFAR,46.92065,-96.8157639,902,-6,A,"Fargo, ND",355,354,364,364,4.977464788732395,12.779661016949142,15.0,112.0,"Mon, Mar  1, 2004","Fri, Mar  5, 2004"
3687,Fresno Yosemite International,Fresno,United States,FAT,KFAT,36.776194,-119.71814,336,-8,A,"Fresno, CA",1166,1167,1179,1180,3.8473413379073773,8.377892030848345,16.0,44.0,"Wed, Mar  3, 2004","Wed, Mar 17, 2004"
5738,Fayetteville Regional-Grannis Field,Fayetteville,United States,FAY,KFAY,34.9912,-78.8803,189,-5,A,"Fayetteville, NC",151,151,151,151,3.390728476821192,7.251655629139073,8.0,25.0,"Wed, Mar 31, 2004","Fri, Mar  5, 2004"
4127,Glacier Park International,Kalispell,United States,FCA,KFCA,48.310472,-114.256,2977,-7,A,"Kalispell, MT",246,247,246,248,4.060975609756101,8.927125506072871,16.0,24.0,"Tue, Mar 16, 2004","Fri, Mar 19, 2004"
3533,Fort Lauderdale Hollywood International,Fort Lauderdale,United States,FLL,KFLL,26.072583,-80.15275,9,-5,A,"Fort Lauderdale, FL",6041,6051,6071,6071,4.578381062737938,17.66286564204275,720.0,124.0,"Sat, Mar 27, 2004","Wed, Mar 31, 2004"
3879,Florence Regional,Florence,United States,FLO,KFLO,34.185361,-79.723889,146,-5,A,"Florence, SC",89,88,89,89,4.730337078651686,7.977272727272728,10.0,15.0,"Tue, Mar 30, 2004","Mon, Mar 22, 2004"
4089,Bishop International,Flint,United States,FNT,KFNT,42.965424,-83.743629,782,-5,A,"Flint, MI",551,549,554,553,4.767695099818511,16.910746812386158,66.0,1438.0,"Mon, Mar 29, 2004","Thu, Mar 25, 2004"
4009,Sioux Falls,Sioux Falls,United States,FSD,KFSD,43.582014,-96.741914,1429,-6,A,"Sioux Falls, SD",298,297,304,303,4.45302013422819,15.212121212121225,12.0,83.0,"Wed, Mar 31, 2004","Sun, Mar 28, 2004"
3437,Fort Smith Regional,Fort Smith,United States,FSM,KFSM,35.336583,-94.367444,469,-6,A,"Fort Smith, AR",146,145,150,150,4.061643835616437,8.096551724137933,21.0,19.0,"Wed, Mar  3, 2004","Thu, Mar  4, 2004"
4041,Fort Wayne,Fort Wayne,United States,FWA,KFWA,40.978472,-85.195139,815,-5,A,"Fort Wayne, IN",598,587,618,616,3.5752508361204023,12.316865417376492,12.0,104.0,"Wed, Mar 17, 2004","Wed, Mar 24, 2004"
3467,Spokane International,Spokane,United States,GEG,KGEG,47.619861,-117.533833,2376,-8,A,"Spokane, WA",1144,1145,1153,1154,3.7910839160839176,9.071615720524012,15.0,41.0,"Mon, Mar  1, 2004","Fri, Mar  5, 2004"
3442,Grand Forks International,Grand Forks,United States,GFK,KGFK,47.949256,-97.176111,845,-6,A,"Grand Forks, ND",112,111,116,116,4.4285714285714315,10.342342342342345,16.0,52.0,"Thu, Mar  4, 2004","Sat, Mar 27, 2004"
3465,East Texas Regional,Longview,United States,GGG,KGGG,32.384014,-94.711486,365,-6,A,"Longview, TX",91,91,93,93,4.395604395604397,9.659340659340659,9.0,31.0,"Thu, Mar 18, 2004","Sat, Mar  6, 2004"
4063,Grand Junction Regional,Grand Junction,United States,GJT,KGJT,39.122413,-108.526735,4858,-7,A,"Grand Junction, CO",305,304,310,310,2.8918032786885255,7.555921052631579,8.0,30.0,"Mon, Mar 22, 2004","Thu, Mar  4, 2004"
3472,Gainesville Regional,Gainesville,United States,GNV,KGNV,29.690056,-82.271778,152,-5,A,"Gainesville, FL",207,208,209,209,2.9323671497584543,5.706730769230772,7.0,17.0,"Sun, Mar 14, 2004","Fri, Mar 26, 2004"
4038,Gulfport-Biloxi,Gulfport,United States,GPT,KGPT,30.407278,-89.070111,28,-6,A,"Gulfport/Biloxi, MS",478,478,478,478,4.648535564853562,8.918410041841016,15.0,45.0,"Thu, Mar  4, 2004","Mon, Mar 15, 2004"
3653,Austin Straubel International,Green Bay,United States,GRB,KGRB,44.485072,-88.129589,695,-6,A,"Green Bay, WI",478,479,492,492,3.8430962343096207,15.22338204592902,40.0,1147.0,"Thu, Mar 18, 2004","Sun, Mar 28, 2004"
3685,Gerald R. Ford International,Grand Rapids,United States,GRR,KGRR,42.880833,-85.522806,794,-5,A,"Grand Rapids, MI",1328,1322,1349,1347,6.991716867469879,14.193645990922855,1382.0,153.0,"Mon, Mar 22, 2004","Sun, Mar 28, 2004"
4008,Piedmont Triad,Greensboro,United States,GSO,KGSO,36.09775,-79.937306,925,-5,A,"Greensboro/High Point, NC",1522,1520,1543,1542,3.904073587385021,14.27105263157895,27.0,82.0,"Fri, Mar  5, 2004","Tue, Mar 30, 2004"
4034,Greenville-Spartanburg International,Greenville,United States,GSP,KGSP,34.895556,-82.218889,964,-5,A,"Greer, SC",1157,1148,1177,1177,5.592048401037163,13.697735191637634,1438.0,98.0,"Wed, Mar 24, 2004","Sun, Mar 28, 2004"
3880,Great Falls International,Great Falls,United States,GTF,KGTF,47.482,-111.370689,3677,-7,A,"Great Falls, MT",337,337,343,341,4.228486646884274,8.157270029673594,14.0,34.0,"Fri, Mar 12, 2004","Wed, Mar  3, 2004"
4273,Golden Triangle Regional Airport,Columbus Mississippi,United States,GTR,KGTR,33.450333,-88.591361,264,-6,A,"Columbus, MS",123,123,124,124,3.154471544715447,10.544715447154475,6.0,60.0,"Mon, Mar  1, 2004","Tue, Mar  9, 2004"
7051,Gunnison - Crested Butte,Gunnison,United States,GUC,KGUC,38.533889,-106.933056,7678,-7,A,"Gunnison, CO",43,42,43,43,3.558139534883721,12.428571428571429,5.0,27.0,"Sun, Mar 28, 2004","Sat, Mar 20, 2004"
4339,Yampa Valley,Hayden,United States,HDN,KHDN,40.481181,-107.21766,6602,-7,A,"Hayden, CO",200,202,202,202,3.5,14.475247524752476,12.0,44.0,"Fri, Mar 12, 2004","Thu, Mar  4, 2004"
3504,Helena Regional,Helena,United States,HLN,KHLN,46.606806,-111.98275,3877,-7,A,"Helena, MT",212,213,215,215,151.12735849056608,8.89201877934273,1321.0,45.0,"Sat, Mar 27, 2004","Sat, Mar  6, 2004"
3728,Honolulu International,Honolulu,United States,HNL,PHNL,21.318681,-157.922428,13,-10,N,"Honolulu, HI",2992,2989,3001,2999,5.065508021390377,13.51087320173971,29.0,47.0,"Sat, Mar 13, 2004","Wed, Mar 24, 2004"
3566,William P. Hobby,Houston,United States,HOU,KHOU,29.645419,-95.278889,46,-6,A,"Houston, TX",4985,4981,5062,5063,4.302908726178543,8.634410760891367,66.0,52.0,"Mon, Mar  1, 2004","Wed, Mar 31, 2004"
3589,Westchester County,White Plains,United States,HPN,KHPN,41.066959,-73.707575,439,-5,A,"White Plains, NY",794,795,845,845,6.760705289672546,17.417610062893104,1377.0,164.0,"Tue, Mar  2, 2004","Fri, Mar  5, 2004"
3560,Valley International,Harlingen,United States,HRL,KHRL,26.2285,-97.654389,36,-6,A,"Harlingen/San Benito, TX",508,507,509,509,2.6062992125984232,8.499013806706111,8.0,129.0,"Fri, Mar 19, 2004","Thu, Mar  4, 2004"
4113,Huntsville International Airport-Carl T. Jones Field,Huntsville,United States,HSV,KHSV,34.6371944,-86.7750556,629,-6,A,"Huntsville, AL",922,891,937,910,11.296095444685465,12.212121212121216,1195.0,61.0,"Fri, Mar  5, 2004","Tue, Mar  9, 2004"
5742,TriState-Milton J. Ferguson Field,Huntington,United States,HTS,KHTS,38.3667,-82.558,828,-5,A,"Ashland, WV",78,56,81,58,2.935897435897436,5.910714285714286,8.0,17.0,"Wed, Mar 17, 2004","Sat, Mar 20, 2004"
3714,Washington Dulles International,Washington,United States,IAD,KIAD,38.944533,-77.455811,313,-5,A,"Washington, DC",8673,8689,8795,8792,5.623313732272573,15.865577166532397,990.0,142.0,"Tue, Mar 16, 2004","Sun, Mar 28, 2004"
3550,George Bush Intercontinental Houston,Houston,United States,IAH,KIAH,29.984433,-95.341442,97,-6,A,"Houston, TX",17220,17253,17306,17303,10.423461091753751,22.1404393438822,613.0,181.0,"Sun, Mar 14, 2004","Thu, Mar  4, 2004"
3457,Wichita Mid Continent,Wichita,United States,ICT,KICT,37.649944,-97.433056,1333,-6,A,"Wichita, KS",846,842,859,859,8.789598108747047,12.553444180522568,1425.0,135.0,"Wed, Mar 17, 2004","Wed, Mar 24, 2004"
4100,Idaho Falls Regional,Idaho Falls,United States,IDA,KIDA,43.514556,-112.07075,4744,-7,A,"Idaho Falls, ID",246,247,247,248,3.109756097560976,6.77327935222672,8.0,23.0,"Tue, Mar 23, 2004","Tue, Mar  2, 2004"
3845,Wilmington International,Wilmington,United States,ILM,KILM,34.270615,-77.902569,32,-5,A,"Wilmington, NC",294,294,296,296,4.003401360544216,7.891156462585034,11.0,33.0,"Mon, Mar 22, 2004","Tue, Mar 16, 2004"
3585,Indianapolis International,Indianapolis,United States,IND,KIND,39.717331,-86.294383,797,-5,A,"Indianapolis, IN",3622,3612,3652,3652,7.679734953064607,14.509413067552611,34.0,173.0,"Sat, Mar 20, 2004","Wed, Mar 24, 2004"
3689,Imperial County,Imperial,United States,IPL,KIPL,32.834219,-115.578744,-54,-8,A,"El Centro, CA",56,58,58,58,3.375,9.051724137931041,7.0,18.0,"Sun, Mar 14, 2004","Thu, Mar 18, 2004"
3857,Long Island MacArthur,Islip,United States,ISP,KISP,40.79525,-73.100222,99,-5,A,"Islip, NY",1018,1028,1060,1061,3.864440078585462,11.016536964980544,21.0,73.0,"Tue, Mar 16, 2004","Thu, Mar 18, 2004"
3415,Hilo International,Hilo,United States,ITO,PHTO,19.721375,-155.048469,38,-10,N,"Hilo, HI",213,213,213,213,4.596244131455401,5.352112676056336,8.0,20.0,"Mon, Mar 22, 2004","Thu, Mar 11, 2004"
7120,Inyokern Airport,Inyokern,United States,IYK,KIYK,35.658889,-117.829444,2455,-8,A,"Inyokern, CA",91,91,93,93,3.076923076923077,8.637362637362639,7.0,38.0,"Fri, Mar  5, 2004","Sun, Mar 21, 2004"
4027,Jackson Hole Airport,Jacksn Hole,United States,JAC,KJAC,43.60733333,-110.73775,6451,-7,A,"Jackson, WY",347,351,352,353,2.974063400576369,11.894586894586894,9.0,121.0,"Sun, Mar 14, 2004","Thu, Mar  4, 2004"
3580,Jackson Evers International,Jackson,United States,JAN,KJAN,32.311167,-90.075889,346,-6,A,"Jackson/Vicksburg, MS",955,925,958,931,5.985340314136129,9.49945945945945,1425.0,60.0,"Fri, Mar  5, 2004","Wed, Mar 31, 2004"
3712,Jacksonville International,Jacksonville,United States,JAX,KJAX,30.494056,-81.687861,30,-5,A,"Jacksonville, FL",2565,2559,2576,2576,4.644444444444438,13.274716686205554,29.0,1439.0,"Wed, Mar  3, 2004","Tue, Mar 30, 2004"
3797,John F. Kennedy International,New York,United States,JFK,KJFK,40.639751,-73.778925,13,-5,A,"New York, NY",6963,6981,7055,7074,8.770070371966122,23.203266007735287,1423.0,284.0,"Tue, Mar 16, 2004","Tue, Mar 16, 2004"
3492,Juneau International,Juneau,United States,JNU,PAJN,58.354972,-134.576278,21,-9,A,"Juneau, AK",286,287,309,310,4.185314685314685,11.951219512195129,8.0,58.0,"Wed, Mar  3, 2004","Tue, Mar  9, 2004"
3514,Kona International At Keahole,Kona,United States,KOA,PHKO,19.738767,-156.045631,47,-10,N,"Kona, HI",512,512,512,512,3.8613281249999996,7.507812499999997,9.0,34.0,"Mon, Mar  1, 2004","Mon, Mar 29, 2004"
3808,Ketchikan International,Ketchikan,United States,KTN,PAKT,55.355556,-131.71375,88,-9,A,"Ketchikan, AK",180,183,186,186,4.40555555555556,9.322404371584705,12.0,31.0,"Wed, Mar 31, 2004","Wed, Mar  3, 2004"
3544,Capital City,Lansing,United States,LAN,KLAN,42.7787,-84.587357,861,-5,A,"Lansing, MI",425,425,433,433,3.56235294117647,8.84235294117648,10.0,38.0,"Wed, Mar 17, 2004","Sun, Mar 14, 2004"
3877,McCarran International,Las Vegas,United States,LAS,KLAS,36.080056,-115.15225,2141,-8,A,"Las Vegas, NV",13349,13337,13446,13445,5.644243014458015,16.879733073404623,57.0,123.0,"Sun, Mar 28, 2004","Fri, Mar  5, 2004"
4256,Lawton-Fort Sill Regional Airport,Lawton,United States,LAW,KLAW,34.5677144,-98.4166367,1110,-6,A,"Lawton/Fort Sill, OK",178,178,179,180,3.6235955056179776,8.550561797752804,17.0,27.0,"Thu, Mar 18, 2004","Sun, Mar  7, 2004"
3484,Los Angeles International,Los Angeles,United States,LAX,KLAX,33.942536,-118.408075,126,-8,A,"Los Angeles, CA",19260,19277,19497,19487,7.438473520249226,14.538984281786592,68.0,149.0,"Sun, Mar 28, 2004","Thu, Mar 18, 2004"
3829,Lubbock Preston Smith International,Lubbock,United States,LBB,KLBB,33.663639,-101.822778,3282,-6,A,"Lubbock, TX",798,797,803,803,3.330827067669174,8.651191969887076,38.0,32.0,"Mon, Mar 29, 2004","Wed, Mar 24, 2004"
3513,Lake Charles Regional,Lake Charles,United States,LCH,KLCH,30.126112,-93.223335,15,-6,A,"Lake Charles, LA",140,141,141,141,4.8428571428571425,11.73758865248227,17.0,98.0,"Tue, Mar 23, 2004","Sat, Mar 20, 2004"
4017,Blue Grass,Lexington KY,United States,LEX,KLEX,38.0365,-84.605889,979,-5,A,"Lexington, KY",854,826,863,836,4.216627634660423,11.662227602905574,16.0,84.0,"Mon, Mar  1, 2004","Tue, Mar 16, 2004"
3493,Lafayette Regional,Lafayette,United States,LFT,KLFT,30.205278,-91.987611,43,-6,A,"Lafayette, LA",322,321,323,322,4.040372670807452,11.676012461059187,8.0,55.0,"Tue, Mar 16, 2004","Wed, Mar  3, 2004"
3697,LaGuardia Airport,New York,United States,LGA,KLGA,40.777245,-73.872608,22,-5,A,"New York, NY",10470,10527,10922,10919,7.6822349570200545,23.681865678730937,107.0,198.0,"Tue, Mar  2, 2004","Thu, Mar  4, 2004"
3582,Long Beach,Long Beach,United States,LGB,KLGB,33.817722,-118.151611,60,-8,A,"Long Beach, CA",940,945,953,953,4.935106382978726,12.587301587301587,76.0,54.0,"Sun, Mar 21, 2004","Tue, Mar  2, 2004"
3602,Lihue,Lihue,United States,LIH,PHLI,21.975983,-159.338958,153,-10,N,"Lihue, HI",619,619,623,623,4.9499192245557335,6.8319870759289145,9.0,1438.0,"Mon, Mar  1, 2004","Wed, Mar  3, 2004"
3660,Adams Field,Little Rock,United States,LIT,KLIT,34.729444,-92.224306,262,-6,A,"Little Rock, AR",1453,1482,1475,1505,6.275980729525119,10.857624831309042,1384.0,83.0,"Thu, Mar 18, 2004","Sun, Mar  7, 2004"
3543,Lincoln,Lincoln,United States,LNK,KLNK,40.850971,-96.75925,1219,-6,A,"Lincoln, NE",185,181,189,189,3.7405405405405405,13.381215469613254,25.0,83.0,"Sun, Mar 14, 2004","Thu, Mar 11, 2004"
3851,Lanai,Lanai,United States,LNY,PHNY,20.785611,-156.951419,1308,-10,N,"Lanai, HI",30,29,31,31,4.1000000000000005,4.482758620689657,6.0,10.0,"Tue, Mar 23, 2004","Wed, Mar 31, 2004"
3691,Laredo International,Laredo,United States,LRD,KLRD,27.54375,-99.461556,508,-6,A,"Laredo, TX",178,178,178,178,3.207865168539326,9.747191011235955,10.0,23.0,"Wed, Mar 31, 2004","Tue, Mar  9, 2004"
4044,LaCrosse Municipal,LaCrosse,United States,LSE,KLSE,43.878986,-91.256711,654,-6,A,"La Crosse, WI",120,119,124,124,3.4,14.159663865546218,13.0,87.0,"Mon, Mar 29, 2004","Sun, Mar 28, 2004"
5753,Lynchburg Regional-Preston Glenn Field,Lynchburg,United States,LYH,KLYH,37.3267,-79.2004,938,-5,A,"Lynchburg, VA",94,92,94,93,3.9574468085106402,7.554347826086956,9.0,20.0,"Mon, Mar  1, 2004","Tue, Mar 30, 2004"
3652,Midland International,Midland,United States,MAF,KMAF,31.942528,-102.201914,2871,-6,A,"Midland/Odessa, TX",683,685,694,693,2.887262079062957,8.372262773722628,12.0,67.0,"Thu, Mar  4, 2004","Thu, Mar  4, 2004"
4128,MBS International,Saginaw,United States,MBS,KMBS,43.532913,-84.079647,668,-5,A,"Saginaw/Bay City/Midland, MI",362,361,367,367,4.093922651933703,12.997229916897512,14.0,83.0,"Wed, Mar  3, 2004","Thu, Mar 18, 2004"
3458,Kansas City International,Kansas City,United States,MCI,KMCI,39.297606,-94.713905,1026,-6,A,"Kansas City, MO",5021,5013,5058,5057,4.405895239992028,11.311789347695987,68.0,123.0,"Sun, Mar 21, 2004","Fri, Mar  5, 2004"
3754,Middle Georgia Regional,Macon,United States,MCN,KMCN,32.69285,-83.649211,354,-5,A,"Macon, GA",148,147,151,151,3.4459459459459465,9.877551020408163,10.0,97.0,"Mon, Mar  1, 2004","Tue, Mar  9, 2004"
3878,Orlando International,Orlando,United States,MCO,KMCO,28.429394,-81.308994,96,-5,A,"Orlando, FL",9108,9108,9127,9126,5.982762406675454,13.619126043039065,1439.0,164.0,"Sun, Mar 14, 2004","Mon, Mar  1, 2004"
3542,Harrisburg International,Harrisburg,United States,MDT,KMDT,40.193494,-76.763403,310,-5,A,"Harrisburg, PA",986,981,1003,1003,5.350912778904664,14.019367991845057,1421.0,126.0,"Sat, Mar  6, 2004","Sun, Mar 14, 2004"
3747,Chicago Midway International,Chicago,United States,MDW,KMDW,41.785972,-87.752417,620,-6,A,"Chicago, IL",7704,7730,7812,7810,5.834241952232606,14.523803363518766,57.0,146.0,"Sun, Mar 28, 2004","Fri, Mar  5, 2004"
4335,Key Field,Meridian,United States,MEI,KMEI,32.332624,-88.751868,297,-6,A,"Meridian, MS",93,93,93,93,3.6989247311827955,9.709677419354842,12.0,43.0,"Sun, Mar 28, 2004","Fri, Mar  5, 2004"
3473,Memphis International,Memphis,United States,MEM,KMEM,35.042417,-89.976667,341,-6,A,"Memphis, TN",4207,4229,4279,4279,5.36225338721179,14.079451406952002,550.0,188.0,"Tue, Mar 30, 2004","Fri, Mar  5, 2004"
3826,McAllen Miller International,Mcallen,United States,MFE,KMFE,26.175833,-98.238611,107,-6,A,"Mission/McAllen/Edinburg, TX",271,272,273,273,4.103321033210332,9.669117647058824,16.0,30.0,"Thu, Mar 18, 2004","Thu, Mar  4, 2004"
4101,Rogue Valley International Medford,Medford,United States,MFR,KMFR,42.374228,-122.8735,1335,-8,A,"Medford, OR",401,399,413,411,3.18204488778055,8.04511278195489,7.0,68.0,"Wed, Mar  3, 2004","Fri, Mar 26, 2004"
4115,Montgomery Regional Airport ,MONTGOMERY,United States,MGM,KMGM,32.3006389,-86.3939722,221,-6,A,"Montgomery, AL",280,250,281,252,3.1,9.148,7.0,86.0,"Wed, Mar 17, 2004","Tue, Mar  9, 2004"
4011,Manchester Regional Airport,Manchester NH,United States,MHT,KMHT,42.932556,-71.435667,266,-5,A,"Manchester, NH",1736,1744,1771,1771,5.248271889400903,14.081422018348624,1148.0,161.0,"Sat, Mar 27, 2004","Sat, Mar 27, 2004"
3576,Miami International,Miami,United States,MIA,KMIA,25.79325,-80.290556,8,-5,A,"Miami, FL",5768,5764,5791,5790,7.298543689320382,18.44066620402499,104.0,188.0,"Mon, Mar  1, 2004","Thu, Mar  4, 2004"
3717,General Mitchell International,Milwaukee,United States,MKE,KMKE,42.947222,-87.896583,723,-6,A,"Milwaukee, WI",1853,1850,1886,1886,5.084727468969243,14.201081081081076,30.0,100.0,"Wed, Mar 17, 2004","Wed, Mar 17, 2004"
3705,Molokai,Molokai,United States,MKK,PHMK,21.152886,-157.096256,454,-10,N,"Hoolehua, HI",29,30,31,31,3.413793103448276,3.5,4.0,5.0,"Fri, Mar  5, 2004","Sat, Mar  6, 2004"
3671,Melbourne International,Melbourne,United States,MLB,KMLB,28.102753,-80.645258,33,-5,A,"Melbourne, FL",251,251,252,252,6.693227091633465,11.103585657370518,600.0,25.0,"Fri, Mar 19, 2004","Wed, Mar 31, 2004"
4072,Quad City International,Moline,United States,MLI,KMLI,41.448528,-90.507539,590,-6,A,"Moline, IL",306,306,314,313,4.166666666666667,12.186274509803921,134.0,87.0,"Tue, Mar  2, 2004","Wed, Mar 24, 2004"
3732,Monroe Regional,Monroe,United States,MLU,KMLU,32.510864,-92.037689,79,-6,A,"Monroe, LA",304,279,307,280,3.414473684210526,6.985663082437276,22.0,18.0,"Fri, Mar  5, 2004","Sat, Mar 20, 2004"
3782,Mobile Regional,Mobile,United States,MOB,KMOB,30.691231,-88.242814,219,-6,A,"Mobile, AL",454,454,455,455,3.8215859030837,11.048458149779723,12.0,91.0,"Tue, Mar  2, 2004","Wed, Mar 24, 2004"
3816,Modesto City County Harry Sham,Modesto,United States,MOD,KMOD,37.625817,-120.954422,97,-8,A,"Modesto, CA",115,117,120,120,2.2782608695652184,7.897435897435896,4.0,22.0,"Mon, Mar  1, 2004","Thu, Mar 18, 2004"
3498,Minot International,Minot,United States,MOT,KMOT,48.259378,-101.280333,1716,-6,A,"Minot, ND",93,93,93,93,4.95698924731183,9.774193548387094,9.0,28.0,"Thu, Mar  4, 2004","Wed, Mar  3, 2004"
6838,Sawyer International Airport,Marquette,United States,MQT,KMQT,46.353611,-87.395278,1221,-5,A,"Marquette, MI",54,54,58,58,4.7777777777777795,14.351851851851851,20.0,36.0,"Sun, Mar 28, 2004","Fri, Mar  5, 2004"
3948,Monterey Peninsula,Monterey,United States,MRY,KMRY,36.587,-121.842944,257,-8,A,"Monterey, CA",615,616,627,633,3.273170731707315,9.279220779220775,14.0,49.0,"Mon, Mar  8, 2004","Sat, Mar 20, 2004"
3459,Dane County Regional-Truax Field,Madison,United States,MSN,KMSN,43.139858,-89.337514,887,-6,A,"Madison, WI",742,739,755,755,3.9258760107816704,13.625169147496612,27.0,163.0,"Wed, Mar 17, 2004","Sun, Mar 28, 2004"
4216,Missoula International,Missoula,United States,MSO,KMSO,46.916306,-114.090556,3205,-7,A,"Missoula, MT",314,313,314,316,4.605095541401279,9.130990415335456,14.0,81.0,"Sat, Mar 27, 2004","Fri, Mar  5, 2004"
3858,Minneapolis St. Paul International,Minneapolis,United States,MSP,KMSP,44.881956,-93.221767,841,-6,A,"Minneapolis, MN",12647,12688,12884,12885,6.6183284573416685,18.43300756620429,1425.0,1399.0,"Thu, Mar 11, 2004","Fri, Mar 26, 2004"
3861,Louis Armstrong New Orleans International,New Orleans,United States,MSY,KMSY,29.993389,-90.258028,4,-6,A,"New Orleans, LA",4590,4590,4610,4609,4.03376906318083,10.493681917211356,969.0,94.0,"Mon, Mar 22, 2004","Thu, Mar 18, 2004"
6880,Montrose Regional Airport,Montrose CO,United States,MTJ,KMTJ,38.509794,-107.894242,5759,-7,A,"Montrose/Delta, CO",293,292,293,293,3.757679180887372,9.445205479452051,42.0,56.0,"Sat, Mar 27, 2004","Sat, Mar 27, 2004"
3515,Myrtle Beach International,Myrtle Beach,United States,MYR,KMYR,33.67975,-78.928333,25,-5,A,"Myrtle Beach, SC",644,644,648,648,21.510869565217398,9.638198757763965,1407.0,60.0,"Sun, Mar  7, 2004","Wed, Mar 17, 2004"
3453,Metropolitan Oakland International,Oakland,United States,OAK,KOAK,37.721278,-122.220722,9,-8,A,"Oakland, CA",5822,5818,5870,5871,4.7717279285469045,10.150910965967714,45.0,128.0,"Sun, Mar 21, 2004","Thu, Mar  4, 2004"
3456,Kahului,Kahului,United States,OGG,PHOG,20.89865,-156.430458,54,-10,N,"Kahului, HI",1159,1162,1163,1165,5.000862812769632,9.132530120481908,47.0,35.0,"Tue, Mar 23, 2004","Mon, Mar 29, 2004"
3863,Will Rogers World,Oklahoma City,United States,OKC,KOKC,35.393089,-97.600733,1295,-6,A,"Oklahoma City, OK",2072,2071,2093,2094,4.245173745173752,10.69676484789957,66.0,110.0,"Sun, Mar 14, 2004","Thu, Mar  4, 2004"
3454,Eppley Airfield,Omaha,United States,OMA,KOMA,41.303167,-95.894069,984,-6,A,"Omaha, NE",1812,1815,1827,1829,4.409492273730696,12.198347107438012,1333.0,123.0,"Thu, Mar 11, 2004","Mon, Mar 15, 2004"
3615,Nome,Nome,United States,OME,PAOM,64.512203,-165.445247,37,-9,A,"Nome, AK",76,77,82,82,2.8421052631578947,7.35064935064935,6.0,39.0,"Sun, Mar 21, 2004","Wed, Mar 10, 2004"
3734,Ontario International,Ontario,United States,ONT,KONT,34.056,-117.601194,944,-8,A,"Ontario, CA",3078,3074,3113,3111,4.01299545159193,9.769355888093681,19.0,43.0,"Thu, Mar 18, 2004","Thu, Mar  4, 2004"
3830,Chicago O'Hare International,Chicago,United States,ORD,KORD,41.978603,-87.904842,668,-6,A,"Chicago, IL",32088,32199,33217,33216,8.692688855647008,20.868381005621316,1419.0,165.0,"Tue, Mar 16, 2004","Tue, Mar 16, 2004"
3611,Norfolk International,Norfolk,United States,ORF,KORF,36.894611,-76.201222,26,-5,A,"Norfolk, VA",1963,1966,1988,1989,4.383087111563935,12.401322482197358,1383.0,154.0,"Sat, Mar  6, 2004","Mon, Mar  1, 2004"
3693,Ralph Wien Memorial,Kotzebue,United States,OTZ,PAOT,66.884678,-162.59855,11,-9,A,"Kotzebue, AK",66,66,70,70,3.4696969696969697,6.090909090909089,6.0,48.0,"Sun, Mar  7, 2004","Mon, Mar 22, 2004"
6961,Oxnard - Ventura County,Oxnard,United States,OXR,KOXR,34.200833,-119.207222,15,-8,A,"Oxnard/Ventura, CA",143,142,149,151,3.335664335664336,8.48591549295775,57.0,38.0,"Thu, Mar 11, 2004","Sat, Mar 27, 2004"
3722,Palm Beach International,West Palm Beach,United States,PBI,KPBI,26.683161,-80.095589,19,-5,A,"West Palm Beach/Palm Beach, FL",2769,2768,2775,2775,4.556518598772117,14.272398843930644,495.0,134.0,"Sat, Mar 20, 2004","Mon, Mar  1, 2004"
3720,Portland International,Portland,United States,PDX,KPDX,45.588722,-122.5975,30,-8,A,"Portland, OR",4684,4688,4751,4748,3.6240392826643895,10.070392491467596,30.0,107.0,"Tue, Mar 30, 2004","Sat, Mar 27, 2004"
4073,Panama City Bay County International,Panama City,United States,PFN,KPFN,30.212083,-85.682806,20,-6,A,"Panama City, FL",282,278,283,280,2.9007092198581543,6.741007194244602,12.0,37.0,"Sun, Mar 21, 2004","Sun, Mar  7, 2004"
3633,Newport News Williamsburg International,Newport News,United States,PHF,KPHF,37.131894,-76.492989,43,-5,A,"Newport News/Williamsburg, VA",432,432,433,433,4.868055555555562,9.266203703703697,14.0,33.0,"Sun, Mar 28, 2004","Tue, Mar  9, 2004"
3752,Philadelphia International,Philadelphia,United States,PHL,KPHL,39.871944,-75.241139,36,-5,A,"Philadelphia, PA",9134,9130,9275,9272,6.847383402671342,22.021248630887207,60.0,164.0,"Tue, Mar 16, 2004","Wed, Mar 17, 2004"
3462,Phoenix Sky Harbor International,Phoenix,United States,PHX,KPHX,33.434278,-112.011583,1135,-7,N,"Phoenix, AZ",14547,14599,14710,14708,6.073692170206938,15.976094253031032,1421.0,135.0,"Sat, Mar 27, 2004","Fri, Mar  5, 2004"
4046,Peoria Regional,Peoria,United States,PIA,KPIA,40.664203,-89.693258,660,-6,A,"Peoria, IL",302,278,306,282,3.4966887417218544,15.280575539568344,10.0,137.0,"Thu, Mar 18, 2004","Fri, Mar 26, 2004"
3617,St. Petersburg Clearwater International,St. Petersburg,United States,PIE,KPIE,27.910167,-82.687389,10,-5,A,"St. Petersburg, FL",207,207,207,207,4.787439613526572,12.531400966183577,10.0,29.0,"Sun, Mar  7, 2004","Mon, Mar 15, 2004"
5760,Pocatello Regional Airport,Pocatello,United States,PIH,KPIH,42.9098,-112.596,4452,-7,A,"Pocatello, ID",155,155,156,155,3.070967741935484,7.632258064516129,13.0,24.0,"Tue, Mar 23, 2004","Tue, Mar  2, 2004"
3570,Pittsburgh International,Pittsburgh (pennsylva),United States,PIT,KPIT,40.491467,-80.232872,1204,-5,A,"Pittsburgh, PA",5255,5268,5324,5323,6.412749762131291,16.857251328777522,1385.0,1398.0,"Sun, Mar 21, 2004","Tue, Mar 16, 2004"
3564,Pensacola Regional,Pensacola,United States,PNS,KPNS,30.473425,-87.186611,121,-6,A,"Pensacola, FL",611,582,612,583,4.14729950900164,10.563573883161514,21.0,55.0,"Sun, Mar 14, 2004","Tue, Mar 30, 2004"
6133,Tri Cities Airport,Pasco,United States,PSC,PSC,46.2647,-119.119,410,-8,A,"Pasco/Kennewick/Richland, WA",340,341,341,341,4.079411764705885,8.609970674486803,17.0,27.0,"Fri, Mar 12, 2004","Wed, Mar 10, 2004"
4147,Petersburg James A. Johnson,Petersburg,United States,PSG,PAPG,56.801667,-132.945278,105,-9,A,"Petersburg, AK",55,60,62,62,2.836363636363636,5.216666666666668,5.0,15.0,"Wed, Mar 31, 2004","Sun, Mar 21, 2004"
3839,Palm Springs International,Palm Springs,United States,PSP,KPSP,33.829667,-116.506694,477,-8,A,"Palm Springs, CA",1389,1382,1396,1394,4.515478761699054,10.395803183791605,53.0,85.0,"Thu, Mar 18, 2004","Sun, Mar 28, 2004"
3641,Theodore Francis Green State,Providence,United States,PVD,KPVD,41.732581,-71.420383,55,-5,A,"Providence, RI",2251,2253,2265,2266,4.117725455353182,13.051930758988014,45.0,106.0,"Thu, Mar  4, 2004","Thu, Mar  4, 2004"
3862,Portland International Jetport,Portland,United States,PWM,KPWM,43.646161,-70.309281,77,-5,A,"Portland, ME",776,779,802,802,5.814432989690721,13.265725288831836,1430.0,76.0,"Fri, Mar 12, 2004","Thu, Mar 18, 2004"
4087,Rapid City Regional Airport,Rapid City,United States,RAP,KRAP,44.045278,-103.057222,3204,-7,A,"Rapid City, SD",316,313,325,324,3.9588607594936702,9.402555910543127,26.0,56.0,"Mon, Mar  1, 2004","Tue, Mar  2, 2004"
4098,Redding Municipal,Redding,United States,RDD,KRDD,40.509,-122.293389,504,-8,A,"Redding, CA",181,181,182,182,3.3425414364640877,8.1767955801105,6.0,26.0,"Thu, Mar 18, 2004","Tue, Mar 23, 2004"
4103,Roberts Field,Redmond-Bend,United States,RDM,KRDM,44.254066,-121.149964,3077,-8,A,"Bend/Redmond, OR",207,207,213,212,3.632850241545894,7.830917874396135,31.0,22.0,"Sat, Mar 20, 2004","Mon, Mar 22, 2004"
3626,Raleigh Durham International,Raleigh-durham,United States,RDU,KRDU,35.877639,-78.787472,435,-5,A,"Raleigh/Durham, NC",4675,4683,4773,4774,5.356791443850271,13.332479180012827,895.0,141.0,"Fri, Mar  5, 2004","Sun, Mar 14, 2004"
3608,Richmond International,Richmond,United States,RIC,KRIC,37.505167,-77.319667,167,-5,A,"Richmond, VA",1420,1420,1440,1440,7.255633802816902,15.678169014084515,1435.0,1439.0,"Sun, Mar 28, 2004","Thu, Mar 11, 2004"
3807,Reno Tahoe International,Reno,United States,RNO,KRNO,39.499108,-119.768108,4415,-8,A,"Reno, NV",2588,2590,2610,2611,4.236089644513144,10.168339768339758,32.0,161.0,"Mon, Mar  1, 2004","Thu, Mar 25, 2004"
4016,Roanoke Regional,Roanoke VA,United States,ROA,KROA,37.325472,-79.975417,1175,-5,A,"Roanoke, VA",476,475,484,484,3.8802521008403366,11.936842105263162,9.0,1386.0,"Wed, Mar 31, 2004","Tue, Mar 23, 2004"
3622,Greater Rochester International,Rochester,United States,ROC,KROC,43.118866,-77.672389,559,-5,A,"Rochester, NY",1546,1537,1569,1569,5.905562742561456,15.696161353285621,41.0,1182.0,"Sun, Mar  7, 2004","Sun, Mar  7, 2004"
4048,Rochester,Rochester,United States,RST,KRST,43.908283,-92.500014,1317,-6,A,"Rochester, MN",148,148,154,154,3.7635135135135136,13.709459459459461,10.0,94.0,"Mon, Mar 22, 2004","Fri, Mar 12, 2004"
3793,Southwest Florida International,Fort Myers,United States,RSW,KRSW,26.536167,-81.755167,30,-5,A,"Fort Myers, FL",2403,2406,2408,2409,4.17769454848106,14.795095594347476,54.0,248.0,"Wed, Mar 31, 2004","Fri, Mar  5, 2004"
3731,San Diego International,San Diego,United States,SAN,KSAN,32.733556,-117.189667,17,-8,A,"San Diego, CA",7129,7134,7203,7205,3.5943330060316994,13.715867675918139,50.0,130.0,"Sun, Mar 14, 2004","Thu, Mar 25, 2004"
3621,San Antonio International,San Antonio,United States,SAT,KSAT,29.533694,-98.469778,809,-6,A,"San Antonio, TX",3308,3311,3339,3347,3.369105199516325,10.226819691935958,32.0,198.0,"Wed, Mar 17, 2004","Thu, Mar 25, 2004"
3613,Savannah Hilton Head International,Savannah,United States,SAV,KSAV,32.127583,-81.202139,51,-5,A,"Savannah, GA",1028,1025,1036,1036,9.002918287937739,13.4809756097561,1430.0,131.0,"Fri, Mar 12, 2004","Thu, Mar  4, 2004"
3949,Santa Barbara Municipal,Santa Barbara,United States,SBA,KSBA,34.426211,-119.840372,10,-8,A,"Santa Barbara, CA",896,892,924,926,5.077008928571429,8.595291479820634,1248.0,35.0,"Fri, Mar 19, 2004","Thu, Mar 11, 2004"
4359,South Bend Regional,South Bend,United States,SBN,KSBN,41.708661,-86.31725,799,-5,A,"South Bend, IN",441,451,454,468,6.63265306122449,10.541019955654102,1412.0,83.0,"Tue, Mar  9, 2004","Sat, Mar 27, 2004"
5768,San Luis County Regional Airport,San Luis Obispo,United States,SBP,KSBP,35.2368,-120.642,212,-8,A,"San Luis Obispo, CA",481,484,490,492,3.1995841995841987,9.944214876033051,16.0,49.0,"Fri, Mar  5, 2004","Sun, Mar 21, 2004"
3620,Deadhorse,Deadhorse,United States,SCC,PASC,70.19475,-148.465167,64,-9,A,"Deadhorse, AK",28,28,31,31,3.1785714285714284,4.821428571428569,5.0,9.0,"Sun, Mar 21, 2004","Tue, Mar 23, 2004"
4318,University Park Airport,State College Pennsylvania,United States,SCE,KUNV,40.849278,-77.848694,1239,-5,A,"State College, PA",213,211,217,216,3.338028169014085,10.279620853080566,14.0,87.0,"Thu, Mar 11, 2004","Fri, Mar 19, 2004"
4014,Louisville International Airport,Louisville,United States,SDF,KSDF,38.1740858,-85.7364989,501,-5,A,"Louisville, KY",1858,1855,1870,1870,5.158772874058119,12.431805929919127,735.0,1439.0,"Sat, Mar 20, 2004","Fri, Mar 19, 2004"
3577,Seattle Tacoma International,Seattle,United States,SEA,KSEA,47.449,-122.309306,433,-8,A,"Seattle, WA",8699,8717,8783,8783,5.690654098172203,13.083056097281181,46.0,122.0,"Mon, Mar  1, 2004","Thu, Mar 18, 2004"
3469,San Francisco International,San Francisco,United States,SFO,KSFO,37.618972,-122.374889,13,-8,A,"San Francisco, CA",10880,10901,11013,11003,5.532444852941176,16.577653426291143,53.0,132.0,"Sun, Mar 14, 2004","Wed, Mar 24, 2004"
4348,Springfield Branson National,Springfield,United States,SGF,KSGF,37.245667,-93.388639,1268,-6,A,"Springfield, MO",340,341,347,348,3.3970588235294117,12.316715542521989,16.0,158.0,"Mon, Mar 15, 2004","Thu, Mar 11, 2004"
4064,St. George Municipal,Saint George,United States,SGU,KSGU,37.090583,-113.593056,2941,-7,A,"St. George, UT",247,248,248,248,3.51417004048583,7.729838709677422,56.0,19.0,"Fri, Mar  5, 2004","Fri, Mar  5, 2004"
3609,Shreveport Regional,Shreveport,United States,SHV,KSHV,32.446629,-93.8256,258,-6,A,"Shreveport, LA",747,763,758,774,7.955823293172688,8.621231979030153,700.0,39.0,"Sat, Mar 13, 2004","Wed, Mar 31, 2004"
3856,Sitka Rocky Gutierrez,Sitka,United States,SIT,PASI,57.047138,-135.361611,21,-9,A,"Sitka, AK",91,91,93,92,4.901098901098903,11.32967032967033,10.0,44.0,"Sun, Mar 28, 2004","Sat, Mar  6, 2004"
3748,Norman Y. Mineta San Jose International,San Jose,United States,SJC,KSJC,37.3626,-121.929022,62,-8,A,"San Jose, CA",5358,5357,5432,5430,3.916759985069054,12.356729512787002,32.0,171.0,"Sun, Mar 21, 2004","Thu, Mar 18, 2004"
3708,San Angelo Regional-Mathis Field,San Angelo,United States,SJT,KSJT,31.35775,-100.496306,1919,-6,A,"San Angelo, TX",224,223,232,232,3.6339285714285716,8.058295964125564,16.0,63.0,"Fri, Mar 12, 2004","Fri, Mar 19, 2004"
3536,Salt Lake City International,Salt Lake City,United States,SLC,KSLC,40.788389,-111.977772,4227,-7,A,"Salt Lake City, UT",11463,11486,11546,11543,5.3991101805810064,15.403099425387436,1218.0,1334.0,"Wed, Mar  3, 2004","Sun, Mar  7, 2004"
3817,Sacramento International,Sacramento,United States,SMF,KSMF,38.695417,-121.590778,27,-8,A,"Sacramento, CA",4032,4036,4065,4064,4.0627480158730105,9.698711595639244,32.0,179.0,"Thu, Mar 25, 2004","Sun, Mar  7, 2004"
5772,Santa Maria Public-Captain G. Allan Hancock Airport,Santa Maria,United States,SMX,KSMX,34.8989,-120.457,261,-8,A,"Santa Maria, CA",174,174,178,177,3.1839080459770117,6.902298850574713,17.0,25.0,"Fri, Mar 12, 2004","Fri, Mar 12, 2004"
3867,John Wayne Airport Orange County,Santa Ana,United States,SNA,KSNA,33.675667,-117.868222,56,-8,A,"Santa Ana, CA",4081,4083,4134,4135,6.498652291105125,14.1516042125888,62.0,182.0,"Mon, Mar  8, 2004","Fri, Mar  5, 2004"
3680,Sheppard AFB Wichita Falls Municipal,Wichita Falls,United States,SPS,KSPS,33.988797,-98.491894,1019,-6,A,"Wichita Falls, TX",176,177,179,181,6.7102272727272725,11.192090395480227,17.0,33.0,"Tue, Mar  2, 2004","Fri, Mar 12, 2004"
4067,Sarasota Bradenton International,Sarasota,United States,SRQ,KSRQ,27.395444,-82.554389,30,-5,A,"Sarasota/Bradenton, FL",703,703,705,705,15.844950213371266,11.809388335704126,1435.0,90.0,"Fri, Mar 26, 2004","Wed, Mar 31, 2004"
3678,Lambert St. Louis International,St. Louis,United States,STL,KSTL,38.748697,-90.370028,618,-6,A,"St. Louis, MO",5167,5172,5222,5221,4.4399071027675605,12.709783449342602,126.0,1439.0,"Sat, Mar 20, 2004","Mon, Mar  1, 2004"
6494,Friedman Memorial,Hailey,United States,SUN,KSUN,43.504444,-114.296194,5320,-7,A,"Sun Valley/Hailey/Ketchum, ID",239,243,243,246,2.5648535564853545,7.049382716049383,6.0,20.0,"Tue, Mar 23, 2004","Sat, Mar 27, 2004"
3661,Stewart International,Newburgh,United States,SWF,KSWF,41.504094,-74.104839,491,-5,A,"Newburgh/Poughkeepsie, NY",178,177,185,186,4.488764044943821,27.480225988700564,13.0,1417.0,"Thu, Mar 18, 2004","Tue, Mar 16, 2004"
3745,Syracuse Hancock International,Syracuse,United States,SYR,KSYR,43.111187,-76.106311,421,-5,A,"Syracuse, NY",1282,1282,1302,1299,4.969578783151317,16.915756630265175,735.0,162.0,"Sat, Mar 13, 2004","Fri, Mar  5, 2004"
3698,Tallahassee Regional,Tallahassee,United States,TLH,KTLH,30.396528,-84.350333,81,-5,A,"Tallahassee, FL",464,461,465,465,3.7499999999999996,10.05206073752712,13.0,31.0,"Mon, Mar  1, 2004","Tue, Mar  2, 2004"
4040,Toledo,Toledo,United States,TOL,KTOL,41.586806,-83.807833,684,-5,A,"Toledo, OH",459,455,462,463,3.1328976034858407,11.747252747252745,14.0,138.0,"Mon, Mar  1, 2004","Thu, Mar  4, 2004"
3646,Tampa International,Tampa,United States,TPA,KTPA,27.975472,-82.53325,26,-5,A,"Tampa, FL",6237,6235,6250,6252,4.343113676447022,12.318203688853238,42.0,144.0,"Mon, Mar 29, 2004","Thu, Mar  4, 2004"
4116,Tri-Cities Regional Airport,BRISTOL,United States,TRI,KTRI,36.4752222,-82.4074167,1519,-5,A,"Bristol/Johnson City/Kingsport, TN",305,333,311,340,23.48524590163934,7.585585585585585,1337.0,81.0,"Thu, Mar 11, 2004","Tue, Mar  9, 2004"
3855,Tulsa International,Tulsa,United States,TUL,KTUL,36.198389,-95.888111,677,-6,A,"Tulsa, OK",1837,1834,1872,1869,4.550898203592811,10.852780806979291,1352.0,105.0,"Fri, Mar 12, 2004","Sat, Mar 20, 2004"
3636,Tucson International,Tucson,United States,TUS,KTUS,32.116083,-110.941028,2643,-7,N,"Tucson, AZ",1630,1629,1638,1638,4.298773006134965,10.87538367096379,53.0,73.0,"Mon, Mar 15, 2004","Mon, Mar  1, 2004"
4023,Cherry Capital Airport,Traverse City,United States,TVC,KTVC,44.741445,-85.582235,624,-5,A,"Traverse City, MI",229,232,244,244,2.9344978165938866,12.142241379310345,20.0,68.0,"Wed, Mar 24, 2004","Sat, Mar 20, 2004"
4263,Magic Valley Regional Airport,Twin Falls,United States,TWF,KTWF,42.481803,-114.487733,4151,-7,A,"Twin Falls, ID",160,157,160,157,2.7375,6.949044585987261,12.0,14.0,"Wed, Mar 17, 2004","Wed, Mar 10, 2004"
3770,Texarkana Regional-Webb Field,Texarkana,United States,TXK,KTXK,33.453722,-93.991028,390,-6,A,"Texarkana, AR",174,172,177,177,3.7471264367816097,8.441860465116285,12.0,35.0,"Mon, Mar  1, 2004","Thu, Mar  4, 2004"
3848,Tyler Pounds Regional,Tyler,United States,TYR,KTYR,32.354139,-95.402386,544,-6,A,"Tyler, TX",288,286,290,290,4.395833333333332,8.416083916083917,15.0,23.0,"Wed, Mar 10, 2004","Thu, Mar 18, 2004"
3676,McGhee Tyson,Knoxville,United States,TYS,KTYS,35.810972,-83.994028,981,-5,A,"Knoxville, TN",1105,1097,1124,1119,4.730316742081448,13.445761166818595,1420.0,106.0,"Fri, Mar 12, 2004","Sun, Mar 28, 2004"
5775,Victoria Regional Airport,Victoria,United States,VCT,KVCT,28.8526,-96.9185,115,-6,A,"Victoria, TX",89,89,89,89,3.887640449438203,7.977528089887643,13.0,17.0,"Sun, Mar 14, 2004","Sun, Mar 21, 2004"
7121,Visalia Municipal Airport,Visalia,United States,VIS,KVIS,36.318611,-119.392778,295,-8,A,"Visalia, CA",58,58,58,58,2.603448275862069,7.103448275862069,4.0,13.0,"Wed, Mar  3, 2004","Tue, Mar  2, 2004"
5776,Valdosta Regional Airport,Valdosta,United States,VLD,KVLD,30.7825,-83.2767,203,-5,A,"Valdosta, GA",124,111,124,111,3.5806451612903225,7.099099099099099,10.0,31.0,"Sat, Mar 20, 2004","Tue, Mar 16, 2004"
3873,Eglin AFB,Valparaiso,United States,VPS,KVPS,30.48325,-86.5254,87,-6,A,"Valparaiso, FL",460,505,470,512,7.234782608695654,14.403960396039604,19.0,1391.0,"Sun, Mar  7, 2004","Sat, Mar 20, 2004"
5969,Wrangell Airport,Wrangell,United States,WRG,PAWG,56.4843,-132.37,44,-9,A,"Wrangell, AK",58,59,62,62,3.1724137931034484,4.525423728813562,5.0,9.0,"Tue, Mar  2, 2004","Mon, Mar 29, 2004"
4356,NW Arkansas Regional,Bentonville,United States,XNA,KXNA,36.2818694,-94.3068111,1287,-6,A,"Fayetteville, AR",1048,1011,1076,1037,4.472328244274811,13.242334322453013,31.0,1392.0,"Sun, Mar 14, 2004","Fri, Mar 19, 2004"
6803,Yakutat,Yakutat,United States,YAK,PAYA,59.3012,-139.3937,33,-9,A,"Yakutat, AK",53,59,62,62,3.2830188679245285,5.0508474576271185,7.0,28.0,"Sun, Mar 14, 2004","Mon, Mar  8, 2004"
3596,Yuma MCAS Yuma International,Yuma,United States,YUM,KYUM,32.656578,-114.60598,216,-7,N,"Yuma, AZ",124,124,124,124,3.5725806451612905,9.137096774193552,29.0,24.0,"Wed, Mar 17, 2004","Wed, Mar 10, 2004"
2883,Cyril E. King,St. Thomas,Virgin Islands,STT,TIST,18.337306,-64.973361,23,-4,U,"Charlotte Amalie, VI",332,332,333,333,4.701807228915664,13.099397590361443,21.0,39.0,"Mon, Mar 29, 2004","Tue, Mar 16, 2004"
2884,Henry E. Rohlsen,St. Croix Island,Virgin Islands,STX,TISX,17.701889,-64.798556,74,-4,U,"Christiansted, VI",34,34,35,35,4.029411764705883,11.117647058823529,6.0,26.0,"Sun, Mar 14, 2004","Sat, Mar 13, 2004"
2885,Rafael Hernndez,Aguadilla,Puerto Rico,BQN,TJBQ,18.494861,-67.129444,237,-4,U,"Aguadilla, PR",31,31,31,31,5.451612903225805,15.258064516129032,11.0,25.0,"Thu, Mar 25, 2004","Wed, Mar 31, 2004"
2890,Luis Muoz Marn International,San Juan,Puerto Rico,SJU,TJSJ,18.439417,-66.001833,9,-4,U,"San Juan, PR",2368,2370,2389,2390,5.427364864864861,15.913080168776375,41.0,130.0,"Sat, Mar 27, 2004","Sun, Mar 28, 2004"
