airport_id,name,city,country,iata_faa,iaco,latitude,longitude,altitude,zone,dst,city_state,avg_able_landings,avg_able_takeoffs,total_landings,total_takeoffs,avg_taxi_in,avg_taxi_out,longest_taxi_in,longest_taxi_out,lng_tx_in_date,lng_tx_out_date
4355,Lehigh Valley International,Allentown,United States,ABE,KABE,40.652083,-75.440806,393,-5,A,"Allentown/Bethlehem/Easton, PA",349,328,354,334,5.0372492836676175,11.658536585365859,50.0,47.0,"Fri, Sep  9, 2005","Sun, Sep 25, 2005"
3718,Abilene Regional,Abilene,United States,ABI,KABI,32.411319,-99.681897,1791,-6,A,"Abilene, TX",203,199,206,206,3.5517241379310347,9.326633165829149,24.0,43.0,"Tue, Sep  6, 2005","Tue, Sep  6, 2005"
4019,Albuquerque International Sunport,Albuquerque,United States,ABQ,KABQ,35.0402222,-106.6091944,5355,-7,A,"Albuquerque, NM",3177,3180,3206,3206,4.65942713251495,9.986477987421422,29.0,91.0,"Tue, Sep 13, 2005","Thu, Sep 22, 2005"
5715,Southwest Georgia Regional Airport,Albany,United States,ABY,KABY,31.5355,-84.1945,197,-5,A,"Albany, GA",114,113,116,116,3.692982456140351,8.628318584070797,8.0,19.0,"Fri, Sep  2, 2005","Fri, Sep 16, 2005"
3517,Nantucket Memorial,Nantucket,United States,ACK,KACK,41.253053,-70.060181,48,-5,A,"Nantucket, MA",14,15,14,15,4.642857142857144,30.0,6.0,78.0,"Fri, Sep  2, 2005","Tue, Sep  6, 2005"
3700,Waco Regional,Waco,United States,ACT,KACT,31.611289,-97.230519,516,-6,A,"Waco, TX",202,202,205,205,5.554455445544556,9.737623762376233,12.0,25.0,"Wed, Sep  7, 2005","Sat, Sep 17, 2005"
4384,Arcata,Arcata CA,United States,ACV,KACV,40.978111,-124.108611,221,-8,A,"Arcata/Eureka, CA",329,330,339,348,3.6899696048632213,7.88181818181818,13.0,44.0,"Sat, Sep 24, 2005","Mon, Sep 12, 2005"
3524,Atlantic City International,Atlantic City,United States,ACY,KACY,39.457583,-74.577167,75,-5,A,"Atlantic City, NJ",90,90,90,90,4.188888888888886,11.933333333333339,9.0,45.0,"Wed, Sep 21, 2005","Wed, Sep  7, 2005"
5959,Adak Airport,Adak Island,United States,ADK,PADK,51.878,-176.646,18,-10,A,"Adak Island, AK",9,9,9,9,4.222222222222222,7.0,5.0,9.0,"Thu, Sep  8, 2005","Thu, Sep  8, 2005"
3531,Kodiak,Kodiak,United States,ADQ,PADQ,57.749967,-152.493856,78,-9,A,"Kodiak, AK",59,59,60,60,3.2542372881355934,6.52542372881356,8.0,23.0,"Mon, Sep 19, 2005","Sun, Sep 11, 2005"
3852,Alexandria International,Alexandria,United States,AEX,KAEX,31.3274,-92.549833,89,-6,A,"Alexandria, LA",196,194,216,216,3.545918367346939,11.67525773195876,13.0,62.0,"Wed, Sep 14, 2005","Fri, Sep  2, 2005"
3658,Augusta Regional At Bush Field,Bush Field,United States,AGS,KAGS,33.369944,-81.9645,144,-5,A,"Augusta, GA",179,182,190,196,3.424581005586593,9.384615384615383,11.0,44.0,"Tue, Sep 13, 2005","Mon, Sep 26, 2005"
3794,King Salmon,King Salmon,United States,AKN,PAKN,58.676778,-156.649278,68,-9,A,"King Salmon, AK",32,32,33,33,3.4375,4.562500000000001,6.0,9.0,"Fri, Sep  2, 2005","Thu, Sep 29, 2005"
3864,Albany International,Albany,United States,ALB,KALB,42.748267,-73.801692,285,-5,A,"Albany, NY",1521,1515,1526,1526,3.608809993425378,13.03894389438945,15.0,167.0,"Wed, Sep 14, 2005","Mon, Sep 19, 2005"
3840,Rick Husband Amarillo International,Amarillo,United States,AMA,KAMA,35.219369,-101.705931,3607,-6,A,"Amarillo, TX",667,668,690,690,4.980509745127432,8.943113772455096,10.0,45.0,"Tue, Sep  6, 2005","Mon, Sep  5, 2005"
3774,Ted Stevens Anchorage International,Anchorage,United States,ANC,PANC,61.174361,-149.996361,152,-9,A,"Anchorage, AK",1724,1732,1758,1762,5.70069605568445,12.592956120092376,29.0,63.0,"Sun, Sep  4, 2005","Fri, Sep  9, 2005"
4012,Naples Municipal,Naples,United States,APF,KAPF,26.152619,-81.775294,8,-5,A,"Naples, FL",88,89,90,90,3.8295454545454533,10.202247191011235,12.0,28.0,"Fri, Sep  2, 2005","Tue, Sep 20, 2005"
3682,Hartsfield Jackson Atlanta International,Atlanta,United States,ATL,KATL,33.636719,-84.428067,1026,-5,A,"Atlanta, GA",32386,32669,33631,33853,8.98131908849509,17.681686002020346,65.0,127.0,"Wed, Sep 21, 2005","Thu, Sep 22, 2005"
4047,Appleton,Appleton,United States,ATW,KATW,44.257526,-88.507576,680,-6,A,"Appleton, WI",173,172,175,175,4.6300578034682065,10.784883720930239,20.0,38.0,"Fri, Sep  9, 2005","Thu, Sep  1, 2005"
3673,Austin Bergstrom International,Austin,United States,AUS,KAUS,30.194528,-97.669889,542,-6,A,"Austin, TX",3419,3423,3470,3472,4.841181632056171,11.171486999707845,43.0,87.0,"Tue, Sep 20, 2005","Tue, Sep 13, 2005"
4007,Asheville Regional Airport,Asheville,United States,AVL,KAVL,35.436194,-82.541806,2165,-5,A,"Asheville, NC",368,366,377,377,3.733695652173913,14.45628415300547,11.0,114.0,"Fri, Sep 30, 2005","Thu, Sep  1, 2005"
4286,Wilkes Barre Scranton International,Scranton,United States,AVP,KAVP,41.338478,-75.723403,962,-5,A,"Scranton/Wilkes-Barre, PA",175,145,176,148,4.045714285714291,10.655172413793107,12.0,65.0,"Wed, Sep  7, 2005","Fri, Sep 16, 2005"
4039,Kalamazoo,Kalamazoo,United States,AZO,KAZO,42.234875,-85.552058,874,-5,A,"Kalamazoo, MI",350,349,363,365,3.854285714285714,10.7679083094556,14.0,80.0,"Sun, Sep 25, 2005","Fri, Sep 23, 2005"
3825,Bradley International,Windsor Locks,United States,BDL,KBDL,41.938889,-72.683222,173,-5,A,"Hartford, CT",2954,2954,2977,2980,4.635409614082611,13.328706838185521,28.0,176.0,"Sat, Sep 17, 2005","Mon, Sep 19, 2005"
3599,Bethel,Bethel,United States,BET,PABE,60.779778,-161.838,121,-9,A,"Bethel, AK",89,89,94,94,3.0112359550561796,7.707865168539323,6.0,32.0,"Mon, Sep 12, 2005","Sat, Sep  3, 2005"
3558,Meadows Field,Bakersfield,United States,BFL,KBFL,35.433598,-119.05677,507,-8,A,"Bakersfield, CA",348,347,355,355,5.0287356321839045,8.259365994236317,13.0,33.0,"Thu, Sep  8, 2005","Fri, Sep  2, 2005"
4129,Greater Binghamton-Edwin A. Link Field,Binghamton,United States,BGM,KBGM,42.208689,-75.979839,1636,-5,A,"Binghamton, NY",86,85,86,86,4.337209302325581,12.952941176470588,26.0,58.0,"Wed, Sep 21, 2005","Wed, Sep 21, 2005"
3463,Bangor International,Bangor,United States,BGR,KBGR,44.807444,-68.828139,192,-5,A,"Bangor, ME",483,478,488,488,4.213250517598344,11.349372384937235,14.0,105.0,"Sun, Sep 25, 2005","Fri, Sep 16, 2005"
3811,Birmingham International,Birmingham,United States,BHM,KBHM,33.562942,-86.75355,644,-6,A,"Birmingham, AL",1605,1613,1645,1648,3.732087227414329,11.516429014259149,33.0,138.0,"Fri, Sep 16, 2005","Mon, Sep 26, 2005"
4021,Billings Logan International Airport,Billings,United States,BIL,KBIL,45.80921,-108.537654,3652,-7,A,"Billings, MT",439,443,445,447,3.7608200455580865,9.76297968397291,10.0,70.0,"Tue, Sep 13, 2005","Sun, Sep 18, 2005"
4083,Bismarck Municipal Airport,Bismarck,United States,BIS,KBIS,46.775842,-100.757931,1661,-6,A,"Bismarck/Mandan, ND",195,196,198,198,3.7794871794871794,9.62755102040816,8.0,27.0,"Tue, Sep 13, 2005","Mon, Sep 12, 2005"
4037,Central Illinois Regional,Bloomington,United States,BMI,KBMI,40.477111,-88.915917,871,-6,A,"Bloomington/Normal, IL",176,175,180,180,4.47727272727272,9.388571428571424,12.0,49.0,"Fri, Sep  9, 2005","Mon, Sep 19, 2005"
3690,Nashville International,Nashville,United States,BNA,KBNA,36.124472,-86.678194,599,-6,A,"Nashville, TN",4766,4779,4837,4842,4.917960553923618,11.285415358861684,38.0,71.0,"Thu, Sep 15, 2005","Fri, Sep  2, 2005"
3495,Boise Air Terminal,Boise,United States,BOI,KBOI,43.564361,-116.222861,2871,-7,A,"Boise, ID",1374,1375,1379,1379,4.125909752547303,9.965818181818188,29.0,38.0,"Sat, Sep 10, 2005","Fri, Sep 30, 2005"
3448,General Edward Lawrence Logan International,Boston,United States,BOS,KBOS,42.364347,-71.005181,19,-5,A,"Boston, MA",10037,10029,10195,10191,7.2332370230148495,20.074284574733323,63.0,208.0,"Sun, Sep 18, 2005","Thu, Sep 22, 2005"
3612,Southeast Texas Regional,Beaumont,United States,BPT,KBPT,29.950833,-94.020694,15,-6,A,"Beaumont/Port Arthur, TX",21,22,30,30,5.190476190476191,16.227272727272727,12.0,47.0,"Sat, Sep  3, 2005","Sat, Sep 10, 2005"
5725,Brunswick Golden Isles Airport,Brunswick,United States,BQK,KBQK,31.2588,-81.4665,26,-5,A,"Brunswick, GA",116,86,117,90,3.793103448275862,7.1976744186046515,23.0,21.0,"Sat, Sep  3, 2005","Sat, Sep 10, 2005"
3738,Brownsville South Padre Island International,Brownsville,United States,BRO,KBRO,25.906833,-97.425861,22,-6,A,"Brownsville, TX",120,119,136,135,6.05,18.63865546218488,20.0,62.0,"Sat, Sep  3, 2005","Thu, Sep 15, 2005"
3571,Wiley Post Will Rogers Memorial,Barrow,United States,BRW,PABR,71.285446,-156.766003,44,-9,A,"Barrow, AK",51,52,54,54,3.450980392156863,5.6923076923076925,6.0,21.0,"Sat, Sep 17, 2005","Fri, Sep 30, 2005"
4022,Bert Mooney Airport,Butte,United States,BTM,KBTM,45.954806,-112.497472,5550,-7,A,"Butte, MT",110,110,112,115,4.154545454545452,8.554545454545448,10.0,25.0,"Tue, Sep 20, 2005","Sun, Sep 11, 2005"
3846,Baton Rouge Metro-Ryan Field,Baton Rouge,United States,BTR,KBTR,30.533167,-91.149639,70,-6,A,"Baton Rouge, LA",803,801,869,868,5.682440846824401,13.345817727840195,80.0,111.0,"Thu, Sep 22, 2005","Wed, Sep 14, 2005"
3711,Burlington International,Burlington,United States,BTV,KBTV,44.471861,-73.153278,335,-5,A,"Burlington, VT",796,798,803,805,4.011306532663316,13.976190476190478,13.0,105.0,"Thu, Sep  8, 2005","Thu, Sep  1, 2005"
3820,Buffalo Niagara International,Buffalo,United States,BUF,KBUF,42.940525,-78.732167,724,-5,A,"Buffalo, NY",2241,2239,2253,2253,4.3284248103525265,11.911121036176839,53.0,120.0,"Wed, Sep 21, 2005","Thu, Sep  1, 2005"
3644,Bob Hope,Burbank,United States,BUR,KBUR,34.200667,-118.358667,778,-8,A,"Burbank, CA",2466,2462,2484,2484,2.8195458231954564,11.196588139723811,23.0,71.0,"Wed, Sep 28, 2005","Fri, Sep  9, 2005"
3849,Baltimore Washington International,Baltimore,United States,BWI,KBWI,39.175361,-76.668333,146,-5,A,"Baltimore, MD",8502,8506,8594,8590,4.545989179016717,11.70444392193748,39.0,136.0,"Thu, Sep 15, 2005","Thu, Sep 15, 2005"
4020,Gallatin Field,Bozeman,United States,BZN,KBZN,45.777643,-111.160151,4500,-7,A,"Bozeman, MT",413,411,417,415,4.205811138014528,10.776155717761558,8.0,63.0,"Sun, Sep  4, 2005","Fri, Sep 23, 2005"
3561,Columbia Metropolitan,Colombia,United States,CAE,KCAE,33.938833,-81.119528,236,-5,A,"Columbia, SC",832,826,849,848,4.549278846153836,12.611380145278451,30.0,173.0,"Thu, Sep 15, 2005","Wed, Sep 14, 2005"
4112,Akron Canton Regional Airport,Akron,United States,CAK,KCAK,40.9160833,-81.4421944,1228,-5,A,"Akron, OH",855,856,871,872,4.615204678362581,10.306074766355158,64.0,95.0,"Sat, Sep 24, 2005","Sun, Sep 18, 2005"
3824,Cedar City Regional,Cedar City,United States,CDC,KCDC,37.700967,-113.098847,5622,-7,A,"Cedar City, UT",89,89,92,90,3.662921348314607,8.842696629213485,8.0,41.0,"Sun, Sep 25, 2005","Sun, Sep  4, 2005"
3610,Merle K. Mudhole Smith,Cordova,United States,CDV,PACV,60.491778,-145.477556,48,-9,A,"Cordova, AK",60,60,60,60,3.8666666666666667,7.8,6.0,21.0,"Wed, Sep  7, 2005","Wed, Sep 14, 2005"
5727,Del Norte County Airport,Crescent City,United States,CEC,KCEC,41.7802,-124.237,57,-8,A,"Crescent City, CA",77,79,83,85,2.818181818181819,8.253164556962028,12.0,21.0,"Thu, Sep 22, 2005","Mon, Sep 12, 2005"
3578,Lovell Field,Chattanooga,United States,CHA,KCHA,35.035278,-85.203808,683,-5,A,"Chattanooga, TN",358,357,372,372,3.7206703910614527,9.64985994397759,10.0,61.0,"Thu, Sep 15, 2005","Thu, Sep  1, 2005"
4015,Charlottesville-Albemarle,Charlottesville VA,United States,CHO,KCHO,38.138639,-78.452861,639,-5,A,"Charlottesville, VA",202,198,202,202,3.4504950495049505,8.878787878787875,9.0,27.0,"Tue, Sep 27, 2005","Sun, Sep 18, 2005"
3806,Charleston AFB International,Charleston,United States,CHS,KCHS,32.898647,-80.040528,45,-5,A,"Charleston, SC",1234,1231,1267,1268,5.606969205834679,11.404549147034924,64.0,76.0,"Mon, Sep 19, 2005","Thu, Sep 29, 2005"
3710,Chico Municipal,Chico,United States,CIC,KCIC,39.795383,-121.858422,238,-8,A,"Chico, CA",85,86,86,86,3.023529411764706,10.709302325581392,6.0,27.0,"Mon, Sep 19, 2005","Sun, Sep 11, 2005"
4043,Cedar Rapids,Cedar Rapids,United States,CID,KCID,41.884694,-91.710806,869,-6,A,"Cedar Rapids/Iowa City, IA",651,654,661,663,4.27035330261137,10.669724770642208,25.0,91.0,"Tue, Sep 27, 2005","Wed, Sep 28, 2005"
4088,McClellan-Palomar Airport,Carlsbad,United States,CLD,KCRQ,33.0742,-117.1648,328,-8,A,"Carlsbad, CA",169,169,170,172,3.2958579881656807,7.6982248520710055,13.0,34.0,"Sun, Sep 11, 2005","Wed, Sep 21, 2005"
3486,Cleveland Hopkins International,Cleveland,United States,CLE,KCLE,41.411689,-81.849794,791,-5,A,"Cleveland, OH",7162,7166,7237,7238,6.256911477241,15.924504605079521,29.0,173.0,"Fri, Sep 16, 2005","Wed, Sep 14, 2005"
3715,Easterwood Field,College Station,United States,CLL,KCLL,30.588583,-96.363833,321,-6,A,"College Station/Bryan, TX",220,217,235,234,5.318181818181822,9.488479262672803,21.0,23.0,"Thu, Sep 15, 2005","Thu, Sep 22, 2005"
3876,Charlotte Douglas International,Charlotte,United States,CLT,KCLT,35.214,-80.943139,748,-5,A,"Charlotte, NC",9005,9014,9164,9157,4.855524708495308,18.042045706678532,43.0,180.0,"Tue, Sep 13, 2005","Wed, Sep 14, 2005"
3759,Port Columbus International,Columbus,United States,CMH,KCMH,39.997972,-82.891889,815,-5,A,"Columbus, OH",2999,2983,3043,3035,5.414471490496825,12.428092524304382,32.0,227.0,"Thu, Sep 15, 2005","Wed, Sep 21, 2005"
4049,Champaign,Champaign,United States,CMI,KCMI,40.03925,-88.278056,754,-6,A,"Champaign/Urbana, IL",309,305,316,316,3.9449838187702264,11.449180327868849,10.0,104.0,"Sat, Sep  3, 2005","Thu, Sep 22, 2005"
4344,Yellowstone Regional,Cody,United States,COD,KCOD,44.520194,-109.023806,5102,-7,A,"Cody, WY",116,115,117,118,3.862068965517242,10.739130434782613,20.0,36.0,"Mon, Sep  5, 2005","Mon, Sep 19, 2005"
3819,City Of Colorado Springs Municipal,Colorado Springs,United States,COS,KCOS,38.805805,-104.700778,6187,-7,A,"Colorado Springs, CO",1215,1216,1238,1236,6.153086419753087,13.092927631578954,36.0,66.0,"Mon, Sep  5, 2005","Thu, Sep 22, 2005"
3872,Natrona County International,Casper,United States,CPR,KCPR,42.908,-106.464417,5347,-7,A,"Casper, WY",311,311,313,312,3.360128617363343,8.874598070739555,8.0,31.0,"Sat, Sep 24, 2005","Mon, Sep 19, 2005"
3744,Corpus Christi International,Corpus Christi,United States,CRP,KCRP,27.770361,-97.501222,44,-6,A,"Corpus Christi, TX",743,741,798,798,4.014804845222072,10.967611336032377,20.0,69.0,"Thu, Sep 15, 2005","Mon, Sep 12, 2005"
4285,Yeager,Charleston,United States,CRW,KCRW,38.373147,-81.593189,981,-5,A,"Charleston/Dunbar, WV",355,354,367,366,3.4309859154929576,11.206214689265524,26.0,150.0,"Tue, Sep  6, 2005","Sun, Sep  4, 2005"
4255,Columbus Metropolitan Airport,Columbus,United States,CSG,KCSG,32.5163333,-84.9388611,397,-5,A,"Columbus, GA",109,112,120,120,3.055045871559633,9.446428571428566,10.0,30.0,"Thu, Sep 29, 2005","Wed, Sep 21, 2005"
3488,Cincinnati Northern Kentucky International,Cincinnati,United States,CVG,KCVG,39.048836,-84.667822,896,-5,A,"Cincinnati, OH",16630,16769,16929,16964,4.766265784726424,14.39734033037152,119.0,152.0,"Fri, Sep  9, 2005","Mon, Sep 19, 2005"
3950,Daytona Beach International,Daytona Beach,United States,DAB,KDAB,29.179917,-81.058056,34,-5,A,"Daytona Beach, FL",252,253,254,256,3.757936507936508,12.458498023715414,8.0,65.0,"Sun, Sep  4, 2005","Thu, Sep 29, 2005"
3502,Dallas Love Field,Dallas,United States,DAL,KDAL,32.847111,-96.851778,487,-6,A,"Dallas, TX",3156,3177,3301,3303,3.0731939163498088,8.776833490714498,23.0,80.0,"Thu, Sep 22, 2005","Tue, Sep 13, 2005"
3627,James M. Cox Dayton International,Dayton,United States,DAY,KDAY,39.902375,-84.219375,1009,-5,A,"Dayton, OH",1106,1108,1127,1129,4.725135623869805,13.639891696750913,22.0,123.0,"Fri, Sep  2, 2005","Mon, Sep 19, 2005"
4388,Dubuque Regional,Dubuque IA,United States,DBQ,KDBQ,42.402,-90.709472,1076,-6,A,"Dubuque, IA",116,117,118,119,3.7586206896551726,11.58974358974359,7.0,132.0,"Mon, Sep 26, 2005","Mon, Sep 19, 2005"
3520,Ronald Reagan Washington National,Washington,United States,DCA,KDCA,38.852083,-77.037722,15,-5,A,"Washington, DC",8201,8201,8357,8349,4.510547494208024,14.614925009145228,77.0,192.0,"Sun, Sep 25, 2005","Thu, Sep 15, 2005"
3751,Denver International,Denver,United States,DEN,KDEN,39.861656,-104.673178,5431,-7,A,"Denver, CO",16151,16138,16297,16257,7.239242152188718,13.625542198537605,78.0,101.0,"Thu, Sep  1, 2005","Fri, Sep 16, 2005"
3670,Dallas Fort Worth International,Dallas-fort Worth,United States,DFW,KDFW,32.896828,-97.037997,607,-6,A,"Dallas/Fort Worth, TX",24762,24881,25290,25274,11.503311525724882,17.74056508982757,127.0,214.0,"Wed, Sep 28, 2005","Thu, Sep 15, 2005"
3739,Dothan Regional,Dothan,United States,DHN,KDHN,31.321339,-85.449628,401,-6,A,"Dothan, AL",143,142,146,146,3.5104895104895104,8.859154929577462,9.0,32.0,"Thu, Sep  1, 2005","Mon, Sep 26, 2005"
3460,Dillingham,Dillingham,United States,DLG,PADL,59.044667,-158.5055,74,-9,A,"Dillingham, AK",20,20,21,21,2.35,5.8,4.0,17.0,"Thu, Sep  1, 2005","Mon, Sep 12, 2005"
3598,Duluth International,Duluth,United States,DLH,KDLH,46.842091,-92.193649,1428,-6,A,"Duluth, MN",83,83,83,83,5.192771084337349,9.63855421686747,10.0,27.0,"Wed, Sep 14, 2005","Fri, Sep  9, 2005"
3713,Durango La Plata County,Durango,United States,DRO,KDRO,37.151516,-107.75377,6685,-7,A,"Durango, CO",33,34,34,34,4.0606060606060606,7.529411764705882,6.0,19.0,"Thu, Sep  1, 2005","Sun, Sep  4, 2005"
3729,Des Moines International,Des Moines,United States,DSM,KDSM,41.533972,-93.663083,958,-6,A,"Des Moines, IA",903,901,925,923,4.251384274640093,12.033296337402883,26.0,96.0,"Sat, Sep 10, 2005","Tue, Sep 13, 2005"
3645,Detroit Metro Wayne County,Detroit,United States,DTW,KDTW,42.212444,-83.353389,645,-5,A,"Detroit, MI",10391,10454,10584,10612,9.107208160908526,17.594509278745086,76.0,205.0,"Thu, Sep 22, 2005","Wed, Sep 14, 2005"
4250,Eagle County Regional,Vail,United States,EGE,KEGE,39.642556,-106.917694,6540,-7,A,"Eagle, CO",16,18,16,18,4.5,13.777777777777779,9.0,26.0,"Thu, Sep  1, 2005","Fri, Sep  2, 2005"
5736,Elko Regional Airport,Elko,United States,EKO,KEKO,40.8249,-115.792,5140,-8,A,"Elko, NV",165,165,166,166,4.1090909090909085,8.26060606060606,7.0,73.0,"Thu, Sep 22, 2005","Wed, Sep 28, 2005"
3559,El Paso International,El Paso,United States,ELP,KELP,31.80725,-106.377583,3958,-7,A,"El Paso, TX",1796,1801,1825,1826,3.668151447661468,9.64242087729038,52.0,57.0,"Tue, Sep  6, 2005","Thu, Sep 22, 2005"
4276,Erie International-Tom Ridge Field,Erie,United States,ERI,KERI,42.082022,-80.176217,733,-5,A,"Erie, PA",85,85,86,86,4.152941176470589,11.941176470588237,12.0,35.0,"Fri, Sep 30, 2005","Wed, Sep 21, 2005"
4099,Mahlon Sweet Field,Eugene,United States,EUG,KEUG,44.124583,-123.211972,374,-8,A,"Eugene, OR",451,447,453,454,4.6053215077605305,9.615212527964198,11.0,25.0,"Thu, Sep  1, 2005","Mon, Sep 26, 2005"
4018,Evansville Regional,Evansville,United States,EVV,KEVV,38.036997,-87.532364,418,-6,A,"Evansville, IN",474,479,489,495,4.56540084388186,10.724425887265143,13.0,70.0,"Thu, Sep 22, 2005","Sun, Sep 18, 2005"
3494,Newark Liberty International,Newark,United States,EWR,KEWR,40.6925,-74.168667,18,-5,A,"Newark, NJ",12127,12178,12358,12364,8.761111569225614,25.914271637378942,149.0,173.0,"Sun, Sep 18, 2005","Mon, Sep 19, 2005"
3875,Key West International,Key West,United States,EYW,KEYW,24.556111,-81.759556,3,-5,A,"Key West, FL",91,69,108,83,3.6373626373626373,9.73913043478261,23.0,40.0,"Mon, Sep 26, 2005","Fri, Sep  2, 2005"
3832,Fairbanks International,Fairbanks,United States,FAI,PAFA,64.815114,-147.856267,434,-9,A,"Fairbanks, AK",442,442,451,453,3.800904977375564,10.110859728506775,13.0,37.0,"Sat, Sep 24, 2005","Sat, Sep 10, 2005"
4292,Hector International Airport,Fargo,United States,FAR,KFAR,46.92065,-96.8157639,902,-6,A,"Fargo, ND",329,327,331,330,4.644376899696044,9.856269113149853,9.0,76.0,"Mon, Sep  5, 2005","Sat, Sep  3, 2005"
3687,Fresno Yosemite International,Fresno,United States,FAT,KFAT,36.776194,-119.71814,336,-8,A,"Fresno, CA",1102,1105,1109,1108,4.114337568058076,9.038009049773763,20.0,50.0,"Thu, Sep  1, 2005","Tue, Sep  6, 2005"
5738,Fayetteville Regional-Grannis Field,Fayetteville,United States,FAY,KFAY,34.9912,-78.8803,189,-5,A,"Fayetteville, NC",118,119,120,120,4.796610169491525,9.176470588235302,20.0,47.0,"Sun, Sep 11, 2005","Tue, Sep 20, 2005"
4127,Glacier Park International,Kalispell,United States,FCA,KFCA,48.310472,-114.256,2977,-7,A,"Kalispell, MT",300,298,300,300,3.9166666666666665,9.6241610738255,18.0,50.0,"Sat, Sep  3, 2005","Sun, Sep 11, 2005"
3533,Fort Lauderdale Hollywood International,Fort Lauderdale,United States,FLL,KFLL,26.072583,-80.15275,9,-5,A,"Fort Lauderdale, FL",4747,4755,4859,4862,4.1253423214662,14.241850683491068,82.0,96.0,"Fri, Sep  2, 2005","Fri, Sep  9, 2005"
3879,Florence Regional,Florence,United States,FLO,KFLO,34.185361,-79.723889,146,-5,A,"Florence, SC",59,60,60,61,4.1864406779661,9.0,9.0,19.0,"Sun, Sep 18, 2005","Mon, Sep  5, 2005"
4089,Bishop International,Flint,United States,FNT,KFNT,42.965424,-83.743629,782,-5,A,"Flint, MI",538,536,546,546,4.152416356877325,9.61567164179104,15.0,37.0,"Thu, Sep  1, 2005","Thu, Sep 22, 2005"
4009,Sioux Falls,Sioux Falls,United States,FSD,KFSD,43.582014,-96.741914,1429,-6,A,"Sioux Falls, SD",384,385,392,393,4.809895833333337,11.17662337662338,10.0,104.0,"Fri, Sep  9, 2005","Mon, Sep 19, 2005"
3437,Fort Smith Regional,Fort Smith,United States,FSM,KFSM,35.336583,-94.367444,469,-6,A,"Fort Smith, AR",172,172,176,176,4.9302325581395365,9.255813953488374,31.0,34.0,"Wed, Sep  7, 2005","Fri, Sep 16, 2005"
4041,Fort Wayne,Fort Wayne,United States,FWA,KFWA,40.978472,-85.195139,815,-5,A,"Fort Wayne, IN",469,470,474,475,4.162046908315562,10.391489361702135,14.0,98.0,"Wed, Sep 28, 2005","Tue, Sep 13, 2005"
3467,Spokane International,Spokane,United States,GEG,KGEG,47.619861,-117.533833,2376,-8,A,"Spokane, WA",1139,1140,1147,1149,4.052677787532925,9.391228070175437,25.0,36.0,"Tue, Sep  6, 2005","Sat, Sep 10, 2005"
3442,Grand Forks International,Grand Forks,United States,GFK,KGFK,47.949256,-97.176111,845,-6,A,"Grand Forks, ND",80,80,81,81,4.087500000000001,9.075,7.0,28.0,"Sun, Sep 11, 2005","Sat, Sep 17, 2005"
3465,East Texas Regional,Longview,United States,GGG,KGGG,32.384014,-94.711486,365,-6,A,"Longview, TX",88,87,89,90,5.534090909090908,8.758620689655174,16.0,27.0,"Tue, Sep 20, 2005","Thu, Sep 15, 2005"
4063,Grand Junction Regional,Grand Junction,United States,GJT,KGJT,39.122413,-108.526735,4858,-7,A,"Grand Junction, CO",351,349,358,356,3.019943019943021,8.352435530085952,10.0,20.0,"Wed, Sep 14, 2005","Tue, Sep 20, 2005"
3472,Gainesville Regional,Gainesville,United States,GNV,KGNV,29.690056,-82.271778,152,-5,A,"Gainesville, FL",196,198,205,206,3.7653061224489797,8.272727272727272,17.0,22.0,"Tue, Sep 20, 2005","Thu, Sep  1, 2005"
4038,Gulfport-Biloxi,Gulfport,United States,GPT,KGPT,30.407278,-89.070111,28,-6,A,"Gulfport/Biloxi, MS",134,131,243,242,5.253731343283582,11.793893129770993,17.0,39.0,"Wed, Sep 21, 2005","Sat, Sep 17, 2005"
3653,Austin Straubel International,Green Bay,United States,GRB,KGRB,44.485072,-88.129589,695,-6,A,"Green Bay, WI",535,535,543,542,4.6168224299065415,10.362616822429906,21.0,124.0,"Thu, Sep 29, 2005","Wed, Sep 28, 2005"
3775,Robert Gray AAF,Killeen,United States,GRK,KGRK,31.06725,-97.828917,1015,-6,A,"Killeen, TX",416,415,430,430,4.480769230769228,10.83855421686747,33.0,72.0,"Fri, Sep 23, 2005","Wed, Sep 28, 2005"
3685,Gerald R. Ford International,Grand Rapids,United States,GRR,KGRR,42.880833,-85.522806,794,-5,A,"Grand Rapids, MI",1295,1298,1320,1322,4.085714285714285,12.00385208012327,24.0,92.0,"Thu, Sep  8, 2005","Mon, Sep 26, 2005"
4008,Piedmont Triad,Greensboro,United States,GSO,KGSO,36.09775,-79.937306,925,-5,A,"Greensboro/High Point, NC",1399,1399,1448,1448,4.177269478198713,14.619728377412443,41.0,95.0,"Sun, Sep 11, 2005","Mon, Sep 26, 2005"
4034,Greenville-Spartanburg International,Greenville,United States,GSP,KGSP,34.895556,-82.218889,964,-5,A,"Greer, SC",1038,1041,1063,1064,3.7427745664739884,12.575408261287217,29.0,75.0,"Fri, Sep  2, 2005","Tue, Sep 20, 2005"
3880,Great Falls International,Great Falls,United States,GTF,KGTF,47.482,-111.370689,3677,-7,A,"Great Falls, MT",410,409,413,413,4.1097560975609815,8.090464547677257,10.0,29.0,"Fri, Sep  9, 2005","Fri, Sep 23, 2005"
4273,Golden Triangle Regional Airport,Columbus Mississippi,United States,GTR,KGTR,33.450333,-88.591361,264,-6,A,"Columbus, MS",113,114,115,115,3.761061946902655,9.070175438596499,19.0,23.0,"Sun, Sep 11, 2005","Wed, Sep 21, 2005"
4339,Yampa Valley,Hayden,United States,HDN,KHDN,40.481181,-107.21766,6602,-7,A,"Hayden, CO",25,26,26,26,3.6,8.26923076923077,8.0,20.0,"Sat, Sep 24, 2005","Sun, Sep 25, 2005"
3547,Hickory Regional,Hickory,United States,HKY,KHKY,35.741147,-81.38955,1189,-5,A,"Hickory, NC",88,86,90,90,3.375,9.988372093023251,9.0,49.0,"Sun, Sep 25, 2005","Thu, Sep 29, 2005"
3504,Helena Regional,Helena,United States,HLN,KHLN,46.606806,-111.98275,3877,-7,A,"Helena, MT",200,199,204,202,3.475,8.864321608040202,8.0,27.0,"Mon, Sep 26, 2005","Sun, Sep  4, 2005"
3728,Honolulu International,Honolulu,United States,HNL,PHNL,21.318681,-157.922428,13,-10,N,"Honolulu, HI",2992,3005,3011,3012,4.8796791443850225,13.450582362728795,29.0,39.0,"Thu, Sep 22, 2005","Tue, Sep 20, 2005"
3566,William P. Hobby,Houston,United States,HOU,KHOU,29.645419,-95.278889,46,-6,A,"Houston, TX",4295,4310,4647,4631,4.133643771827711,11.739443155452438,65.0,148.0,"Wed, Sep 21, 2005","Thu, Sep 22, 2005"
3589,Westchester County,White Plains,United States,HPN,KHPN,41.066959,-73.707575,439,-5,A,"White Plains, NY",506,507,516,516,5.266798418972334,19.029585798816566,29.0,228.0,"Sun, Sep 25, 2005","Mon, Sep 19, 2005"
3560,Valley International,Harlingen,United States,HRL,KHRL,26.2285,-97.654389,36,-6,A,"Harlingen/San Benito, TX",448,456,478,478,2.904017857142858,9.546052631578956,39.0,62.0,"Thu, Sep  1, 2005","Tue, Sep 13, 2005"
4113,Huntsville International Airport-Carl T. Jones Field,Huntsville,United States,HSV,KHSV,34.6371944,-86.7750556,629,-6,A,"Huntsville, AL",929,926,967,968,4.947255113024763,11.277537796976235,36.0,103.0,"Fri, Sep 16, 2005","Thu, Sep 29, 2005"
5742,TriState-Milton J. Ferguson Field,Huntington,United States,HTS,KHTS,38.3667,-82.558,828,-5,A,"Ashland, WV",90,90,90,90,3.5555555555555554,12.411111111111111,11.0,164.0,"Thu, Sep 22, 2005","Wed, Sep 21, 2005"
4006,Tweed-New Haven Airport,New Haven,United States,HVN,KHVN,41.26375,-72.886806,14,-5,A,"New Haven, CT",86,86,86,86,3.697674418604651,10.5,12.0,53.0,"Sun, Sep 11, 2005","Thu, Sep 15, 2005"
3714,Washington Dulles International,Washington,United States,IAD,KIAD,38.944533,-77.455811,313,-5,A,"Washington, DC",9304,9301,9398,9391,6.148108340498724,19.145253198580782,53.0,142.0,"Sun, Sep 25, 2005","Mon, Sep 26, 2005"
3550,George Bush Intercontinental Houston,Houston,United States,IAH,KIAH,29.984433,-95.341442,97,-6,A,"Houston, TX",14914,14949,16608,16606,8.661861338339856,20.51187370392681,66.0,117.0,"Thu, Sep 22, 2005","Thu, Sep 22, 2005"
3457,Wichita Mid Continent,Wichita,United States,ICT,KICT,37.649944,-97.433056,1333,-6,A,"Wichita, KS",767,768,788,788,4.405475880052162,11.124999999999991,21.0,90.0,"Tue, Sep 20, 2005","Thu, Sep 15, 2005"
4100,Idaho Falls Regional,Idaho Falls,United States,IDA,KIDA,43.514556,-112.07075,4744,-7,A,"Idaho Falls, ID",264,264,271,266,4.079545454545453,8.462121212121207,15.0,60.0,"Sat, Sep 17, 2005","Sun, Sep 18, 2005"
3845,Wilmington International,Wilmington,United States,ILM,KILM,34.270615,-77.902569,32,-5,A,"Wilmington, NC",346,347,370,370,4.578034682080931,9.270893371757913,20.0,40.0,"Fri, Sep 16, 2005","Fri, Sep 16, 2005"
3585,Indianapolis International,Indianapolis,United States,IND,KIND,39.717331,-86.294383,797,-5,A,"Indianapolis, IN",3450,3461,3512,3514,8.25652173913045,13.27882114995666,71.0,115.0,"Sat, Sep 10, 2005","Fri, Sep 23, 2005"
3689,Imperial County,Imperial,United States,IPL,KIPL,32.834219,-115.578744,-54,-8,A,"El Centro, CA",60,60,60,60,4.316666666666666,11.883333333333333,8.0,28.0,"Thu, Sep  8, 2005","Mon, Sep  5, 2005"
7522,Kinston Regional Jetport,Kinston,United States,ISO,KISO,35.331389,-77.608889,94,7,A,"Kinston, NC",82,83,85,85,3.682926829268293,7.265060240963855,11.0,17.0,"Mon, Sep 19, 2005","Fri, Sep 30, 2005"
3857,Long Island MacArthur,Islip,United States,ISP,KISP,40.79525,-73.100222,99,-5,A,"Islip, NY",1107,1106,1111,1111,3.968383017163508,9.830922242314646,20.0,88.0,"Mon, Sep  5, 2005","Thu, Sep 15, 2005"
3415,Hilo International,Hilo,United States,ITO,PHTO,19.721375,-155.048469,38,-10,N,"Hilo, HI",236,236,236,236,4.572033898305081,5.17372881355932,7.0,10.0,"Sun, Sep 11, 2005","Fri, Sep 23, 2005"
7120,Inyokern Airport,Inyokern,United States,IYK,KIYK,35.658889,-117.829444,2455,-8,A,"Inyokern, CA",80,80,84,84,3.425,9.787499999999998,7.0,20.0,"Mon, Sep 19, 2005","Fri, Sep 23, 2005"
4027,Jackson Hole Airport,Jacksn Hole,United States,JAC,KJAC,43.60733333,-110.73775,6451,-7,A,"Jackson, WY",325,335,346,353,3.206153846153846,13.31940298507463,10.0,87.0,"Wed, Sep  7, 2005","Mon, Sep 12, 2005"
3580,Jackson Evers International,Jackson,United States,JAN,KJAN,32.311167,-90.075889,346,-6,A,"Jackson/Vicksburg, MS",874,879,899,905,4.556064073226533,10.522184300341289,46.0,94.0,"Tue, Sep 27, 2005","Thu, Sep 15, 2005"
3712,Jacksonville International,Jacksonville,United States,JAX,KJAX,30.494056,-81.687861,30,-5,A,"Jacksonville, FL",2525,2526,2559,2559,5.031683168316827,11.849564528899451,49.0,74.0,"Tue, Sep  6, 2005","Tue, Sep 13, 2005"
3797,John F. Kennedy International,New York,United States,JFK,KJFK,40.639751,-73.778925,13,-5,A,"New York, NY",8267,8277,8384,8379,10.267569856054156,30.205992509363295,124.0,238.0,"Thu, Sep  1, 2005","Thu, Sep 15, 2005"
3492,Juneau International,Juneau,United States,JNU,PAJN,58.354972,-134.576278,21,-9,A,"Juneau, AK",375,376,380,381,4.528000000000002,11.11170212765958,14.0,50.0,"Wed, Sep  7, 2005","Sat, Sep 10, 2005"
3514,Kona International At Keahole,Kona,United States,KOA,PHKO,19.738767,-156.045631,47,-10,N,"Kona, HI",545,545,545,545,4.139449541284402,8.442201834862379,33.0,42.0,"Sat, Sep  3, 2005","Sat, Sep 17, 2005"
3808,Ketchikan International,Ketchikan,United States,KTN,PAKT,55.355556,-131.71375,88,-9,A,"Ketchikan, AK",196,198,199,200,4.8265306122448965,10.303030303030308,17.0,41.0,"Sun, Sep 18, 2005","Thu, Sep 29, 2005"
3544,Capital City,Lansing,United States,LAN,KLAN,42.7787,-84.587357,861,-5,A,"Lansing, MI",329,326,333,331,4.0364741641337405,9.208588957055209,18.0,50.0,"Thu, Sep 22, 2005","Thu, Sep  8, 2005"
3877,McCarran International,Las Vegas,United States,LAS,KLAS,36.080056,-115.15225,2141,-8,A,"Las Vegas, NV",13850,13855,13961,13967,5.978050541516257,16.54926019487546,48.0,82.0,"Sat, Sep 17, 2005","Fri, Sep  2, 2005"
4256,Lawton-Fort Sill Regional Airport,Lawton,United States,LAW,KLAW,34.5677144,-98.4166367,1110,-6,A,"Lawton/Fort Sill, OK",176,174,180,180,5.250000000000001,9.862068965517237,17.0,73.0,"Fri, Sep 23, 2005","Wed, Sep 28, 2005"
3484,Los Angeles International,Los Angeles,United States,LAX,KLAX,33.942536,-118.408075,126,-8,A,"Los Angeles, CA",18802,18816,19029,19030,7.36097223699607,13.885735544217686,67.0,129.0,"Fri, Sep  2, 2005","Fri, Sep 16, 2005"
3829,Lubbock Preston Smith International,Lubbock,United States,LBB,KLBB,33.663639,-101.822778,3282,-6,A,"Lubbock, TX",773,773,792,792,3.204398447606729,9.163001293661072,21.0,85.0,"Tue, Sep 27, 2005","Wed, Sep 28, 2005"
3513,Lake Charles Regional,Lake Charles,United States,LCH,KLCH,30.126112,-93.223335,15,-6,A,"Lake Charles, LA",82,84,119,119,5.463414634146342,21.523809523809526,11.0,56.0,"Wed, Sep 14, 2005","Wed, Sep 14, 2005"
4017,Blue Grass,Lexington KY,United States,LEX,KLEX,38.0365,-84.605889,979,-5,A,"Lexington, KY",853,853,876,878,4.431418522860494,11.975381008206343,34.0,95.0,"Fri, Sep 23, 2005","Thu, Sep  1, 2005"
3493,Lafayette Regional,Lafayette,United States,LFT,KLFT,30.205278,-91.987611,43,-6,A,"Lafayette, LA",288,289,331,330,5.111111111111107,15.501730103806228,65.0,100.0,"Sat, Sep  3, 2005","Fri, Sep 30, 2005"
3697,LaGuardia Airport,New York,United States,LGA,KLGA,40.777245,-73.872608,22,-5,A,"New York, NY",10137,10142,10377,10372,7.4731182795699,24.20153815815421,64.0,214.0,"Wed, Sep 21, 2005","Wed, Sep 14, 2005"
3582,Long Beach,Long Beach,United States,LGB,KLGB,33.817722,-118.151611,60,-8,A,"Long Beach, CA",917,919,920,920,4.773173391493999,12.90097932535364,37.0,52.0,"Fri, Sep  9, 2005","Fri, Sep  9, 2005"
3602,Lihue,Lihue,United States,LIH,PHLI,21.975983,-159.338958,153,-10,N,"Lihue, HI",606,606,607,607,5.249174917491747,4.810231023102313,11.0,38.0,"Sun, Sep 18, 2005","Fri, Sep 16, 2005"
3660,Adams Field,Little Rock,United States,LIT,KLIT,34.729444,-92.224306,262,-6,A,"Little Rock, AR",1518,1519,1557,1559,4.629776021080378,10.919025674786038,69.0,168.0,"Thu, Sep 15, 2005","Wed, Sep 14, 2005"
3543,Lincoln,Lincoln,United States,LNK,KLNK,40.850971,-96.75925,1219,-6,A,"Lincoln, NE",170,170,170,170,4.070588235294118,8.788235294117644,13.0,35.0,"Mon, Sep 12, 2005","Tue, Sep 13, 2005"
3691,Laredo International,Laredo,United States,LRD,KLRD,27.54375,-99.461556,508,-6,A,"Laredo, TX",230,230,242,243,3.391304347826087,10.526086956521747,12.0,64.0,"Thu, Sep 15, 2005","Sun, Sep 11, 2005"
4044,LaCrosse Municipal,LaCrosse,United States,LSE,KLSE,43.878986,-91.256711,654,-6,A,"La Crosse, WI",144,143,146,146,3.3680555555555554,11.118881118881118,12.0,57.0,"Wed, Sep 21, 2005","Fri, Sep  2, 2005"
6958,Greenbrier Valley Airport,Lewisburg,United States,LWB,KLWB,37.858333,-80.399444,2302,-5,U,"Lewisburg, WV",30,30,30,30,3.8333333333333335,6.666666666666667,7.0,13.0,"Sat, Sep 10, 2005","Fri, Sep 30, 2005"
3945,Lewiston Nez Perce County,Lewiston,United States,LWS,KLWS,46.3745,-117.015389,1442,-8,A,"Lewiston, ID",60,59,60,60,5.15,10.084745762711863,7.0,22.0,"Sat, Sep  3, 2005","Wed, Sep 21, 2005"
5753,Lynchburg Regional-Preston Glenn Field,Lynchburg,United States,LYH,KLYH,37.3267,-79.2004,938,-5,A,"Lynchburg, VA",87,89,90,90,3.045977011494254,8.415730337078651,10.0,19.0,"Thu, Sep  1, 2005","Fri, Sep 30, 2005"
3652,Midland International,Midland,United States,MAF,KMAF,31.942528,-102.201914,2871,-6,A,"Midland/Odessa, TX",642,644,666,666,2.845794392523367,8.523291925465838,7.0,38.0,"Fri, Sep  2, 2005","Tue, Sep 13, 2005"
4128,MBS International,Saginaw,United States,MBS,KMBS,43.532913,-84.079647,668,-5,A,"Saginaw/Bay City/Midland, MI",165,164,169,170,4.436363636363635,10.731707317073171,9.0,38.0,"Fri, Sep 30, 2005","Thu, Sep 22, 2005"
3458,Kansas City International,Kansas City,United States,MCI,KMCI,39.297606,-94.713905,1026,-6,A,"Kansas City, MO",4558,4549,4613,4609,4.4526107942080015,11.007034513079795,33.0,193.0,"Fri, Sep 30, 2005","Mon, Sep 19, 2005"
3754,Middle Georgia Regional,Macon,United States,MCN,KMCN,32.69285,-83.649211,354,-5,A,"Macon, GA",89,83,91,90,3.5168539325842696,11.084337349397593,12.0,33.0,"Thu, Sep  1, 2005","Fri, Sep  2, 2005"
3878,Orlando International,Orlando,United States,MCO,KMCO,28.429394,-81.308994,96,-5,A,"Orlando, FL",8762,8776,8844,8845,5.700296735905046,12.650410209662713,60.0,105.0,"Fri, Sep  2, 2005","Tue, Sep  6, 2005"
3542,Harrisburg International,Harrisburg,United States,MDT,KMDT,40.193494,-76.763403,310,-5,A,"Harrisburg, PA",618,603,622,613,4.514563106796113,13.442786069651744,23.0,73.0,"Fri, Sep 30, 2005","Fri, Sep 23, 2005"
3747,Chicago Midway International,Chicago,United States,MDW,KMDW,41.785972,-87.752417,620,-6,A,"Chicago, IL",7928,7938,7982,7980,4.769424823410685,13.218820861678008,62.0,250.0,"Fri, Sep  9, 2005","Thu, Sep 22, 2005"
4335,Key Field,Meridian,United States,MEI,KMEI,32.332624,-88.751868,297,-6,A,"Meridian, MS",113,114,116,116,4.017699115044247,10.035087719298245,11.0,25.0,"Wed, Sep  7, 2005","Wed, Sep  7, 2005"
3473,Memphis International,Memphis,United States,MEM,KMEM,35.042417,-89.976667,341,-6,A,"Memphis, TN",3771,3775,3881,3877,6.024661893396975,15.098013245033108,55.0,136.0,"Mon, Sep 26, 2005","Thu, Sep 15, 2005"
3826,McAllen Miller International,Mcallen,United States,MFE,KMFE,26.175833,-98.238611,107,-6,A,"Mission/McAllen/Edinburg, TX",275,276,289,290,4.207272727272724,10.496376811594201,9.0,45.0,"Sun, Sep 25, 2005","Thu, Sep 15, 2005"
4101,Rogue Valley International Medford,Medford,United States,MFR,KMFR,42.374228,-122.8735,1335,-8,A,"Medford, OR",440,440,445,444,3.30909090909091,8.388636363636353,8.0,70.0,"Tue, Sep  6, 2005","Tue, Sep  6, 2005"
4115,Montgomery Regional Airport ,MONTGOMERY,United States,MGM,KMGM,32.3006389,-86.3939722,221,-6,A,"Montgomery, AL",281,279,292,292,3.4448398576512465,10.856630824372758,13.0,67.0,"Wed, Sep 28, 2005","Mon, Sep  5, 2005"
4011,Manchester Regional Airport,Manchester NH,United States,MHT,KMHT,42.932556,-71.435667,266,-5,A,"Manchester, NH",1970,1969,1978,1977,4.336040609137059,12.514982224479436,35.0,163.0,"Thu, Sep 22, 2005","Thu, Sep  1, 2005"
3576,Miami International,Miami,United States,MIA,KMIA,25.79325,-80.290556,8,-5,A,"Miami, FL",4882,4876,5074,5075,7.622081114297419,16.11792452830189,171.0,113.0,"Sun, Sep 11, 2005","Sat, Sep  3, 2005"
3717,General Mitchell International,Milwaukee,United States,MKE,KMKE,42.947222,-87.896583,723,-6,A,"Milwaukee, WI",1674,1666,1713,1710,4.831541218637997,13.890756302521009,24.0,119.0,"Wed, Sep 14, 2005","Thu, Sep  1, 2005"
3671,Melbourne International,Melbourne,United States,MLB,KMLB,28.102753,-80.645258,33,-5,A,"Melbourne, FL",295,294,304,304,4.976271186440681,10.353741496598646,18.0,28.0,"Sat, Sep  3, 2005","Fri, Sep  2, 2005"
4072,Quad City International,Moline,United States,MLI,KMLI,41.448528,-90.507539,590,-6,A,"Moline, IL",412,411,416,417,3.9344660194174756,9.931873479318735,13.0,69.0,"Sat, Sep 17, 2005","Thu, Sep 29, 2005"
3732,Monroe Regional,Monroe,United States,MLU,KMLU,32.510864,-92.037689,79,-6,A,"Monroe, LA",114,113,119,119,4.508771929824561,11.194690265486724,11.0,46.0,"Sat, Sep 10, 2005","Thu, Sep 15, 2005"
3782,Mobile Regional,Mobile,United States,MOB,KMOB,30.691231,-88.242814,219,-6,A,"Mobile, AL",309,288,344,317,4.906148867313914,11.440972222222221,18.0,91.0,"Thu, Sep 22, 2005","Tue, Sep 13, 2005"
3816,Modesto City County Harry Sham,Modesto,United States,MOD,KMOD,37.625817,-120.954422,97,-8,A,"Modesto, CA",111,111,113,113,2.8828828828828827,9.405405405405403,10.0,23.0,"Sun, Sep  4, 2005","Fri, Sep  9, 2005"
3498,Minot International,Minot,United States,MOT,KMOT,48.259378,-101.280333,1716,-6,A,"Minot, ND",88,88,89,89,5.113636363636363,9.227272727272732,9.0,18.0,"Wed, Sep  7, 2005","Thu, Sep  1, 2005"
6838,Sawyer International Airport,Marquette,United States,MQT,KMQT,46.353611,-87.395278,1221,-5,A,"Marquette, MI",79,79,81,83,4.481012658227849,9.784810126582279,19.0,85.0,"Wed, Sep 28, 2005","Mon, Sep  5, 2005"
3948,Monterey Peninsula,Monterey,United States,MRY,KMRY,36.587,-121.842944,257,-8,A,"Monterey, CA",619,619,621,623,3.319870759289178,9.29886914378029,14.0,44.0,"Wed, Sep  7, 2005","Thu, Sep  8, 2005"
3459,Dane County Regional-Truax Field,Madison,United States,MSN,KMSN,43.139858,-89.337514,887,-6,A,"Madison, WI",797,796,808,808,4.028858218318686,12.790201005025125,28.0,131.0,"Thu, Sep 15, 2005","Wed, Sep  7, 2005"
4216,Missoula International,Missoula,United States,MSO,KMSO,46.916306,-114.090556,3205,-7,A,"Missoula, MT",390,390,391,390,4.78717948717949,9.653846153846152,18.0,37.0,"Sat, Sep 24, 2005","Wed, Sep 14, 2005"
3858,Minneapolis St. Paul International,Minneapolis,United States,MSP,KMSP,44.881956,-93.221767,841,-6,A,"Minneapolis, MN",10746,10805,10934,10938,7.167411129722685,18.78315594632125,101.0,164.0,"Sun, Sep 11, 2005","Wed, Sep 21, 2005"
3861,Louis Armstrong New Orleans International,New Orleans,United States,MSY,KMSY,29.993389,-90.258028,4,-6,A,"New Orleans, LA",218,219,1069,1036,5.821100917431193,11.456621004566212,31.0,35.0,"Mon, Sep 26, 2005","Thu, Sep 29, 2005"
6880,Montrose Regional Airport,Montrose CO,United States,MTJ,KMTJ,38.509794,-107.894242,5759,-7,A,"Montrose/Delta, CO",188,189,192,193,3.3882978723404262,10.708994708994707,7.0,70.0,"Thu, Sep  8, 2005","Mon, Sep 26, 2005"
3515,Myrtle Beach International,Myrtle Beach,United States,MYR,KMYR,33.67975,-78.928333,25,-5,A,"Myrtle Beach, SC",534,515,552,533,3.9307116104868913,10.728155339805822,19.0,117.0,"Thu, Sep  1, 2005","Thu, Sep 15, 2005"
3453,Metropolitan Oakland International,Oakland,United States,OAK,KOAK,37.721278,-122.220722,9,-8,A,"Oakland, CA",5789,5796,5837,5839,5.084816030402487,10.706176673567986,54.0,97.0,"Thu, Sep 22, 2005","Fri, Sep  9, 2005"
3456,Kahului,Kahului,United States,OGG,PHOG,20.89865,-156.430458,54,-10,N,"Kahului, HI",1085,1083,1086,1086,4.825806451612898,8.253000923361032,48.0,26.0,"Tue, Sep 13, 2005","Mon, Sep 12, 2005"
3863,Will Rogers World,Oklahoma City,United States,OKC,KOKC,35.393089,-97.600733,1295,-6,A,"Oklahoma City, OK",1635,1620,1671,1659,4.639143730886839,10.925308641975302,45.0,110.0,"Thu, Sep 29, 2005","Wed, Sep 28, 2005"
3454,Eppley Airfield,Omaha,United States,OMA,KOMA,41.303167,-95.894069,984,-6,A,"Omaha, NE",1879,1895,1914,1938,3.704097924427887,11.756200527704488,26.0,151.0,"Sun, Sep  4, 2005","Wed, Sep 14, 2005"
3615,Nome,Nome,United States,OME,PAOM,64.512203,-165.445247,37,-9,A,"Nome, AK",85,86,90,90,2.9529411764705884,6.046511627906977,8.0,21.0,"Wed, Sep  7, 2005","Thu, Sep  8, 2005"
3734,Ontario International,Ontario,United States,ONT,KONT,34.056,-117.601194,944,-8,A,"Ontario, CA",2958,2953,2989,2989,4.4594320486815615,10.165594310870308,21.0,52.0,"Sat, Sep 10, 2005","Fri, Sep  9, 2005"
3830,Chicago O'Hare International,Chicago,United States,ORD,KORD,41.978603,-87.904842,668,-6,A,"Chicago, IL",26973,27045,27474,27471,8.350016683349974,20.5429469402847,83.0,250.0,"Mon, Sep 19, 2005","Thu, Sep 22, 2005"
3611,Norfolk International,Norfolk,United States,ORF,KORF,36.894611,-76.201222,26,-5,A,"Norfolk, VA",1759,1771,1814,1823,4.08186469584991,12.084697910784874,30.0,114.0,"Tue, Sep 20, 2005","Thu, Sep 22, 2005"
3693,Ralph Wien Memorial,Kotzebue,United States,OTZ,PAOT,66.884678,-162.59855,11,-9,A,"Kotzebue, AK",87,87,90,90,3.574712643678161,7.8505747126436844,8.0,30.0,"Tue, Sep 27, 2005","Mon, Sep 19, 2005"
6961,Oxnard - Ventura County,Oxnard,United States,OXR,KOXR,34.200833,-119.207222,15,-8,A,"Oxnard/Ventura, CA",138,138,138,138,3.420289855072464,8.427536231884062,18.0,20.0,"Thu, Sep 22, 2005","Mon, Sep 26, 2005"
3722,Palm Beach International,West Palm Beach,United States,PBI,KPBI,26.683161,-80.095589,19,-5,A,"West Palm Beach/Palm Beach, FL",1768,1773,1785,1786,4.233031674208139,11.17202481669486,18.0,65.0,"Thu, Sep 15, 2005","Fri, Sep  2, 2005"
3720,Portland International,Portland,United States,PDX,KPDX,45.588722,-122.5975,30,-8,A,"Portland, OR",4646,4650,4676,4673,3.723417993973307,11.250322580645173,20.0,56.0,"Sun, Sep 11, 2005","Thu, Sep 29, 2005"
4073,Panama City Bay County International,Panama City,United States,PFN,KPFN,30.212083,-85.682806,20,-6,A,"Panama City, FL",243,212,248,221,3.3662551440329223,8.424528301886786,11.0,57.0,"Tue, Sep 27, 2005","Wed, Sep 14, 2005"
3633,Newport News Williamsburg International,Newport News,United States,PHF,KPHF,37.131894,-76.492989,43,-5,A,"Newport News/Williamsburg, VA",520,515,521,521,5.600000000000003,10.992233009708738,18.0,125.0,"Sat, Sep  3, 2005","Wed, Sep 14, 2005"
3752,Philadelphia International,Philadelphia,United States,PHL,KPHL,39.871944,-75.241139,36,-5,A,"Philadelphia, PA",9737,9744,9887,9892,6.183526753620225,20.510981116584524,57.0,233.0,"Sat, Sep 24, 2005","Thu, Sep 22, 2005"
3462,Phoenix Sky Harbor International,Phoenix,United States,PHX,KPHX,33.434278,-112.011583,1135,-7,N,"Phoenix, AZ",14030,14070,14211,14208,6.345117605131855,14.797014925373151,71.0,93.0,"Wed, Sep 21, 2005","Mon, Sep 19, 2005"
4046,Peoria Regional,Peoria,United States,PIA,KPIA,40.664203,-89.693258,660,-6,A,"Peoria, IL",364,364,370,371,3.3653846153846168,11.381868131868131,8.0,193.0,"Mon, Sep 19, 2005","Mon, Sep 19, 2005"
5760,Pocatello Regional Airport,Pocatello,United States,PIH,KPIH,42.9098,-112.596,4452,-7,A,"Pocatello, ID",178,178,183,180,3.0842696629213497,7.724719101123595,6.0,16.0,"Mon, Sep 12, 2005","Tue, Sep  6, 2005"
3570,Pittsburgh International,Pittsburgh (pennsylva),United States,PIT,KPIT,40.491467,-80.232872,1204,-5,A,"Pittsburgh, PA",4106,4098,4162,4157,5.950803701899666,13.084919472913613,40.0,119.0,"Fri, Sep 16, 2005","Thu, Sep 22, 2005"
3564,Pensacola Regional,Pensacola,United States,PNS,KPNS,30.473425,-87.186611,121,-6,A,"Pensacola, FL",928,929,956,957,3.907327586206894,10.455328310010763,22.0,75.0,"Mon, Sep 26, 2005","Tue, Sep  6, 2005"
6133,Tri Cities Airport,Pasco,United States,PSC,PSC,46.2647,-119.119,410,-8,A,"Pasco/Kennewick/Richland, WA",294,294,296,296,4.085034013605444,8.255102040816324,9.0,20.0,"Fri, Sep  2, 2005","Thu, Sep  1, 2005"
4147,Petersburg James A. Johnson,Petersburg,United States,PSG,PAPG,56.801667,-132.945278,105,-9,A,"Petersburg, AK",59,59,60,60,4.54237288135593,7.796610169491525,9.0,18.0,"Sun, Sep 25, 2005","Wed, Sep 14, 2005"
3839,Palm Springs International,Palm Springs,United States,PSP,KPSP,33.829667,-116.506694,477,-8,A,"Palm Springs, CA",708,708,716,717,3.798022598870058,9.26271186440677,8.0,64.0,"Mon, Sep 12, 2005","Sun, Sep 18, 2005"
3641,Theodore Francis Green State,Providence,United States,PVD,KPVD,41.732581,-71.420383,55,-5,A,"Providence, RI",2518,2516,2527,2527,4.206910246227167,11.999602543720178,63.0,81.0,"Thu, Sep 22, 2005","Thu, Sep  1, 2005"
3862,Portland International Jetport,Portland,United States,PWM,KPWM,43.646161,-70.309281,77,-5,A,"Portland, ME",834,820,852,838,4.145083932853723,14.124390243902434,54.0,104.0,"Tue, Sep 13, 2005","Thu, Sep 15, 2005"
4087,Rapid City Regional Airport,Rapid City,United States,RAP,KRAP,44.045278,-103.057222,3204,-7,A,"Rapid City, SD",378,378,379,379,4.224867724867724,9.407407407407419,11.0,34.0,"Sat, Sep 17, 2005","Thu, Sep 15, 2005"
4098,Redding Municipal,Redding,United States,RDD,KRDD,40.509,-122.293389,504,-8,A,"Redding, CA",150,150,152,150,3.533333333333333,9.059999999999997,7.0,22.0,"Mon, Sep 26, 2005","Sat, Sep 17, 2005"
4103,Roberts Field,Redmond-Bend,United States,RDM,KRDM,44.254066,-121.149964,3077,-8,A,"Bend/Redmond, OR",265,267,268,268,3.2150943396226417,8.32958801498128,11.0,63.0,"Thu, Sep  1, 2005","Sat, Sep  3, 2005"
3626,Raleigh Durham International,Raleigh-durham,United States,RDU,KRDU,35.877639,-78.787472,435,-5,A,"Raleigh/Durham, NC",5060,5069,5128,5130,4.452964426877484,12.485894653777871,37.0,155.0,"Wed, Sep 28, 2005","Thu, Sep 15, 2005"
3608,Richmond International,Richmond,United States,RIC,KRIC,37.505167,-77.319667,167,-5,A,"Richmond, VA",1637,1636,1688,1688,4.891875381795969,12.798288508557457,18.0,159.0,"Wed, Sep 14, 2005","Wed, Sep 14, 2005"
3807,Reno Tahoe International,Reno,United States,RNO,KRNO,39.499108,-119.768108,4415,-8,A,"Reno, NV",2207,2204,2215,2213,4.54236520163117,10.200090744101628,28.0,81.0,"Sat, Sep 10, 2005","Mon, Sep 19, 2005"
4016,Roanoke Regional,Roanoke VA,United States,ROA,KROA,37.325472,-79.975417,1175,-5,A,"Roanoke, VA",196,147,199,149,5.653061224489799,13.877551020408161,15.0,71.0,"Fri, Sep  2, 2005","Fri, Sep 23, 2005"
3622,Greater Rochester International,Rochester,United States,ROC,KROC,43.118866,-77.672389,559,-5,A,"Rochester, NY",1509,1504,1525,1527,5.361829025844922,12.281249999999988,22.0,85.0,"Sat, Sep  3, 2005","Thu, Sep 22, 2005"
4048,Rochester,Rochester,United States,RST,KRST,43.908283,-92.500014,1317,-6,A,"Rochester, MN",200,200,205,205,4.2799999999999985,10.460000000000004,20.0,109.0,"Wed, Sep 21, 2005","Mon, Sep 19, 2005"
3793,Southwest Florida International,Fort Myers,United States,RSW,KRSW,26.536167,-81.755167,30,-5,A,"Fort Myers, FL",1323,1322,1338,1339,5.014361300075594,12.775340393343413,51.0,68.0,"Sat, Sep  3, 2005","Fri, Sep  9, 2005"
3731,San Diego International,San Diego,United States,SAN,KSAN,32.733556,-117.189667,17,-8,A,"San Diego, CA",7383,7372,7451,7446,3.724502234863868,13.093733043950085,51.0,75.0,"Sat, Sep 10, 2005","Thu, Sep 22, 2005"
3621,San Antonio International,San Antonio,United States,SAT,KSAT,29.533694,-98.469778,809,-6,A,"San Antonio, TX",3240,3239,3305,3299,3.56604938271605,10.377894411855534,41.0,86.0,"Sun, Sep 11, 2005","Tue, Sep 13, 2005"
3613,Savannah Hilton Head International,Savannah,United States,SAV,KSAV,32.127583,-81.202139,51,-5,A,"Savannah, GA",1206,1208,1235,1236,4.781094527363183,11.902317880794708,34.0,70.0,"Sat, Sep 17, 2005","Tue, Sep 13, 2005"
3949,Santa Barbara Municipal,Santa Barbara,United States,SBA,KSBA,34.426211,-119.840372,10,-8,A,"Santa Barbara, CA",1016,1009,1025,1023,3.9370078740157464,8.766105054509415,16.0,43.0,"Tue, Sep  6, 2005","Tue, Sep 27, 2005"
4359,South Bend Regional,South Bend,United States,SBN,KSBN,41.708661,-86.31725,799,-5,A,"South Bend, IN",285,281,287,286,3.9894736842105263,8.825622775800705,15.0,27.0,"Sun, Sep 18, 2005","Wed, Sep 21, 2005"
5768,San Luis County Regional Airport,San Luis Obispo,United States,SBP,KSBP,35.2368,-120.642,212,-8,A,"San Luis Obispo, CA",471,469,477,475,3.182590233545647,10.432835820895523,17.0,41.0,"Tue, Sep  6, 2005","Fri, Sep 16, 2005"
3620,Deadhorse,Deadhorse,United States,SCC,PASC,70.19475,-148.465167,64,-9,A,"Deadhorse, AK",27,27,27,27,3.259259259259259,6.777777777777778,10.0,17.0,"Thu, Sep 29, 2005","Mon, Sep 19, 2005"
4318,University Park Airport,State College Pennsylvania,United States,SCE,KUNV,40.849278,-77.848694,1239,-5,A,"State College, PA",90,90,90,90,3.5555555555555554,10.033333333333335,6.0,34.0,"Sun, Sep 11, 2005","Fri, Sep 30, 2005"
4014,Louisville International Airport,Louisville,United States,SDF,KSDF,38.1740858,-85.7364989,501,-5,A,"Louisville, KY",1990,1990,2020,2021,5.306532663316588,11.285929648241195,31.0,124.0,"Thu, Sep  1, 2005","Thu, Sep 22, 2005"
3577,Seattle Tacoma International,Seattle,United States,SEA,KSEA,47.449,-122.309306,433,-8,A,"Seattle, WA",9075,9079,9147,9144,6.193719008264459,13.687410507765163,40.0,95.0,"Wed, Sep  7, 2005","Wed, Sep 21, 2005"
3469,San Francisco International,San Francisco,United States,SFO,KSFO,37.618972,-122.374889,13,-8,A,"San Francisco, CA",10663,10706,10765,10785,5.408327862702808,15.886792452830184,46.0,90.0,"Fri, Sep 16, 2005","Thu, Sep 29, 2005"
4348,Springfield Branson National,Springfield,United States,SGF,KSGF,37.245667,-93.388639,1268,-6,A,"Springfield, MO",731,730,737,736,3.6785225718194265,9.990410958904103,52.0,133.0,"Tue, Sep 13, 2005","Sat, Sep 24, 2005"
4064,St. George Municipal,Saint George,United States,SGU,KSGU,37.090583,-113.593056,2941,-7,A,"St. George, UT",225,226,226,226,3.7555555555555555,8.544247787610615,8.0,27.0,"Wed, Sep 14, 2005","Mon, Sep 12, 2005"
3609,Shreveport Regional,Shreveport,United States,SHV,KSHV,32.446629,-93.8256,258,-6,A,"Shreveport, LA",648,624,679,662,4.975308641975312,9.024038461538463,26.0,91.0,"Mon, Sep 26, 2005","Wed, Sep 28, 2005"
3856,Sitka Rocky Gutierrez,Sitka,United States,SIT,PASI,57.047138,-135.361611,21,-9,A,"Sitka, AK",107,109,110,110,4.495327102803737,10.0,8.0,27.0,"Tue, Sep 27, 2005","Fri, Sep  9, 2005"
3748,Norman Y. Mineta San Jose International,San Jose,United States,SJC,KSJC,37.3626,-121.929022,62,-8,A,"San Jose, CA",5013,5005,5078,5079,3.962896469180136,11.218781218781226,25.0,129.0,"Tue, Sep 13, 2005","Mon, Sep 19, 2005"
3708,San Angelo Regional-Mathis Field,San Angelo,United States,SJT,KSJT,31.35775,-100.496306,1919,-6,A,"San Angelo, TX",146,145,148,148,3.643835616438356,8.793103448275861,14.0,62.0,"Mon, Sep  5, 2005","Wed, Sep 28, 2005"
3536,Salt Lake City International,Salt Lake City,United States,SLC,KSLC,40.788389,-111.977772,4227,-7,A,"Salt Lake City, UT",13513,13578,13720,13719,6.159032043217637,16.33237590219469,72.0,129.0,"Sun, Sep 25, 2005","Mon, Sep 19, 2005"
3817,Sacramento International,Sacramento,United States,SMF,KSMF,38.695417,-121.590778,27,-8,A,"Sacramento, CA",4197,4202,4231,4229,4.122944960686209,10.000951927653482,48.0,97.0,"Thu, Sep  1, 2005","Sat, Sep 24, 2005"
5772,Santa Maria Public-Captain G. Allan Hancock Airport,Santa Maria,United States,SMX,KSMX,34.8989,-120.457,261,-8,A,"Santa Maria, CA",173,174,174,175,3.5433526011560694,8.51149425287356,14.0,25.0,"Wed, Sep 28, 2005","Fri, Sep 23, 2005"
3867,John Wayne Airport Orange County,Santa Ana,United States,SNA,KSNA,33.675667,-117.868222,56,-8,A,"Santa Ana, CA",3961,3965,4009,4009,5.7967684928048575,12.661034047919294,39.0,103.0,"Tue, Sep  6, 2005","Thu, Sep  1, 2005"
3680,Sheppard AFB Wichita Falls Municipal,Wichita Falls,United States,SPS,KSPS,33.988797,-98.491894,1019,-6,A,"Wichita Falls, TX",221,220,230,230,6.83710407239819,11.786363636363633,16.0,32.0,"Sun, Sep  4, 2005","Mon, Sep  5, 2005"
4067,Sarasota Bradenton International,Sarasota,United States,SRQ,KSRQ,27.395444,-82.554389,30,-5,A,"Sarasota/Bradenton, FL",409,407,421,419,4.5281173594131925,11.506142506142506,17.0,76.0,"Fri, Sep  2, 2005","Thu, Sep 15, 2005"
3678,Lambert St. Louis International,St. Louis,United States,STL,KSTL,38.748697,-90.370028,618,-6,A,"St. Louis, MO",5168,5191,5265,5279,4.798374613003089,12.082065112695057,80.0,109.0,"Mon, Sep 19, 2005","Sun, Sep 25, 2005"
6494,Friedman Memorial,Hailey,United States,SUN,KSUN,43.504444,-114.296194,5320,-7,A,"Sun Valley/Hailey/Ketchum, ID",320,320,327,330,2.91875,7.303125,66.0,20.0,"Mon, Sep 26, 2005","Sat, Sep 24, 2005"
3661,Stewart International,Newburgh,United States,SWF,KSWF,41.504094,-74.104839,491,-5,A,"Newburgh/Poughkeepsie, NY",178,177,178,178,4.275280898876404,12.344632768361581,10.0,122.0,"Thu, Sep  8, 2005","Mon, Sep 19, 2005"
3745,Syracuse Hancock International,Syracuse,United States,SYR,KSYR,43.111187,-76.106311,421,-5,A,"Syracuse, NY",1158,1157,1166,1169,4.64853195164076,13.10717372515125,28.0,138.0,"Wed, Sep 14, 2005","Thu, Sep 29, 2005"
3698,Tallahassee Regional,Tallahassee,United States,TLH,KTLH,30.396528,-84.350333,81,-5,A,"Tallahassee, FL",395,394,413,414,4.673417721518987,10.619289340101533,17.0,54.0,"Thu, Sep 15, 2005","Mon, Sep 12, 2005"
4040,Toledo,Toledo,United States,TOL,KTOL,41.586806,-83.807833,684,-5,A,"Toledo, OH",391,399,397,405,3.5601023017902813,10.406015037593992,13.0,70.0,"Fri, Sep  9, 2005","Sat, Sep 24, 2005"
3646,Tampa International,Tampa,United States,TPA,KTPA,27.975472,-82.53325,26,-5,A,"Tampa, FL",5850,5861,5933,5936,4.304615384615379,11.288346698515571,56.0,120.0,"Wed, Sep 21, 2005","Wed, Sep 21, 2005"
4116,Tri-Cities Regional Airport,BRISTOL,United States,TRI,KTRI,36.4752222,-82.4074167,1519,-5,A,"Bristol/Johnson City/Kingsport, TN",306,304,318,317,4.052287581699346,8.865131578947365,33.0,126.0,"Fri, Sep  2, 2005","Sat, Sep  3, 2005"
3855,Tulsa International,Tulsa,United States,TUL,KTUL,36.198389,-95.888111,677,-6,A,"Tulsa, OK",1933,1936,1976,1982,3.83290222452147,11.07334710743802,33.0,105.0,"Sat, Sep 24, 2005","Mon, Sep 19, 2005"
5773,Tupelo Regional Airport,Tupelo,United States,TUP,KTUP,34.2681,-88.7699,346,-6,A,"Tupelo, MS",89,86,90,90,3.337078651685393,9.83720930232558,10.0,61.0,"Sat, Sep  3, 2005","Mon, Sep 12, 2005"
3636,Tucson International,Tucson,United States,TUS,KTUS,32.116083,-110.941028,2643,-7,N,"Tucson, AZ",1538,1536,1557,1556,4.0227568270481155,9.79101562500001,21.0,55.0,"Sun, Sep  4, 2005","Sun, Sep  4, 2005"
4023,Cherry Capital Airport,Traverse City,United States,TVC,KTVC,44.741445,-85.582235,624,-5,A,"Traverse City, MI",187,186,192,191,3.6042780748663112,9.376344086021502,15.0,52.0,"Fri, Sep 16, 2005","Sat, Sep 24, 2005"
4263,Magic Valley Regional Airport,Twin Falls,United States,TWF,KTWF,42.481803,-114.487733,4151,-7,A,"Twin Falls, ID",181,181,185,181,3.044198895027625,7.425414364640884,10.0,17.0,"Wed, Sep 21, 2005","Tue, Sep 13, 2005"
3770,Texarkana Regional-Webb Field,Texarkana,United States,TXK,KTXK,33.453722,-93.991028,390,-6,A,"Texarkana, AR",87,87,90,90,3.827586206896551,8.356321839080456,9.0,19.0,"Thu, Sep 15, 2005","Tue, Sep  6, 2005"
3848,Tyler Pounds Regional,Tyler,United States,TYR,KTYR,32.354139,-95.402386,544,-6,A,"Tyler, TX",224,220,233,234,5.616071428571429,8.690909090909084,12.0,24.0,"Wed, Sep 14, 2005","Sun, Sep 18, 2005"
3676,McGhee Tyson,Knoxville,United States,TYS,KTYS,35.810972,-83.994028,981,-5,A,"Knoxville, TN",1115,1113,1135,1134,3.696860986547086,12.123989218328848,54.0,71.0,"Thu, Sep  1, 2005","Tue, Sep 20, 2005"
5776,Valdosta Regional Airport,Valdosta,United States,VLD,KVLD,30.7825,-83.2767,203,-5,A,"Valdosta, GA",89,88,90,90,3.6853932584269664,8.670454545454541,9.0,24.0,"Sun, Sep 25, 2005","Wed, Sep 21, 2005"
3873,Eglin AFB,Valparaiso,United States,VPS,KVPS,30.48325,-86.5254,87,-6,A,"Valparaiso, FL",588,591,620,620,7.955782312925169,12.238578680203036,20.0,105.0,"Fri, Sep 16, 2005","Tue, Sep 20, 2005"
5969,Wrangell Airport,Wrangell,United States,WRG,PAWG,56.4843,-132.37,44,-9,A,"Wrangell, AK",59,59,60,60,4.372881355932203,9.627118644067796,8.0,27.0,"Sun, Sep 25, 2005","Fri, Sep 30, 2005"
7072,Yellowstone Airport,West Yellowstone,United States,WYS,KWYS,44.688333,-111.1175,6644,-7,A,"West Yellowstone, MT",68,68,68,68,3.2647058823529407,7.720588235294118,7.0,14.0,"Sun, Sep 11, 2005","Sun, Sep 25, 2005"
4356,NW Arkansas Regional,Bentonville,United States,XNA,KXNA,36.2818694,-94.3068111,1287,-6,A,"Fayetteville, AR",1098,1098,1135,1134,4.459927140255014,11.870673952641162,35.0,190.0,"Wed, Sep 28, 2005","Wed, Sep 14, 2005"
6803,Yakutat,Yakutat,United States,YAK,PAYA,59.3012,-139.3937,33,-9,A,"Yakutat, AK",60,59,60,60,4.349999999999999,7.3559322033898304,7.0,29.0,"Sat, Sep 10, 2005","Fri, Sep  2, 2005"
3596,Yuma MCAS Yuma International,Yuma,United States,YUM,KYUM,32.656578,-114.60598,216,-7,N,"Yuma, AZ",88,89,88,89,3.4545454545454546,9.123595505617978,12.0,24.0,"Sun, Sep  4, 2005","Tue, Sep 20, 2005"
2883,Cyril E. King,St. Thomas,Virgin Islands,STT,TIST,18.337306,-64.973361,23,-4,U,"Charlotte Amalie, VI",131,131,132,132,4.51145038167939,9.96946564885496,13.0,20.0,"Tue, Sep 27, 2005","Sat, Sep  3, 2005"
2884,Henry E. Rohlsen,St. Croix Island,Virgin Islands,STX,TISX,17.701889,-64.798556,74,-4,U,"Christiansted, VI",25,24,26,26,4.08,11.75,11.0,25.0,"Wed, Sep 28, 2005","Thu, Sep  8, 2005"
2885,Rafael Hernndez,Aguadilla,Puerto Rico,BQN,TJBQ,18.494861,-67.129444,237,-4,U,"Aguadilla, PR",54,55,54,55,4.574074074074073,12.909090909090912,10.0,43.0,"Sat, Sep  3, 2005","Sun, Sep  4, 2005"
2889,Aeropuerto Mercedita,Ponce,Puerto Rico,PSE,TJPS,18.008306,-66.563028,29,-4,U,"Ponce, PR",30,30,30,30,3.966666666666667,11.6,5.0,17.0,"Fri, Sep  9, 2005","Thu, Sep  8, 2005"
2890,Luis Muoz Marn International,San Juan,Puerto Rico,SJU,TJSJ,18.439417,-66.001833,9,-4,U,"San Juan, PR",1644,1647,1669,1669,5.8600973236009715,15.285367334547663,79.0,96.0,"Sun, Sep 25, 2005","Thu, Sep 15, 2005"
