airport_id,name,city,country,iata_faa,iaco,latitude,longitude,altitude,zone,dst,city_state,avg_able_landings,avg_able_takeoffs,total_landings,total_takeoffs,avg_taxi_in,avg_taxi_out,longest_taxi_in,longest_taxi_out,lng_tx_in_date,lng_tx_out_date
4355,Lehigh Valley International,Allentown,United States,ABE,KABE,40.652083,-75.440806,393,-5,A,"Allentown/Bethlehem/Easton, PA",397,416,405,429,3.833753148614609,14.310096153846153,16.0,110.0,"Wed, Mar  2, 2005","Wed, Mar 23, 2005"
3718,Abilene Regional,Abilene,United States,ABI,KABI,32.411319,-99.681897,1791,-6,A,"Abilene, TX",262,261,262,262,3.96946564885496,9.249042145593865,23.0,66.0,"Sun, Mar 20, 2005","Mon, Mar 14, 2005"
4019,Albuquerque International Sunport,Albuquerque,United States,ABQ,KABQ,35.0402222,-106.6091944,5355,-7,A,"Albuquerque, NM",2989,2989,3002,3002,4.515222482435605,10.87453997992637,44.0,105.0,"Mon, Mar 14, 2005","Mon, Mar 14, 2005"
5715,Southwest Georgia Regional Airport,Albany,United States,ABY,KABY,31.5355,-84.1945,197,-5,A,"Albany, GA",108,107,120,120,3.888888888888892,8.13084112149533,12.0,23.0,"Tue, Mar  1, 2005","Mon, Mar 28, 2005"
3700,Waco Regional,Waco,United States,ACT,KACT,31.611289,-97.230519,516,-6,A,"Waco, TX",286,285,290,292,4.363636363636364,10.382456140350877,15.0,39.0,"Wed, Mar  2, 2005","Fri, Mar  4, 2005"
4384,Arcata,Arcata CA,United States,ACV,KACV,40.978111,-124.108611,221,-8,A,"Arcata/Eureka, CA",307,308,313,320,3.6254071661237783,7.603896103896104,7.0,84.0,"Fri, Mar  4, 2005","Thu, Mar 17, 2005"
3524,Atlantic City International,Atlantic City,United States,ACY,KACY,39.457583,-74.577167,75,-5,A,"Atlantic City, NJ",86,86,89,89,4.1279069767441845,12.325581395348838,9.0,38.0,"Tue, Mar 29, 2005","Tue, Mar  8, 2005"
5959,Adak Airport,Adak Island,United States,ADK,PADK,51.878,-176.646,18,-10,A,"Adak Island, AK",8,8,9,9,4.625,6.25,6.0,11.0,"Sun, Mar 20, 2005","Sun, Mar 27, 2005"
3531,Kodiak,Kodiak,United States,ADQ,PADQ,57.749967,-152.493856,78,-9,A,"Kodiak, AK",54,54,62,62,2.611111111111111,5.740740740740739,5.0,29.0,"Sun, Mar  6, 2005","Tue, Mar  8, 2005"
3852,Alexandria International,Alexandria,United States,AEX,KAEX,31.3274,-92.549833,89,-6,A,"Alexandria, LA",233,234,238,238,5.759656652360515,10.722222222222221,14.0,58.0,"Tue, Mar 15, 2005","Mon, Mar  7, 2005"
3658,Augusta Regional At Bush Field,Bush Field,United States,AGS,KAGS,33.369944,-81.9645,144,-5,A,"Augusta, GA",248,247,272,272,3.193548387096774,10.761133603238873,13.0,85.0,"Mon, Mar  7, 2005","Sat, Mar 26, 2005"
3794,King Salmon,King Salmon,United States,AKN,PAKN,58.676778,-156.649278,68,-9,A,"King Salmon, AK",22,22,23,23,3.5454545454545454,4.409090909090909,8.0,10.0,"Thu, Mar  3, 2005","Sun, Mar 20, 2005"
3864,Albany International,Albany,United States,ALB,KALB,42.748267,-73.801692,285,-5,A,"Albany, NY",1531,1529,1553,1553,3.6943174395819725,14.151733158927403,22.0,153.0,"Tue, Mar  8, 2005","Tue, Mar  1, 2005"
3840,Rick Husband Amarillo International,Amarillo,United States,AMA,KAMA,35.219369,-101.705931,3607,-6,A,"Amarillo, TX",659,659,668,667,3.9256449165402123,10.084977238239766,9.0,80.0,"Sat, Mar 19, 2005","Tue, Mar 15, 2005"
3774,Ted Stevens Anchorage International,Anchorage,United States,ANC,PANC,61.174361,-149.996361,152,-9,A,"Anchorage, AK",1420,1428,1460,1458,5.364084507042263,12.53501400560224,21.0,89.0,"Mon, Mar 14, 2005","Mon, Mar 28, 2005"
4012,Naples Municipal,Naples,United States,APF,KAPF,26.152619,-81.775294,8,-5,A,"Naples, FL",62,69,62,69,3.935483870967742,11.942028985507246,9.0,25.0,"Tue, Mar 22, 2005","Tue, Mar  1, 2005"
3682,Hartsfield Jackson Atlanta International,Atlanta,United States,ATL,KATL,33.636719,-84.428067,1026,-5,A,"Atlanta, GA",36533,36908,37806,38032,8.44343470287134,17.20589032188137,109.0,234.0,"Sun, Mar 27, 2005","Fri, Mar 25, 2005"
4047,Appleton,Appleton,United States,ATW,KATW,44.257526,-88.507576,680,-6,A,"Appleton, WI",211,232,220,240,4.388625592417068,11.59051724137931,16.0,43.0,"Sat, Mar  5, 2005","Thu, Mar 10, 2005"
3673,Austin Bergstrom International,Austin,United States,AUS,KAUS,30.194528,-97.669889,542,-6,A,"Austin, TX",3503,3500,3548,3535,4.731944047958898,11.185714285714289,36.0,82.0,"Sat, Mar 12, 2005","Sat, Mar 19, 2005"
4007,Asheville Regional Airport,Asheville,United States,AVL,KAVL,35.436194,-82.541806,2165,-5,A,"Asheville, NC",383,385,402,402,3.339425587467363,13.192207792207792,7.0,104.0,"Wed, Mar 23, 2005","Fri, Mar  4, 2005"
4286,Wilkes Barre Scranton International,Scranton,United States,AVP,KAVP,41.338478,-75.723403,962,-5,A,"Scranton/Wilkes-Barre, PA",284,281,300,300,3.9507042253521125,12.501779359430607,13.0,94.0,"Sat, Mar  5, 2005","Tue, Mar  1, 2005"
4039,Kalamazoo,Kalamazoo,United States,AZO,KAZO,42.234875,-85.552058,874,-5,A,"Kalamazoo, MI",408,409,423,423,3.764705882352941,15.097799511002442,16.0,132.0,"Wed, Mar 30, 2005","Wed, Mar 30, 2005"
3825,Bradley International,Windsor Locks,United States,BDL,KBDL,41.938889,-72.683222,173,-5,A,"Hartford, CT",3212,3197,3299,3300,5.0314445828144425,14.572411635908669,60.0,107.0,"Tue, Mar  8, 2005","Mon, Mar 28, 2005"
3599,Bethel,Bethel,United States,BET,PABE,60.779778,-161.838,121,-9,A,"Bethel, AK",94,94,97,97,2.691489361702127,7.382978723404255,6.0,32.0,"Fri, Mar 25, 2005","Thu, Mar 24, 2005"
3558,Meadows Field,Bakersfield,United States,BFL,KBFL,35.433598,-119.05677,507,-8,A,"Bakersfield, CA",296,297,301,300,4.746621621621616,7.592592592592593,9.0,25.0,"Tue, Mar 22, 2005","Fri, Mar 18, 2005"
4129,Greater Binghamton-Edwin A. Link Field,Binghamton,United States,BGM,KBGM,42.208689,-75.979839,1636,-5,A,"Binghamton, NY",86,84,93,93,3.7325581395348837,14.988095238095237,10.0,46.0,"Wed, Mar  9, 2005","Tue, Mar  1, 2005"
3463,Bangor International,Bangor,United States,BGR,KBGR,44.807444,-68.828139,192,-5,A,"Bangor, ME",394,390,407,407,4.253807106598983,12.661538461538466,12.0,71.0,"Tue, Mar  1, 2005","Tue, Mar  1, 2005"
3811,Birmingham International,Birmingham,United States,BHM,KBHM,33.562942,-86.75355,644,-6,A,"Birmingham, AL",1996,1999,2026,2029,4.02004008016032,11.042521260630311,40.0,116.0,"Wed, Mar  9, 2005","Wed, Mar 30, 2005"
4021,Billings Logan International Airport,Billings,United States,BIL,KBIL,45.80921,-108.537654,3652,-7,A,"Billings, MT",448,449,455,455,3.863839285714286,10.567928730512252,15.0,41.0,"Thu, Mar 24, 2005","Fri, Mar 18, 2005"
4083,Bismarck Municipal Airport,Bismarck,United States,BIS,KBIS,46.775842,-100.757931,1661,-6,A,"Bismarck/Mandan, ND",183,183,185,185,3.9344262295081966,9.989071038251367,12.0,66.0,"Wed, Mar 16, 2005","Thu, Mar 17, 2005"
4037,Central Illinois Regional,Bloomington,United States,BMI,KBMI,40.477111,-88.915917,871,-6,A,"Bloomington/Normal, IL",244,244,248,248,4.352459016393443,12.704918032786885,13.0,176.0,"Fri, Mar 11, 2005","Tue, Mar 22, 2005"
3690,Nashville International,Nashville,United States,BNA,KBNA,36.124472,-86.678194,599,-6,A,"Nashville, TN",5029,5013,5090,5090,4.872539272221109,11.431677638140862,37.0,112.0,"Sat, Mar 19, 2005","Wed, Mar 16, 2005"
3495,Boise Air Terminal,Boise,United States,BOI,KBOI,43.564361,-116.222861,2871,-7,A,"Boise, ID",1383,1385,1390,1389,3.689804772234275,9.614440433212993,65.0,85.0,"Wed, Mar 30, 2005","Tue, Mar  8, 2005"
3448,General Edward Lawrence Logan International,Boston,United States,BOS,KBOS,42.364347,-71.005181,19,-5,A,"Boston, MA",10773,10757,11236,11236,7.62396732572171,18.8587896253602,135.0,201.0,"Wed, Mar  9, 2005","Wed, Mar 30, 2005"
3612,Southeast Texas Regional,Beaumont,United States,BPT,KBPT,29.950833,-94.020694,15,-6,A,"Beaumont/Port Arthur, TX",174,174,182,182,4.195402298850574,9.068965517241383,12.0,74.0,"Sun, Mar  6, 2005","Sun, Mar 27, 2005"
5725,Brunswick Golden Isles Airport,Brunswick,United States,BQK,KBQK,31.2588,-81.4665,26,-5,A,"Brunswick, GA",109,109,116,116,3.779816513761468,7.532110091743126,7.0,55.0,"Sun, Mar  6, 2005","Thu, Mar 17, 2005"
3738,Brownsville South Padre Island International,Brownsville,United States,BRO,KBRO,25.906833,-97.425861,22,-6,A,"Brownsville, TX",154,154,154,154,5.935064935064935,12.538961038961043,16.0,78.0,"Fri, Mar 25, 2005","Sat, Mar 19, 2005"
3571,Wiley Post Will Rogers Memorial,Barrow,United States,BRW,PABR,71.285446,-156.766003,44,-9,A,"Barrow, AK",52,52,53,53,4.019230769230768,5.230769230769231,6.0,13.0,"Sun, Mar 20, 2005","Mon, Mar 14, 2005"
4022,Bert Mooney Airport,Butte,United States,BTM,KBTM,45.954806,-112.497472,5550,-7,A,"Butte, MT",105,105,112,119,4.047619047619046,9.304761904761905,7.0,25.0,"Fri, Mar 11, 2005","Thu, Mar 10, 2005"
3846,Baton Rouge Metro-Ryan Field,Baton Rouge,United States,BTR,KBTR,30.533167,-91.149639,70,-6,A,"Baton Rouge, LA",729,704,739,719,4.611796982167349,11.36079545454545,29.0,112.0,"Mon, Mar  7, 2005","Fri, Mar  4, 2005"
3711,Burlington International,Burlington,United States,BTV,KBTV,44.471861,-73.153278,335,-5,A,"Burlington, VT",666,668,686,685,4.285285285285288,17.69760479041917,27.0,217.0,"Tue, Mar  8, 2005","Tue, Mar  8, 2005"
3820,Buffalo Niagara International,Buffalo,United States,BUF,KBUF,42.940525,-78.732167,724,-5,A,"Buffalo, NY",2259,2249,2293,2293,4.023904382470117,14.421520675855946,52.0,85.0,"Tue, Mar  8, 2005","Wed, Mar  2, 2005"
3644,Bob Hope,Burbank,United States,BUR,KBUR,34.200667,-118.358667,778,-8,A,"Burbank, CA",2359,2351,2385,2386,3.0428147520135647,11.267120374308796,36.0,91.0,"Sun, Mar  6, 2005","Thu, Mar 10, 2005"
3849,Baltimore Washington International,Baltimore,United States,BWI,KBWI,39.175361,-76.668333,146,-5,A,"Baltimore, MD",9081,9082,9201,9201,5.132694637154515,12.132900242237389,61.0,240.0,"Mon, Mar 28, 2005","Fri, Mar 25, 2005"
4020,Gallatin Field,Bozeman,United States,BZN,KBZN,45.777643,-111.160151,4500,-7,A,"Bozeman, MT",463,464,475,473,4.57019438444924,13.077586206896552,25.0,99.0,"Tue, Mar 15, 2005","Thu, Mar 24, 2005"
3561,Columbia Metropolitan,Colombia,United States,CAE,KCAE,33.938833,-81.119528,236,-5,A,"Columbia, SC",1014,1003,1039,1039,3.991124260355029,12.652043868394824,16.0,70.0,"Fri, Mar 18, 2005","Sun, Mar  6, 2005"
4112,Akron Canton Regional Airport,Akron,United States,CAK,KCAK,40.9160833,-81.4421944,1228,-5,A,"Akron, OH",771,769,796,793,5.166018158236057,14.184655396618986,44.0,184.0,"Wed, Mar  2, 2005","Sun, Mar 27, 2005"
3824,Cedar City Regional,Cedar City,United States,CDC,KCDC,37.700967,-113.098847,5622,-7,A,"Cedar City, UT",84,84,87,88,2.9642857142857144,6.845238095238095,5.0,16.0,"Sun, Mar  6, 2005","Wed, Mar 30, 2005"
3610,Merle K. Mudhole Smith,Cordova,United States,CDV,PACV,60.491778,-145.477556,48,-9,A,"Cordova, AK",60,60,62,62,3.8,6.25,7.0,22.0,"Thu, Mar 10, 2005","Sun, Mar 27, 2005"
5727,Del Norte County Airport,Crescent City,United States,CEC,KCEC,41.7802,-124.237,57,-8,A,"Crescent City, CA",82,82,84,85,2.951219512195123,8.0,5.0,20.0,"Thu, Mar 17, 2005","Tue, Mar  8, 2005"
3578,Lovell Field,Chattanooga,United States,CHA,KCHA,35.035278,-85.203808,683,-5,A,"Chattanooga, TN",421,421,453,453,3.681710213776722,10.669833729216148,12.0,67.0,"Thu, Mar 10, 2005","Sat, Mar 19, 2005"
4015,Charlottesville-Albemarle,Charlottesville VA,United States,CHO,KCHO,38.138639,-78.452861,639,-5,A,"Charlottesville, VA",168,166,180,177,3.1666666666666665,10.987951807228919,10.0,41.0,"Tue, Mar  1, 2005","Sat, Mar  5, 2005"
3806,Charleston AFB International,Charleston,United States,CHS,KCHS,32.898647,-80.040528,45,-5,A,"Charleston, SC",1291,1278,1318,1318,5.311386522075915,12.759780907668235,33.0,94.0,"Mon, Mar 28, 2005","Tue, Mar 29, 2005"
3710,Chico Municipal,Chico,United States,CIC,KCIC,39.795383,-121.858422,238,-8,A,"Chico, CA",88,87,90,89,3.1136363636363638,9.701149425287358,5.0,32.0,"Sun, Mar  6, 2005","Thu, Mar 17, 2005"
4043,Cedar Rapids,Cedar Rapids,United States,CID,KCID,41.884694,-91.710806,869,-6,A,"Cedar Rapids/Iowa City, IA",509,508,523,523,4.12180746561886,11.505905511811026,22.0,80.0,"Tue, Mar  8, 2005","Thu, Mar 24, 2005"
4088,McClellan-Palomar Airport,Carlsbad,United States,CLD,KCRQ,33.0742,-117.1648,328,-8,A,"Carlsbad, CA",168,168,170,172,3.375,7.041666666666667,14.0,63.0,"Fri, Mar  4, 2005","Tue, Mar 22, 2005"
3486,Cleveland Hopkins International,Cleveland,United States,CLE,KCLE,41.411689,-81.849794,791,-5,A,"Cleveland, OH",7784,7812,7915,7928,6.611253854059617,19.363671274961508,37.0,139.0,"Tue, Mar  1, 2005","Thu, Mar 24, 2005"
3715,Easterwood Field,College Station,United States,CLL,KCLL,30.588583,-96.363833,321,-6,A,"College Station/Bryan, TX",349,349,353,352,4.97707736389685,9.919770773638968,30.0,45.0,"Wed, Mar  2, 2005","Mon, Mar  7, 2005"
3876,Charlotte Douglas International,Charlotte,United States,CLT,KCLT,35.214,-80.943139,748,-5,A,"Charlotte, NC",10169,10197,10340,10344,5.599960664765423,16.86221437677749,38.0,187.0,"Wed, Mar 23, 2005","Sun, Mar 27, 2005"
3759,Port Columbus International,Columbus,United States,CMH,KCMH,39.997972,-82.891889,815,-5,A,"Columbus, OH",3495,3488,3561,3560,4.832904148783974,13.321100917431188,39.0,121.0,"Fri, Mar 25, 2005","Mon, Mar  7, 2005"
4049,Champaign,Champaign,United States,CMI,KCMI,40.03925,-88.278056,754,-6,A,"Champaign/Urbana, IL",292,292,306,306,3.9554794520547945,12.743150684931505,10.0,152.0,"Thu, Mar 17, 2005","Thu, Mar 10, 2005"
4344,Yellowstone Regional,Cody,United States,COD,KCOD,44.520194,-109.023806,5102,-7,A,"Cody, WY",60,61,62,63,3.3666666666666667,7.295081967213115,18.0,17.0,"Thu, Mar 17, 2005","Thu, Mar 17, 2005"
3819,City Of Colorado Springs Municipal,Colorado Springs,United States,COS,KCOS,38.805805,-104.700778,6187,-7,A,"Colorado Springs, CO",1152,1150,1159,1158,6.3498263888888875,16.181739130434778,24.0,128.0,"Sun, Mar 20, 2005","Wed, Mar 23, 2005"
3872,Natrona County International,Casper,United States,CPR,KCPR,42.908,-106.464417,5347,-7,A,"Casper, WY",290,291,293,295,3.231034482758619,8.687285223367693,7.0,29.0,"Fri, Mar 18, 2005","Sun, Mar 13, 2005"
3744,Corpus Christi International,Corpus Christi,United States,CRP,KCRP,27.770361,-97.501222,44,-6,A,"Corpus Christi, TX",759,762,768,769,3.868247694334652,10.127296587926509,11.0,94.0,"Wed, Mar 16, 2005","Mon, Mar  7, 2005"
4285,Yeager,Charleston,United States,CRW,KCRW,38.373147,-81.593189,981,-5,A,"Charleston/Dunbar, WV",421,420,430,430,3.163895486935869,11.580952380952386,14.0,107.0,"Tue, Mar 29, 2005","Tue, Mar 22, 2005"
4255,Columbus Metropolitan Airport,Columbus,United States,CSG,KCSG,32.5163333,-84.9388611,397,-5,A,"Columbus, GA",160,161,182,182,3.1250000000000004,10.254658385093165,35.0,40.0,"Thu, Mar  3, 2005","Sun, Mar 20, 2005"
3488,Cincinnati Northern Kentucky International,Cincinnati,United States,CVG,KCVG,39.048836,-84.667822,896,-5,A,"Cincinnati, OH",18135,18383,18856,18864,5.248745519713288,17.39900995484956,207.0,130.0,"Sun, Mar 27, 2005","Sat, Mar 12, 2005"
3950,Daytona Beach International,Daytona Beach,United States,DAB,KDAB,29.179917,-81.058056,34,-5,A,"Daytona Beach, FL",342,341,351,351,4.12573099415205,13.442815249266864,19.0,98.0,"Wed, Mar  2, 2005","Sun, Mar  6, 2005"
3502,Dallas Love Field,Dallas,United States,DAL,KDAL,32.847111,-96.851778,487,-6,A,"Dallas, TX",3685,3680,3753,3752,3.0184531886024453,8.191304347826087,63.0,60.0,"Mon, Mar  7, 2005","Sat, Mar 19, 2005"
3627,James M. Cox Dayton International,Dayton,United States,DAY,KDAY,39.902375,-84.219375,1009,-5,A,"Dayton, OH",1273,1269,1307,1307,5.047918303220742,15.889676910953506,24.0,95.0,"Sat, Mar 12, 2005","Tue, Mar 29, 2005"
4388,Dubuque Regional,Dubuque IA,United States,DBQ,KDBQ,42.402,-90.709472,1076,-6,A,"Dubuque, IA",113,113,116,116,3.849557522123894,10.56637168141593,13.0,44.0,"Fri, Mar 18, 2005","Fri, Mar 25, 2005"
3520,Ronald Reagan Washington National,Washington,United States,DCA,KDCA,38.852083,-77.037722,15,-5,A,"Washington, DC",9093,9116,9394,9395,5.12966017815903,15.46511627906977,68.0,247.0,"Mon, Mar 21, 2005","Wed, Mar 23, 2005"
3751,Denver International,Denver,United States,DEN,KDEN,39.861656,-104.673178,5431,-7,A,"Denver, CO",12884,12898,12979,12976,7.414389941012107,14.779655760583031,166.0,165.0,"Wed, Mar 23, 2005","Wed, Mar 30, 2005"
3670,Dallas Fort Worth International,Dallas-fort Worth,United States,DFW,KDFW,32.896828,-97.037997,607,-6,A,"Dallas/Fort Worth, TX",24973,25024,25182,25171,10.481319825411418,16.42123561381083,67.0,189.0,"Sat, Mar 26, 2005","Wed, Mar 30, 2005"
3739,Dothan Regional,Dothan,United States,DHN,KDHN,31.321339,-85.449628,401,-6,A,"Dothan, AL",169,168,182,182,3.5502958579881656,8.422619047619053,10.0,90.0,"Mon, Mar 28, 2005","Fri, Mar  4, 2005"
3460,Dillingham,Dillingham,United States,DLG,PADL,59.044667,-158.5055,74,-9,A,"Dillingham, AK",14,14,14,14,2.857142857142857,4.642857142857143,4.0,7.0,"Tue, Mar 22, 2005","Tue, Mar  1, 2005"
3598,Duluth International,Duluth,United States,DLH,KDLH,46.842091,-92.193649,1428,-6,A,"Duluth, MN",84,84,85,85,5.0238095238095255,13.154761904761905,11.0,89.0,"Wed, Mar 30, 2005","Fri, Mar 18, 2005"
3713,Durango La Plata County,Durango,United States,DRO,KDRO,37.151516,-107.75377,6685,-7,A,"Durango, CO",61,61,61,61,4.163934426229509,8.918032786885245,7.0,25.0,"Mon, Mar 21, 2005","Fri, Mar 25, 2005"
3729,Des Moines International,Des Moines,United States,DSM,KDSM,41.533972,-93.663083,958,-6,A,"Des Moines, IA",868,866,878,878,4.850230414746542,11.696304849884536,31.0,125.0,"Sun, Mar 20, 2005","Tue, Mar  1, 2005"
3645,Detroit Metro Wayne County,Detroit,United States,DTW,KDTW,42.212444,-83.353389,645,-5,A,"Detroit, MI",12056,12091,12280,12283,9.512193098871936,19.23868993466211,108.0,178.0,"Wed, Mar  2, 2005","Wed, Mar 30, 2005"
4250,Eagle County Regional,Vail,United States,EGE,KEGE,39.642556,-106.917694,6540,-7,A,"Eagle, CO",347,349,350,350,4.599423631123916,19.283667621776484,17.0,104.0,"Sat, Mar 19, 2005","Sun, Mar 20, 2005"
5736,Elko Regional Airport,Elko,United States,EKO,KEKO,40.8249,-115.792,5140,-8,A,"Elko, NV",137,137,139,142,3.7226277372262775,6.868613138686132,10.0,31.0,"Mon, Mar 28, 2005","Tue, Mar 29, 2005"
3559,El Paso International,El Paso,United States,ELP,KELP,31.80725,-106.377583,3958,-7,A,"El Paso, TX",1819,1822,1828,1828,3.2776250687190784,10.118551042810111,15.0,63.0,"Thu, Mar  3, 2005","Sat, Mar 26, 2005"
4276,Erie International-Tom Ridge Field,Erie,United States,ERI,KERI,42.082022,-80.176217,733,-5,A,"Erie, PA",91,91,93,93,3.5714285714285716,14.219780219780219,21.0,39.0,"Wed, Mar 16, 2005","Tue, Mar  1, 2005"
4099,Mahlon Sweet Field,Eugene,United States,EUG,KEUG,44.124583,-123.211972,374,-8,A,"Eugene, OR",509,509,512,512,3.6227897838899805,8.76424361493124,11.0,82.0,"Thu, Mar 31, 2005","Sun, Mar 20, 2005"
4018,Evansville Regional,Evansville,United States,EVV,KEVV,38.036997,-87.532364,418,-6,A,"Evansville, IN",474,474,488,488,4.084388185654007,11.25105485232067,13.0,72.0,"Tue, Mar 15, 2005","Wed, Mar  9, 2005"
3494,Newark Liberty International,Newark,United States,EWR,KEWR,40.6925,-74.168667,18,-5,A,"Newark, NJ",12999,13040,13412,13416,8.329871528579082,26.661886503067493,66.0,296.0,"Sun, Mar  6, 2005","Wed, Mar 23, 2005"
3875,Key West International,Key West,United States,EYW,KEYW,24.556111,-81.759556,3,-5,A,"Key West, FL",58,4,62,4,3.6724137931034484,10.0,7.0,14.0,"Fri, Mar 11, 2005","Sat, Mar 12, 2005"
3832,Fairbanks International,Fairbanks,United States,FAI,PAFA,64.815114,-147.856267,434,-9,A,"Fairbanks, AK",373,373,385,385,3.3056300268096517,8.806970509383365,10.0,29.0,"Sat, Mar  5, 2005","Tue, Mar  1, 2005"
4292,Hector International Airport,Fargo,United States,FAR,KFAR,46.92065,-96.8157639,902,-6,A,"Fargo, ND",296,293,299,299,4.999999999999999,10.81569965870307,12.0,76.0,"Fri, Mar 18, 2005","Fri, Mar 11, 2005"
3687,Fresno Yosemite International,Fresno,United States,FAT,KFAT,36.776194,-119.71814,336,-8,A,"Fresno, CA",1164,1161,1173,1174,4.1005154639175245,8.465977605512506,20.0,38.0,"Sun, Mar 27, 2005","Sun, Mar 20, 2005"
5738,Fayetteville Regional-Grannis Field,Fayetteville,United States,FAY,KFAY,34.9912,-78.8803,189,-5,A,"Fayetteville, NC",121,121,124,124,3.867768595041323,7.702479338842983,9.0,46.0,"Fri, Mar 18, 2005","Thu, Mar 17, 2005"
4127,Glacier Park International,Kalispell,United States,FCA,KFCA,48.310472,-114.256,2977,-7,A,"Kalispell, MT",300,300,304,305,4.330000000000002,10.146666666666674,17.0,72.0,"Fri, Mar 25, 2005","Thu, Mar 17, 2005"
3533,Fort Lauderdale Hollywood International,Fort Lauderdale,United States,FLL,KFLL,26.072583,-80.15275,9,-5,A,"Fort Lauderdale, FL",6711,6727,6779,6777,6.03486812695574,21.94425449680397,55.0,159.0,"Fri, Mar 25, 2005","Thu, Mar 17, 2005"
3879,Florence Regional,Florence,United States,FLO,KFLO,34.185361,-79.723889,146,-5,A,"Florence, SC",77,76,89,89,4.272727272727274,8.065789473684207,10.0,18.0,"Sat, Mar 19, 2005","Thu, Mar 17, 2005"
4089,Bishop International,Flint,United States,FNT,KFNT,42.965424,-83.743629,782,-5,A,"Flint, MI",671,666,679,675,4.761549925484355,13.147147147147153,34.0,132.0,"Sun, Mar  6, 2005","Sat, Mar 12, 2005"
4009,Sioux Falls,Sioux Falls,United States,FSD,KFSD,43.582014,-96.741914,1429,-6,A,"Sioux Falls, SD",416,416,423,423,4.798076923076925,12.233173076923078,19.0,84.0,"Wed, Mar 23, 2005","Fri, Mar 18, 2005"
3437,Fort Smith Regional,Fort Smith,United States,FSM,KFSM,35.336583,-94.367444,469,-6,A,"Fort Smith, AR",180,180,181,181,4.911111111111108,8.94444444444445,13.0,29.0,"Thu, Mar 17, 2005","Sun, Mar 13, 2005"
4041,Fort Wayne,Fort Wayne,United States,FWA,KFWA,40.978472,-85.195139,815,-5,A,"Fort Wayne, IN",566,566,587,585,4.09893992932862,12.494699646643113,83.0,88.0,"Tue, Mar  1, 2005","Thu, Mar 24, 2005"
3467,Spokane International,Spokane,United States,GEG,KGEG,47.619861,-117.533833,2376,-8,A,"Spokane, WA",1179,1177,1188,1188,4.0262934690415655,9.873406966864916,18.0,58.0,"Wed, Mar  9, 2005","Tue, Mar 29, 2005"
3442,Grand Forks International,Grand Forks,United States,GFK,KGFK,47.949256,-97.176111,845,-6,A,"Grand Forks, ND",87,87,89,89,3.942528735632185,7.310344827586207,7.0,33.0,"Tue, Mar  1, 2005","Fri, Mar 11, 2005"
3465,East Texas Regional,Longview,United States,GGG,KGGG,32.384014,-94.711486,365,-6,A,"Longview, TX",93,92,93,93,6.032258064516126,11.478260869565215,13.0,28.0,"Fri, Mar 18, 2005","Thu, Mar 17, 2005"
4063,Grand Junction Regional,Grand Junction,United States,GJT,KGJT,39.122413,-108.526735,4858,-7,A,"Grand Junction, CO",297,296,306,305,2.6868686868686877,7.60472972972973,8.0,25.0,"Wed, Mar 23, 2005","Sat, Mar 12, 2005"
3472,Gainesville Regional,Gainesville,United States,GNV,KGNV,29.690056,-82.271778,152,-5,A,"Gainesville, FL",188,149,197,155,3.0000000000000013,8.838926174496644,9.0,25.0,"Sun, Mar 13, 2005","Thu, Mar 31, 2005"
4038,Gulfport-Biloxi,Gulfport,United States,GPT,KGPT,30.407278,-89.070111,28,-6,A,"Gulfport/Biloxi, MS",603,603,614,614,4.784411276948591,11.23548922056385,12.0,59.0,"Sat, Mar  5, 2005","Fri, Mar 25, 2005"
3653,Austin Straubel International,Green Bay,United States,GRB,KGRB,44.485072,-88.129589,695,-6,A,"Green Bay, WI",592,591,608,608,4.616554054054055,12.441624365482228,51.0,76.0,"Mon, Mar 28, 2005","Tue, Mar  1, 2005"
3775,Robert Gray AAF,Killeen,United States,GRK,KGRK,31.06725,-97.828917,1015,-6,A,"Killeen, TX",520,520,527,529,4.809615384615392,11.288461538461531,20.0,60.0,"Wed, Mar  2, 2005","Sat, Mar 19, 2005"
3685,Gerald R. Ford International,Grand Rapids,United States,GRR,KGRR,42.880833,-85.522806,794,-5,A,"Grand Rapids, MI",1385,1384,1409,1410,4.292418772563174,14.561416184971092,22.0,119.0,"Fri, Mar  4, 2005","Wed, Mar 23, 2005"
4008,Piedmont Triad,Greensboro,United States,GSO,KGSO,36.09775,-79.937306,925,-5,A,"Greensboro/High Point, NC",1611,1636,1666,1688,4.859093730602101,15.353300733496331,69.0,133.0,"Thu, Mar 24, 2005","Mon, Mar 28, 2005"
4034,Greenville-Spartanburg International,Greenville,United States,GSP,KGSP,34.895556,-82.218889,964,-5,A,"Greer, SC",1216,1214,1257,1257,3.7064144736842106,13.750411861614486,24.0,165.0,"Thu, Mar 31, 2005","Sun, Mar 27, 2005"
3880,Great Falls International,Great Falls,United States,GTF,KGTF,47.482,-111.370689,3677,-7,A,"Great Falls, MT",334,335,341,342,4.203592814371263,9.06567164179104,10.0,33.0,"Sat, Mar 26, 2005","Tue, Mar 22, 2005"
4273,Golden Triangle Regional Airport,Columbus Mississippi,United States,GTR,KGTR,33.450333,-88.591361,264,-6,A,"Columbus, MS",109,109,120,120,3.6605504587155964,7.605504587155962,11.0,23.0,"Tue, Mar 29, 2005","Mon, Mar 28, 2005"
7051,Gunnison - Crested Butte,Gunnison,United States,GUC,KGUC,38.533889,-106.933056,7678,-7,A,"Gunnison, CO",67,68,68,68,3.6865671641791047,12.647058823529411,6.0,40.0,"Wed, Mar  9, 2005","Thu, Mar 17, 2005"
4339,Yampa Valley,Hayden,United States,HDN,KHDN,40.481181,-107.21766,6602,-7,A,"Hayden, CO",200,203,206,206,3.46,16.167487684729064,9.0,42.0,"Mon, Mar  7, 2005","Wed, Mar 30, 2005"
3504,Helena Regional,Helena,United States,HLN,KHLN,46.606806,-111.98275,3877,-7,A,"Helena, MT",208,208,218,217,3.495192307692307,10.677884615384617,7.0,57.0,"Sun, Mar  6, 2005","Wed, Mar 23, 2005"
3728,Honolulu International,Honolulu,United States,HNL,PHNL,21.318681,-157.922428,13,-10,N,"Honolulu, HI",3205,3208,3214,3214,6.016224648985959,13.740336658354101,54.0,39.0,"Wed, Mar  9, 2005","Sun, Mar 20, 2005"
3566,William P. Hobby,Houston,United States,HOU,KHOU,29.645419,-95.278889,46,-6,A,"Houston, TX",4781,4776,4869,4870,4.412256850031383,9.564698492462316,30.0,102.0,"Wed, Mar  9, 2005","Fri, Mar 11, 2005"
3589,Westchester County,White Plains,United States,HPN,KHPN,41.066959,-73.707575,439,-5,A,"White Plains, NY",579,567,613,604,5.768566493955095,16.128747795414455,116.0,118.0,"Wed, Mar 23, 2005","Wed, Mar 23, 2005"
3560,Valley International,Harlingen,United States,HRL,KHRL,26.2285,-97.654389,36,-6,A,"Harlingen/San Benito, TX",508,507,509,509,2.7755905511811005,8.400394477317558,10.0,79.0,"Mon, Mar  7, 2005","Mon, Mar  7, 2005"
4113,Huntsville International Airport-Carl T. Jones Field,Huntsville,United States,HSV,KHSV,34.6371944,-86.7750556,629,-6,A,"Huntsville, AL",1034,1031,1057,1057,4.549323017408121,11.477206595538313,18.0,104.0,"Thu, Mar 17, 2005","Tue, Mar  8, 2005"
5742,TriState-Milton J. Ferguson Field,Huntington,United States,HTS,KHTS,38.3667,-82.558,828,-5,A,"Ashland, WV",116,116,122,122,3.3275862068965516,10.422413793103445,9.0,45.0,"Fri, Mar 18, 2005","Tue, Mar  1, 2005"
4006,Tweed-New Haven Airport,New Haven,United States,HVN,KHVN,41.26375,-72.886806,14,-5,A,"New Haven, CT",86,85,93,93,3.5000000000000004,11.423529411764708,8.0,49.0,"Thu, Mar 31, 2005","Tue, Mar  8, 2005"
3714,Washington Dulles International,Washington,United States,IAD,KIAD,38.944533,-77.455811,313,-5,A,"Washington, DC",11118,11137,11249,11256,6.2256700845475965,20.068689952410868,67.0,232.0,"Thu, Mar 31, 2005","Tue, Mar  8, 2005"
3550,George Bush Intercontinental Houston,Houston,United States,IAH,KIAH,29.984433,-95.341442,97,-6,A,"Houston, TX",18545,18600,18651,18656,8.45527096252357,20.20188172043013,48.0,141.0,"Tue, Mar  1, 2005","Wed, Mar 23, 2005"
3457,Wichita Mid Continent,Wichita,United States,ICT,KICT,37.649944,-97.433056,1333,-6,A,"Wichita, KS",1063,1056,1084,1082,4.814675446848543,11.877840909090908,38.0,98.0,"Mon, Mar 28, 2005","Sun, Mar 27, 2005"
4100,Idaho Falls Regional,Idaho Falls,United States,IDA,KIDA,43.514556,-112.07075,4744,-7,A,"Idaho Falls, ID",272,271,273,275,3.786764705882353,8.638376383763836,11.0,58.0,"Wed, Mar 30, 2005","Thu, Mar  3, 2005"
3845,Wilmington International,Wilmington,United States,ILM,KILM,34.270615,-77.902569,32,-5,A,"Wilmington, NC",359,358,361,361,4.128133704735382,10.268156424581006,11.0,58.0,"Wed, Mar 16, 2005","Fri, Mar 11, 2005"
3585,Indianapolis International,Indianapolis,United States,IND,KIND,39.717331,-86.294383,797,-5,A,"Indianapolis, IN",3809,3808,3856,3857,7.8563927540036715,14.608981092436984,63.0,119.0,"Thu, Mar 10, 2005","Thu, Mar 10, 2005"
3689,Imperial County,Imperial,United States,IPL,KIPL,32.834219,-115.578744,-54,-8,A,"El Centro, CA",62,62,62,62,3.0806451612903225,8.370967741935484,6.0,28.0,"Sat, Mar  5, 2005","Sat, Mar 19, 2005"
3857,Long Island MacArthur,Islip,United States,ISP,KISP,40.79525,-73.100222,99,-5,A,"Islip, NY",1006,984,1033,1011,4.285288270377741,10.802845528455283,68.0,82.0,"Tue, Mar  8, 2005","Sat, Mar 12, 2005"
3415,Hilo International,Hilo,United States,ITO,PHTO,19.721375,-155.048469,38,-10,N,"Hilo, HI",213,213,213,213,4.75586854460094,5.079812206572772,7.0,9.0,"Thu, Mar 24, 2005","Thu, Mar 10, 2005"
7120,Inyokern Airport,Inyokern,United States,IYK,KIYK,35.658889,-117.829444,2455,-8,A,"Inyokern, CA",87,86,88,88,3.4597701149425286,9.616279069767442,6.0,25.0,"Wed, Mar  2, 2005","Mon, Mar 14, 2005"
4027,Jackson Hole Airport,Jacksn Hole,United States,JAC,KJAC,43.60733333,-110.73775,6451,-7,A,"Jackson, WY",361,362,364,365,3.1024930747922452,13.82044198895028,6.0,69.0,"Wed, Mar 23, 2005","Sun, Mar  6, 2005"
3580,Jackson Evers International,Jackson,United States,JAN,KJAN,32.311167,-90.075889,346,-6,A,"Jackson/Vicksburg, MS",953,952,969,970,4.416579223504725,10.951680672268912,32.0,101.0,"Sat, Mar 26, 2005","Fri, Mar  4, 2005"
3712,Jacksonville International,Jacksonville,United States,JAX,KJAX,30.494056,-81.687861,30,-5,A,"Jacksonville, FL",2602,2594,2614,2615,4.63681783243659,12.202775636083269,42.0,122.0,"Fri, Mar  4, 2005","Fri, Mar 25, 2005"
3797,John F. Kennedy International,New York,United States,JFK,KJFK,40.639751,-73.778925,13,-5,A,"New York, NY",8359,8392,8586,8594,8.910994138054773,26.717111534795006,139.0,218.0,"Tue, Mar  8, 2005","Sun, Mar 27, 2005"
3492,Juneau International,Juneau,United States,JNU,PAJN,58.354972,-134.576278,21,-9,A,"Juneau, AK",308,305,310,310,4.308441558441561,10.839344262295079,10.0,31.0,"Fri, Mar  4, 2005","Mon, Mar 28, 2005"
3514,Kona International At Keahole,Kona,United States,KOA,PHKO,19.738767,-156.045631,47,-10,N,"Kona, HI",573,575,574,575,4.008726003490401,7.9304347826086925,19.0,30.0,"Sat, Mar 26, 2005","Sun, Mar 13, 2005"
3808,Ketchikan International,Ketchikan,United States,KTN,PAKT,55.355556,-131.71375,88,-9,A,"Ketchikan, AK",181,181,186,186,4.674033149171272,9.198895027624298,13.0,29.0,"Tue, Mar  1, 2005","Fri, Mar 25, 2005"
3544,Capital City,Lansing,United States,LAN,KLAN,42.7787,-84.587357,861,-5,A,"Lansing, MI",411,411,421,421,4.150851581508511,11.072992700729923,14.0,67.0,"Fri, Mar 18, 2005","Wed, Mar 30, 2005"
3877,McCarran International,Las Vegas,United States,LAS,KLAS,36.080056,-115.15225,2141,-8,A,"Las Vegas, NV",14055,14061,14152,14151,6.106296691568843,15.512552450039115,84.0,110.0,"Wed, Mar 16, 2005","Tue, Mar  8, 2005"
4256,Lawton-Fort Sill Regional Airport,Lawton,United States,LAW,KLAW,34.5677144,-98.4166367,1110,-6,A,"Lawton/Fort Sill, OK",207,208,208,209,5.333333333333335,11.879807692307692,18.0,56.0,"Mon, Mar 21, 2005","Sun, Mar 27, 2005"
3484,Los Angeles International,Los Angeles,United States,LAX,KLAX,33.942536,-118.408075,126,-8,A,"Los Angeles, CA",19301,19341,19507,19495,7.298689187088717,14.072126570497906,149.0,183.0,"Tue, Mar 15, 2005","Thu, Mar 10, 2005"
3829,Lubbock Preston Smith International,Lubbock,United States,LBB,KLBB,33.663639,-101.822778,3282,-6,A,"Lubbock, TX",762,761,764,762,3.2637795275590564,9.423127463863334,13.0,132.0,"Fri, Mar 18, 2005","Thu, Mar  3, 2005"
3513,Lake Charles Regional,Lake Charles,United States,LCH,KLCH,30.126112,-93.223335,15,-6,A,"Lake Charles, LA",141,141,141,141,5.375886524822696,14.581560283687944,17.0,121.0,"Wed, Mar  2, 2005","Mon, Mar  7, 2005"
4017,Blue Grass,Lexington KY,United States,LEX,KLEX,38.0365,-84.605889,979,-5,A,"Lexington, KY",694,696,714,715,4.325648414985589,13.120689655172418,12.0,45.0,"Wed, Mar  9, 2005","Tue, Mar  1, 2005"
3493,Lafayette Regional,Lafayette,United States,LFT,KLFT,30.205278,-91.987611,43,-6,A,"Lafayette, LA",320,320,323,323,4.740625,11.478125000000002,10.0,99.0,"Fri, Mar 11, 2005","Fri, Mar  4, 2005"
3697,LaGuardia Airport,New York,United States,LGA,KLGA,40.777245,-73.872608,22,-5,A,"New York, NY",10379,10376,10977,10959,7.83495519799593,23.06543947571321,110.0,214.0,"Tue, Mar  8, 2005","Mon, Mar 28, 2005"
3582,Long Beach,Long Beach,United States,LGB,KLGB,33.817722,-118.151611,60,-8,A,"Long Beach, CA",952,954,956,957,4.632352941176471,13.09119496855346,23.0,36.0,"Thu, Mar 10, 2005","Sun, Mar 20, 2005"
3602,Lihue,Lihue,United States,LIH,PHLI,21.975983,-159.338958,153,-10,N,"Lihue, HI",621,622,623,623,4.513687600644125,4.786173633440514,27.0,23.0,"Tue, Mar 29, 2005","Thu, Mar 31, 2005"
3660,Adams Field,Little Rock,United States,LIT,KLIT,34.729444,-92.224306,262,-6,A,"Little Rock, AR",1609,1604,1623,1623,4.477315102548167,10.78865336658354,53.0,77.0,"Sat, Mar 26, 2005","Wed, Mar 30, 2005"
3543,Lincoln,Lincoln,United States,LNK,KLNK,40.850971,-96.75925,1219,-6,A,"Lincoln, NE",149,150,151,151,4.187919463087246,9.953333333333331,14.0,39.0,"Fri, Mar 18, 2005","Wed, Mar 30, 2005"
3691,Laredo International,Laredo,United States,LRD,KLRD,27.54375,-99.461556,508,-6,A,"Laredo, TX",261,259,262,261,3.7011494252873574,10.405405405405405,10.0,37.0,"Wed, Mar 23, 2005","Thu, Mar 17, 2005"
4044,LaCrosse Municipal,LaCrosse,United States,LSE,KLSE,43.878986,-91.256711,654,-6,A,"La Crosse, WI",159,159,170,170,3.962264150943397,10.679245283018869,12.0,45.0,"Sat, Mar 12, 2005","Thu, Mar 10, 2005"
3945,Lewiston Nez Perce County,Lewiston,United States,LWS,KLWS,46.3745,-117.015389,1442,-8,A,"Lewiston, ID",61,60,61,62,5.065573770491803,9.483333333333333,12.0,37.0,"Mon, Mar 14, 2005","Mon, Mar 21, 2005"
5753,Lynchburg Regional-Preston Glenn Field,Lynchburg,United States,LYH,KLYH,37.3267,-79.2004,938,-5,A,"Lynchburg, VA",76,56,81,58,3.5,8.160714285714286,8.0,19.0,"Mon, Mar  7, 2005","Tue, Mar 22, 2005"
3652,Midland International,Midland,United States,MAF,KMAF,31.942528,-102.201914,2871,-6,A,"Midland/Odessa, TX",699,700,701,702,3.3562231759656638,8.892857142857144,11.0,90.0,"Sun, Mar 20, 2005","Thu, Mar  3, 2005"
4128,MBS International,Saginaw,United States,MBS,KMBS,43.532913,-84.079647,668,-5,A,"Saginaw/Bay City/Midland, MI",270,268,275,275,4.507407407407405,10.477611940298502,16.0,42.0,"Tue, Mar  1, 2005","Tue, Mar  1, 2005"
3458,Kansas City International,Kansas City,United States,MCI,KMCI,39.297606,-94.713905,1026,-6,A,"Kansas City, MO",4587,4602,4628,4647,4.38129496402879,10.764015645371584,39.0,183.0,"Thu, Mar 17, 2005","Wed, Mar 30, 2005"
3754,Middle Georgia Regional,Macon,United States,MCN,KMCN,32.69285,-83.649211,354,-5,A,"Macon, GA",58,54,58,58,4.086206896551725,11.925925925925927,7.0,35.0,"Thu, Mar 10, 2005","Thu, Mar 31, 2005"
3878,Orlando International,Orlando,United States,MCO,KMCO,28.429394,-81.308994,96,-5,A,"Orlando, FL",10506,10524,10588,10585,6.047306301161247,15.223679209426084,64.0,205.0,"Tue, Mar 22, 2005","Fri, Mar 25, 2005"
3542,Harrisburg International,Harrisburg,United States,MDT,KMDT,40.193494,-76.763403,310,-5,A,"Harrisburg, PA",621,617,632,630,4.4219001610305995,13.705024311183145,16.0,163.0,"Sun, Mar  6, 2005","Thu, Mar 10, 2005"
3747,Chicago Midway International,Chicago,United States,MDW,KMDW,41.785972,-87.752417,620,-6,A,"Chicago, IL",7305,7325,7398,7397,4.86064339493495,12.093378839590455,41.0,133.0,"Sat, Mar  5, 2005","Sun, Mar  6, 2005"
4335,Key Field,Meridian,United States,MEI,KMEI,32.332624,-88.751868,297,-6,A,"Meridian, MS",109,110,119,119,4.045871559633028,9.35454545454545,10.0,24.0,"Fri, Mar 18, 2005","Sun, Mar 27, 2005"
3473,Memphis International,Memphis,United States,MEM,KMEM,35.042417,-89.976667,341,-6,A,"Memphis, TN",4346,4347,4419,4419,5.976760239300503,15.296986427421206,44.0,97.0,"Tue, Mar  8, 2005","Sun, Mar 27, 2005"
3826,McAllen Miller International,Mcallen,United States,MFE,KMFE,26.175833,-98.238611,107,-6,A,"Mission/McAllen/Edinburg, TX",307,307,307,307,4.1693811074918585,9.833876221498368,8.0,52.0,"Sun, Mar 20, 2005","Sat, Mar 19, 2005"
4101,Rogue Valley International Medford,Medford,United States,MFR,KMFR,42.374228,-122.8735,1335,-8,A,"Medford, OR",445,444,450,450,3.289887640449438,8.46396396396399,11.0,83.0,"Sun, Mar 13, 2005","Thu, Mar 24, 2005"
4115,Montgomery Regional Airport ,MONTGOMERY,United States,MGM,KMGM,32.3006389,-86.3939722,221,-6,A,"Montgomery, AL",263,260,279,279,3.623574144486692,10.961538461538469,10.0,77.0,"Sun, Mar 27, 2005","Thu, Mar 17, 2005"
4011,Manchester Regional Airport,Manchester NH,United States,MHT,KMHT,42.932556,-71.435667,266,-5,A,"Manchester, NH",2073,2067,2156,2157,4.438977327544634,13.601838413159165,28.0,132.0,"Fri, Mar 25, 2005","Tue, Mar  1, 2005"
3576,Miami International,Miami,United States,MIA,KMIA,25.79325,-80.290556,8,-5,A,"Miami, FL",5731,5733,5779,5778,7.516314779270645,18.690563404849176,132.0,220.0,"Thu, Mar 17, 2005","Mon, Mar 28, 2005"
3717,General Mitchell International,Milwaukee,United States,MKE,KMKE,42.947222,-87.896583,723,-6,A,"Milwaukee, WI",1793,1791,1823,1825,4.892359174567762,15.10999441652708,33.0,118.0,"Thu, Mar 24, 2005","Tue, Mar  8, 2005"
3671,Melbourne International,Melbourne,United States,MLB,KMLB,28.102753,-80.645258,33,-5,A,"Melbourne, FL",279,274,286,283,5.609318996415769,12.032846715328468,15.0,65.0,"Wed, Mar 30, 2005","Sun, Mar 27, 2005"
4072,Quad City International,Moline,United States,MLI,KMLI,41.448528,-90.507539,590,-6,A,"Moline, IL",406,405,409,409,3.935960591133005,11.197530864197534,9.0,44.0,"Sun, Mar 20, 2005","Wed, Mar 23, 2005"
3732,Monroe Regional,Monroe,United States,MLU,KMLU,32.510864,-92.037689,79,-6,A,"Monroe, LA",236,236,238,238,3.847457627118644,8.182203389830503,25.0,46.0,"Thu, Mar  3, 2005","Thu, Mar 17, 2005"
3782,Mobile Regional,Mobile,United States,MOB,KMOB,30.691231,-88.242814,219,-6,A,"Mobile, AL",382,376,393,393,4.539267015706807,10.702127659574462,17.0,115.0,"Mon, Mar  7, 2005","Sun, Mar 27, 2005"
3816,Modesto City County Harry Sham,Modesto,United States,MOD,KMOD,37.625817,-120.954422,97,-8,A,"Modesto, CA",119,120,123,123,3.0,8.708333333333337,15.0,32.0,"Tue, Mar  8, 2005","Sat, Mar 12, 2005"
3498,Minot International,Minot,United States,MOT,KMOT,48.259378,-101.280333,1716,-6,A,"Minot, ND",93,93,93,93,5.096774193548384,11.806451612903226,8.0,134.0,"Tue, Mar 22, 2005","Fri, Mar 18, 2005"
6838,Sawyer International Airport,Marquette,United States,MQT,KMQT,46.353611,-87.395278,1221,-5,A,"Marquette, MI",88,87,89,89,5.159090909090907,12.942528735632184,22.0,113.0,"Tue, Mar  1, 2005","Thu, Mar 31, 2005"
3948,Monterey Peninsula,Monterey,United States,MRY,KMRY,36.587,-121.842944,257,-8,A,"Monterey, CA",580,583,591,596,3.2913793103448286,9.197255574614065,13.0,42.0,"Thu, Mar  3, 2005","Sun, Mar 20, 2005"
3459,Dane County Regional-Truax Field,Madison,United States,MSN,KMSN,43.139858,-89.337514,887,-6,A,"Madison, WI",740,738,753,751,3.925675675675676,13.617886178861788,18.0,128.0,"Thu, Mar 17, 2005","Sun, Mar  6, 2005"
4216,Missoula International,Missoula,United States,MSO,KMSO,46.916306,-114.090556,3205,-7,A,"Missoula, MT",366,368,369,369,4.672131147540979,10.165760869565219,10.0,72.0,"Thu, Mar 10, 2005","Sat, Mar 19, 2005"
3858,Minneapolis St. Paul International,Minneapolis,United States,MSP,KMSP,44.881956,-93.221767,841,-6,A,"Minneapolis, MN",11981,12053,12208,12222,6.5164844336866485,19.394341657678623,92.0,162.0,"Wed, Mar 30, 2005","Wed, Mar 30, 2005"
3861,Louis Armstrong New Orleans International,New Orleans,United States,MSY,KMSY,29.993389,-90.258028,4,-6,A,"New Orleans, LA",4578,4574,4611,4610,4.686762778505885,10.583515522518583,25.0,107.0,"Mon, Mar 14, 2005","Mon, Mar 28, 2005"
6880,Montrose Regional Airport,Montrose CO,United States,MTJ,KMTJ,38.509794,-107.894242,5759,-7,A,"Montrose/Delta, CO",337,335,342,343,4.089020771513353,10.226865671641798,17.0,59.0,"Thu, Mar 24, 2005","Sat, Mar 26, 2005"
3515,Myrtle Beach International,Myrtle Beach,United States,MYR,KMYR,33.67975,-78.928333,25,-5,A,"Myrtle Beach, SC",627,623,645,643,3.958532695374801,10.626003210272868,22.0,175.0,"Tue, Mar 29, 2005","Wed, Mar 23, 2005"
3453,Metropolitan Oakland International,Oakland,United States,OAK,KOAK,37.721278,-122.220722,9,-8,A,"Oakland, CA",5853,5861,5897,5897,4.981377071587246,10.570892339191303,65.0,76.0,"Sun, Mar  6, 2005","Wed, Mar  2, 2005"
3456,Kahului,Kahului,United States,OGG,PHOG,20.89865,-156.430458,54,-10,N,"Kahului, HI",1253,1252,1255,1255,4.7102952913008735,9.399361022364223,50.0,47.0,"Wed, Mar 30, 2005","Sun, Mar 20, 2005"
3863,Will Rogers World,Oklahoma City,United States,OKC,KOKC,35.393089,-97.600733,1295,-6,A,"Oklahoma City, OK",1771,1764,1788,1786,4.095426312817617,10.36167800453514,34.0,83.0,"Wed, Mar 16, 2005","Mon, Mar  7, 2005"
3454,Eppley Airfield,Omaha,United States,OMA,KOMA,41.303167,-95.894069,984,-6,A,"Omaha, NE",1933,1920,1952,1943,3.6983962752198645,11.504687499999998,31.0,154.0,"Mon, Mar 21, 2005","Thu, Mar 10, 2005"
3615,Nome,Nome,United States,OME,PAOM,64.512203,-165.445247,37,-9,A,"Nome, AK",93,95,99,99,3.3010752688172045,5.926315789473683,7.0,19.0,"Mon, Mar 21, 2005","Tue, Mar 15, 2005"
3734,Ontario International,Ontario,United States,ONT,KONT,34.056,-117.601194,944,-8,A,"Ontario, CA",2998,2997,3024,3024,4.2348232154769905,10.521521521521528,67.0,149.0,"Thu, Mar 24, 2005","Thu, Mar 10, 2005"
3830,Chicago O'Hare International,Chicago,United States,ORD,KORD,41.978603,-87.904842,668,-6,A,"Chicago, IL",28136,28288,28785,28780,8.723699175433563,18.965815893665194,90.0,259.0,"Thu, Mar 17, 2005","Tue, Mar  8, 2005"
3611,Norfolk International,Norfolk,United States,ORF,KORF,36.894611,-76.201222,26,-5,A,"Norfolk, VA",1905,1901,1942,1937,3.9790026246719097,12.375065754865856,35.0,92.0,"Sat, Mar 12, 2005","Mon, Mar  7, 2005"
3693,Ralph Wien Memorial,Kotzebue,United States,OTZ,PAOT,66.884678,-162.59855,11,-9,A,"Kotzebue, AK",89,90,93,93,3.5730337078651684,6.8,7.0,23.0,"Sun, Mar 13, 2005","Sun, Mar 20, 2005"
6961,Oxnard - Ventura County,Oxnard,United States,OXR,KOXR,34.200833,-119.207222,15,-8,A,"Oxnard/Ventura, CA",147,148,149,149,3.07482993197279,8.64189189189189,14.0,21.0,"Thu, Mar  3, 2005","Tue, Mar  8, 2005"
3722,Palm Beach International,West Palm Beach,United States,PBI,KPBI,26.683161,-80.095589,19,-5,A,"West Palm Beach/Palm Beach, FL",3029,3031,3052,3050,4.609772202046894,16.214780600461904,47.0,203.0,"Fri, Mar 25, 2005","Fri, Mar 25, 2005"
3720,Portland International,Portland,United States,PDX,KPDX,45.588722,-122.5975,30,-8,A,"Portland, OR",4481,4489,4512,4511,3.946663691140364,9.909556694141216,25.0,42.0,"Thu, Mar 10, 2005","Thu, Mar 10, 2005"
4073,Panama City Bay County International,Panama City,United States,PFN,KPFN,30.212083,-85.682806,20,-6,A,"Panama City, FL",234,218,248,228,3.3675213675213675,8.247706422018355,8.0,23.0,"Sun, Mar 13, 2005","Thu, Mar 31, 2005"
3633,Newport News Williamsburg International,Newport News,United States,PHF,KPHF,37.131894,-76.492989,43,-5,A,"Newport News/Williamsburg, VA",544,545,557,557,5.273897058823528,12.058715596330273,15.0,62.0,"Wed, Mar 30, 2005","Mon, Mar  7, 2005"
3752,Philadelphia International,Philadelphia,United States,PHL,KPHL,39.871944,-75.241139,36,-5,A,"Philadelphia, PA",11122,11139,11462,11462,6.990019780614995,20.399227937875896,127.0,208.0,"Fri, Mar 25, 2005","Fri, Mar 25, 2005"
3462,Phoenix Sky Harbor International,Phoenix,United States,PHX,KPHX,33.434278,-112.011583,1135,-7,N,"Phoenix, AZ",14682,14726,14805,14803,6.255687236071382,14.424419394268646,54.0,139.0,"Mon, Mar  7, 2005","Thu, Mar 10, 2005"
4046,Peoria Regional,Peoria,United States,PIA,KPIA,40.664203,-89.693258,660,-6,A,"Peoria, IL",449,445,461,460,3.4699331848552344,11.098876404494385,9.0,69.0,"Sun, Mar  6, 2005","Tue, Mar 22, 2005"
3617,St. Petersburg Clearwater International,St. Petersburg,United States,PIE,KPIE,27.910167,-82.687389,10,-5,A,"St. Petersburg, FL",142,142,142,142,4.1760563380281726,13.499999999999998,15.0,44.0,"Thu, Mar 17, 2005","Tue, Mar  1, 2005"
5760,Pocatello Regional Airport,Pocatello,United States,PIH,KPIH,42.9098,-112.596,4452,-7,A,"Pocatello, ID",169,167,174,172,2.828402366863905,7.586826347305389,17.0,18.0,"Tue, Mar 15, 2005","Fri, Mar  4, 2005"
3570,Pittsburgh International,Pittsburgh (pennsylva),United States,PIT,KPIT,40.491467,-80.232872,1204,-5,A,"Pittsburgh, PA",4264,4275,4359,4359,5.902204502814258,15.853567251461975,49.0,158.0,"Mon, Mar 28, 2005","Fri, Mar 25, 2005"
3564,Pensacola Regional,Pensacola,United States,PNS,KPNS,30.473425,-87.186611,121,-6,A,"Pensacola, FL",892,925,912,940,4.270179372197306,10.821621621621631,24.0,88.0,"Thu, Mar 31, 2005","Sun, Mar 27, 2005"
6133,Tri Cities Airport,Pasco,United States,PSC,PSC,46.2647,-119.119,410,-8,A,"Pasco/Kennewick/Richland, WA",275,276,279,280,4.258181818181821,8.804347826086953,10.0,32.0,"Fri, Mar 18, 2005","Thu, Mar 24, 2005"
4147,Petersburg James A. Johnson,Petersburg,United States,PSG,PAPG,56.801667,-132.945278,105,-9,A,"Petersburg, AK",59,60,62,62,3.9322033898305087,7.4,7.0,28.0,"Sat, Mar 12, 2005","Tue, Mar  8, 2005"
3839,Palm Springs International,Palm Springs,United States,PSP,KPSP,33.829667,-116.506694,477,-8,A,"Palm Springs, CA",1350,1350,1355,1355,4.557037037037034,10.567407407407417,32.0,67.0,"Sun, Mar 13, 2005","Tue, Mar  1, 2005"
3641,Theodore Francis Green State,Providence,United States,PVD,KPVD,41.732581,-71.420383,55,-5,A,"Providence, RI",2698,2693,2784,2786,4.20793180133432,12.972150018566655,33.0,120.0,"Wed, Mar 23, 2005","Sat, Mar 12, 2005"
3862,Portland International Jetport,Portland,United States,PWM,KPWM,43.646161,-70.309281,77,-5,A,"Portland, ME",753,749,793,794,4.098273572377155,14.675567423230975,53.0,119.0,"Sat, Mar 12, 2005","Mon, Mar  7, 2005"
4087,Rapid City Regional Airport,Rapid City,United States,RAP,KRAP,44.045278,-103.057222,3204,-7,A,"Rapid City, SD",273,272,274,274,4.1062271062271085,10.974264705882353,7.0,78.0,"Thu, Mar 24, 2005","Fri, Mar 18, 2005"
4098,Redding Municipal,Redding,United States,RDD,KRDD,40.509,-122.293389,504,-8,A,"Redding, CA",150,151,155,154,3.4266666666666667,8.2317880794702,10.0,27.0,"Fri, Mar 11, 2005","Tue, Mar 22, 2005"
4103,Roberts Field,Redmond-Bend,United States,RDM,KRDM,44.254066,-121.149964,3077,-8,A,"Bend/Redmond, OR",270,270,275,275,3.2962962962962963,8.303703703703704,10.0,34.0,"Tue, Mar  1, 2005","Thu, Mar 24, 2005"
3626,Raleigh Durham International,Raleigh-durham,United States,RDU,KRDU,35.877639,-78.787472,435,-5,A,"Raleigh/Durham, NC",5537,5547,5689,5689,4.7318042261152184,13.077158824589848,49.0,128.0,"Thu, Mar 17, 2005","Mon, Mar 28, 2005"
3608,Richmond International,Richmond,United States,RIC,KRIC,37.505167,-77.319667,167,-5,A,"Richmond, VA",1522,1520,1569,1570,4.8508541392904,13.086842105263168,32.0,177.0,"Mon, Mar 28, 2005","Sun, Mar  6, 2005"
3807,Reno Tahoe International,Reno,United States,RNO,KRNO,39.499108,-119.768108,4415,-8,A,"Reno, NV",2489,2490,2505,2507,4.587786259541981,10.371084337349405,49.0,54.0,"Sat, Mar 12, 2005","Fri, Mar 25, 2005"
4016,Roanoke Regional,Roanoke VA,United States,ROA,KROA,37.325472,-79.975417,1175,-5,A,"Roanoke, VA",286,238,293,241,4.905594405594408,11.378151260504202,19.0,38.0,"Tue, Mar  8, 2005","Sat, Mar 12, 2005"
3622,Greater Rochester International,Rochester,United States,ROC,KROC,43.118866,-77.672389,559,-5,A,"Rochester, NY",1639,1636,1671,1669,5.57291031116534,15.223105134474332,49.0,93.0,"Sat, Mar 12, 2005","Tue, Mar  1, 2005"
4048,Rochester,Rochester,United States,RST,KRST,43.908283,-92.500014,1317,-6,A,"Rochester, MN",215,215,235,236,3.9069767441860472,12.767441860465116,32.0,79.0,"Sun, Mar 13, 2005","Fri, Mar 18, 2005"
3793,Southwest Florida International,Fort Myers,United States,RSW,KRSW,26.536167,-81.755167,30,-5,A,"Fort Myers, FL",3128,3125,3144,3144,5.858695652173927,17.361279999999926,102.0,268.0,"Fri, Mar 25, 2005","Fri, Mar 25, 2005"
3731,San Diego International,San Diego,United States,SAN,KSAN,32.733556,-117.189667,17,-8,A,"San Diego, CA",7249,7242,7298,7298,3.6098772244447535,13.514774924054125,59.0,86.0,"Sat, Mar  5, 2005","Tue, Mar  8, 2005"
3621,San Antonio International,San Antonio,United States,SAT,KSAT,29.533694,-98.469778,809,-6,A,"San Antonio, TX",3189,3192,3228,3228,3.879586077140172,9.993107769423526,32.0,110.0,"Sat, Mar 19, 2005","Sat, Mar 19, 2005"
3613,Savannah Hilton Head International,Savannah,United States,SAV,KSAV,32.127583,-81.202139,51,-5,A,"Savannah, GA",1169,1167,1192,1191,4.807527801539781,13.232219365895462,17.0,91.0,"Sun, Mar  6, 2005","Thu, Mar  3, 2005"
3949,Santa Barbara Municipal,Santa Barbara,United States,SBA,KSBA,34.426211,-119.840372,10,-8,A,"Santa Barbara, CA",1058,1060,1079,1081,3.9744801512287316,8.96603773584905,20.0,54.0,"Sat, Mar 26, 2005","Tue, Mar 22, 2005"
4359,South Bend Regional,South Bend,United States,SBN,KSBN,41.708661,-86.31725,799,-5,A,"South Bend, IN",355,342,368,353,4.033802816901408,11.973684210526322,32.0,70.0,"Tue, Mar  1, 2005","Wed, Mar 16, 2005"
5768,San Luis County Regional Airport,San Luis Obispo,United States,SBP,KSBP,35.2368,-120.642,212,-8,A,"San Luis Obispo, CA",459,453,462,461,3.346405228758171,10.178807947019864,18.0,51.0,"Mon, Mar 21, 2005","Sun, Mar 13, 2005"
3620,Deadhorse,Deadhorse,United States,SCC,PASC,70.19475,-148.465167,64,-9,A,"Deadhorse, AK",24,24,27,27,3.0833333333333335,6.083333333333333,4.0,15.0,"Sat, Mar  5, 2005","Sat, Mar 26, 2005"
4318,University Park Airport,State College Pennsylvania,United States,SCE,KUNV,40.849278,-77.848694,1239,-5,A,"State College, PA",89,90,93,93,3.5842696629213484,11.688888888888888,7.0,47.0,"Sat, Mar  5, 2005","Fri, Mar 11, 2005"
4014,Louisville International Airport,Louisville,United States,SDF,KSDF,38.1740858,-85.7364989,501,-5,A,"Louisville, KY",2081,2081,2103,2103,4.935127342623739,12.88995675156176,28.0,91.0,"Tue, Mar 22, 2005","Wed, Mar  9, 2005"
3577,Seattle Tacoma International,Seattle,United States,SEA,KSEA,47.449,-122.309306,433,-8,A,"Seattle, WA",8491,8521,8591,8592,5.884465905075965,12.865039314634453,47.0,99.0,"Sat, Mar 19, 2005","Thu, Mar 24, 2005"
3469,San Francisco International,San Francisco,United States,SFO,KSFO,37.618972,-122.374889,13,-8,A,"San Francisco, CA",10403,10408,10532,10518,5.619725079304042,15.720407378939289,160.0,116.0,"Tue, Mar  1, 2005","Sun, Mar 27, 2005"
4348,Springfield Branson National,Springfield,United States,SGF,KSGF,37.245667,-93.388639,1268,-6,A,"Springfield, MO",597,599,614,614,3.646566164154104,10.87813021702838,17.0,89.0,"Tue, Mar  1, 2005","Fri, Mar 25, 2005"
4064,St. George Municipal,Saint George,United States,SGU,KSGU,37.090583,-113.593056,2941,-7,A,"St. George, UT",262,260,265,265,3.2900763358778624,7.457692307692308,6.0,20.0,"Wed, Mar  2, 2005","Mon, Mar 28, 2005"
3609,Shreveport Regional,Shreveport,United States,SHV,KSHV,32.446629,-93.8256,258,-6,A,"Shreveport, LA",708,710,726,726,4.377118644067795,9.052112676056337,15.0,63.0,"Tue, Mar  8, 2005","Thu, Mar  3, 2005"
3856,Sitka Rocky Gutierrez,Sitka,United States,SIT,PASI,57.047138,-135.361611,21,-9,A,"Sitka, AK",92,92,93,93,4.815217391304349,9.945652173913047,9.0,31.0,"Sat, Mar 26, 2005","Mon, Mar 28, 2005"
3748,Norman Y. Mineta San Jose International,San Jose,United States,SJC,KSJC,37.3626,-121.929022,62,-8,A,"San Jose, CA",4929,4917,4993,4991,4.037127206329873,11.345535895871455,47.0,63.0,"Tue, Mar 15, 2005","Fri, Mar 25, 2005"
3708,San Angelo Regional-Mathis Field,San Angelo,United States,SJT,KSJT,31.35775,-100.496306,1919,-6,A,"San Angelo, TX",211,211,214,214,3.5781990521327014,8.478672985781994,10.0,23.0,"Fri, Mar  4, 2005","Mon, Mar  7, 2005"
3536,Salt Lake City International,Salt Lake City,United States,SLC,KSLC,40.788389,-111.977772,4227,-7,A,"Salt Lake City, UT",13946,13956,14115,14079,6.177685357808707,16.19260533104041,55.0,166.0,"Tue, Mar 29, 2005","Wed, Mar  2, 2005"
3817,Sacramento International,Sacramento,United States,SMF,KSMF,38.695417,-121.590778,27,-8,A,"Sacramento, CA",4148,4148,4177,4175,4.257714561234343,10.014464802314384,36.0,114.0,"Fri, Mar 18, 2005","Mon, Mar  7, 2005"
5772,Santa Maria Public-Captain G. Allan Hancock Airport,Santa Maria,United States,SMX,KSMX,34.8989,-120.457,261,-8,A,"Santa Maria, CA",178,179,180,182,3.073033707865168,6.843575418994414,9.0,15.0,"Sat, Mar 19, 2005","Wed, Mar  2, 2005"
3867,John Wayne Airport Orange County,Santa Ana,United States,SNA,KSNA,33.675667,-117.868222,56,-8,A,"Santa Ana, CA",3997,4004,4039,4041,6.208156117087817,13.238011988011989,56.0,119.0,"Thu, Mar 10, 2005","Fri, Mar  4, 2005"
3680,Sheppard AFB Wichita Falls Municipal,Wichita Falls,United States,SPS,KSPS,33.988797,-98.491894,1019,-6,A,"Wichita Falls, TX",209,209,213,213,8.583732057416274,11.598086124401913,18.0,36.0,"Mon, Mar 21, 2005","Fri, Mar  4, 2005"
4067,Sarasota Bradenton International,Sarasota,United States,SRQ,KSRQ,27.395444,-82.554389,30,-5,A,"Sarasota/Bradenton, FL",837,835,840,840,4.677419354838712,12.51497005988023,29.0,91.0,"Wed, Mar  9, 2005","Fri, Mar 25, 2005"
3678,Lambert St. Louis International,St. Louis,United States,STL,KSTL,38.748697,-90.370028,618,-6,A,"St. Louis, MO",5672,5671,5730,5730,4.421191819464031,12.152177746429171,59.0,214.0,"Sat, Mar 12, 2005","Wed, Mar 30, 2005"
6494,Friedman Memorial,Hailey,United States,SUN,KSUN,43.504444,-114.296194,5320,-7,A,"Sun Valley/Hailey/Ketchum, ID",220,222,233,238,2.240909090909089,6.972972972972973,12.0,50.0,"Sat, Mar 19, 2005","Sat, Mar 12, 2005"
3661,Stewart International,Newburgh,United States,SWF,KSWF,41.504094,-74.104839,491,-5,A,"Newburgh/Poughkeepsie, NY",328,327,337,337,4.689024390243902,15.067278287461773,16.0,75.0,"Tue, Mar  8, 2005","Mon, Mar  7, 2005"
3745,Syracuse Hancock International,Syracuse,United States,SYR,KSYR,43.111187,-76.106311,421,-5,A,"Syracuse, NY",1182,1179,1201,1201,4.401861252115055,16.74809160305342,21.0,134.0,"Sat, Mar 19, 2005","Fri, Mar  4, 2005"
3698,Tallahassee Regional,Tallahassee,United States,TLH,KTLH,30.396528,-84.350333,81,-5,A,"Tallahassee, FL",508,506,527,527,4.645669291338584,10.662055335968375,27.0,81.0,"Fri, Mar 11, 2005","Tue, Mar 22, 2005"
4040,Toledo,Toledo,United States,TOL,KTOL,41.586806,-83.807833,684,-5,A,"Toledo, OH",486,486,506,506,3.425925925925926,10.652263374485596,13.0,64.0,"Sat, Mar 12, 2005","Mon, Mar  7, 2005"
3646,Tampa International,Tampa,United States,TPA,KTPA,27.975472,-82.53325,26,-5,A,"Tampa, FL",7392,7363,7459,7432,4.609577922077895,15.333559690343609,64.0,284.0,"Fri, Mar 25, 2005","Fri, Mar 25, 2005"
4116,Tri-Cities Regional Airport,BRISTOL,United States,TRI,KTRI,36.4752222,-82.4074167,1519,-5,A,"Bristol/Johnson City/Kingsport, TN",319,319,333,333,3.66771159874608,10.000000000000009,10.0,105.0,"Mon, Mar 14, 2005","Mon, Mar  7, 2005"
3855,Tulsa International,Tulsa,United States,TUL,KTUL,36.198389,-95.888111,677,-6,A,"Tulsa, OK",1747,1744,1763,1763,3.9971379507727507,10.40940366972476,34.0,145.0,"Tue, Mar 22, 2005","Wed, Mar 30, 2005"
3636,Tucson International,Tucson,United States,TUS,KTUS,32.116083,-110.941028,2643,-7,N,"Tucson, AZ",1794,1793,1799,1799,4.200668896321078,10.67540435025098,29.0,70.0,"Sat, Mar 26, 2005","Mon, Mar 28, 2005"
4023,Cherry Capital Airport,Traverse City,United States,TVC,KTVC,44.741445,-85.582235,624,-5,A,"Traverse City, MI",235,235,243,244,3.948936170212766,12.476595744680846,10.0,40.0,"Tue, Mar  1, 2005","Tue, Mar  1, 2005"
4263,Magic Valley Regional Airport,Twin Falls,United States,TWF,KTWF,42.481803,-114.487733,4151,-7,A,"Twin Falls, ID",210,209,215,213,2.8142857142857136,7.3349282296650715,18.0,25.0,"Fri, Mar 18, 2005","Mon, Mar 28, 2005"
3770,Texarkana Regional-Webb Field,Texarkana,United States,TXK,KTXK,33.453722,-93.991028,390,-6,A,"Texarkana, AR",168,168,170,170,3.8809523809523836,8.226190476190471,11.0,20.0,"Thu, Mar 24, 2005","Thu, Mar 17, 2005"
3848,Tyler Pounds Regional,Tyler,United States,TYR,KTYR,32.354139,-95.402386,544,-6,A,"Tyler, TX",319,319,321,321,4.586206896551727,8.244514106583079,12.0,33.0,"Sun, Mar 20, 2005","Tue, Mar  8, 2005"
3676,McGhee Tyson,Knoxville,United States,TYS,KTYS,35.810972,-83.994028,981,-5,A,"Knoxville, TN",1266,1267,1295,1295,3.802527646129543,13.494869771112871,33.0,92.0,"Mon, Mar 14, 2005","Mon, Mar  7, 2005"
5775,Victoria Regional Airport,Victoria,United States,VCT,KVCT,28.8526,-96.9185,115,-6,A,"Victoria, TX",87,87,89,89,3.8735632183908044,7.988505747126435,11.0,16.0,"Mon, Mar 28, 2005","Wed, Mar  9, 2005"
7121,Visalia Municipal Airport,Visalia,United States,VIS,KVIS,36.318611,-119.392778,295,-8,A,"Visalia, CA",54,54,54,54,2.74074074074074,7.407407407407407,4.0,15.0,"Tue, Mar  8, 2005","Wed, Mar  2, 2005"
5776,Valdosta Regional Airport,Valdosta,United States,VLD,KVLD,30.7825,-83.2767,203,-5,A,"Valdosta, GA",106,102,119,111,3.509433962264151,8.803921568627448,10.0,45.0,"Mon, Mar 21, 2005","Fri, Mar 11, 2005"
3873,Eglin AFB,Valparaiso,United States,VPS,KVPS,30.48325,-86.5254,87,-6,A,"Valparaiso, FL",517,519,527,527,7.694390715667311,13.005780346820814,26.0,61.0,"Mon, Mar 21, 2005","Tue, Mar  8, 2005"
5969,Wrangell Airport,Wrangell,United States,WRG,PAWG,56.4843,-132.37,44,-9,A,"Wrangell, AK",60,61,62,62,4.033333333333331,7.344262295081967,6.0,26.0,"Wed, Mar  2, 2005","Thu, Mar 31, 2005"
4356,NW Arkansas Regional,Bentonville,United States,XNA,KXNA,36.2818694,-94.3068111,1287,-6,A,"Fayetteville, AR",1255,1261,1302,1303,5.228685258964139,12.973830293417917,41.0,121.0,"Wed, Mar 30, 2005","Wed, Mar 30, 2005"
6803,Yakutat,Yakutat,United States,YAK,PAYA,59.3012,-139.3937,33,-9,A,"Yakutat, AK",61,61,62,62,4.55737704918033,6.60655737704918,7.0,30.0,"Thu, Mar 10, 2005","Wed, Mar 30, 2005"
3596,Yuma MCAS Yuma International,Yuma,United States,YUM,KYUM,32.656578,-114.60598,216,-7,N,"Yuma, AZ",119,118,120,118,3.361344537815126,9.474576271186441,11.0,24.0,"Fri, Mar  4, 2005","Fri, Mar 18, 2005"
2883,Cyril E. King,St. Thomas,Virgin Islands,STT,TIST,18.337306,-64.973361,23,-4,U,"Charlotte Amalie, VI",367,367,370,370,4.65395095367847,13.523160762942776,20.0,58.0,"Sun, Mar 27, 2005","Wed, Mar  9, 2005"
2884,Henry E. Rohlsen,St. Croix Island,Virgin Islands,STX,TISX,17.701889,-64.798556,74,-4,U,"Christiansted, VI",43,43,43,43,3.2325581395348837,11.906976744186046,6.0,21.0,"Sat, Mar  5, 2005","Sat, Mar 19, 2005"
2885,Rafael Hernndez,Aguadilla,Puerto Rico,BQN,TJBQ,18.494861,-67.129444,237,-4,U,"Aguadilla, PR",61,61,62,62,4.950819672131149,13.180327868852457,10.0,23.0,"Fri, Mar 18, 2005","Fri, Mar 11, 2005"
2890,Luis Muoz Marn International,San Juan,Puerto Rico,SJU,TJSJ,18.439417,-66.001833,9,-4,U,"San Juan, PR",2359,2360,2385,2386,5.44976685036032,14.577966101694924,75.0,58.0,"Sun, Mar  6, 2005","Sat, Mar 19, 2005"
