airport_id,name,city,country,iata_faa,iaco,latitude,longitude,altitude,zone,dst,city_state,avg_able_landings,avg_able_takeoffs,total_landings,total_takeoffs,avg_taxi_in,avg_taxi_out,longest_taxi_in,longest_taxi_out,lng_tx_in_date,lng_tx_out_date
4355,Lehigh Valley International,Allentown,United States,ABE,KABE,40.652083,-75.440806,393,-5,A,"Allentown/Bethlehem/Easton, PA",330,329,335,335,4.378787878787877,12.16109422492401,29.0,113.0,"Sun, Oct  2, 2005","Tue, Oct 18, 2005"
3718,Abilene Regional,Abilene,United States,ABI,KABI,32.411319,-99.681897,1791,-6,A,"Abilene, TX",211,207,212,211,3.3412322274881525,8.314009661835748,12.0,17.0,"Tue, Oct 18, 2005","Wed, Oct 19, 2005"
4019,Albuquerque International Sunport,Albuquerque,United States,ABQ,KABQ,35.0402222,-106.6091944,5355,-7,A,"Albuquerque, NM",3334,3329,3347,3348,4.834433113377352,9.73655752478222,34.0,80.0,"Sun, Oct 16, 2005","Sat, Oct  1, 2005"
5715,Southwest Georgia Regional Airport,Albany,United States,ABY,KABY,31.5355,-84.1945,197,-5,A,"Albany, GA",116,117,119,119,3.689655172413793,9.042735042735046,8.0,58.0,"Mon, Oct 17, 2005","Sun, Oct  9, 2005"
3700,Waco Regional,Waco,United States,ACT,KACT,31.611289,-97.230519,516,-6,A,"Waco, TX",209,209,212,212,5.315789473684211,9.186602870813394,18.0,21.0,"Wed, Oct 12, 2005","Fri, Oct 28, 2005"
4384,Arcata,Arcata CA,United States,ACV,KACV,40.978111,-124.108611,221,-8,A,"Arcata/Eureka, CA",336,335,350,361,3.607142857142857,7.9910447761194074,7.0,37.0,"Fri, Oct 14, 2005","Sun, Oct  2, 2005"
3524,Atlantic City International,Atlantic City,United States,ACY,KACY,39.457583,-74.577167,75,-5,A,"Atlantic City, NJ",93,93,93,93,4.20430107526882,12.806451612903226,10.0,35.0,"Wed, Oct 26, 2005","Sat, Oct  1, 2005"
5959,Adak Airport,Adak Island,United States,ADK,PADK,51.878,-176.646,18,-10,A,"Adak Island, AK",8,8,9,9,3.875,7.125,5.0,10.0,"Thu, Oct  6, 2005","Sun, Oct  9, 2005"
3531,Kodiak,Kodiak,United States,ADQ,PADQ,57.749967,-152.493856,78,-9,A,"Kodiak, AK",58,58,60,60,3.1206896551724137,7.275862068965517,9.0,41.0,"Tue, Oct  4, 2005","Tue, Oct  4, 2005"
3852,Alexandria International,Alexandria,United States,AEX,KAEX,31.3274,-92.549833,89,-6,A,"Alexandria, LA",232,232,234,234,4.17241379310345,11.79310344827586,51.0,64.0,"Thu, Oct 20, 2005","Fri, Oct  7, 2005"
3658,Augusta Regional At Bush Field,Bush Field,United States,AGS,KAGS,33.369944,-81.9645,144,-5,A,"Augusta, GA",165,188,171,196,3.1454545454545455,10.664893617021272,15.0,47.0,"Sun, Oct  9, 2005","Wed, Oct 12, 2005"
3794,King Salmon,King Salmon,United States,AKN,PAKN,58.676778,-156.649278,68,-9,A,"King Salmon, AK",21,21,22,22,3.1904761904761907,5.666666666666665,5.0,11.0,"Sun, Oct 23, 2005","Sun, Oct 23, 2005"
3864,Albany International,Albany,United States,ALB,KALB,42.748267,-73.801692,285,-5,A,"Albany, NY",1541,1535,1552,1550,3.622323166774822,12.590879478827366,17.0,122.0,"Wed, Oct  5, 2005","Thu, Oct 13, 2005"
3840,Rick Husband Amarillo International,Amarillo,United States,AMA,KAMA,35.219369,-101.705931,3607,-6,A,"Amarillo, TX",699,700,707,707,4.915593705293275,8.998571428571429,11.0,27.0,"Sun, Oct 30, 2005","Mon, Oct 31, 2005"
3774,Ted Stevens Anchorage International,Anchorage,United States,ANC,PANC,61.174361,-149.996361,152,-9,A,"Anchorage, AK",1547,1557,1593,1594,5.441499676793796,12.132947976878617,21.0,69.0,"Fri, Oct 28, 2005","Sat, Oct 15, 2005"
4012,Naples Municipal,Naples,United States,APF,KAPF,26.152619,-81.775294,8,-5,A,"Naples, FL",81,79,93,93,3.580246913580247,10.443037974683545,13.0,30.0,"Sat, Oct  1, 2005","Sat, Oct  1, 2005"
3682,Hartsfield Jackson Atlanta International,Atlanta,United States,ATL,KATL,33.636719,-84.428067,1026,-5,A,"Atlanta, GA",34291,34408,35282,35309,8.859234201393983,19.053243431760137,74.0,221.0,"Sat, Oct 15, 2005","Wed, Oct 26, 2005"
4047,Appleton,Appleton,United States,ATW,KATW,44.257526,-88.507576,680,-6,A,"Appleton, WI",181,181,184,184,4.248618784530386,11.618784530386735,26.0,33.0,"Mon, Oct 10, 2005","Wed, Oct 19, 2005"
3673,Austin Bergstrom International,Austin,United States,AUS,KAUS,30.194528,-97.669889,542,-6,A,"Austin, TX",3456,3461,3477,3479,4.754629629629626,11.572666859289209,105.0,86.0,"Tue, Oct 25, 2005","Mon, Oct 31, 2005"
4007,Asheville Regional Airport,Asheville,United States,AVL,KAVL,35.436194,-82.541806,2165,-5,A,"Asheville, NC",404,405,414,414,3.8267326732673275,15.148148148148145,16.0,143.0,"Fri, Oct 28, 2005","Tue, Oct 11, 2005"
4286,Wilkes Barre Scranton International,Scranton,United States,AVP,KAVP,41.338478,-75.723403,962,-5,A,"Scranton/Wilkes-Barre, PA",179,162,181,164,4.776536312849164,10.925925925925922,24.0,27.0,"Fri, Oct  7, 2005","Sun, Oct  2, 2005"
4039,Kalamazoo,Kalamazoo,United States,AZO,KAZO,42.234875,-85.552058,874,-5,A,"Kalamazoo, MI",406,399,412,412,3.684729064039409,10.375939849624057,13.0,44.0,"Wed, Oct 26, 2005","Wed, Oct 26, 2005"
3825,Bradley International,Windsor Locks,United States,BDL,KBDL,41.938889,-72.683222,173,-5,A,"Hartford, CT",3101,3096,3154,3153,5.048371493066758,13.080426356589161,39.0,112.0,"Fri, Oct 14, 2005","Tue, Oct 25, 2005"
3599,Bethel,Bethel,United States,BET,PABE,60.779778,-161.838,121,-9,A,"Bethel, AK",94,95,97,97,3.0,7.189473684210526,7.0,32.0,"Tue, Oct 11, 2005","Thu, Oct  6, 2005"
3558,Meadows Field,Bakersfield,United States,BFL,KBFL,35.433598,-119.05677,507,-8,A,"Bakersfield, CA",362,361,363,362,5.160220994475134,8.432132963988915,13.0,29.0,"Fri, Oct 14, 2005","Fri, Oct 21, 2005"
4129,Greater Binghamton-Edwin A. Link Field,Binghamton,United States,BGM,KBGM,42.208689,-75.979839,1636,-5,A,"Binghamton, NY",87,86,88,88,4.10344827586207,13.465116279069768,8.0,53.0,"Mon, Oct 17, 2005","Tue, Oct 25, 2005"
3463,Bangor International,Bangor,United States,BGR,KBGR,44.807444,-68.828139,192,-5,A,"Bangor, ME",485,483,499,499,4.1711340206185525,12.579710144927539,15.0,134.0,"Sat, Oct 15, 2005","Sat, Oct 22, 2005"
3811,Birmingham International,Birmingham,United States,BHM,KBHM,33.562942,-86.75355,644,-6,A,"Birmingham, AL",1647,1647,1661,1665,3.535519125683061,12.052823315118392,19.0,139.0,"Mon, Oct 10, 2005","Thu, Oct 13, 2005"
4021,Billings Logan International Airport,Billings,United States,BIL,KBIL,45.80921,-108.537654,3652,-7,A,"Billings, MT",447,448,456,458,3.8031319910514543,10.337053571428571,17.0,57.0,"Wed, Oct  5, 2005","Tue, Oct  4, 2005"
4083,Bismarck Municipal Airport,Bismarck,United States,BIS,KBIS,46.775842,-100.757931,1661,-6,A,"Bismarck/Mandan, ND",183,184,187,187,3.7868852459016393,11.25,8.0,107.0,"Tue, Oct  4, 2005","Tue, Oct 11, 2005"
4037,Central Illinois Regional,Bloomington,United States,BMI,KBMI,40.477111,-88.915917,871,-6,A,"Bloomington/Normal, IL",183,184,186,186,3.99453551912568,9.972826086956529,13.0,80.0,"Sat, Oct  1, 2005","Thu, Oct 13, 2005"
3690,Nashville International,Nashville,United States,BNA,KBNA,36.124472,-86.678194,599,-6,A,"Nashville, TN",4850,4841,4887,4886,4.91030927835053,11.656475934724252,32.0,112.0,"Fri, Oct 14, 2005","Thu, Oct  6, 2005"
3495,Boise Air Terminal,Boise,United States,BOI,KBOI,43.564361,-116.222861,2871,-7,A,"Boise, ID",1400,1399,1406,1406,3.9914285714285715,9.83130807719799,24.0,75.0,"Thu, Oct  6, 2005","Thu, Oct 20, 2005"
3448,General Edward Lawrence Logan International,Boston,United States,BOS,KBOS,42.364347,-71.005181,19,-5,A,"Boston, MA",10015,10029,10398,10401,7.236045931103345,18.943962508724713,53.0,185.0,"Fri, Oct 14, 2005","Sun, Oct  2, 2005"
3612,Southeast Texas Regional,Beaumont,United States,BPT,KBPT,29.950833,-94.020694,15,-6,A,"Beaumont/Port Arthur, TX",1,1,3,3,4.0,20.0,4.0,20.0,"Mon, Oct 17, 2005","Mon, Oct 17, 2005"
5725,Brunswick Golden Isles Airport,Brunswick,United States,BQK,KBQK,31.2588,-81.4665,26,-5,A,"Brunswick, GA",94,84,98,93,3.4893617021276597,6.988095238095239,7.0,38.0,"Mon, Oct  3, 2005","Sat, Oct  1, 2005"
3738,Brownsville South Padre Island International,Brownsville,United States,BRO,KBRO,25.906833,-97.425861,22,-6,A,"Brownsville, TX",176,177,177,177,4.982954545454541,17.502824858757066,11.0,55.0,"Sat, Oct 15, 2005","Thu, Oct 13, 2005"
3571,Wiley Post Will Rogers Memorial,Barrow,United States,BRW,PABR,71.285446,-156.766003,44,-9,A,"Barrow, AK",52,53,53,53,3.730769230769231,5.754716981132075,7.0,18.0,"Tue, Oct 18, 2005","Tue, Oct 18, 2005"
4022,Bert Mooney Airport,Butte,United States,BTM,KBTM,45.954806,-112.497472,5550,-7,A,"Butte, MT",113,113,116,119,4.212389380530976,10.49557522123894,8.0,35.0,"Sat, Oct  1, 2005","Sun, Oct  2, 2005"
3846,Baton Rouge Metro-Ryan Field,Baton Rouge,United States,BTR,KBTR,30.533167,-91.149639,70,-6,A,"Baton Rouge, LA",909,922,934,943,5.382838283828383,12.326464208242957,31.0,172.0,"Fri, Oct  7, 2005","Mon, Oct 31, 2005"
3711,Burlington International,Burlington,United States,BTV,KBTV,44.471861,-73.153278,335,-5,A,"Burlington, VT",761,762,779,781,4.2378449408672845,14.45931758530184,63.0,105.0,"Fri, Oct 14, 2005","Mon, Oct 10, 2005"
3820,Buffalo Niagara International,Buffalo,United States,BUF,KBUF,42.940525,-78.732167,724,-5,A,"Buffalo, NY",2252,2275,2270,2298,4.276642984014206,11.915164835164841,52.0,118.0,"Wed, Oct 12, 2005","Wed, Oct 12, 2005"
3644,Bob Hope,Burbank,United States,BUR,KBUR,34.200667,-118.358667,778,-8,A,"Burbank, CA",2562,2563,2595,2595,2.839968774395004,11.608661724541554,32.0,116.0,"Sun, Oct 30, 2005","Mon, Oct 17, 2005"
3849,Baltimore Washington International,Baltimore,United States,BWI,KBWI,39.175361,-76.668333,146,-5,A,"Baltimore, MD",8897,8863,9022,8998,4.7482297403618885,11.822520591221938,69.0,105.0,"Sun, Oct  9, 2005","Wed, Oct 12, 2005"
4020,Gallatin Field,Bozeman,United States,BZN,KBZN,45.777643,-111.160151,4500,-7,A,"Bozeman, MT",415,415,419,419,4.250602409638555,11.183132530120478,11.0,34.0,"Sun, Oct  2, 2005","Fri, Oct 28, 2005"
3561,Columbia Metropolitan,Colombia,United States,CAE,KCAE,33.938833,-81.119528,236,-5,A,"Columbia, SC",911,898,932,930,4.618002195389686,13.348552338530066,26.0,90.0,"Mon, Oct 10, 2005","Fri, Oct  7, 2005"
4112,Akron Canton Regional Airport,Akron,United States,CAK,KCAK,40.9160833,-81.4421944,1228,-5,A,"Akron, OH",943,943,958,957,4.850477200424178,11.161187698833517,35.0,52.0,"Sun, Oct  9, 2005","Fri, Oct 14, 2005"
3824,Cedar City Regional,Cedar City,United States,CDC,KCDC,37.700967,-113.098847,5622,-7,A,"Cedar City, UT",87,87,88,88,3.471264367816092,8.379310344827589,5.0,19.0,"Sat, Oct  1, 2005","Tue, Oct  4, 2005"
3610,Merle K. Mudhole Smith,Cordova,United States,CDV,PACV,60.491778,-145.477556,48,-9,A,"Cordova, AK",62,62,62,62,3.870967741935485,6.258064516129032,5.0,19.0,"Sat, Oct  8, 2005","Tue, Oct 18, 2005"
5727,Del Norte County Airport,Crescent City,United States,CEC,KCEC,41.7802,-124.237,57,-8,A,"Crescent City, CA",77,77,86,88,2.779220779220779,8.116883116883118,6.0,26.0,"Wed, Oct  5, 2005","Sat, Oct  1, 2005"
3578,Lovell Field,Chattanooga,United States,CHA,KCHA,35.035278,-85.203808,683,-5,A,"Chattanooga, TN",426,425,433,432,3.800469483568075,10.870588235294122,13.0,37.0,"Tue, Oct  4, 2005","Mon, Oct  3, 2005"
4015,Charlottesville-Albemarle,Charlottesville VA,United States,CHO,KCHO,38.138639,-78.452861,639,-5,A,"Charlottesville, VA",205,199,208,208,3.395121951219512,10.246231155778899,10.0,64.0,"Wed, Oct 12, 2005","Mon, Oct 31, 2005"
3806,Charleston AFB International,Charleston,United States,CHS,KCHS,32.898647,-80.040528,45,-5,A,"Charleston, SC",1311,1303,1335,1336,5.680396643783373,12.075978511128163,26.0,128.0,"Sat, Oct 22, 2005","Mon, Oct 31, 2005"
3710,Chico Municipal,Chico,United States,CIC,KCIC,39.795383,-121.858422,238,-8,A,"Chico, CA",87,86,88,88,3.0689655172413794,10.802325581395351,6.0,26.0,"Sat, Oct  1, 2005","Tue, Oct 25, 2005"
4043,Cedar Rapids,Cedar Rapids,United States,CID,KCID,41.884694,-91.710806,869,-6,A,"Cedar Rapids/Iowa City, IA",651,650,664,664,4.11520737327189,10.256923076923071,19.0,75.0,"Sun, Oct  2, 2005","Thu, Oct 13, 2005"
4088,McClellan-Palomar Airport,Carlsbad,United States,CLD,KCRQ,33.0742,-117.1648,328,-8,A,"Carlsbad, CA",174,174,176,176,3.4655172413793105,7.528735632183908,10.0,20.0,"Sun, Oct  9, 2005","Sun, Oct  2, 2005"
3486,Cleveland Hopkins International,Cleveland,United States,CLE,KCLE,41.411689,-81.849794,791,-5,A,"Cleveland, OH",7237,7224,7296,7293,6.339090783473831,15.623754152823913,38.0,151.0,"Fri, Oct  7, 2005","Sun, Oct  2, 2005"
3715,Easterwood Field,College Station,United States,CLL,KCLL,30.588583,-96.363833,321,-6,A,"College Station/Bryan, TX",214,213,217,217,5.308411214953275,10.455399061032855,16.0,52.0,"Wed, Oct  5, 2005","Thu, Oct 13, 2005"
3876,Charlotte Douglas International,Charlotte,United States,CLT,KCLT,35.214,-80.943139,748,-5,A,"Charlotte, NC",9066,9084,9222,9218,4.899404367968225,18.07397622192862,36.0,145.0,"Thu, Oct 13, 2005","Fri, Oct  7, 2005"
3759,Port Columbus International,Columbus,United States,CMH,KCMH,39.997972,-82.891889,815,-5,A,"Columbus, OH",3030,3022,3072,3073,4.983168316831696,12.063864990072808,27.0,137.0,"Thu, Oct 13, 2005","Sun, Oct  2, 2005"
4049,Champaign,Champaign,United States,CMI,KCMI,40.03925,-88.278056,754,-6,A,"Champaign/Urbana, IL",321,321,326,326,4.07165109034268,11.42056074766355,16.0,152.0,"Wed, Oct 26, 2005","Wed, Oct 12, 2005"
4344,Yellowstone Regional,Cody,United States,COD,KCOD,44.520194,-109.023806,5102,-7,A,"Cody, WY",63,64,63,65,4.174603174603175,11.28125,11.0,27.0,"Mon, Oct 24, 2005","Thu, Oct  6, 2005"
3819,City Of Colorado Springs Municipal,Colorado Springs,United States,COS,KCOS,38.805805,-104.700778,6187,-7,A,"Colorado Springs, CO",1291,1285,1301,1297,6.0999225406661495,13.614785992217897,48.0,66.0,"Thu, Oct 27, 2005","Mon, Oct 10, 2005"
3872,Natrona County International,Casper,United States,CPR,KCPR,42.908,-106.464417,5347,-7,A,"Casper, WY",310,311,313,315,3.45483870967742,9.7299035369775,10.0,54.0,"Fri, Oct 21, 2005","Tue, Oct  4, 2005"
3744,Corpus Christi International,Corpus Christi,United States,CRP,KCRP,27.770361,-97.501222,44,-6,A,"Corpus Christi, TX",803,804,814,814,4.266500622665008,11.15920398009949,31.0,66.0,"Sun, Oct  2, 2005","Mon, Oct 31, 2005"
4285,Yeager,Charleston,United States,CRW,KCRW,38.373147,-81.593189,981,-5,A,"Charleston/Dunbar, WV",444,443,450,449,3.5382882882882885,11.336343115124153,10.0,76.0,"Wed, Oct 12, 2005","Fri, Oct 21, 2005"
4255,Columbus Metropolitan Airport,Columbus,United States,CSG,KCSG,32.5163333,-84.9388611,397,-5,A,"Columbus, GA",113,117,124,124,3.0265486725663715,11.239316239316242,10.0,87.0,"Sun, Oct 16, 2005","Wed, Oct 12, 2005"
3488,Cincinnati Northern Kentucky International,Cincinnati,United States,CVG,KCVG,39.048836,-84.667822,896,-5,A,"Cincinnati, OH",17155,17275,17435,17440,4.562693092392898,14.655803183791603,71.0,103.0,"Sat, Oct 22, 2005","Mon, Oct 31, 2005"
4045,Central Wisconsin,Wassau,United States,CWA,KCWA,44.772726,-89.646635,840,-6,A,"Mosinee, WI",3,3,3,3,3.3333333333333335,20.666666666666668,4.0,48.0,"Mon, Oct 31, 2005","Mon, Oct 31, 2005"
3950,Daytona Beach International,Daytona Beach,United States,DAB,KDAB,29.179917,-81.058056,34,-5,A,"Daytona Beach, FL",266,265,276,276,3.827067669172932,14.581132075471698,8.0,100.0,"Sat, Oct 22, 2005","Thu, Oct 13, 2005"
3502,Dallas Love Field,Dallas,United States,DAL,KDAL,32.847111,-96.851778,487,-6,A,"Dallas, TX",3360,3365,3420,3418,3.104464285714288,8.5372956909361,20.0,119.0,"Sun, Oct 23, 2005","Mon, Oct 31, 2005"
3627,James M. Cox Dayton International,Dayton,United States,DAY,KDAY,39.902375,-84.219375,1009,-5,A,"Dayton, OH",1159,1158,1175,1174,4.894736842105261,13.727115716753023,20.0,210.0,"Thu, Oct  6, 2005","Fri, Oct  7, 2005"
4388,Dubuque Regional,Dubuque IA,United States,DBQ,KDBQ,42.402,-90.709472,1076,-6,A,"Dubuque, IA",122,122,123,124,3.9016393442622954,8.795081967213115,16.0,30.0,"Fri, Oct 21, 2005","Sun, Oct  2, 2005"
3520,Ronald Reagan Washington National,Washington,United States,DCA,KDCA,38.852083,-77.037722,15,-5,A,"Washington, DC",8480,8530,8734,8751,4.586438679245286,15.508206330597897,66.0,256.0,"Fri, Oct  7, 2005","Wed, Oct  5, 2005"
3751,Denver International,Denver,United States,DEN,KDEN,39.861656,-104.673178,5431,-7,A,"Denver, CO",16287,16279,16498,16469,7.598329956406949,15.25093678972908,124.0,326.0,"Mon, Oct 10, 2005","Mon, Oct 10, 2005"
3670,Dallas Fort Worth International,Dallas-fort Worth,United States,DFW,KDFW,32.896828,-97.037997,607,-6,A,"Dallas/Fort Worth, TX",25238,25321,25653,25663,10.631389175053513,17.446388373287157,183.0,193.0,"Mon, Oct 31, 2005","Wed, Oct 12, 2005"
3739,Dothan Regional,Dothan,United States,DHN,KDHN,31.321339,-85.449628,401,-6,A,"Dothan, AL",145,142,150,150,3.5931034482758615,8.584507042253518,11.0,28.0,"Mon, Oct 10, 2005","Mon, Oct 10, 2005"
3460,Dillingham,Dillingham,United States,DLG,PADL,59.044667,-158.5055,74,-9,A,"Dillingham, AK",11,11,12,12,3.0,4.818181818181818,4.0,8.0,"Fri, Oct  7, 2005","Mon, Oct 10, 2005"
3598,Duluth International,Duluth,United States,DLH,KDLH,46.842091,-92.193649,1428,-6,A,"Duluth, MN",86,87,88,89,5.127906976744186,11.03448275862069,11.0,71.0,"Mon, Oct 10, 2005","Thu, Oct 13, 2005"
3713,Durango La Plata County,Durango,United States,DRO,KDRO,37.151516,-107.75377,6685,-7,A,"Durango, CO",2,2,2,2,4.5,7.0,5.0,9.0,"Mon, Oct  3, 2005","Mon, Oct  3, 2005"
3729,Des Moines International,Des Moines,United States,DSM,KDSM,41.533972,-93.663083,958,-6,A,"Des Moines, IA",942,942,961,959,3.97452229299363,11.128450106157109,32.0,161.0,"Sun, Oct 30, 2005","Sun, Oct  2, 2005"
3645,Detroit Metro Wayne County,Detroit,United States,DTW,KDTW,42.212444,-83.353389,645,-5,A,"Detroit, MI",10372,10343,10542,10507,9.009255688391864,16.557671855361313,89.0,129.0,"Sat, Oct 15, 2005","Sun, Oct  2, 2005"
5736,Elko Regional Airport,Elko,United States,EKO,KEKO,40.8249,-115.792,5140,-8,A,"Elko, NV",166,165,166,166,4.066265060240964,8.896969696969693,8.0,39.0,"Sun, Oct 23, 2005","Wed, Oct  5, 2005"
3559,El Paso International,El Paso,United States,ELP,KELP,31.80725,-106.377583,3958,-7,A,"El Paso, TX",1862,1860,1873,1873,3.5735767991407092,10.112903225806448,21.0,66.0,"Mon, Oct  3, 2005","Mon, Oct 31, 2005"
4276,Erie International-Tom Ridge Field,Erie,United States,ERI,KERI,42.082022,-80.176217,733,-5,A,"Erie, PA",88,87,88,88,3.9545454545454546,12.666666666666666,9.0,44.0,"Sat, Oct 15, 2005","Sun, Oct 30, 2005"
4099,Mahlon Sweet Field,Eugene,United States,EUG,KEUG,44.124583,-123.211972,374,-8,A,"Eugene, OR",457,455,460,459,3.7242888402625804,9.375824175824167,22.0,43.0,"Mon, Oct 10, 2005","Wed, Oct 26, 2005"
4018,Evansville Regional,Evansville,United States,EVV,KEVV,38.036997,-87.532364,418,-6,A,"Evansville, IN",473,470,486,480,4.448202959830868,10.829787234042556,13.0,60.0,"Sun, Oct  9, 2005","Thu, Oct 13, 2005"
3494,Newark Liberty International,Newark,United States,EWR,KEWR,40.6925,-74.168667,18,-5,A,"Newark, NJ",12708,12770,13405,13405,8.973087818696884,26.23484729835554,63.0,152.0,"Sun, Oct 16, 2005","Wed, Oct  5, 2005"
3875,Key West International,Key West,United States,EYW,KEYW,24.556111,-81.759556,3,-5,A,"Key West, FL",95,93,124,124,3.4842105263157896,9.365591397849466,15.0,31.0,"Fri, Oct 21, 2005","Fri, Oct 21, 2005"
3832,Fairbanks International,Fairbanks,United States,FAI,PAFA,64.815114,-147.856267,434,-9,A,"Fairbanks, AK",396,396,406,407,3.724747474747475,11.313131313131318,10.0,84.0,"Thu, Oct 27, 2005","Mon, Oct 24, 2005"
4292,Hector International Airport,Fargo,United States,FAR,KFAR,46.92065,-96.8157639,902,-6,A,"Fargo, ND",274,271,278,277,4.671532846715327,9.265682656826563,9.0,42.0,"Mon, Oct 31, 2005","Thu, Oct 13, 2005"
3687,Fresno Yosemite International,Fresno,United States,FAT,KFAT,36.776194,-119.71814,336,-8,A,"Fresno, CA",1116,1116,1123,1123,4.250000000000002,9.02060931899642,23.0,38.0,"Sat, Oct  1, 2005","Sat, Oct 22, 2005"
5738,Fayetteville Regional-Grannis Field,Fayetteville,United States,FAY,KFAY,34.9912,-78.8803,189,-5,A,"Fayetteville, NC",123,124,124,124,4.7317073170731705,9.516129032258066,14.0,24.0,"Sat, Oct 22, 2005","Fri, Oct  7, 2005"
4127,Glacier Park International,Kalispell,United States,FCA,KFCA,48.310472,-114.256,2977,-7,A,"Kalispell, MT",288,288,297,305,3.8819444444444446,10.34375,12.0,29.0,"Thu, Oct  6, 2005","Tue, Oct 25, 2005"
3533,Fort Lauderdale Hollywood International,Fort Lauderdale,United States,FLL,KFLL,26.072583,-80.15275,9,-5,A,"Fort Lauderdale, FL",4717,4714,5413,5409,4.202459190163235,16.122189223589285,39.0,108.0,"Fri, Oct 14, 2005","Fri, Oct 14, 2005"
3879,Florence Regional,Florence,United States,FLO,KFLO,34.185361,-79.723889,146,-5,A,"Florence, SC",61,61,62,62,5.229508196721311,10.262295081967213,24.0,40.0,"Sat, Oct  1, 2005","Thu, Oct 13, 2005"
4089,Bishop International,Flint,United States,FNT,KFNT,42.965424,-83.743629,782,-5,A,"Flint, MI",556,550,566,565,4.39748201438849,10.767272727272728,17.0,45.0,"Mon, Oct  3, 2005","Fri, Oct 21, 2005"
4009,Sioux Falls,Sioux Falls,United States,FSD,KFSD,43.582014,-96.741914,1429,-6,A,"Sioux Falls, SD",457,452,460,459,4.901531728665206,10.858407079646007,14.0,51.0,"Sun, Oct 30, 2005","Sat, Oct 29, 2005"
3437,Fort Smith Regional,Fort Smith,United States,FSM,KFSM,35.336583,-94.367444,469,-6,A,"Fort Smith, AR",177,177,181,181,4.5141242937853105,8.502824858757062,13.0,28.0,"Fri, Oct  7, 2005","Wed, Oct 19, 2005"
4041,Fort Wayne,Fort Wayne,United States,FWA,KFWA,40.978472,-85.195139,815,-5,A,"Fort Wayne, IN",482,481,485,485,4.228215767634851,10.754677754677745,17.0,37.0,"Wed, Oct 12, 2005","Mon, Oct 31, 2005"
3467,Spokane International,Spokane,United States,GEG,KGEG,47.619861,-117.533833,2376,-8,A,"Spokane, WA",1095,1093,1097,1096,3.959817351598178,9.539798719121691,17.0,45.0,"Mon, Oct 24, 2005","Wed, Oct  5, 2005"
3442,Grand Forks International,Grand Forks,United States,GFK,KGFK,47.949256,-97.176111,845,-6,A,"Grand Forks, ND",30,31,31,32,4.2,7.903225806451614,7.0,16.0,"Mon, Oct 10, 2005","Wed, Oct 12, 2005"
3465,East Texas Regional,Longview,United States,GGG,KGGG,32.384014,-94.711486,365,-6,A,"Longview, TX",91,92,91,93,5.406593406593407,9.206521739130439,14.0,20.0,"Wed, Oct  5, 2005","Sun, Oct  9, 2005"
4063,Grand Junction Regional,Grand Junction,United States,GJT,KGJT,39.122413,-108.526735,4858,-7,A,"Grand Junction, CO",368,368,372,373,3.1141304347826093,8.494565217391301,7.0,20.0,"Tue, Oct  4, 2005","Sun, Oct 16, 2005"
3472,Gainesville Regional,Gainesville,United States,GNV,KGNV,29.690056,-82.271778,152,-5,A,"Gainesville, FL",205,205,212,212,3.7219512195121953,9.243902439024403,40.0,46.0,"Thu, Oct 20, 2005","Wed, Oct 12, 2005"
4038,Gulfport-Biloxi,Gulfport,United States,GPT,KGPT,30.407278,-89.070111,28,-6,A,"Gulfport/Biloxi, MS",321,300,323,301,4.694704049844236,13.913333333333334,22.0,49.0,"Thu, Oct 13, 2005","Sun, Oct  2, 2005"
3653,Austin Straubel International,Green Bay,United States,GRB,KGRB,44.485072,-88.129589,695,-6,A,"Green Bay, WI",522,526,533,534,4.62068965517241,10.861216730038024,23.0,117.0,"Mon, Oct  3, 2005","Sun, Oct  2, 2005"
3775,Robert Gray AAF,Killeen,United States,GRK,KGRK,31.06725,-97.828917,1015,-6,A,"Killeen, TX",413,414,419,419,4.690072639225186,11.301932367149758,22.0,49.0,"Thu, Oct 13, 2005","Sat, Oct 22, 2005"
3685,Gerald R. Ford International,Grand Rapids,United States,GRR,KGRR,42.880833,-85.522806,794,-5,A,"Grand Rapids, MI",1395,1395,1411,1411,4.103225806451615,12.425806451612914,25.0,250.0,"Mon, Oct  3, 2005","Wed, Oct 12, 2005"
4008,Piedmont Triad,Greensboro,United States,GSO,KGSO,36.09775,-79.937306,925,-5,A,"Greensboro/High Point, NC",1445,1438,1494,1494,4.484429065743944,15.083449235048679,33.0,99.0,"Sat, Oct 22, 2005","Mon, Oct 10, 2005"
4034,Greenville-Spartanburg International,Greenville,United States,GSP,KGSP,34.895556,-82.218889,964,-5,A,"Greer, SC",1046,1040,1078,1078,3.6845124282982793,12.860576923076918,23.0,74.0,"Fri, Oct 14, 2005","Mon, Oct 31, 2005"
3880,Great Falls International,Great Falls,United States,GTF,KGTF,47.482,-111.370689,3677,-7,A,"Great Falls, MT",414,413,430,429,4.10386473429952,9.043583535108947,10.0,149.0,"Wed, Oct 12, 2005","Sat, Oct  1, 2005"
4273,Golden Triangle Regional Airport,Columbus Mississippi,United States,GTR,KGTR,33.450333,-88.591361,264,-6,A,"Columbus, MS",113,114,119,119,3.6017699115044244,8.964912280701748,12.0,40.0,"Mon, Oct  3, 2005","Wed, Oct 12, 2005"
4339,Yampa Valley,Hayden,United States,HDN,KHDN,40.481181,-107.21766,6602,-7,A,"Hayden, CO",31,30,31,31,3.870967741935484,11.199999999999996,9.0,32.0,"Wed, Oct 12, 2005","Thu, Oct  6, 2005"
3547,Hickory Regional,Hickory,United States,HKY,KHKY,35.741147,-81.38955,1189,-5,A,"Hickory, NC",91,89,93,93,3.4835164835164836,9.393258426966293,7.0,32.0,"Wed, Oct 12, 2005","Wed, Oct  5, 2005"
3504,Helena Regional,Helena,United States,HLN,KHLN,46.606806,-111.98275,3877,-7,A,"Helena, MT",206,206,210,207,3.3640776699029127,9.111650485436899,6.0,26.0,"Wed, Oct  5, 2005","Mon, Oct 10, 2005"
3728,Honolulu International,Honolulu,United States,HNL,PHNL,21.318681,-157.922428,13,-10,N,"Honolulu, HI",3085,3084,3087,3087,5.017179902755258,13.544747081712057,77.0,102.0,"Wed, Oct  5, 2005","Sat, Oct 15, 2005"
3566,William P. Hobby,Houston,United States,HOU,KHOU,29.645419,-95.278889,46,-6,A,"Houston, TX",4568,4556,4637,4618,4.158056042031515,8.996049165934998,30.0,104.0,"Mon, Oct 31, 2005","Mon, Oct 31, 2005"
3589,Westchester County,White Plains,United States,HPN,KHPN,41.066959,-73.707575,439,-5,A,"White Plains, NY",499,521,505,528,5.100200400801602,16.119001919385795,69.0,81.0,"Sun, Oct  2, 2005","Thu, Oct  6, 2005"
3560,Valley International,Harlingen,United States,HRL,KHRL,26.2285,-97.654389,36,-6,A,"Harlingen/San Benito, TX",499,498,502,502,3.1683366733466944,8.602409638554214,9.0,45.0,"Mon, Oct 31, 2005","Thu, Oct 27, 2005"
4113,Huntsville International Airport-Carl T. Jones Field,Huntsville,United States,HSV,KHSV,34.6371944,-86.7750556,629,-6,A,"Huntsville, AL",946,945,977,976,4.859408033826632,11.873015873015875,65.0,70.0,"Mon, Oct 24, 2005","Mon, Oct 10, 2005"
5742,TriState-Milton J. Ferguson Field,Huntington,United States,HTS,KHTS,38.3667,-82.558,828,-5,A,"Ashland, WV",107,113,111,119,3.2990654205607477,8.982300884955752,20.0,24.0,"Tue, Oct  4, 2005","Sun, Oct 30, 2005"
4006,Tweed-New Haven Airport,New Haven,United States,HVN,KHVN,41.26375,-72.886806,14,-5,A,"New Haven, CT",88,88,88,88,3.5454545454545454,11.068181818181817,8.0,32.0,"Tue, Oct  4, 2005","Sat, Oct 29, 2005"
3714,Washington Dulles International,Washington,United States,IAD,KIAD,38.944533,-77.455811,313,-5,A,"Washington, DC",9134,9147,9262,9255,6.096014889424136,19.451186181261534,47.0,131.0,"Thu, Oct 27, 2005","Sat, Oct 22, 2005"
3550,George Bush Intercontinental Houston,Houston,United States,IAH,KIAH,29.984433,-95.341442,97,-6,A,"Houston, TX",17378,17470,17610,17650,8.564852111865552,19.623526044647953,88.0,239.0,"Mon, Oct 31, 2005","Mon, Oct 31, 2005"
3457,Wichita Mid Continent,Wichita,United States,ICT,KICT,37.649944,-97.433056,1333,-6,A,"Wichita, KS",801,803,811,813,4.519350811485644,11.169364881693653,20.0,57.0,"Fri, Oct 28, 2005","Mon, Oct 31, 2005"
4100,Idaho Falls Regional,Idaho Falls,United States,IDA,KIDA,43.514556,-112.07075,4744,-7,A,"Idaho Falls, ID",273,272,274,274,3.7472527472527473,8.680147058823533,6.0,70.0,"Mon, Oct  3, 2005","Sun, Oct  9, 2005"
3845,Wilmington International,Wilmington,United States,ILM,KILM,34.270615,-77.902569,32,-5,A,"Wilmington, NC",378,377,380,380,4.738095238095235,9.628647214854109,18.0,50.0,"Sun, Oct  9, 2005","Fri, Oct 21, 2005"
3585,Indianapolis International,Indianapolis,United States,IND,KIND,39.717331,-86.294383,797,-5,A,"Indianapolis, IN",3527,3530,3565,3570,8.066628863056419,13.808215297450413,58.0,131.0,"Sun, Oct 23, 2005","Tue, Oct 11, 2005"
3689,Imperial County,Imperial,United States,IPL,KIPL,32.834219,-115.578744,-54,-8,A,"El Centro, CA",62,62,62,62,3.4193548387096775,11.806451612903226,6.0,34.0,"Fri, Oct  7, 2005","Wed, Oct 26, 2005"
7522,Kinston Regional Jetport,Kinston,United States,ISO,KISO,35.331389,-77.608889,94,7,A,"Kinston, NC",88,87,88,88,3.409090909090909,9.517241379310345,15.0,43.0,"Fri, Oct 21, 2005","Thu, Oct 13, 2005"
3857,Long Island MacArthur,Islip,United States,ISP,KISP,40.79525,-73.100222,99,-5,A,"Islip, NY",1056,1059,1080,1080,4.1089015151515165,9.15580736543909,28.0,50.0,"Sat, Oct 22, 2005","Sun, Oct  2, 2005"
3415,Hilo International,Hilo,United States,ITO,PHTO,19.721375,-155.048469,38,-10,N,"Hilo, HI",243,243,243,243,4.876543209876547,5.246913580246912,8.0,9.0,"Tue, Oct 18, 2005","Thu, Oct  6, 2005"
7120,Inyokern Airport,Inyokern,United States,IYK,KIYK,35.658889,-117.829444,2455,-8,A,"Inyokern, CA",81,81,82,83,3.6419753086419755,10.432098765432098,7.0,18.0,"Sat, Oct 22, 2005","Mon, Oct 10, 2005"
4027,Jackson Hole Airport,Jacksn Hole,United States,JAC,KJAC,43.60733333,-110.73775,6451,-7,A,"Jackson, WY",194,194,196,196,3.314432989690722,11.670103092783503,9.0,55.0,"Sun, Oct 30, 2005","Mon, Oct  3, 2005"
3580,Jackson Evers International,Jackson,United States,JAN,KJAN,32.311167,-90.075889,346,-6,A,"Jackson/Vicksburg, MS",910,882,916,891,4.270329670329672,10.087301587301587,25.0,43.0,"Thu, Oct  6, 2005","Tue, Oct 18, 2005"
3712,Jacksonville International,Jacksonville,United States,JAX,KJAX,30.494056,-81.687861,30,-5,A,"Jacksonville, FL",2636,2641,2694,2694,5.072837632776933,12.594850435441137,31.0,78.0,"Sun, Oct  2, 2005","Thu, Oct 13, 2005"
3797,John F. Kennedy International,New York,United States,JFK,KJFK,40.639751,-73.778925,13,-5,A,"New York, NY",8423,8446,8633,8637,10.085955122877822,29.128107980108926,84.0,149.0,"Wed, Oct  5, 2005","Wed, Oct 26, 2005"
3492,Juneau International,Juneau,United States,JNU,PAJN,58.354972,-134.576278,21,-9,A,"Juneau, AK",331,334,338,339,4.462235649546833,10.994011976047902,10.0,32.0,"Fri, Oct 14, 2005","Mon, Oct 31, 2005"
3514,Kona International At Keahole,Kona,United States,KOA,PHKO,19.738767,-156.045631,47,-10,N,"Kona, HI",560,560,560,560,4.200000000000002,9.019642857142857,15.0,28.0,"Sat, Oct 29, 2005","Sun, Oct  9, 2005"
3808,Ketchikan International,Ketchikan,United States,KTN,PAKT,55.355556,-131.71375,88,-9,A,"Ketchikan, AK",184,183,186,186,4.923913043478262,9.57923497267759,22.0,36.0,"Mon, Oct 31, 2005","Sun, Oct  9, 2005"
3544,Capital City,Lansing,United States,LAN,KLAN,42.7787,-84.587357,861,-5,A,"Lansing, MI",342,346,352,354,4.3625730994152025,9.658959537572239,22.0,66.0,"Thu, Oct  6, 2005","Tue, Oct  4, 2005"
3877,McCarran International,Las Vegas,United States,LAS,KLAS,36.080056,-115.15225,2141,-8,A,"Las Vegas, NV",14430,14453,14591,14587,6.2187110187110255,16.31682003736247,57.0,89.0,"Thu, Oct 13, 2005","Sun, Oct  2, 2005"
4256,Lawton-Fort Sill Regional Airport,Lawton,United States,LAW,KLAW,34.5677144,-98.4166367,1110,-6,A,"Lawton/Fort Sill, OK",176,176,186,186,4.920454545454545,9.869318181818185,11.0,48.0,"Sat, Oct 15, 2005","Wed, Oct 12, 2005"
3484,Los Angeles International,Los Angeles,United States,LAX,KLAX,33.942536,-118.408075,126,-8,A,"Los Angeles, CA",19160,19187,19410,19402,7.27969728601252,14.377234585917561,69.0,211.0,"Sun, Oct 23, 2005","Wed, Oct 12, 2005"
3829,Lubbock Preston Smith International,Lubbock,United States,LBB,KLBB,33.663639,-101.822778,3282,-6,A,"Lubbock, TX",822,824,827,828,3.1922141119221434,9.110436893203886,11.0,46.0,"Thu, Oct  6, 2005","Tue, Oct 11, 2005"
3513,Lake Charles Regional,Lake Charles,United States,LCH,KLCH,30.126112,-93.223335,15,-6,A,"Lake Charles, LA",3,3,36,34,5.666666666666667,17.666666666666668,6.0,24.0,"Sat, Oct 15, 2005","Sat, Oct 15, 2005"
4017,Blue Grass,Lexington KY,United States,LEX,KLEX,38.0365,-84.605889,979,-5,A,"Lexington, KY",864,868,881,882,4.541666666666673,12.581797235023037,63.0,144.0,"Wed, Oct 19, 2005","Thu, Oct 13, 2005"
3493,Lafayette Regional,Lafayette,United States,LFT,KLFT,30.205278,-91.987611,43,-6,A,"Lafayette, LA",341,344,346,346,4.958944281524926,15.508720930232558,12.0,148.0,"Sun, Oct 23, 2005","Wed, Oct 19, 2005"
3697,LaGuardia Airport,New York,United States,LGA,KLGA,40.777245,-73.872608,22,-5,A,"New York, NY",10152,10175,10695,10692,7.22754137115839,21.71085995085998,107.0,207.0,"Sat, Oct  8, 2005","Sun, Oct  2, 2005"
3582,Long Beach,Long Beach,United States,LGB,KLGB,33.817722,-118.151611,60,-8,A,"Long Beach, CA",957,953,963,960,4.673981191222574,12.95697796432319,42.0,57.0,"Tue, Oct 25, 2005","Sun, Oct 16, 2005"
3602,Lihue,Lihue,United States,LIH,PHLI,21.975983,-159.338958,153,-10,N,"Lihue, HI",617,617,617,617,5.395461912479743,4.620745542949763,8.0,49.0,"Wed, Oct 12, 2005","Thu, Oct 13, 2005"
3660,Adams Field,Little Rock,United States,LIT,KLIT,34.729444,-92.224306,262,-6,A,"Little Rock, AR",1559,1557,1571,1572,4.355997434252721,10.862556197816323,50.0,183.0,"Tue, Oct 25, 2005","Mon, Oct 31, 2005"
3543,Lincoln,Lincoln,United States,LNK,KLNK,40.850971,-96.75925,1219,-6,A,"Lincoln, NE",128,128,130,129,3.9218750000000004,8.851562500000002,9.0,64.0,"Thu, Oct 27, 2005","Mon, Oct 31, 2005"
3691,Laredo International,Laredo,United States,LRD,KLRD,27.54375,-99.461556,508,-6,A,"Laredo, TX",241,242,245,245,3.4854771784232366,11.247933884297522,10.0,134.0,"Thu, Oct 27, 2005","Mon, Oct 31, 2005"
4044,LaCrosse Municipal,LaCrosse,United States,LSE,KLSE,43.878986,-91.256711,654,-6,A,"La Crosse, WI",136,138,139,140,3.345588235294118,8.536231884057967,22.0,27.0,"Mon, Oct 31, 2005","Wed, Oct 26, 2005"
6958,Greenbrier Valley Airport,Lewisburg,United States,LWB,KLWB,37.858333,-80.399444,2302,-5,U,"Lewisburg, WV",30,29,30,30,3.6666666666666665,8.068965517241379,5.0,25.0,"Sat, Oct  8, 2005","Mon, Oct 24, 2005"
3945,Lewiston Nez Perce County,Lewiston,United States,LWS,KLWS,46.3745,-117.015389,1442,-8,A,"Lewiston, ID",62,61,62,62,5.032258064516128,10.065573770491802,7.0,27.0,"Wed, Oct  5, 2005","Sun, Oct 16, 2005"
5753,Lynchburg Regional-Preston Glenn Field,Lynchburg,United States,LYH,KLYH,37.3267,-79.2004,938,-5,A,"Lynchburg, VA",92,92,93,93,3.6956521739130435,10.032608695652174,9.0,34.0,"Sun, Oct 16, 2005","Wed, Oct  5, 2005"
3652,Midland International,Midland,United States,MAF,KMAF,31.942528,-102.201914,2871,-6,A,"Midland/Odessa, TX",678,680,685,685,2.896755162241888,8.630882352941182,8.0,100.0,"Wed, Oct 19, 2005","Mon, Oct 17, 2005"
4128,MBS International,Saginaw,United States,MBS,KMBS,43.532913,-84.079647,668,-5,A,"Saginaw/Bay City/Midland, MI",212,215,215,217,4.396226415094341,9.78604651162791,9.0,34.0,"Mon, Oct 24, 2005","Mon, Oct 31, 2005"
3458,Kansas City International,Kansas City,United States,MCI,KMCI,39.297606,-94.713905,1026,-6,A,"Kansas City, MO",4672,4669,4710,4709,4.5971746575342385,10.975155279503097,33.0,124.0,"Thu, Oct 27, 2005","Fri, Oct 14, 2005"
3754,Middle Georgia Regional,Macon,United States,MCN,KMCN,32.69285,-83.649211,354,-5,A,"Macon, GA",88,89,92,93,3.8863636363636362,11.022471910112356,15.0,35.0,"Sun, Oct 30, 2005","Mon, Oct 24, 2005"
3878,Orlando International,Orlando,United States,MCO,KMCO,28.429394,-81.308994,96,-5,A,"Orlando, FL",9698,9703,9814,9818,5.948855434110115,13.724415129341438,85.0,120.0,"Sat, Oct 22, 2005","Thu, Oct 13, 2005"
3542,Harrisburg International,Harrisburg,United States,MDT,KMDT,40.193494,-76.763403,310,-5,A,"Harrisburg, PA",660,656,662,661,4.596969696969687,13.221036585365859,20.0,110.0,"Fri, Oct  7, 2005","Sun, Oct  2, 2005"
3747,Chicago Midway International,Chicago,United States,MDW,KMDW,41.785972,-87.752417,620,-6,A,"Chicago, IL",8186,8187,8275,8269,4.689714146103101,12.263832905826314,45.0,121.0,"Fri, Oct 14, 2005","Fri, Oct 28, 2005"
4335,Key Field,Meridian,United States,MEI,KMEI,32.332624,-88.751868,297,-6,A,"Meridian, MS",114,114,119,119,3.99122807017544,10.36842105263158,13.0,35.0,"Thu, Oct 27, 2005","Wed, Oct  5, 2005"
3473,Memphis International,Memphis,United States,MEM,KMEM,35.042417,-89.976667,341,-6,A,"Memphis, TN",3611,3617,3680,3683,5.869842148989194,15.439037876693392,60.0,142.0,"Tue, Oct 11, 2005","Mon, Oct 31, 2005"
3826,McAllen Miller International,Mcallen,United States,MFE,KMFE,26.175833,-98.238611,107,-6,A,"Mission/McAllen/Edinburg, TX",300,300,301,301,4.223333333333334,10.24666666666667,9.0,44.0,"Sat, Oct 22, 2005","Thu, Oct 13, 2005"
4101,Rogue Valley International Medford,Medford,United States,MFR,KMFR,42.374228,-122.8735,1335,-8,A,"Medford, OR",446,447,450,449,3.2982062780269064,8.762863534675622,12.0,50.0,"Sat, Oct 29, 2005","Fri, Oct 21, 2005"
4115,Montgomery Regional Airport ,MONTGOMERY,United States,MGM,KMGM,32.3006389,-86.3939722,221,-6,A,"Montgomery, AL",315,314,330,330,3.444444444444445,11.592356687898084,15.0,100.0,"Tue, Oct 18, 2005","Fri, Oct 21, 2005"
4011,Manchester Regional Airport,Manchester NH,United States,MHT,KMHT,42.932556,-71.435667,266,-5,A,"Manchester, NH",1995,1998,2015,2015,4.465664160401,12.815315315315301,32.0,138.0,"Fri, Oct  7, 2005","Wed, Oct 12, 2005"
3576,Miami International,Miami,United States,MIA,KMIA,25.79325,-80.290556,8,-5,A,"Miami, FL",4763,4759,5341,5332,6.758345580516474,17.12985921412062,71.0,165.0,"Sun, Oct 30, 2005","Wed, Oct 12, 2005"
3717,General Mitchell International,Milwaukee,United States,MKE,KMKE,42.947222,-87.896583,723,-6,A,"Milwaukee, WI",1724,1716,1746,1746,4.869489559164724,13.48484848484849,19.0,93.0,"Sun, Oct 23, 2005","Thu, Oct  6, 2005"
3671,Melbourne International,Melbourne,United States,MLB,KMLB,28.102753,-80.645258,33,-5,A,"Melbourne, FL",303,301,316,315,5.079207920792077,11.840531561461798,18.0,33.0,"Sat, Oct 15, 2005","Sun, Oct  9, 2005"
4072,Quad City International,Moline,United States,MLI,KMLI,41.448528,-90.507539,590,-6,A,"Moline, IL",478,478,485,484,3.820083682008368,9.8765690376569,20.0,60.0,"Sun, Oct 23, 2005","Mon, Oct 10, 2005"
3732,Monroe Regional,Monroe,United States,MLU,KMLU,32.510864,-92.037689,79,-6,A,"Monroe, LA",123,121,124,124,4.073170731707317,9.165289256198344,12.0,25.0,"Wed, Oct 26, 2005","Sun, Oct  2, 2005"
3782,Mobile Regional,Mobile,United States,MOB,KMOB,30.691231,-88.242814,219,-6,A,"Mobile, AL",332,320,334,323,4.89457831325301,11.546875000000002,27.0,60.0,"Wed, Oct 12, 2005","Tue, Oct  4, 2005"
3816,Modesto City County Harry Sham,Modesto,United States,MOD,KMOD,37.625817,-120.954422,97,-8,A,"Modesto, CA",111,112,114,114,2.90990990990991,9.598214285714288,11.0,21.0,"Wed, Oct  5, 2005","Tue, Oct 25, 2005"
3498,Minot International,Minot,United States,MOT,KMOT,48.259378,-101.280333,1716,-6,A,"Minot, ND",88,89,92,92,5.295454545454544,9.56179775280899,11.0,89.0,"Fri, Oct  7, 2005","Wed, Oct  5, 2005"
6838,Sawyer International Airport,Marquette,United States,MQT,KMQT,46.353611,-87.395278,1221,-5,A,"Marquette, MI",81,79,83,82,4.419753086419753,10.417721518987342,10.0,39.0,"Wed, Oct 19, 2005","Mon, Oct  3, 2005"
3948,Monterey Peninsula,Monterey,United States,MRY,KMRY,36.587,-121.842944,257,-8,A,"Monterey, CA",632,632,642,646,3.473101265822785,10.316455696202551,12.0,38.0,"Mon, Oct 17, 2005","Sat, Oct  1, 2005"
3459,Dane County Regional-Truax Field,Madison,United States,MSN,KMSN,43.139858,-89.337514,887,-6,A,"Madison, WI",835,838,843,843,4.026347305389222,12.212410501193329,21.0,97.0,"Mon, Oct  3, 2005","Wed, Oct 12, 2005"
4216,Missoula International,Missoula,United States,MSO,KMSO,46.916306,-114.090556,3205,-7,A,"Missoula, MT",391,392,396,397,4.662404092071617,10.362244897959187,12.0,67.0,"Sun, Oct  9, 2005","Mon, Oct 24, 2005"
3858,Minneapolis St. Paul International,Minneapolis,United States,MSP,KMSP,44.881956,-93.221767,841,-6,A,"Minneapolis, MN",10488,10565,10655,10681,6.549389778794808,18.64155229531472,144.0,222.0,"Tue, Oct  4, 2005","Tue, Oct  4, 2005"
3861,Louis Armstrong New Orleans International,New Orleans,United States,MSY,KMSY,29.993389,-90.258028,4,-6,A,"New Orleans, LA",853,850,857,856,4.120750293083233,10.870588235294122,34.0,98.0,"Tue, Oct  4, 2005","Thu, Oct 13, 2005"
6880,Montrose Regional Airport,Montrose CO,United States,MTJ,KMTJ,38.509794,-107.894242,5759,-7,A,"Montrose/Delta, CO",161,161,164,164,3.6832298136645965,9.354037267080743,20.0,65.0,"Sun, Oct 30, 2005","Tue, Oct 11, 2005"
3515,Myrtle Beach International,Myrtle Beach,United States,MYR,KMYR,33.67975,-78.928333,25,-5,A,"Myrtle Beach, SC",518,545,525,553,3.9343629343629334,10.917431192660553,29.0,53.0,"Sun, Oct  2, 2005","Thu, Oct  6, 2005"
3453,Metropolitan Oakland International,Oakland,United States,OAK,KOAK,37.721278,-122.220722,9,-8,A,"Oakland, CA",5938,5939,5983,5985,5.0508588750420955,10.829600942919667,30.0,122.0,"Thu, Oct  6, 2005","Sun, Oct  2, 2005"
3456,Kahului,Kahului,United States,OGG,PHOG,20.89865,-156.430458,54,-10,N,"Kahului, HI",1090,1089,1092,1092,4.918348623853207,8.23140495867768,29.0,44.0,"Sat, Oct 29, 2005","Sat, Oct 15, 2005"
3863,Will Rogers World,Oklahoma City,United States,OKC,KOKC,35.393089,-97.600733,1295,-6,A,"Oklahoma City, OK",1783,1780,1801,1801,4.471116096466641,11.103932584269668,29.0,148.0,"Sat, Oct  1, 2005","Mon, Oct 31, 2005"
3454,Eppley Airfield,Omaha,United States,OMA,KOMA,41.303167,-95.894069,984,-6,A,"Omaha, NE",2008,2000,2022,2021,3.8974103585657356,11.418000000000008,58.0,138.0,"Fri, Oct 14, 2005","Fri, Oct 14, 2005"
3615,Nome,Nome,United States,OME,PAOM,64.512203,-165.445247,37,-9,A,"Nome, AK",92,92,93,93,2.989130434782609,5.032608695652174,6.0,16.0,"Sat, Oct 22, 2005","Fri, Oct 21, 2005"
3734,Ontario International,Ontario,United States,ONT,KONT,34.056,-117.601194,944,-8,A,"Ontario, CA",3042,3040,3078,3074,4.540433925049308,10.926644736842105,21.0,61.0,"Thu, Oct 20, 2005","Wed, Oct 26, 2005"
3830,Chicago O'Hare International,Chicago,United States,ORD,KORD,41.978603,-87.904842,668,-6,A,"Chicago, IL",28639,28720,29083,29083,9.028771954327869,18.13488857938739,85.0,221.0,"Fri, Oct  7, 2005","Sat, Oct  8, 2005"
3611,Norfolk International,Norfolk,United States,ORF,KORF,36.894611,-76.201222,26,-5,A,"Norfolk, VA",1867,1865,1907,1907,4.048205677557581,12.347989276139403,20.0,210.0,"Mon, Oct 17, 2005","Wed, Oct 12, 2005"
3693,Ralph Wien Memorial,Kotzebue,United States,OTZ,PAOT,66.884678,-162.59855,11,-9,A,"Kotzebue, AK",90,88,93,93,3.488888888888889,6.681818181818182,7.0,33.0,"Wed, Oct 19, 2005","Wed, Oct 19, 2005"
6961,Oxnard - Ventura County,Oxnard,United States,OXR,KOXR,34.200833,-119.207222,15,-8,A,"Oxnard/Ventura, CA",139,139,141,144,3.0503597122302164,9.287769784172664,7.0,28.0,"Wed, Oct 19, 2005","Mon, Oct 31, 2005"
3722,Palm Beach International,West Palm Beach,United States,PBI,KPBI,26.683161,-80.095589,19,-5,A,"West Palm Beach/Palm Beach, FL",1922,1918,2108,2109,4.389177939646195,12.167361835245044,32.0,111.0,"Wed, Oct 19, 2005","Thu, Oct 13, 2005"
3720,Portland International,Portland,United States,PDX,KPDX,45.588722,-122.5975,30,-8,A,"Portland, OR",4835,4837,4856,4854,4.327611168562551,10.739301219764327,26.0,60.0,"Fri, Oct 21, 2005","Wed, Oct 26, 2005"
4073,Panama City Bay County International,Panama City,United States,PFN,KPFN,30.212083,-85.682806,20,-6,A,"Panama City, FL",256,225,257,233,3.47265625,9.097777777777772,18.0,44.0,"Sat, Oct 29, 2005","Wed, Oct  5, 2005"
3633,Newport News Williamsburg International,Newport News,United States,PHF,KPHF,37.131894,-76.492989,43,-5,A,"Newport News/Williamsburg, VA",545,542,551,551,5.3486238532110075,11.791512915129145,19.0,58.0,"Tue, Oct 25, 2005","Sun, Oct 23, 2005"
3752,Philadelphia International,Philadelphia,United States,PHL,KPHL,39.871944,-75.241139,36,-5,A,"Philadelphia, PA",9886,9918,10189,10195,7.087194011733768,20.28100423472464,88.0,216.0,"Wed, Oct 19, 2005","Sun, Oct  2, 2005"
3462,Phoenix Sky Harbor International,Phoenix,United States,PHX,KPHX,33.434278,-112.011583,1135,-7,N,"Phoenix, AZ",14674,14697,14804,14799,6.374608150470223,15.428114581207065,56.0,103.0,"Fri, Oct 14, 2005","Tue, Oct 18, 2005"
4046,Peoria Regional,Peoria,United States,PIA,KPIA,40.664203,-89.693258,660,-6,A,"Peoria, IL",421,421,426,427,3.7030878859857483,10.149643705463179,10.0,94.0,"Wed, Oct 12, 2005","Sun, Oct  2, 2005"
5760,Pocatello Regional Airport,Pocatello,United States,PIH,KPIH,42.9098,-112.596,4452,-7,A,"Pocatello, ID",169,170,171,171,3.4615384615384617,7.999999999999997,9.0,18.0,"Sun, Oct  9, 2005","Sun, Oct  9, 2005"
3570,Pittsburgh International,Pittsburgh (pennsylva),United States,PIT,KPIT,40.491467,-80.232872,1204,-5,A,"Pittsburgh, PA",4433,4442,4526,4526,5.854274757500563,13.37640702386311,36.0,156.0,"Sat, Oct  8, 2005","Fri, Oct 14, 2005"
3564,Pensacola Regional,Pensacola,United States,PNS,KPNS,30.473425,-87.186611,121,-6,A,"Pensacola, FL",939,943,953,955,3.9084132055378036,10.644750795334037,23.0,67.0,"Tue, Oct 25, 2005","Mon, Oct 10, 2005"
6133,Tri Cities Airport,Pasco,United States,PSC,PSC,46.2647,-119.119,410,-8,A,"Pasco/Kennewick/Richland, WA",293,297,295,298,4.034129692832766,9.067340067340071,10.0,43.0,"Mon, Oct 10, 2005","Sat, Oct 22, 2005"
4147,Petersburg James A. Johnson,Petersburg,United States,PSG,PAPG,56.801667,-132.945278,105,-9,A,"Petersburg, AK",60,60,62,62,4.283333333333333,6.85,6.0,24.0,"Thu, Oct  6, 2005","Mon, Oct 17, 2005"
3839,Palm Springs International,Palm Springs,United States,PSP,KPSP,33.829667,-116.506694,477,-8,A,"Palm Springs, CA",808,806,812,809,4.0408415841584135,9.999999999999988,16.0,98.0,"Thu, Oct 20, 2005","Tue, Oct 25, 2005"
3641,Theodore Francis Green State,Providence,United States,PVD,KPVD,41.732581,-71.420383,55,-5,A,"Providence, RI",2542,2541,2567,2567,4.156963021243127,11.861471861471864,30.0,72.0,"Wed, Oct 12, 2005","Mon, Oct 24, 2005"
3862,Portland International Jetport,Portland,United States,PWM,KPWM,43.646161,-70.309281,77,-5,A,"Portland, ME",707,703,767,766,3.827439886845826,13.03556187766714,25.0,173.0,"Sun, Oct 23, 2005","Thu, Oct 13, 2005"
4087,Rapid City Regional Airport,Rapid City,United States,RAP,KRAP,44.045278,-103.057222,3204,-7,A,"Rapid City, SD",360,358,365,364,3.9277777777777785,9.418994413407823,8.0,53.0,"Sun, Oct  9, 2005","Wed, Oct  5, 2005"
4098,Redding Municipal,Redding,United States,RDD,KRDD,40.509,-122.293389,504,-8,A,"Redding, CA",153,153,157,154,3.4052287581699345,9.464052287581701,7.0,32.0,"Fri, Oct  7, 2005","Fri, Oct 28, 2005"
4103,Roberts Field,Redmond-Bend,United States,RDM,KRDM,44.254066,-121.149964,3077,-8,A,"Bend/Redmond, OR",268,267,269,269,3.2723880597014925,9.116104868913862,15.0,27.0,"Sat, Oct  1, 2005","Sun, Oct  2, 2005"
3626,Raleigh Durham International,Raleigh-durham,United States,RDU,KRDU,35.877639,-78.787472,435,-5,A,"Raleigh/Durham, NC",5187,5195,5279,5280,4.81357239251976,13.722040423484128,45.0,169.0,"Mon, Oct 17, 2005","Wed, Oct 12, 2005"
3608,Richmond International,Richmond,United States,RIC,KRIC,37.505167,-77.319667,167,-5,A,"Richmond, VA",1697,1701,1737,1739,4.962286387743069,13.975896531452083,25.0,99.0,"Tue, Oct 11, 2005","Fri, Oct 14, 2005"
3807,Reno Tahoe International,Reno,United States,RNO,KRNO,39.499108,-119.768108,4415,-8,A,"Reno, NV",2229,2229,2237,2239,4.874831763122477,10.322117541498432,64.0,47.0,"Tue, Oct 25, 2005","Sun, Oct 16, 2005"
4016,Roanoke Regional,Roanoke VA,United States,ROA,KROA,37.325472,-79.975417,1175,-5,A,"Roanoke, VA",250,233,256,237,5.644000000000002,12.79399141630901,23.0,44.0,"Fri, Oct  7, 2005","Mon, Oct 10, 2005"
3622,Greater Rochester International,Rochester,United States,ROC,KROC,43.118866,-77.672389,559,-5,A,"Rochester, NY",1481,1477,1505,1506,5.27008777852802,12.84427894380501,66.0,119.0,"Thu, Oct 13, 2005","Mon, Oct  3, 2005"
4048,Rochester,Rochester,United States,RST,KRST,43.908283,-92.500014,1317,-6,A,"Rochester, MN",184,184,189,189,3.6630434782608696,9.271739130434785,11.0,70.0,"Mon, Oct 31, 2005","Thu, Oct 13, 2005"
3793,Southwest Florida International,Fort Myers,United States,RSW,KRSW,26.536167,-81.755167,30,-5,A,"Fort Myers, FL",1813,1811,1912,1909,4.899613899613899,12.66316951960243,28.0,54.0,"Fri, Oct 21, 2005","Thu, Oct  6, 2005"
3731,San Diego International,San Diego,United States,SAN,KSAN,32.733556,-117.189667,17,-8,A,"San Diego, CA",7588,7581,7641,7641,3.7666051660516615,13.16541353383458,37.0,90.0,"Sun, Oct 23, 2005","Fri, Oct 21, 2005"
3621,San Antonio International,San Antonio,United States,SAT,KSAT,29.533694,-98.469778,809,-6,A,"San Antonio, TX",3449,3446,3481,3477,3.826906349666573,10.241729541497389,35.0,116.0,"Thu, Oct 20, 2005","Mon, Oct 31, 2005"
3613,Savannah Hilton Head International,Savannah,United States,SAV,KSAV,32.127583,-81.202139,51,-5,A,"Savannah, GA",1277,1280,1301,1303,4.963978073610029,13.079687499999995,37.0,95.0,"Fri, Oct  7, 2005","Fri, Oct 14, 2005"
3949,Santa Barbara Municipal,Santa Barbara,United States,SBA,KSBA,34.426211,-119.840372,10,-8,A,"Santa Barbara, CA",1031,1036,1045,1049,3.9806013579049457,9.592664092664084,37.0,66.0,"Sun, Oct 30, 2005","Fri, Oct  7, 2005"
4359,South Bend Regional,South Bend,United States,SBN,KSBN,41.708661,-86.31725,799,-5,A,"South Bend, IN",317,317,323,322,3.9936908517350145,9.280757097791797,11.0,26.0,"Tue, Oct 18, 2005","Thu, Oct  6, 2005"
5768,San Luis County Regional Airport,San Luis Obispo,United States,SBP,KSBP,35.2368,-120.642,212,-8,A,"San Luis Obispo, CA",480,477,489,490,3.5416666666666665,11.07966457023061,20.0,51.0,"Mon, Oct 10, 2005","Mon, Oct 10, 2005"
3620,Deadhorse,Deadhorse,United States,SCC,PASC,70.19475,-148.465167,64,-9,A,"Deadhorse, AK",25,25,26,26,2.84,7.12,5.0,19.0,"Mon, Oct  3, 2005","Mon, Oct  3, 2005"
4318,University Park Airport,State College Pennsylvania,United States,SCE,KUNV,40.849278,-77.848694,1239,-5,A,"State College, PA",93,93,93,93,3.3870967741935485,10.24731182795699,7.0,27.0,"Mon, Oct  3, 2005","Fri, Oct 14, 2005"
4014,Louisville International Airport,Louisville,United States,SDF,KSDF,38.1740858,-85.7364989,501,-5,A,"Louisville, KY",2104,2102,2116,2116,5.111692015209115,11.995242626070404,35.0,64.0,"Sun, Oct  2, 2005","Wed, Oct 26, 2005"
3577,Seattle Tacoma International,Seattle,United States,SEA,KSEA,47.449,-122.309306,433,-8,A,"Seattle, WA",9127,9153,9220,9222,5.932069683357068,13.94875996940895,49.0,83.0,"Thu, Oct  6, 2005","Fri, Oct 14, 2005"
3469,San Francisco International,San Francisco,United States,SFO,KSFO,37.618972,-122.374889,13,-8,A,"San Francisco, CA",10988,11053,11104,11134,5.499362941390586,16.947616031846614,74.0,160.0,"Sun, Oct 30, 2005","Tue, Oct 11, 2005"
4348,Springfield Branson National,Springfield,United States,SGF,KSGF,37.245667,-93.388639,1268,-6,A,"Springfield, MO",728,728,733,733,3.71978021978022,10.085164835164834,20.0,147.0,"Sat, Oct  1, 2005","Mon, Oct 31, 2005"
4064,St. George Municipal,Saint George,United States,SGU,KSGU,37.090583,-113.593056,2941,-7,A,"St. George, UT",263,264,264,264,3.612167300380228,9.238636363636367,8.0,24.0,"Wed, Oct 12, 2005","Wed, Oct 19, 2005"
3609,Shreveport Regional,Shreveport,United States,SHV,KSHV,32.446629,-93.8256,258,-6,A,"Shreveport, LA",673,651,689,663,4.39227340267459,8.92165898617512,20.0,48.0,"Thu, Oct 20, 2005","Sun, Oct  9, 2005"
3856,Sitka Rocky Gutierrez,Sitka,United States,SIT,PASI,57.047138,-135.361611,21,-9,A,"Sitka, AK",89,91,93,93,4.7303370786516865,9.659340659340664,7.0,30.0,"Fri, Oct 14, 2005","Sat, Oct 15, 2005"
3748,Norman Y. Mineta San Jose International,San Jose,United States,SJC,KSJC,37.3626,-121.929022,62,-8,A,"San Jose, CA",5199,5193,5255,5252,4.00500096172341,11.286924706335485,29.0,71.0,"Sun, Oct 16, 2005","Mon, Oct 17, 2005"
3708,San Angelo Regional-Mathis Field,San Angelo,United States,SJT,KSJT,31.35775,-100.496306,1919,-6,A,"San Angelo, TX",151,153,155,155,3.609271523178809,8.947712418300645,16.0,38.0,"Tue, Oct 18, 2005","Wed, Oct 19, 2005"
3536,Salt Lake City International,Salt Lake City,United States,SLC,KSLC,40.788389,-111.977772,4227,-7,A,"Salt Lake City, UT",13806,13846,13962,13953,6.1155294799362645,15.956377293081022,44.0,117.0,"Sun, Oct  2, 2005","Sun, Oct 16, 2005"
3817,Sacramento International,Sacramento,United States,SMF,KSMF,38.695417,-121.590778,27,-8,A,"Sacramento, CA",4289,4279,4318,4310,4.1949172301235675,9.75601776115913,40.0,67.0,"Thu, Oct 20, 2005","Sun, Oct 16, 2005"
5772,Santa Maria Public-Captain G. Allan Hancock Airport,Santa Maria,United States,SMX,KSMX,34.8989,-120.457,261,-8,A,"Santa Maria, CA",178,175,179,181,3.696629213483146,9.51428571428571,22.0,64.0,"Sat, Oct 29, 2005","Sun, Oct 30, 2005"
3867,John Wayne Airport Orange County,Santa Ana,United States,SNA,KSNA,33.675667,-117.868222,56,-8,A,"Santa Ana, CA",4097,4094,4137,4138,6.001220405174515,12.91206643869077,77.0,111.0,"Sun, Oct 16, 2005","Fri, Oct 14, 2005"
4336,Abraham Lincoln Capital,Springfield,United States,SPI,KSPI,39.8441,-89.677889,597,-6,A,"Springfield, IL",5,5,5,5,5.4,9.6,7.0,12.0,"Mon, Oct 31, 2005","Mon, Oct 31, 2005"
3680,Sheppard AFB Wichita Falls Municipal,Wichita Falls,United States,SPS,KSPS,33.988797,-98.491894,1019,-6,A,"Wichita Falls, TX",213,213,219,219,7.164319248826291,11.619718309859154,17.0,24.0,"Mon, Oct 31, 2005","Tue, Oct 25, 2005"
4067,Sarasota Bradenton International,Sarasota,United States,SRQ,KSRQ,27.395444,-82.554389,30,-5,A,"Sarasota/Bradenton, FL",500,493,511,510,4.428000000000003,12.367139959432047,13.0,58.0,"Sun, Oct 30, 2005","Fri, Oct 21, 2005"
3678,Lambert St. Louis International,St. Louis,United States,STL,KSTL,38.748697,-90.370028,618,-6,A,"St. Louis, MO",5495,5493,5561,5557,4.661510464058222,12.17276533770253,62.0,107.0,"Wed, Oct 19, 2005","Thu, Oct 13, 2005"
6494,Friedman Memorial,Hailey,United States,SUN,KSUN,43.504444,-114.296194,5320,-7,A,"Sun Valley/Hailey/Ketchum, ID",239,240,240,243,2.7447698744769875,7.058333333333334,6.0,21.0,"Sun, Oct 16, 2005","Wed, Oct 19, 2005"
3661,Stewart International,Newburgh,United States,SWF,KSWF,41.504094,-74.104839,491,-5,A,"Newburgh/Poughkeepsie, NY",179,179,182,183,4.173184357541899,14.206703910614523,12.0,183.0,"Mon, Oct  3, 2005","Sun, Oct  2, 2005"
3745,Syracuse Hancock International,Syracuse,United States,SYR,KSYR,43.111187,-76.106311,421,-5,A,"Syracuse, NY",1184,1186,1194,1196,4.549831081081077,13.025295109612149,27.0,97.0,"Wed, Oct 12, 2005","Mon, Oct 10, 2005"
3698,Tallahassee Regional,Tallahassee,United States,TLH,KTLH,30.396528,-84.350333,81,-5,A,"Tallahassee, FL",440,445,455,455,4.652272727272724,11.173033707865173,18.0,76.0,"Sun, Oct  2, 2005","Sat, Oct 29, 2005"
4040,Toledo,Toledo,United States,TOL,KTOL,41.586806,-83.807833,684,-5,A,"Toledo, OH",391,392,402,402,3.3196930946291547,10.408163265306122,11.0,57.0,"Mon, Oct 24, 2005","Wed, Oct 19, 2005"
3646,Tampa International,Tampa,United States,TPA,KTPA,27.975472,-82.53325,26,-5,A,"Tampa, FL",6245,6212,6362,6346,4.297998398718966,11.668222794591124,41.0,88.0,"Sun, Oct  2, 2005","Wed, Oct 12, 2005"
4116,Tri-Cities Regional Airport,BRISTOL,United States,TRI,KTRI,36.4752222,-82.4074167,1519,-5,A,"Bristol/Johnson City/Kingsport, TN",315,312,326,326,3.657142857142857,9.506410256410263,11.0,71.0,"Sun, Oct  2, 2005","Wed, Oct 12, 2005"
3855,Tulsa International,Tulsa,United States,TUL,KTUL,36.198389,-95.888111,677,-6,A,"Tulsa, OK",2010,2006,2026,2026,3.9208955223880597,10.673479561316059,28.0,154.0,"Thu, Oct 20, 2005","Sun, Oct  2, 2005"
5773,Tupelo Regional Airport,Tupelo,United States,TUP,KTUP,34.2681,-88.7699,346,-6,A,"Tupelo, MS",92,92,93,93,3.2934782608695654,9.40217391304348,9.0,52.0,"Mon, Oct 31, 2005","Wed, Oct  5, 2005"
3636,Tucson International,Tucson,United States,TUS,KTUS,32.116083,-110.941028,2643,-7,N,"Tucson, AZ",1642,1641,1650,1649,4.182095006090138,9.656307129798886,19.0,69.0,"Sat, Oct 15, 2005","Mon, Oct 31, 2005"
4023,Cherry Capital Airport,Traverse City,United States,TVC,KTVC,44.741445,-85.582235,624,-5,A,"Traverse City, MI",252,252,255,255,3.7222222222222223,8.980158730158733,9.0,29.0,"Tue, Oct 25, 2005","Thu, Oct  6, 2005"
4263,Magic Valley Regional Airport,Twin Falls,United States,TWF,KTWF,42.481803,-114.487733,4151,-7,A,"Twin Falls, ID",180,179,180,181,3.388888888888889,8.32960893854749,10.0,27.0,"Wed, Oct 26, 2005","Mon, Oct 24, 2005"
3770,Texarkana Regional-Webb Field,Texarkana,United States,TXK,KTXK,33.453722,-93.991028,390,-6,A,"Texarkana, AR",91,91,93,93,3.681318681318681,8.18681318681319,9.0,19.0,"Thu, Oct 13, 2005","Tue, Oct  4, 2005"
3848,Tyler Pounds Regional,Tyler,United States,TYR,KTYR,32.354139,-95.402386,544,-6,A,"Tyler, TX",251,248,253,251,5.187250996015936,7.629032258064516,17.0,19.0,"Thu, Oct  6, 2005","Mon, Oct 10, 2005"
3676,McGhee Tyson,Knoxville,United States,TYS,KTYS,35.810972,-83.994028,981,-5,A,"Knoxville, TN",1174,1191,1189,1210,3.8500851788756387,13.130142737195632,26.0,131.0,"Fri, Oct  7, 2005","Sun, Oct  2, 2005"
5776,Valdosta Regional Airport,Valdosta,United States,VLD,KVLD,30.7825,-83.2767,203,-5,A,"Valdosta, GA",92,93,93,93,3.597826086956522,10.32258064516129,20.0,24.0,"Thu, Oct  6, 2005","Sun, Oct  2, 2005"
3873,Eglin AFB,Valparaiso,United States,VPS,KVPS,30.48325,-86.5254,87,-6,A,"Valparaiso, FL",599,598,615,615,6.829716193656089,12.854515050167223,21.0,50.0,"Tue, Oct 18, 2005","Tue, Oct 11, 2005"
5969,Wrangell Airport,Wrangell,United States,WRG,PAWG,56.4843,-132.37,44,-9,A,"Wrangell, AK",60,61,62,62,4.316666666666665,7.327868852459017,5.0,18.0,"Wed, Oct  5, 2005","Sat, Oct 29, 2005"
4356,NW Arkansas Regional,Bentonville,United States,XNA,KXNA,36.2818694,-94.3068111,1287,-6,A,"Fayetteville, AR",1144,1139,1171,1171,4.574300699300706,12.05092186128182,32.0,239.0,"Thu, Oct 20, 2005","Wed, Oct 12, 2005"
6803,Yakutat,Yakutat,United States,YAK,PAYA,59.3012,-139.3937,33,-9,A,"Yakutat, AK",61,61,62,62,4.475409836065574,6.475409836065574,6.0,17.0,"Wed, Oct 12, 2005","Tue, Oct  4, 2005"
3596,Yuma MCAS Yuma International,Yuma,United States,YUM,KYUM,32.656578,-114.60598,216,-7,N,"Yuma, AZ",91,90,93,93,3.4065934065934065,9.844444444444445,7.0,24.0,"Sat, Oct  8, 2005","Sun, Oct  9, 2005"
2883,Cyril E. King,St. Thomas,Virgin Islands,STT,TIST,18.337306,-64.973361,23,-4,U,"Charlotte Amalie, VI",149,148,151,150,4.033557046979865,11.39864864864865,9.0,57.0,"Mon, Oct 10, 2005","Sat, Oct  1, 2005"
2884,Henry E. Rohlsen,St. Croix Island,Virgin Islands,STX,TISX,17.701889,-64.798556,74,-4,U,"Christiansted, VI",26,26,28,28,4.0,11.653846153846153,11.0,19.0,"Wed, Oct 19, 2005","Tue, Oct 11, 2005"
2885,Rafael Hernndez,Aguadilla,Puerto Rico,BQN,TJBQ,18.494861,-67.129444,237,-4,U,"Aguadilla, PR",50,49,50,49,4.66,12.285714285714286,7.0,21.0,"Thu, Oct 13, 2005","Wed, Oct 19, 2005"
2889,Aeropuerto Mercedita,Ponce,Puerto Rico,PSE,TJPS,18.008306,-66.563028,29,-4,U,"Ponce, PR",31,30,32,30,3.870967741935484,11.266666666666667,5.0,16.0,"Tue, Oct  4, 2005","Wed, Oct 26, 2005"
2890,Luis Muoz Marn International,San Juan,Puerto Rico,SJU,TJSJ,18.439417,-66.001833,9,-4,U,"San Juan, PR",1664,1667,1718,1720,5.894831730769226,15.73725254949011,30.0,109.0,"Sat, Oct 22, 2005","Mon, Oct 10, 2005"
