airport_id,name,city,country,iata_faa,iaco,latitude,longitude,altitude,zone,dst,city_state,avg_able_landings,avg_able_takeoffs,total_landings,total_takeoffs,avg_taxi_in,avg_taxi_out,longest_taxi_in,longest_taxi_out,lng_tx_in_date,lng_tx_out_date
4355,Lehigh Valley International,Allentown,United States,ABE,KABE,40.652083,-75.440806,393,-5,A,"Allentown/Bethlehem/Easton, PA",334,331,341,341,4.58982035928144,14.761329305135952,64.0,86.0,"Fri, Dec  2, 2005","Sun, Dec  4, 2005"
3718,Abilene Regional,Abilene,United States,ABI,KABI,32.411319,-99.681897,1791,-6,A,"Abilene, TX",208,207,210,210,3.3701923076923066,9.251207729468604,13.0,67.0,"Wed, Dec 21, 2005","Thu, Dec 15, 2005"
4019,Albuquerque International Sunport,Albuquerque,United States,ABQ,KABQ,35.0402222,-106.6091944,5355,-7,A,"Albuquerque, NM",3060,3060,3090,3092,4.62222222222222,10.102287581699326,88.0,109.0,"Fri, Dec  2, 2005","Fri, Dec 30, 2005"
5715,Southwest Georgia Regional Airport,Albany,United States,ABY,KABY,31.5355,-84.1945,197,-5,A,"Albany, GA",112,113,118,118,4.116071428571427,9.380530973451327,11.0,37.0,"Sat, Dec 17, 2005","Sun, Dec  4, 2005"
3700,Waco Regional,Waco,United States,ACT,KACT,31.611289,-97.230519,516,-6,A,"Waco, TX",205,205,209,210,4.682926829268291,10.512195121951219,12.0,47.0,"Sat, Dec  3, 2005","Wed, Dec  7, 2005"
4384,Arcata,Arcata CA,United States,ACV,KACV,40.978111,-124.108611,221,-8,A,"Arcata/Eureka, CA",323,327,353,356,3.3343653250773992,8.984709480122325,10.0,61.0,"Fri, Dec  9, 2005","Sat, Dec 31, 2005"
3524,Atlantic City International,Atlantic City,United States,ACY,KACY,39.457583,-74.577167,75,-5,A,"Atlantic City, NJ",52,52,54,55,4.134615384615387,11.807692307692308,9.0,31.0,"Tue, Dec 27, 2005","Tue, Dec  6, 2005"
5959,Adak Airport,Adak Island,United States,ADK,PADK,51.878,-176.646,18,-10,A,"Adak Island, AK",8,8,8,8,4.375,6.0,6.0,8.0,"Sun, Dec 11, 2005","Thu, Dec  1, 2005"
3531,Kodiak,Kodiak,United States,ADQ,PADQ,57.749967,-152.493856,78,-9,A,"Kodiak, AK",26,26,30,30,2.8461538461538463,6.384615384615385,5.0,13.0,"Tue, Dec 27, 2005","Fri, Dec 16, 2005"
3852,Alexandria International,Alexandria,United States,AEX,KAEX,31.3274,-92.549833,89,-6,A,"Alexandria, LA",216,217,220,221,3.953703703703702,12.405529953917048,11.0,108.0,"Sun, Dec 11, 2005","Fri, Dec 23, 2005"
3658,Augusta Regional At Bush Field,Bush Field,United States,AGS,KAGS,33.369944,-81.9645,144,-5,A,"Augusta, GA",183,184,195,194,3.4863387978142075,12.929347826086953,18.0,63.0,"Fri, Dec  2, 2005","Mon, Dec  5, 2005"
3794,King Salmon,King Salmon,United States,AKN,PAKN,58.676778,-156.649278,68,-9,A,"King Salmon, AK",19,19,20,20,3.3157894736842106,4.421052631578948,5.0,9.0,"Tue, Dec  6, 2005","Sun, Dec 11, 2005"
3864,Albany International,Albany,United States,ALB,KALB,42.748267,-73.801692,285,-5,A,"Albany, NY",1370,1373,1385,1385,3.983211678832118,14.6897305171158,35.0,130.0,"Fri, Dec 16, 2005","Fri, Dec 16, 2005"
3840,Rick Husband Amarillo International,Amarillo,United States,AMA,KAMA,35.219369,-101.705931,3607,-6,A,"Amarillo, TX",682,689,716,718,4.071847507331379,9.264150943396217,27.0,55.0,"Tue, Dec 20, 2005","Sun, Dec 18, 2005"
3774,Ted Stevens Anchorage International,Anchorage,United States,ANC,PANC,61.174361,-149.996361,152,-9,A,"Anchorage, AK",1505,1515,1537,1534,5.903654485049826,14.426402640264026,25.0,115.0,"Fri, Dec 23, 2005","Mon, Dec 12, 2005"
4012,Naples Municipal,Naples,United States,APF,KAPF,26.152619,-81.775294,8,-5,A,"Naples, FL",82,81,87,87,3.8170731707317045,11.308641975308639,10.0,29.0,"Tue, Dec 13, 2005","Thu, Dec 29, 2005"
3682,Hartsfield Jackson Atlanta International,Atlanta,United States,ATL,KATL,33.636719,-84.428067,1026,-5,A,"Atlanta, GA",32884,33342,33632,34021,8.800115557718152,19.173954771759238,65.0,222.0,"Tue, Dec 20, 2005","Wed, Dec 14, 2005"
4047,Appleton,Appleton,United States,ATW,KATW,44.257526,-88.507576,680,-6,A,"Appleton, WI",195,208,208,223,5.051282051282053,13.822115384615385,25.0,41.0,"Sat, Dec 24, 2005","Fri, Dec 30, 2005"
3673,Austin Bergstrom International,Austin,United States,AUS,KAUS,30.194528,-97.669889,542,-6,A,"Austin, TX",3280,3277,3330,3312,4.603353658536591,12.143423863289616,42.0,195.0,"Wed, Dec  7, 2005","Thu, Dec  8, 2005"
4007,Asheville Regional Airport,Asheville,United States,AVL,KAVL,35.436194,-82.541806,2165,-5,A,"Asheville, NC",291,289,307,308,3.7491408934707904,15.217993079584794,18.0,89.0,"Fri, Dec 16, 2005","Wed, Dec 14, 2005"
4286,Wilkes Barre Scranton International,Scranton,United States,AVP,KAVP,41.338478,-75.723403,962,-5,A,"Scranton/Wilkes-Barre, PA",161,162,167,169,3.6832298136645965,13.240740740740739,9.0,45.0,"Tue, Dec  6, 2005","Sun, Dec  4, 2005"
4039,Kalamazoo,Kalamazoo,United States,AZO,KAZO,42.234875,-85.552058,874,-5,A,"Kalamazoo, MI",403,402,435,435,4.4044665012406945,17.196517412935318,15.0,141.0,"Fri, Dec 23, 2005","Sat, Dec 10, 2005"
3825,Bradley International,Windsor Locks,United States,BDL,KBDL,41.938889,-72.683222,173,-5,A,"Hartford, CT",2917,2917,2963,2959,5.461432979088109,15.39561193006514,54.0,189.0,"Fri, Dec  9, 2005","Fri, Dec  9, 2005"
3599,Bethel,Bethel,United States,BET,PABE,60.779778,-161.838,121,-9,A,"Bethel, AK",94,94,96,96,2.797872340425532,7.138297872340425,8.0,21.0,"Sun, Dec  4, 2005","Sun, Dec 11, 2005"
3558,Meadows Field,Bakersfield,United States,BFL,KBFL,35.433598,-119.05677,507,-8,A,"Bakersfield, CA",347,349,357,359,5.429394812680115,9.028653295128946,18.0,66.0,"Sat, Dec 31, 2005","Mon, Dec 12, 2005"
4129,Greater Binghamton-Edwin A. Link Field,Binghamton,United States,BGM,KBGM,42.208689,-75.979839,1636,-5,A,"Binghamton, NY",55,54,57,57,4.1090909090909085,21.0,10.0,54.0,"Sat, Dec  3, 2005","Sun, Dec  4, 2005"
3463,Bangor International,Bangor,United States,BGR,KBGR,44.807444,-68.828139,192,-5,A,"Bangor, ME",344,345,351,351,4.642441860465116,17.301449275362316,12.0,181.0,"Fri, Dec 16, 2005","Sat, Dec 10, 2005"
3811,Birmingham International,Birmingham,United States,BHM,KBHM,33.562942,-86.75355,644,-6,A,"Birmingham, AL",1544,1544,1564,1566,3.9268134715025913,12.306347150259057,28.0,90.0,"Sat, Dec 24, 2005","Wed, Dec 28, 2005"
4021,Billings Logan International Airport,Billings,United States,BIL,KBIL,45.80921,-108.537654,3652,-7,A,"Billings, MT",396,395,401,399,3.553030303030303,10.739240506329114,11.0,56.0,"Mon, Dec 26, 2005","Wed, Dec  7, 2005"
4083,Bismarck Municipal Airport,Bismarck,United States,BIS,KBIS,46.775842,-100.757931,1661,-6,A,"Bismarck/Mandan, ND",209,211,211,212,3.985645933014354,14.132701421800947,18.0,88.0,"Mon, Dec 19, 2005","Wed, Dec 14, 2005"
4037,Central Illinois Regional,Bloomington,United States,BMI,KBMI,40.477111,-88.915917,871,-6,A,"Bloomington/Normal, IL",250,217,271,234,5.163999999999999,13.39170506912442,24.0,75.0,"Sat, Dec 31, 2005","Thu, Dec 15, 2005"
3690,Nashville International,Nashville,United States,BNA,KBNA,36.124472,-86.678194,599,-6,A,"Nashville, TN",4669,4666,4721,4721,4.979867209252529,11.561937419631391,40.0,133.0,"Sat, Dec 24, 2005","Thu, Dec 29, 2005"
3495,Boise Air Terminal,Boise,United States,BOI,KBOI,43.564361,-116.222861,2871,-7,A,"Boise, ID",1377,1382,1414,1426,3.8765432098765444,11.305354558610711,27.0,93.0,"Wed, Dec 21, 2005","Thu, Dec  1, 2005"
3448,General Edward Lawrence Logan International,Boston,United States,BOS,KBOS,42.364347,-71.005181,19,-5,A,"Boston, MA",9999,10042,10378,10382,6.946494649464942,19.750547699661464,65.0,250.0,"Mon, Dec 26, 2005","Fri, Dec  9, 2005"
5725,Brunswick Golden Isles Airport,Brunswick,United States,BQK,KBQK,31.2588,-81.4665,26,-5,A,"Brunswick, GA",112,111,119,119,3.7410714285714293,7.342342342342342,8.0,44.0,"Tue, Dec 27, 2005","Thu, Dec  1, 2005"
3738,Brownsville South Padre Island International,Brownsville,United States,BRO,KBRO,25.906833,-97.425861,22,-6,A,"Brownsville, TX",172,177,188,190,5.261627906976743,18.180790960451983,12.0,111.0,"Fri, Dec 30, 2005","Sat, Dec 31, 2005"
3571,Wiley Post Will Rogers Memorial,Barrow,United States,BRW,PABR,71.285446,-156.766003,44,-9,A,"Barrow, AK",56,56,58,58,4.0,5.785714285714286,6.0,27.0,"Fri, Dec 16, 2005","Fri, Dec 16, 2005"
4022,Bert Mooney Airport,Butte,United States,BTM,KBTM,45.954806,-112.497472,5550,-7,A,"Butte, MT",58,59,60,62,4.551724137931035,13.677966101694915,8.0,41.0,"Sat, Dec 10, 2005","Fri, Dec 23, 2005"
3846,Baton Rouge Metro-Ryan Field,Baton Rouge,United States,BTR,KBTR,30.533167,-91.149639,70,-6,A,"Baton Rouge, LA",993,984,1022,1018,5.108761329305132,12.740853658536583,45.0,87.0,"Fri, Dec 23, 2005","Sun, Dec 11, 2005"
3711,Burlington International,Burlington,United States,BTV,KBTV,44.471861,-73.153278,335,-5,A,"Burlington, VT",664,661,679,680,4.262048192771088,18.875945537065054,32.0,167.0,"Fri, Dec  9, 2005","Fri, Dec 16, 2005"
3820,Buffalo Niagara International,Buffalo,United States,BUF,KBUF,42.940525,-78.732167,724,-5,A,"Buffalo, NY",2048,2048,2084,2083,4.567871093750001,15.803710937499996,93.0,143.0,"Fri, Dec 16, 2005","Fri, Dec  9, 2005"
3644,Bob Hope,Burbank,United States,BUR,KBUR,34.200667,-118.358667,778,-8,A,"Burbank, CA",2532,2528,2559,2559,2.9087677725118475,11.16218354430378,37.0,94.0,"Wed, Dec 21, 2005","Sat, Dec  3, 2005"
3849,Baltimore Washington International,Baltimore,United States,BWI,KBWI,39.175361,-76.668333,146,-5,A,"Baltimore, MD",8780,8784,8900,8902,4.731548974943054,12.305214025500916,55.0,129.0,"Fri, Dec  9, 2005","Fri, Dec  9, 2005"
4020,Gallatin Field,Bozeman,United States,BZN,KBZN,45.777643,-111.160151,4500,-7,A,"Bozeman, MT",388,387,392,391,4.677835051546397,15.684754521963818,35.0,97.0,"Thu, Dec  1, 2005","Mon, Dec 26, 2005"
3561,Columbia Metropolitan,Colombia,United States,CAE,KCAE,33.938833,-81.119528,236,-5,A,"Columbia, SC",716,718,728,730,4.702513966480448,14.516713091922009,18.0,135.0,"Fri, Dec 30, 2005","Sun, Dec 25, 2005"
4112,Akron Canton Regional Airport,Akron,United States,CAK,KCAK,40.9160833,-81.4421944,1228,-5,A,"Akron, OH",822,828,851,854,5.107055961070561,14.431159420289855,29.0,93.0,"Thu, Dec 29, 2005","Sun, Dec  4, 2005"
3824,Cedar City Regional,Cedar City,United States,CDC,KCDC,37.700967,-113.098847,5622,-7,A,"Cedar City, UT",81,81,83,82,3.0864197530864184,8.580246913580243,5.0,36.0,"Wed, Dec  7, 2005","Fri, Dec  9, 2005"
3610,Merle K. Mudhole Smith,Cordova,United States,CDV,PACV,60.491778,-145.477556,48,-9,A,"Cordova, AK",60,60,60,60,4.116666666666666,6.883333333333332,12.0,17.0,"Fri, Dec  9, 2005","Mon, Dec  5, 2005"
5727,Del Norte County Airport,Crescent City,United States,CEC,KCEC,41.7802,-124.237,57,-8,A,"Crescent City, CA",75,78,87,87,4.386666666666667,8.320512820512821,64.0,21.0,"Sun, Dec 18, 2005","Sun, Dec 18, 2005"
3578,Lovell Field,Chattanooga,United States,CHA,KCHA,35.035278,-85.203808,683,-5,A,"Chattanooga, TN",380,379,391,392,3.968421052631579,12.300791556728228,14.0,148.0,"Fri, Dec  2, 2005","Sat, Dec 10, 2005"
4015,Charlottesville-Albemarle,Charlottesville VA,United States,CHO,KCHO,38.138639,-78.452861,639,-5,A,"Charlottesville, VA",190,184,206,206,3.705263157894737,9.244565217391298,15.0,60.0,"Mon, Dec  5, 2005","Sun, Dec 25, 2005"
3806,Charleston AFB International,Charleston,United States,CHS,KCHS,32.898647,-80.040528,45,-5,A,"Charleston, SC",883,878,907,905,5.513023782559458,13.263097949886104,21.0,88.0,"Wed, Dec  7, 2005","Thu, Dec  1, 2005"
3710,Chico Municipal,Chico,United States,CIC,KCIC,39.795383,-121.858422,238,-8,A,"Chico, CA",82,82,87,87,3.768292682926829,10.670731707317067,21.0,20.0,"Tue, Dec 27, 2005","Sun, Dec  4, 2005"
4043,Cedar Rapids,Cedar Rapids,United States,CID,KCID,41.884694,-91.710806,869,-6,A,"Cedar Rapids/Iowa City, IA",600,603,638,644,5.055000000000001,13.895522388059701,35.0,107.0,"Fri, Dec  2, 2005","Wed, Dec 14, 2005"
4088,McClellan-Palomar Airport,Carlsbad,United States,CLD,KCRQ,33.0742,-117.1648,328,-8,A,"Carlsbad, CA",171,170,175,176,3.192982456140351,7.958823529411762,15.0,24.0,"Wed, Dec 14, 2005","Mon, Dec 12, 2005"
3486,Cleveland Hopkins International,Cleveland,United States,CLE,KCLE,41.411689,-81.849794,791,-5,A,"Cleveland, OH",7150,7171,7295,7303,6.959440559440566,18.791103053967337,40.0,182.0,"Mon, Dec 12, 2005","Thu, Dec  8, 2005"
3715,Easterwood Field,College Station,United States,CLL,KCLL,30.588583,-96.363833,321,-6,A,"College Station/Bryan, TX",203,204,210,210,5.118226600985224,11.745098039215682,16.0,32.0,"Tue, Dec 20, 2005","Fri, Dec  9, 2005"
3876,Charlotte Douglas International,Charlotte,United States,CLT,KCLT,35.214,-80.943139,748,-5,A,"Charlotte, NC",7899,7922,8015,8008,5.3459931636916105,17.564756374652916,115.0,223.0,"Thu, Dec 15, 2005","Thu, Dec 15, 2005"
3759,Port Columbus International,Columbus,United States,CMH,KCMH,39.997972,-82.891889,815,-5,A,"Columbus, OH",2713,2705,2769,2766,4.998157021747133,14.613308687615527,50.0,209.0,"Thu, Dec 29, 2005","Sat, Dec 10, 2005"
4049,Champaign,Champaign,United States,CMI,KCMI,40.03925,-88.278056,754,-6,A,"Champaign/Urbana, IL",289,289,315,315,4.442906574394469,16.41176470588236,25.0,176.0,"Sat, Dec  3, 2005","Thu, Dec 15, 2005"
4344,Yellowstone Regional,Cody,United States,COD,KCOD,44.520194,-109.023806,5102,-7,A,"Cody, WY",61,61,61,61,3.999999999999998,12.885245901639344,10.0,36.0,"Sun, Dec 11, 2005","Tue, Dec  6, 2005"
3819,City Of Colorado Springs Municipal,Colorado Springs,United States,COS,KCOS,38.805805,-104.700778,6187,-7,A,"Colorado Springs, CO",1191,1191,1219,1212,6.3669185558354355,16.664147774979032,25.0,119.0,"Sun, Dec  4, 2005","Tue, Dec 20, 2005"
3872,Natrona County International,Casper,United States,CPR,KCPR,42.908,-106.464417,5347,-7,A,"Casper, WY",262,262,263,263,3.5381679389312977,10.851145038167937,9.0,38.0,"Mon, Dec 12, 2005","Sun, Dec 18, 2005"
3744,Corpus Christi International,Corpus Christi,United States,CRP,KCRP,27.770361,-97.501222,44,-6,A,"Corpus Christi, TX",777,780,787,788,4.009009009009008,10.87435897435897,24.0,53.0,"Fri, Dec 23, 2005","Sat, Dec 24, 2005"
4285,Yeager,Charleston,United States,CRW,KCRW,38.373147,-81.593189,981,-5,A,"Charleston/Dunbar, WV",441,441,452,454,3.2494331065759625,12.115646258503396,13.0,76.0,"Fri, Dec 30, 2005","Sun, Dec 11, 2005"
4255,Columbus Metropolitan Airport,Columbus,United States,CSG,KCSG,32.5163333,-84.9388611,397,-5,A,"Columbus, GA",105,109,113,113,2.9047619047619038,10.715596330275234,13.0,31.0,"Tue, Dec  6, 2005","Fri, Dec 16, 2005"
3488,Cincinnati Northern Kentucky International,Cincinnati,United States,CVG,KCVG,39.048836,-84.667822,896,-5,A,"Cincinnati, OH",11896,11986,12219,12236,4.48865164761267,16.070832638077746,71.0,185.0,"Sun, Dec 18, 2005","Sat, Dec 24, 2005"
4045,Central Wisconsin,Wassau,United States,CWA,KCWA,44.772726,-89.646635,840,-6,A,"Mosinee, WI",87,87,90,91,3.896551724137931,16.95402298850575,9.0,62.0,"Fri, Dec 30, 2005","Fri, Dec 23, 2005"
3950,Daytona Beach International,Daytona Beach,United States,DAB,KDAB,29.179917,-81.058056,34,-5,A,"Daytona Beach, FL",241,240,244,244,4.1161825726141075,13.045833333333333,14.0,107.0,"Tue, Dec  6, 2005","Tue, Dec 13, 2005"
3502,Dallas Love Field,Dallas,United States,DAL,KDAL,32.847111,-96.851778,487,-6,A,"Dallas, TX",3523,3526,3620,3622,3.075787680953732,9.255246738513891,19.0,111.0,"Mon, Dec 26, 2005","Wed, Dec 14, 2005"
3627,James M. Cox Dayton International,Dayton,United States,DAY,KDAY,39.902375,-84.219375,1009,-5,A,"Dayton, OH",1140,1113,1169,1144,5.5219298245614095,19.609164420485172,27.0,191.0,"Mon, Dec  5, 2005","Thu, Dec  8, 2005"
4388,Dubuque Regional,Dubuque IA,United States,DBQ,KDBQ,42.402,-90.709472,1076,-6,A,"Dubuque, IA",103,102,118,119,3.8737864077669903,12.676470588235293,8.0,40.0,"Thu, Dec 22, 2005","Tue, Dec  6, 2005"
3520,Ronald Reagan Washington National,Washington,United States,DCA,KDCA,38.852083,-77.037722,15,-5,A,"Washington, DC",8195,8202,8418,8420,5.235753508236706,16.245671787368984,141.0,172.0,"Mon, Dec  5, 2005","Mon, Dec  5, 2005"
3751,Denver International,Denver,United States,DEN,KDEN,39.861656,-104.673178,5431,-7,A,"Denver, CO",16226,16255,16404,16394,8.127018365586036,15.642263918794157,71.0,127.0,"Tue, Dec 20, 2005","Fri, Dec 16, 2005"
3670,Dallas Fort Worth International,Dallas-fort Worth,United States,DFW,KDFW,32.896828,-97.037997,607,-6,A,"Dallas/Fort Worth, TX",24854,24898,25385,25374,11.960006437595595,18.433769780705045,110.0,277.0,"Fri, Dec  9, 2005","Thu, Dec  8, 2005"
3739,Dothan Regional,Dothan,United States,DHN,KDHN,31.321339,-85.449628,401,-6,A,"Dothan, AL",113,105,119,109,3.7876106194690267,9.057142857142857,13.0,28.0,"Thu, Dec 22, 2005","Tue, Dec 27, 2005"
3460,Dillingham,Dillingham,United States,DLG,PADL,59.044667,-158.5055,74,-9,A,"Dillingham, AK",11,11,13,13,3.727272727272727,6.0,6.0,11.0,"Wed, Dec  7, 2005","Tue, Dec 13, 2005"
3598,Duluth International,Duluth,United States,DLH,KDLH,46.842091,-92.193649,1428,-6,A,"Duluth, MN",95,96,98,99,6.157894736842104,14.052083333333336,16.0,62.0,"Tue, Dec  6, 2005","Fri, Dec 30, 2005"
3729,Des Moines International,Des Moines,United States,DSM,KDSM,41.533972,-93.663083,958,-6,A,"Des Moines, IA",887,865,923,901,5.133032694475764,14.338728323699417,50.0,136.0,"Thu, Dec  8, 2005","Thu, Dec  8, 2005"
3645,Detroit Metro Wayne County,Detroit,United States,DTW,KDTW,42.212444,-83.353389,645,-5,A,"Detroit, MI",10205,10220,10357,10357,9.816560509554147,21.972896281800438,62.0,272.0,"Sun, Dec  4, 2005","Thu, Dec  8, 2005"
4250,Eagle County Regional,Vail,United States,EGE,KEGE,39.642556,-106.917694,6540,-7,A,"Eagle, CO",207,206,215,211,4.975845410628019,23.83009708737864,19.0,100.0,"Sat, Dec 31, 2005","Thu, Dec 22, 2005"
5736,Elko Regional Airport,Elko,United States,EKO,KEKO,40.8249,-115.792,5140,-8,A,"Elko, NV",127,127,132,139,4.1496062992126,9.629921259842515,8.0,39.0,"Fri, Dec  9, 2005","Tue, Dec 27, 2005"
3559,El Paso International,El Paso,United States,ELP,KELP,31.80725,-106.377583,3958,-7,A,"El Paso, TX",1908,1910,1929,1929,3.3254716981132058,9.512041884816746,25.0,105.0,"Wed, Dec 28, 2005","Fri, Dec 16, 2005"
4276,Erie International-Tom Ridge Field,Erie,United States,ERI,KERI,42.082022,-80.176217,733,-5,A,"Erie, PA",79,81,85,85,3.6202531645569622,16.098765432098766,9.0,46.0,"Thu, Dec 29, 2005","Tue, Dec 13, 2005"
4099,Mahlon Sweet Field,Eugene,United States,EUG,KEUG,44.124583,-123.211972,374,-8,A,"Eugene, OR",405,406,425,422,3.6049382716049383,11.495073891625614,12.0,94.0,"Mon, Dec 26, 2005","Sun, Dec 11, 2005"
4018,Evansville Regional,Evansville,United States,EVV,KEVV,38.036997,-87.532364,418,-6,A,"Evansville, IN",436,435,460,460,4.098623853211015,11.17931034482759,15.0,50.0,"Sun, Dec 11, 2005","Thu, Dec  8, 2005"
3494,Newark Liberty International,Newark,United States,EWR,KEWR,40.6925,-74.168667,18,-5,A,"Newark, NJ",12935,12967,13298,13312,9.329648241205964,27.73941543919175,115.0,274.0,"Fri, Dec  9, 2005","Sun, Dec  4, 2005"
3875,Key West International,Key West,United States,EYW,KEYW,24.556111,-81.759556,3,-5,A,"Key West, FL",180,149,184,154,3.3944444444444444,7.583892617449664,13.0,36.0,"Tue, Dec  6, 2005","Sat, Dec 10, 2005"
3832,Fairbanks International,Fairbanks,United States,FAI,PAFA,64.815114,-147.856267,434,-9,A,"Fairbanks, AK",388,387,394,394,3.701030927835048,9.4780361757106,20.0,30.0,"Mon, Dec 26, 2005","Sat, Dec  3, 2005"
4292,Hector International Airport,Fargo,United States,FAR,KFAR,46.92065,-96.8157639,902,-6,A,"Fargo, ND",341,340,345,347,5.351906158357774,14.394117647058824,28.0,53.0,"Thu, Dec 15, 2005","Fri, Dec 30, 2005"
3687,Fresno Yosemite International,Fresno,United States,FAT,KFAT,36.776194,-119.71814,336,-8,A,"Fresno, CA",1038,1051,1072,1081,4.099229287090564,10.710751665080869,16.0,124.0,"Sat, Dec 24, 2005","Fri, Dec  9, 2005"
5738,Fayetteville Regional-Grannis Field,Fayetteville,United States,FAY,KFAY,34.9912,-78.8803,189,-5,A,"Fayetteville, NC",118,118,118,118,4.728813559322034,9.720338983050851,10.0,35.0,"Wed, Dec 21, 2005","Mon, Dec  5, 2005"
4127,Glacier Park International,Kalispell,United States,FCA,KFCA,48.310472,-114.256,2977,-7,A,"Kalispell, MT",185,189,200,203,4.324324324324321,14.714285714285724,28.0,70.0,"Thu, Dec 29, 2005","Mon, Dec  5, 2005"
3533,Fort Lauderdale Hollywood International,Fort Lauderdale,United States,FLL,KFLL,26.072583,-80.15275,9,-5,A,"Fort Lauderdale, FL",6178,6168,6228,6206,5.070249271608909,16.558852140077757,59.0,159.0,"Tue, Dec 20, 2005","Thu, Dec 29, 2005"
3879,Florence Regional,Florence,United States,FLO,KFLO,34.185361,-79.723889,146,-5,A,"Florence, SC",76,77,82,82,4.644736842105265,9.857142857142858,11.0,31.0,"Mon, Dec 12, 2005","Mon, Dec 26, 2005"
4089,Bishop International,Flint,United States,FNT,KFNT,42.965424,-83.743629,782,-5,A,"Flint, MI",673,641,684,653,5.292719167904908,15.836193447737912,40.0,79.0,"Fri, Dec 16, 2005","Fri, Dec  2, 2005"
4009,Sioux Falls,Sioux Falls,United States,FSD,KFSD,43.582014,-96.741914,1429,-6,A,"Sioux Falls, SD",396,394,406,408,5.494949494949493,14.786802030456844,22.0,82.0,"Mon, Dec  5, 2005","Fri, Dec 30, 2005"
3437,Fort Smith Regional,Fort Smith,United States,FSM,KFSM,35.336583,-94.367444,469,-6,A,"Fort Smith, AR",161,161,162,163,4.63975155279503,9.658385093167704,12.0,47.0,"Mon, Dec 26, 2005","Thu, Dec 22, 2005"
4041,Fort Wayne,Fort Wayne,United States,FWA,KFWA,40.978472,-85.195139,815,-5,A,"Fort Wayne, IN",445,445,471,473,4.256179775280897,13.948314606741572,14.0,87.0,"Mon, Dec 26, 2005","Wed, Dec 14, 2005"
3467,Spokane International,Spokane,United States,GEG,KGEG,47.619861,-117.533833,2376,-8,A,"Spokane, WA",1096,1111,1115,1132,4.615875912408761,13.393339333933396,12.0,65.0,"Sun, Dec 11, 2005","Fri, Dec  2, 2005"
3442,Grand Forks International,Grand Forks,United States,GFK,KGFK,47.949256,-97.176111,845,-6,A,"Grand Forks, ND",56,57,57,58,4.196428571428572,10.94736842105263,8.0,39.0,"Thu, Dec 29, 2005","Fri, Dec  2, 2005"
3465,East Texas Regional,Longview,United States,GGG,KGGG,32.384014,-94.711486,365,-6,A,"Longview, TX",91,90,93,93,5.813186813186813,10.0,16.0,31.0,"Thu, Dec 22, 2005","Thu, Dec  8, 2005"
4063,Grand Junction Regional,Grand Junction,United States,GJT,KGJT,39.122413,-108.526735,4858,-7,A,"Grand Junction, CO",294,294,295,295,3.139455782312925,9.295918367346928,6.0,28.0,"Tue, Dec 13, 2005","Mon, Dec 19, 2005"
3472,Gainesville Regional,Gainesville,United States,GNV,KGNV,29.690056,-82.271778,152,-5,A,"Gainesville, FL",162,139,168,141,3.8950617283950617,10.467625899280574,18.0,29.0,"Sun, Dec 18, 2005","Mon, Dec 26, 2005"
4038,Gulfport-Biloxi,Gulfport,United States,GPT,KGPT,30.407278,-89.070111,28,-6,A,"Gulfport/Biloxi, MS",469,440,485,448,4.533049040511725,12.154545454545454,10.0,48.0,"Tue, Dec 13, 2005","Thu, Dec 15, 2005"
3653,Austin Straubel International,Green Bay,United States,GRB,KGRB,44.485072,-88.129589,695,-6,A,"Green Bay, WI",691,690,720,717,4.903039073806075,13.337681159420292,24.0,115.0,"Thu, Dec  8, 2005","Thu, Dec  1, 2005"
3775,Robert Gray AAF,Killeen,United States,GRK,KGRK,31.06725,-97.828917,1015,-6,A,"Killeen, TX",424,423,437,437,4.566037735849058,11.368794326241135,20.0,63.0,"Sat, Dec 17, 2005","Sun, Dec  4, 2005"
3685,Gerald R. Ford International,Grand Rapids,United States,GRR,KGRR,42.880833,-85.522806,794,-5,A,"Grand Rapids, MI",1394,1394,1426,1425,4.7015781922525175,17.34720229555242,41.0,129.0,"Fri, Dec  9, 2005","Fri, Dec 16, 2005"
4008,Piedmont Triad,Greensboro,United States,GSO,KGSO,36.09775,-79.937306,925,-5,A,"Greensboro/High Point, NC",1111,1115,1147,1147,4.42034203420343,17.16860986547087,34.0,201.0,"Wed, Dec 21, 2005","Thu, Dec 15, 2005"
4034,Greenville-Spartanburg International,Greenville,United States,GSP,KGSP,34.895556,-82.218889,964,-5,A,"Greer, SC",832,829,864,864,3.7656250000000018,15.063932448733414,28.0,127.0,"Wed, Dec 28, 2005","Tue, Dec 13, 2005"
3880,Great Falls International,Great Falls,United States,GTF,KGTF,47.482,-111.370689,3677,-7,A,"Great Falls, MT",253,253,260,258,4.52569169960474,10.264822134387344,13.0,39.0,"Fri, Dec 16, 2005","Sat, Dec 17, 2005"
4273,Golden Triangle Regional Airport,Columbus Mississippi,United States,GTR,KGTR,33.450333,-88.591361,264,-6,A,"Columbus, MS",88,88,93,93,3.6136363636363638,7.477272727272726,8.0,18.0,"Sun, Dec 18, 2005","Thu, Dec 29, 2005"
7051,Gunnison - Crested Butte,Gunnison,United States,GUC,KGUC,38.533889,-106.933056,7678,-7,A,"Gunnison, CO",34,34,34,34,4.470588235294119,14.970588235294118,9.0,35.0,"Tue, Dec 20, 2005","Sat, Dec 24, 2005"
4339,Yampa Valley,Hayden,United States,HDN,KHDN,40.481181,-107.21766,6602,-7,A,"Hayden, CO",134,132,137,135,4.500000000000004,19.11363636363637,23.0,70.0,"Sat, Dec 31, 2005","Fri, Dec 23, 2005"
3547,Hickory Regional,Hickory,United States,HKY,KHKY,35.741147,-81.38955,1189,-5,A,"Hickory, NC",48,47,57,56,3.5,9.893617021276597,8.0,31.0,"Thu, Dec  1, 2005","Fri, Dec 30, 2005"
3504,Helena Regional,Helena,United States,HLN,KHLN,46.606806,-111.98275,3877,-7,A,"Helena, MT",141,142,145,145,3.3049645390070923,11.126760563380282,10.0,65.0,"Thu, Dec 15, 2005","Sat, Dec 17, 2005"
3728,Honolulu International,Honolulu,United States,HNL,PHNL,21.318681,-157.922428,13,-10,N,"Honolulu, HI",3211,3210,3216,3216,5.296169417626924,13.868535825545171,47.0,47.0,"Sat, Dec 31, 2005","Fri, Dec  2, 2005"
3566,William P. Hobby,Houston,United States,HOU,KHOU,29.645419,-95.278889,46,-6,A,"Houston, TX",4523,4541,4609,4611,4.191908025646691,8.911913675401884,69.0,60.0,"Wed, Dec 14, 2005","Wed, Dec 14, 2005"
3589,Westchester County,White Plains,United States,HPN,KHPN,41.066959,-73.707575,439,-5,A,"White Plains, NY",451,425,481,460,5.820399113082038,16.675294117647024,37.0,103.0,"Thu, Dec  8, 2005","Fri, Dec  9, 2005"
3560,Valley International,Harlingen,United States,HRL,KHRL,26.2285,-97.654389,36,-6,A,"Harlingen/San Benito, TX",474,479,485,486,3.0738396624472566,8.555323590814195,13.0,72.0,"Sun, Dec 11, 2005","Wed, Dec 14, 2005"
4113,Huntsville International Airport-Carl T. Jones Field,Huntsville,United States,HSV,KHSV,34.6371944,-86.7750556,629,-6,A,"Huntsville, AL",865,841,893,870,4.974566473988437,13.448275862068966,45.0,68.0,"Sun, Dec 25, 2005","Tue, Dec 27, 2005"
5742,TriState-Milton J. Ferguson Field,Huntington,United States,HTS,KHTS,38.3667,-82.558,828,-5,A,"Ashland, WV",53,55,56,57,3.452830188679245,7.8545454545454545,10.0,23.0,"Sun, Dec 18, 2005","Sun, Dec 11, 2005"
4006,Tweed-New Haven Airport,New Haven,United States,HVN,KHVN,41.26375,-72.886806,14,-5,A,"New Haven, CT",56,56,57,58,3.3035714285714284,12.428571428571429,8.0,50.0,"Tue, Dec 20, 2005","Tue, Dec  6, 2005"
3714,Washington Dulles International,Washington,United States,IAD,KIAD,38.944533,-77.455811,313,-5,A,"Washington, DC",7400,7398,7494,7489,6.492162162162157,19.538794268721308,74.0,190.0,"Fri, Dec  9, 2005","Sun, Dec 25, 2005"
3550,George Bush Intercontinental Houston,Houston,United States,IAH,KIAH,29.984433,-95.341442,97,-6,A,"Houston, TX",17961,18047,18292,18274,8.906798062468692,19.55693467058237,160.0,152.0,"Wed, Dec 14, 2005","Wed, Dec 14, 2005"
3457,Wichita Mid Continent,Wichita,United States,ICT,KICT,37.649944,-97.433056,1333,-6,A,"Wichita, KS",930,926,948,950,4.927956989247318,13.481641468682508,25.0,109.0,"Wed, Dec 21, 2005","Wed, Dec 21, 2005"
4100,Idaho Falls Regional,Idaho Falls,United States,IDA,KIDA,43.514556,-112.07075,4744,-7,A,"Idaho Falls, ID",198,197,202,203,4.090909090909091,12.030456852791879,9.0,41.0,"Tue, Dec 20, 2005","Sun, Dec 11, 2005"
3845,Wilmington International,Wilmington,United States,ILM,KILM,34.270615,-77.902569,32,-5,A,"Wilmington, NC",191,188,196,197,4.790575916230365,8.925531914893611,15.0,40.0,"Wed, Dec 28, 2005","Thu, Dec  8, 2005"
3585,Indianapolis International,Indianapolis,United States,IND,KIND,39.717331,-86.294383,797,-5,A,"Indianapolis, IN",3187,3182,3237,3233,9.080326325698177,17.059710873664354,160.0,173.0,"Thu, Dec  8, 2005","Fri, Dec 16, 2005"
3689,Imperial County,Imperial,United States,IPL,KIPL,32.834219,-115.578744,-54,-8,A,"El Centro, CA",61,62,62,62,3.721311475409836,11.85483870967742,9.0,20.0,"Sat, Dec 24, 2005","Wed, Dec 21, 2005"
7522,Kinston Regional Jetport,Kinston,United States,ISO,KISO,35.331389,-77.608889,94,7,A,"Kinston, NC",62,61,62,62,3.2096774193548385,9.950819672131148,6.0,33.0,"Fri, Dec  2, 2005","Wed, Dec  7, 2005"
3857,Long Island MacArthur,Islip,United States,ISP,KISP,40.79525,-73.100222,99,-5,A,"Islip, NY",1029,1036,1045,1045,4.156462585034019,9.785714285714294,25.0,125.0,"Sat, Dec 31, 2005","Mon, Dec 26, 2005"
3415,Hilo International,Hilo,United States,ITO,PHTO,19.721375,-155.048469,38,-10,N,"Hilo, HI",244,244,244,244,4.475409836065574,5.0614754098360635,6.0,9.0,"Mon, Dec  5, 2005","Thu, Dec 22, 2005"
7120,Inyokern Airport,Inyokern,United States,IYK,KIYK,35.658889,-117.829444,2455,-8,A,"Inyokern, CA",89,91,91,91,3.651685393258427,10.736263736263737,6.0,26.0,"Thu, Dec  8, 2005","Fri, Dec  2, 2005"
4027,Jackson Hole Airport,Jacksn Hole,United States,JAC,KJAC,43.60733333,-110.73775,6451,-7,A,"Jackson, WY",204,199,214,211,4.470588235294116,22.311557788944715,18.0,120.0,"Mon, Dec 26, 2005","Mon, Dec 19, 2005"
3580,Jackson Evers International,Jackson,United States,JAN,KJAN,32.311167,-90.075889,346,-6,A,"Jackson/Vicksburg, MS",947,952,966,967,4.7254487856388625,11.404411764705873,69.0,54.0,"Tue, Dec 13, 2005","Mon, Dec 19, 2005"
3712,Jacksonville International,Jacksonville,United States,JAX,KJAX,30.494056,-81.687861,30,-5,A,"Jacksonville, FL",2451,2448,2467,2465,4.862505099959209,13.329656862745098,30.0,96.0,"Fri, Dec  2, 2005","Sat, Dec 24, 2005"
3797,John F. Kennedy International,New York,United States,JFK,KJFK,40.639751,-73.778925,13,-5,A,"New York, NY",8114,8152,8258,8278,10.296524525511526,30.266560353287534,128.0,259.0,"Sat, Dec  3, 2005","Sun, Dec  4, 2005"
3492,Juneau International,Juneau,United States,JNU,PAJN,58.354972,-134.576278,21,-9,A,"Juneau, AK",289,292,306,306,4.709342560553633,11.472602739726032,11.0,34.0,"Wed, Dec  7, 2005","Fri, Dec  9, 2005"
3514,Kona International At Keahole,Kona,United States,KOA,PHKO,19.738767,-156.045631,47,-10,N,"Kona, HI",576,576,576,577,4.303819444444448,8.699652777777787,13.0,37.0,"Sat, Dec 31, 2005","Sat, Dec 17, 2005"
3808,Ketchikan International,Ketchikan,United States,KTN,PAKT,55.355556,-131.71375,88,-9,A,"Ketchikan, AK",175,174,184,184,5.708571428571426,10.586206896551731,40.0,34.0,"Thu, Dec  1, 2005","Tue, Dec  6, 2005"
3544,Capital City,Lansing,United States,LAN,KLAN,42.7787,-84.587357,861,-5,A,"Lansing, MI",320,317,332,331,4.331250000000004,14.429022082018928,17.0,81.0,"Sat, Dec 24, 2005","Sun, Dec 25, 2005"
3877,McCarran International,Las Vegas,United States,LAS,KLAS,36.080056,-115.15225,2141,-8,A,"Las Vegas, NV",14043,14009,14156,14135,6.142918179876089,13.82475551431222,65.0,111.0,"Wed, Dec 21, 2005","Thu, Dec  8, 2005"
4256,Lawton-Fort Sill Regional Airport,Lawton,United States,LAW,KLAW,34.5677144,-98.4166367,1110,-6,A,"Lawton/Fort Sill, OK",172,171,177,177,4.61627906976744,10.584795321637428,18.0,38.0,"Fri, Dec  9, 2005","Wed, Dec 21, 2005"
3484,Los Angeles International,Los Angeles,United States,LAX,KLAX,33.942536,-118.408075,126,-8,A,"Los Angeles, CA",18914,18946,19211,19196,7.460928412815909,14.457510820225902,59.0,154.0,"Sat, Dec 24, 2005","Wed, Dec 14, 2005"
3829,Lubbock Preston Smith International,Lubbock,United States,LBB,KLBB,33.663639,-101.822778,3282,-6,A,"Lubbock, TX",795,801,813,815,3.283018867924529,9.25218476903872,29.0,41.0,"Fri, Dec 16, 2005","Wed, Dec 28, 2005"
3513,Lake Charles Regional,Lake Charles,United States,LCH,KLCH,30.126112,-93.223335,15,-6,A,"Lake Charles, LA",88,90,89,90,5.69318181818182,19.577777777777783,46.0,63.0,"Fri, Dec  2, 2005","Fri, Dec 30, 2005"
4017,Blue Grass,Lexington KY,United States,LEX,KLEX,38.0365,-84.605889,979,-5,A,"Lexington, KY",749,752,783,782,4.698264352469959,15.909574468085106,29.0,89.0,"Tue, Dec 20, 2005","Sun, Dec 11, 2005"
3493,Lafayette Regional,Lafayette,United States,LFT,KLFT,30.205278,-91.987611,43,-6,A,"Lafayette, LA",355,359,367,367,4.980281690140843,14.300835654596101,15.0,141.0,"Fri, Dec 30, 2005","Wed, Dec 14, 2005"
3697,LaGuardia Airport,New York,United States,LGA,KLGA,40.777245,-73.872608,22,-5,A,"New York, NY",10229,10290,10590,10604,8.732818457327177,23.85782312925168,110.0,267.0,"Sun, Dec  4, 2005","Thu, Dec  8, 2005"
3582,Long Beach,Long Beach,United States,LGB,KLGB,33.817722,-118.151611,60,-8,A,"Long Beach, CA",921,926,934,934,4.6123778501628765,13.726781857451403,43.0,141.0,"Mon, Dec 12, 2005","Sat, Dec 24, 2005"
3602,Lihue,Lihue,United States,LIH,PHLI,21.975983,-159.338958,153,-10,N,"Lihue, HI",632,632,632,632,5.05854430379747,5.115506329113925,11.0,47.0,"Mon, Dec 26, 2005","Sat, Dec 17, 2005"
3660,Adams Field,Little Rock,United States,LIT,KLIT,34.729444,-92.224306,262,-6,A,"Little Rock, AR",1424,1419,1439,1442,4.509129213483144,11.768146582100071,41.0,138.0,"Tue, Dec 27, 2005","Thu, Dec  8, 2005"
3543,Lincoln,Lincoln,United States,LNK,KLNK,40.850971,-96.75925,1219,-6,A,"Lincoln, NE",251,249,257,258,4.585657370517927,11.04417670682731,19.0,98.0,"Mon, Dec  5, 2005","Thu, Dec 29, 2005"
3691,Laredo International,Laredo,United States,LRD,KLRD,27.54375,-99.461556,508,-6,A,"Laredo, TX",215,218,231,234,3.567441860465116,11.73394495412844,12.0,89.0,"Mon, Dec  5, 2005","Sat, Dec 31, 2005"
4044,LaCrosse Municipal,LaCrosse,United States,LSE,KLSE,43.878986,-91.256711,654,-6,A,"La Crosse, WI",99,99,105,106,3.2222222222222223,13.02020202020202,10.0,40.0,"Fri, Dec  2, 2005","Thu, Dec  8, 2005"
3945,Lewiston Nez Perce County,Lewiston,United States,LWS,KLWS,46.3745,-117.015389,1442,-8,A,"Lewiston, ID",62,60,62,62,4.919354838709676,13.566666666666666,8.0,33.0,"Thu, Dec  1, 2005","Thu, Dec 15, 2005"
5753,Lynchburg Regional-Preston Glenn Field,Lynchburg,United States,LYH,KLYH,37.3267,-79.2004,938,-5,A,"Lynchburg, VA",87,88,93,93,4.114942528735632,10.511363636363638,12.0,86.0,"Wed, Dec 21, 2005","Thu, Dec  8, 2005"
3652,Midland International,Midland,United States,MAF,KMAF,31.942528,-102.201914,2871,-6,A,"Midland/Odessa, TX",685,686,693,694,3.249635036496351,8.473760932944607,29.0,46.0,"Sat, Dec 31, 2005","Mon, Dec  5, 2005"
4128,MBS International,Saginaw,United States,MBS,KMBS,43.532913,-84.079647,668,-5,A,"Saginaw/Bay City/Midland, MI",183,185,195,197,4.459016393442627,14.72972972972973,12.0,54.0,"Wed, Dec 28, 2005","Wed, Dec 14, 2005"
3458,Kansas City International,Kansas City,United States,MCI,KMCI,39.297606,-94.713905,1026,-6,A,"Kansas City, MO",4514,4511,4572,4573,5.0050952591936095,12.9148747506096,60.0,121.0,"Sat, Dec 17, 2005","Mon, Dec  5, 2005"
3754,Middle Georgia Regional,Macon,United States,MCN,KMCN,32.69285,-83.649211,354,-5,A,"Macon, GA",90,89,93,92,3.977777777777778,11.943820224719095,13.0,40.0,"Wed, Dec 14, 2005","Mon, Dec 12, 2005"
3878,Orlando International,Orlando,United States,MCO,KMCO,28.429394,-81.308994,96,-5,A,"Orlando, FL",10345,10334,10421,10405,6.093861768970509,13.489839365202261,41.0,198.0,"Tue, Dec 27, 2005","Sun, Dec 25, 2005"
3542,Harrisburg International,Harrisburg,United States,MDT,KMDT,40.193494,-76.763403,310,-5,A,"Harrisburg, PA",528,507,545,523,4.537878787878786,15.522682445759365,14.0,113.0,"Sun, Dec 25, 2005","Fri, Dec  9, 2005"
3747,Chicago Midway International,Chicago,United States,MDW,KMDW,41.785972,-87.752417,620,-6,A,"Chicago, IL",7658,7708,7964,7982,5.2388352050143645,12.07213284898805,56.0,155.0,"Fri, Dec  9, 2005","Fri, Dec  9, 2005"
4335,Key Field,Meridian,United States,MEI,KMEI,32.332624,-88.751868,297,-6,A,"Meridian, MS",91,90,93,93,4.032967032967035,9.133333333333336,20.0,30.0,"Sat, Dec  3, 2005","Mon, Dec  5, 2005"
3473,Memphis International,Memphis,United States,MEM,KMEM,35.042417,-89.976667,341,-6,A,"Memphis, TN",3535,3528,3589,3588,6.315417256011315,16.22392290249429,47.0,137.0,"Thu, Dec  8, 2005","Thu, Dec  8, 2005"
3826,McAllen Miller International,Mcallen,United States,MFE,KMFE,26.175833,-98.238611,107,-6,A,"Mission/McAllen/Edinburg, TX",318,322,326,327,3.7704402515723263,11.093167701863354,9.0,87.0,"Thu, Dec  1, 2005","Sat, Dec 31, 2005"
4101,Rogue Valley International Medford,Medford,United States,MFR,KMFR,42.374228,-122.8735,1335,-8,A,"Medford, OR",384,386,409,418,3.1223958333333335,9.88601036269431,13.0,39.0,"Mon, Dec 26, 2005","Thu, Dec 29, 2005"
4115,Montgomery Regional Airport ,MONTGOMERY,United States,MGM,KMGM,32.3006389,-86.3939722,221,-6,A,"Montgomery, AL",234,235,244,244,3.9316239316239336,11.774468085106387,23.0,40.0,"Mon, Dec 26, 2005","Sat, Dec 10, 2005"
4011,Manchester Regional Airport,Manchester NH,United States,MHT,KMHT,42.932556,-71.435667,266,-5,A,"Manchester, NH",1839,1843,1879,1878,4.337683523654161,13.713510580575152,33.0,113.0,"Sat, Dec 24, 2005","Fri, Dec  9, 2005"
3576,Miami International,Miami,United States,MIA,KMIA,25.79325,-80.290556,8,-5,A,"Miami, FL",5773,5776,5838,5833,8.608349211848259,17.314404432132985,87.0,211.0,"Wed, Dec  7, 2005","Thu, Dec  8, 2005"
3717,General Mitchell International,Milwaukee,United States,MKE,KMKE,42.947222,-87.896583,723,-6,A,"Milwaukee, WI",1848,1841,1884,1872,5.444805194805186,16.79847908745245,31.0,134.0,"Sun, Dec 25, 2005","Thu, Dec  1, 2005"
3671,Melbourne International,Melbourne,United States,MLB,KMLB,28.102753,-80.645258,33,-5,A,"Melbourne, FL",204,202,210,209,5.294117647058822,13.163366336633663,13.0,95.0,"Thu, Dec  8, 2005","Fri, Dec 30, 2005"
4072,Quad City International,Moline,United States,MLI,KMLI,41.448528,-90.507539,590,-6,A,"Moline, IL",471,471,491,489,4.216560509554134,13.953290870488322,16.0,91.0,"Fri, Dec 16, 2005","Fri, Dec 16, 2005"
3732,Monroe Regional,Monroe,United States,MLU,KMLU,32.510864,-92.037689,79,-6,A,"Monroe, LA",160,160,164,165,3.8125,10.256250000000005,15.0,32.0,"Thu, Dec  1, 2005","Mon, Dec  5, 2005"
3782,Mobile Regional,Mobile,United States,MOB,KMOB,30.691231,-88.242814,219,-6,A,"Mobile, AL",384,388,392,393,4.765624999999993,10.750000000000005,15.0,42.0,"Fri, Dec 16, 2005","Thu, Dec 29, 2005"
3816,Modesto City County Harry Sham,Modesto,United States,MOD,KMOD,37.625817,-120.954422,97,-8,A,"Modesto, CA",107,103,124,124,3.0934579439252343,11.679611650485437,7.0,42.0,"Sat, Dec 17, 2005","Sun, Dec 25, 2005"
3498,Minot International,Minot,United States,MOT,KMOT,48.259378,-101.280333,1716,-6,A,"Minot, ND",101,103,107,107,5.13861386138614,12.601941747572816,10.0,48.0,"Sat, Dec 10, 2005","Wed, Dec 14, 2005"
6838,Sawyer International Airport,Marquette,United States,MQT,KMQT,46.353611,-87.395278,1221,-5,A,"Marquette, MI",72,75,79,80,6.847222222222222,15.56,20.0,41.0,"Thu, Dec 22, 2005","Thu, Dec  8, 2005"
3948,Monterey Peninsula,Monterey,United States,MRY,KMRY,36.587,-121.842944,257,-8,A,"Monterey, CA",607,614,636,643,3.3542009884678756,9.9315960912052,11.0,33.0,"Mon, Dec  5, 2005","Mon, Dec  5, 2005"
3459,Dane County Regional-Truax Field,Madison,United States,MSN,KMSN,43.139858,-89.337514,887,-6,A,"Madison, WI",1030,1032,1071,1071,4.492233009708737,16.10562015503876,22.0,226.0,"Fri, Dec 30, 2005","Thu, Dec  8, 2005"
4216,Missoula International,Missoula,United States,MSO,KMSO,46.916306,-114.090556,3205,-7,A,"Missoula, MT",270,284,275,296,4.73703703703704,13.15492957746479,17.0,83.0,"Wed, Dec  7, 2005","Mon, Dec 12, 2005"
3858,Minneapolis St. Paul International,Minneapolis,United States,MSP,KMSP,44.881956,-93.221767,841,-6,A,"Minneapolis, MN",10311,10334,10453,10448,7.0574144117932365,21.012579833559144,62.0,133.0,"Fri, Dec 23, 2005","Tue, Dec 13, 2005"
3861,Louis Armstrong New Orleans International,New Orleans,United States,MSY,KMSY,29.993389,-90.258028,4,-6,A,"New Orleans, LA",1578,1571,1586,1581,4.1806083650190065,10.209420751113937,24.0,119.0,"Wed, Dec 28, 2005","Fri, Dec 16, 2005"
6880,Montrose Regional Airport,Montrose CO,United States,MTJ,KMTJ,38.509794,-107.894242,5759,-7,A,"Montrose/Delta, CO",246,246,247,247,4.589430894308947,11.808943089430894,164.0,70.0,"Wed, Dec 14, 2005","Thu, Dec  8, 2005"
3515,Myrtle Beach International,Myrtle Beach,United States,MYR,KMYR,33.67975,-78.928333,25,-5,A,"Myrtle Beach, SC",349,350,353,355,3.848137535816619,11.557142857142855,17.0,69.0,"Wed, Dec 14, 2005","Fri, Dec 16, 2005"
3453,Metropolitan Oakland International,Oakland,United States,OAK,KOAK,37.721278,-122.220722,9,-8,A,"Oakland, CA",5861,5877,5935,5935,5.09076949326054,11.92411094095625,64.0,82.0,"Fri, Dec  9, 2005","Wed, Dec 14, 2005"
3456,Kahului,Kahului,United States,OGG,PHOG,20.89865,-156.430458,54,-10,N,"Kahului, HI",1248,1245,1249,1248,5.261217948717953,8.949397590361427,48.0,34.0,"Fri, Dec 23, 2005","Sat, Dec  3, 2005"
3863,Will Rogers World,Oklahoma City,United States,OKC,KOKC,35.393089,-97.600733,1295,-6,A,"Oklahoma City, OK",1652,1674,1691,1710,4.441283292978212,11.908602150537616,41.0,76.0,"Thu, Dec 22, 2005","Fri, Dec 16, 2005"
3454,Eppley Airfield,Omaha,United States,OMA,KOMA,41.303167,-95.894069,984,-6,A,"Omaha, NE",1842,1792,1870,1823,4.301302931596094,13.527901785714302,44.0,117.0,"Tue, Dec 27, 2005","Tue, Dec 13, 2005"
3615,Nome,Nome,United States,OME,PAOM,64.512203,-165.445247,37,-9,A,"Nome, AK",88,89,90,90,3.875,5.550561797752811,9.0,43.0,"Mon, Dec  5, 2005","Fri, Dec  9, 2005"
3734,Ontario International,Ontario,United States,ONT,KONT,34.056,-117.601194,944,-8,A,"Ontario, CA",3077,3081,3117,3116,4.710432239194022,11.00746510873096,37.0,40.0,"Fri, Dec 23, 2005","Thu, Dec 22, 2005"
3830,Chicago O'Hare International,Chicago,United States,ORD,KORD,41.978603,-87.904842,668,-6,A,"Chicago, IL",27922,28018,29230,29203,10.709189886111234,20.3442429866513,262.0,265.0,"Thu, Dec  8, 2005","Thu, Dec  8, 2005"
3611,Norfolk International,Norfolk,United States,ORF,KORF,36.894611,-76.201222,26,-5,A,"Norfolk, VA",1482,1485,1514,1516,4.028340080971656,13.084848484848484,73.0,150.0,"Sat, Dec 17, 2005","Tue, Dec 13, 2005"
3693,Ralph Wien Memorial,Kotzebue,United States,OTZ,PAOT,66.884678,-162.59855,11,-9,A,"Kotzebue, AK",88,88,90,90,3.8863636363636362,7.670454545454546,7.0,21.0,"Fri, Dec  9, 2005","Sat, Dec  3, 2005"
6961,Oxnard - Ventura County,Oxnard,United States,OXR,KOXR,34.200833,-119.207222,15,-8,A,"Oxnard/Ventura, CA",140,140,145,147,3.1714285714285713,8.707142857142859,9.0,25.0,"Mon, Dec 12, 2005","Wed, Dec  7, 2005"
3722,Palm Beach International,West Palm Beach,United States,PBI,KPBI,26.683161,-80.095589,19,-5,A,"West Palm Beach/Palm Beach, FL",2624,2603,2637,2619,4.6059451219512315,13.202458701498301,30.0,104.0,"Sun, Dec 11, 2005","Mon, Dec 26, 2005"
3720,Portland International,Portland,United States,PDX,KPDX,45.588722,-122.5975,30,-8,A,"Portland, OR",4607,4612,4683,4681,4.38376383763836,10.987424111014741,30.0,77.0,"Tue, Dec 20, 2005","Thu, Dec 22, 2005"
4073,Panama City Bay County International,Panama City,United States,PFN,KPFN,30.212083,-85.682806,20,-6,A,"Panama City, FL",193,189,200,200,3.33160621761658,9.677248677248679,12.0,75.0,"Mon, Dec 19, 2005","Mon, Dec  5, 2005"
3633,Newport News Williamsburg International,Newport News,United States,PHF,KPHF,37.131894,-76.492989,43,-5,A,"Newport News/Williamsburg, VA",526,525,532,532,4.948669201520911,12.634285714285713,21.0,70.0,"Mon, Dec 12, 2005","Mon, Dec 26, 2005"
3752,Philadelphia International,Philadelphia,United States,PHL,KPHL,39.871944,-75.241139,36,-5,A,"Philadelphia, PA",8804,8812,8971,8970,6.351203998182661,22.17521561507038,100.0,227.0,"Fri, Dec  9, 2005","Fri, Dec  9, 2005"
3462,Phoenix Sky Harbor International,Phoenix,United States,PHX,KPHX,33.434278,-112.011583,1135,-7,N,"Phoenix, AZ",14789,14825,15002,14994,6.123402528906618,13.9239123102867,63.0,82.0,"Sat, Dec 24, 2005","Wed, Dec 14, 2005"
4046,Peoria Regional,Peoria,United States,PIA,KPIA,40.664203,-89.693258,660,-6,A,"Peoria, IL",344,326,367,344,3.9767441860465165,14.156441717791411,17.0,251.0,"Wed, Dec  7, 2005","Thu, Dec  8, 2005"
5760,Pocatello Regional Airport,Pocatello,United States,PIH,KPIH,42.9098,-112.596,4452,-7,A,"Pocatello, ID",147,148,155,154,3.7210884353741496,10.9527027027027,12.0,47.0,"Tue, Dec 13, 2005","Mon, Dec 19, 2005"
3570,Pittsburgh International,Pittsburgh (pennsylva),United States,PIT,KPIT,40.491467,-80.232872,1204,-5,A,"Pittsburgh, PA",4092,4104,4166,4168,5.840175953079179,18.571881091617918,47.0,126.0,"Sun, Dec  4, 2005","Wed, Dec 21, 2005"
3564,Pensacola Regional,Pensacola,United States,PNS,KPNS,30.473425,-87.186611,121,-6,A,"Pensacola, FL",712,717,723,723,3.9578651685393282,10.634588563458868,31.0,55.0,"Mon, Dec  5, 2005","Thu, Dec  8, 2005"
6133,Tri Cities Airport,Pasco,United States,PSC,PSC,46.2647,-119.119,410,-8,A,"Pasco/Kennewick/Richland, WA",198,197,201,204,4.601010101010099,12.898477157360405,10.0,47.0,"Sat, Dec 31, 2005","Sun, Dec 11, 2005"
4147,Petersburg James A. Johnson,Petersburg,United States,PSG,PAPG,56.801667,-132.945278,105,-9,A,"Petersburg, AK",56,57,60,60,4.732142857142857,7.508771929824562,6.0,24.0,"Fri, Dec  2, 2005","Sun, Dec 18, 2005"
3839,Palm Springs International,Palm Springs,United States,PSP,KPSP,33.829667,-116.506694,477,-8,A,"Palm Springs, CA",968,965,977,977,4.411157024793381,10.374093264248701,13.0,68.0,"Thu, Dec 29, 2005","Wed, Dec 14, 2005"
3641,Theodore Francis Green State,Providence,United States,PVD,KPVD,41.732581,-71.420383,55,-5,A,"Providence, RI",2320,2321,2375,2366,4.420689655172421,12.60361912968547,36.0,103.0,"Fri, Dec  9, 2005","Fri, Dec  9, 2005"
7579,Provo Municipal Airport,Provo,United States,PVU,KPVU,40.21805555,-111.7222222,4497,-6,A,"Provo, UT",0,0,1,1,0,0,0,0,"Sat, Dec 17, 2005","Sat, Dec 17, 2005"
3862,Portland International Jetport,Portland,United States,PWM,KPWM,43.646161,-70.309281,77,-5,A,"Portland, ME",591,588,615,614,3.8223350253807054,17.285714285714285,28.0,142.0,"Thu, Dec  8, 2005","Sun, Dec 11, 2005"
4087,Rapid City Regional Airport,Rapid City,United States,RAP,KRAP,44.045278,-103.057222,3204,-7,A,"Rapid City, SD",355,352,355,354,4.1690140845070465,11.190340909090914,15.0,68.0,"Thu, Dec  8, 2005","Mon, Dec  5, 2005"
4098,Redding Municipal,Redding,United States,RDD,KRDD,40.509,-122.293389,504,-8,A,"Redding, CA",148,150,169,168,3.7905405405405403,8.993333333333329,11.0,28.0,"Thu, Dec 15, 2005","Sun, Dec 18, 2005"
4103,Roberts Field,Redmond-Bend,United States,RDM,KRDM,44.254066,-121.149964,3077,-8,A,"Bend/Redmond, OR",297,295,307,305,3.286195286195287,13.213559322033904,10.0,155.0,"Sun, Dec 11, 2005","Mon, Dec 19, 2005"
3626,Raleigh Durham International,Raleigh-durham,United States,RDU,KRDU,35.877639,-78.787472,435,-5,A,"Raleigh/Durham, NC",4476,4485,4554,4561,4.510947274352112,14.202452619843926,32.0,137.0,"Mon, Dec 12, 2005","Sun, Dec 25, 2005"
3608,Richmond International,Richmond,United States,RIC,KRIC,37.505167,-77.319667,167,-5,A,"Richmond, VA",1457,1452,1500,1500,5.321894303363072,16.53719008264466,59.0,169.0,"Mon, Dec  5, 2005","Mon, Dec  5, 2005"
3807,Reno Tahoe International,Reno,United States,RNO,KRNO,39.499108,-119.768108,4415,-8,A,"Reno, NV",2180,2181,2212,2211,4.588532110091737,10.413113250802404,22.0,117.0,"Tue, Dec 20, 2005","Sun, Dec 18, 2005"
4016,Roanoke Regional,Roanoke VA,United States,ROA,KROA,37.325472,-79.975417,1175,-5,A,"Roanoke, VA",217,219,238,240,5.562211981566817,13.315068493150685,14.0,69.0,"Tue, Dec  6, 2005","Wed, Dec 14, 2005"
3622,Greater Rochester International,Rochester,United States,ROC,KROC,43.118866,-77.672389,559,-5,A,"Rochester, NY",1407,1409,1441,1448,6.593461265103057,16.857345635202307,25.0,111.0,"Sun, Dec 25, 2005","Thu, Dec  8, 2005"
4048,Rochester,Rochester,United States,RST,KRST,43.908283,-92.500014,1317,-6,A,"Rochester, MN",165,169,189,191,4.593939393939394,15.751479289940834,18.0,77.0,"Wed, Dec 28, 2005","Fri, Dec 16, 2005"
3793,Southwest Florida International,Fort Myers,United States,RSW,KRSW,26.536167,-81.755167,30,-5,A,"Fort Myers, FL",2541,2537,2559,2558,4.953561589925222,12.846275128104054,51.0,82.0,"Mon, Dec 26, 2005","Mon, Dec 26, 2005"
3731,San Diego International,San Diego,United States,SAN,KSAN,32.733556,-117.189667,17,-8,A,"San Diego, CA",7446,7480,7590,7597,3.997716894977181,13.828074866310164,44.0,168.0,"Sat, Dec 31, 2005","Wed, Dec 14, 2005"
3621,San Antonio International,San Antonio,United States,SAT,KSAT,29.533694,-98.469778,809,-6,A,"San Antonio, TX",3247,3245,3294,3292,3.940560517400678,10.465639445300463,75.0,129.0,"Thu, Dec 29, 2005","Thu, Dec  8, 2005"
3613,Savannah Hilton Head International,Savannah,United States,SAV,KSAV,32.127583,-81.202139,51,-5,A,"Savannah, GA",893,889,908,908,5.117581187010081,13.752530933633292,42.0,86.0,"Fri, Dec 30, 2005","Thu, Dec  1, 2005"
3949,Santa Barbara Municipal,Santa Barbara,United States,SBA,KSBA,34.426211,-119.840372,10,-8,A,"Santa Barbara, CA",1028,1023,1063,1061,4.346303501945527,9.489736070381227,17.0,56.0,"Wed, Dec 14, 2005","Fri, Dec 23, 2005"
4359,South Bend Regional,South Bend,United States,SBN,KSBN,41.708661,-86.31725,799,-5,A,"South Bend, IN",316,317,337,335,4.2689873417721484,13.555205047318612,20.0,152.0,"Fri, Dec 16, 2005","Sat, Dec 10, 2005"
5768,San Luis County Regional Airport,San Luis Obispo,United States,SBP,KSBP,35.2368,-120.642,212,-8,A,"San Luis Obispo, CA",475,472,492,492,3.442105263157895,10.175847457627123,12.0,41.0,"Tue, Dec  6, 2005","Thu, Dec 22, 2005"
3620,Deadhorse,Deadhorse,United States,SCC,PASC,70.19475,-148.465167,64,-9,A,"Deadhorse, AK",26,27,27,27,3.3846153846153846,5.851851851851852,5.0,12.0,"Sat, Dec  3, 2005","Wed, Dec  7, 2005"
4318,University Park Airport,State College Pennsylvania,United States,SCE,KUNV,40.849278,-77.848694,1239,-5,A,"State College, PA",79,78,83,84,3.9240506329113924,11.833333333333334,10.0,38.0,"Thu, Dec 29, 2005","Thu, Dec 22, 2005"
4014,Louisville International Airport,Louisville,United States,SDF,KSDF,38.1740858,-85.7364989,501,-5,A,"Louisville, KY",1817,1810,1846,1845,5.525591634562455,13.523204419889506,108.0,123.0,"Thu, Dec  8, 2005","Sat, Dec 10, 2005"
3577,Seattle Tacoma International,Seattle,United States,SEA,KSEA,47.449,-122.309306,433,-8,A,"Seattle, WA",8619,8650,8743,8739,6.155354449472076,15.369942196531781,75.0,152.0,"Fri, Dec 16, 2005","Sun, Dec 18, 2005"
3469,San Francisco International,San Francisco,United States,SFO,KSFO,37.618972,-122.374889,13,-8,A,"San Francisco, CA",10566,10611,10972,10962,5.933655120196866,15.86589388370561,52.0,103.0,"Fri, Dec 30, 2005","Sat, Dec 24, 2005"
4348,Springfield Branson National,Springfield,United States,SGF,KSGF,37.245667,-93.388639,1268,-6,A,"Springfield, MO",721,722,736,736,3.911234396671296,11.146814404432117,20.0,99.0,"Thu, Dec 22, 2005","Thu, Dec  8, 2005"
4064,St. George Municipal,Saint George,United States,SGU,KSGU,37.090583,-113.593056,2941,-7,A,"St. George, UT",251,252,253,253,3.8804780876494034,8.718253968253972,81.0,32.0,"Wed, Dec  7, 2005","Mon, Dec 26, 2005"
3609,Shreveport Regional,Shreveport,United States,SHV,KSHV,32.446629,-93.8256,258,-6,A,"Shreveport, LA",651,648,662,663,4.5821812596006195,9.572530864197534,14.0,52.0,"Wed, Dec 21, 2005","Wed, Dec 28, 2005"
3856,Sitka Rocky Gutierrez,Sitka,United States,SIT,PASI,57.047138,-135.361611,21,-9,A,"Sitka, AK",90,92,93,93,4.966666666666669,10.69565217391304,8.0,50.0,"Thu, Dec  1, 2005","Sun, Dec  4, 2005"
3748,Norman Y. Mineta San Jose International,San Jose,United States,SJC,KSJC,37.3626,-121.929022,62,-8,A,"San Jose, CA",5040,5047,5136,5136,4.280158730158736,11.155339805825243,56.0,93.0,"Thu, Dec 29, 2005","Thu, Dec 15, 2005"
3708,San Angelo Regional-Mathis Field,San Angelo,United States,SJT,KSJT,31.35775,-100.496306,1919,-6,A,"San Angelo, TX",153,153,154,154,3.2026143790849675,8.594771241830063,9.0,23.0,"Thu, Dec  1, 2005","Thu, Dec  8, 2005"
3536,Salt Lake City International,Salt Lake City,United States,SLC,KSLC,40.788389,-111.977772,4227,-7,A,"Salt Lake City, UT",11296,11306,11469,11405,6.727956798866863,18.483548558287513,80.0,154.0,"Fri, Dec  2, 2005","Thu, Dec 15, 2005"
3817,Sacramento International,Sacramento,United States,SMF,KSMF,38.695417,-121.590778,27,-8,A,"Sacramento, CA",4251,4261,4327,4339,4.2954598917901565,10.47547524055386,32.0,75.0,"Sat, Dec 17, 2005","Wed, Dec 14, 2005"
5772,Santa Maria Public-Captain G. Allan Hancock Airport,Santa Maria,United States,SMX,KSMX,34.8989,-120.457,261,-8,A,"Santa Maria, CA",170,170,177,179,3.358823529411764,7.964705882352941,11.0,31.0,"Wed, Dec 21, 2005","Thu, Dec 15, 2005"
3867,John Wayne Airport Orange County,Santa Ana,United States,SNA,KSNA,33.675667,-117.868222,56,-8,A,"Santa Ana, CA",3997,4035,4112,4122,6.3304978734050525,13.274101610904582,89.0,134.0,"Mon, Dec  5, 2005","Wed, Dec 28, 2005"
4336,Abraham Lincoln Capital,Springfield,United States,SPI,KSPI,39.8441,-89.677889,597,-6,A,"Springfield, IL",139,140,150,151,4.597122302158275,13.357142857142858,8.0,121.0,"Mon, Dec 26, 2005","Sat, Dec 10, 2005"
3680,Sheppard AFB Wichita Falls Municipal,Wichita Falls,United States,SPS,KSPS,33.988797,-98.491894,1019,-6,A,"Wichita Falls, TX",213,213,219,220,7.338028169014085,10.248826291079817,22.0,32.0,"Wed, Dec 21, 2005","Thu, Dec  8, 2005"
4067,Sarasota Bradenton International,Sarasota,United States,SRQ,KSRQ,27.395444,-82.554389,30,-5,A,"Sarasota/Bradenton, FL",617,617,628,627,4.865478119935165,12.669367909238243,35.0,76.0,"Sun, Dec 25, 2005","Wed, Dec 28, 2005"
3678,Lambert St. Louis International,St. Louis,United States,STL,KSTL,38.748697,-90.370028,618,-6,A,"St. Louis, MO",5178,5190,5260,5261,4.413480108149856,12.733911368015397,90.0,103.0,"Sat, Dec 24, 2005","Sun, Dec 25, 2005"
6494,Friedman Memorial,Hailey,United States,SUN,KSUN,43.504444,-114.296194,5320,-7,A,"Sun Valley/Hailey/Ketchum, ID",200,200,206,219,3.3899999999999992,11.465,88.0,50.0,"Tue, Dec  6, 2005","Tue, Dec 27, 2005"
3661,Stewart International,Newburgh,United States,SWF,KSWF,41.504094,-74.104839,491,-5,A,"Newburgh/Poughkeepsie, NY",88,89,92,93,4.7727272727272725,18.83146067415731,11.0,97.0,"Fri, Dec  9, 2005","Fri, Dec  9, 2005"
3745,Syracuse Hancock International,Syracuse,United States,SYR,KSYR,43.111187,-76.106311,421,-5,A,"Syracuse, NY",1143,1140,1160,1163,5.249343832020996,21.29210526315788,30.0,183.0,"Fri, Dec 16, 2005","Fri, Dec 16, 2005"
3698,Tallahassee Regional,Tallahassee,United States,TLH,KTLH,30.396528,-84.350333,81,-5,A,"Tallahassee, FL",229,228,231,230,4.807860262008735,11.192982456140351,16.0,55.0,"Thu, Dec  8, 2005","Thu, Dec  1, 2005"
4040,Toledo,Toledo,United States,TOL,KTOL,41.586806,-83.807833,684,-5,A,"Toledo, OH",356,352,369,369,3.8679775280898876,12.721590909090912,17.0,75.0,"Thu, Dec 15, 2005","Fri, Dec  9, 2005"
3646,Tampa International,Tampa,United States,TPA,KTPA,27.975472,-82.53325,26,-5,A,"Tampa, FL",6560,6557,6613,6602,4.425152439024398,11.917187738294976,44.0,96.0,"Thu, Dec 15, 2005","Sun, Dec 25, 2005"
4116,Tri-Cities Regional Airport,BRISTOL,United States,TRI,KTRI,36.4752222,-82.4074167,1519,-5,A,"Bristol/Johnson City/Kingsport, TN",168,166,175,177,3.93452380952381,10.566265060240967,19.0,37.0,"Mon, Dec  5, 2005","Sat, Dec 10, 2005"
3855,Tulsa International,Tulsa,United States,TUL,KTUL,36.198389,-95.888111,677,-6,A,"Tulsa, OK",1835,1835,1863,1863,4.576566757493188,11.417983651226177,35.0,216.0,"Sun, Dec  4, 2005","Wed, Dec 14, 2005"
5773,Tupelo Regional Airport,Tupelo,United States,TUP,KTUP,34.2681,-88.7699,346,-6,A,"Tupelo, MS",91,89,93,93,3.7252747252747254,9.157303370786513,20.0,51.0,"Fri, Dec  2, 2005","Sun, Dec 25, 2005"
3636,Tucson International,Tucson,United States,TUS,KTUS,32.116083,-110.941028,2643,-7,N,"Tucson, AZ",1688,1695,1708,1709,4.399289099526068,10.100884955752194,39.0,89.0,"Wed, Dec 21, 2005","Sat, Dec 10, 2005"
4023,Cherry Capital Airport,Traverse City,United States,TVC,KTVC,44.741445,-85.582235,624,-5,A,"Traverse City, MI",210,208,222,221,3.828571428571424,17.245192307692307,11.0,216.0,"Sat, Dec  3, 2005","Thu, Dec  8, 2005"
4263,Magic Valley Regional Airport,Twin Falls,United States,TWF,KTWF,42.481803,-114.487733,4151,-7,A,"Twin Falls, ID",212,201,222,205,3.69811320754717,10.880597014925371,17.0,47.0,"Fri, Dec 30, 2005","Thu, Dec  1, 2005"
3770,Texarkana Regional-Webb Field,Texarkana,United States,TXK,KTXK,33.453722,-93.991028,390,-6,A,"Texarkana, AR",91,91,93,93,3.89010989010989,9.46153846153846,12.0,52.0,"Mon, Dec 26, 2005","Mon, Dec  5, 2005"
3848,Tyler Pounds Regional,Tyler,United States,TYR,KTYR,32.354139,-95.402386,544,-6,A,"Tyler, TX",243,244,247,249,5.382716049382718,8.745901639344263,21.0,32.0,"Mon, Dec 12, 2005","Thu, Dec  8, 2005"
3676,McGhee Tyson,Knoxville,United States,TYS,KTYS,35.810972,-83.994028,981,-5,A,"Knoxville, TN",956,953,972,970,4.063807531380759,14.412381951731374,41.0,73.0,"Wed, Dec 28, 2005","Sat, Dec 10, 2005"
5776,Valdosta Regional Airport,Valdosta,United States,VLD,KVLD,30.7825,-83.2767,203,-5,A,"Valdosta, GA",104,107,109,110,4.163461538461538,11.233644859813081,11.0,35.0,"Thu, Dec  1, 2005","Mon, Dec 12, 2005"
3873,Eglin AFB,Valparaiso,United States,VPS,KVPS,30.48325,-86.5254,87,-6,A,"Valparaiso, FL",483,483,490,492,6.55072463768116,13.372670807453416,23.0,88.0,"Tue, Dec  6, 2005","Sat, Dec 31, 2005"
5969,Wrangell Airport,Wrangell,United States,WRG,PAWG,56.4843,-132.37,44,-9,A,"Wrangell, AK",56,58,60,60,4.517857142857142,7.655172413793103,7.0,32.0,"Sun, Dec  4, 2005","Sun, Dec 11, 2005"
4356,NW Arkansas Regional,Bentonville,United States,XNA,KXNA,36.2818694,-94.3068111,1287,-6,A,"Fayetteville, AR",1012,1024,1074,1076,5.039525691699602,12.648437500000004,36.0,126.0,"Mon, Dec  5, 2005","Fri, Dec 30, 2005"
6803,Yakutat,Yakutat,United States,YAK,PAYA,59.3012,-139.3937,33,-9,A,"Yakutat, AK",58,60,60,60,4.948275862068964,7.016666666666667,7.0,38.0,"Mon, Dec  5, 2005","Sat, Dec 10, 2005"
3596,Yuma MCAS Yuma International,Yuma,United States,YUM,KYUM,32.656578,-114.60598,216,-7,N,"Yuma, AZ",90,90,91,91,3.2777777777777777,10.233333333333336,7.0,26.0,"Sun, Dec 11, 2005","Sun, Dec  4, 2005"
2883,Cyril E. King,St. Thomas,Virgin Islands,STT,TIST,18.337306,-64.973361,23,-4,U,"Charlotte Amalie, VI",281,282,284,286,4.523131672597869,12.539007092198581,13.0,52.0,"Sat, Dec 17, 2005","Fri, Dec 23, 2005"
2884,Henry E. Rohlsen,St. Croix Island,Virgin Islands,STX,TISX,17.701889,-64.798556,74,-4,U,"Christiansted, VI",45,45,45,45,3.688888888888889,12.311111111111112,13.0,28.0,"Tue, Dec 27, 2005","Wed, Dec 21, 2005"
2885,Rafael Hernndez,Aguadilla,Puerto Rico,BQN,TJBQ,18.494861,-67.129444,237,-4,U,"Aguadilla, PR",79,79,79,79,4.658227848101267,11.544303797468354,8.0,24.0,"Sat, Dec  3, 2005","Wed, Dec 14, 2005"
2889,Aeropuerto Mercedita,Ponce,Puerto Rico,PSE,TJPS,18.008306,-66.563028,29,-4,U,"Ponce, PR",31,31,31,31,4.225806451612903,11.612903225806452,5.0,26.0,"Fri, Dec  2, 2005","Fri, Dec 16, 2005"
2890,Luis Muoz Marn International,San Juan,Puerto Rico,SJU,TJSJ,18.439417,-66.001833,9,-4,U,"San Juan, PR",2236,2230,2249,2245,5.699910554561717,17.558295964125566,59.0,117.0,"Sat, Dec 17, 2005","Mon, Dec 26, 2005"
