airport_id,name,city,country,iata_faa,iaco,latitude,longitude,altitude,zone,dst,city_state,avg_able_landings,avg_able_takeoffs,total_landings,total_takeoffs,avg_taxi_in,avg_taxi_out,longest_taxi_in,longest_taxi_out,lng_tx_in_date,lng_tx_out_date
4355,Lehigh Valley International,Allentown,United States,ABE,KABE,40.652083,-75.440806,393,-5,A,"Allentown/Bethlehem/Easton, PA",360,359,376,376,4.444444444444444,12.774373259052929,19.0,91.0,"Sun, Aug 14, 2005","Wed, Aug 10, 2005"
3718,Abilene Regional,Abilene,United States,ABI,KABI,32.411319,-99.681897,1791,-6,A,"Abilene, TX",208,206,211,213,3.932692307692311,9.500000000000002,16.0,29.0,"Sat, Aug 20, 2005","Mon, Aug  8, 2005"
4019,Albuquerque International Sunport,Albuquerque,United States,ABQ,KABQ,35.0402222,-106.6091944,5355,-7,A,"Albuquerque, NM",3278,3272,3300,3296,4.821537522879812,10.310513447432749,33.0,85.0,"Fri, Aug 19, 2005","Tue, Aug  9, 2005"
5715,Southwest Georgia Regional Airport,Albany,United States,ABY,KABY,31.5355,-84.1945,197,-5,A,"Albany, GA",111,110,120,120,3.927927927927929,9.136363636363631,10.0,52.0,"Mon, Aug 15, 2005","Wed, Aug 10, 2005"
3517,Nantucket Memorial,Nantucket,United States,ACK,KACK,41.253053,-70.060181,48,-5,A,"Nantucket, MA",80,82,88,88,5.674999999999999,20.853658536585368,15.0,180.0,"Sun, Aug  7, 2005","Mon, Aug  8, 2005"
3700,Waco Regional,Waco,United States,ACT,KACT,31.611289,-97.230519,516,-6,A,"Waco, TX",207,206,212,212,5.198067632850238,9.893203883495154,35.0,41.0,"Tue, Aug  9, 2005","Sun, Aug 14, 2005"
4384,Arcata,Arcata CA,United States,ACV,KACV,40.978111,-124.108611,221,-8,A,"Arcata/Eureka, CA",330,335,345,356,3.639393939393939,8.295522388059707,13.0,41.0,"Tue, Aug  2, 2005","Mon, Aug  1, 2005"
3524,Atlantic City International,Atlantic City,United States,ACY,KACY,39.457583,-74.577167,75,-5,A,"Atlantic City, NJ",93,93,93,93,3.860215053763441,13.290322580645162,10.0,50.0,"Wed, Aug  3, 2005","Thu, Aug  4, 2005"
5959,Adak Airport,Adak Island,United States,ADK,PADK,51.878,-176.646,18,-10,A,"Adak Island, AK",8,8,8,8,4.0,7.25,5.0,11.0,"Sun, Aug 14, 2005","Sun, Aug 21, 2005"
3531,Kodiak,Kodiak,United States,ADQ,PADQ,57.749967,-152.493856,78,-9,A,"Kodiak, AK",59,59,62,62,3.5084745762711864,6.47457627118644,10.0,16.0,"Mon, Aug 15, 2005","Mon, Aug 15, 2005"
3852,Alexandria International,Alexandria,United States,AEX,KAEX,31.3274,-92.549833,89,-6,A,"Alexandria, LA",191,189,209,209,3.764397905759162,11.502645502645503,14.0,58.0,"Sat, Aug 27, 2005","Tue, Aug  2, 2005"
3658,Augusta Regional At Bush Field,Bush Field,United States,AGS,KAGS,33.369944,-81.9645,144,-5,A,"Augusta, GA",195,206,228,239,3.856410256410257,12.927184466019417,15.0,65.0,"Sun, Aug 21, 2005","Tue, Aug 23, 2005"
3794,King Salmon,King Salmon,United States,AKN,PAKN,58.676778,-156.649278,68,-9,A,"King Salmon, AK",52,52,56,56,3.3653846153846154,5.5576923076923075,6.0,32.0,"Wed, Aug 10, 2005","Tue, Aug 23, 2005"
3864,Albany International,Albany,United States,ALB,KALB,42.748267,-73.801692,285,-5,A,"Albany, NY",1735,1735,1748,1747,3.655331412103747,13.050144092219012,18.0,124.0,"Sun, Aug 14, 2005","Mon, Aug  8, 2005"
3840,Rick Husband Amarillo International,Amarillo,United States,AMA,KAMA,35.219369,-101.705931,3607,-6,A,"Amarillo, TX",701,699,725,726,3.9614835948644793,9.7653791130186,15.0,87.0,"Mon, Aug  1, 2005","Mon, Aug 15, 2005"
3774,Ted Stevens Anchorage International,Anchorage,United States,ANC,PANC,61.174361,-149.996361,152,-9,A,"Anchorage, AK",2290,2294,2328,2332,5.779475982532749,12.915867480383607,52.0,100.0,"Mon, Aug  8, 2005","Tue, Aug 23, 2005"
4012,Naples Municipal,Naples,United States,APF,KAPF,26.152619,-81.775294,8,-5,A,"Naples, FL",80,77,93,93,3.875,9.610389610389614,16.0,20.0,"Tue, Aug  9, 2005","Sat, Aug  6, 2005"
3682,Hartsfield Jackson Atlanta International,Atlanta,United States,ATL,KATL,33.636719,-84.428067,1026,-5,A,"Atlanta, GA",35793,36625,37886,38441,9.755035900874535,19.74673037542649,133.0,190.0,"Sun, Aug 14, 2005","Mon, Aug 29, 2005"
4047,Appleton,Appleton,United States,ATW,KATW,44.257526,-88.507576,680,-6,A,"Appleton, WI",199,186,208,192,4.6482412060301534,11.946236559139782,11.0,36.0,"Thu, Aug  4, 2005","Wed, Aug 24, 2005"
3673,Austin Bergstrom International,Austin,United States,AUS,KAUS,30.194528,-97.669889,542,-6,A,"Austin, TX",3651,3648,3697,3693,5.0128731854286555,11.381853070175449,63.0,138.0,"Mon, Aug 15, 2005","Sun, Aug 14, 2005"
4007,Asheville Regional Airport,Asheville,United States,AVL,KAVL,35.436194,-82.541806,2165,-5,A,"Asheville, NC",382,341,406,362,4.091623036649214,17.38416422287389,17.0,133.0,"Sat, Aug 13, 2005","Fri, Aug 19, 2005"
4286,Wilkes Barre Scranton International,Scranton,United States,AVP,KAVP,41.338478,-75.723403,962,-5,A,"Scranton/Wilkes-Barre, PA",192,176,208,192,3.6822916666666665,11.448863636363633,9.0,29.0,"Mon, Aug 15, 2005","Thu, Aug 11, 2005"
4039,Kalamazoo,Kalamazoo,United States,AZO,KAZO,42.234875,-85.552058,874,-5,A,"Kalamazoo, MI",346,344,357,356,4.228323699421967,11.020348837209305,15.0,64.0,"Fri, Aug 26, 2005","Thu, Aug  4, 2005"
3825,Bradley International,Windsor Locks,United States,BDL,KBDL,41.938889,-72.683222,173,-5,A,"Hartford, CT",3191,3189,3242,3240,4.829520526480724,14.149263091878339,46.0,249.0,"Sun, Aug 14, 2005","Thu, Aug 18, 2005"
3599,Bethel,Bethel,United States,BET,PABE,60.779778,-161.838,121,-9,A,"Bethel, AK",89,89,97,97,3.2247191011235956,10.21348314606742,7.0,32.0,"Thu, Aug 11, 2005","Tue, Aug  9, 2005"
3558,Meadows Field,Bakersfield,United States,BFL,KBFL,35.433598,-119.05677,507,-8,A,"Bakersfield, CA",400,399,402,402,4.982500000000004,8.090225563909776,15.0,66.0,"Sat, Aug 13, 2005","Mon, Aug  1, 2005"
4129,Greater Binghamton-Edwin A. Link Field,Binghamton,United States,BGM,KBGM,42.208689,-75.979839,1636,-5,A,"Binghamton, NY",91,91,93,93,4.164835164835165,11.725274725274724,15.0,29.0,"Fri, Aug 19, 2005","Wed, Aug  3, 2005"
3463,Bangor International,Bangor,United States,BGR,KBGR,44.807444,-68.828139,192,-5,A,"Bangor, ME",522,527,534,534,4.572796934865906,12.352941176470589,23.0,88.0,"Mon, Aug 15, 2005","Thu, Aug  4, 2005"
3811,Birmingham International,Birmingham,United States,BHM,KBHM,33.562942,-86.75355,644,-6,A,"Birmingham, AL",1829,1830,1910,1910,3.6817933296883565,11.8016393442623,24.0,188.0,"Thu, Aug 18, 2005","Sat, Aug 20, 2005"
4021,Billings Logan International Airport,Billings,United States,BIL,KBIL,45.80921,-108.537654,3652,-7,A,"Billings, MT",502,502,505,505,3.852589641434264,10.049800796812741,32.0,112.0,"Mon, Aug  8, 2005","Mon, Aug  8, 2005"
4083,Bismarck Municipal Airport,Bismarck,United States,BIS,KBIS,46.775842,-100.757931,1661,-6,A,"Bismarck/Mandan, ND",208,209,214,213,3.8365384615384617,10.46411483253589,20.0,60.0,"Mon, Aug 15, 2005","Fri, Aug 26, 2005"
4037,Central Illinois Regional,Bloomington,United States,BMI,KBMI,40.477111,-88.915917,871,-6,A,"Bloomington/Normal, IL",191,191,194,194,4.06282722513089,10.858638743455499,11.0,62.0,"Sat, Aug  6, 2005","Tue, Aug 16, 2005"
3690,Nashville International,Nashville,United States,BNA,KBNA,36.124472,-86.678194,599,-6,A,"Nashville, TN",5080,5095,5165,5165,5.196062992125989,11.639450441609418,67.0,134.0,"Wed, Aug 17, 2005","Sun, Aug 14, 2005"
3495,Boise Air Terminal,Boise,United States,BOI,KBOI,43.564361,-116.222861,2871,-7,A,"Boise, ID",1539,1544,1541,1545,4.180636777128003,10.410621761658035,21.0,79.0,"Sun, Aug  7, 2005","Wed, Aug  3, 2005"
3448,General Edward Lawrence Logan International,Boston,United States,BOS,KBOS,42.364347,-71.005181,19,-5,A,"Boston, MA",10650,10678,10990,11000,7.477840375586857,19.875351189361158,67.0,145.0,"Mon, Aug  1, 2005","Fri, Aug  5, 2005"
3612,Southeast Texas Regional,Beaumont,United States,BPT,KBPT,29.950833,-94.020694,15,-6,A,"Beaumont/Port Arthur, TX",29,29,31,31,4.793103448275861,15.758620689655173,12.0,26.0,"Fri, Aug 12, 2005","Fri, Aug 19, 2005"
5725,Brunswick Golden Isles Airport,Brunswick,United States,BQK,KBQK,31.2588,-81.4665,26,-5,A,"Brunswick, GA",107,104,116,116,3.794392523364486,8.92307692307693,8.0,50.0,"Wed, Aug 24, 2005","Fri, Aug  5, 2005"
3738,Brownsville South Padre Island International,Brownsville,United States,BRO,KBRO,25.906833,-97.425861,22,-6,A,"Brownsville, TX",156,156,159,159,5.92948717948718,19.275641025641026,11.0,123.0,"Fri, Aug 19, 2005","Sun, Aug 14, 2005"
3571,Wiley Post Will Rogers Memorial,Barrow,United States,BRW,PABR,71.285446,-156.766003,44,-9,A,"Barrow, AK",59,60,62,62,3.2711864406779663,5.049999999999999,5.0,10.0,"Wed, Aug 31, 2005","Tue, Aug 30, 2005"
4022,Bert Mooney Airport,Butte,United States,BTM,KBTM,45.954806,-112.497472,5550,-7,A,"Butte, MT",120,119,120,120,4.383333333333334,8.613445378151269,17.0,32.0,"Tue, Aug  9, 2005","Fri, Aug 19, 2005"
3846,Baton Rouge Metro-Ryan Field,Baton Rouge,United States,BTR,KBTR,30.533167,-91.149639,70,-6,A,"Baton Rouge, LA",830,825,908,900,4.5987951807228935,11.707878787878796,28.0,137.0,"Fri, Aug  5, 2005","Sun, Aug 14, 2005"
3711,Burlington International,Burlington,United States,BTV,KBTV,44.471861,-73.153278,335,-5,A,"Burlington, VT",844,842,859,860,4.120853080568725,14.538004750593824,30.0,88.0,"Sun, Aug 14, 2005","Tue, Aug 30, 2005"
3820,Buffalo Niagara International,Buffalo,United States,BUF,KBUF,42.940525,-78.732167,724,-5,A,"Buffalo, NY",2360,2349,2389,2372,4.610593220338978,12.378458918688805,83.0,144.0,"Sun, Aug 14, 2005","Sun, Aug 14, 2005"
3644,Bob Hope,Burbank,United States,BUR,KBUR,34.200667,-118.358667,778,-8,A,"Burbank, CA",2551,2555,2574,2579,2.873382987063896,11.404305283757328,28.0,86.0,"Sun, Aug 21, 2005","Wed, Aug  3, 2005"
3849,Baltimore Washington International,Baltimore,United States,BWI,KBWI,39.175361,-76.668333,146,-5,A,"Baltimore, MD",9108,9111,9213,9214,4.879336846728146,12.565141038305338,69.0,134.0,"Fri, Aug  5, 2005","Wed, Aug 24, 2005"
4020,Gallatin Field,Bozeman,United States,BZN,KBZN,45.777643,-111.160151,4500,-7,A,"Bozeman, MT",513,517,516,519,4.463937621832357,11.301740812379112,26.0,53.0,"Tue, Aug 30, 2005","Tue, Aug  9, 2005"
3561,Columbia Metropolitan,Colombia,United States,CAE,KCAE,33.938833,-81.119528,236,-5,A,"Columbia, SC",903,873,946,921,4.7486157253599,13.710194730813285,19.0,112.0,"Wed, Aug 10, 2005","Thu, Aug 18, 2005"
4112,Akron Canton Regional Airport,Akron,United States,CAK,KCAK,40.9160833,-81.4421944,1228,-5,A,"Akron, OH",881,878,911,904,4.809307604994333,11.362186788154894,21.0,58.0,"Sat, Aug 20, 2005","Sun, Aug 14, 2005"
3824,Cedar City Regional,Cedar City,United States,CDC,KCDC,37.700967,-113.098847,5622,-7,A,"Cedar City, UT",93,93,93,93,3.4731182795698925,9.032258064516133,6.0,44.0,"Tue, Aug  2, 2005","Tue, Aug  2, 2005"
3610,Merle K. Mudhole Smith,Cordova,United States,CDV,PACV,60.491778,-145.477556,48,-9,A,"Cordova, AK",62,62,62,62,4.064516129032257,6.806451612903226,6.0,29.0,"Sun, Aug 14, 2005","Mon, Aug  1, 2005"
5727,Del Norte County Airport,Crescent City,United States,CEC,KCEC,41.7802,-124.237,57,-8,A,"Crescent City, CA",79,79,83,85,2.5443037974683542,9.10126582278481,5.0,61.0,"Tue, Aug  2, 2005","Thu, Aug 18, 2005"
3578,Lovell Field,Chattanooga,United States,CHA,KCHA,35.035278,-85.203808,683,-5,A,"Chattanooga, TN",408,410,449,449,4.009803921568626,10.931707317073172,12.0,81.0,"Mon, Aug  1, 2005","Fri, Aug 26, 2005"
4015,Charlottesville-Albemarle,Charlottesville VA,United States,CHO,KCHO,38.138639,-78.452861,639,-5,A,"Charlottesville, VA",168,158,181,174,3.880952380952381,10.54430379746835,23.0,103.0,"Fri, Aug 12, 2005","Sun, Aug 28, 2005"
3806,Charleston AFB International,Charleston,United States,CHS,KCHS,32.898647,-80.040528,45,-5,A,"Charleston, SC",1282,1294,1321,1328,5.1981279251170065,13.12596599690881,37.0,190.0,"Thu, Aug 18, 2005","Tue, Aug 16, 2005"
3710,Chico Municipal,Chico,United States,CIC,KCIC,39.795383,-121.858422,238,-8,A,"Chico, CA",92,93,93,93,3.097826086956522,8.946236559139786,10.0,16.0,"Wed, Aug 10, 2005","Thu, Aug  4, 2005"
4043,Cedar Rapids,Cedar Rapids,United States,CID,KCID,41.884694,-91.710806,869,-6,A,"Cedar Rapids/Iowa City, IA",674,674,698,698,4.240356083086058,11.23145400593472,17.0,95.0,"Sun, Aug 28, 2005","Fri, Aug 26, 2005"
4088,McClellan-Palomar Airport,Carlsbad,United States,CLD,KCRQ,33.0742,-117.1648,328,-8,A,"Carlsbad, CA",181,181,186,186,3.3646408839779007,7.309392265193371,7.0,26.0,"Wed, Aug 10, 2005","Mon, Aug  1, 2005"
3486,Cleveland Hopkins International,Cleveland,United States,CLE,KCLE,41.411689,-81.849794,791,-5,A,"Cleveland, OH",7810,7840,7957,7942,6.181946222791291,16.61556122448983,41.0,114.0,"Sat, Aug 20, 2005","Fri, Aug 19, 2005"
3715,Easterwood Field,College Station,United States,CLL,KCLL,30.588583,-96.363833,321,-6,A,"College Station/Bryan, TX",235,236,240,240,5.548936170212762,10.754237288135593,30.0,29.0,"Wed, Aug 10, 2005","Mon, Aug  8, 2005"
3876,Charlotte Douglas International,Charlotte,United States,CLT,KCLT,35.214,-80.943139,748,-5,A,"Charlotte, NC",9977,9993,10192,10192,5.701914403127178,18.02381667167013,60.0,251.0,"Fri, Aug 12, 2005","Tue, Aug 16, 2005"
3759,Port Columbus International,Columbus,United States,CMH,KCMH,39.997972,-82.891889,815,-5,A,"Columbus, OH",3174,3181,3239,3242,4.563327032136101,12.368751964790942,39.0,144.0,"Fri, Aug  5, 2005","Sun, Aug 28, 2005"
4049,Champaign,Champaign,United States,CMI,KCMI,40.03925,-88.278056,754,-6,A,"Champaign/Urbana, IL",331,330,337,337,3.9063444108761343,11.945454545454545,12.0,109.0,"Sat, Aug  6, 2005","Thu, Aug 18, 2005"
4344,Yellowstone Regional,Cody,United States,COD,KCOD,44.520194,-109.023806,5102,-7,A,"Cody, WY",123,123,124,124,3.8048780487804876,9.609756097560973,10.0,24.0,"Tue, Aug 30, 2005","Thu, Aug 18, 2005"
3819,City Of Colorado Springs Municipal,Colorado Springs,United States,COS,KCOS,38.805805,-104.700778,6187,-7,A,"Colorado Springs, CO",1305,1318,1331,1328,6.098084291187737,14.111532625189684,34.0,86.0,"Wed, Aug 17, 2005","Sun, Aug 14, 2005"
3872,Natrona County International,Casper,United States,CPR,KCPR,42.908,-106.464417,5347,-7,A,"Casper, WY",334,335,339,337,3.4191616766467066,8.328358208955219,9.0,22.0,"Sun, Aug 28, 2005","Sat, Aug 13, 2005"
3744,Corpus Christi International,Corpus Christi,United States,CRP,KCRP,27.770361,-97.501222,44,-6,A,"Corpus Christi, TX",828,828,851,852,4.181159420289862,11.073671497584547,17.0,107.0,"Sat, Aug 27, 2005","Mon, Aug  8, 2005"
4285,Yeager,Charleston,United States,CRW,KCRW,38.373147,-81.593189,981,-5,A,"Charleston/Dunbar, WV",353,353,366,364,3.4277620396600565,10.742209631728047,16.0,35.0,"Thu, Aug 25, 2005","Tue, Aug  2, 2005"
4255,Columbus Metropolitan Airport,Columbus,United States,CSG,KCSG,32.5163333,-84.9388611,397,-5,A,"Columbus, GA",126,129,151,151,3.611111111111111,11.48062015503876,15.0,56.0,"Fri, Aug  5, 2005","Fri, Aug 12, 2005"
3488,Cincinnati Northern Kentucky International,Cincinnati,United States,CVG,KCVG,39.048836,-84.667822,896,-5,A,"Cincinnati, OH",18049,18377,18678,18848,4.912238905202527,15.840670403221411,66.0,174.0,"Tue, Aug 30, 2005","Sun, Aug 14, 2005"
3950,Daytona Beach International,Daytona Beach,United States,DAB,KDAB,29.179917,-81.058056,34,-5,A,"Daytona Beach, FL",339,338,358,357,3.8643067846607644,14.452662721893494,15.0,100.0,"Thu, Aug 25, 2005","Wed, Aug 24, 2005"
3502,Dallas Love Field,Dallas,United States,DAL,KDAL,32.847111,-96.851778,487,-6,A,"Dallas, TX",3509,3524,3663,3663,3.3077799943003683,10.121452894438109,25.0,106.0,"Thu, Aug  4, 2005","Mon, Aug 15, 2005"
3627,James M. Cox Dayton International,Dayton,United States,DAY,KDAY,39.902375,-84.219375,1009,-5,A,"Dayton, OH",1225,1216,1263,1252,4.985306122448983,14.352796052631573,20.0,172.0,"Fri, Aug 19, 2005","Thu, Aug 18, 2005"
4388,Dubuque Regional,Dubuque IA,United States,DBQ,KDBQ,42.402,-90.709472,1076,-6,A,"Dubuque, IA",121,123,123,124,3.760330578512397,9.54471544715447,10.0,99.0,"Thu, Aug 25, 2005","Mon, Aug  8, 2005"
3520,Ronald Reagan Washington National,Washington,United States,DCA,KDCA,38.852083,-77.037722,15,-5,A,"Washington, DC",8937,8939,9200,9202,4.837865055387727,16.163329231457674,68.0,202.0,"Mon, Aug  8, 2005","Mon, Aug  8, 2005"
3751,Denver International,Denver,United States,DEN,KDEN,39.861656,-104.673178,5431,-7,A,"Denver, CO",17645,17682,17827,17816,7.615075092094083,14.20393620631149,135.0,130.0,"Mon, Aug 29, 2005","Sun, Aug 14, 2005"
3670,Dallas Fort Worth International,Dallas-fort Worth,United States,DFW,KDFW,32.896828,-97.037997,607,-6,A,"Dallas/Fort Worth, TX",26513,26759,27451,27415,12.772903858484531,19.53735191898044,132.0,199.0,"Sun, Aug  7, 2005","Tue, Aug 23, 2005"
3739,Dothan Regional,Dothan,United States,DHN,KDHN,31.321339,-85.449628,401,-6,A,"Dothan, AL",159,158,181,182,4.0,10.41139240506329,19.0,56.0,"Mon, Aug 29, 2005","Tue, Aug  2, 2005"
3460,Dillingham,Dillingham,United States,DLG,PADL,59.044667,-158.5055,74,-9,A,"Dillingham, AK",35,35,35,35,2.2571428571428576,6.3428571428571425,4.0,19.0,"Fri, Aug 12, 2005","Thu, Aug  4, 2005"
3598,Duluth International,Duluth,United States,DLH,KDLH,46.842091,-92.193649,1428,-6,A,"Duluth, MN",88,88,89,89,4.704545454545456,10.80681818181818,10.0,74.0,"Sat, Aug 13, 2005","Mon, Aug  8, 2005"
3713,Durango La Plata County,Durango,United States,DRO,KDRO,37.151516,-107.75377,6685,-7,A,"Durango, CO",70,71,73,73,4.142857142857143,8.633802816901412,9.0,25.0,"Sun, Aug 14, 2005","Mon, Aug 15, 2005"
3729,Des Moines International,Des Moines,United States,DSM,KDSM,41.533972,-93.663083,958,-6,A,"Des Moines, IA",957,931,984,958,4.523510971786834,11.90440386680988,18.0,113.0,"Sun, Aug 14, 2005","Mon, Aug 15, 2005"
3645,Detroit Metro Wayne County,Detroit,United States,DTW,KDTW,42.212444,-83.353389,645,-5,A,"Detroit, MI",11533,11547,11896,11891,9.512269140726621,17.78358015068854,102.0,128.0,"Sat, Aug 20, 2005","Fri, Aug  5, 2005"
4250,Eagle County Regional,Vail,United States,EGE,KEGE,39.642556,-106.917694,6540,-7,A,"Eagle, CO",93,93,93,93,4.161290322580644,15.473118279569892,8.0,52.0,"Mon, Aug  8, 2005","Tue, Aug 16, 2005"
5736,Elko Regional Airport,Elko,United States,EKO,KEKO,40.8249,-115.792,5140,-8,A,"Elko, NV",171,171,173,174,3.970760233918128,7.918128654970761,7.0,21.0,"Wed, Aug 10, 2005","Tue, Aug  2, 2005"
3559,El Paso International,El Paso,United States,ELP,KELP,31.80725,-106.377583,3958,-7,A,"El Paso, TX",1950,1952,1971,1971,3.781538461538461,10.304303278688508,50.0,75.0,"Thu, Aug 11, 2005","Mon, Aug  8, 2005"
4276,Erie International-Tom Ridge Field,Erie,United States,ERI,KERI,42.082022,-80.176217,733,-5,A,"Erie, PA",93,91,93,93,3.763440860215054,13.219780219780223,13.0,66.0,"Fri, Aug 12, 2005","Fri, Aug 19, 2005"
4099,Mahlon Sweet Field,Eugene,United States,EUG,KEUG,44.124583,-123.211972,374,-8,A,"Eugene, OR",518,513,519,519,3.9671814671814674,8.5438596491228,12.0,39.0,"Sun, Aug 21, 2005","Mon, Aug  8, 2005"
4018,Evansville Regional,Evansville,United States,EVV,KEVV,38.036997,-87.532364,418,-6,A,"Evansville, IN",524,526,550,550,4.803435114503817,11.112167300380223,64.0,119.0,"Sun, Aug 28, 2005","Tue, Aug 23, 2005"
3494,Newark Liberty International,Newark,United States,EWR,KEWR,40.6925,-74.168667,18,-5,A,"Newark, NJ",13376,13436,13850,13849,9.305846291866057,29.37756772849062,80.0,294.0,"Sat, Aug 20, 2005","Mon, Aug  8, 2005"
3875,Key West International,Key West,United States,EYW,KEYW,24.556111,-81.759556,3,-5,A,"Key West, FL",84,55,94,57,4.2023809523809526,10.545454545454545,41.0,25.0,"Mon, Aug 15, 2005","Mon, Aug 15, 2005"
3832,Fairbanks International,Fairbanks,United States,FAI,PAFA,64.815114,-147.856267,434,-9,A,"Fairbanks, AK",572,569,580,580,4.089160839160839,10.360281195079084,19.0,36.0,"Mon, Aug 15, 2005","Mon, Aug 22, 2005"
4292,Hector International Airport,Fargo,United States,FAR,KFAR,46.92065,-96.8157639,902,-6,A,"Fargo, ND",342,341,360,360,4.707602339181291,10.40762463343108,12.0,120.0,"Thu, Aug 18, 2005","Thu, Aug 25, 2005"
3687,Fresno Yosemite International,Fresno,United States,FAT,KFAT,36.776194,-119.71814,336,-8,A,"Fresno, CA",1219,1214,1228,1228,4.175553732567679,8.71416803953871,72.0,41.0,"Tue, Aug 30, 2005","Sun, Aug 14, 2005"
5738,Fayetteville Regional-Grannis Field,Fayetteville,United States,FAY,KFAY,34.9912,-78.8803,189,-5,A,"Fayetteville, NC",119,119,124,124,4.050420168067228,9.899159663865547,10.0,28.0,"Mon, Aug 22, 2005","Sat, Aug  6, 2005"
4127,Glacier Park International,Kalispell,United States,FCA,KFCA,48.310472,-114.256,2977,-7,A,"Kalispell, MT",338,339,339,339,5.281065088757393,10.185840707964607,63.0,44.0,"Sat, Aug 20, 2005","Sat, Aug  6, 2005"
3533,Fort Lauderdale Hollywood International,Fort Lauderdale,United States,FLL,KFLL,26.072583,-80.15275,9,-5,A,"Fort Lauderdale, FL",5499,5506,5674,5675,4.162211311147483,16.554849255357837,79.0,175.0,"Thu, Aug  4, 2005","Thu, Aug 18, 2005"
3879,Florence Regional,Florence,United States,FLO,KFLO,34.185361,-79.723889,146,-5,A,"Florence, SC",79,78,89,89,5.000000000000002,10.666666666666666,15.0,75.0,"Wed, Aug 24, 2005","Fri, Aug 12, 2005"
4089,Bishop International,Flint,United States,FNT,KFNT,42.965424,-83.743629,782,-5,A,"Flint, MI",594,570,612,585,4.2895622895622925,10.049122807017543,18.0,41.0,"Mon, Aug 29, 2005","Thu, Aug 25, 2005"
4009,Sioux Falls,Sioux Falls,United States,FSD,KFSD,43.582014,-96.741914,1429,-6,A,"Sioux Falls, SD",339,338,345,344,4.9941002949852535,11.00591715976331,15.0,48.0,"Sat, Aug 27, 2005","Wed, Aug  3, 2005"
3437,Fort Smith Regional,Fort Smith,United States,FSM,KFSM,35.336583,-94.367444,469,-6,A,"Fort Smith, AR",173,176,181,182,4.803468208092487,9.926136363636367,15.0,78.0,"Sat, Aug 13, 2005","Sun, Aug 14, 2005"
4041,Fort Wayne,Fort Wayne,United States,FWA,KFWA,40.978472,-85.195139,815,-5,A,"Fort Wayne, IN",522,522,553,551,3.994252873563228,10.898467432950188,15.0,92.0,"Thu, Aug  4, 2005","Thu, Aug  4, 2005"
3467,Spokane International,Spokane,United States,GEG,KGEG,47.619861,-117.533833,2376,-8,A,"Spokane, WA",1219,1219,1222,1223,4.2346185397867115,9.8589007383101,25.0,44.0,"Thu, Aug 18, 2005","Tue, Aug 16, 2005"
3442,Grand Forks International,Grand Forks,United States,GFK,KGFK,47.949256,-97.176111,845,-6,A,"Grand Forks, ND",82,81,87,87,4.097560975609754,9.370370370370374,7.0,101.0,"Sun, Aug 21, 2005","Fri, Aug 26, 2005"
3465,East Texas Regional,Longview,United States,GGG,KGGG,32.384014,-94.711486,365,-6,A,"Longview, TX",93,94,93,94,6.494623655913981,10.148936170212767,12.0,132.0,"Sun, Aug 14, 2005","Sat, Aug 27, 2005"
4063,Grand Junction Regional,Grand Junction,United States,GJT,KGJT,39.122413,-108.526735,4858,-7,A,"Grand Junction, CO",355,354,357,356,2.9971830985915493,8.101694915254233,11.0,25.0,"Wed, Aug 10, 2005","Sat, Aug 13, 2005"
3472,Gainesville Regional,Gainesville,United States,GNV,KGNV,29.690056,-82.271778,152,-5,A,"Gainesville, FL",184,165,217,200,3.608695652173913,10.424242424242424,17.0,29.0,"Fri, Aug 26, 2005","Mon, Aug  8, 2005"
4038,Gulfport-Biloxi,Gulfport,United States,GPT,KGPT,30.407278,-89.070111,28,-6,A,"Gulfport/Biloxi, MS",463,449,527,510,5.172786177105835,12.33184855233853,43.0,63.0,"Wed, Aug 10, 2005","Tue, Aug 23, 2005"
3653,Austin Straubel International,Green Bay,United States,GRB,KGRB,44.485072,-88.129589,695,-6,A,"Green Bay, WI",573,571,591,592,4.900523560209426,10.313485113835373,37.0,68.0,"Mon, Aug  1, 2005","Mon, Aug  8, 2005"
3775,Robert Gray AAF,Killeen,United States,GRK,KGRK,31.06725,-97.828917,1015,-6,A,"Killeen, TX",432,433,457,457,4.317129629629629,12.505773672055419,25.0,138.0,"Fri, Aug 26, 2005","Mon, Aug 15, 2005"
3685,Gerald R. Ford International,Grand Rapids,United States,GRR,KGRR,42.880833,-85.522806,794,-5,A,"Grand Rapids, MI",1337,1325,1367,1358,4.236350037397164,12.837735849056603,27.0,197.0,"Mon, Aug 15, 2005","Mon, Aug  8, 2005"
4008,Piedmont Triad,Greensboro,United States,GSO,KGSO,36.09775,-79.937306,925,-5,A,"Greensboro/High Point, NC",1601,1602,1673,1676,4.630855715178014,15.996254681647914,36.0,106.0,"Tue, Aug 16, 2005","Thu, Aug 18, 2005"
4034,Greenville-Spartanburg International,Greenville,United States,GSP,KGSP,34.895556,-82.218889,964,-5,A,"Greer, SC",1107,1088,1159,1136,3.7506775067750677,13.782169117647058,21.0,147.0,"Mon, Aug 15, 2005","Wed, Aug 31, 2005"
5960,Gustavus Airport,Gustavus,United States,GST,PAGS,58.4253,-135.707,34,-9,A,"Gustavus, AK",31,31,31,31,4.516129032258065,6.838709677419355,7.0,22.0,"Mon, Aug  1, 2005","Thu, Aug 25, 2005"
3880,Great Falls International,Great Falls,United States,GTF,KGTF,47.482,-111.370689,3677,-7,A,"Great Falls, MT",361,363,364,365,4.166204986149577,8.652892561983476,13.0,67.0,"Sun, Aug 21, 2005","Tue, Aug  9, 2005"
4273,Golden Triangle Regional Airport,Columbus Mississippi,United States,GTR,KGTR,33.450333,-88.591361,264,-6,A,"Columbus, MS",97,97,120,120,4.659793814432991,9.474226804123706,20.0,32.0,"Mon, Aug  8, 2005","Tue, Aug 23, 2005"
4339,Yampa Valley,Hayden,United States,HDN,KHDN,40.481181,-107.21766,6602,-7,A,"Hayden, CO",29,30,29,30,4.206896551724139,14.8,7.0,31.0,"Mon, Aug 29, 2005","Sun, Aug 14, 2005"
3547,Hickory Regional,Hickory,United States,HKY,KHKY,35.741147,-81.38955,1189,-5,A,"Hickory, NC",90,90,93,93,4.122222222222224,13.088888888888889,9.0,125.0,"Fri, Aug 12, 2005","Thu, Aug 18, 2005"
3504,Helena Regional,Helena,United States,HLN,KHLN,46.606806,-111.98275,3877,-7,A,"Helena, MT",209,207,214,212,3.574162679425837,8.1207729468599,7.0,25.0,"Mon, Aug  8, 2005","Thu, Aug 11, 2005"
3728,Honolulu International,Honolulu,United States,HNL,PHNL,21.318681,-157.922428,13,-10,N,"Honolulu, HI",3367,3365,3375,3375,4.873477873477887,13.728974739970251,32.0,43.0,"Tue, Aug  9, 2005","Fri, Aug 26, 2005"
3566,William P. Hobby,Houston,United States,HOU,KHOU,29.645419,-95.278889,46,-6,A,"Houston, TX",4795,4828,5002,4974,4.3904066736183545,9.9291632145816,42.0,126.0,"Sun, Aug 14, 2005","Mon, Aug  8, 2005"
3589,Westchester County,White Plains,United States,HPN,KHPN,41.066959,-73.707575,439,-5,A,"White Plains, NY",502,491,518,505,5.968127490039846,19.515274949083494,39.0,148.0,"Sun, Aug 14, 2005","Wed, Aug 10, 2005"
3560,Valley International,Harlingen,United States,HRL,KHRL,26.2285,-97.654389,36,-6,A,"Harlingen/San Benito, TX",505,506,510,510,2.6653465346534655,9.618577075098813,48.0,70.0,"Sat, Aug  6, 2005","Tue, Aug  2, 2005"
4113,Huntsville International Airport-Carl T. Jones Field,Huntsville,United States,HSV,KHSV,34.6371944,-86.7750556,629,-6,A,"Huntsville, AL",1016,1006,1060,1060,5.021653543307085,11.880715705765398,14.0,106.0,"Mon, Aug 22, 2005","Thu, Aug 11, 2005"
5742,TriState-Milton J. Ferguson Field,Huntington,United States,HTS,KHTS,38.3667,-82.558,828,-5,A,"Ashland, WV",98,118,104,124,3.510204081632653,10.389830508474576,12.0,31.0,"Sun, Aug 28, 2005","Fri, Aug 26, 2005"
4006,Tweed-New Haven Airport,New Haven,United States,HVN,KHVN,41.26375,-72.886806,14,-5,A,"New Haven, CT",87,87,89,89,3.5517241379310347,10.011494252873561,7.0,28.0,"Sat, Aug  6, 2005","Fri, Aug  5, 2005"
3714,Washington Dulles International,Washington,United States,IAD,KIAD,38.944533,-77.455811,313,-5,A,"Washington, DC",10776,10798,11064,11070,6.217613214550832,20.10409335062046,106.0,212.0,"Fri, Aug 26, 2005","Tue, Aug 16, 2005"
3550,George Bush Intercontinental Houston,Houston,United States,IAH,KIAH,29.984433,-95.341442,97,-6,A,"Houston, TX",18237,18337,18664,18653,8.749300871853945,23.656432349893716,129.0,226.0,"Thu, Aug 25, 2005","Mon, Aug 29, 2005"
3457,Wichita Mid Continent,Wichita,United States,ICT,KICT,37.649944,-97.433056,1333,-6,A,"Wichita, KS",805,796,825,812,4.486956521739139,12.844221105527634,31.0,134.0,"Mon, Aug  8, 2005","Thu, Aug  4, 2005"
4100,Idaho Falls Regional,Idaho Falls,United States,IDA,KIDA,43.514556,-112.07075,4744,-7,A,"Idaho Falls, ID",274,274,275,275,3.8905109489051095,8.072992700729927,7.0,17.0,"Fri, Aug  5, 2005","Tue, Aug 23, 2005"
3845,Wilmington International,Wilmington,United States,ILM,KILM,34.270615,-77.902569,32,-5,A,"Wilmington, NC",378,368,387,380,4.714285714285711,9.350543478260876,36.0,90.0,"Mon, Aug  8, 2005","Sat, Aug 13, 2005"
3585,Indianapolis International,Indianapolis,United States,IND,KIND,39.717331,-86.294383,797,-5,A,"Indianapolis, IN",3773,3780,3829,3831,8.199575934269808,13.793121693121682,50.0,160.0,"Wed, Aug 10, 2005","Mon, Aug  8, 2005"
3689,Imperial County,Imperial,United States,IPL,KIPL,32.834219,-115.578744,-54,-8,A,"El Centro, CA",62,62,62,62,4.161290322580647,12.612903225806452,11.0,41.0,"Mon, Aug  8, 2005","Mon, Aug 22, 2005"
7522,Kinston Regional Jetport,Kinston,United States,ISO,KISO,35.331389,-77.608889,94,7,A,"Kinston, NC",58,56,64,62,4.017241379310344,7.875000000000002,9.0,14.0,"Sat, Aug  6, 2005","Tue, Aug  2, 2005"
3857,Long Island MacArthur,Islip,United States,ISP,KISP,40.79525,-73.100222,99,-5,A,"Islip, NY",1104,1100,1123,1116,4.191123188405797,10.700909090909088,22.0,106.0,"Fri, Aug 19, 2005","Tue, Aug 16, 2005"
3415,Hilo International,Hilo,United States,ITO,PHTO,19.721375,-155.048469,38,-10,N,"Hilo, HI",244,244,244,244,4.540983606557373,5.266393442622951,6.0,8.0,"Mon, Aug 15, 2005","Tue, Aug 30, 2005"
7120,Inyokern Airport,Inyokern,United States,IYK,KIYK,35.658889,-117.829444,2455,-8,A,"Inyokern, CA",92,92,93,93,3.4347826086956523,9.402173913043475,12.0,18.0,"Mon, Aug 22, 2005","Wed, Aug  3, 2005"
4027,Jackson Hole Airport,Jacksn Hole,United States,JAC,KJAC,43.60733333,-110.73775,6451,-7,A,"Jackson, WY",397,398,400,400,3.5994962216624673,13.831658291457286,71.0,92.0,"Wed, Aug 10, 2005","Fri, Aug 19, 2005"
3580,Jackson Evers International,Jackson,United States,JAN,KJAN,32.311167,-90.075889,346,-6,A,"Jackson/Vicksburg, MS",873,869,967,967,4.312714776632315,10.753739930955117,32.0,90.0,"Wed, Aug  3, 2005","Sun, Aug  7, 2005"
3712,Jacksonville International,Jacksonville,United States,JAX,KJAX,30.494056,-81.687861,30,-5,A,"Jacksonville, FL",2588,2591,2625,2625,5.054482225656878,12.603241991509062,54.0,183.0,"Tue, Aug  9, 2005","Sun, Aug 14, 2005"
3797,John F. Kennedy International,New York,United States,JFK,KJFK,40.639751,-73.778925,13,-5,A,"New York, NY",9053,9092,9251,9248,10.419308516513908,31.180598328200603,162.0,277.0,"Sat, Aug 27, 2005","Sun, Aug 14, 2005"
3492,Juneau International,Juneau,United States,JNU,PAJN,58.354972,-134.576278,21,-9,A,"Juneau, AK",559,561,562,562,4.477638640429344,12.096256684491978,20.0,39.0,"Fri, Aug 19, 2005","Wed, Aug 24, 2005"
3514,Kona International At Keahole,Kona,United States,KOA,PHKO,19.738767,-156.045631,47,-10,N,"Kona, HI",632,633,632,633,4.009493670886076,7.939968404423373,8.0,37.0,"Sun, Aug 21, 2005","Wed, Aug 24, 2005"
3808,Ketchikan International,Ketchikan,United States,KTN,PAKT,55.355556,-131.71375,88,-9,A,"Ketchikan, AK",275,276,279,279,5.236363636363637,10.413043478260873,33.0,31.0,"Fri, Aug 12, 2005","Mon, Aug  8, 2005"
3544,Capital City,Lansing,United States,LAN,KLAN,42.7787,-84.587357,861,-5,A,"Lansing, MI",283,281,292,291,4.063604240282684,9.583629893238427,8.0,92.0,"Sat, Aug 27, 2005","Fri, Aug  5, 2005"
3877,McCarran International,Las Vegas,United States,LAS,KLAS,36.080056,-115.15225,2141,-8,A,"Las Vegas, NV",14400,14403,14514,14508,6.492083333333324,16.36228563493713,200.0,120.0,"Tue, Aug 30, 2005","Sun, Aug 14, 2005"
4256,Lawton-Fort Sill Regional Airport,Lawton,United States,LAW,KLAW,34.5677144,-98.4166367,1110,-6,A,"Lawton/Fort Sill, OK",180,181,186,186,5.805555555555553,9.966850828729282,14.0,50.0,"Wed, Aug 31, 2005","Sat, Aug  6, 2005"
3484,Los Angeles International,Los Angeles,United States,LAX,KLAX,33.942536,-118.408075,126,-8,A,"Los Angeles, CA",20070,20093,20290,20274,7.647483806676635,14.363410142835871,95.0,144.0,"Sat, Aug 13, 2005","Tue, Aug 30, 2005"
3829,Lubbock Preston Smith International,Lubbock,United States,LBB,KLBB,33.663639,-101.822778,3282,-6,A,"Lubbock, TX",834,832,850,849,3.232613908872901,9.79687499999999,15.0,142.0,"Fri, Aug  5, 2005","Sun, Aug 14, 2005"
3513,Lake Charles Regional,Lake Charles,United States,LCH,KLCH,30.126112,-93.223335,15,-6,A,"Lake Charles, LA",114,114,116,116,5.5175438596491215,17.254385964912288,11.0,53.0,"Tue, Aug  2, 2005","Tue, Aug 16, 2005"
4017,Blue Grass,Lexington KY,United States,LEX,KLEX,38.0365,-84.605889,979,-5,A,"Lexington, KY",930,929,991,977,4.5279569892473095,12.480086114101185,23.0,193.0,"Mon, Aug  8, 2005","Thu, Aug 11, 2005"
3493,Lafayette Regional,Lafayette,United States,LFT,KLFT,30.205278,-91.987611,43,-6,A,"Lafayette, LA",323,317,349,342,4.947368421052631,14.574132492113565,14.0,183.0,"Mon, Aug 15, 2005","Tue, Aug  9, 2005"
3697,LaGuardia Airport,New York,United States,LGA,KLGA,40.777245,-73.872608,22,-5,A,"New York, NY",10559,10596,11036,11032,8.070840041670598,26.45970177425441,198.0,328.0,"Sun, Aug 14, 2005","Sun, Aug 14, 2005"
3582,Long Beach,Long Beach,United States,LGB,KLGB,33.817722,-118.151611,60,-8,A,"Long Beach, CA",981,982,985,986,4.813455657492351,12.904276985743378,31.0,50.0,"Mon, Aug 15, 2005","Sun, Aug 14, 2005"
3602,Lihue,Lihue,United States,LIH,PHLI,21.975983,-159.338958,153,-10,N,"Lihue, HI",689,690,689,690,5.332365747460088,4.9565217391304355,30.0,29.0,"Sat, Aug  6, 2005","Sun, Aug 14, 2005"
3660,Adams Field,Little Rock,United States,LIT,KLIT,34.729444,-92.224306,262,-6,A,"Little Rock, AR",1690,1691,1724,1724,5.15976331360947,11.872856298048495,35.0,147.0,"Fri, Aug 19, 2005","Mon, Aug 15, 2005"
3543,Lincoln,Lincoln,United States,LNK,KLNK,40.850971,-96.75925,1219,-6,A,"Lincoln, NE",147,147,148,148,4.122448979591837,9.408163265306126,12.0,58.0,"Wed, Aug  3, 2005","Wed, Aug  3, 2005"
3691,Laredo International,Laredo,United States,LRD,KLRD,27.54375,-99.461556,508,-6,A,"Laredo, TX",242,243,250,250,3.289256198347107,10.979423868312757,13.0,104.0,"Tue, Aug 23, 2005","Mon, Aug  8, 2005"
4044,LaCrosse Municipal,LaCrosse,United States,LSE,KLSE,43.878986,-91.256711,654,-6,A,"La Crosse, WI",129,128,135,134,3.449612403100775,9.601562500000004,9.0,25.0,"Thu, Aug 18, 2005","Thu, Aug 11, 2005"
6958,Greenbrier Valley Airport,Lewisburg,United States,LWB,KLWB,37.858333,-80.399444,2302,-5,U,"Lewisburg, WV",31,31,31,31,4.000000000000001,9.387096774193548,7.0,22.0,"Mon, Aug 22, 2005","Sun, Aug 21, 2005"
3945,Lewiston Nez Perce County,Lewiston,United States,LWS,KLWS,46.3745,-117.015389,1442,-8,A,"Lewiston, ID",62,61,62,61,4.790322580645162,9.704918032786889,10.0,25.0,"Sat, Aug  6, 2005","Sun, Aug 21, 2005"
5753,Lynchburg Regional-Preston Glenn Field,Lynchburg,United States,LYH,KLYH,37.3267,-79.2004,938,-5,A,"Lynchburg, VA",84,74,88,81,3.261904761904762,10.256756756756756,13.0,57.0,"Wed, Aug 24, 2005","Sat, Aug 13, 2005"
3652,Midland International,Midland,United States,MAF,KMAF,31.942528,-102.201914,2871,-6,A,"Midland/Odessa, TX",683,685,700,699,2.9238653001464114,9.29489051094891,18.0,114.0,"Thu, Aug  4, 2005","Mon, Aug  8, 2005"
4128,MBS International,Saginaw,United States,MBS,KMBS,43.532913,-84.079647,668,-5,A,"Saginaw/Bay City/Midland, MI",198,197,203,203,4.318181818181818,10.90355329949239,8.0,49.0,"Thu, Aug 18, 2005","Wed, Aug 10, 2005"
3458,Kansas City International,Kansas City,United States,MCI,KMCI,39.297606,-94.713905,1026,-6,A,"Kansas City, MO",4892,4915,4956,4971,4.555805396565811,11.448219735503532,42.0,144.0,"Thu, Aug  4, 2005","Tue, Aug 23, 2005"
3754,Middle Georgia Regional,Macon,United States,MCN,KMCN,32.69285,-83.649211,354,-5,A,"Macon, GA",81,82,89,89,3.7777777777777777,11.256097560975604,13.0,39.0,"Mon, Aug 15, 2005","Mon, Aug  8, 2005"
3878,Orlando International,Orlando,United States,MCO,KMCO,28.429394,-81.308994,96,-5,A,"Orlando, FL",9860,9889,10000,10001,6.260750507099393,13.248053392658518,115.0,165.0,"Sat, Aug 13, 2005","Sun, Aug 14, 2005"
3542,Harrisburg International,Harrisburg,United States,MDT,KMDT,40.193494,-76.763403,310,-5,A,"Harrisburg, PA",659,643,670,655,4.68740515933232,13.763608087091757,15.0,99.0,"Mon, Aug 15, 2005","Thu, Aug 18, 2005"
3747,Chicago Midway International,Chicago,United States,MDW,KMDW,41.785972,-87.752417,620,-6,A,"Chicago, IL",8554,8559,8621,8621,4.667056347907398,12.953031896249563,58.0,146.0,"Mon, Aug  1, 2005","Sun, Aug 14, 2005"
4335,Key Field,Meridian,United States,MEI,KMEI,32.332624,-88.751868,297,-6,A,"Meridian, MS",100,94,119,105,4.939999999999999,11.819148936170214,59.0,39.0,"Tue, Aug 23, 2005","Sun, Aug 21, 2005"
3473,Memphis International,Memphis,United States,MEM,KMEM,35.042417,-89.976667,341,-6,A,"Memphis, TN",4072,4054,4193,4170,5.786345776031438,16.134435125801716,85.0,91.0,"Sat, Aug  6, 2005","Tue, Aug 23, 2005"
3826,McAllen Miller International,Mcallen,United States,MFE,KMFE,26.175833,-98.238611,107,-6,A,"Mission/McAllen/Edinburg, TX",334,334,335,335,4.19161676646707,10.889221556886227,11.0,193.0,"Mon, Aug 15, 2005","Sun, Aug 14, 2005"
4101,Rogue Valley International Medford,Medford,United States,MFR,KMFR,42.374228,-122.8735,1335,-8,A,"Medford, OR",512,512,515,515,3.4882812499999996,8.345703124999993,50.0,33.0,"Sun, Aug  7, 2005","Sat, Aug 27, 2005"
4115,Montgomery Regional Airport ,MONTGOMERY,United States,MGM,KMGM,32.3006389,-86.3939722,221,-6,A,"Montgomery, AL",300,283,340,321,3.8833333333333324,14.088339222614843,16.0,101.0,"Sun, Aug  7, 2005","Wed, Aug 10, 2005"
4011,Manchester Regional Airport,Manchester NH,United States,MHT,KMHT,42.932556,-71.435667,266,-5,A,"Manchester, NH",2167,2164,2187,2190,4.312413474850023,12.960720887245836,40.0,139.0,"Fri, Aug 19, 2005","Sat, Aug 20, 2005"
3576,Miami International,Miami,United States,MIA,KMIA,25.79325,-80.290556,8,-5,A,"Miami, FL",5380,5401,5643,5648,8.719516728624532,17.35104610257358,136.0,168.0,"Sun, Aug  7, 2005","Sat, Aug 20, 2005"
3717,General Mitchell International,Milwaukee,United States,MKE,KMKE,42.947222,-87.896583,723,-6,A,"Milwaukee, WI",1838,1834,1862,1864,4.817192600652891,14.28680479825518,23.0,211.0,"Mon, Aug 29, 2005","Sun, Aug 14, 2005"
3671,Melbourne International,Melbourne,United States,MLB,KMLB,28.102753,-80.645258,33,-5,A,"Melbourne, FL",359,358,372,371,4.866295264623957,12.812849162011172,15.0,100.0,"Tue, Aug  9, 2005","Sun, Aug 14, 2005"
4072,Quad City International,Moline,United States,MLI,KMLI,41.448528,-90.507539,590,-6,A,"Moline, IL",438,435,441,440,4.210045662100454,11.057471264367818,21.0,108.0,"Mon, Aug 29, 2005","Thu, Aug 11, 2005"
3732,Monroe Regional,Monroe,United States,MLU,KMLU,32.510864,-92.037689,79,-6,A,"Monroe, LA",145,145,151,151,4.213793103448273,10.234482758620695,20.0,48.0,"Fri, Aug 12, 2005","Fri, Aug 12, 2005"
3782,Mobile Regional,Mobile,United States,MOB,KMOB,30.691231,-88.242814,219,-6,A,"Mobile, AL",422,423,483,483,4.694312796208532,11.81560283687944,27.0,92.0,"Mon, Aug 22, 2005","Thu, Aug 18, 2005"
3816,Modesto City County Harry Sham,Modesto,United States,MOD,KMOD,37.625817,-120.954422,97,-8,A,"Modesto, CA",118,118,124,124,2.754237288135594,8.483050847457626,5.0,21.0,"Sat, Aug 13, 2005","Tue, Aug 16, 2005"
3498,Minot International,Minot,United States,MOT,KMOT,48.259378,-101.280333,1716,-6,A,"Minot, ND",93,93,93,93,5.279569892473118,9.032258064516132,14.0,21.0,"Tue, Aug 30, 2005","Fri, Aug 19, 2005"
6838,Sawyer International Airport,Marquette,United States,MQT,KMQT,46.353611,-87.395278,1221,-5,A,"Marquette, MI",89,88,89,89,5.4606741573033695,8.511363636363633,17.0,25.0,"Fri, Aug 26, 2005","Fri, Aug 26, 2005"
3948,Monterey Peninsula,Monterey,United States,MRY,KMRY,36.587,-121.842944,257,-8,A,"Monterey, CA",644,642,648,651,3.3944099378881987,9.602803738317759,19.0,44.0,"Sat, Aug  6, 2005","Wed, Aug 24, 2005"
3459,Dane County Regional-Truax Field,Madison,United States,MSN,KMSN,43.139858,-89.337514,887,-6,A,"Madison, WI",827,825,840,840,4.094316807738821,12.284848484848487,65.0,125.0,"Sat, Aug 13, 2005","Fri, Aug 19, 2005"
4216,Missoula International,Missoula,United States,MSO,KMSO,46.916306,-114.090556,3205,-7,A,"Missoula, MT",417,416,419,419,5.383693045563547,9.490384615384615,17.0,48.0,"Mon, Aug  8, 2005","Tue, Aug 23, 2005"
3858,Minneapolis St. Paul International,Minneapolis,United States,MSP,KMSP,44.881956,-93.221767,841,-6,A,"Minneapolis, MN",12085,12141,12454,12424,7.29846917666529,19.17453257557034,116.0,189.0,"Tue, Aug  9, 2005","Sun, Aug 14, 2005"
3861,Louis Armstrong New Orleans International,New Orleans,United States,MSY,KMSY,29.993389,-90.258028,4,-6,A,"New Orleans, LA",3902,3936,4500,4505,4.4882111737570325,10.391768292682938,25.0,142.0,"Tue, Aug  9, 2005","Thu, Aug 18, 2005"
6880,Montrose Regional Airport,Montrose CO,United States,MTJ,KMTJ,38.509794,-107.894242,5759,-7,A,"Montrose/Delta, CO",247,247,248,248,3.76923076923077,11.133603238866401,10.0,41.0,"Sat, Aug  6, 2005","Wed, Aug 10, 2005"
3515,Myrtle Beach International,Myrtle Beach,United States,MYR,KMYR,33.67975,-78.928333,25,-5,A,"Myrtle Beach, SC",724,726,747,747,4.513812154696142,11.860881542699724,30.0,95.0,"Sat, Aug  6, 2005","Sun, Aug 14, 2005"
3453,Metropolitan Oakland International,Oakland,United States,OAK,KOAK,37.721278,-122.220722,9,-8,A,"Oakland, CA",6125,6124,6169,6169,5.2217142857143015,10.838830829523179,55.0,99.0,"Sun, Aug 14, 2005","Tue, Aug 16, 2005"
3456,Kahului,Kahului,United States,OGG,PHOG,20.89865,-156.430458,54,-10,N,"Kahului, HI",1372,1375,1376,1378,4.911078717201171,8.931636363636358,29.0,62.0,"Tue, Aug 16, 2005","Mon, Aug 29, 2005"
3863,Will Rogers World,Oklahoma City,United States,OKC,KOKC,35.393089,-97.600733,1295,-6,A,"Oklahoma City, OK",1770,1747,1785,1764,4.651412429378517,11.367487120778469,35.0,104.0,"Wed, Aug 17, 2005","Thu, Aug 18, 2005"
3454,Eppley Airfield,Omaha,United States,OMA,KOMA,41.303167,-95.894069,984,-6,A,"Omaha, NE",2070,2072,2099,2114,4.025603864734307,11.861969111969115,31.0,164.0,"Tue, Aug  9, 2005","Thu, Aug 18, 2005"
3615,Nome,Nome,United States,OME,PAOM,64.512203,-165.445247,37,-9,A,"Nome, AK",84,85,93,93,3.4523809523809526,6.929411764705883,5.0,22.0,"Tue, Aug 23, 2005","Wed, Aug 10, 2005"
3734,Ontario International,Ontario,United States,ONT,KONT,34.056,-117.601194,944,-8,A,"Ontario, CA",3104,3102,3132,3131,4.575708762886602,10.379110251450665,29.0,86.0,"Tue, Aug  2, 2005","Mon, Aug 29, 2005"
3830,Chicago O'Hare International,Chicago,United States,ORD,KORD,41.978603,-87.904842,668,-6,A,"Chicago, IL",28118,28238,28662,28688,8.746532470303704,19.99950421417937,127.0,284.0,"Thu, Aug 18, 2005","Mon, Aug  8, 2005"
3611,Norfolk International,Norfolk,United States,ORF,KORF,36.894611,-76.201222,26,-5,A,"Norfolk, VA",1882,1886,1913,1914,4.5371944739638685,13.146341463414638,47.0,211.0,"Fri, Aug 12, 2005","Tue, Aug 23, 2005"
3693,Ralph Wien Memorial,Kotzebue,United States,OTZ,PAOT,66.884678,-162.59855,11,-9,A,"Kotzebue, AK",86,88,93,93,3.488372093023256,7.068181818181818,6.0,26.0,"Fri, Aug 12, 2005","Fri, Aug  5, 2005"
6961,Oxnard - Ventura County,Oxnard,United States,OXR,KOXR,34.200833,-119.207222,15,-8,A,"Oxnard/Ventura, CA",148,148,150,151,2.952702702702702,8.344594594594593,6.0,25.0,"Thu, Aug  4, 2005","Fri, Aug 19, 2005"
3722,Palm Beach International,West Palm Beach,United States,PBI,KPBI,26.683161,-80.095589,19,-5,A,"West Palm Beach/Palm Beach, FL",2012,2030,2077,2080,4.35984095427435,12.033497536945816,22.0,98.0,"Sat, Aug 27, 2005","Sun, Aug 14, 2005"
3720,Portland International,Portland,United States,PDX,KPDX,45.588722,-122.5975,30,-8,A,"Portland, OR",4970,4977,4992,4992,3.8261569416498937,11.717299578059063,71.0,90.0,"Sun, Aug  7, 2005","Thu, Aug 18, 2005"
4073,Panama City Bay County International,Panama City,United States,PFN,KPFN,30.212083,-85.682806,20,-6,A,"Panama City, FL",242,225,271,256,3.6611570247933884,10.866666666666662,13.0,55.0,"Fri, Aug  5, 2005","Wed, Aug 10, 2005"
3633,Newport News Williamsburg International,Newport News,United States,PHF,KPHF,37.131894,-76.492989,43,-5,A,"Newport News/Williamsburg, VA",537,527,559,553,5.394785847299816,12.652751423149905,17.0,86.0,"Sun, Aug 21, 2005","Thu, Aug  4, 2005"
3752,Philadelphia International,Philadelphia,United States,PHL,KPHL,39.871944,-75.241139,36,-5,A,"Philadelphia, PA",10737,10783,11005,11013,6.5680357641799425,25.10739126402673,87.0,281.0,"Mon, Aug  8, 2005","Mon, Aug  8, 2005"
3462,Phoenix Sky Harbor International,Phoenix,United States,PHX,KPHX,33.434278,-112.011583,1135,-7,N,"Phoenix, AZ",14805,14872,14991,14996,6.516514690982774,16.115317374932708,65.0,155.0,"Wed, Aug  3, 2005","Tue, Aug  2, 2005"
4046,Peoria Regional,Peoria,United States,PIA,KPIA,40.664203,-89.693258,660,-6,A,"Peoria, IL",325,299,340,311,3.5046153846153874,11.77257525083612,10.0,122.0,"Sun, Aug 28, 2005","Tue, Aug 16, 2005"
5760,Pocatello Regional Airport,Pocatello,United States,PIH,KPIH,42.9098,-112.596,4452,-7,A,"Pocatello, ID",185,184,186,186,3.1621621621621623,7.842391304347826,7.0,19.0,"Wed, Aug 10, 2005","Thu, Aug 25, 2005"
3570,Pittsburgh International,Pittsburgh (pennsylva),United States,PIT,KPIT,40.491467,-80.232872,1204,-5,A,"Pittsburgh, PA",4523,4531,4631,4628,6.099270395755024,13.090708452880133,80.0,148.0,"Sat, Aug 20, 2005","Sun, Aug 14, 2005"
3564,Pensacola Regional,Pensacola,United States,PNS,KPNS,30.473425,-87.186611,121,-6,A,"Pensacola, FL",982,992,1065,1083,4.306517311608967,10.795362903225795,36.0,59.0,"Tue, Aug  2, 2005","Fri, Aug  5, 2005"
6133,Tri Cities Airport,Pasco,United States,PSC,PSC,46.2647,-119.119,410,-8,A,"Pasco/Kennewick/Richland, WA",339,339,341,341,4.353982300884958,8.32153392330384,10.0,28.0,"Wed, Aug 24, 2005","Mon, Aug  1, 2005"
4147,Petersburg James A. Johnson,Petersburg,United States,PSG,PAPG,56.801667,-132.945278,105,-9,A,"Petersburg, AK",60,61,62,62,4.0166666666666675,8.114754098360656,14.0,20.0,"Fri, Aug 12, 2005","Thu, Aug 11, 2005"
3839,Palm Springs International,Palm Springs,United States,PSP,KPSP,33.829667,-116.506694,477,-8,A,"Palm Springs, CA",642,644,649,652,3.690031152647976,9.316770186335399,8.0,37.0,"Thu, Aug  4, 2005","Wed, Aug 31, 2005"
3641,Theodore Francis Green State,Providence,United States,PVD,KPVD,41.732581,-71.420383,55,-5,A,"Providence, RI",2698,2695,2722,2721,4.4948109710896995,12.853432282003705,24.0,169.0,"Wed, Aug 17, 2005","Tue, Aug 16, 2005"
3862,Portland International Jetport,Portland,United States,PWM,KPWM,43.646161,-70.309281,77,-5,A,"Portland, ME",901,905,923,924,4.497225305216423,15.095027624309397,35.0,193.0,"Sun, Aug  7, 2005","Fri, Aug 12, 2005"
4087,Rapid City Regional Airport,Rapid City,United States,RAP,KRAP,44.045278,-103.057222,3204,-7,A,"Rapid City, SD",374,377,378,379,4.208556149732624,9.777188328912459,8.0,105.0,"Sat, Aug 20, 2005","Wed, Aug  3, 2005"
4098,Redding Municipal,Redding,United States,RDD,KRDD,40.509,-122.293389,504,-8,A,"Redding, CA",154,154,160,155,3.2987012987012987,8.694805194805191,8.0,19.0,"Tue, Aug 16, 2005","Fri, Aug 19, 2005"
4103,Roberts Field,Redmond-Bend,United States,RDM,KRDM,44.254066,-121.149964,3077,-8,A,"Bend/Redmond, OR",309,310,310,310,3.614886731391586,7.987096774193547,16.0,21.0,"Fri, Aug 26, 2005","Mon, Aug  1, 2005"
3626,Raleigh Durham International,Raleigh-durham,United States,RDU,KRDU,35.877639,-78.787472,435,-5,A,"Raleigh/Durham, NC",5182,5200,5288,5290,4.797954457738311,13.374423076923065,92.0,217.0,"Tue, Aug  9, 2005","Fri, Aug  5, 2005"
3608,Richmond International,Richmond,United States,RIC,KRIC,37.505167,-77.319667,167,-5,A,"Richmond, VA",1771,1769,1835,1841,5.171089779785439,14.12436404748445,55.0,142.0,"Sat, Aug  6, 2005","Mon, Aug  8, 2005"
3807,Reno Tahoe International,Reno,United States,RNO,KRNO,39.499108,-119.768108,4415,-8,A,"Reno, NV",2449,2452,2465,2465,4.627603103307483,10.157830342577505,65.0,135.0,"Wed, Aug 17, 2005","Thu, Aug 18, 2005"
4016,Roanoke Regional,Roanoke VA,United States,ROA,KROA,37.325472,-79.975417,1175,-5,A,"Roanoke, VA",256,236,272,258,5.664062499999998,11.83474576271186,16.0,52.0,"Sat, Aug 13, 2005","Wed, Aug 17, 2005"
3622,Greater Rochester International,Rochester,United States,ROC,KROC,43.118866,-77.672389,559,-5,A,"Rochester, NY",1644,1625,1676,1658,5.452554744525547,12.359999999999998,47.0,206.0,"Mon, Aug  1, 2005","Sun, Aug 14, 2005"
4048,Rochester,Rochester,United States,RST,KRST,43.908283,-92.500014,1317,-6,A,"Rochester, MN",240,241,255,256,4.4333333333333345,10.647302904564315,25.0,147.0,"Wed, Aug 31, 2005","Fri, Aug 19, 2005"
3793,Southwest Florida International,Fort Myers,United States,RSW,KRSW,26.536167,-81.755167,30,-5,A,"Fort Myers, FL",1669,1673,1693,1697,4.228280407429594,13.320980274955167,52.0,130.0,"Mon, Aug  1, 2005","Tue, Aug 23, 2005"
3731,San Diego International,San Diego,United States,SAN,KSAN,32.733556,-117.189667,17,-8,A,"San Diego, CA",7880,7899,7946,7956,3.831979695431474,14.100645651348257,52.0,114.0,"Fri, Aug 19, 2005","Thu, Aug 18, 2005"
3621,San Antonio International,San Antonio,United States,SAT,KSAT,29.533694,-98.469778,809,-6,A,"San Antonio, TX",3500,3476,3564,3548,3.571714285714285,10.671461449942441,47.0,155.0,"Tue, Aug  9, 2005","Sun, Aug  7, 2005"
3613,Savannah Hilton Head International,Savannah,United States,SAV,KSAV,32.127583,-81.202139,51,-5,A,"Savannah, GA",1274,1273,1328,1329,5.381475667189952,12.868028279654364,46.0,85.0,"Sat, Aug 13, 2005","Sat, Aug 13, 2005"
3949,Santa Barbara Municipal,Santa Barbara,United States,SBA,KSBA,34.426211,-119.840372,10,-8,A,"Santa Barbara, CA",1069,1071,1082,1085,3.9681945743685696,9.42670401493931,19.0,45.0,"Sat, Aug 20, 2005","Sun, Aug 14, 2005"
4359,South Bend Regional,South Bend,United States,SBN,KSBN,41.708661,-86.31725,799,-5,A,"South Bend, IN",284,253,297,264,3.834507042253521,9.940711462450581,9.0,96.0,"Tue, Aug  2, 2005","Mon, Aug 15, 2005"
5768,San Luis County Regional Airport,San Luis Obispo,United States,SBP,KSBP,35.2368,-120.642,212,-8,A,"San Luis Obispo, CA",491,490,494,495,3.3421588594704685,10.797959183673473,12.0,46.0,"Mon, Aug  1, 2005","Wed, Aug 10, 2005"
3620,Deadhorse,Deadhorse,United States,SCC,PASC,70.19475,-148.465167,64,-9,A,"Deadhorse, AK",31,31,31,31,2.838709677419355,6.290322580645161,7.0,13.0,"Sat, Aug 20, 2005","Wed, Aug 17, 2005"
4318,University Park Airport,State College Pennsylvania,United States,SCE,KUNV,40.849278,-77.848694,1239,-5,A,"State College, PA",91,91,93,93,3.5384615384615383,10.824175824175827,10.0,36.0,"Wed, Aug  3, 2005","Wed, Aug 10, 2005"
4014,Louisville International Airport,Louisville,United States,SDF,KSDF,38.1740858,-85.7364989,501,-5,A,"Louisville, KY",2151,2139,2189,2175,5.417945141794509,12.310892940626461,34.0,115.0,"Tue, Aug  9, 2005","Wed, Aug 17, 2005"
3577,Seattle Tacoma International,Seattle,United States,SEA,KSEA,47.449,-122.309306,433,-8,A,"Seattle, WA",9877,9913,9955,9961,6.472410651007395,14.261979219207095,81.0,106.0,"Sun, Aug  7, 2005","Mon, Aug  8, 2005"
3469,San Francisco International,San Francisco,United States,SFO,KSFO,37.618972,-122.374889,13,-8,A,"San Francisco, CA",11460,11484,11598,11587,5.578883071553216,16.15874259839781,72.0,157.0,"Mon, Aug 29, 2005","Sun, Aug 14, 2005"
4348,Springfield Branson National,Springfield,United States,SGF,KSGF,37.245667,-93.388639,1268,-6,A,"Springfield, MO",768,763,780,779,3.7630208333333317,10.264744429882064,15.0,70.0,"Thu, Aug 18, 2005","Thu, Aug  4, 2005"
4064,St. George Municipal,Saint George,United States,SGU,KSGU,37.090583,-113.593056,2941,-7,A,"St. George, UT",236,236,236,236,3.5338983050847457,8.669491525423721,7.0,21.0,"Fri, Aug 19, 2005","Mon, Aug 15, 2005"
3609,Shreveport Regional,Shreveport,United States,SHV,KSHV,32.446629,-93.8256,258,-6,A,"Shreveport, LA",698,654,723,683,5.197707736389682,9.308868501529044,65.0,88.0,"Tue, Aug  9, 2005","Mon, Aug 15, 2005"
3856,Sitka Rocky Gutierrez,Sitka,United States,SIT,PASI,57.047138,-135.361611,21,-9,A,"Sitka, AK",155,155,155,155,4.767741935483871,10.93548387096774,26.0,45.0,"Mon, Aug  1, 2005","Tue, Aug 23, 2005"
3748,Norman Y. Mineta San Jose International,San Jose,United States,SJC,KSJC,37.3626,-121.929022,62,-8,A,"San Jose, CA",5312,5309,5368,5366,4.0879141566265,11.183838764362406,28.0,89.0,"Fri, Aug  5, 2005","Thu, Aug 18, 2005"
3708,San Angelo Regional-Mathis Field,San Angelo,United States,SJT,KSJT,31.35775,-100.496306,1919,-6,A,"San Angelo, TX",147,148,155,155,3.748299319727891,8.486486486486488,11.0,57.0,"Mon, Aug  8, 2005","Thu, Aug  4, 2005"
3536,Salt Lake City International,Salt Lake City,United States,SLC,KSLC,40.788389,-111.977772,4227,-7,A,"Salt Lake City, UT",14495,14497,14630,14602,6.625526043463256,16.813823549699915,55.0,161.0,"Wed, Aug  3, 2005","Tue, Aug 16, 2005"
3817,Sacramento International,Sacramento,United States,SMF,KSMF,38.695417,-121.590778,27,-8,A,"Sacramento, CA",4480,4481,4503,4502,4.165401785714284,9.916982816335647,40.0,63.0,"Mon, Aug 15, 2005","Wed, Aug  3, 2005"
5772,Santa Maria Public-Captain G. Allan Hancock Airport,Santa Maria,United States,SMX,KSMX,34.8989,-120.457,261,-8,A,"Santa Maria, CA",186,186,186,186,3.1935483870967754,8.672043010752688,14.0,80.0,"Thu, Aug 25, 2005","Mon, Aug  1, 2005"
3867,John Wayne Airport Orange County,Santa Ana,United States,SNA,KSNA,33.675667,-117.868222,56,-8,A,"Santa Ana, CA",4196,4198,4232,4233,6.425405147759779,13.47474988089567,51.0,161.0,"Wed, Aug 24, 2005","Tue, Aug 16, 2005"
3680,Sheppard AFB Wichita Falls Municipal,Wichita Falls,United States,SPS,KSPS,33.988797,-98.491894,1019,-6,A,"Wichita Falls, TX",230,230,240,240,6.739130434782608,11.891304347826088,26.0,78.0,"Fri, Aug  5, 2005","Sun, Aug 14, 2005"
4067,Sarasota Bradenton International,Sarasota,United States,SRQ,KSRQ,27.395444,-82.554389,30,-5,A,"Sarasota/Bradenton, FL",523,524,538,540,4.718929254302103,11.818702290076336,63.0,73.0,"Thu, Aug 11, 2005","Fri, Aug 19, 2005"
3678,Lambert St. Louis International,St. Louis,United States,STL,KSTL,38.748697,-90.370028,618,-6,A,"St. Louis, MO",5643,5649,5725,5726,4.812688286372493,12.987608426270134,45.0,170.0,"Wed, Aug 10, 2005","Wed, Aug  3, 2005"
6494,Friedman Memorial,Hailey,United States,SUN,KSUN,43.504444,-114.296194,5320,-7,A,"Sun Valley/Hailey/Ketchum, ID",333,338,341,341,2.6456456456456454,7.470414201183432,10.0,41.0,"Sun, Aug 28, 2005","Fri, Aug  5, 2005"
3661,Stewart International,Newburgh,United States,SWF,KSWF,41.504094,-74.104839,491,-5,A,"Newburgh/Poughkeepsie, NY",268,266,269,270,4.432835820895523,14.360902255639099,16.0,140.0,"Mon, Aug  8, 2005","Fri, Aug 12, 2005"
3745,Syracuse Hancock International,Syracuse,United States,SYR,KSYR,43.111187,-76.106311,421,-5,A,"Syracuse, NY",1320,1322,1334,1336,4.582575757575759,13.371406959152802,27.0,370.0,"Sat, Aug  6, 2005","Sun, Aug 14, 2005"
3698,Tallahassee Regional,Tallahassee,United States,TLH,KTLH,30.396528,-84.350333,81,-5,A,"Tallahassee, FL",471,472,495,496,5.031847133757962,11.828389830508474,21.0,87.0,"Sun, Aug  7, 2005","Thu, Aug 18, 2005"
4040,Toledo,Toledo,United States,TOL,KTOL,41.586806,-83.807833,684,-5,A,"Toledo, OH",497,487,518,511,3.7122736418511058,9.802874743326486,10.0,58.0,"Sun, Aug  7, 2005","Fri, Aug 26, 2005"
3646,Tampa International,Tampa,United States,TPA,KTPA,27.975472,-82.53325,26,-5,A,"Tampa, FL",6491,6525,6619,6633,4.850870435988288,12.671111111111097,115.0,135.0,"Tue, Aug 16, 2005","Tue, Aug 16, 2005"
4116,Tri-Cities Regional Airport,BRISTOL,United States,TRI,KTRI,36.4752222,-82.4074167,1519,-5,A,"Bristol/Johnson City/Kingsport, TN",301,298,329,329,4.152823920265782,10.348993288590599,13.0,45.0,"Mon, Aug  8, 2005","Tue, Aug  2, 2005"
3855,Tulsa International,Tulsa,United States,TUL,KTUL,36.198389,-95.888111,677,-6,A,"Tulsa, OK",1895,1880,1928,1912,3.8717678100263844,11.421808510638286,46.0,160.0,"Wed, Aug 31, 2005","Sun, Aug 14, 2005"
5773,Tupelo Regional Airport,Tupelo,United States,TUP,KTUP,34.2681,-88.7699,346,-6,A,"Tupelo, MS",88,88,93,93,3.5,8.534090909090914,7.0,42.0,"Wed, Aug 10, 2005","Sun, Aug 28, 2005"
3636,Tucson International,Tucson,United States,TUS,KTUS,32.116083,-110.941028,2643,-7,N,"Tucson, AZ",1617,1617,1628,1627,4.144094001236863,10.08286951144093,24.0,131.0,"Wed, Aug 10, 2005","Sun, Aug  7, 2005"
4023,Cherry Capital Airport,Traverse City,United States,TVC,KTVC,44.741445,-85.582235,624,-5,A,"Traverse City, MI",372,380,381,385,4.559139784946236,12.299999999999997,27.0,53.0,"Sun, Aug 21, 2005","Wed, Aug 31, 2005"
4263,Magic Valley Regional Airport,Twin Falls,United States,TWF,KTWF,42.481803,-114.487733,4151,-7,A,"Twin Falls, ID",183,184,185,186,2.7923497267759556,7.494565217391305,8.0,18.0,"Thu, Aug 11, 2005","Thu, Aug 11, 2005"
3770,Texarkana Regional-Webb Field,Texarkana,United States,TXK,KTXK,33.453722,-93.991028,390,-6,A,"Texarkana, AR",91,91,93,93,4.923076923076922,8.57142857142857,14.0,24.0,"Wed, Aug 24, 2005","Fri, Aug 19, 2005"
3848,Tyler Pounds Regional,Tyler,United States,TYR,KTYR,32.354139,-95.402386,544,-6,A,"Tyler, TX",241,240,244,244,4.858921161825725,9.483333333333333,23.0,32.0,"Sat, Aug 27, 2005","Fri, Aug  5, 2005"
3676,McGhee Tyson,Knoxville,United States,TYS,KTYS,35.810972,-83.994028,981,-5,A,"Knoxville, TN",1151,1128,1181,1163,4.0165073848827095,13.423758865248233,29.0,178.0,"Sun, Aug 14, 2005","Thu, Aug 18, 2005"
7121,Visalia Municipal Airport,Visalia,United States,VIS,KVIS,36.318611,-119.392778,295,-8,A,"Visalia, CA",59,60,62,62,2.847457627118644,8.55,5.0,19.0,"Tue, Aug 16, 2005","Wed, Aug 10, 2005"
5776,Valdosta Regional Airport,Valdosta,United States,VLD,KVLD,30.7825,-83.2767,203,-5,A,"Valdosta, GA",107,106,121,120,4.028037383177571,9.037735849056608,14.0,32.0,"Wed, Aug 17, 2005","Mon, Aug 15, 2005"
3873,Eglin AFB,Valparaiso,United States,VPS,KVPS,30.48325,-86.5254,87,-6,A,"Valparaiso, FL",630,610,693,674,8.214285714285715,13.718032786885246,30.0,191.0,"Sat, Aug  6, 2005","Mon, Aug 15, 2005"
5969,Wrangell Airport,Wrangell,United States,WRG,PAWG,56.4843,-132.37,44,-9,A,"Wrangell, AK",59,60,62,62,3.76271186440678,8.483333333333329,6.0,22.0,"Fri, Aug  5, 2005","Fri, Aug 19, 2005"
7072,Yellowstone Airport,West Yellowstone,United States,WYS,KWYS,44.688333,-111.1175,6644,-7,A,"West Yellowstone, MT",70,70,70,70,2.914285714285714,7.585714285714285,10.0,26.0,"Mon, Aug  1, 2005","Sun, Aug 21, 2005"
4356,NW Arkansas Regional,Bentonville,United States,XNA,KXNA,36.2818694,-94.3068111,1287,-6,A,"Fayetteville, AR",1184,1141,1242,1196,4.705236486486488,12.099912357581058,28.0,122.0,"Wed, Aug 17, 2005","Mon, Aug 29, 2005"
6803,Yakutat,Yakutat,United States,YAK,PAYA,59.3012,-139.3937,33,-9,A,"Yakutat, AK",62,62,62,62,4.387096774193548,6.967741935483871,8.0,17.0,"Sat, Aug 13, 2005","Mon, Aug 15, 2005"
3596,Yuma MCAS Yuma International,Yuma,United States,YUM,KYUM,32.656578,-114.60598,216,-7,N,"Yuma, AZ",92,92,93,93,3.597826086956522,9.565217391304346,7.0,18.0,"Fri, Aug  5, 2005","Sat, Aug  6, 2005"
2883,Cyril E. King,St. Thomas,Virgin Islands,STT,TIST,18.337306,-64.973361,23,-4,U,"Charlotte Amalie, VI",253,254,257,258,4.241106719367591,11.566929133858265,14.0,37.0,"Sat, Aug 20, 2005","Sat, Aug 27, 2005"
2884,Henry E. Rohlsen,St. Croix Island,Virgin Islands,STX,TISX,17.701889,-64.798556,74,-4,U,"Christiansted, VI",43,42,44,44,3.651162790697674,11.80952380952381,11.0,24.0,"Wed, Aug  3, 2005","Sat, Aug  6, 2005"
2885,Rafael Hernndez,Aguadilla,Puerto Rico,BQN,TJBQ,18.494861,-67.129444,237,-4,U,"Aguadilla, PR",93,93,93,93,4.46236559139785,13.150537634408602,8.0,65.0,"Tue, Aug 16, 2005","Sat, Aug  6, 2005"
2889,Aeropuerto Mercedita,Ponce,Puerto Rico,PSE,TJPS,18.008306,-66.563028,29,-4,U,"Ponce, PR",31,31,31,31,3.903225806451613,11.870967741935484,6.0,19.0,"Wed, Aug 17, 2005","Sat, Aug 20, 2005"
2890,Luis Muoz Marn International,San Juan,Puerto Rico,SJU,TJSJ,18.439417,-66.001833,9,-4,U,"San Juan, PR",2148,2153,2188,2188,5.674581005586593,15.507199256850912,55.0,94.0,"Mon, Aug 22, 2005","Tue, Aug 16, 2005"
