airport_id,name,city,country,iata_faa,iaco,latitude,longitude,altitude,zone,dst,city_state,avg_able_landings,avg_able_takeoffs,total_landings,total_takeoffs,avg_taxi_in,avg_taxi_out,longest_taxi_in,longest_taxi_out,lng_tx_in_date,lng_tx_out_date
4355,Lehigh Valley International,Allentown,United States,ABE,KABE,40.652083,-75.440806,393,-5,A,"Allentown/Bethlehem/Easton, PA",418,422,429,432,4.071770334928228,12.433649289099526,15.0,59.0,"Sat, Nov 11, 2006","Wed, Nov 15, 2006"
3718,Abilene Regional,Abilene,United States,ABI,KABI,32.411319,-99.681897,1791,-6,A,"Abilene, TX",228,228,233,233,3.741228070175439,8.482456140350877,27.0,49.0,"Thu, Nov 30, 2006","Thu, Nov 23, 2006"
4019,Albuquerque International Sunport,Albuquerque,United States,ABQ,KABQ,35.0402222,-106.6091944,5355,-7,A,"Albuquerque, NM",2974,2977,2991,2990,4.759919300605229,10.116560295599577,69.0,59.0,"Sat, Nov 25, 2006","Thu, Nov 30, 2006"
5715,Southwest Georgia Regional Airport,Albany,United States,ABY,KABY,31.5355,-84.1945,197,-5,A,"Albany, GA",104,109,111,111,4.134615384615386,9.587155963302752,13.0,56.0,"Thu, Nov  2, 2006","Sun, Nov  5, 2006"
3700,Waco Regional,Waco,United States,ACT,KACT,31.611289,-97.230519,516,-6,A,"Waco, TX",169,166,175,175,4.047337278106508,8.674698795180722,14.0,21.0,"Wed, Nov  8, 2006","Thu, Nov 30, 2006"
4384,Arcata,Arcata CA,United States,ACV,KACV,40.978111,-124.108611,221,-8,A,"Arcata/Eureka, CA",264,264,278,279,4.064393939393941,11.056818181818187,8.0,88.0,"Fri, Nov 10, 2006","Sat, Nov  4, 2006"
3524,Atlantic City International,Atlantic City,United States,ACY,KACY,39.457583,-74.577167,75,-5,A,"Atlantic City, NJ",71,72,75,74,4.450704225352111,15.652777777777768,19.0,92.0,"Sat, Nov 18, 2006","Sat, Nov 11, 2006"
5959,Adak Airport,Adak Island,United States,ADK,PADK,51.878,-176.646,18,-10,A,"Adak Island, AK",8,8,8,8,3.5,6.125,4.0,7.0,"Thu, Nov  9, 2006","Thu, Nov  9, 2006"
3531,Kodiak,Kodiak,United States,ADQ,PADQ,57.749967,-152.493856,78,-9,A,"Kodiak, AK",55,55,58,58,2.690909090909091,6.836363636363636,5.0,15.0,"Thu, Nov  9, 2006","Thu, Nov  2, 2006"
3852,Alexandria International,Alexandria,United States,AEX,KAEX,31.3274,-92.549833,89,-6,A,"Alexandria, LA",242,241,248,248,4.041322314049587,12.273858921161827,11.0,53.0,"Thu, Nov 30, 2006","Thu, Nov  9, 2006"
3658,Augusta Regional At Bush Field,Bush Field,United States,AGS,KAGS,33.369944,-81.9645,144,-5,A,"Augusta, GA",182,184,188,188,3.5934065934065935,11.07608695652174,15.0,100.0,"Sun, Nov 19, 2006","Tue, Nov  7, 2006"
3794,King Salmon,King Salmon,United States,AKN,PAKN,58.676778,-156.649278,68,-9,A,"King Salmon, AK",19,19,20,20,2.8947368421052633,5.631578947368421,4.0,14.0,"Thu, Nov  9, 2006","Thu, Nov 16, 2006"
3864,Albany International,Albany,United States,ALB,KALB,42.748267,-73.801692,285,-5,A,"Albany, NY",1154,1135,1157,1139,3.8708838821490468,14.17444933920705,27.0,188.0,"Tue, Nov 14, 2006","Thu, Nov 16, 2006"
3840,Rick Husband Amarillo International,Amarillo,United States,AMA,KAMA,35.219369,-101.705931,3607,-6,A,"Amarillo, TX",687,686,704,704,4.378457059679769,9.460641399416904,15.0,83.0,"Thu, Nov 16, 2006","Thu, Nov 30, 2006"
3774,Ted Stevens Anchorage International,Anchorage,United States,ANC,PANC,61.174361,-149.996361,152,-9,A,"Anchorage, AK",1264,1274,1308,1307,4.8354430379746765,13.484301412872853,33.0,49.0,"Wed, Nov  1, 2006","Thu, Nov 23, 2006"
4012,Naples Municipal,Naples,United States,APF,KAPF,26.152619,-81.775294,8,-5,A,"Naples, FL",51,51,51,51,3.4117647058823524,10.0,7.0,20.0,"Wed, Nov 15, 2006","Tue, Nov 14, 2006"
7001,Aspen/Pitkin County-Sardy Field,Aspen,United States,ASE,KASE,39.2232,-106.869,7820,-7,A,"Aspen, CO",220,217,259,260,3.0727272727272728,11.529953917050689,10.0,39.0,"Sat, Nov 18, 2006","Sun, Nov 12, 2006"
3682,Hartsfield Jackson Atlanta International,Atlanta,United States,ATL,KATL,33.636719,-84.428067,1026,-5,A,"Atlanta, GA",33186,33492,33691,33944,11.136895076237002,21.16212826943743,90.0,140.0,"Mon, Nov 20, 2006","Fri, Nov 10, 2006"
4047,Appleton,Appleton,United States,ATW,KATW,44.257526,-88.507576,680,-6,A,"Appleton, WI",367,372,384,385,4.2098092643051785,12.510752688172044,22.0,92.0,"Fri, Nov 10, 2006","Mon, Nov  6, 2006"
3673,Austin Bergstrom International,Austin,United States,AUS,KAUS,30.194528,-97.669889,542,-6,A,"Austin, TX",3656,3656,3686,3685,4.962527352297595,12.014770240700228,42.0,143.0,"Mon, Nov 27, 2006","Wed, Nov 15, 2006"
4007,Asheville Regional Airport,Asheville,United States,AVL,KAVL,35.436194,-82.541806,2165,-5,A,"Asheville, NC",238,235,244,244,3.668067226890756,16.208510638297877,13.0,110.0,"Wed, Nov 29, 2006","Tue, Nov 14, 2006"
4286,Wilkes Barre Scranton International,Scranton,United States,AVP,KAVP,41.338478,-75.723403,962,-5,A,"Scranton/Wilkes-Barre, PA",173,189,184,198,4.479768786127167,12.735449735449736,64.0,41.0,"Thu, Nov 30, 2006","Wed, Nov 22, 2006"
4039,Kalamazoo,Kalamazoo,United States,AZO,KAZO,42.234875,-85.552058,874,-5,A,"Kalamazoo, MI",387,387,407,404,4.14470284237726,14.222222222222221,12.0,151.0,"Tue, Nov  7, 2006","Tue, Nov 28, 2006"
3825,Bradley International,Windsor Locks,United States,BDL,KBDL,41.938889,-72.683222,173,-5,A,"Hartford, CT",2622,2620,2644,2647,5.570938215102968,14.938931297709926,57.0,154.0,"Thu, Nov 16, 2006","Wed, Nov 29, 2006"
3599,Bethel,Bethel,United States,BET,PABE,60.779778,-161.838,121,-9,A,"Bethel, AK",85,85,90,91,2.705882352941177,7.047058823529412,6.0,23.0,"Tue, Nov 28, 2006","Tue, Nov 28, 2006"
3558,Meadows Field,Bakersfield,United States,BFL,KBFL,35.433598,-119.05677,507,-8,A,"Bakersfield, CA",437,435,453,453,4.638443935926776,11.572413793103443,22.0,54.0,"Sat, Nov 18, 2006","Sun, Nov 12, 2006"
4129,Greater Binghamton-Edwin A. Link Field,Binghamton,United States,BGM,KBGM,42.208689,-75.979839,1636,-5,A,"Binghamton, NY",55,27,56,28,4.127272727272727,13.037037037037036,10.0,49.0,"Sun, Nov 26, 2006","Thu, Nov 23, 2006"
3463,Bangor International,Bangor,United States,BGR,KBGR,44.807444,-68.828139,192,-5,A,"Bangor, ME",336,330,345,345,4.288690476190473,14.360606060606067,11.0,138.0,"Fri, Nov 17, 2006","Fri, Nov 17, 2006"
3811,Birmingham International,Birmingham,United States,BHM,KBHM,33.562942,-86.75355,644,-6,A,"Birmingham, AL",1631,1629,1653,1653,4.191906805640704,13.29036218538981,65.0,149.0,"Thu, Nov 23, 2006","Wed, Nov 22, 2006"
4021,Billings Logan International Airport,Billings,United States,BIL,KBIL,45.80921,-108.537654,3652,-7,A,"Billings, MT",337,336,341,340,3.8724035608308607,12.142857142857144,24.0,53.0,"Tue, Nov 28, 2006","Tue, Nov 28, 2006"
4083,Bismarck Municipal Airport,Bismarck,United States,BIS,KBIS,46.775842,-100.757931,1661,-6,A,"Bismarck/Mandan, ND",186,185,192,192,4.559139784946233,11.805405405405395,15.0,70.0,"Mon, Nov 27, 2006","Tue, Nov 28, 2006"
3777,Bellingham International,Bellingham,United States,BLI,KBLI,48.792694,-122.537528,170,-8,A,"Bellingham, WA",48,48,54,58,4.541666666666665,12.39583333333333,7.0,55.0,"Fri, Nov 17, 2006","Wed, Nov 29, 2006"
4037,Central Illinois Regional,Bloomington,United States,BMI,KBMI,40.477111,-88.915917,871,-6,A,"Bloomington/Normal, IL",294,317,314,336,4.391156462585032,14.299684542586752,17.0,168.0,"Tue, Nov 14, 2006","Mon, Nov 13, 2006"
3690,Nashville International,Nashville,United States,BNA,KBNA,36.124472,-86.678194,599,-6,A,"Nashville, TN",5176,5171,5230,5230,5.711553323029347,13.271900986269603,67.0,139.0,"Thu, Nov 16, 2006","Wed, Nov 15, 2006"
3495,Boise Air Terminal,Boise,United States,BOI,KBOI,43.564361,-116.222861,2871,-7,A,"Boise, ID",1307,1303,1316,1314,3.637337413925018,9.848810437452043,21.0,56.0,"Wed, Nov 22, 2006","Sat, Nov 18, 2006"
3448,General Edward Lawrence Logan International,Boston,United States,BOS,KBOS,42.364347,-71.005181,19,-5,A,"Boston, MA",10753,10758,11012,11014,7.28726866920859,19.42173266406397,83.0,246.0,"Thu, Nov 16, 2006","Thu, Nov 16, 2006"
3612,Southeast Texas Regional,Beaumont,United States,BPT,KBPT,29.950833,-94.020694,15,-6,A,"Beaumont/Port Arthur, TX",33,33,33,33,6.575757575757576,12.636363636363637,11.0,25.0,"Wed, Nov 22, 2006","Tue, Nov 14, 2006"
5725,Brunswick Golden Isles Airport,Brunswick,United States,BQK,KBQK,31.2588,-81.4665,26,-5,A,"Brunswick, GA",82,83,85,85,3.817073170731707,7.337349397590361,9.0,23.0,"Mon, Nov  6, 2006","Fri, Nov 17, 2006"
3738,Brownsville South Padre Island International,Brownsville,United States,BRO,KBRO,25.906833,-97.425861,22,-6,A,"Brownsville, TX",187,187,189,189,5.304812834224595,14.368983957219251,15.0,90.0,"Sat, Nov 11, 2006","Wed, Nov 15, 2006"
3571,Wiley Post Will Rogers Memorial,Barrow,United States,BRW,PABR,71.285446,-156.766003,44,-9,A,"Barrow, AK",55,55,58,58,3.690909090909091,6.163636363636364,9.0,23.0,"Thu, Nov  2, 2006","Wed, Nov 29, 2006"
4022,Bert Mooney Airport,Butte,United States,BTM,KBTM,45.954806,-112.497472,5550,-7,A,"Butte, MT",56,57,56,58,4.482142857142857,10.894736842105265,6.0,27.0,"Wed, Nov  1, 2006","Fri, Nov 24, 2006"
3846,Baton Rouge Metro-Ryan Field,Baton Rouge,United States,BTR,KBTR,30.533167,-91.149639,70,-6,A,"Baton Rouge, LA",877,841,899,870,4.962371721778793,11.774078478002371,34.0,107.0,"Wed, Nov 15, 2006","Wed, Nov 29, 2006"
3711,Burlington International,Burlington,United States,BTV,KBTV,44.471861,-73.153278,335,-5,A,"Burlington, VT",519,493,532,507,4.418111753371869,18.48884381338744,45.0,201.0,"Wed, Nov 15, 2006","Tue, Nov 28, 2006"
3820,Buffalo Niagara International,Buffalo,United States,BUF,KBUF,42.940525,-78.732167,724,-5,A,"Buffalo, NY",2368,2369,2405,2407,4.263091216216214,13.960742929506122,46.0,121.0,"Sat, Nov 25, 2006","Mon, Nov 13, 2006"
3644,Bob Hope,Burbank,United States,BUR,KBUR,34.200667,-118.358667,778,-8,A,"Burbank, CA",2572,2573,2611,2611,2.636080870917575,12.358725223474519,109.0,78.0,"Thu, Nov  2, 2006","Sun, Nov 19, 2006"
3849,Baltimore Washington International,Baltimore,United States,BWI,KBWI,39.175361,-76.668333,146,-5,A,"Baltimore, MD",8815,8824,8897,8897,4.650822461712983,12.383499546690844,50.0,201.0,"Thu, Nov 16, 2006","Thu, Nov 16, 2006"
4020,Gallatin Field,Bozeman,United States,BZN,KBZN,45.777643,-111.160151,4500,-7,A,"Bozeman, MT",308,311,313,314,4.412337662337666,14.041800643086823,9.0,160.0,"Mon, Nov 27, 2006","Sun, Nov 26, 2006"
3561,Columbia Metropolitan,Colombia,United States,CAE,KCAE,33.938833,-81.119528,236,-5,A,"Columbia, SC",892,866,918,891,5.229820627802693,14.602771362586596,63.0,158.0,"Sat, Nov 18, 2006","Sat, Nov 25, 2006"
4112,Akron Canton Regional Airport,Akron,United States,CAK,KCAK,40.9160833,-81.4421944,1228,-5,A,"Akron, OH",654,662,676,676,4.659021406727827,12.291540785498489,64.0,74.0,"Mon, Nov 13, 2006","Tue, Nov  7, 2006"
3610,Merle K. Mudhole Smith,Cordova,United States,CDV,PACV,60.491778,-145.477556,48,-9,A,"Cordova, AK",53,55,58,58,2.566037735849056,5.363636363636363,5.0,19.0,"Wed, Nov 15, 2006","Wed, Nov 15, 2006"
5727,Del Norte County Airport,Crescent City,United States,CEC,KCEC,41.7802,-124.237,57,-8,A,"Crescent City, CA",81,81,88,88,3.7037037037037037,13.148148148148149,22.0,60.0,"Mon, Nov 13, 2006","Thu, Nov  2, 2006"
3578,Lovell Field,Chattanooga,United States,CHA,KCHA,35.035278,-85.203808,683,-5,A,"Chattanooga, TN",377,369,389,388,4.326259946949604,11.30352303523035,32.0,91.0,"Sun, Nov  5, 2006","Mon, Nov 13, 2006"
4015,Charlottesville-Albemarle,Charlottesville VA,United States,CHO,KCHO,38.138639,-78.452861,639,-5,A,"Charlottesville, VA",141,137,141,141,3.76595744680851,11.014598540145986,9.0,35.0,"Tue, Nov 28, 2006","Fri, Nov 10, 2006"
3806,Charleston AFB International,Charleston,United States,CHS,KCHS,32.898647,-80.040528,45,-5,A,"Charleston, SC",1073,1066,1095,1097,7.19757688723206,15.621951219512182,78.0,250.0,"Tue, Nov 21, 2006","Mon, Nov 13, 2006"
3710,Chico Municipal,Chico,United States,CIC,KCIC,39.795383,-121.858422,238,-8,A,"Chico, CA",104,104,112,112,3.6634615384615383,12.009615384615383,14.0,102.0,"Thu, Nov 16, 2006","Sat, Nov 18, 2006"
4043,Cedar Rapids,Cedar Rapids,United States,CID,KCID,41.884694,-91.710806,869,-6,A,"Cedar Rapids/Iowa City, IA",706,707,726,728,4.779036827195471,13.45685997171146,28.0,205.0,"Sun, Nov 26, 2006","Tue, Nov  7, 2006"
4088,McClellan-Palomar Airport,Carlsbad,United States,CLD,KCRQ,33.0742,-117.1648,328,-8,A,"Carlsbad, CA",245,244,247,247,4.179591836734694,10.434426229508198,14.0,38.0,"Sun, Nov 19, 2006","Mon, Nov 20, 2006"
3486,Cleveland Hopkins International,Cleveland,United States,CLE,KCLE,41.411689,-81.849794,791,-5,A,"Cleveland, OH",7004,7013,7085,7081,5.893917761279275,16.401539997148085,49.0,143.0,"Tue, Nov 14, 2006","Wed, Nov  8, 2006"
3715,Easterwood Field,College Station,United States,CLL,KCLL,30.588583,-96.363833,321,-6,A,"College Station/Bryan, TX",150,149,153,153,4.793333333333333,10.05369127516778,10.0,64.0,"Wed, Nov  8, 2006","Tue, Nov  7, 2006"
3876,Charlotte Douglas International,Charlotte,United States,CLT,KCLT,35.214,-80.943139,748,-5,A,"Charlotte, NC",9846,9866,9951,9951,6.020617509648604,20.036691668355992,54.0,212.0,"Sun, Nov 26, 2006","Thu, Nov 16, 2006"
3759,Port Columbus International,Columbus,United States,CMH,KCMH,39.997972,-82.891889,815,-5,A,"Columbus, OH",3191,3179,3243,3243,4.838295205264817,14.291915696759983,33.0,179.0,"Mon, Nov  6, 2006","Fri, Nov 10, 2006"
4049,Champaign,Champaign,United States,CMI,KCMI,40.03925,-88.278056,754,-6,A,"Champaign/Urbana, IL",203,203,205,205,3.9852216748768488,15.674876847290639,18.0,143.0,"Thu, Nov 30, 2006","Wed, Nov  8, 2006"
4344,Yellowstone Regional,Cody,United States,COD,KCOD,44.520194,-109.023806,5102,-7,A,"Cody, WY",90,90,90,90,3.7777777777777777,11.97777777777778,9.0,29.0,"Tue, Nov 28, 2006","Thu, Nov  2, 2006"
3819,City Of Colorado Springs Municipal,Colorado Springs,United States,COS,KCOS,38.805805,-104.700778,6187,-7,A,"Colorado Springs, CO",1260,1262,1288,1283,6.300793650793649,16.106180665610143,34.0,92.0,"Sun, Nov 12, 2006","Thu, Nov  2, 2006"
3872,Natrona County International,Casper,United States,CPR,KCPR,42.908,-106.464417,5347,-7,A,"Casper, WY",256,254,256,257,3.73828125,11.059055118110237,8.0,41.0,"Fri, Nov  3, 2006","Tue, Nov 14, 2006"
3744,Corpus Christi International,Corpus Christi,United States,CRP,KCRP,27.770361,-97.501222,44,-6,A,"Corpus Christi, TX",725,725,745,745,3.9351724137931083,11.271724137931033,20.0,83.0,"Sat, Nov 25, 2006","Mon, Nov  6, 2006"
4285,Yeager,Charleston,United States,CRW,KCRW,38.373147,-81.593189,981,-5,A,"Charleston/Dunbar, WV",325,315,328,319,4.116923076923079,12.13968253968254,19.0,73.0,"Tue, Nov 21, 2006","Wed, Nov 15, 2006"
4255,Columbus Metropolitan Airport,Columbus,United States,CSG,KCSG,32.5163333,-84.9388611,397,-5,A,"Columbus, GA",88,103,110,110,3.340909090909091,10.20388349514563,11.0,25.0,"Wed, Nov  8, 2006","Tue, Nov  7, 2006"
3488,Cincinnati Northern Kentucky International,Cincinnati,United States,CVG,KCVG,39.048836,-84.667822,896,-5,A,"Cincinnati, OH",9145,9201,9343,9342,4.696664844177139,15.999782632322555,45.0,141.0,"Sun, Nov 19, 2006","Thu, Nov 16, 2006"
4045,Central Wisconsin,Wassau,United States,CWA,KCWA,44.772726,-89.646635,840,-6,A,"Mosinee, WI",86,84,90,90,3.9069767441860472,12.880952380952381,10.0,166.0,"Fri, Nov  3, 2006","Tue, Nov 28, 2006"
3950,Daytona Beach International,Daytona Beach,United States,DAB,KDAB,29.179917,-81.058056,34,-5,A,"Daytona Beach, FL",297,298,299,300,4.353535353535346,13.268456375838928,64.0,76.0,"Sun, Nov 12, 2006","Tue, Nov 28, 2006"
3502,Dallas Love Field,Dallas,United States,DAL,KDAL,32.847111,-96.851778,487,-6,A,"Dallas, TX",4162,4167,4269,4269,3.3428640076886103,9.833933285337165,52.0,175.0,"Thu, Nov 30, 2006","Wed, Nov 29, 2006"
3627,James M. Cox Dayton International,Dayton,United States,DAY,KDAY,39.902375,-84.219375,1009,-5,A,"Dayton, OH",1158,1163,1180,1180,4.752158894645944,15.368013757523652,18.0,122.0,"Sat, Nov 18, 2006","Wed, Nov 29, 2006"
4388,Dubuque Regional,Dubuque IA,United States,DBQ,KDBQ,42.402,-90.709472,1076,-6,A,"Dubuque, IA",112,112,114,114,3.625,11.1875,7.0,74.0,"Wed, Nov 22, 2006","Mon, Nov 13, 2006"
3520,Ronald Reagan Washington National,Washington,United States,DCA,KDCA,38.852083,-77.037722,15,-5,A,"Washington, DC",7328,7330,7499,7488,4.746997816593873,17.319236016371192,65.0,178.0,"Fri, Nov 17, 2006","Tue, Nov 28, 2006"
3751,Denver International,Denver,United States,DEN,KDEN,39.861656,-104.673178,5431,-7,A,"Denver, CO",18339,18345,18580,18572,8.206936037951918,15.58517307168165,95.0,189.0,"Tue, Nov 28, 2006","Tue, Nov 28, 2006"
3670,Dallas Fort Worth International,Dallas-fort Worth,United States,DFW,KDFW,32.896828,-97.037997,607,-6,A,"Dallas/Fort Worth, TX",23608,23705,24445,24443,9.516773974923803,16.587428812486767,102.0,209.0,"Mon, Nov 20, 2006","Wed, Nov 29, 2006"
3739,Dothan Regional,Dothan,United States,DHN,KDHN,31.321339,-85.449628,401,-6,A,"Dothan, AL",133,135,141,141,3.7819548872180455,10.807407407407407,14.0,87.0,"Thu, Nov  9, 2006","Sat, Nov 11, 2006"
3460,Dillingham,Dillingham,United States,DLG,PADL,59.044667,-158.5055,74,-9,A,"Dillingham, AK",12,12,12,12,2.5,4.416666666666667,3.0,7.0,"Fri, Nov  3, 2006","Sat, Nov 25, 2006"
3598,Duluth International,Duluth,United States,DLH,KDLH,46.842091,-92.193649,1428,-6,A,"Duluth, MN",78,79,81,81,6.038461538461538,11.873417721518987,14.0,60.0,"Sun, Nov 12, 2006","Mon, Nov 13, 2006"
3713,Durango La Plata County,Durango,United States,DRO,KDRO,37.151516,-107.75377,6685,-7,A,"Durango, CO",376,375,378,378,4.481382978723403,11.378666666666662,19.0,42.0,"Sat, Nov 25, 2006","Tue, Nov 28, 2006"
3729,Des Moines International,Des Moines,United States,DSM,KDSM,41.533972,-93.663083,958,-6,A,"Des Moines, IA",1168,1165,1188,1186,4.160102739726022,13.024034334763943,21.0,154.0,"Tue, Nov 28, 2006","Fri, Nov 10, 2006"
3645,Detroit Metro Wayne County,Detroit,United States,DTW,KDTW,42.212444,-83.353389,645,-5,A,"Detroit, MI",10719,10742,10867,10863,10.334639425319539,20.24483336436425,72.0,188.0,"Thu, Nov  2, 2006","Tue, Nov  7, 2006"
4250,Eagle County Regional,Vail,United States,EGE,KEGE,39.642556,-106.917694,6540,-7,A,"Eagle, CO",98,98,105,105,3.63265306122449,14.857142857142858,11.0,37.0,"Sat, Nov  4, 2006","Sun, Nov 26, 2006"
5736,Elko Regional Airport,Elko,United States,EKO,KEKO,40.8249,-115.792,5140,-8,A,"Elko, NV",143,143,144,144,4.629370629370627,8.853146853146857,8.0,28.0,"Sat, Nov 25, 2006","Tue, Nov 28, 2006"
3559,El Paso International,El Paso,United States,ELP,KELP,31.80725,-106.377583,3958,-7,A,"El Paso, TX",1780,1779,1792,1792,3.907303370786517,10.143901068015735,23.0,67.0,"Sun, Nov  5, 2006","Thu, Nov  2, 2006"
4276,Erie International-Tom Ridge Field,Erie,United States,ERI,KERI,42.082022,-80.176217,733,-5,A,"Erie, PA",81,79,82,82,3.8518518518518525,10.949367088607595,10.0,32.0,"Thu, Nov 30, 2006","Thu, Nov  2, 2006"
4099,Mahlon Sweet Field,Eugene,United States,EUG,KEUG,44.124583,-123.211972,374,-8,A,"Eugene, OR",499,497,509,509,3.6392785571142294,11.020120724346073,10.0,127.0,"Tue, Nov  7, 2006","Tue, Nov  7, 2006"
4018,Evansville Regional,Evansville,United States,EVV,KEVV,38.036997,-87.532364,418,-6,A,"Evansville, IN",295,295,304,304,3.6745762711864405,11.406779661016955,12.0,125.0,"Fri, Nov 10, 2006","Tue, Nov 28, 2006"
3494,Newark Liberty International,Newark,United States,EWR,KEWR,40.6925,-74.168667,18,-5,A,"Newark, NJ",12561,12605,12952,12954,8.976196162725914,29.247838159460528,122.0,261.0,"Fri, Nov  3, 2006","Thu, Nov 16, 2006"
3875,Key West International,Key West,United States,EYW,KEYW,24.556111,-81.759556,3,-5,A,"Key West, FL",60,88,62,90,4.9,9.340909090909092,58.0,27.0,"Wed, Nov  1, 2006","Thu, Nov  2, 2006"
3832,Fairbanks International,Fairbanks,United States,FAI,PAFA,64.815114,-147.856267,434,-9,A,"Fairbanks, AK",314,311,325,325,2.570063694267516,10.263665594855299,9.0,53.0,"Fri, Nov 24, 2006","Wed, Nov  1, 2006"
4292,Hector International Airport,Fargo,United States,FAR,KFAR,46.92065,-96.8157639,902,-6,A,"Fargo, ND",440,438,446,445,5.070454545454545,13.196347031963475,15.0,53.0,"Thu, Nov  9, 2006","Tue, Nov  7, 2006"
3687,Fresno Yosemite International,Fresno,United States,FAT,KFAT,36.776194,-119.71814,336,-8,A,"Fresno, CA",1118,1120,1142,1143,4.482110912343457,9.964285714285706,66.0,71.0,"Sun, Nov 19, 2006","Sat, Nov 11, 2006"
5738,Fayetteville Regional-Grannis Field,Fayetteville,United States,FAY,KFAY,34.9912,-78.8803,189,-5,A,"Fayetteville, NC",134,133,138,138,5.611940298507463,11.909774436090226,15.0,74.0,"Wed, Nov 15, 2006","Mon, Nov  6, 2006"
4127,Glacier Park International,Kalispell,United States,FCA,KFCA,48.310472,-114.256,2977,-7,A,"Kalispell, MT",206,206,207,208,3.9271844660194186,12.548543689320393,8.0,56.0,"Sat, Nov  4, 2006","Thu, Nov 30, 2006"
4261,Flagstaff Pulliam Airport,Flagstaff,United States,FLG,KFLG,35.140318,-111.6692392,7015,-7,N,"Flagstaff, AZ",146,145,146,146,5.178082191780822,11.110344827586207,17.0,41.0,"Sat, Nov 25, 2006","Wed, Nov 22, 2006"
3533,Fort Lauderdale Hollywood International,Fort Lauderdale,United States,FLL,KFLL,26.072583,-80.15275,9,-5,A,"Fort Lauderdale, FL",5390,5392,5419,5415,4.97606679035249,15.463649851632047,40.0,176.0,"Mon, Nov 13, 2006","Sun, Nov 12, 2006"
3879,Florence Regional,Florence,United States,FLO,KFLO,34.185361,-79.723889,146,-5,A,"Florence, SC",53,51,54,54,4.169811320754716,8.843137254901961,10.0,22.0,"Tue, Nov 21, 2006","Thu, Nov 16, 2006"
4089,Bishop International,Flint,United States,FNT,KFNT,42.965424,-83.743629,782,-5,A,"Flint, MI",560,562,568,568,4.585714285714291,12.290035587188619,32.0,51.0,"Thu, Nov 16, 2006","Sat, Nov 11, 2006"
4009,Sioux Falls,Sioux Falls,United States,FSD,KFSD,43.582014,-96.741914,1429,-6,A,"Sioux Falls, SD",538,541,557,558,5.2360594795539015,13.900184842883549,46.0,83.0,"Sat, Nov  4, 2006","Wed, Nov 29, 2006"
3437,Fort Smith Regional,Fort Smith,United States,FSM,KFSM,35.336583,-94.367444,469,-6,A,"Fort Smith, AR",141,141,149,149,3.921985815602837,8.049645390070921,10.0,47.0,"Thu, Nov 30, 2006","Wed, Nov 29, 2006"
4041,Fort Wayne,Fort Wayne,United States,FWA,KFWA,40.978472,-85.195139,815,-5,A,"Fort Wayne, IN",341,331,350,343,3.947214076246331,15.498489425981877,13.0,138.0,"Thu, Nov 23, 2006","Mon, Nov 13, 2006"
3467,Spokane International,Spokane,United States,GEG,KGEG,47.619861,-117.533833,2376,-8,A,"Spokane, WA",1141,1144,1150,1151,4.061349693251534,12.002622377622378,81.0,68.0,"Fri, Nov  3, 2006","Thu, Nov 30, 2006"
3442,Grand Forks International,Grand Forks,United States,GFK,KGFK,47.949256,-97.176111,845,-6,A,"Grand Forks, ND",74,74,75,75,4.72972972972973,9.297297297297296,13.0,39.0,"Wed, Nov 29, 2006","Tue, Nov 28, 2006"
3465,East Texas Regional,Longview,United States,GGG,KGGG,32.384014,-94.711486,365,-6,A,"Longview, TX",87,88,88,89,4.666666666666667,9.022727272727273,11.0,43.0,"Mon, Nov 13, 2006","Sun, Nov 12, 2006"
4063,Grand Junction Regional,Grand Junction,United States,GJT,KGJT,39.122413,-108.526735,4858,-7,A,"Grand Junction, CO",376,374,380,379,3.9202127659574475,10.716577540106947,26.0,35.0,"Wed, Nov 29, 2006","Wed, Nov 29, 2006"
3472,Gainesville Regional,Gainesville,United States,GNV,KGNV,29.690056,-82.271778,152,-5,A,"Gainesville, FL",172,174,174,174,3.9883720930232585,10.005747126436784,15.0,28.0,"Tue, Nov  7, 2006","Tue, Nov 21, 2006"
4038,Gulfport-Biloxi,Gulfport,United States,GPT,KGPT,30.407278,-89.070111,28,-6,A,"Gulfport/Biloxi, MS",553,531,572,543,5.215189873417722,12.807909604519773,42.0,86.0,"Wed, Nov 15, 2006","Wed, Nov 15, 2006"
3653,Austin Straubel International,Green Bay,United States,GRB,KGRB,44.485072,-88.129589,695,-6,A,"Green Bay, WI",587,589,606,608,4.1175468483816,12.008488964346347,29.0,132.0,"Wed, Nov 29, 2006","Tue, Nov 28, 2006"
3775,Robert Gray AAF,Killeen,United States,GRK,KGRK,31.06725,-97.828917,1015,-6,A,"Killeen, TX",463,462,484,483,4.5788336933045395,11.822510822510823,25.0,118.0,"Sat, Nov 11, 2006","Wed, Nov 29, 2006"
3685,Gerald R. Ford International,Grand Rapids,United States,GRR,KGRR,42.880833,-85.522806,794,-5,A,"Grand Rapids, MI",1289,1291,1309,1309,4.296353762606678,14.933384972889233,57.0,102.0,"Fri, Nov 10, 2006","Wed, Nov 15, 2006"
4008,Piedmont Triad,Greensboro,United States,GSO,KGSO,36.09775,-79.937306,925,-5,A,"Greensboro/High Point, NC",1110,1096,1142,1127,4.233333333333329,17.162408759124062,20.0,137.0,"Fri, Nov 10, 2006","Wed, Nov 22, 2006"
4034,Greenville-Spartanburg International,Greenville,United States,GSP,KGSP,34.895556,-82.218889,964,-5,A,"Greer, SC",887,891,911,913,4.171364148816235,14.719416386083052,36.0,162.0,"Wed, Nov 15, 2006","Sat, Nov 25, 2006"
3880,Great Falls International,Great Falls,United States,GTF,KGTF,47.482,-111.370689,3677,-7,A,"Great Falls, MT",291,292,295,297,4.663230240549829,9.708904109589051,9.0,43.0,"Wed, Nov  1, 2006","Mon, Nov 27, 2006"
4273,Golden Triangle Regional Airport,Columbus Mississippi,United States,GTR,KGTR,33.450333,-88.591361,264,-6,A,"Columbus, MS",53,82,54,82,4.547169811320752,8.085365853658537,15.0,20.0,"Tue, Nov 14, 2006","Mon, Nov  6, 2006"
7051,Gunnison - Crested Butte,Gunnison,United States,GUC,KGUC,38.533889,-106.933056,7678,-7,A,"Gunnison, CO",56,57,59,59,2.75,10.807017543859649,6.0,39.0,"Fri, Nov 10, 2006","Mon, Nov 13, 2006"
4339,Yampa Valley,Hayden,United States,HDN,KHDN,40.481181,-107.21766,6602,-7,A,"Hayden, CO",145,144,147,149,2.9241379310344837,13.95138888888889,10.0,37.0,"Mon, Nov 20, 2006","Sun, Nov 12, 2006"
3504,Helena Regional,Helena,United States,HLN,KHLN,46.606806,-111.98275,3877,-7,A,"Helena, MT",114,115,116,115,3.5,10.478260869565219,7.0,30.0,"Wed, Nov 22, 2006","Wed, Nov 22, 2006"
3728,Honolulu International,Honolulu,United States,HNL,PHNL,21.318681,-157.922428,13,-10,N,"Honolulu, HI",5692,5686,5725,5720,5.145115952213625,12.080196975026396,45.0,43.0,"Fri, Nov 10, 2006","Mon, Nov 27, 2006"
3566,William P. Hobby,Houston,United States,HOU,KHOU,29.645419,-95.278889,46,-6,A,"Houston, TX",4462,4481,4557,4556,4.6499327655759615,8.582012943539388,42.0,102.0,"Mon, Nov 20, 2006","Wed, Nov 15, 2006"
3589,Westchester County,White Plains,United States,HPN,KHPN,41.066959,-73.707575,439,-5,A,"White Plains, NY",685,705,721,733,6.751824817518252,18.533333333333324,37.0,224.0,"Tue, Nov 21, 2006","Thu, Nov 16, 2006"
3560,Valley International,Harlingen,United States,HRL,KHRL,26.2285,-97.654389,36,-6,A,"Harlingen/San Benito, TX",462,462,468,468,2.484848484848483,8.696969696969697,8.0,73.0,"Wed, Nov 15, 2006","Mon, Nov  6, 2006"
4113,Huntsville International Airport-Carl T. Jones Field,Huntsville,United States,HSV,KHSV,34.6371944,-86.7750556,629,-6,A,"Huntsville, AL",503,507,522,525,5.268389662027829,13.063116370808679,37.0,104.0,"Sun, Nov  5, 2006","Sat, Nov 25, 2006"
5742,TriState-Milton J. Ferguson Field,Huntington,United States,HTS,KHTS,38.3667,-82.558,828,-5,A,"Ashland, WV",51,51,52,52,3.549019607843137,8.862745098039216,10.0,27.0,"Sat, Nov  4, 2006","Sat, Nov 11, 2006"
3714,Washington Dulles International,Washington,United States,IAD,KIAD,38.944533,-77.455811,313,-5,A,"Washington, DC",8447,8486,8621,8621,7.1395761808926235,19.060334668866346,70.0,256.0,"Thu, Nov 30, 2006","Thu, Nov 16, 2006"
3550,George Bush Intercontinental Houston,Houston,United States,IAH,KIAH,29.984433,-95.341442,97,-6,A,"Houston, TX",18122,18168,18319,18320,9.09910605893388,21.401144870101263,67.0,178.0,"Sat, Nov  4, 2006","Mon, Nov  6, 2006"
3457,Wichita Mid Continent,Wichita,United States,ICT,KICT,37.649944,-97.433056,1333,-6,A,"Wichita, KS",1026,1028,1084,1084,4.6237816764132535,12.603112840466922,25.0,104.0,"Thu, Nov 30, 2006","Wed, Nov 29, 2006"
4100,Idaho Falls Regional,Idaho Falls,United States,IDA,KIDA,43.514556,-112.07075,4744,-7,A,"Idaho Falls, ID",222,222,228,226,4.085585585585585,10.117117117117115,8.0,43.0,"Tue, Nov 28, 2006","Fri, Nov 17, 2006"
3859,New Castle,Wilmington,United States,ILG,KILG,39.678722,-75.606528,79,-5,A,"Wilmington, DE",56,55,56,56,4.321428571428571,18.854545454545455,9.0,84.0,"Sun, Nov  5, 2006","Thu, Nov 16, 2006"
3845,Wilmington International,Wilmington,United States,ILM,KILM,34.270615,-77.902569,32,-5,A,"Wilmington, NC",305,310,313,314,5.288524590163932,10.116129032258064,18.0,26.0,"Sun, Nov 26, 2006","Mon, Nov 27, 2006"
3585,Indianapolis International,Indianapolis,United States,IND,KIND,39.717331,-86.294383,797,-5,A,"Indianapolis, IN",3027,3026,3052,3052,9.169144367360412,15.167217448777262,69.0,240.0,"Sun, Nov 12, 2006","Sun, Nov 12, 2006"
3689,Imperial County,Imperial,United States,IPL,KIPL,32.834219,-115.578744,-54,-8,A,"El Centro, CA",110,110,111,111,3.6,10.018181818181823,6.0,38.0,"Fri, Nov  3, 2006","Mon, Nov 27, 2006"
7522,Kinston Regional Jetport,Kinston,United States,ISO,KISO,35.331389,-77.608889,94,7,A,"Kinston, NC",58,58,58,58,4.586206896551724,11.206896551724139,15.0,33.0,"Thu, Nov 16, 2006","Thu, Nov 23, 2006"
3857,Long Island MacArthur,Islip,United States,ISP,KISP,40.79525,-73.100222,99,-5,A,"Islip, NY",998,996,1015,1003,3.963927855711421,8.78714859437752,13.0,85.0,"Thu, Nov 16, 2006","Thu, Nov 30, 2006"
3415,Hilo International,Hilo,United States,ITO,PHTO,19.721375,-155.048469,38,-10,N,"Hilo, HI",765,766,766,767,4.160784313725492,7.103133159268929,11.0,30.0,"Fri, Nov 17, 2006","Tue, Nov 14, 2006"
7120,Inyokern Airport,Inyokern,United States,IYK,KIYK,35.658889,-117.829444,2455,-8,A,"Inyokern, CA",80,80,84,84,4.050000000000002,12.075,13.0,21.0,"Tue, Nov 28, 2006","Wed, Nov 15, 2006"
4027,Jackson Hole Airport,Jacksn Hole,United States,JAC,KJAC,43.60733333,-110.73775,6451,-7,A,"Jackson, WY",229,228,232,234,3.013100436681223,13.600877192982455,11.0,59.0,"Wed, Nov 15, 2006","Sat, Nov 18, 2006"
3580,Jackson Evers International,Jackson,United States,JAN,KJAN,32.311167,-90.075889,346,-6,A,"Jackson/Vicksburg, MS",929,946,948,961,4.151776103336926,10.542283298097248,46.0,78.0,"Sun, Nov  5, 2006","Mon, Nov 13, 2006"
3712,Jacksonville International,Jacksonville,United States,JAX,KJAX,30.494056,-81.687861,30,-5,A,"Jacksonville, FL",2714,2712,2736,2735,5.425939572586587,13.4524336283186,35.0,113.0,"Mon, Nov 20, 2006","Tue, Nov  7, 2006"
3797,John F. Kennedy International,New York,United States,JFK,KJFK,40.639751,-73.778925,13,-5,A,"New York, NY",9884,9898,10097,10086,10.034702549575073,37.762578298646105,134.0,333.0,"Tue, Nov 21, 2006","Thu, Nov 16, 2006"
3492,Juneau International,Juneau,United States,JNU,PAJN,58.354972,-134.576278,21,-9,A,"Juneau, AK",268,275,296,296,4.2164179104477615,15.24,29.0,68.0,"Wed, Nov 22, 2006","Wed, Nov 29, 2006"
3514,Kona International At Keahole,Kona,United States,KOA,PHKO,19.738767,-156.045631,47,-10,N,"Kona, HI",1268,1268,1273,1272,3.872239747634073,8.006309148265006,16.0,50.0,"Tue, Nov 28, 2006","Mon, Nov  6, 2006"
3808,Ketchikan International,Ketchikan,United States,KTN,PAKT,55.355556,-131.71375,88,-9,A,"Ketchikan, AK",171,171,178,178,4.397660818713449,12.415204678362572,22.0,53.0,"Fri, Nov 17, 2006","Thu, Nov 16, 2006"
3544,Capital City,Lansing,United States,LAN,KLAN,42.7787,-84.587357,861,-5,A,"Lansing, MI",372,369,385,385,4.669354838709681,12.168021680216794,15.0,99.0,"Fri, Nov 24, 2006","Wed, Nov 15, 2006"
3877,McCarran International,Las Vegas,United States,LAS,KLAS,36.080056,-115.15225,2141,-8,A,"Las Vegas, NV",14946,14956,15063,15068,6.446139435300424,16.389007756084546,67.0,200.0,"Sun, Nov 26, 2006","Wed, Nov 29, 2006"
4256,Lawton-Fort Sill Regional Airport,Lawton,United States,LAW,KLAW,34.5677144,-98.4166367,1110,-6,A,"Lawton/Fort Sill, OK",166,168,177,177,3.783132530120482,9.815476190476193,9.0,84.0,"Thu, Nov  2, 2006","Sun, Nov  5, 2006"
3484,Los Angeles International,Los Angeles,United States,LAX,KLAX,33.942536,-118.408075,126,-8,A,"Los Angeles, CA",18759,18768,19067,19056,8.855429393890953,15.96962915601023,70.0,121.0,"Sun, Nov 19, 2006","Wed, Nov 15, 2006"
3829,Lubbock Preston Smith International,Lubbock,United States,LBB,KLBB,33.663639,-101.822778,3282,-6,A,"Lubbock, TX",767,766,778,778,3.3572359843546282,9.284595300261111,26.0,163.0,"Thu, Nov 30, 2006","Sat, Nov 25, 2006"
3513,Lake Charles Regional,Lake Charles,United States,LCH,KLCH,30.126112,-93.223335,15,-6,A,"Lake Charles, LA",111,112,115,115,4.837837837837838,20.339285714285715,10.0,66.0,"Fri, Nov 24, 2006","Tue, Nov  7, 2006"
4017,Blue Grass,Lexington KY,United States,LEX,KLEX,38.0365,-84.605889,979,-5,A,"Lexington, KY",711,692,730,705,4.895921237693392,16.46098265895951,33.0,155.0,"Wed, Nov 15, 2006","Wed, Nov 29, 2006"
3493,Lafayette Regional,Lafayette,United States,LFT,KLFT,30.205278,-91.987611,43,-6,A,"Lafayette, LA",491,494,501,501,5.1384928716904295,13.145748987854251,31.0,117.0,"Mon, Nov 20, 2006","Fri, Nov 24, 2006"
3697,LaGuardia Airport,New York,United States,LGA,KLGA,40.777245,-73.872608,22,-5,A,"New York, NY",9919,9950,10308,10313,7.499949591692704,26.00814070351759,131.0,256.0,"Wed, Nov  8, 2006","Thu, Nov 16, 2006"
3582,Long Beach,Long Beach,United States,LGB,KLGB,33.817722,-118.151611,60,-8,A,"Long Beach, CA",1083,1093,1096,1100,4.716528162511532,14.466605672461112,37.0,41.0,"Sat, Nov 18, 2006","Fri, Nov 17, 2006"
3602,Lihue,Lihue,United States,LIH,PHLI,21.975983,-159.338958,153,-10,N,"Lihue, HI",1375,1372,1386,1385,4.8138181818181645,5.572886297376088,22.0,69.0,"Wed, Nov  1, 2006","Tue, Nov 21, 2006"
3660,Adams Field,Little Rock,United States,LIT,KLIT,34.729444,-92.224306,262,-6,A,"Little Rock, AR",1341,1350,1374,1380,4.790454884414617,11.887407407407412,33.0,112.0,"Fri, Nov 17, 2006","Tue, Nov 28, 2006"
3543,Lincoln,Lincoln,United States,LNK,KLNK,40.850971,-96.75925,1219,-6,A,"Lincoln, NE",200,199,205,205,4.1899999999999995,11.135678391959798,17.0,55.0,"Mon, Nov 13, 2006","Tue, Nov 21, 2006"
3691,Laredo International,Laredo,United States,LRD,KLRD,27.54375,-99.461556,508,-6,A,"Laredo, TX",238,238,242,242,3.5294117647058822,11.794117647058824,12.0,76.0,"Thu, Nov 23, 2006","Wed, Nov 15, 2006"
4044,LaCrosse Municipal,LaCrosse,United States,LSE,KLSE,43.878986,-91.256711,654,-6,A,"La Crosse, WI",139,139,142,142,3.8345323741007196,13.611510791366907,10.0,159.0,"Thu, Nov  2, 2006","Tue, Nov 28, 2006"
3945,Lewiston Nez Perce County,Lewiston,United States,LWS,KLWS,46.3745,-117.015389,1442,-8,A,"Lewiston, ID",58,58,58,58,4.879310344827585,11.775862068965518,9.0,33.0,"Sat, Nov 11, 2006","Tue, Nov 28, 2006"
5753,Lynchburg Regional-Preston Glenn Field,Lynchburg,United States,LYH,KLYH,37.3267,-79.2004,938,-5,A,"Lynchburg, VA",83,83,84,84,4.445783132530121,10.771084337349398,15.0,25.0,"Fri, Nov 24, 2006","Sun, Nov  5, 2006"
3652,Midland International,Midland,United States,MAF,KMAF,31.942528,-102.201914,2871,-6,A,"Midland/Odessa, TX",716,713,723,723,3.4567039106145243,8.875175315568034,10.0,98.0,"Fri, Nov 17, 2006","Wed, Nov 15, 2006"
4128,MBS International,Saginaw,United States,MBS,KMBS,43.532913,-84.079647,668,-5,A,"Saginaw/Bay City/Midland, MI",216,216,227,227,4.9999999999999964,13.76388888888889,18.0,156.0,"Mon, Nov 20, 2006","Wed, Nov 15, 2006"
3458,Kansas City International,Kansas City,United States,MCI,KMCI,39.297606,-94.713905,1026,-6,A,"Kansas City, MO",4560,4571,4629,4627,4.860087719298245,12.076350907897607,48.0,198.0,"Thu, Nov 30, 2006","Wed, Nov 29, 2006"
3754,Middle Georgia Regional,Macon,United States,MCN,KMCN,32.69285,-83.649211,354,-5,A,"Macon, GA",82,81,89,89,4.475609756097558,12.08641975308642,12.0,51.0,"Wed, Nov  1, 2006","Thu, Nov  2, 2006"
3878,Orlando International,Orlando,United States,MCO,KMCO,28.429394,-81.308994,96,-5,A,"Orlando, FL",9452,9446,9484,9481,6.052475666525596,13.6434469616769,65.0,175.0,"Tue, Nov  7, 2006","Mon, Nov 13, 2006"
3542,Harrisburg International,Harrisburg,United States,MDT,KMDT,40.193494,-76.763403,310,-5,A,"Harrisburg, PA",743,740,757,757,4.889636608344554,12.817567567567568,31.0,125.0,"Mon, Nov 20, 2006","Mon, Nov 13, 2006"
3747,Chicago Midway International,Chicago,United States,MDW,KMDW,41.785972,-87.752417,620,-6,A,"Chicago, IL",8207,8244,8331,8330,5.126842938954567,11.681222707423567,76.0,192.0,"Mon, Nov 13, 2006","Fri, Nov 10, 2006"
4335,Key Field,Meridian,United States,MEI,KMEI,32.332624,-88.751868,297,-6,A,"Meridian, MS",79,81,82,82,4.050632911392405,9.172839506172837,11.0,24.0,"Sat, Nov  4, 2006","Tue, Nov 14, 2006"
3473,Memphis International,Memphis,United States,MEM,KMEM,35.042417,-89.976667,341,-6,A,"Memphis, TN",3975,3971,4016,4014,7.187672955974839,17.909594560564038,45.0,176.0,"Mon, Nov 20, 2006","Wed, Nov 15, 2006"
3826,McAllen Miller International,Mcallen,United States,MFE,KMFE,26.175833,-98.238611,107,-6,A,"Mission/McAllen/Edinburg, TX",380,356,389,363,4.097368421052629,10.997191011235948,18.0,47.0,"Mon, Nov 13, 2006","Mon, Nov  6, 2006"
4101,Rogue Valley International Medford,Medford,United States,MFR,KMFR,42.374228,-122.8735,1335,-8,A,"Medford, OR",496,495,508,505,3.631048387096775,9.943434343434332,13.0,43.0,"Wed, Nov  1, 2006","Sun, Nov 19, 2006"
4115,Montgomery Regional Airport ,MONTGOMERY,United States,MGM,KMGM,32.3006389,-86.3939722,221,-6,A,"Montgomery, AL",274,277,280,280,3.832116788321169,12.404332129963905,15.0,80.0,"Mon, Nov 13, 2006","Sat, Nov 11, 2006"
4011,Manchester Regional Airport,Manchester NH,United States,MHT,KMHT,42.932556,-71.435667,266,-5,A,"Manchester, NH",1726,1724,1749,1742,4.50926998841252,13.901392111368917,23.0,181.0,"Thu, Nov 23, 2006","Fri, Nov 10, 2006"
3576,Miami International,Miami,United States,MIA,KMIA,25.79325,-80.290556,8,-5,A,"Miami, FL",5039,5033,5063,5061,7.030958523516573,16.76932247168692,95.0,170.0,"Sun, Nov 12, 2006","Thu, Nov 16, 2006"
3717,General Mitchell International,Milwaukee,United States,MKE,KMKE,42.947222,-87.896583,723,-6,A,"Milwaukee, WI",1860,1847,1896,1881,5.2580645161290285,14.574986464537083,30.0,123.0,"Sat, Nov 11, 2006","Tue, Nov 28, 2006"
3671,Melbourne International,Melbourne,United States,MLB,KMLB,28.102753,-80.645258,33,-5,A,"Melbourne, FL",138,161,140,166,5.028985507246378,11.583850931677018,11.0,52.0,"Wed, Nov 29, 2006","Sun, Nov  5, 2006"
4072,Quad City International,Moline,United States,MLI,KMLI,41.448528,-90.507539,590,-6,A,"Moline, IL",445,443,454,453,3.8134831460674157,13.115124153498872,11.0,150.0,"Fri, Nov 24, 2006","Wed, Nov 15, 2006"
3732,Monroe Regional,Monroe,United States,MLU,KMLU,32.510864,-92.037689,79,-6,A,"Monroe, LA",243,242,252,253,4.7818930041152266,10.223140495867773,15.0,36.0,"Fri, Nov  3, 2006","Sun, Nov  5, 2006"
3782,Mobile Regional,Mobile,United States,MOB,KMOB,30.691231,-88.242814,219,-6,A,"Mobile, AL",468,486,481,497,4.837606837606837,11.69135802469136,23.0,147.0,"Mon, Nov  6, 2006","Wed, Nov 15, 2006"
3816,Modesto City County Harry Sham,Modesto,United States,MOD,KMOD,37.625817,-120.954422,97,-8,A,"Modesto, CA",230,230,257,259,3.3434782608695652,11.273913043478261,67.0,66.0,"Sun, Nov 26, 2006","Sun, Nov 19, 2006"
3498,Minot International,Minot,United States,MOT,KMOT,48.259378,-101.280333,1716,-6,A,"Minot, ND",87,87,89,89,6.045977011494254,13.068965517241377,13.0,34.0,"Sat, Nov  4, 2006","Mon, Nov 13, 2006"
6838,Sawyer International Airport,Marquette,United States,MQT,KMQT,46.353611,-87.395278,1221,-5,A,"Marquette, MI",79,78,82,81,4.759493670886077,10.974358974358974,10.0,41.0,"Sun, Nov 26, 2006","Fri, Nov 10, 2006"
3948,Monterey Peninsula,Monterey,United States,MRY,KMRY,36.587,-121.842944,257,-8,A,"Monterey, CA",631,634,655,653,3.6228209191759113,10.042586750788637,85.0,40.0,"Sat, Nov  4, 2006","Tue, Nov 14, 2006"
3459,Dane County Regional-Truax Field,Madison,United States,MSN,KMSN,43.139858,-89.337514,887,-6,A,"Madison, WI",1073,1075,1094,1094,4.51537744641193,15.639999999999993,60.0,160.0,"Fri, Nov 10, 2006","Tue, Nov 21, 2006"
4216,Missoula International,Missoula,United States,MSO,KMSO,46.916306,-114.090556,3205,-7,A,"Missoula, MT",313,312,318,314,4.87859424920128,13.086538461538456,23.0,57.0,"Thu, Nov 30, 2006","Tue, Nov 21, 2006"
3858,Minneapolis St. Paul International,Minneapolis,United States,MSP,KMSP,44.881956,-93.221767,841,-6,A,"Minneapolis, MN",10417,10440,10517,10515,7.707497360084479,17.95392720306501,46.0,176.0,"Thu, Nov 30, 2006","Mon, Nov 13, 2006"
3861,Louis Armstrong New Orleans International,New Orleans,United States,MSY,KMSY,29.993389,-90.258028,4,-6,A,"New Orleans, LA",2819,2821,2841,2841,4.218871940404406,10.856788372917414,33.0,140.0,"Mon, Nov  6, 2006","Thu, Nov 16, 2006"
6880,Montrose Regional Airport,Montrose CO,United States,MTJ,KMTJ,38.509794,-107.894242,5759,-7,A,"Montrose/Delta, CO",144,144,148,148,4.097222222222223,11.430555555555555,9.0,35.0,"Sun, Nov 12, 2006","Sun, Nov 12, 2006"
3515,Myrtle Beach International,Myrtle Beach,United States,MYR,KMYR,33.67975,-78.928333,25,-5,A,"Myrtle Beach, SC",563,567,575,575,4.131438721136768,12.063492063492065,69.0,80.0,"Mon, Nov 13, 2006","Sun, Nov 12, 2006"
3453,Metropolitan Oakland International,Oakland,United States,OAK,KOAK,37.721278,-122.220722,9,-8,A,"Oakland, CA",6087,6086,6174,6173,5.697880729423364,10.872494249096329,45.0,132.0,"Sat, Nov 18, 2006","Thu, Nov 16, 2006"
3456,Kahului,Kahului,United States,OGG,PHOG,20.89865,-156.430458,54,-10,N,"Kahului, HI",2204,2212,2223,2228,4.930580762250455,7.653254972875236,54.0,51.0,"Wed, Nov 15, 2006","Thu, Nov  2, 2006"
3863,Will Rogers World,Oklahoma City,United States,OKC,KOKC,35.393089,-97.600733,1295,-6,A,"Oklahoma City, OK",1793,1837,1860,1893,4.816508644729503,12.199237887860646,86.0,212.0,"Wed, Nov 29, 2006","Thu, Nov 30, 2006"
3454,Eppley Airfield,Omaha,United States,OMA,KOMA,41.303167,-95.894069,984,-6,A,"Omaha, NE",1952,1950,1980,1980,3.8852459016393444,12.617435897435891,27.0,153.0,"Thu, Nov  2, 2006","Thu, Nov 30, 2006"
3615,Nome,Nome,United States,OME,PAOM,64.512203,-165.445247,37,-9,A,"Nome, AK",84,84,87,87,3.4642857142857144,5.166666666666668,9.0,25.0,"Tue, Nov 14, 2006","Thu, Nov 30, 2006"
3734,Ontario International,Ontario,United States,ONT,KONT,34.056,-117.601194,944,-8,A,"Ontario, CA",2917,2926,2966,2968,4.217346588961258,11.026315789473692,27.0,113.0,"Sun, Nov 19, 2006","Thu, Nov 23, 2006"
3830,Chicago O'Hare International,Chicago,United States,ORD,KORD,41.978603,-87.904842,668,-6,A,"Chicago, IL",29490,29668,30537,30535,7.914988131570022,18.34848995550757,73.0,186.0,"Tue, Nov  7, 2006","Wed, Nov  8, 2006"
3611,Norfolk International,Norfolk,United States,ORF,KORF,36.894611,-76.201222,26,-5,A,"Norfolk, VA",1621,1624,1653,1655,4.252930289944469,13.911945812807877,25.0,241.0,"Wed, Nov 29, 2006","Mon, Nov 13, 2006"
3693,Ralph Wien Memorial,Kotzebue,United States,OTZ,PAOT,66.884678,-162.59855,11,-9,A,"Kotzebue, AK",84,85,87,87,4.023809523809524,5.447058823529411,12.0,15.0,"Thu, Nov 30, 2006","Sat, Nov  4, 2006"
6961,Oxnard - Ventura County,Oxnard,United States,OXR,KOXR,34.200833,-119.207222,15,-8,A,"Oxnard/Ventura, CA",108,108,109,109,3.398148148148149,9.879629629629632,6.0,28.0,"Wed, Nov 15, 2006","Thu, Nov 16, 2006"
3722,Palm Beach International,West Palm Beach,United States,PBI,KPBI,26.683161,-80.095589,19,-5,A,"West Palm Beach/Palm Beach, FL",2305,2307,2314,2312,4.4997830802603085,13.91330732553099,26.0,104.0,"Tue, Nov 14, 2006","Sun, Nov 26, 2006"
3720,Portland International,Portland,United States,PDX,KPDX,45.588722,-122.5975,30,-8,A,"Portland, OR",4695,4698,4744,4742,4.05644302449414,11.16475095785443,63.0,118.0,"Thu, Nov  2, 2006","Fri, Nov 10, 2006"
4073,Panama City Bay County International,Panama City,United States,PFN,KPFN,30.212083,-85.682806,20,-6,A,"Panama City, FL",223,220,228,228,3.4529147982062782,9.363636363636362,18.0,24.0,"Sun, Nov 19, 2006","Sun, Nov 12, 2006"
3633,Newport News Williamsburg International,Newport News,United States,PHF,KPHF,37.131894,-76.492989,43,-5,A,"Newport News/Williamsburg, VA",445,463,456,472,5.507865168539324,11.825053995680337,12.0,187.0,"Wed, Nov 22, 2006","Mon, Nov 27, 2006"
3752,Philadelphia International,Philadelphia,United States,PHL,KPHL,39.871944,-75.241139,36,-5,A,"Philadelphia, PA",8427,8444,8590,8589,6.794114156876703,23.785765040265282,234.0,240.0,"Tue, Nov  7, 2006","Thu, Nov 16, 2006"
3462,Phoenix Sky Harbor International,Phoenix,United States,PHX,KPHX,33.434278,-112.011583,1135,-7,N,"Phoenix, AZ",17322,17382,17524,17529,6.760420274795067,14.637613623288479,70.0,169.0,"Tue, Nov 21, 2006","Wed, Nov 29, 2006"
4046,Peoria Regional,Peoria,United States,PIA,KPIA,40.664203,-89.693258,660,-6,A,"Peoria, IL",386,371,408,390,3.6658031088082894,14.576819407008081,12.0,151.0,"Thu, Nov 16, 2006","Wed, Nov 15, 2006"
5760,Pocatello Regional Airport,Pocatello,United States,PIH,KPIH,42.9098,-112.596,4452,-7,A,"Pocatello, ID",148,148,149,149,3.3378378378378373,10.23648648648649,7.0,34.0,"Mon, Nov  6, 2006","Wed, Nov 15, 2006"
3570,Pittsburgh International,Pittsburgh (pennsylva),United States,PIT,KPIT,40.491467,-80.232872,1204,-5,A,"Pittsburgh, PA",4008,4008,4066,4066,6.3552894211576865,16.24051896207582,68.0,165.0,"Sat, Nov  4, 2006","Mon, Nov 13, 2006"
3564,Pensacola Regional,Pensacola,United States,PNS,KPNS,30.473425,-87.186611,121,-6,A,"Pensacola, FL",873,876,900,900,4.105383734249721,11.337899543378997,27.0,186.0,"Sat, Nov 11, 2006","Wed, Nov 15, 2006"
6133,Tri Cities Airport,Pasco,United States,PSC,PSC,46.2647,-119.119,410,-8,A,"Pasco/Kennewick/Richland, WA",204,205,204,206,4.308823529411763,9.692682926829267,8.0,92.0,"Thu, Nov 16, 2006","Sat, Nov 18, 2006"
4147,Petersburg James A. Johnson,Petersburg,United States,PSG,PAPG,56.801667,-132.945278,105,-9,A,"Petersburg, AK",51,51,58,58,4.764705882352942,7.647058823529412,70.0,19.0,"Thu, Nov 16, 2006","Wed, Nov  8, 2006"
3839,Palm Springs International,Palm Springs,United States,PSP,KPSP,33.829667,-116.506694,477,-8,A,"Palm Springs, CA",1121,1119,1133,1130,4.302408563782332,11.414655942806075,16.0,50.0,"Fri, Nov  3, 2006","Fri, Nov 17, 2006"
3641,Theodore Francis Green State,Providence,United States,PVD,KPVD,41.732581,-71.420383,55,-5,A,"Providence, RI",2155,2142,2193,2176,4.48352668213457,13.019140989729218,28.0,145.0,"Mon, Nov 27, 2006","Thu, Nov 16, 2006"
3862,Portland International Jetport,Portland,United States,PWM,KPWM,43.646161,-70.309281,77,-5,A,"Portland, ME",593,575,617,599,3.935919055649241,17.784347826086957,43.0,140.0,"Wed, Nov  8, 2006","Thu, Nov 16, 2006"
4087,Rapid City Regional Airport,Rapid City,United States,RAP,KRAP,44.045278,-103.057222,3204,-7,A,"Rapid City, SD",348,344,349,349,4.054597701149423,11.319767441860465,13.0,41.0,"Fri, Nov 10, 2006","Fri, Nov 10, 2006"
4098,Redding Municipal,Redding,United States,RDD,KRDD,40.509,-122.293389,504,-8,A,"Redding, CA",134,134,145,144,3.8134328358208953,11.888059701492537,8.0,82.0,"Sun, Nov  5, 2006","Thu, Nov 16, 2006"
4103,Roberts Field,Redmond-Bend,United States,RDM,KRDM,44.254066,-121.149964,3077,-8,A,"Bend/Redmond, OR",287,285,289,289,3.327526132404181,10.936842105263153,7.0,29.0,"Thu, Nov  2, 2006","Tue, Nov 28, 2006"
3626,Raleigh Durham International,Raleigh-durham,United States,RDU,KRDU,35.877639,-78.787472,435,-5,A,"Raleigh/Durham, NC",4995,4999,5091,5088,4.854054054054041,15.047809561912379,61.0,198.0,"Fri, Nov  3, 2006","Mon, Nov 13, 2006"
4028,Chicago Rockford International Airport ,Rockford,United States,RFD,KRFD,42.1953611,-89.0972222,742,-6,A,"Rockford, IL",59,60,61,60,3.7796610169491527,13.833333333333334,6.0,40.0,"Tue, Nov  7, 2006","Wed, Nov 22, 2006"
3608,Richmond International,Richmond,United States,RIC,KRIC,37.505167,-77.319667,167,-5,A,"Richmond, VA",1651,1658,1689,1691,5.344639612356154,16.34981905910737,29.0,138.0,"Sun, Nov 12, 2006","Thu, Nov  2, 2006"
3807,Reno Tahoe International,Reno,United States,RNO,KRNO,39.499108,-119.768108,4415,-8,A,"Reno, NV",2106,2106,2121,2122,4.453941120607785,10.368471035137716,27.0,84.0,"Thu, Nov 23, 2006","Mon, Nov 13, 2006"
4016,Roanoke Regional,Roanoke VA,United States,ROA,KROA,37.325472,-79.975417,1175,-5,A,"Roanoke, VA",304,307,311,311,5.671052631578948,12.504885993485342,14.0,121.0,"Mon, Nov 27, 2006","Wed, Nov 29, 2006"
3622,Greater Rochester International,Rochester,United States,ROC,KROC,43.118866,-77.672389,559,-5,A,"Rochester, NY",1493,1472,1532,1509,6.138647019423982,14.741847826086957,49.0,198.0,"Fri, Nov  3, 2006","Sun, Nov 19, 2006"
4048,Rochester,Rochester,United States,RST,KRST,43.908283,-92.500014,1317,-6,A,"Rochester, MN",208,211,219,219,4.360576923076923,13.227488151658768,32.0,116.0,"Fri, Nov 10, 2006","Wed, Nov 29, 2006"
3793,Southwest Florida International,Fort Myers,United States,RSW,KRSW,26.536167,-81.755167,30,-5,A,"Fort Myers, FL",2112,2106,2116,2113,7.081439393939395,14.115384615384619,37.0,149.0,"Sun, Nov 26, 2006","Mon, Nov 13, 2006"
3731,San Diego International,San Diego,United States,SAN,KSAN,32.733556,-117.189667,17,-8,A,"San Diego, CA",7287,7347,7519,7524,3.5365719774941637,13.850687355383133,52.0,164.0,"Mon, Nov 20, 2006","Sun, Nov 12, 2006"
3621,San Antonio International,San Antonio,United States,SAT,KSAT,29.533694,-98.469778,809,-6,A,"San Antonio, TX",3422,3423,3448,3449,3.82583284628872,10.706690037978348,39.0,124.0,"Fri, Nov 17, 2006","Wed, Nov 29, 2006"
3613,Savannah Hilton Head International,Savannah,United States,SAV,KSAV,32.127583,-81.202139,51,-5,A,"Savannah, GA",1120,1125,1137,1141,5.421428571428574,14.363555555555559,65.0,176.0,"Thu, Nov  2, 2006","Sat, Nov 25, 2006"
3949,Santa Barbara Municipal,Santa Barbara,United States,SBA,KSBA,34.426211,-119.840372,10,-8,A,"Santa Barbara, CA",1160,1157,1183,1179,4.422413793103441,10.450302506482272,78.0,80.0,"Sat, Nov  4, 2006","Fri, Nov 24, 2006"
4359,South Bend Regional,South Bend,United States,SBN,KSBN,41.708661,-86.31725,799,-5,A,"South Bend, IN",68,69,77,76,4.132352941176471,12.376811594202898,12.0,111.0,"Sat, Nov 18, 2006","Tue, Nov  7, 2006"
5768,San Luis County Regional Airport,San Luis Obispo,United States,SBP,KSBP,35.2368,-120.642,212,-8,A,"San Luis Obispo, CA",535,532,554,552,3.6691588785046734,11.761278195488721,21.0,63.0,"Sat, Nov 18, 2006","Mon, Nov 20, 2006"
3620,Deadhorse,Deadhorse,United States,SCC,PASC,70.19475,-148.465167,64,-9,A,"Deadhorse, AK",55,56,58,58,2.8,6.5,5.0,14.0,"Tue, Nov  7, 2006","Mon, Nov 20, 2006"
4318,University Park Airport,State College Pennsylvania,United States,SCE,KUNV,40.849278,-77.848694,1239,-5,A,"State College, PA",82,81,82,82,4.7560975609756095,10.716049382716049,64.0,40.0,"Wed, Nov 29, 2006","Wed, Nov 22, 2006"
4014,Louisville International Airport,Louisville,United States,SDF,KSDF,38.1740858,-85.7364989,501,-5,A,"Louisville, KY",1564,1563,1572,1573,5.760230179028128,14.093410108765195,33.0,190.0,"Tue, Nov 28, 2006","Wed, Nov 29, 2006"
3577,Seattle Tacoma International,Seattle,United States,SEA,KSEA,47.449,-122.309306,433,-8,A,"Seattle, WA",8144,8176,8283,8282,6.14157662082515,16.732876712328796,128.0,227.0,"Mon, Nov 27, 2006","Fri, Nov 10, 2006"
3469,San Francisco International,San Francisco,United States,SFO,KSFO,37.618972,-122.374889,13,-8,A,"San Francisco, CA",10441,10478,10723,10730,5.601474954506298,16.311414392059547,127.0,192.0,"Sat, Nov  4, 2006","Wed, Nov 29, 2006"
4348,Springfield Branson National,Springfield,United States,SGF,KSGF,37.245667,-93.388639,1268,-6,A,"Springfield, MO",772,769,808,809,4.046632124352328,13.188556566970096,36.0,182.0,"Thu, Nov  9, 2006","Thu, Nov 30, 2006"
4064,St. George Municipal,Saint George,United States,SGU,KSGU,37.090583,-113.593056,2941,-7,A,"St. George, UT",299,299,299,299,3.842809364548495,9.488294314381278,7.0,26.0,"Sun, Nov  5, 2006","Thu, Nov 30, 2006"
3609,Shreveport Regional,Shreveport,United States,SHV,KSHV,32.446629,-93.8256,258,-6,A,"Shreveport, LA",602,607,624,625,4.5365448504983386,9.504118616144972,21.0,50.0,"Wed, Nov  1, 2006","Sun, Nov  5, 2006"
3856,Sitka Rocky Gutierrez,Sitka,United States,SIT,PASI,57.047138,-135.361611,21,-9,A,"Sitka, AK",83,89,90,90,4.072289156626505,14.224719101123595,7.0,73.0,"Tue, Nov 14, 2006","Tue, Nov 14, 2006"
3748,Norman Y. Mineta San Jose International,San Jose,United States,SJC,KSJC,37.3626,-121.929022,62,-8,A,"San Jose, CA",4825,4822,4906,4905,4.030673575129527,12.972003318125278,33.0,115.0,"Tue, Nov  7, 2006","Tue, Nov  7, 2006"
3708,San Angelo Regional-Mathis Field,San Angelo,United States,SJT,KSJT,31.35775,-100.496306,1919,-6,A,"San Angelo, TX",144,144,148,148,3.3819444444444446,7.493055555555555,10.0,32.0,"Wed, Nov 29, 2006","Thu, Nov 30, 2006"
3536,Salt Lake City International,Salt Lake City,United States,SLC,KSLC,40.788389,-111.977772,4227,-7,A,"Salt Lake City, UT",11257,11301,11383,11394,5.9025495247401745,17.261569772586515,46.0,130.0,"Fri, Nov 24, 2006","Wed, Nov 29, 2006"
3817,Sacramento International,Sacramento,United States,SMF,KSMF,38.695417,-121.590778,27,-8,A,"Sacramento, CA",4346,4349,4403,4402,4.333410032213527,10.597608645665666,31.0,85.0,"Fri, Nov 17, 2006","Sun, Nov 19, 2006"
5772,Santa Maria Public-Captain G. Allan Hancock Airport,Santa Maria,United States,SMX,KSMX,34.8989,-120.457,261,-8,A,"Santa Maria, CA",138,138,139,140,3.6666666666666665,11.39130434782609,7.0,32.0,"Mon, Nov 13, 2006","Tue, Nov  7, 2006"
3867,John Wayne Airport Orange County,Santa Ana,United States,SNA,KSNA,33.675667,-117.868222,56,-8,A,"Santa Ana, CA",4159,4156,4237,4232,6.368598220726139,13.420115495668915,156.0,212.0,"Fri, Nov 10, 2006","Fri, Nov 10, 2006"
4336,Abraham Lincoln Capital,Springfield,United States,SPI,KSPI,39.8441,-89.677889,597,-6,A,"Springfield, IL",129,131,137,138,4.410852713178295,14.564885496183207,13.0,210.0,"Sun, Nov 26, 2006","Tue, Nov 28, 2006"
3680,Sheppard AFB Wichita Falls Municipal,Wichita Falls,United States,SPS,KSPS,33.988797,-98.491894,1019,-6,A,"Wichita Falls, TX",186,187,197,198,6.71505376344086,10.342245989304816,20.0,49.0,"Thu, Nov 30, 2006","Mon, Nov  6, 2006"
4067,Sarasota Bradenton International,Sarasota,United States,SRQ,KSRQ,27.395444,-82.554389,30,-5,A,"Sarasota/Bradenton, FL",632,633,634,635,4.4699367088607564,11.453396524486564,15.0,77.0,"Tue, Nov 28, 2006","Wed, Nov  8, 2006"
3678,Lambert St. Louis International,St. Louis,United States,STL,KSTL,38.748697,-90.370028,618,-6,A,"St. Louis, MO",5000,4971,5225,5192,4.178000000000006,11.987929993965011,58.0,126.0,"Tue, Nov 21, 2006","Tue, Nov 28, 2006"
6494,Friedman Memorial,Hailey,United States,SUN,KSUN,43.504444,-114.296194,5320,-7,A,"Sun Valley/Hailey/Ketchum, ID",232,235,238,247,2.9784482758620685,8.285106382978725,6.0,31.0,"Wed, Nov  1, 2006","Wed, Nov  8, 2006"
3661,Stewart International,Newburgh,United States,SWF,KSWF,41.504094,-74.104839,491,-5,A,"Newburgh/Poughkeepsie, NY",86,86,89,89,4.41860465116279,13.209302325581396,8.0,61.0,"Wed, Nov  1, 2006","Mon, Nov 13, 2006"
3745,Syracuse Hancock International,Syracuse,United States,SYR,KSYR,43.111187,-76.106311,421,-5,A,"Syracuse, NY",1088,1094,1103,1114,4.913602941176466,15.378427787934184,47.0,219.0,"Tue, Nov  7, 2006","Mon, Nov 13, 2006"
3698,Tallahassee Regional,Tallahassee,United States,TLH,KTLH,30.396528,-84.350333,81,-5,A,"Tallahassee, FL",269,270,274,275,4.624535315985134,11.103703703703705,12.0,101.0,"Sun, Nov 12, 2006","Sat, Nov 25, 2006"
4040,Toledo,Toledo,United States,TOL,KTOL,41.586806,-83.807833,684,-5,A,"Toledo, OH",197,201,202,203,3.5076142131979706,13.318407960199005,14.0,56.0,"Thu, Nov 23, 2006","Sun, Nov 26, 2006"
3646,Tampa International,Tampa,United States,TPA,KTPA,27.975472,-82.53325,26,-5,A,"Tampa, FL",6436,6439,6465,6466,4.486171535114988,12.517782264326728,36.0,161.0,"Wed, Nov  8, 2006","Sun, Nov 12, 2006"
4116,Tri-Cities Regional Airport,BRISTOL,United States,TRI,KTRI,36.4752222,-82.4074167,1519,-5,A,"Bristol/Johnson City/Kingsport, TN",74,76,80,81,3.9324324324324333,9.815789473684207,9.0,28.0,"Sat, Nov 18, 2006","Sun, Nov 12, 2006"
3855,Tulsa International,Tulsa,United States,TUL,KTUL,36.198389,-95.888111,677,-6,A,"Tulsa, OK",1706,1714,1790,1791,4.019343493552171,11.478996499416578,34.0,167.0,"Sun, Nov 12, 2006","Wed, Nov 15, 2006"
5773,Tupelo Regional Airport,Tupelo,United States,TUP,KTUP,34.2681,-88.7699,346,-6,A,"Tupelo, MS",50,51,51,51,3.9,10.745098039215685,8.0,45.0,"Tue, Nov  7, 2006","Wed, Nov 15, 2006"
3636,Tucson International,Tucson,United States,TUS,KTUS,32.116083,-110.941028,2643,-7,N,"Tucson, AZ",2017,2016,2027,2027,5.13882002974715,10.641369047619047,33.0,58.0,"Mon, Nov 13, 2006","Thu, Nov  2, 2006"
4023,Cherry Capital Airport,Traverse City,United States,TVC,KTVC,44.741445,-85.582235,624,-5,A,"Traverse City, MI",199,200,205,205,4.190954773869348,13.650000000000004,13.0,57.0,"Fri, Nov 24, 2006","Mon, Nov  6, 2006"
4263,Magic Valley Regional Airport,Twin Falls,United States,TWF,KTWF,42.481803,-114.487733,4151,-7,A,"Twin Falls, ID",176,170,176,170,3.659090909090909,10.01764705882353,54.0,30.0,"Wed, Nov 15, 2006","Tue, Nov 28, 2006"
3770,Texarkana Regional-Webb Field,Texarkana,United States,TXK,KTXK,33.453722,-93.991028,390,-6,A,"Texarkana, AR",85,85,89,89,3.4352941176470586,8.117647058823533,7.0,26.0,"Fri, Nov 10, 2006","Fri, Nov  3, 2006"
3848,Tyler Pounds Regional,Tyler,United States,TYR,KTYR,32.354139,-95.402386,544,-6,A,"Tyler, TX",116,117,120,120,4.905172413793103,9.829059829059831,25.0,21.0,"Sun, Nov  5, 2006","Thu, Nov 23, 2006"
3676,McGhee Tyson,Knoxville,United States,TYS,KTYS,35.810972,-83.994028,981,-5,A,"Knoxville, TN",758,727,771,742,4.33905013192612,15.155433287482806,24.0,217.0,"Fri, Nov 10, 2006","Tue, Nov 28, 2006"
5776,Valdosta Regional Airport,Valdosta,United States,VLD,KVLD,30.7825,-83.2767,203,-5,A,"Valdosta, GA",80,83,87,87,3.5,9.120481927710847,10.0,23.0,"Thu, Nov 30, 2006","Sat, Nov 25, 2006"
3873,Eglin AFB,Valparaiso,United States,VPS,KVPS,30.48325,-86.5254,87,-6,A,"Valparaiso, FL",563,532,574,544,7.234458259325045,12.439849624060146,20.0,39.0,"Tue, Nov 14, 2006","Tue, Nov  7, 2006"
5969,Wrangell Airport,Wrangell,United States,WRG,PAWG,56.4843,-132.37,44,-9,A,"Wrangell, AK",52,52,58,58,3.6153846153846154,7.730769230769231,5.0,18.0,"Sun, Nov  5, 2006","Wed, Nov  1, 2006"
4356,NW Arkansas Regional,Bentonville,United States,XNA,KXNA,36.2818694,-94.3068111,1287,-6,A,"Fayetteville, AR",782,794,826,827,4.7698209718670075,14.234256926952146,30.0,173.0,"Wed, Nov 15, 2006","Tue, Nov  7, 2006"
6803,Yakutat,Yakutat,United States,YAK,PAYA,59.3012,-139.3937,33,-9,A,"Yakutat, AK",51,56,58,58,3.372549019607843,5.196428571428571,6.0,14.0,"Wed, Nov 15, 2006","Sat, Nov 18, 2006"
3596,Yuma MCAS Yuma International,Yuma,United States,YUM,KYUM,32.656578,-114.60598,216,-7,N,"Yuma, AZ",284,284,288,288,4.3556338028168975,12.042253521126758,22.0,62.0,"Fri, Nov  3, 2006","Wed, Nov 29, 2006"
2883,Cyril E. King,St. Thomas,Virgin Islands,STT,TIST,18.337306,-64.973361,23,-4,U,"Charlotte Amalie, VI",173,173,174,174,4.294797687861272,11.09248554913295,20.0,27.0,"Sat, Nov 11, 2006","Mon, Nov 13, 2006"
2884,Henry E. Rohlsen,St. Croix Island,Virgin Islands,STX,TISX,17.701889,-64.798556,74,-4,U,"Christiansted, VI",26,26,26,26,3.1153846153846154,11.19230769230769,6.0,21.0,"Tue, Nov  7, 2006","Tue, Nov  7, 2006"
2885,Rafael Hernndez,Aguadilla,Puerto Rico,BQN,TJBQ,18.494861,-67.129444,237,-4,U,"Aguadilla, PR",116,100,116,100,4.327586206896552,11.72,9.0,25.0,"Sat, Nov  4, 2006","Mon, Nov 27, 2006"
2889,Aeropuerto Mercedita,Ponce,Puerto Rico,PSE,TJPS,18.008306,-66.563028,29,-4,U,"Ponce, PR",65,60,65,60,4.5384615384615365,12.783333333333333,9.0,22.0,"Thu, Nov 30, 2006","Thu, Nov 23, 2006"
2890,Luis Muoz Marn International,San Juan,Puerto Rico,SJU,TJSJ,18.439417,-66.001833,9,-4,U,"San Juan, PR",1758,1760,1766,1765,5.629692832764512,14.712500000000004,53.0,61.0,"Sat, Nov 18, 2006","Mon, Nov 27, 2006"
