airport_id,name,city,country,iata_faa,iaco,latitude,longitude,altitude,zone,dst,city_state,avg_able_landings,avg_able_takeoffs,total_landings,total_takeoffs,avg_taxi_in,avg_taxi_out,longest_taxi_in,longest_taxi_out,lng_tx_in_date,lng_tx_out_date
4355,Lehigh Valley International,Allentown,United States,ABE,KABE,40.652083,-75.440806,393,-5,A,"Allentown/Bethlehem/Easton, PA",413,442,430,457,4.200968523002415,12.076923076923077,17.0,78.0,"Sun, Jun 25, 2006","Sun, Jun 25, 2006"
3718,Abilene Regional,Abilene,United States,ABI,KABI,32.411319,-99.681897,1791,-6,A,"Abilene, TX",233,234,236,237,3.188841201716739,7.367521367521367,12.0,24.0,"Sat, Jun 17, 2006","Thu, Jun 22, 2006"
4019,Albuquerque International Sunport,Albuquerque,United States,ABQ,KABQ,35.0402222,-106.6091944,5355,-7,A,"Albuquerque, NM",3140,3153,3165,3167,4.810509554140124,10.31240088804312,25.0,129.0,"Tue, Jun 13, 2006","Sat, Jun 17, 2006"
5715,Southwest Georgia Regional Airport,Albany,United States,ABY,KABY,31.5355,-84.1945,197,-5,A,"Albany, GA",108,109,116,116,4.425925925925926,9.65137614678899,14.0,69.0,"Sun, Jun 18, 2006","Fri, Jun  2, 2006"
3517,Nantucket Memorial,Nantucket,United States,ACK,KACK,41.253053,-70.060181,48,-5,A,"Nantucket, MA",30,30,39,38,5.3,18.2,10.0,95.0,"Fri, Jun 30, 2006","Fri, Jun 16, 2006"
3700,Waco Regional,Waco,United States,ACT,KACT,31.611289,-97.230519,516,-6,A,"Waco, TX",217,218,221,222,4.142857142857144,8.467889908256884,23.0,24.0,"Tue, Jun  6, 2006","Wed, Jun  7, 2006"
4384,Arcata,Arcata CA,United States,ACV,KACV,40.978111,-124.108611,221,-8,A,"Arcata/Eureka, CA",283,285,288,290,3.7031802120141344,8.038596491228073,10.0,25.0,"Fri, Jun  9, 2006","Sat, Jun  3, 2006"
3524,Atlantic City International,Atlantic City,United States,ACY,KACY,39.457583,-74.577167,75,-5,A,"Atlantic City, NJ",77,72,79,78,3.935064935064935,10.430555555555557,10.0,41.0,"Sun, Jun  4, 2006","Thu, Jun  1, 2006"
5959,Adak Airport,Adak Island,United States,ADK,PADK,51.878,-176.646,18,-10,A,"Adak Island, AK",9,9,9,9,3.4444444444444446,5.555555555555555,5.0,7.0,"Sun, Jun 11, 2006","Sun, Jun 11, 2006"
3531,Kodiak,Kodiak,United States,ADQ,PADQ,57.749967,-152.493856,78,-9,A,"Kodiak, AK",57,57,60,60,3.087719298245614,6.631578947368421,10.0,42.0,"Sat, Jun 10, 2006","Fri, Jun 16, 2006"
3852,Alexandria International,Alexandria,United States,AEX,KAEX,31.3274,-92.549833,89,-6,A,"Alexandria, LA",220,219,226,226,4.03181818181818,11.337899543378994,28.0,71.0,"Mon, Jun 12, 2006","Sun, Jun 18, 2006"
3658,Augusta Regional At Bush Field,Bush Field,United States,AGS,KAGS,33.369944,-81.9645,144,-5,A,"Augusta, GA",180,181,198,198,3.5444444444444443,9.226519337016573,18.0,80.0,"Mon, Jun 26, 2006","Thu, Jun 22, 2006"
3794,King Salmon,King Salmon,United States,AKN,PAKN,58.676778,-156.649278,68,-9,A,"King Salmon, AK",46,46,47,47,4.804347826086956,6.108695652173913,9.0,20.0,"Sat, Jun  3, 2006","Mon, Jun 26, 2006"
3864,Albany International,Albany,United States,ALB,KALB,42.748267,-73.801692,285,-5,A,"Albany, NY",1211,1204,1230,1218,3.8447563996697,12.704318936877074,35.0,148.0,"Thu, Jun  1, 2006","Sun, Jun 25, 2006"
3840,Rick Husband Amarillo International,Amarillo,United States,AMA,KAMA,35.219369,-101.705931,3607,-6,A,"Amarillo, TX",710,712,721,721,4.3225352112675965,8.807584269662916,12.0,52.0,"Mon, Jun 12, 2006","Mon, Jun 12, 2006"
3774,Ted Stevens Anchorage International,Anchorage,United States,ANC,PANC,61.174361,-149.996361,152,-9,A,"Anchorage, AK",2135,2143,2165,2158,5.7058548009367716,14.030797946803538,44.0,64.0,"Mon, Jun  5, 2006","Mon, Jun  5, 2006"
4012,Naples Municipal,Naples,United States,APF,KAPF,26.152619,-81.775294,8,-5,A,"Naples, FL",55,56,60,60,3.8545454545454545,10.660714285714286,12.0,20.0,"Thu, Jun 15, 2006","Thu, Jun 15, 2006"
7001,Aspen/Pitkin County-Sardy Field,Aspen,United States,ASE,KASE,39.2232,-106.869,7820,-7,A,"Aspen, CO",379,377,405,405,3.3641160949868074,10.209549071618031,17.0,74.0,"Sun, Jun 11, 2006","Sat, Jun 24, 2006"
3682,Hartsfield Jackson Atlanta International,Atlanta,United States,ATL,KATL,33.636719,-84.428067,1026,-5,A,"Atlanta, GA",32902,33837,33787,34505,10.809586043401634,21.255578213198504,159.0,221.0,"Mon, Jun 12, 2006","Thu, Jun  1, 2006"
4047,Appleton,Appleton,United States,ATW,KATW,44.257526,-88.507576,680,-6,A,"Appleton, WI",382,360,397,376,4.384816753926708,9.586111111111098,25.0,78.0,"Sun, Jun 25, 2006","Mon, Jun 19, 2006"
3673,Austin Bergstrom International,Austin,United States,AUS,KAUS,30.194528,-97.669889,542,-6,A,"Austin, TX",3774,3763,3807,3796,5.211446740858517,11.332447515280352,57.0,107.0,"Sat, Jun 17, 2006","Fri, Jun 23, 2006"
4007,Asheville Regional Airport,Asheville,United States,AVL,KAVL,35.436194,-82.541806,2165,-5,A,"Asheville, NC",249,249,264,264,3.5220883534136544,13.57831325301205,14.0,88.0,"Thu, Jun 15, 2006","Fri, Jun 23, 2006"
4286,Wilkes Barre Scranton International,Scranton,United States,AVP,KAVP,41.338478,-75.723403,962,-5,A,"Scranton/Wilkes-Barre, PA",226,206,229,209,4.309734513274333,12.558252427184463,17.0,56.0,"Fri, Jun 23, 2006","Wed, Jun 21, 2006"
4039,Kalamazoo,Kalamazoo,United States,AZO,KAZO,42.234875,-85.552058,874,-5,A,"Kalamazoo, MI",363,361,380,380,3.484848484848485,9.421052631578947,9.0,46.0,"Mon, Jun 12, 2006","Wed, Jun 28, 2006"
3825,Bradley International,Windsor Locks,United States,BDL,KBDL,41.938889,-72.683222,173,-5,A,"Hartford, CT",2685,2673,2730,2728,5.1947858472998005,13.68088290310512,47.0,190.0,"Mon, Jun 26, 2006","Sun, Jun 25, 2006"
3599,Bethel,Bethel,United States,BET,PABE,60.779778,-161.838,121,-9,A,"Bethel, AK",93,93,98,98,2.9032258064516143,6.774193548387097,5.0,23.0,"Sat, Jun 10, 2006","Thu, Jun 22, 2006"
3558,Meadows Field,Bakersfield,United States,BFL,KBFL,35.433598,-119.05677,507,-8,A,"Bakersfield, CA",472,475,478,480,4.557203389830503,11.42736842105264,38.0,31.0,"Mon, Jun 26, 2006","Mon, Jun 12, 2006"
4129,Greater Binghamton-Edwin A. Link Field,Binghamton,United States,BGM,KBGM,42.208689,-75.979839,1636,-5,A,"Binghamton, NY",55,57,58,58,4.472727272727271,10.403508771929822,13.0,22.0,"Sat, Jun 17, 2006","Mon, Jun 12, 2006"
3463,Bangor International,Bangor,United States,BGR,KBGR,44.807444,-68.828139,192,-5,A,"Bangor, ME",355,357,381,382,4.27042253521127,14.392156862745088,14.0,188.0,"Fri, Jun 16, 2006","Sun, Jun 25, 2006"
3811,Birmingham International,Birmingham,United States,BHM,KBHM,33.562942,-86.75355,644,-6,A,"Birmingham, AL",1458,1468,1483,1487,4.027434842249661,12.036103542234338,26.0,132.0,"Mon, Jun 19, 2006","Fri, Jun  2, 2006"
4021,Billings Logan International Airport,Billings,United States,BIL,KBIL,45.80921,-108.537654,3652,-7,A,"Billings, MT",437,435,440,439,3.803203661327231,9.174712643678154,11.0,24.0,"Wed, Jun  7, 2006","Fri, Jun 30, 2006"
4083,Bismarck Municipal Airport,Bismarck,United States,BIS,KBIS,46.775842,-100.757931,1661,-6,A,"Bismarck/Mandan, ND",208,208,209,209,4.2355769230769225,9.341346153846148,9.0,28.0,"Tue, Jun 13, 2006","Fri, Jun 16, 2006"
3777,Bellingham International,Bellingham,United States,BLI,KBLI,48.792694,-122.537528,170,-8,A,"Bellingham, WA",46,45,46,45,4.456521739130436,9.022222222222224,7.0,20.0,"Tue, Jun 20, 2006","Tue, Jun 27, 2006"
4037,Central Illinois Regional,Bloomington,United States,BMI,KBMI,40.477111,-88.915917,871,-6,A,"Bloomington/Normal, IL",414,387,426,402,4.200483091787439,11.214470284237722,15.0,46.0,"Sat, Jun 24, 2006","Thu, Jun 22, 2006"
3690,Nashville International,Nashville,United States,BNA,KBNA,36.124472,-86.678194,599,-6,A,"Nashville, TN",4871,4884,4951,4951,5.4114144939437505,11.969696969696955,51.0,116.0,"Fri, Jun  9, 2006","Fri, Jun 23, 2006"
3495,Boise Air Terminal,Boise,United States,BOI,KBOI,43.564361,-116.222861,2871,-7,A,"Boise, ID",1488,1505,1494,1511,3.854838709677418,9.989368770764136,18.0,40.0,"Sat, Jun 10, 2006","Wed, Jun 14, 2006"
3448,General Edward Lawrence Logan International,Boston,United States,BOS,KBOS,42.364347,-71.005181,19,-5,A,"Boston, MA",10359,10385,10746,10748,7.321556134762045,19.95849783341369,64.0,245.0,"Wed, Jun 14, 2006","Wed, Jun 14, 2006"
3612,Southeast Texas Regional,Beaumont,United States,BPT,KBPT,29.950833,-94.020694,15,-6,A,"Beaumont/Port Arthur, TX",30,30,30,30,7.433333333333334,13.2,12.0,22.0,"Thu, Jun 22, 2006","Tue, Jun 13, 2006"
5725,Brunswick Golden Isles Airport,Brunswick,United States,BQK,KBQK,31.2588,-81.4665,26,-5,A,"Brunswick, GA",79,79,88,88,3.810126582278481,7.2025316455696204,8.0,19.0,"Sat, Jun 24, 2006","Sat, Jun  3, 2006"
3738,Brownsville South Padre Island International,Brownsville,United States,BRO,KBRO,25.906833,-97.425861,22,-6,A,"Brownsville, TX",196,195,202,202,5.89795918367347,14.8,16.0,60.0,"Sat, Jun 10, 2006","Sat, Jun 17, 2006"
3571,Wiley Post Will Rogers Memorial,Barrow,United States,BRW,PABR,71.285446,-156.766003,44,-9,A,"Barrow, AK",58,58,59,59,3.0517241379310347,6.827586206896552,7.0,25.0,"Thu, Jun 15, 2006","Sat, Jun 17, 2006"
4022,Bert Mooney Airport,Butte,United States,BTM,KBTM,45.954806,-112.497472,5550,-7,A,"Butte, MT",59,59,59,60,4.372881355932202,8.915254237288135,6.0,29.0,"Tue, Jun  6, 2006","Wed, Jun 28, 2006"
3846,Baton Rouge Metro-Ryan Field,Baton Rouge,United States,BTR,KBTR,30.533167,-91.149639,70,-6,A,"Baton Rouge, LA",903,895,929,923,4.925802879291254,11.0,45.0,219.0,"Fri, Jun 23, 2006","Tue, Jun 13, 2006"
3711,Burlington International,Burlington,United States,BTV,KBTV,44.471861,-73.153278,335,-5,A,"Burlington, VT",549,542,561,561,4.50819672131148,14.466789667896675,47.0,163.0,"Thu, Jun  8, 2006","Wed, Jun 28, 2006"
3820,Buffalo Niagara International,Buffalo,United States,BUF,KBUF,42.940525,-78.732167,724,-5,A,"Buffalo, NY",2250,2246,2290,2286,5.028888888888883,12.399376669634904,68.0,165.0,"Fri, Jun 30, 2006","Wed, Jun 28, 2006"
3644,Bob Hope,Burbank,United States,BUR,KBUR,34.200667,-118.358667,778,-8,A,"Burbank, CA",2695,2690,2724,2722,2.898330241187388,12.1635687732342,50.0,97.0,"Sun, Jun 25, 2006","Thu, Jun 22, 2006"
3849,Baltimore Washington International,Baltimore,United States,BWI,KBWI,39.175361,-76.668333,146,-5,A,"Baltimore, MD",8953,8984,9086,9085,5.206299564391822,13.78851291184329,104.0,235.0,"Thu, Jun  1, 2006","Thu, Jun  1, 2006"
4020,Gallatin Field,Bozeman,United States,BZN,KBZN,45.777643,-111.160151,4500,-7,A,"Bozeman, MT",456,454,464,461,4.326754385964914,11.409691629955944,21.0,43.0,"Wed, Jun  7, 2006","Thu, Jun 15, 2006"
3561,Columbia Metropolitan,Colombia,United States,CAE,KCAE,33.938833,-81.119528,236,-5,A,"Columbia, SC",805,812,846,852,5.19130434782609,12.976600985221674,34.0,92.0,"Wed, Jun 14, 2006","Thu, Jun 22, 2006"
4112,Akron Canton Regional Airport,Akron,United States,CAK,KCAK,40.9160833,-81.4421944,1228,-5,A,"Akron, OH",767,736,784,757,4.943937418513684,11.717391304347826,65.0,105.0,"Tue, Jun 13, 2006","Mon, Jun 19, 2006"
3610,Merle K. Mudhole Smith,Cordova,United States,CDV,PACV,60.491778,-145.477556,48,-9,A,"Cordova, AK",59,59,60,60,3.5762711864406778,7.576271186440677,13.0,30.0,"Fri, Jun  2, 2006","Tue, Jun 13, 2006"
5727,Del Norte County Airport,Crescent City,United States,CEC,KCEC,41.7802,-124.237,57,-8,A,"Crescent City, CA",81,79,82,82,3.074074074074074,8.569620253164558,6.0,25.0,"Fri, Jun 30, 2006","Mon, Jun  5, 2006"
3578,Lovell Field,Chattanooga,United States,CHA,KCHA,35.035278,-85.203808,683,-5,A,"Chattanooga, TN",383,379,398,397,3.851174934725849,10.992084432717679,34.0,81.0,"Fri, Jun 30, 2006","Wed, Jun  7, 2006"
4015,Charlottesville-Albemarle,Charlottesville VA,United States,CHO,KCHO,38.138639,-78.452861,639,-5,A,"Charlottesville, VA",171,145,174,147,3.573099415204678,10.434482758620693,12.0,70.0,"Sat, Jun 10, 2006","Tue, Jun  6, 2006"
3806,Charleston AFB International,Charleston,United States,CHS,KCHS,32.898647,-80.040528,45,-5,A,"Charleston, SC",990,990,1036,1036,5.6282828282828214,13.9,65.0,123.0,"Wed, Jun 21, 2006","Tue, Jun 27, 2006"
3710,Chico Municipal,Chico,United States,CIC,KCIC,39.795383,-121.858422,238,-8,A,"Chico, CA",110,110,112,112,3.3636363636363638,10.454545454545457,6.0,30.0,"Thu, Jun  1, 2006","Sat, Jun 24, 2006"
4043,Cedar Rapids,Cedar Rapids,United States,CID,KCID,41.884694,-91.710806,869,-6,A,"Cedar Rapids/Iowa City, IA",704,706,720,720,4.353693181818183,10.262039660056658,24.0,124.0,"Mon, Jun 19, 2006","Wed, Jun 28, 2006"
4088,McClellan-Palomar Airport,Carlsbad,United States,CLD,KCRQ,33.0742,-117.1648,328,-8,A,"Carlsbad, CA",243,243,251,251,3.9176954732510287,9.987654320987655,14.0,60.0,"Tue, Jun 20, 2006","Sat, Jun  3, 2006"
3486,Cleveland Hopkins International,Cleveland,United States,CLE,KCLE,41.411689,-81.849794,791,-5,A,"Cleveland, OH",7179,7218,7337,7347,6.04541022426522,16.723053477417597,32.0,147.0,"Wed, Jun 21, 2006","Thu, Jun  1, 2006"
3715,Easterwood Field,College Station,United States,CLL,KCLL,30.588583,-96.363833,321,-6,A,"College Station/Bryan, TX",114,113,117,117,4.701754385964915,10.380530973451327,9.0,87.0,"Sun, Jun 11, 2006","Fri, Jun 23, 2006"
3876,Charlotte Douglas International,Charlotte,United States,CLT,KCLT,35.214,-80.943139,748,-5,A,"Charlotte, NC",9105,9157,9366,9370,6.020538165842929,18.499726984820402,170.0,280.0,"Fri, Jun 23, 2006","Fri, Jun 23, 2006"
3759,Port Columbus International,Columbus,United States,CMH,KCMH,39.997972,-82.891889,815,-5,A,"Columbus, OH",2866,2870,2961,2960,5.083042568039081,12.797909407665506,77.0,129.0,"Wed, Jun 21, 2006","Thu, Jun  1, 2006"
4049,Champaign,Champaign,United States,CMI,KCMI,40.03925,-88.278056,754,-6,A,"Champaign/Urbana, IL",272,271,283,283,3.8566176470588234,10.217712177121777,24.0,61.0,"Mon, Jun 19, 2006","Wed, Jun 21, 2006"
4344,Yellowstone Regional,Cody,United States,COD,KCOD,44.520194,-109.023806,5102,-7,A,"Cody, WY",133,133,136,136,4.203007518796991,9.759398496240596,18.0,21.0,"Sat, Jun  3, 2006","Sat, Jun 10, 2006"
3819,City Of Colorado Springs Municipal,Colorado Springs,United States,COS,KCOS,38.805805,-104.700778,6187,-7,A,"Colorado Springs, CO",1480,1480,1506,1498,5.9722972972972945,14.464864864864865,37.0,122.0,"Fri, Jun 16, 2006","Sat, Jun 17, 2006"
3872,Natrona County International,Casper,United States,CPR,KCPR,42.908,-106.464417,5347,-7,A,"Casper, WY",267,267,271,268,3.8951310861423227,8.96629213483146,10.0,35.0,"Fri, Jun 30, 2006","Thu, Jun  1, 2006"
3744,Corpus Christi International,Corpus Christi,United States,CRP,KCRP,27.770361,-97.501222,44,-6,A,"Corpus Christi, TX",800,773,820,793,4.1762500000000005,11.329883570504533,34.0,208.0,"Mon, Jun 26, 2006","Thu, Jun 22, 2006"
4285,Yeager,Charleston,United States,CRW,KCRW,38.373147,-81.593189,981,-5,A,"Charleston/Dunbar, WV",340,347,349,354,3.7823529411764705,10.948126801152743,11.0,88.0,"Thu, Jun  1, 2006","Mon, Jun 19, 2006"
4255,Columbus Metropolitan Airport,Columbus,United States,CSG,KCSG,32.5163333,-84.9388611,397,-5,A,"Columbus, GA",97,101,113,113,3.11340206185567,9.425742574257425,12.0,79.0,"Sat, Jun 10, 2006","Sun, Jun 25, 2006"
3488,Cincinnati Northern Kentucky International,Cincinnati,United States,CVG,KCVG,39.048836,-84.667822,896,-5,A,"Cincinnati, OH",10243,10332,10447,10464,4.182173191447791,14.431862175764632,64.0,168.0,"Fri, Jun  9, 2006","Tue, Jun 27, 2006"
4045,Central Wisconsin,Wassau,United States,CWA,KCWA,44.772726,-89.646635,840,-6,A,"Mosinee, WI",112,112,113,113,3.732142857142857,9.473214285714288,6.0,67.0,"Mon, Jun 12, 2006","Mon, Jun 19, 2006"
3950,Daytona Beach International,Daytona Beach,United States,DAB,KDAB,29.179917,-81.058056,34,-5,A,"Daytona Beach, FL",288,289,297,297,4.576388888888892,14.311418685121108,72.0,107.0,"Fri, Jun 23, 2006","Thu, Jun  1, 2006"
3502,Dallas Love Field,Dallas,United States,DAL,KDAL,32.847111,-96.851778,487,-6,A,"Dallas, TX",4141,4149,4230,4230,3.2231345085728074,9.249698722583787,17.0,146.0,"Mon, Jun 19, 2006","Sun, Jun 18, 2006"
3627,James M. Cox Dayton International,Dayton,United States,DAY,KDAY,39.902375,-84.219375,1009,-5,A,"Dayton, OH",1034,1032,1056,1056,5.0357833655706,13.19089147286822,20.0,91.0,"Mon, Jun  5, 2006","Wed, Jun 21, 2006"
4388,Dubuque Regional,Dubuque IA,United States,DBQ,KDBQ,42.402,-90.709472,1076,-6,A,"Dubuque, IA",114,114,116,116,3.929824561403508,10.394736842105264,8.0,57.0,"Wed, Jun 21, 2006","Wed, Jun 28, 2006"
3520,Ronald Reagan Washington National,Washington,United States,DCA,KDCA,38.852083,-77.037722,15,-5,A,"Washington, DC",7453,7503,7794,7800,5.504360660136875,17.920565107290326,116.0,209.0,"Sun, Jun 25, 2006","Fri, Jun  2, 2006"
3751,Denver International,Denver,United States,DEN,KDEN,39.861656,-104.673178,5431,-7,A,"Denver, CO",19757,19901,20096,20136,7.324745659766168,14.375709763328459,60.0,186.0,"Fri, Jun 30, 2006","Sun, Jun 11, 2006"
3670,Dallas Fort Worth International,Dallas-fort Worth,United States,DFW,KDFW,32.896828,-97.037997,607,-6,A,"Dallas/Fort Worth, TX",24876,24900,25221,25207,9.972825213056725,16.719437751003905,218.0,215.0,"Fri, Jun 16, 2006","Thu, Jun  1, 2006"
3739,Dothan Regional,Dothan,United States,DHN,KDHN,31.321339,-85.449628,401,-6,A,"Dothan, AL",137,131,147,141,3.883211678832117,9.2824427480916,18.0,35.0,"Fri, Jun 23, 2006","Sun, Jun 18, 2006"
3460,Dillingham,Dillingham,United States,DLG,PADL,59.044667,-158.5055,74,-9,A,"Dillingham, AK",27,27,28,28,2.555555555555555,5.296296296296297,4.0,9.0,"Wed, Jun 14, 2006","Tue, Jun 27, 2006"
3598,Duluth International,Duluth,United States,DLH,KDLH,46.842091,-92.193649,1428,-6,A,"Duluth, MN",105,105,106,106,4.847619047619049,10.219047619047618,11.0,67.0,"Wed, Jun  7, 2006","Thu, Jun 15, 2006"
3713,Durango La Plata County,Durango,United States,DRO,KDRO,37.151516,-107.75377,6685,-7,A,"Durango, CO",336,339,349,349,4.702380952380949,10.463126843657818,18.0,74.0,"Thu, Jun  8, 2006","Wed, Jun  7, 2006"
3729,Des Moines International,Des Moines,United States,DSM,KDSM,41.533972,-93.663083,958,-6,A,"Des Moines, IA",1058,1032,1085,1061,4.042533081285448,10.858527131782939,22.0,98.0,"Sat, Jun  3, 2006","Wed, Jun 21, 2006"
3645,Detroit Metro Wayne County,Detroit,United States,DTW,KDTW,42.212444,-83.353389,645,-5,A,"Detroit, MI",10171,10187,10396,10377,9.493363484416488,18.69775203690985,97.0,190.0,"Wed, Jun 21, 2006","Wed, Jun 21, 2006"
4250,Eagle County Regional,Vail,United States,EGE,KEGE,39.642556,-106.917694,6540,-7,A,"Eagle, CO",156,155,159,157,3.5576923076923093,13.270967741935486,6.0,57.0,"Sat, Jun 24, 2006","Thu, Jun  8, 2006"
5736,Elko Regional Airport,Elko,United States,EKO,KEKO,40.8249,-115.792,5140,-8,A,"Elko, NV",141,140,143,142,3.9078014184397163,7.3,6.0,27.0,"Tue, Jun  6, 2006","Sat, Jun 10, 2006"
3559,El Paso International,El Paso,United States,ELP,KELP,31.80725,-106.377583,3958,-7,A,"El Paso, TX",1868,1868,1880,1880,3.5481798715203423,9.3056745182013,35.0,96.0,"Wed, Jun  7, 2006","Tue, Jun 13, 2006"
4276,Erie International-Tom Ridge Field,Erie,United States,ERI,KERI,42.082022,-80.176217,733,-5,A,"Erie, PA",59,58,61,62,4.101694915254238,9.310344827586206,9.0,17.0,"Fri, Jun  9, 2006","Thu, Jun  1, 2006"
4099,Mahlon Sweet Field,Eugene,United States,EUG,KEUG,44.124583,-123.211972,374,-8,A,"Eugene, OR",543,540,548,548,4.088397790055249,9.575925925925931,37.0,75.0,"Sun, Jun 11, 2006","Tue, Jun 13, 2006"
4018,Evansville Regional,Evansville,United States,EVV,KEVV,38.036997,-87.532364,418,-6,A,"Evansville, IN",258,258,272,272,3.856589147286821,11.116279069767442,17.0,103.0,"Thu, Jun  1, 2006","Wed, Jun 28, 2006"
3494,Newark Liberty International,Newark,United States,EWR,KEWR,40.6925,-74.168667,18,-5,A,"Newark, NJ",12556,12713,13308,13312,9.946718700222991,34.383465743727,125.0,289.0,"Thu, Jun 29, 2006","Thu, Jun  1, 2006"
3875,Key West International,Key West,United States,EYW,KEYW,24.556111,-81.759556,3,-5,A,"Key West, FL",86,60,89,62,3.7674418604651163,9.666666666666666,15.0,31.0,"Thu, Jun 29, 2006","Wed, Jun 28, 2006"
3832,Fairbanks International,Fairbanks,United States,FAI,PAFA,64.815114,-147.856267,434,-9,A,"Fairbanks, AK",509,506,512,511,4.473477406679766,10.106719367588934,18.0,30.0,"Thu, Jun 29, 2006","Sun, Jun 25, 2006"
4292,Hector International Airport,Fargo,United States,FAR,KFAR,46.92065,-96.8157639,902,-6,A,"Fargo, ND",407,405,410,408,4.810810810810807,11.23456790123457,14.0,161.0,"Sun, Jun 18, 2006","Thu, Jun 22, 2006"
3687,Fresno Yosemite International,Fresno,United States,FAT,KFAT,36.776194,-119.71814,336,-8,A,"Fresno, CA",1262,1257,1269,1269,4.326465927099837,9.846459824980096,21.0,67.0,"Fri, Jun 16, 2006","Mon, Jun  5, 2006"
5738,Fayetteville Regional-Grannis Field,Fayetteville,United States,FAY,KFAY,34.9912,-78.8803,189,-5,A,"Fayetteville, NC",137,137,139,139,4.708029197080291,10.233576642335766,15.0,29.0,"Fri, Jun 23, 2006","Sat, Jun  3, 2006"
4127,Glacier Park International,Kalispell,United States,FCA,KFCA,48.310472,-114.256,2977,-7,A,"Kalispell, MT",256,256,259,259,4.296875,10.36328125,41.0,39.0,"Thu, Jun  8, 2006","Wed, Jun 14, 2006"
4261,Flagstaff Pulliam Airport,Flagstaff,United States,FLG,KFLG,35.140318,-111.6692392,7015,-7,N,"Flagstaff, AZ",139,140,150,150,4.58273381294964,11.157142857142857,12.0,40.0,"Thu, Jun  1, 2006","Tue, Jun  6, 2006"
3533,Fort Lauderdale Hollywood International,Fort Lauderdale,United States,FLL,KFLL,26.072583,-80.15275,9,-5,A,"Fort Lauderdale, FL",5214,5223,5243,5244,4.4223245109321025,15.583572659391157,60.0,263.0,"Wed, Jun 28, 2006","Thu, Jun  1, 2006"
3879,Florence Regional,Florence,United States,FLO,KFLO,34.185361,-79.723889,146,-5,A,"Florence, SC",59,59,60,60,5.389830508474577,11.745762711864407,10.0,36.0,"Tue, Jun  6, 2006","Sat, Jun  3, 2006"
4089,Bishop International,Flint,United States,FNT,KFNT,42.965424,-83.743629,782,-5,A,"Flint, MI",518,516,529,524,3.8706563706563726,11.054263565891473,12.0,120.0,"Mon, Jun 26, 2006","Tue, Jun 27, 2006"
4009,Sioux Falls,Sioux Falls,United States,FSD,KFSD,43.582014,-96.741914,1429,-6,A,"Sioux Falls, SD",497,496,503,503,4.855130784708247,10.514112903225806,65.0,62.0,"Sat, Jun 24, 2006","Sun, Jun 11, 2006"
3437,Fort Smith Regional,Fort Smith,United States,FSM,KFSM,35.336583,-94.367444,469,-6,A,"Fort Smith, AR",142,141,146,146,4.309859154929579,8.276595744680854,22.0,22.0,"Sat, Jun  3, 2006","Mon, Jun  5, 2006"
4041,Fort Wayne,Fort Wayne,United States,FWA,KFWA,40.978472,-85.195139,815,-5,A,"Fort Wayne, IN",364,364,382,383,4.810439560439561,11.409340659340659,27.0,73.0,"Wed, Jun 14, 2006","Tue, Jun 20, 2006"
3467,Spokane International,Spokane,United States,GEG,KGEG,47.619861,-117.533833,2376,-8,A,"Spokane, WA",1212,1254,1217,1262,4.405115511551163,9.814194577352474,22.0,41.0,"Sun, Jun  4, 2006","Sun, Jun  4, 2006"
3442,Grand Forks International,Grand Forks,United States,GFK,KGFK,47.949256,-97.176111,845,-6,A,"Grand Forks, ND",69,68,69,68,4.594202898550725,9.102941176470585,8.0,30.0,"Mon, Jun  5, 2006","Wed, Jun 28, 2006"
3465,East Texas Regional,Longview,United States,GGG,KGGG,32.384014,-94.711486,365,-6,A,"Longview, TX",88,88,90,90,4.613636363636363,8.125000000000002,9.0,52.0,"Thu, Jun  8, 2006","Tue, Jun  6, 2006"
4063,Grand Junction Regional,Grand Junction,United States,GJT,KGJT,39.122413,-108.526735,4858,-7,A,"Grand Junction, CO",381,383,391,389,3.797900262467192,10.253263707571795,20.0,60.0,"Thu, Jun 22, 2006","Fri, Jun  9, 2006"
3472,Gainesville Regional,Gainesville,United States,GNV,KGNV,29.690056,-82.271778,152,-5,A,"Gainesville, FL",163,161,171,170,3.7177914110429446,8.788819875776401,15.0,32.0,"Wed, Jun 28, 2006","Sun, Jun 25, 2006"
4038,Gulfport-Biloxi,Gulfport,United States,GPT,KGPT,30.407278,-89.070111,28,-6,A,"Gulfport/Biloxi, MS",596,568,609,576,5.244966442953023,12.533450704225354,34.0,271.0,"Fri, Jun 16, 2006","Thu, Jun 22, 2006"
3653,Austin Straubel International,Green Bay,United States,GRB,KGRB,44.485072,-88.129589,695,-6,A,"Green Bay, WI",602,600,615,616,4.116279069767443,10.146666666666672,13.0,97.0,"Wed, Jun 28, 2006","Tue, Jun 27, 2006"
3775,Robert Gray AAF,Killeen,United States,GRK,KGRK,31.06725,-97.828917,1015,-6,A,"Killeen, TX",396,395,405,405,4.755050505050499,10.749367088607595,29.0,65.0,"Sun, Jun 25, 2006","Sat, Jun 17, 2006"
3685,Gerald R. Ford International,Grand Rapids,United States,GRR,KGRR,42.880833,-85.522806,794,-5,A,"Grand Rapids, MI",1265,1255,1290,1286,3.9494071146245058,13.366533864541827,21.0,164.0,"Wed, Jun 21, 2006","Mon, Jun 19, 2006"
4008,Piedmont Triad,Greensboro,United States,GSO,KGSO,36.09775,-79.937306,925,-5,A,"Greensboro/High Point, NC",1120,1129,1185,1193,4.95982142857143,14.356067316209037,88.0,137.0,"Thu, Jun  1, 2006","Fri, Jun  2, 2006"
4034,Greenville-Spartanburg International,Greenville,United States,GSP,KGSP,34.895556,-82.218889,964,-5,A,"Greer, SC",901,884,942,932,4.420643729189794,13.90950226244344,50.0,91.0,"Fri, Jun  2, 2006","Wed, Jun 21, 2006"
5960,Gustavus Airport,Gustavus,United States,GST,PAGS,58.4253,-135.707,34,-9,A,"Gustavus, AK",27,27,27,27,4.777777777777778,8.333333333333334,7.0,13.0,"Fri, Jun 30, 2006","Mon, Jun 19, 2006"
3880,Great Falls International,Great Falls,United States,GTF,KGTF,47.482,-111.370689,3677,-7,A,"Great Falls, MT",271,270,276,278,5.774907749077492,11.214814814814813,13.0,44.0,"Fri, Jun  9, 2006","Wed, Jun  7, 2006"
4273,Golden Triangle Regional Airport,Columbus Mississippi,United States,GTR,KGTR,33.450333,-88.591361,264,-6,A,"Columbus, MS",83,85,89,89,4.012048192771083,8.305882352941177,14.0,20.0,"Sun, Jun 25, 2006","Sun, Jun  4, 2006"
7051,Gunnison - Crested Butte,Gunnison,United States,GUC,KGUC,38.533889,-106.933056,7678,-7,A,"Gunnison, CO",81,80,84,83,2.6049382716049383,11.050000000000002,6.0,27.0,"Fri, Jun 23, 2006","Mon, Jun 19, 2006"
4339,Yampa Valley,Hayden,United States,HDN,KHDN,40.481181,-107.21766,6602,-7,A,"Hayden, CO",141,142,143,142,2.9078014184397163,12.450704225352112,8.0,85.0,"Thu, Jun 29, 2006","Mon, Jun 12, 2006"
3504,Helena Regional,Helena,United States,HLN,KHLN,46.606806,-111.98275,3877,-7,A,"Helena, MT",143,143,145,144,3.335664335664336,8.062937062937063,8.0,19.0,"Thu, Jun  8, 2006","Wed, Jun 21, 2006"
3728,Honolulu International,Honolulu,United States,HNL,PHNL,21.318681,-157.922428,13,-10,N,"Honolulu, HI",5413,5422,5489,5488,4.7784962128209685,13.197159719660625,248.0,52.0,"Sun, Jun 11, 2006","Sat, Jun  3, 2006"
3566,William P. Hobby,Houston,United States,HOU,KHOU,29.645419,-95.278889,46,-6,A,"Houston, TX",4505,4518,4629,4631,4.722086570477257,8.635236830455975,40.0,117.0,"Mon, Jun 19, 2006","Mon, Jun 12, 2006"
3589,Westchester County,White Plains,United States,HPN,KHPN,41.066959,-73.707575,439,-5,A,"White Plains, NY",576,569,596,592,6.921875000000002,19.996485061511425,88.0,184.0,"Thu, Jun  1, 2006","Thu, Jun  1, 2006"
3560,Valley International,Harlingen,United States,HRL,KHRL,26.2285,-97.654389,36,-6,A,"Harlingen/San Benito, TX",486,488,494,494,2.4074074074074074,8.442622950819679,9.0,53.0,"Fri, Jun 30, 2006","Fri, Jun 30, 2006"
4113,Huntsville International Airport-Carl T. Jones Field,Huntsville,United States,HSV,KHSV,34.6371944,-86.7750556,629,-6,A,"Huntsville, AL",555,553,571,570,5.030630630630627,12.811934900542495,17.0,149.0,"Fri, Jun 23, 2006","Fri, Jun  2, 2006"
5742,TriState-Milton J. Ferguson Field,Huntington,United States,HTS,KHTS,38.3667,-82.558,828,-5,A,"Ashland, WV",56,55,56,55,3.375,10.418181818181818,7.0,67.0,"Fri, Jun 30, 2006","Tue, Jun 27, 2006"
3714,Washington Dulles International,Washington,United States,IAD,KIAD,38.944533,-77.455811,313,-5,A,"Washington, DC",7430,7470,7838,7836,7.523418573351277,20.431726907630505,177.0,246.0,"Thu, Jun 22, 2006","Sun, Jun 25, 2006"
3550,George Bush Intercontinental Houston,Houston,United States,IAH,KIAH,29.984433,-95.341442,97,-6,A,"Houston, TX",18868,19131,19405,19438,9.950763196947287,22.697506664575766,206.0,253.0,"Sat, Jun 10, 2006","Thu, Jun 22, 2006"
3457,Wichita Mid Continent,Wichita,United States,ICT,KICT,37.649944,-97.433056,1333,-6,A,"Wichita, KS",1039,1012,1076,1045,4.519730510105872,11.899209486166018,26.0,117.0,"Wed, Jun 14, 2006","Sun, Jun 25, 2006"
4100,Idaho Falls Regional,Idaho Falls,United States,IDA,KIDA,43.514556,-112.07075,4744,-7,A,"Idaho Falls, ID",254,253,254,253,3.9645669291338583,8.948616600790514,7.0,36.0,"Tue, Jun 13, 2006","Sun, Jun 11, 2006"
3859,New Castle,Wilmington,United States,ILG,KILG,39.678722,-75.606528,79,-5,A,"Wilmington, DE",4,3,4,3,5.0,13.333333333333334,7.0,21.0,"Fri, Jun 30, 2006","Fri, Jun 30, 2006"
3845,Wilmington International,Wilmington,United States,ILM,KILM,34.270615,-77.902569,32,-5,A,"Wilmington, NC",279,260,286,269,4.630824372759861,10.434615384615384,19.0,98.0,"Thu, Jun 29, 2006","Sun, Jun  4, 2006"
3585,Indianapolis International,Indianapolis,United States,IND,KIND,39.717331,-86.294383,797,-5,A,"Indianapolis, IN",3115,3122,3155,3152,8.401284109149287,14.457399103139016,58.0,165.0,"Mon, Jun 19, 2006","Wed, Jun 28, 2006"
3689,Imperial County,Imperial,United States,IPL,KIPL,32.834219,-115.578744,-54,-8,A,"El Centro, CA",106,106,106,106,3.4433962264150937,10.009433962264156,10.0,21.0,"Wed, Jun 21, 2006","Fri, Jun 30, 2006"
7522,Kinston Regional Jetport,Kinston,United States,ISO,KISO,35.331389,-77.608889,94,7,A,"Kinston, NC",58,58,60,60,3.6206896551724137,7.362068965517244,9.0,18.0,"Fri, Jun 23, 2006","Sat, Jun 10, 2006"
3857,Long Island MacArthur,Islip,United States,ISP,KISP,40.79525,-73.100222,99,-5,A,"Islip, NY",967,970,976,975,3.7942088934850053,8.793814432989699,17.0,157.0,"Thu, Jun  1, 2006","Sat, Jun 24, 2006"
3415,Hilo International,Hilo,United States,ITO,PHTO,19.721375,-155.048469,38,-10,N,"Hilo, HI",572,572,572,572,4.125874125874128,6.005244755244754,16.0,25.0,"Thu, Jun 29, 2006","Wed, Jun 14, 2006"
7120,Inyokern Airport,Inyokern,United States,IYK,KIYK,35.658889,-117.829444,2455,-8,A,"Inyokern, CA",82,81,83,83,3.573170731707317,10.802469135802472,7.0,30.0,"Wed, Jun 21, 2006","Sun, Jun 11, 2006"
4027,Jackson Hole Airport,Jacksn Hole,United States,JAC,KJAC,43.60733333,-110.73775,6451,-7,A,"Jackson, WY",374,368,378,370,3.3930481283422473,13.394021739130437,12.0,37.0,"Fri, Jun  2, 2006","Thu, Jun  8, 2006"
3580,Jackson Evers International,Jackson,United States,JAN,KJAN,32.311167,-90.075889,346,-6,A,"Jackson/Vicksburg, MS",888,892,908,908,4.925675675675672,10.279147982062778,43.0,88.0,"Mon, Jun 19, 2006","Fri, Jun 23, 2006"
3712,Jacksonville International,Jacksonville,United States,JAX,KJAX,30.494056,-81.687861,30,-5,A,"Jacksonville, FL",2620,2621,2652,2651,4.946564885496178,12.033956505150712,32.0,116.0,"Mon, Jun 26, 2006","Wed, Jun 21, 2006"
3797,John F. Kennedy International,New York,United States,JFK,KJFK,40.639751,-73.778925,13,-5,A,"New York, NY",8566,8590,8742,8737,10.325239318234878,35.40849825378361,124.0,347.0,"Thu, Jun  1, 2006","Thu, Jun  1, 2006"
3492,Juneau International,Juneau,United States,JNU,PAJN,58.354972,-134.576278,21,-9,A,"Juneau, AK",497,497,501,499,4.498993963782698,12.187122736418512,12.0,43.0,"Sat, Jun  3, 2006","Sat, Jun  3, 2006"
3514,Kona International At Keahole,Kona,United States,KOA,PHKO,19.738767,-156.045631,47,-10,N,"Kona, HI",1197,1195,1208,1208,3.476190476190477,8.261087866108802,15.0,36.0,"Sun, Jun 11, 2006","Sat, Jun 17, 2006"
3808,Ketchikan International,Ketchikan,United States,KTN,PAKT,55.355556,-131.71375,88,-9,A,"Ketchikan, AK",236,237,237,237,5.012711864406778,10.071729957805914,24.0,37.0,"Fri, Jun 23, 2006","Thu, Jun 29, 2006"
3544,Capital City,Lansing,United States,LAN,KLAN,42.7787,-84.587357,861,-5,A,"Lansing, MI",394,396,404,405,4.172588832487309,10.222222222222229,23.0,88.0,"Fri, Jun 16, 2006","Wed, Jun 28, 2006"
3877,McCarran International,Las Vegas,United States,LAS,KLAS,36.080056,-115.15225,2141,-8,A,"Las Vegas, NV",15384,15397,15513,15516,6.533216328653148,16.97259206338899,69.0,150.0,"Fri, Jun 30, 2006","Wed, Jun  7, 2006"
4256,Lawton-Fort Sill Regional Airport,Lawton,United States,LAW,KLAW,34.5677144,-98.4166367,1110,-6,A,"Lawton/Fort Sill, OK",171,172,175,176,4.216374269005847,8.133720930232558,11.0,58.0,"Fri, Jun 16, 2006","Wed, Jun 14, 2006"
3484,Los Angeles International,Los Angeles,United States,LAX,KLAX,33.942536,-118.408075,126,-8,A,"Los Angeles, CA",19469,19473,19703,19675,7.714982793158338,14.359318030092895,80.0,147.0,"Thu, Jun 22, 2006","Thu, Jun  1, 2006"
3829,Lubbock Preston Smith International,Lubbock,United States,LBB,KLBB,33.663639,-101.822778,3282,-6,A,"Lubbock, TX",775,777,784,785,3.3096774193548377,9.157014157014135,25.0,203.0,"Sat, Jun 17, 2006","Sat, Jun 17, 2006"
3513,Lake Charles Regional,Lake Charles,United States,LCH,KLCH,30.126112,-93.223335,15,-6,A,"Lake Charles, LA",106,106,113,113,5.5,18.235849056603765,18.0,58.0,"Thu, Jun 29, 2006","Thu, Jun 22, 2006"
4017,Blue Grass,Lexington KY,United States,LEX,KLEX,38.0365,-84.605889,979,-5,A,"Lexington, KY",697,700,731,714,4.671449067431845,13.940000000000005,18.0,167.0,"Mon, Jun 19, 2006","Mon, Jun 19, 2006"
3493,Lafayette Regional,Lafayette,United States,LFT,KLFT,30.205278,-91.987611,43,-6,A,"Lafayette, LA",434,432,456,455,5.1129032258064555,13.993055555555557,15.0,187.0,"Sun, Jun 11, 2006","Sun, Jun 18, 2006"
3697,LaGuardia Airport,New York,United States,LGA,KLGA,40.777245,-73.872608,22,-5,A,"New York, NY",10101,10181,10712,10719,8.684090684090735,31.842156959041443,111.0,342.0,"Tue, Jun 27, 2006","Thu, Jun  1, 2006"
3582,Long Beach,Long Beach,United States,LGB,KLGB,33.817722,-118.151611,60,-8,A,"Long Beach, CA",1112,1114,1120,1118,4.637589928057542,14.484739676840215,28.0,77.0,"Sat, Jun 24, 2006","Wed, Jun  7, 2006"
3602,Lihue,Lihue,United States,LIH,PHLI,21.975983,-159.338958,153,-10,N,"Lihue, HI",1266,1267,1287,1289,4.750394944707731,5.155485398579321,22.0,32.0,"Wed, Jun 21, 2006","Sun, Jun 18, 2006"
3660,Adams Field,Little Rock,United States,LIT,KLIT,34.729444,-92.224306,262,-6,A,"Little Rock, AR",1396,1398,1421,1421,4.33954154727794,11.185264663805444,47.0,144.0,"Sat, Jun 17, 2006","Tue, Jun 13, 2006"
3543,Lincoln,Lincoln,United States,LNK,KLNK,40.850971,-96.75925,1219,-6,A,"Lincoln, NE",237,236,243,240,4.90717299578059,10.61864406779661,57.0,77.0,"Fri, Jun 23, 2006","Wed, Jun 21, 2006"
3691,Laredo International,Laredo,United States,LRD,KLRD,27.54375,-99.461556,508,-6,A,"Laredo, TX",220,219,227,227,3.6318181818181814,11.173515981735159,52.0,207.0,"Tue, Jun  6, 2006","Sat, Jun 17, 2006"
4044,LaCrosse Municipal,LaCrosse,United States,LSE,KLSE,43.878986,-91.256711,654,-6,A,"La Crosse, WI",146,146,146,146,3.23972602739726,10.417808219178083,8.0,47.0,"Fri, Jun  2, 2006","Mon, Jun 19, 2006"
6958,Greenbrier Valley Airport,Lewisburg,United States,LWB,KLWB,37.858333,-80.399444,2302,-5,U,"Lewisburg, WV",30,29,30,30,3.8333333333333326,11.241379310344827,10.0,80.0,"Sat, Jun  3, 2006","Sun, Jun 25, 2006"
3945,Lewiston Nez Perce County,Lewiston,United States,LWS,KLWS,46.3745,-117.015389,1442,-8,A,"Lewiston, ID",60,60,60,60,5.033333333333333,10.666666666666666,9.0,26.0,"Thu, Jun  1, 2006","Fri, Jun 16, 2006"
5753,Lynchburg Regional-Preston Glenn Field,Lynchburg,United States,LYH,KLYH,37.3267,-79.2004,938,-5,A,"Lynchburg, VA",73,79,76,80,4.3561643835616435,9.835443037974683,19.0,28.0,"Fri, Jun 30, 2006","Thu, Jun  1, 2006"
3652,Midland International,Midland,United States,MAF,KMAF,31.942528,-102.201914,2871,-6,A,"Midland/Odessa, TX",702,700,716,716,3.2450142450142465,8.761428571428562,17.0,45.0,"Sun, Jun 25, 2006","Tue, Jun 13, 2006"
4128,MBS International,Saginaw,United States,MBS,KMBS,43.532913,-84.079647,668,-5,A,"Saginaw/Bay City/Midland, MI",214,215,221,222,4.710280373831775,12.609302325581393,14.0,74.0,"Sun, Jun 11, 2006","Fri, Jun  2, 2006"
3458,Kansas City International,Kansas City,United States,MCI,KMCI,39.297606,-94.713905,1026,-6,A,"Kansas City, MO",4591,4587,4625,4624,4.627532128076673,10.970350991933724,35.0,174.0,"Sat, Jun 24, 2006","Fri, Jun  2, 2006"
3754,Middle Georgia Regional,Macon,United States,MCN,KMCN,32.69285,-83.649211,354,-5,A,"Macon, GA",86,86,91,90,4.0930232558139545,9.755813953488369,20.0,31.0,"Thu, Jun  1, 2006","Tue, Jun 13, 2006"
3878,Orlando International,Orlando,United States,MCO,KMCO,28.429394,-81.308994,96,-5,A,"Orlando, FL",9732,9726,9776,9768,6.314940402794888,13.650935636438389,69.0,171.0,"Tue, Jun 27, 2006","Thu, Jun 29, 2006"
3542,Harrisburg International,Harrisburg,United States,MDT,KMDT,40.193494,-76.763403,310,-5,A,"Harrisburg, PA",609,614,626,634,5.090311986863706,13.374592833876225,32.0,95.0,"Mon, Jun  5, 2006","Mon, Jun 19, 2006"
3747,Chicago Midway International,Chicago,United States,MDW,KMDW,41.785972,-87.752417,620,-6,A,"Chicago, IL",8419,8431,8526,8495,4.84915073049059,13.100225358794948,85.0,162.0,"Mon, Jun 26, 2006","Wed, Jun 21, 2006"
4335,Key Field,Meridian,United States,MEI,KMEI,32.332624,-88.751868,297,-6,A,"Meridian, MS",78,79,85,85,4.615384615384615,11.063291139240503,14.0,60.0,"Fri, Jun  2, 2006","Thu, Jun 22, 2006"
3473,Memphis International,Memphis,United States,MEM,KMEM,35.042417,-89.976667,341,-6,A,"Memphis, TN",3824,3841,3914,3908,6.298117154811719,16.712314501431916,47.0,174.0,"Sun, Jun 18, 2006","Fri, Jun  2, 2006"
3826,McAllen Miller International,Mcallen,United States,MFE,KMFE,26.175833,-98.238611,107,-6,A,"Mission/McAllen/Edinburg, TX",437,436,443,443,4.320366132723107,10.76605504587156,41.0,52.0,"Wed, Jun 14, 2006","Tue, Jun 20, 2006"
4101,Rogue Valley International Medford,Medford,United States,MFR,KMFR,42.374228,-122.8735,1335,-8,A,"Medford, OR",542,541,545,545,3.660516605166052,9.554528650646947,10.0,30.0,"Mon, Jun  5, 2006","Sat, Jun 17, 2006"
4115,Montgomery Regional Airport ,MONTGOMERY,United States,MGM,KMGM,32.3006389,-86.3939722,221,-6,A,"Montgomery, AL",249,249,258,260,4.092369477911644,11.317269076305221,20.0,45.0,"Fri, Jun 23, 2006","Tue, Jun 20, 2006"
4011,Manchester Regional Airport,Manchester NH,United States,MHT,KMHT,42.932556,-71.435667,266,-5,A,"Manchester, NH",1743,1745,1777,1777,4.437177280550776,12.777650429799435,33.0,115.0,"Thu, Jun  1, 2006","Thu, Jun 15, 2006"
3576,Miami International,Miami,United States,MIA,KMIA,25.79325,-80.290556,8,-5,A,"Miami, FL",5368,5383,5453,5450,7.708271236959745,17.40144900613042,159.0,194.0,"Sun, Jun  4, 2006","Tue, Jun 27, 2006"
3717,General Mitchell International,Milwaukee,United States,MKE,KMKE,42.947222,-87.896583,723,-6,A,"Milwaukee, WI",1950,1950,1984,1984,5.029743589743586,14.03487179487179,37.0,160.0,"Mon, Jun 26, 2006","Wed, Jun 14, 2006"
3671,Melbourne International,Melbourne,United States,MLB,KMLB,28.102753,-80.645258,33,-5,A,"Melbourne, FL",150,150,157,157,4.973333333333333,12.926666666666666,20.0,134.0,"Sat, Jun 17, 2006","Fri, Jun  2, 2006"
4072,Quad City International,Moline,United States,MLI,KMLI,41.448528,-90.507539,590,-6,A,"Moline, IL",586,585,597,597,4.052901023890785,11.552136752136754,25.0,84.0,"Mon, Jun 19, 2006","Mon, Jun 19, 2006"
3732,Monroe Regional,Monroe,United States,MLU,KMLU,32.510864,-92.037689,79,-6,A,"Monroe, LA",186,154,195,163,4.758064516129032,11.694805194805197,26.0,131.0,"Tue, Jun 20, 2006","Sun, Jun 18, 2006"
3782,Mobile Regional,Mobile,United States,MOB,KMOB,30.691231,-88.242814,219,-6,A,"Mobile, AL",405,335,415,344,4.506172839506174,11.202985074626861,24.0,65.0,"Mon, Jun  5, 2006","Fri, Jun  2, 2006"
3816,Modesto City County Harry Sham,Modesto,United States,MOD,KMOD,37.625817,-120.954422,97,-8,A,"Modesto, CA",212,211,217,218,3.207547169811321,10.398104265402846,47.0,33.0,"Sat, Jun 24, 2006","Mon, Jun 12, 2006"
3498,Minot International,Minot,United States,MOT,KMOT,48.259378,-101.280333,1716,-6,A,"Minot, ND",90,90,90,90,5.155555555555555,8.766666666666671,9.0,19.0,"Fri, Jun  9, 2006","Fri, Jun 23, 2006"
6838,Sawyer International Airport,Marquette,United States,MQT,KMQT,46.353611,-87.395278,1221,-5,A,"Marquette, MI",82,82,82,82,4.487804878048779,7.609756097560974,21.0,15.0,"Thu, Jun 29, 2006","Tue, Jun 27, 2006"
3948,Monterey Peninsula,Monterey,United States,MRY,KMRY,36.587,-121.842944,257,-8,A,"Monterey, CA",659,662,670,671,3.4916540212443095,10.353474320241679,92.0,45.0,"Tue, Jun 13, 2006","Sun, Jun 18, 2006"
3459,Dane County Regional-Truax Field,Madison,United States,MSN,KMSN,43.139858,-89.337514,887,-6,A,"Madison, WI",1065,1050,1092,1077,4.169953051643188,12.448571428571428,28.0,133.0,"Wed, Jun 21, 2006","Fri, Jun  2, 2006"
4216,Missoula International,Missoula,United States,MSO,KMSO,46.916306,-114.090556,3205,-7,A,"Missoula, MT",393,388,398,396,4.399491094147584,9.842783505154646,8.0,65.0,"Fri, Jun  9, 2006","Sun, Jun 18, 2006"
3858,Minneapolis St. Paul International,Minneapolis,United States,MSP,KMSP,44.881956,-93.221767,841,-6,A,"Minneapolis, MN",10803,10837,10910,10912,6.7567342404887505,16.65663929131686,65.0,159.0,"Fri, Jun 16, 2006","Tue, Jun 27, 2006"
3861,Louis Armstrong New Orleans International,New Orleans,United States,MSY,KMSY,29.993389,-90.258028,4,-6,A,"New Orleans, LA",2557,2537,2584,2563,4.133750488854131,10.781237682301937,45.0,175.0,"Sat, Jun 24, 2006","Tue, Jun 27, 2006"
6880,Montrose Regional Airport,Montrose CO,United States,MTJ,KMTJ,38.509794,-107.894242,5759,-7,A,"Montrose/Delta, CO",215,215,216,215,4.232558139534882,11.63255813953489,10.0,96.0,"Sun, Jun 11, 2006","Sun, Jun 11, 2006"
3515,Myrtle Beach International,Myrtle Beach,United States,MYR,KMYR,33.67975,-78.928333,25,-5,A,"Myrtle Beach, SC",623,626,633,633,4.325842696629214,10.39297124600639,55.0,85.0,"Fri, Jun 30, 2006","Fri, Jun 23, 2006"
4386,Albert J. Ellis,Jacksonville NC,United States,OAJ,KOAJ,34.829164,-77.612139,94,-5,A,"Jacksonville/Camp Lejeune, NC",3,3,4,4,4.0,8.333333333333334,6.0,15.0,"Tue, Jun  6, 2006","Tue, Jun  6, 2006"
3453,Metropolitan Oakland International,Oakland,United States,OAK,KOAK,37.721278,-122.220722,9,-8,A,"Oakland, CA",6308,6327,6375,6391,5.4954026632847155,10.706337916864237,63.0,104.0,"Thu, Jun 15, 2006","Wed, Jun  7, 2006"
3456,Kahului,Kahului,United States,OGG,PHOG,20.89865,-156.430458,54,-10,N,"Kahului, HI",2183,2178,2216,2216,4.710948236371963,7.8732782369145875,28.0,44.0,"Wed, Jun 14, 2006","Fri, Jun  9, 2006"
3863,Will Rogers World,Oklahoma City,United States,OKC,KOKC,35.393089,-97.600733,1295,-6,A,"Oklahoma City, OK",1805,1825,1819,1847,4.749584487534628,11.254794520547954,67.0,224.0,"Wed, Jun  7, 2006","Sat, Jun 17, 2006"
3454,Eppley Airfield,Omaha,United States,OMA,KOMA,41.303167,-95.894069,984,-6,A,"Omaha, NE",1893,1892,1912,1908,4.025884838880095,10.847780126849898,38.0,135.0,"Sun, Jun 25, 2006","Tue, Jun 27, 2006"
3615,Nome,Nome,United States,OME,PAOM,64.512203,-165.445247,37,-9,A,"Nome, AK",84,86,90,90,3.6785714285714284,4.976744186046513,7.0,14.0,"Tue, Jun  6, 2006","Thu, Jun  8, 2006"
3734,Ontario International,Ontario,United States,ONT,KONT,34.056,-117.601194,944,-8,A,"Ontario, CA",3029,3031,3064,3061,4.078243644767252,10.283404816892123,31.0,67.0,"Mon, Jun 19, 2006","Tue, Jun 27, 2006"
3830,Chicago O'Hare International,Chicago,United States,ORD,KORD,41.978603,-87.904842,668,-6,A,"Chicago, IL",30446,30570,31286,31252,8.282040333705517,21.138992476283747,82.0,278.0,"Sun, Jun 25, 2006","Fri, Jun  2, 2006"
3611,Norfolk International,Norfolk,United States,ORF,KORF,36.894611,-76.201222,26,-5,A,"Norfolk, VA",1701,1686,1755,1754,4.279835390946516,12.14234875444841,24.0,140.0,"Sun, Jun 11, 2006","Wed, Jun  7, 2006"
3693,Ralph Wien Memorial,Kotzebue,United States,OTZ,PAOT,66.884678,-162.59855,11,-9,A,"Kotzebue, AK",86,86,90,90,3.3255813953488373,5.6395348837209305,7.0,14.0,"Fri, Jun 30, 2006","Wed, Jun  7, 2006"
6961,Oxnard - Ventura County,Oxnard,United States,OXR,KOXR,34.200833,-119.207222,15,-8,A,"Oxnard/Ventura, CA",131,132,135,136,3.2977099236641227,9.128787878787882,8.0,42.0,"Mon, Jun 12, 2006","Tue, Jun  6, 2006"
3722,Palm Beach International,West Palm Beach,United States,PBI,KPBI,26.683161,-80.095589,19,-5,A,"West Palm Beach/Palm Beach, FL",2052,2048,2062,2061,4.622319688109165,13.072265625,42.0,160.0,"Sat, Jun 24, 2006","Mon, Jun 26, 2006"
3720,Portland International,Portland,United States,PDX,KPDX,45.588722,-122.5975,30,-8,A,"Portland, OR",5007,5011,5037,5035,3.739364889155187,11.494911195370193,28.0,54.0,"Sun, Jun  4, 2006","Thu, Jun 22, 2006"
4073,Panama City Bay County International,Panama City,United States,PFN,KPFN,30.212083,-85.682806,20,-6,A,"Panama City, FL",197,197,205,205,3.4771573604060912,8.52284263959391,15.0,36.0,"Sun, Jun 25, 2006","Fri, Jun  2, 2006"
3633,Newport News Williamsburg International,Newport News,United States,PHF,KPHF,37.131894,-76.492989,43,-5,A,"Newport News/Williamsburg, VA",517,519,529,531,5.079303675048357,11.801541425818886,35.0,89.0,"Thu, Jun  1, 2006","Fri, Jun  9, 2006"
3752,Philadelphia International,Philadelphia,United States,PHL,KPHL,39.871944,-75.241139,36,-5,A,"Philadelphia, PA",8606,8637,8768,8768,7.666163141993951,29.14831538728723,93.0,263.0,"Fri, Jun  9, 2006","Tue, Jun 27, 2006"
3462,Phoenix Sky Harbor International,Phoenix,United States,PHX,KPHX,33.434278,-112.011583,1135,-7,N,"Phoenix, AZ",17600,17687,17869,17869,7.017045454545449,15.140894442245743,67.0,133.0,"Mon, Jun 19, 2006","Sat, Jun 24, 2006"
4046,Peoria Regional,Peoria,United States,PIA,KPIA,40.664203,-89.693258,660,-6,A,"Peoria, IL",372,368,384,381,3.809139784946238,12.535326086956522,11.0,182.0,"Wed, Jun 28, 2006","Wed, Jun 28, 2006"
5760,Pocatello Regional Airport,Pocatello,United States,PIH,KPIH,42.9098,-112.596,4452,-7,A,"Pocatello, ID",145,146,152,150,3.455172413793103,9.287671232876715,8.0,27.0,"Fri, Jun  9, 2006","Sun, Jun 11, 2006"
3570,Pittsburgh International,Pittsburgh (pennsylva),United States,PIT,KPIT,40.491467,-80.232872,1204,-5,A,"Pittsburgh, PA",3674,3652,3756,3740,6.699782253674467,15.80695509309968,61.0,148.0,"Thu, Jun 22, 2006","Wed, Jun 14, 2006"
3564,Pensacola Regional,Pensacola,United States,PNS,KPNS,30.473425,-87.186611,121,-6,A,"Pensacola, FL",875,874,888,888,4.276571428571433,10.267734553775751,23.0,72.0,"Wed, Jun 28, 2006","Thu, Jun 22, 2006"
6133,Tri Cities Airport,Pasco,United States,PSC,PSC,46.2647,-119.119,410,-8,A,"Pasco/Kennewick/Richland, WA",207,203,211,211,4.357487922705315,8.738916256157637,10.0,24.0,"Fri, Jun  9, 2006","Thu, Jun  8, 2006"
4147,Petersburg James A. Johnson,Petersburg,United States,PSG,PAPG,56.801667,-132.945278,105,-9,A,"Petersburg, AK",60,60,60,60,3.766666666666667,7.35,7.0,21.0,"Wed, Jun 14, 2006","Mon, Jun 19, 2006"
3839,Palm Springs International,Palm Springs,United States,PSP,KPSP,33.829667,-116.506694,477,-8,A,"Palm Springs, CA",854,854,872,872,4.274004683840752,10.078454332552695,17.0,51.0,"Thu, Jun 29, 2006","Wed, Jun 14, 2006"
3641,Theodore Francis Green State,Providence,United States,PVD,KPVD,41.732581,-71.420383,55,-5,A,"Providence, RI",2109,2102,2144,2139,4.450450450450453,12.544243577545194,26.0,127.0,"Sat, Jun 24, 2006","Thu, Jun  1, 2006"
3862,Portland International Jetport,Portland,United States,PWM,KPWM,43.646161,-70.309281,77,-5,A,"Portland, ME",659,657,700,698,3.9939301972685888,14.926940639269404,33.0,163.0,"Sat, Jun 24, 2006","Mon, Jun 19, 2006"
4087,Rapid City Regional Airport,Rapid City,United States,RAP,KRAP,44.045278,-103.057222,3204,-7,A,"Rapid City, SD",489,484,494,492,4.2781186094069525,11.150826446280988,9.0,41.0,"Fri, Jun  9, 2006","Thu, Jun 29, 2006"
4098,Redding Municipal,Redding,United States,RDD,KRDD,40.509,-122.293389,504,-8,A,"Redding, CA",172,172,174,173,3.622093023255814,10.145348837209308,8.0,26.0,"Sun, Jun 11, 2006","Tue, Jun 27, 2006"
4103,Roberts Field,Redmond-Bend,United States,RDM,KRDM,44.254066,-121.149964,3077,-8,A,"Bend/Redmond, OR",323,322,324,324,3.5356037151702786,9.543478260869568,8.0,23.0,"Wed, Jun  7, 2006","Sat, Jun 24, 2006"
3626,Raleigh Durham International,Raleigh-durham,United States,RDU,KRDU,35.877639,-78.787472,435,-5,A,"Raleigh/Durham, NC",4630,4645,4800,4797,5.027213822894165,14.001722282023675,100.0,161.0,"Fri, Jun 23, 2006","Wed, Jun 14, 2006"
4028,Chicago Rockford International Airport ,Rockford,United States,RFD,KRFD,42.1953611,-89.0972222,742,-6,A,"Rockford, IL",56,56,56,56,4.071428571428571,11.196428571428571,9.0,24.0,"Thu, Jun 15, 2006","Wed, Jun 21, 2006"
3608,Richmond International,Richmond,United States,RIC,KRIC,37.505167,-77.319667,167,-5,A,"Richmond, VA",1569,1572,1628,1629,5.275334608030581,14.751908396946572,37.0,219.0,"Mon, Jun 26, 2006","Sat, Jun 24, 2006"
3807,Reno Tahoe International,Reno,United States,RNO,KRNO,39.499108,-119.768108,4415,-8,A,"Reno, NV",2194,2193,2203,2202,4.451686417502284,10.17282261741907,37.0,77.0,"Fri, Jun 30, 2006","Wed, Jun 14, 2006"
4016,Roanoke Regional,Roanoke VA,United States,ROA,KROA,37.325472,-79.975417,1175,-5,A,"Roanoke, VA",380,374,396,389,5.521052631578948,12.157754010695188,40.0,101.0,"Fri, Jun  9, 2006","Wed, Jun 21, 2006"
3622,Greater Rochester International,Rochester,United States,ROC,KROC,43.118866,-77.672389,559,-5,A,"Rochester, NY",1420,1422,1467,1464,5.375352112676056,12.764416315049221,36.0,140.0,"Mon, Jun 26, 2006","Mon, Jun 19, 2006"
4048,Rochester,Rochester,United States,RST,KRST,43.908283,-92.500014,1317,-6,A,"Rochester, MN",223,222,231,232,3.766816143497759,8.92792792792793,12.0,89.0,"Thu, Jun  1, 2006","Wed, Jun 28, 2006"
3793,Southwest Florida International,Fort Myers,United States,RSW,KRSW,26.536167,-81.755167,30,-5,A,"Fort Myers, FL",1730,1734,1758,1752,4.460693641618485,13.051326412918113,54.0,330.0,"Sat, Jun 24, 2006","Thu, Jun  1, 2006"
3731,San Diego International,San Diego,United States,SAN,KSAN,32.733556,-117.189667,17,-8,A,"San Diego, CA",7785,7809,7893,7894,3.804238921001928,13.302599564604947,48.0,135.0,"Fri, Jun 30, 2006","Wed, Jun  7, 2006"
3621,San Antonio International,San Antonio,United States,SAT,KSAT,29.533694,-98.469778,809,-6,A,"San Antonio, TX",3517,3504,3557,3547,3.451805516064829,10.151826484018272,44.0,105.0,"Sun, Jun 25, 2006","Tue, Jun 13, 2006"
3613,Savannah Hilton Head International,Savannah,United States,SAV,KSAV,32.127583,-81.202139,51,-5,A,"Savannah, GA",1051,1057,1091,1091,5.648905803996198,13.631031220435194,46.0,127.0,"Sat, Jun 24, 2006","Wed, Jun  7, 2006"
3949,Santa Barbara Municipal,Santa Barbara,United States,SBA,KSBA,34.426211,-119.840372,10,-8,A,"Santa Barbara, CA",1183,1180,1195,1193,4.051563820794593,9.397457627118634,20.0,62.0,"Sun, Jun 11, 2006","Sat, Jun 24, 2006"
4359,South Bend Regional,South Bend,United States,SBN,KSBN,41.708661,-86.31725,799,-5,A,"South Bend, IN",47,46,47,47,4.70212765957447,9.043478260869563,16.0,19.0,"Fri, Jun  2, 2006","Mon, Jun  5, 2006"
5768,San Luis County Regional Airport,San Luis Obispo,United States,SBP,KSBP,35.2368,-120.642,212,-8,A,"San Luis Obispo, CA",568,564,571,570,3.535211267605634,11.11170212765957,9.0,71.0,"Sun, Jun 11, 2006","Sat, Jun 24, 2006"
3620,Deadhorse,Deadhorse,United States,SCC,PASC,70.19475,-148.465167,64,-9,A,"Deadhorse, AK",56,56,57,57,2.6785714285714297,6.107142857142857,4.0,16.0,"Sat, Jun  3, 2006","Thu, Jun 22, 2006"
4318,University Park Airport,State College Pennsylvania,United States,SCE,KUNV,40.849278,-77.848694,1239,-5,A,"State College, PA",81,81,82,82,3.506172839506173,9.679012345679014,8.0,31.0,"Mon, Jun 26, 2006","Tue, Jun 13, 2006"
4014,Louisville International Airport,Louisville,United States,SDF,KSDF,38.1740858,-85.7364989,501,-5,A,"Louisville, KY",1473,1470,1486,1481,5.101154107264092,13.002040816326511,31.0,179.0,"Sun, Jun 18, 2006","Fri, Jun  9, 2006"
3577,Seattle Tacoma International,Seattle,United States,SEA,KSEA,47.449,-122.309306,433,-8,A,"Seattle, WA",9675,9691,9736,9745,6.834935400516808,14.683520792487876,58.0,123.0,"Mon, Jun 19, 2006","Sun, Jun 25, 2006"
3469,San Francisco International,San Francisco,United States,SFO,KSFO,37.618972,-122.374889,13,-8,A,"San Francisco, CA",10976,10998,11128,11126,5.455357142857141,16.338061465720923,66.0,147.0,"Wed, Jun 28, 2006","Wed, Jun  7, 2006"
4348,Springfield Branson National,Springfield,United States,SGF,KSGF,37.245667,-93.388639,1268,-6,A,"Springfield, MO",757,765,768,775,3.956406869220608,10.925490196078432,22.0,147.0,"Sun, Jun  4, 2006","Fri, Jun  2, 2006"
4064,St. George Municipal,Saint George,United States,SGU,KSGU,37.090583,-113.593056,2941,-7,A,"St. George, UT",299,299,299,299,3.8862876254180603,9.076923076923073,26.0,29.0,"Sun, Jun 18, 2006","Sat, Jun 10, 2006"
3609,Shreveport Regional,Shreveport,United States,SHV,KSHV,32.446629,-93.8256,258,-6,A,"Shreveport, LA",571,553,581,565,4.793345008756565,9.795660036166366,23.0,129.0,"Thu, Jun 29, 2006","Tue, Jun 13, 2006"
3856,Sitka Rocky Gutierrez,Sitka,United States,SIT,PASI,57.047138,-135.361611,21,-9,A,"Sitka, AK",144,145,147,147,4.3958333333333295,10.703448275862069,8.0,41.0,"Wed, Jun  7, 2006","Mon, Jun  5, 2006"
3748,Norman Y. Mineta San Jose International,San Jose,United States,SJC,KSJC,37.3626,-121.929022,62,-8,A,"San Jose, CA",5105,5108,5155,5156,4.178256611165535,12.271730618637434,43.0,68.0,"Thu, Jun 29, 2006","Mon, Jun 26, 2006"
3708,San Angelo Regional-Mathis Field,San Angelo,United States,SJT,KSJT,31.35775,-100.496306,1919,-6,A,"San Angelo, TX",148,147,150,150,3.9594594594594597,9.136054421768707,9.0,21.0,"Fri, Jun  9, 2006","Sat, Jun  3, 2006"
3536,Salt Lake City International,Salt Lake City,United States,SLC,KSLC,40.788389,-111.977772,4227,-7,A,"Salt Lake City, UT",12041,11990,12155,12068,6.524375051905995,17.3462051709757,60.0,88.0,"Fri, Jun 30, 2006","Thu, Jun 22, 2006"
3817,Sacramento International,Sacramento,United States,SMF,KSMF,38.695417,-121.590778,27,-8,A,"Sacramento, CA",4647,4641,4668,4664,4.694856896922754,10.314371902607192,30.0,129.0,"Mon, Jun 19, 2006","Thu, Jun 22, 2006"
5772,Santa Maria Public-Captain G. Allan Hancock Airport,Santa Maria,United States,SMX,KSMX,34.8989,-120.457,261,-8,A,"Santa Maria, CA",142,141,143,143,3.5140845070422535,12.326241134751776,11.0,43.0,"Sat, Jun 10, 2006","Fri, Jun  9, 2006"
3867,John Wayne Airport Orange County,Santa Ana,United States,SNA,KSNA,33.675667,-117.868222,56,-8,A,"Santa Ana, CA",4346,4352,4413,4415,6.385181776346064,13.307215073529425,123.0,109.0,"Sat, Jun 17, 2006","Wed, Jun  7, 2006"
4336,Abraham Lincoln Capital,Springfield,United States,SPI,KSPI,39.8441,-89.677889,597,-6,A,"Springfield, IL",142,140,146,146,4.338028169014083,12.478571428571428,12.0,221.0,"Fri, Jun 16, 2006","Wed, Jun 28, 2006"
3680,Sheppard AFB Wichita Falls Municipal,Wichita Falls,United States,SPS,KSPS,33.988797,-98.491894,1019,-6,A,"Wichita Falls, TX",196,196,202,202,6.535714285714284,9.137755102040813,25.0,34.0,"Fri, Jun 23, 2006","Fri, Jun 23, 2006"
4067,Sarasota Bradenton International,Sarasota,United States,SRQ,KSRQ,27.395444,-82.554389,30,-5,A,"Sarasota/Bradenton, FL",503,489,510,495,4.495029821073563,11.435582822085893,18.0,128.0,"Sun, Jun 25, 2006","Thu, Jun  1, 2006"
3678,Lambert St. Louis International,St. Louis,United States,STL,KSTL,38.748697,-90.370028,618,-6,A,"St. Louis, MO",5302,5303,5375,5370,4.534703885326298,12.306618894965098,71.0,174.0,"Wed, Jun 28, 2006","Tue, Jun 27, 2006"
6494,Friedman Memorial,Hailey,United States,SUN,KSUN,43.504444,-114.296194,5320,-7,A,"Sun Valley/Hailey/Ketchum, ID",306,311,316,315,2.7483660130718954,8.292604501607716,7.0,51.0,"Mon, Jun 26, 2006","Sun, Jun 11, 2006"
3661,Stewart International,Newburgh,United States,SWF,KSWF,41.504094,-74.104839,491,-5,A,"Newburgh/Poughkeepsie, NY",88,90,89,91,4.522727272727274,12.877777777777778,12.0,68.0,"Fri, Jun 23, 2006","Mon, Jun 26, 2006"
3745,Syracuse Hancock International,Syracuse,United States,SYR,KSYR,43.111187,-76.106311,421,-5,A,"Syracuse, NY",1013,1004,1036,1028,4.682132280355382,12.826693227091635,29.0,99.0,"Sun, Jun 25, 2006","Tue, Jun 27, 2006"
3698,Tallahassee Regional,Tallahassee,United States,TLH,KTLH,30.396528,-84.350333,81,-5,A,"Tallahassee, FL",270,274,276,279,4.955555555555554,10.802919708029204,22.0,92.0,"Tue, Jun 27, 2006","Thu, Jun 22, 2006"
4040,Toledo,Toledo,United States,TOL,KTOL,41.586806,-83.807833,684,-5,A,"Toledo, OH",332,307,341,314,3.5512048192771077,11.71661237785017,10.0,106.0,"Sat, Jun 17, 2006","Wed, Jun 28, 2006"
3646,Tampa International,Tampa,United States,TPA,KTPA,27.975472,-82.53325,26,-5,A,"Tampa, FL",5915,5930,5951,5950,4.827049873203738,12.244182124789187,139.0,165.0,"Thu, Jun  1, 2006","Thu, Jun  1, 2006"
4116,Tri-Cities Regional Airport,BRISTOL,United States,TRI,KTRI,36.4752222,-82.4074167,1519,-5,A,"Bristol/Johnson City/Kingsport, TN",82,59,89,63,3.524390243902439,10.694915254237289,13.0,99.0,"Sun, Jun 25, 2006","Thu, Jun  1, 2006"
3855,Tulsa International,Tulsa,United States,TUL,KTUL,36.198389,-95.888111,677,-6,A,"Tulsa, OK",1783,1770,1811,1797,3.7644419517666834,11.256497175141247,28.0,169.0,"Fri, Jun 30, 2006","Sun, Jun 18, 2006"
5773,Tupelo Regional Airport,Tupelo,United States,TUP,KTUP,34.2681,-88.7699,346,-6,A,"Tupelo, MS",53,54,60,60,3.9433962264150937,8.611111111111112,10.0,16.0,"Tue, Jun 27, 2006","Fri, Jun  2, 2006"
3636,Tucson International,Tucson,United States,TUS,KTUS,32.116083,-110.941028,2643,-7,N,"Tucson, AZ",1990,1988,2007,2006,4.71809045226131,10.987927565392347,49.0,90.0,"Thu, Jun 29, 2006","Fri, Jun 23, 2006"
4023,Cherry Capital Airport,Traverse City,United States,TVC,KTVC,44.741445,-85.582235,624,-5,A,"Traverse City, MI",431,426,437,434,4.041763341067284,10.255868544600938,13.0,66.0,"Wed, Jun 21, 2006","Mon, Jun 19, 2006"
4263,Magic Valley Regional Airport,Twin Falls,United States,TWF,KTWF,42.481803,-114.487733,4151,-7,A,"Twin Falls, ID",149,150,153,150,3.3154362416107377,8.886666666666668,13.0,35.0,"Wed, Jun  7, 2006","Sun, Jun 11, 2006"
3770,Texarkana Regional-Webb Field,Texarkana,United States,TXK,KTXK,33.453722,-93.991028,390,-6,A,"Texarkana, AR",89,89,90,90,3.168539325842697,7.52808988764045,7.0,16.0,"Tue, Jun 20, 2006","Wed, Jun  7, 2006"
3848,Tyler Pounds Regional,Tyler,United States,TYR,KTYR,32.354139,-95.402386,544,-6,A,"Tyler, TX",118,118,120,120,4.601694915254239,8.88135593220339,10.0,26.0,"Tue, Jun 20, 2006","Mon, Jun 26, 2006"
3676,McGhee Tyson,Knoxville,United States,TYS,KTYS,35.810972,-83.994028,981,-5,A,"Knoxville, TN",777,768,797,785,4.441441441441442,13.591145833333337,54.0,109.0,"Sun, Jun 25, 2006","Sun, Jun 25, 2006"
5776,Valdosta Regional Airport,Valdosta,United States,VLD,KVLD,30.7825,-83.2767,203,-5,A,"Valdosta, GA",90,92,96,97,4.2555555555555555,9.336956521739127,19.0,26.0,"Thu, Jun 22, 2006","Thu, Jun 22, 2006"
3873,Eglin AFB,Valparaiso,United States,VPS,KVPS,30.48325,-86.5254,87,-6,A,"Valparaiso, FL",552,565,564,581,7.880434782608689,11.338053097345133,16.0,89.0,"Wed, Jun  7, 2006","Sun, Jun 25, 2006"
5969,Wrangell Airport,Wrangell,United States,WRG,PAWG,56.4843,-132.37,44,-9,A,"Wrangell, AK",59,59,60,60,3.779661016949153,7.372881355932203,7.0,28.0,"Sat, Jun  3, 2006","Sun, Jun 25, 2006"
7072,Yellowstone Airport,West Yellowstone,United States,WYS,KWYS,44.688333,-111.1175,6644,-7,A,"West Yellowstone, MT",51,51,52,52,3.7058823529411766,8.078431372549016,6.0,13.0,"Sat, Jun 10, 2006","Fri, Jun 23, 2006"
4356,NW Arkansas Regional,Bentonville,United States,XNA,KXNA,36.2818694,-94.3068111,1287,-6,A,"Fayetteville, AR",1012,986,1032,1011,4.776679841897233,12.002028397565928,39.0,130.0,"Wed, Jun  7, 2006","Wed, Jun 21, 2006"
6803,Yakutat,Yakutat,United States,YAK,PAYA,59.3012,-139.3937,33,-9,A,"Yakutat, AK",58,60,60,60,4.224137931034484,6.433333333333334,7.0,20.0,"Tue, Jun 20, 2006","Tue, Jun 27, 2006"
3596,Yuma MCAS Yuma International,Yuma,United States,YUM,KYUM,32.656578,-114.60598,216,-7,N,"Yuma, AZ",270,268,285,285,4.625925925925923,11.41044776119403,20.0,45.0,"Tue, Jun 20, 2006","Sat, Jun 17, 2006"
2883,Cyril E. King,St. Thomas,Virgin Islands,STT,TIST,18.337306,-64.973361,23,-4,U,"Charlotte Amalie, VI",227,228,227,228,4.1541850220264305,11.824561403508769,11.0,63.0,"Sat, Jun 17, 2006","Mon, Jun  5, 2006"
2884,Henry E. Rohlsen,St. Croix Island,Virgin Islands,STX,TISX,17.701889,-64.798556,74,-4,U,"Christiansted, VI",45,33,46,34,3.1333333333333333,12.333333333333334,6.0,70.0,"Wed, Jun  7, 2006","Mon, Jun  5, 2006"
2885,Rafael Hernndez,Aguadilla,Puerto Rico,BQN,TJBQ,18.494861,-67.129444,237,-4,U,"Aguadilla, PR",136,121,138,121,4.676470588235292,12.115702479338843,10.0,30.0,"Tue, Jun 27, 2006","Fri, Jun  2, 2006"
2889,Aeropuerto Mercedita,Ponce,Puerto Rico,PSE,TJPS,18.008306,-66.563028,29,-4,U,"Ponce, PR",65,58,67,59,6.599999999999999,13.39655172413793,66.0,28.0,"Sat, Jun 24, 2006","Mon, Jun  5, 2006"
2890,Luis Muoz Marn International,San Juan,Puerto Rico,SJU,TJSJ,18.439417,-66.001833,9,-4,U,"San Juan, PR",2245,2241,2260,2255,5.6730512249443175,16.112003569834897,60.0,153.0,"Sat, Jun  3, 2006","Mon, Jun  5, 2006"
