airport_id,name,city,country,iata_faa,iaco,latitude,longitude,altitude,zone,dst,city_state,avg_able_landings,avg_able_takeoffs,total_landings,total_takeoffs,avg_taxi_in,avg_taxi_out,longest_taxi_in,longest_taxi_out,lng_tx_in_date,lng_tx_out_date
4355,Lehigh Valley International,Allentown,United States,ABE,KABE,40.652083,-75.440806,393,-5,A,"Allentown/Bethlehem/Easton, PA",396,412,408,427,4.449494949494948,12.529126213592239,24.0,97.0,"Mon, Mar 27, 2006","Mon, Mar 13, 2006"
3718,Abilene Regional,Abilene,United States,ABI,KABI,32.411319,-99.681897,1791,-6,A,"Abilene, TX",230,229,244,244,3.8739130434782627,8.384279475982538,27.0,27.0,"Tue, Mar 14, 2006","Tue, Mar 14, 2006"
4019,Albuquerque International Sunport,Albuquerque,United States,ABQ,KABQ,35.0402222,-106.6091944,5355,-7,A,"Albuquerque, NM",3198,3196,3218,3217,4.634459036898042,10.591677096370447,33.0,156.0,"Sun, Mar 12, 2006","Sun, Mar 12, 2006"
5715,Southwest Georgia Regional Airport,Albany,United States,ABY,KABY,31.5355,-84.1945,197,-5,A,"Albany, GA",108,110,115,115,3.9537037037037055,8.145454545454545,23.0,24.0,"Wed, Mar  8, 2006","Sun, Mar 19, 2006"
3700,Waco Regional,Waco,United States,ACT,KACT,31.611289,-97.230519,516,-6,A,"Waco, TX",208,209,212,213,4.4951923076923155,9.148325358851677,10.0,33.0,"Sat, Mar 18, 2006","Mon, Mar 20, 2006"
4384,Arcata,Arcata CA,United States,ACV,KACV,40.978111,-124.108611,221,-8,A,"Arcata/Eureka, CA",308,309,320,320,3.448051948051949,8.375404530744333,8.0,30.0,"Mon, Mar  6, 2006","Thu, Mar 16, 2006"
3524,Atlantic City International,Atlantic City,United States,ACY,KACY,39.457583,-74.577167,75,-5,A,"Atlantic City, NJ",58,58,58,58,4.310344827586207,10.620689655172411,7.0,27.0,"Sun, Mar 19, 2006","Mon, Mar 20, 2006"
5959,Adak Airport,Adak Island,United States,ADK,PADK,51.878,-176.646,18,-10,A,"Adak Island, AK",8,8,9,9,4.375,6.125,5.0,8.0,"Sun, Mar 12, 2006","Thu, Mar 30, 2006"
3531,Kodiak,Kodiak,United States,ADQ,PADQ,57.749967,-152.493856,78,-9,A,"Kodiak, AK",49,49,52,52,2.836734693877551,5.938775510204081,11.0,13.0,"Tue, Mar 21, 2006","Sat, Mar 25, 2006"
3852,Alexandria International,Alexandria,United States,AEX,KAEX,31.3274,-92.549833,89,-6,A,"Alexandria, LA",193,217,200,221,4.165803108808292,11.829493087557603,9.0,104.0,"Wed, Mar 22, 2006","Tue, Mar 28, 2006"
3658,Augusta Regional At Bush Field,Bush Field,United States,AGS,KAGS,33.369944,-81.9645,144,-5,A,"Augusta, GA",194,194,204,204,3.61340206185567,10.556701030927835,18.0,37.0,"Sun, Mar 26, 2006","Sun, Mar 19, 2006"
3794,King Salmon,King Salmon,United States,AKN,PAKN,58.676778,-156.649278,68,-9,A,"King Salmon, AK",21,21,22,22,3.6666666666666665,4.761904761904762,7.0,11.0,"Thu, Mar  2, 2006","Sun, Mar 19, 2006"
3864,Albany International,Albany,United States,ALB,KALB,42.748267,-73.801692,285,-5,A,"Albany, NY",1322,1319,1327,1327,3.777609682299546,12.416982562547393,22.0,96.0,"Wed, Mar 22, 2006","Tue, Mar 28, 2006"
3840,Rick Husband Amarillo International,Amarillo,United States,AMA,KAMA,35.219369,-101.705931,3607,-6,A,"Amarillo, TX",687,689,702,703,4.0524017467248905,9.326560232220617,25.0,67.0,"Thu, Mar 23, 2006","Mon, Mar 20, 2006"
3774,Ted Stevens Anchorage International,Anchorage,United States,ANC,PANC,61.174361,-149.996361,152,-9,A,"Anchorage, AK",1480,1481,1508,1506,5.412837837837834,11.581363943281552,23.0,51.0,"Sat, Mar 25, 2006","Sun, Mar 19, 2006"
4012,Naples Municipal,Naples,United States,APF,KAPF,26.152619,-81.775294,8,-5,A,"Naples, FL",93,93,93,93,4.107526881720427,12.1505376344086,15.0,35.0,"Sat, Mar 11, 2006","Thu, Mar 23, 2006"
7001,Aspen/Pitkin County-Sardy Field,Aspen,United States,ASE,KASE,39.2232,-106.869,7820,-7,A,"Aspen, CO",96,98,105,105,3.4999999999999987,15.255102040816322,12.0,66.0,"Sun, Mar 12, 2006","Mon, Mar 27, 2006"
3682,Hartsfield Jackson Atlanta International,Atlanta,United States,ATL,KATL,33.636719,-84.428067,1026,-5,A,"Atlanta, GA",34605,34623,34988,34920,8.993787024996356,18.72752216734545,68.0,136.0,"Sat, Mar  4, 2006","Mon, Mar  6, 2006"
4047,Appleton,Appleton,United States,ATW,KATW,44.257526,-88.507576,680,-6,A,"Appleton, WI",312,316,328,329,4.282051282051285,10.522151898734185,17.0,76.0,"Thu, Mar  2, 2006","Tue, Mar  7, 2006"
3673,Austin Bergstrom International,Austin,United States,AUS,KAUS,30.194528,-97.669889,542,-6,A,"Austin, TX",3817,3808,3850,3848,5.189415771548355,11.830094537815125,127.0,116.0,"Tue, Mar 28, 2006","Sun, Mar  5, 2006"
4007,Asheville Regional Airport,Asheville,United States,AVL,KAVL,35.436194,-82.541806,2165,-5,A,"Asheville, NC",285,281,288,288,3.4596491228070176,12.70818505338078,10.0,81.0,"Wed, Mar 29, 2006","Wed, Mar 29, 2006"
4286,Wilkes Barre Scranton International,Scranton,United States,AVP,KAVP,41.338478,-75.723403,962,-5,A,"Scranton/Wilkes-Barre, PA",224,224,231,231,4.0535714285714315,12.683035714285719,10.0,64.0,"Sun, Mar  5, 2006","Thu, Mar  2, 2006"
4039,Kalamazoo,Kalamazoo,United States,AZO,KAZO,42.234875,-85.552058,874,-5,A,"Kalamazoo, MI",388,404,402,420,3.5412371134020613,13.618811881188119,10.0,86.0,"Thu, Mar 16, 2006","Sun, Mar  5, 2006"
3825,Bradley International,Windsor Locks,United States,BDL,KBDL,41.938889,-72.683222,173,-5,A,"Hartford, CT",2795,2794,2818,2818,5.124508050089455,12.91302791696492,49.0,90.0,"Thu, Mar  2, 2006","Thu, Mar  2, 2006"
3599,Bethel,Bethel,United States,BET,PABE,60.779778,-161.838,121,-9,A,"Bethel, AK",92,92,98,98,2.760869565217392,6.717391304347826,6.0,16.0,"Fri, Mar 31, 2006","Mon, Mar 13, 2006"
3558,Meadows Field,Bakersfield,United States,BFL,KBFL,35.433598,-119.05677,507,-8,A,"Bakersfield, CA",502,501,507,507,4.663346613545817,10.674650698602798,26.0,46.0,"Thu, Mar  2, 2006","Tue, Mar 28, 2006"
4129,Greater Binghamton-Edwin A. Link Field,Binghamton,United States,BGM,KBGM,42.208689,-75.979839,1636,-5,A,"Binghamton, NY",56,57,58,58,3.517857142857143,15.999999999999996,11.0,48.0,"Fri, Mar 17, 2006","Sat, Mar  4, 2006"
3463,Bangor International,Bangor,United States,BGR,KBGR,44.807444,-68.828139,192,-5,A,"Bangor, ME",330,328,333,333,4.163636363636366,12.5,10.0,111.0,"Wed, Mar 22, 2006","Mon, Mar 13, 2006"
3811,Birmingham International,Birmingham,United States,BHM,KBHM,33.562942,-86.75355,644,-6,A,"Birmingham, AL",1566,1565,1587,1588,4.091315453384417,11.806389776357841,32.0,114.0,"Wed, Mar  1, 2006","Tue, Mar 14, 2006"
4021,Billings Logan International Airport,Billings,United States,BIL,KBIL,45.80921,-108.537654,3652,-7,A,"Billings, MT",353,354,362,362,3.849858356940511,11.084745762711865,25.0,72.0,"Mon, Mar 20, 2006","Wed, Mar 15, 2006"
4083,Bismarck Municipal Airport,Bismarck,United States,BIS,KBIS,46.775842,-100.757931,1661,-6,A,"Bismarck/Mandan, ND",172,173,176,176,3.941860465116279,10.283236994219651,9.0,63.0,"Mon, Mar 13, 2006","Fri, Mar 10, 2006"
4037,Central Illinois Regional,Bloomington,United States,BMI,KBMI,40.477111,-88.915917,871,-6,A,"Bloomington/Normal, IL",377,376,384,385,4.480106100795754,13.875,27.0,80.0,"Tue, Mar 21, 2006","Sun, Mar 12, 2006"
3690,Nashville International,Nashville,United States,BNA,KBNA,36.124472,-86.678194,599,-6,A,"Nashville, TN",4862,4869,4907,4910,5.021390374331557,11.731361675908808,33.0,151.0,"Wed, Mar 22, 2006","Fri, Mar 31, 2006"
3495,Boise Air Terminal,Boise,United States,BOI,KBOI,43.564361,-116.222861,2871,-7,A,"Boise, ID",1397,1396,1402,1401,3.564065855404438,9.714183381088842,17.0,74.0,"Thu, Mar 16, 2006","Fri, Mar 24, 2006"
3448,General Edward Lawrence Logan International,Boston,United States,BOS,KBOS,42.364347,-71.005181,19,-5,A,"Boston, MA",11057,11055,11190,11186,6.768924663109348,17.806874717322465,44.0,134.0,"Mon, Mar 13, 2006","Tue, Mar 14, 2006"
3612,Southeast Texas Regional,Beaumont,United States,BPT,KBPT,29.950833,-94.020694,15,-6,A,"Beaumont/Port Arthur, TX",29,29,31,31,6.862068965517241,17.275862068965516,15.0,117.0,"Wed, Mar  1, 2006","Wed, Mar 29, 2006"
5725,Brunswick Golden Isles Airport,Brunswick,United States,BQK,KBQK,31.2588,-81.4665,26,-5,A,"Brunswick, GA",91,89,92,92,3.5054945054945055,8.011235955056177,8.0,29.0,"Wed, Mar 15, 2006","Tue, Mar 28, 2006"
3738,Brownsville South Padre Island International,Brownsville,United States,BRO,KBRO,25.906833,-97.425861,22,-6,A,"Brownsville, TX",207,207,207,207,5.574879227053138,16.52657004830918,23.0,56.0,"Thu, Mar 23, 2006","Sat, Mar 18, 2006"
3571,Wiley Post Will Rogers Memorial,Barrow,United States,BRW,PABR,71.285446,-156.766003,44,-9,A,"Barrow, AK",51,51,53,53,3.4901960784313726,5.1568627450980395,6.0,14.0,"Wed, Mar  1, 2006","Sat, Mar 18, 2006"
4022,Bert Mooney Airport,Butte,United States,BTM,KBTM,45.954806,-112.497472,5550,-7,A,"Butte, MT",59,59,61,62,4.220338983050847,11.288135593220339,7.0,21.0,"Tue, Mar 28, 2006","Thu, Mar 16, 2006"
3846,Baton Rouge Metro-Ryan Field,Baton Rouge,United States,BTR,KBTR,30.533167,-91.149639,70,-6,A,"Baton Rouge, LA",1055,1060,1090,1091,4.782938388625587,11.443396226415096,35.0,100.0,"Thu, Mar  9, 2006","Sun, Mar  5, 2006"
3711,Burlington International,Burlington,United States,BTV,KBTV,44.471861,-73.153278,335,-5,A,"Burlington, VT",589,603,596,615,4.237691001697792,15.903814262023209,15.0,109.0,"Fri, Mar  3, 2006","Fri, Mar 31, 2006"
3820,Buffalo Niagara International,Buffalo,United States,BUF,KBUF,42.940525,-78.732167,724,-5,A,"Buffalo, NY",2130,2126,2190,2186,4.831924882629098,12.826904985888985,45.0,86.0,"Thu, Mar  9, 2006","Wed, Mar  8, 2006"
3644,Bob Hope,Burbank,United States,BUR,KBUR,34.200667,-118.358667,778,-8,A,"Burbank, CA",2602,2611,2649,2650,2.887009992313603,11.319800842589041,32.0,117.0,"Sun, Mar 19, 2006","Thu, Mar 30, 2006"
3849,Baltimore Washington International,Baltimore,United States,BWI,KBWI,39.175361,-76.668333,146,-5,A,"Baltimore, MD",8862,8865,8900,8902,4.576732114646795,11.425606316976904,55.0,124.0,"Sat, Mar  4, 2006","Sun, Mar 26, 2006"
4020,Gallatin Field,Bozeman,United States,BZN,KBZN,45.777643,-111.160151,4500,-7,A,"Bozeman, MT",365,392,370,398,4.375342465753424,14.454081632653061,11.0,148.0,"Sat, Mar 11, 2006","Thu, Mar  9, 2006"
3561,Columbia Metropolitan,Colombia,United States,CAE,KCAE,33.938833,-81.119528,236,-5,A,"Columbia, SC",1113,1112,1136,1137,4.792452830188671,12.991906474820139,21.0,93.0,"Wed, Mar 29, 2006","Tue, Mar 28, 2006"
4112,Akron Canton Regional Airport,Akron,United States,CAK,KCAK,40.9160833,-81.4421944,1228,-5,A,"Akron, OH",921,919,929,930,4.88056460369164,13.14363438520131,16.0,146.0,"Sat, Mar 11, 2006","Sat, Mar 11, 2006"
3824,Cedar City Regional,Cedar City,United States,CDC,KCDC,37.700967,-113.098847,5622,-7,A,"Cedar City, UT",83,83,91,89,3.4819277108433737,12.54216867469879,10.0,74.0,"Fri, Mar 10, 2006","Thu, Mar  9, 2006"
3610,Merle K. Mudhole Smith,Cordova,United States,CDV,PACV,60.491778,-145.477556,48,-9,A,"Cordova, AK",60,61,62,62,3.8666666666666667,6.327868852459017,5.0,43.0,"Thu, Mar  2, 2006","Sun, Mar 19, 2006"
5727,Del Norte County Airport,Crescent City,United States,CEC,KCEC,41.7802,-124.237,57,-8,A,"Crescent City, CA",81,83,85,85,3.2098765432098766,8.385542168674698,16.0,28.0,"Fri, Mar  3, 2006","Mon, Mar 20, 2006"
3578,Lovell Field,Chattanooga,United States,CHA,KCHA,35.035278,-85.203808,683,-5,A,"Chattanooga, TN",400,401,408,408,3.9449999999999976,12.014962593516211,22.0,93.0,"Mon, Mar 20, 2006","Mon, Mar  6, 2006"
4015,Charlottesville-Albemarle,Charlottesville VA,United States,CHO,KCHO,38.138639,-78.452861,639,-5,A,"Charlottesville, VA",184,181,186,186,3.516304347826087,10.038674033149178,14.0,79.0,"Thu, Mar  2, 2006","Wed, Mar 22, 2006"
3806,Charleston AFB International,Charleston,United States,CHS,KCHS,32.898647,-80.040528,45,-5,A,"Charleston, SC",957,954,969,969,5.770114942528734,13.375262054507342,31.0,96.0,"Tue, Mar 28, 2006","Mon, Mar 13, 2006"
3710,Chico Municipal,Chico,United States,CIC,KCIC,39.795383,-121.858422,238,-8,A,"Chico, CA",86,86,89,89,3.8488372093023258,8.5,15.0,27.0,"Tue, Mar 28, 2006","Tue, Mar 14, 2006"
4043,Cedar Rapids,Cedar Rapids,United States,CID,KCID,41.884694,-91.710806,869,-6,A,"Cedar Rapids/Iowa City, IA",755,757,787,790,4.254304635761589,11.889035667106997,25.0,157.0,"Sat, Mar 11, 2006","Fri, Mar 31, 2006"
4088,McClellan-Palomar Airport,Carlsbad,United States,CLD,KCRQ,33.0742,-117.1648,328,-8,A,"Carlsbad, CA",200,200,205,205,3.9250000000000034,9.215000000000007,13.0,35.0,"Mon, Mar 20, 2006","Mon, Mar 13, 2006"
3486,Cleveland Hopkins International,Cleveland,United States,CLE,KCLE,41.411689,-81.849794,791,-5,A,"Cleveland, OH",7575,7597,7670,7678,5.811089108910878,16.486376201132092,44.0,158.0,"Fri, Mar 17, 2006","Thu, Mar 16, 2006"
3715,Easterwood Field,College Station,United States,CLL,KCLL,30.588583,-96.363833,321,-6,A,"College Station/Bryan, TX",124,125,126,127,4.733870967741934,11.904,11.0,138.0,"Wed, Mar  1, 2006","Thu, Mar  9, 2006"
3876,Charlotte Douglas International,Charlotte,United States,CLT,KCLT,35.214,-80.943139,748,-5,A,"Charlotte, NC",9867,9881,9952,9953,5.656329178068291,18.349863374152346,70.0,174.0,"Mon, Mar  6, 2006","Tue, Mar 28, 2006"
3759,Port Columbus International,Columbus,United States,CMH,KCMH,39.997972,-82.891889,815,-5,A,"Columbus, OH",2700,2693,2732,2731,4.8737037037037005,13.19457853694764,47.0,119.0,"Fri, Mar 31, 2006","Fri, Mar 10, 2006"
4049,Champaign,Champaign,United States,CMI,KCMI,40.03925,-88.278056,754,-6,A,"Champaign/Urbana, IL",308,305,321,320,4.250000000000001,13.275409836065576,22.0,104.0,"Thu, Mar  2, 2006","Tue, Mar 28, 2006"
4344,Yellowstone Regional,Cody,United States,COD,KCOD,44.520194,-109.023806,5102,-7,A,"Cody, WY",92,93,93,93,3.793478260869564,10.419354838709674,9.0,37.0,"Thu, Mar  2, 2006","Sun, Mar 19, 2006"
3819,City Of Colorado Springs Municipal,Colorado Springs,United States,COS,KCOS,38.805805,-104.700778,6187,-7,A,"Colorado Springs, CO",1467,1472,1497,1492,6.05998636673483,14.990489130434783,28.0,113.0,"Wed, Mar 15, 2006","Fri, Mar 31, 2006"
3872,Natrona County International,Casper,United States,CPR,KCPR,42.908,-106.464417,5347,-7,A,"Casper, WY",268,268,278,275,3.4626865671641793,10.164179104477617,7.0,60.0,"Sun, Mar 12, 2006","Wed, Mar  8, 2006"
3744,Corpus Christi International,Corpus Christi,United States,CRP,KCRP,27.770361,-97.501222,44,-6,A,"Corpus Christi, TX",729,732,736,737,3.842249657064472,12.091530054644808,33.0,78.0,"Tue, Mar 28, 2006","Tue, Mar 28, 2006"
4285,Yeager,Charleston,United States,CRW,KCRW,38.373147,-81.593189,981,-5,A,"Charleston/Dunbar, WV",358,365,369,377,3.4273743016759775,10.81643835616439,21.0,88.0,"Sat, Mar 25, 2006","Mon, Mar 13, 2006"
4255,Columbus Metropolitan Airport,Columbus,United States,CSG,KCSG,32.5163333,-84.9388611,397,-5,A,"Columbus, GA",104,105,115,115,3.3653846153846154,8.047619047619053,21.0,25.0,"Fri, Mar 10, 2006","Wed, Mar 15, 2006"
3488,Cincinnati Northern Kentucky International,Cincinnati,United States,CVG,KCVG,39.048836,-84.667822,896,-5,A,"Cincinnati, OH",11301,11350,11465,11462,4.140253074949121,15.304052863436139,71.0,190.0,"Sun, Mar 19, 2006","Sun, Mar  5, 2006"
4045,Central Wisconsin,Wassau,United States,CWA,KCWA,44.772726,-89.646635,840,-6,A,"Mosinee, WI",90,91,93,93,3.7111111111111112,14.780219780219781,6.0,129.0,"Sun, Mar  5, 2006","Fri, Mar 31, 2006"
3950,Daytona Beach International,Daytona Beach,United States,DAB,KDAB,29.179917,-81.058056,34,-5,A,"Daytona Beach, FL",352,352,356,356,4.366477272727269,12.789772727272725,24.0,65.0,"Sun, Mar 26, 2006","Sun, Mar 26, 2006"
3502,Dallas Love Field,Dallas,United States,DAL,KDAL,32.847111,-96.851778,487,-6,A,"Dallas, TX",4176,4184,4247,4247,3.265086206896552,9.758843212237077,64.0,97.0,"Mon, Mar 20, 2006","Sun, Mar 19, 2006"
3627,James M. Cox Dayton International,Dayton,United States,DAY,KDAY,39.902375,-84.219375,1009,-5,A,"Dayton, OH",1127,1108,1140,1120,5.110026619343384,16.086642599277987,32.0,138.0,"Fri, Mar 31, 2006","Fri, Mar 31, 2006"
4388,Dubuque Regional,Dubuque IA,United States,DBQ,KDBQ,42.402,-90.709472,1076,-6,A,"Dubuque, IA",114,114,119,120,3.6403508771929824,12.535087719298248,8.0,87.0,"Sun, Mar 26, 2006","Fri, Mar 31, 2006"
3520,Ronald Reagan Washington National,Washington,United States,DCA,KDCA,38.852083,-77.037722,15,-5,A,"Washington, DC",8305,8303,8434,8432,5.030102347983141,15.229676020715413,68.0,157.0,"Thu, Mar 16, 2006","Tue, Mar  7, 2006"
3751,Denver International,Denver,United States,DEN,KDEN,39.861656,-104.673178,5431,-7,A,"Denver, CO",18898,18937,19193,19198,7.776325537093868,16.118075724771614,59.0,152.0,"Sat, Mar 25, 2006","Sun, Mar 12, 2006"
3670,Dallas Fort Worth International,Dallas-fort Worth,United States,DFW,KDFW,32.896828,-97.037997,607,-6,A,"Dallas/Fort Worth, TX",24623,24715,25106,25086,11.167038947325667,17.865992312361062,145.0,216.0,"Sun, Mar 19, 2006","Sun, Mar  5, 2006"
3739,Dothan Regional,Dothan,United States,DHN,KDHN,31.321339,-85.449628,401,-6,A,"Dothan, AL",161,158,169,169,3.267080745341615,7.9556962025316516,8.0,38.0,"Mon, Mar  6, 2006","Sat, Mar 25, 2006"
3460,Dillingham,Dillingham,United States,DLG,PADL,59.044667,-158.5055,74,-9,A,"Dillingham, AK",12,12,13,13,2.9166666666666665,4.416666666666667,4.0,10.0,"Sat, Mar 11, 2006","Sat, Mar 18, 2006"
3598,Duluth International,Duluth,United States,DLH,KDLH,46.842091,-92.193649,1428,-6,A,"Duluth, MN",86,85,87,87,4.034883720930232,10.10588235294118,12.0,46.0,"Tue, Mar 14, 2006","Thu, Mar  2, 2006"
3713,Durango La Plata County,Durango,United States,DRO,KDRO,37.151516,-107.75377,6685,-7,A,"Durango, CO",270,271,279,279,5.3703703703703685,11.819188191881919,64.0,69.0,"Tue, Mar  7, 2006","Wed, Mar  8, 2006"
3729,Des Moines International,Des Moines,United States,DSM,KDSM,41.533972,-93.663083,958,-6,A,"Des Moines, IA",1072,1076,1101,1102,4.3180970149253834,13.424721189591082,24.0,131.0,"Tue, Mar 21, 2006","Wed, Mar  8, 2006"
3645,Detroit Metro Wayne County,Detroit,United States,DTW,KDTW,42.212444,-83.353389,645,-5,A,"Detroit, MI",10632,10663,10770,10770,8.803987960872846,17.184844790396753,57.0,191.0,"Thu, Mar 16, 2006","Sun, Mar  5, 2006"
4250,Eagle County Regional,Vail,United States,EGE,KEGE,39.642556,-106.917694,6540,-7,A,"Eagle, CO",531,534,540,540,4.273069679849341,19.022471910112372,14.0,134.0,"Fri, Mar 10, 2006","Sun, Mar 12, 2006"
5736,Elko Regional Airport,Elko,United States,EKO,KEKO,40.8249,-115.792,5140,-8,A,"Elko, NV",137,138,141,147,4.124087591240876,9.181159420289859,8.0,47.0,"Mon, Mar 13, 2006","Thu, Mar  9, 2006"
3559,El Paso International,El Paso,United States,ELP,KELP,31.80725,-106.377583,3958,-7,A,"El Paso, TX",1945,1942,1960,1960,3.4899742930591264,10.090628218331625,22.0,83.0,"Mon, Mar 27, 2006","Mon, Mar  6, 2006"
4276,Erie International-Tom Ridge Field,Erie,United States,ERI,KERI,42.082022,-80.176217,733,-5,A,"Erie, PA",79,79,80,80,3.670886075949367,12.113924050632912,6.0,35.0,"Fri, Mar 24, 2006","Thu, Mar  2, 2006"
4099,Mahlon Sweet Field,Eugene,United States,EUG,KEUG,44.124583,-123.211972,374,-8,A,"Eugene, OR",510,508,516,516,3.921568627450982,10.324803149606296,53.0,77.0,"Mon, Mar  6, 2006","Fri, Mar 10, 2006"
4018,Evansville Regional,Evansville,United States,EVV,KEVV,38.036997,-87.532364,418,-6,A,"Evansville, IN",449,445,467,467,3.8685968819599097,11.90337078651685,15.0,81.0,"Fri, Mar 31, 2006","Tue, Mar  7, 2006"
3494,Newark Liberty International,Newark,United States,EWR,KEWR,40.6925,-74.168667,18,-5,A,"Newark, NJ",13672,13708,13992,13994,8.696167349327135,28.402611613656237,62.0,166.0,"Sat, Mar  4, 2006","Mon, Mar 13, 2006"
3875,Key West International,Key West,United States,EYW,KEYW,24.556111,-81.759556,3,-5,A,"Key West, FL",90,92,93,93,4.233333333333333,10.749999999999998,42.0,45.0,"Tue, Mar 28, 2006","Thu, Mar  2, 2006"
3832,Fairbanks International,Fairbanks,United States,FAI,PAFA,64.815114,-147.856267,434,-9,A,"Fairbanks, AK",377,377,385,385,3.53315649867374,8.968169761273211,16.0,34.0,"Wed, Mar 29, 2006","Wed, Mar  1, 2006"
4292,Hector International Airport,Fargo,United States,FAR,KFAR,46.92065,-96.8157639,902,-6,A,"Fargo, ND",344,344,354,350,4.7267441860465125,12.125,17.0,175.0,"Sat, Mar 18, 2006","Mon, Mar 13, 2006"
3687,Fresno Yosemite International,Fresno,United States,FAT,KFAT,36.776194,-119.71814,336,-8,A,"Fresno, CA",1258,1259,1274,1274,4.186009538950719,9.554408260524223,40.0,65.0,"Wed, Mar  1, 2006","Thu, Mar  2, 2006"
5738,Fayetteville Regional-Grannis Field,Fayetteville,United States,FAY,KFAY,34.9912,-78.8803,189,-5,A,"Fayetteville, NC",120,123,124,124,4.775000000000001,10.69918699186992,17.0,25.0,"Sun, Mar 26, 2006","Mon, Mar 20, 2006"
4127,Glacier Park International,Kalispell,United States,FCA,KFCA,48.310472,-114.256,2977,-7,A,"Kalispell, MT",204,205,205,205,3.784313725490196,10.331707317073175,9.0,41.0,"Tue, Mar 14, 2006","Fri, Mar 10, 2006"
4261,Flagstaff Pulliam Airport,Flagstaff,United States,FLG,KFLG,35.140318,-111.6692392,7015,-7,N,"Flagstaff, AZ",114,116,124,124,4.973684210526318,11.732758620689655,10.0,57.0,"Sun, Mar 12, 2006","Tue, Mar 21, 2006"
3533,Fort Lauderdale Hollywood International,Fort Lauderdale,United States,FLL,KFLL,26.072583,-80.15275,9,-5,A,"Fort Lauderdale, FL",6573,6582,6597,6596,4.8875703636087,17.280917654208512,55.0,220.0,"Thu, Mar 23, 2006","Thu, Mar 23, 2006"
3879,Florence Regional,Florence,United States,FLO,KFLO,34.185361,-79.723889,146,-5,A,"Florence, SC",62,59,62,62,3.9838709677419355,8.694915254237289,8.0,21.0,"Tue, Mar 21, 2006","Fri, Mar 31, 2006"
4089,Bishop International,Flint,United States,FNT,KFNT,42.965424,-83.743629,782,-5,A,"Flint, MI",686,688,693,693,4.427113702623906,13.56976744186047,21.0,91.0,"Fri, Mar 31, 2006","Fri, Mar 31, 2006"
4009,Sioux Falls,Sioux Falls,United States,FSD,KFSD,43.582014,-96.741914,1429,-6,A,"Sioux Falls, SD",462,464,473,473,4.772727272727271,12.52370689655172,47.0,138.0,"Fri, Mar 31, 2006","Sun, Mar  5, 2006"
3437,Fort Smith Regional,Fort Smith,United States,FSM,KFSM,35.336583,-94.367444,469,-6,A,"Fort Smith, AR",147,147,151,151,4.870748299319727,8.108843537414964,33.0,22.0,"Mon, Mar  6, 2006","Sun, Mar 26, 2006"
4041,Fort Wayne,Fort Wayne,United States,FWA,KFWA,40.978472,-85.195139,815,-5,A,"Fort Wayne, IN",559,559,576,576,3.908765652951697,13.491949910554561,14.0,112.0,"Tue, Mar  7, 2006","Wed, Mar  8, 2006"
3467,Spokane International,Spokane,United States,GEG,KGEG,47.619861,-117.533833,2376,-8,A,"Spokane, WA",1073,1077,1078,1079,4.13233923578751,10.12999071494894,23.0,46.0,"Wed, Mar 29, 2006","Fri, Mar 24, 2006"
3442,Grand Forks International,Grand Forks,United States,GFK,KGFK,47.949256,-97.176111,845,-6,A,"Grand Forks, ND",58,58,58,58,4.413793103448274,10.275862068965518,8.0,28.0,"Tue, Mar  7, 2006","Sat, Mar 11, 2006"
3465,East Texas Regional,Longview,United States,GGG,KGGG,32.384014,-94.711486,365,-6,A,"Longview, TX",92,92,93,93,4.956521739130433,9.413043478260866,10.0,53.0,"Sun, Mar  5, 2006","Sun, Mar 19, 2006"
4063,Grand Junction Regional,Grand Junction,United States,GJT,KGJT,39.122413,-108.526735,4858,-7,A,"Grand Junction, CO",383,384,396,391,3.9138381201044385,11.059895833333323,48.0,137.0,"Sun, Mar 26, 2006","Thu, Mar 23, 2006"
3472,Gainesville Regional,Gainesville,United States,GNV,KGNV,29.690056,-82.271778,152,-5,A,"Gainesville, FL",165,163,168,168,3.6000000000000005,9.791411042944786,10.0,36.0,"Fri, Mar  3, 2006","Fri, Mar 24, 2006"
4038,Gulfport-Biloxi,Gulfport,United States,GPT,KGPT,30.407278,-89.070111,28,-6,A,"Gulfport/Biloxi, MS",601,600,607,607,4.9151414309484185,12.25500000000001,27.0,101.0,"Wed, Mar 22, 2006","Wed, Mar 29, 2006"
3653,Austin Straubel International,Green Bay,United States,GRB,KGRB,44.485072,-88.129589,695,-6,A,"Green Bay, WI",643,668,680,702,4.446345256609643,12.82485029940119,28.0,217.0,"Fri, Mar 31, 2006","Sun, Mar  5, 2006"
3775,Robert Gray AAF,Killeen,United States,GRK,KGRK,31.06725,-97.828917,1015,-6,A,"Killeen, TX",403,404,415,418,4.93300248138958,11.443069306930688,30.0,64.0,"Mon, Mar 20, 2006","Sat, Mar 18, 2006"
3685,Gerald R. Ford International,Grand Rapids,United States,GRR,KGRR,42.880833,-85.522806,794,-5,A,"Grand Rapids, MI",1402,1401,1425,1424,4.278887303851648,14.162027123483224,17.0,91.0,"Thu, Mar  2, 2006","Wed, Mar  8, 2006"
4008,Piedmont Triad,Greensboro,United States,GSO,KGSO,36.09775,-79.937306,925,-5,A,"Greensboro/High Point, NC",1152,1157,1181,1184,4.510416666666671,14.425237683664662,23.0,130.0,"Mon, Mar  6, 2006","Mon, Mar  6, 2006"
4034,Greenville-Spartanburg International,Greenville,United States,GSP,KGSP,34.895556,-82.218889,964,-5,A,"Greer, SC",895,898,908,909,3.862569832402236,13.57906458797327,20.0,113.0,"Sun, Mar 26, 2006","Wed, Mar 22, 2006"
3880,Great Falls International,Great Falls,United States,GTF,KGTF,47.482,-111.370689,3677,-7,A,"Great Falls, MT",319,318,327,328,4.009404388714733,10.399371069182394,12.0,147.0,"Tue, Mar 14, 2006","Wed, Mar 15, 2006"
4273,Golden Triangle Regional Airport,Columbus Mississippi,United States,GTR,KGTR,33.450333,-88.591361,264,-6,A,"Columbus, MS",58,60,62,62,4.310344827586205,7.349999999999998,15.0,15.0,"Mon, Mar 13, 2006","Sat, Mar 11, 2006"
7051,Gunnison - Crested Butte,Gunnison,United States,GUC,KGUC,38.533889,-106.933056,7678,-7,A,"Gunnison, CO",157,156,159,159,3.140127388535032,12.993589743589743,9.0,53.0,"Fri, Mar 17, 2006","Mon, Mar 20, 2006"
4339,Yampa Valley,Hayden,United States,HDN,KHDN,40.481181,-107.21766,6602,-7,A,"Hayden, CO",386,385,396,396,3.435233160621761,14.846753246753249,22.0,57.0,"Sat, Mar 11, 2006","Wed, Mar  8, 2006"
3504,Helena Regional,Helena,United States,HLN,KHLN,46.606806,-111.98275,3877,-7,A,"Helena, MT",150,150,151,151,3.38,9.106666666666662,12.0,29.0,"Fri, Mar 10, 2006","Sun, Mar 19, 2006"
3728,Honolulu International,Honolulu,United States,HNL,PHNL,21.318681,-157.922428,13,-10,N,"Honolulu, HI",3275,3282,3290,3291,5.416793893129776,14.15722120658136,38.0,65.0,"Sun, Mar 26, 2006","Sun, Mar 19, 2006"
3566,William P. Hobby,Houston,United States,HOU,KHOU,29.645419,-95.278889,46,-6,A,"Houston, TX",4599,4611,4674,4674,4.340726244835822,8.725439167208846,42.0,125.0,"Wed, Mar 29, 2006","Tue, Mar 14, 2006"
3589,Westchester County,White Plains,United States,HPN,KHPN,41.066959,-73.707575,439,-5,A,"White Plains, NY",415,417,439,439,5.243373493975905,16.182254196642674,34.0,96.0,"Thu, Mar  2, 2006","Tue, Mar 14, 2006"
3560,Valley International,Harlingen,United States,HRL,KHRL,26.2285,-97.654389,36,-6,A,"Harlingen/San Benito, TX",506,504,510,510,2.6936758893280612,9.027777777777779,8.0,101.0,"Wed, Mar 15, 2006","Mon, Mar 27, 2006"
4113,Huntsville International Airport-Carl T. Jones Field,Huntsville,United States,HSV,KHSV,34.6371944,-86.7750556,629,-6,A,"Huntsville, AL",755,751,777,777,4.814569536423837,12.680426098535284,15.0,88.0,"Wed, Mar 15, 2006","Sat, Mar 18, 2006"
5742,TriState-Milton J. Ferguson Field,Huntington,United States,HTS,KHTS,38.3667,-82.558,828,-5,A,"Ashland, WV",53,53,54,54,3.2641509433962264,7.735849056603771,5.0,27.0,"Thu, Mar 16, 2006","Tue, Mar 21, 2006"
3714,Washington Dulles International,Washington,United States,IAD,KIAD,38.944533,-77.455811,313,-5,A,"Washington, DC",8127,8140,8256,8255,6.96197858988557,15.732432432432432,80.0,155.0,"Sat, Mar  4, 2006","Sun, Mar 12, 2006"
3550,George Bush Intercontinental Houston,Houston,United States,IAH,KIAH,29.984433,-95.341442,97,-6,A,"Houston, TX",19238,19296,19401,19386,9.206882212288097,22.53078358208959,64.0,204.0,"Tue, Mar 28, 2006","Tue, Mar 28, 2006"
3457,Wichita Mid Continent,Wichita,United States,ICT,KICT,37.649944,-97.433056,1333,-6,A,"Wichita, KS",1031,1031,1064,1065,4.749757516973816,12.280310378273512,27.0,171.0,"Mon, Mar 13, 2006","Sun, Mar  5, 2006"
4100,Idaho Falls Regional,Idaho Falls,United States,IDA,KIDA,43.514556,-112.07075,4744,-7,A,"Idaho Falls, ID",206,208,215,210,3.762135922330097,10.225961538461538,10.0,38.0,"Thu, Mar  9, 2006","Sat, Mar  4, 2006"
3845,Wilmington International,Wilmington,United States,ILM,KILM,34.270615,-77.902569,32,-5,A,"Wilmington, NC",262,281,269,287,4.660305343511454,12.455516014234869,23.0,602.0,"Thu, Mar 16, 2006","Wed, Mar 15, 2006"
3585,Indianapolis International,Indianapolis,United States,IND,KIND,39.717331,-86.294383,797,-5,A,"Indianapolis, IN",3184,3194,3221,3223,7.825376884422113,14.996556042579837,43.0,141.0,"Fri, Mar 31, 2006","Tue, Mar 21, 2006"
3689,Imperial County,Imperial,United States,IPL,KIPL,32.834219,-115.578744,-54,-8,A,"El Centro, CA",60,61,62,62,3.7,10.885245901639344,9.0,20.0,"Wed, Mar  1, 2006","Fri, Mar 31, 2006"
7522,Kinston Regional Jetport,Kinston,United States,ISO,KISO,35.331389,-77.608889,94,7,A,"Kinston, NC",60,60,61,61,3.9166666666666665,10.016666666666667,12.0,28.0,"Fri, Mar 24, 2006","Thu, Mar  2, 2006"
3857,Long Island MacArthur,Islip,United States,ISP,KISP,40.79525,-73.100222,99,-5,A,"Islip, NY",972,979,987,987,4.074074074074065,8.67722165474974,56.0,53.0,"Thu, Mar  2, 2006","Thu, Mar  2, 2006"
3415,Hilo International,Hilo,United States,ITO,PHTO,19.721375,-155.048469,38,-10,N,"Hilo, HI",275,275,275,275,4.6909090909090905,5.232727272727274,7.0,8.0,"Tue, Mar 28, 2006","Wed, Mar 15, 2006"
7120,Inyokern Airport,Inyokern,United States,IYK,KIYK,35.658889,-117.829444,2455,-8,A,"Inyokern, CA",87,88,89,89,3.5977011494252875,10.045454545454545,7.0,24.0,"Fri, Mar 17, 2006","Mon, Mar  6, 2006"
4027,Jackson Hole Airport,Jacksn Hole,United States,JAC,KJAC,43.60733333,-110.73775,6451,-7,A,"Jackson, WY",342,345,348,348,3.52046783625731,16.953623188405796,12.0,107.0,"Fri, Mar 31, 2006","Sun, Mar  5, 2006"
3580,Jackson Evers International,Jackson,United States,JAN,KJAN,32.311167,-90.075889,346,-6,A,"Jackson/Vicksburg, MS",926,927,936,936,4.507559395248377,10.557713052858684,44.0,178.0,"Sat, Mar 11, 2006","Sat, Mar 11, 2006"
3712,Jacksonville International,Jacksonville,United States,JAX,KJAX,30.494056,-81.687861,30,-5,A,"Jacksonville, FL",2678,2676,2690,2690,4.772964899178492,11.926382660687583,26.0,133.0,"Sun, Mar 12, 2006","Thu, Mar  2, 2006"
3797,John F. Kennedy International,New York,United States,JFK,KJFK,40.639751,-73.778925,13,-5,A,"New York, NY",8575,8591,8658,8658,8.310320699708438,25.90676289139797,97.0,287.0,"Thu, Mar  2, 2006","Thu, Mar  2, 2006"
3492,Juneau International,Juneau,United States,JNU,PAJN,58.354972,-134.576278,21,-9,A,"Juneau, AK",308,307,310,310,4.6396103896103895,11.563517915309447,13.0,49.0,"Tue, Mar 14, 2006","Tue, Mar 14, 2006"
3514,Kona International At Keahole,Kona,United States,KOA,PHKO,19.738767,-156.045631,47,-10,N,"Kona, HI",657,657,658,658,4.143074581430751,9.074581430745809,8.0,38.0,"Sat, Mar  4, 2006","Wed, Mar 15, 2006"
3808,Ketchikan International,Ketchikan,United States,KTN,PAKT,55.355556,-131.71375,88,-9,A,"Ketchikan, AK",182,182,186,186,4.983516483516483,9.994505494505493,15.0,26.0,"Mon, Mar 13, 2006","Wed, Mar  8, 2006"
3544,Capital City,Lansing,United States,LAN,KLAN,42.7787,-84.587357,861,-5,A,"Lansing, MI",435,433,445,445,4.140229885057469,11.623556581986149,12.0,72.0,"Sun, Mar 19, 2006","Fri, Mar 24, 2006"
3877,McCarran International,Las Vegas,United States,LAS,KLAS,36.080056,-115.15225,2141,-8,A,"Las Vegas, NV",15570,15576,15712,15708,5.978098908156694,15.31227529532612,70.0,154.0,"Fri, Mar 31, 2006","Mon, Mar 13, 2006"
4256,Lawton-Fort Sill Regional Airport,Lawton,United States,LAW,KLAW,34.5677144,-98.4166367,1110,-6,A,"Lawton/Fort Sill, OK",177,176,182,181,4.084745762711869,9.187500000000007,14.0,56.0,"Tue, Mar 28, 2006","Thu, Mar  9, 2006"
3484,Los Angeles International,Los Angeles,United States,LAX,KLAX,33.942536,-118.408075,126,-8,A,"Los Angeles, CA",19324,19356,19610,19605,7.340664458704189,14.140783219673484,58.0,111.0,"Thu, Mar 23, 2006","Fri, Mar 31, 2006"
3829,Lubbock Preston Smith International,Lubbock,United States,LBB,KLBB,33.663639,-101.822778,3282,-6,A,"Lubbock, TX",755,754,764,764,3.4463576158940383,8.824933687002634,12.0,77.0,"Wed, Mar  8, 2006","Wed, Mar  1, 2006"
3513,Lake Charles Regional,Lake Charles,United States,LCH,KLCH,30.126112,-93.223335,15,-6,A,"Lake Charles, LA",116,116,121,121,5.086206896551727,18.560344827586214,10.0,59.0,"Sat, Mar 11, 2006","Mon, Mar 27, 2006"
4017,Blue Grass,Lexington KY,United States,LEX,KLEX,38.0365,-84.605889,979,-5,A,"Lexington, KY",894,893,910,912,4.7192393736017895,13.603583426651737,34.0,97.0,"Wed, Mar  8, 2006","Mon, Mar 13, 2006"
3493,Lafayette Regional,Lafayette,United States,LFT,KLFT,30.205278,-91.987611,43,-6,A,"Lafayette, LA",369,373,377,377,4.850948509485096,14.715817694369989,22.0,111.0,"Mon, Mar 20, 2006","Sun, Mar  5, 2006"
3697,LaGuardia Airport,New York,United States,LGA,KLGA,40.777245,-73.872608,22,-5,A,"New York, NY",10860,10870,11182,11173,7.768139963167587,24.484820607175738,105.0,155.0,"Fri, Mar 10, 2006","Fri, Mar 31, 2006"
3582,Long Beach,Long Beach,United States,LGB,KLGB,33.817722,-118.151611,60,-8,A,"Long Beach, CA",1019,1035,1035,1038,4.625122669283612,13.796135265700482,31.0,58.0,"Wed, Mar  8, 2006","Mon, Mar 20, 2006"
3602,Lihue,Lihue,United States,LIH,PHLI,21.975983,-159.338958,153,-10,N,"Lihue, HI",657,653,660,660,5.095890410958906,5.508422664624811,39.0,31.0,"Sat, Mar 11, 2006","Fri, Mar  3, 2006"
3660,Adams Field,Little Rock,United States,LIT,KLIT,34.729444,-92.224306,262,-6,A,"Little Rock, AR",1427,1442,1445,1461,4.52908199018921,11.3502080443828,131.0,106.0,"Sun, Mar 19, 2006","Wed, Mar 29, 2006"
3543,Lincoln,Lincoln,United States,LNK,KLNK,40.850971,-96.75925,1219,-6,A,"Lincoln, NE",267,266,277,278,4.63670411985019,11.150375939849626,27.0,105.0,"Fri, Mar 24, 2006","Wed, Mar  8, 2006"
3691,Laredo International,Laredo,United States,LRD,KLRD,27.54375,-99.461556,508,-6,A,"Laredo, TX",228,227,231,231,3.4254385964912286,10.986784140969164,10.0,53.0,"Wed, Mar  8, 2006","Wed, Mar 29, 2006"
4044,LaCrosse Municipal,LaCrosse,United States,LSE,KLSE,43.878986,-91.256711,654,-6,A,"La Crosse, WI",145,146,150,151,3.579310344827586,10.993150684931507,9.0,63.0,"Thu, Mar  9, 2006","Tue, Mar 14, 2006"
3945,Lewiston Nez Perce County,Lewiston,United States,LWS,KLWS,46.3745,-117.015389,1442,-8,A,"Lewiston, ID",62,62,62,62,4.887096774193549,10.51612903225806,10.0,24.0,"Wed, Mar 15, 2006","Sun, Mar 12, 2006"
5753,Lynchburg Regional-Preston Glenn Field,Lynchburg,United States,LYH,KLYH,37.3267,-79.2004,938,-5,A,"Lynchburg, VA",87,86,88,88,3.8620689655172415,9.66279069767442,9.0,38.0,"Thu, Mar  9, 2006","Tue, Mar 28, 2006"
3652,Midland International,Midland,United States,MAF,KMAF,31.942528,-102.201914,2871,-6,A,"Midland/Odessa, TX",715,716,725,725,3.2517482517482503,8.520949720670389,37.0,93.0,"Sun, Mar 19, 2006","Mon, Mar 20, 2006"
4128,MBS International,Saginaw,United States,MBS,KMBS,43.532913,-84.079647,668,-5,A,"Saginaw/Bay City/Midland, MI",261,264,271,271,4.47126436781609,12.636363636363637,13.0,114.0,"Mon, Mar  6, 2006","Thu, Mar  9, 2006"
3458,Kansas City International,Kansas City,United States,MCI,KMCI,39.297606,-94.713905,1026,-6,A,"Kansas City, MO",4689,4683,4718,4719,4.651098315205816,11.561819346572715,31.0,239.0,"Fri, Mar 10, 2006","Sun, Mar 12, 2006"
3754,Middle Georgia Regional,Macon,United States,MCN,KMCN,32.69285,-83.649211,354,-5,A,"Macon, GA",89,90,94,93,3.842696629213483,11.844444444444445,12.0,72.0,"Thu, Mar 16, 2006","Wed, Mar 29, 2006"
3878,Orlando International,Orlando,United States,MCO,KMCO,28.429394,-81.308994,96,-5,A,"Orlando, FL",10740,10756,10765,10780,6.1936685288640785,13.668650055782802,75.0,120.0,"Fri, Mar 24, 2006","Thu, Mar 23, 2006"
3542,Harrisburg International,Harrisburg,United States,MDT,KMDT,40.193494,-76.763403,310,-5,A,"Harrisburg, PA",658,679,673,692,4.750759878419447,13.03240058910162,43.0,96.0,"Sun, Mar 12, 2006","Mon, Mar 13, 2006"
3747,Chicago Midway International,Chicago,United States,MDW,KMDW,41.785972,-87.752417,620,-6,A,"Chicago, IL",8388,8431,8506,8499,4.749046256556986,11.904756256671773,76.0,112.0,"Sun, Mar  5, 2006","Tue, Mar 14, 2006"
4335,Key Field,Meridian,United States,MEI,KMEI,32.332624,-88.751868,297,-6,A,"Meridian, MS",64,60,71,62,4.140625000000002,10.166666666666666,15.0,75.0,"Thu, Mar  9, 2006","Thu, Mar  2, 2006"
3473,Memphis International,Memphis,United States,MEM,KMEM,35.042417,-89.976667,341,-6,A,"Memphis, TN",3926,3939,3989,3992,5.947784004075398,15.982990606752983,83.0,219.0,"Sun, Mar  5, 2006","Sun, Mar 12, 2006"
3826,McAllen Miller International,Mcallen,United States,MFE,KMFE,26.175833,-98.238611,107,-6,A,"Mission/McAllen/Edinburg, TX",442,443,447,447,4.271493212669677,11.943566591422126,13.0,82.0,"Sat, Mar 25, 2006","Sat, Mar 18, 2006"
4101,Rogue Valley International Medford,Medford,United States,MFR,KMFR,42.374228,-122.8735,1335,-8,A,"Medford, OR",475,474,486,487,3.6294736842105277,9.84599156118143,63.0,31.0,"Fri, Mar 10, 2006","Fri, Mar 10, 2006"
4115,Montgomery Regional Airport ,MONTGOMERY,United States,MGM,KMGM,32.3006389,-86.3939722,221,-6,A,"Montgomery, AL",281,286,292,293,3.9501779359430644,11.356643356643358,20.0,67.0,"Fri, Mar 17, 2006","Fri, Mar 31, 2006"
4011,Manchester Regional Airport,Manchester NH,United States,MHT,KMHT,42.932556,-71.435667,266,-5,A,"Manchester, NH",1805,1799,1815,1814,4.525761772853183,11.541967759866596,31.0,121.0,"Fri, Mar 31, 2006","Mon, Mar 13, 2006"
3576,Miami International,Miami,United States,MIA,KMIA,25.79325,-80.290556,8,-5,A,"Miami, FL",6058,6075,6088,6092,7.402112908550675,17.515555555555597,82.0,212.0,"Thu, Mar 23, 2006","Thu, Mar 23, 2006"
3717,General Mitchell International,Milwaukee,United States,MKE,KMKE,42.947222,-87.896583,723,-6,A,"Milwaukee, WI",1909,1893,1955,1932,4.984808800419063,15.50501848917062,32.0,138.0,"Tue, Mar 14, 2006","Fri, Mar 31, 2006"
3671,Melbourne International,Melbourne,United States,MLB,KMLB,28.102753,-80.645258,33,-5,A,"Melbourne, FL",219,221,221,221,4.972602739726026,13.271493212669684,20.0,80.0,"Sat, Mar  4, 2006","Thu, Mar  2, 2006"
4072,Quad City International,Moline,United States,MLI,KMLI,41.448528,-90.507539,590,-6,A,"Moline, IL",472,495,484,505,3.9343220338983063,13.256565656565657,25.0,143.0,"Thu, Mar  2, 2006","Fri, Mar 31, 2006"
3732,Monroe Regional,Monroe,United States,MLU,KMLU,32.510864,-92.037689,79,-6,A,"Monroe, LA",129,126,129,129,4.271317829457364,10.158730158730156,28.0,43.0,"Fri, Mar 24, 2006","Mon, Mar 20, 2006"
3782,Mobile Regional,Mobile,United States,MOB,KMOB,30.691231,-88.242814,219,-6,A,"Mobile, AL",542,543,552,552,4.778597785977857,11.373848987108657,18.0,105.0,"Tue, Mar  7, 2006","Wed, Mar 29, 2006"
3816,Modesto City County Harry Sham,Modesto,United States,MOD,KMOD,37.625817,-120.954422,97,-8,A,"Modesto, CA",109,111,116,116,3.4311926605504586,10.513513513513514,10.0,40.0,"Thu, Mar 16, 2006","Thu, Mar  9, 2006"
3498,Minot International,Minot,United States,MOT,KMOT,48.259378,-101.280333,1716,-6,A,"Minot, ND",92,93,93,93,5.217391304347829,10.806451612903228,8.0,33.0,"Fri, Mar 17, 2006","Thu, Mar 30, 2006"
6838,Sawyer International Airport,Marquette,United States,MQT,KMQT,46.353611,-87.395278,1221,-5,A,"Marquette, MI",78,77,85,85,4.705128205128208,10.883116883116886,14.0,36.0,"Mon, Mar 27, 2006","Tue, Mar 28, 2006"
3948,Monterey Peninsula,Monterey,United States,MRY,KMRY,36.587,-121.842944,257,-8,A,"Monterey, CA",710,714,725,727,3.3225352112676054,9.652661064425763,15.0,74.0,"Wed, Mar 22, 2006","Tue, Mar  7, 2006"
3459,Dane County Regional-Truax Field,Madison,United States,MSN,KMSN,43.139858,-89.337514,887,-6,A,"Madison, WI",1016,1015,1053,1049,4.326771653543314,14.620689655172416,29.0,187.0,"Mon, Mar 20, 2006","Sun, Mar  5, 2006"
4216,Missoula International,Missoula,United States,MSO,KMSO,46.916306,-114.090556,3205,-7,A,"Missoula, MT",299,295,302,298,4.314381270903011,11.003389830508475,15.0,47.0,"Sun, Mar 12, 2006","Wed, Mar  8, 2006"
3858,Minneapolis St. Paul International,Minneapolis,United States,MSP,KMSP,44.881956,-93.221767,841,-6,A,"Minneapolis, MN",10464,10530,10678,10667,6.689602446483172,18.048622981956314,107.0,212.0,"Mon, Mar 13, 2006","Mon, Mar 13, 2006"
3861,Louis Armstrong New Orleans International,New Orleans,United States,MSY,KMSY,29.993389,-90.258028,4,-6,A,"New Orleans, LA",2189,2192,2198,2198,3.971219735038829,11.213503649635037,25.0,106.0,"Tue, Mar 21, 2006","Thu, Mar 16, 2006"
6880,Montrose Regional Airport,Montrose CO,United States,MTJ,KMTJ,38.509794,-107.894242,5759,-7,A,"Montrose/Delta, CO",311,313,315,317,4.057877813504822,11.97124600638978,18.0,71.0,"Sat, Mar 11, 2006","Sat, Mar 11, 2006"
3515,Myrtle Beach International,Myrtle Beach,United States,MYR,KMYR,33.67975,-78.928333,25,-5,A,"Myrtle Beach, SC",509,511,514,514,4.430255402750493,11.976516634050883,17.0,80.0,"Sun, Mar  5, 2006","Sun, Mar 12, 2006"
3453,Metropolitan Oakland International,Oakland,United States,OAK,KOAK,37.721278,-122.220722,9,-8,A,"Oakland, CA",6002,6027,6114,6114,4.905864711762742,11.485316077650573,72.0,107.0,"Fri, Mar 10, 2006","Sun, Mar  5, 2006"
3456,Kahului,Kahului,United States,OGG,PHOG,20.89865,-156.430458,54,-10,N,"Kahului, HI",1328,1324,1335,1335,5.121234939759039,10.008308157099709,40.0,80.0,"Sun, Mar 19, 2006","Fri, Mar 17, 2006"
3863,Will Rogers World,Oklahoma City,United States,OKC,KOKC,35.393089,-97.600733,1295,-6,A,"Oklahoma City, OK",1821,1807,1831,1817,4.612300933552983,11.787493082457104,35.0,139.0,"Fri, Mar 10, 2006","Sun, Mar 19, 2006"
3454,Eppley Airfield,Omaha,United States,OMA,KOMA,41.303167,-95.894069,984,-6,A,"Omaha, NE",1848,1847,1871,1869,3.867965367965368,12.348673524634542,48.0,120.0,"Sun, Mar  5, 2006","Tue, Mar 28, 2006"
3615,Nome,Nome,United States,OME,PAOM,64.512203,-165.445247,37,-9,A,"Nome, AK",90,91,97,97,3.3333333333333335,5.3076923076923075,7.0,18.0,"Wed, Mar 22, 2006","Fri, Mar  3, 2006"
3734,Ontario International,Ontario,United States,ONT,KONT,34.056,-117.601194,944,-8,A,"Ontario, CA",3000,2998,3032,3032,4.84033333333333,10.408605737158114,64.0,108.0,"Sat, Mar  4, 2006","Sun, Mar 12, 2006"
3830,Chicago O'Hare International,Chicago,United States,ORD,KORD,41.978603,-87.904842,668,-6,A,"Chicago, IL",30506,30672,31685,31689,8.779289320133696,19.571563641106078,123.0,250.0,"Sun, Mar  5, 2006","Sun, Mar 12, 2006"
3611,Norfolk International,Norfolk,United States,ORF,KORF,36.894611,-76.201222,26,-5,A,"Norfolk, VA",1659,1656,1670,1671,4.125376732971677,12.052536231884053,30.0,159.0,"Sun, Mar 12, 2006","Sun, Mar  5, 2006"
3693,Ralph Wien Memorial,Kotzebue,United States,OTZ,PAOT,66.884678,-162.59855,11,-9,A,"Kotzebue, AK",85,87,93,93,3.670588235294116,6.068965517241378,10.0,21.0,"Sat, Mar 11, 2006","Thu, Mar  9, 2006"
6961,Oxnard - Ventura County,Oxnard,United States,OXR,KOXR,34.200833,-119.207222,15,-8,A,"Oxnard/Ventura, CA",150,150,151,151,3.3066666666666666,9.913333333333332,6.0,25.0,"Tue, Mar 21, 2006","Wed, Mar 15, 2006"
3722,Palm Beach International,West Palm Beach,United States,PBI,KPBI,26.683161,-80.095589,19,-5,A,"West Palm Beach/Palm Beach, FL",2931,2930,2932,2933,5.045718184919833,14.67610921501708,57.0,107.0,"Sat, Mar  4, 2006","Fri, Mar 10, 2006"
3720,Portland International,Portland,United States,PDX,KPDX,45.588722,-122.5975,30,-8,A,"Portland, OR",4484,4490,4514,4515,4.192239072256929,10.401781737193765,38.0,60.0,"Tue, Mar 14, 2006","Thu, Mar 16, 2006"
4073,Panama City Bay County International,Panama City,United States,PFN,KPFN,30.212083,-85.682806,20,-6,A,"Panama City, FL",219,215,221,221,3.1689497716894977,8.869767441860471,15.0,44.0,"Tue, Mar 28, 2006","Thu, Mar  2, 2006"
3633,Newport News Williamsburg International,Newport News,United States,PHF,KPHF,37.131894,-76.492989,43,-5,A,"Newport News/Williamsburg, VA",589,589,599,601,4.870967741935486,11.78438030560272,19.0,67.0,"Sun, Mar 12, 2006","Thu, Mar 30, 2006"
3752,Philadelphia International,Philadelphia,United States,PHL,KPHL,39.871944,-75.241139,36,-5,A,"Philadelphia, PA",9516,9508,9608,9600,6.371794871794877,20.874000841396754,87.0,171.0,"Thu, Mar 23, 2006","Tue, Mar 28, 2006"
3462,Phoenix Sky Harbor International,Phoenix,United States,PHX,KPHX,33.434278,-112.011583,1135,-7,N,"Phoenix, AZ",18322,18398,18507,18513,6.595786486191467,14.662572018697688,68.0,130.0,"Sat, Mar  4, 2006","Sat, Mar 11, 2006"
4046,Peoria Regional,Peoria,United States,PIA,KPIA,40.664203,-89.693258,660,-6,A,"Peoria, IL",375,378,400,399,3.546666666666667,14.484126984126984,12.0,135.0,"Wed, Mar 22, 2006","Fri, Mar 31, 2006"
5760,Pocatello Regional Airport,Pocatello,United States,PIH,KPIH,42.9098,-112.596,4452,-7,A,"Pocatello, ID",150,150,158,155,3.7733333333333334,9.73333333333333,13.0,39.0,"Fri, Mar  3, 2006","Thu, Mar  9, 2006"
3570,Pittsburgh International,Pittsburgh (pennsylva),United States,PIT,KPIT,40.491467,-80.232872,1204,-5,A,"Pittsburgh, PA",3811,3812,3850,3848,5.6880083967462625,14.586044071353623,32.0,141.0,"Mon, Mar 20, 2006","Tue, Mar  7, 2006"
3564,Pensacola Regional,Pensacola,United States,PNS,KPNS,30.473425,-87.186611,121,-6,A,"Pensacola, FL",854,852,864,865,4.0679156908665135,10.53638497652583,28.0,79.0,"Sun, Mar 12, 2006","Tue, Mar 28, 2006"
6133,Tri Cities Airport,Pasco,United States,PSC,PSC,46.2647,-119.119,410,-8,A,"Pasco/Kennewick/Richland, WA",142,142,142,142,4.359154929577463,9.485915492957743,8.0,35.0,"Fri, Mar  3, 2006","Wed, Mar 15, 2006"
4147,Petersburg James A. Johnson,Petersburg,United States,PSG,PAPG,56.801667,-132.945278,105,-9,A,"Petersburg, AK",62,62,62,62,4.741935483870968,8.499999999999996,11.0,29.0,"Mon, Mar 13, 2006","Wed, Mar  8, 2006"
3839,Palm Springs International,Palm Springs,United States,PSP,KPSP,33.829667,-116.506694,477,-8,A,"Palm Springs, CA",1416,1419,1430,1430,4.622881355932204,11.288935870331223,41.0,115.0,"Sat, Mar 11, 2006","Thu, Mar  9, 2006"
3641,Theodore Francis Green State,Providence,United States,PVD,KPVD,41.732581,-71.420383,55,-5,A,"Providence, RI",2356,2359,2389,2389,4.185908319185054,12.267486222975839,57.0,157.0,"Thu, Mar  2, 2006","Tue, Mar 28, 2006"
3862,Portland International Jetport,Portland,United States,PWM,KPWM,43.646161,-70.309281,77,-5,A,"Portland, ME",651,660,667,668,3.629800307219662,14.13030303030303,20.0,121.0,"Thu, Mar 23, 2006","Fri, Mar 24, 2006"
4087,Rapid City Regional Airport,Rapid City,United States,RAP,KRAP,44.045278,-103.057222,3204,-7,A,"Rapid City, SD",349,351,368,371,4.0429799426934085,10.894586894586899,12.0,45.0,"Tue, Mar 14, 2006","Thu, Mar 16, 2006"
4098,Redding Municipal,Redding,United States,RDD,KRDD,40.509,-122.293389,504,-8,A,"Redding, CA",167,166,179,178,3.5748502994011977,10.253012048192769,9.0,38.0,"Thu, Mar 30, 2006","Thu, Mar 30, 2006"
4103,Roberts Field,Redmond-Bend,United States,RDM,KRDM,44.254066,-121.149964,3077,-8,A,"Bend/Redmond, OR",295,292,298,298,3.2474576271186444,11.691780821917812,8.0,50.0,"Tue, Mar 14, 2006","Sat, Mar 25, 2006"
3626,Raleigh Durham International,Raleigh-durham,United States,RDU,KRDU,35.877639,-78.787472,435,-5,A,"Raleigh/Durham, NC",4532,4546,4588,4587,4.498896734333653,13.44874615046193,46.0,142.0,"Thu, Mar 16, 2006","Sun, Mar 12, 2006"
4028,Chicago Rockford International Airport ,Rockford,United States,RFD,KRFD,42.1953611,-89.0972222,742,-6,A,"Rockford, IL",53,53,55,54,4.09433962264151,17.132075471698116,9.0,49.0,"Wed, Mar 22, 2006","Tue, Mar  7, 2006"
3608,Richmond International,Richmond,United States,RIC,KRIC,37.505167,-77.319667,167,-5,A,"Richmond, VA",1411,1405,1436,1435,5.109142452161586,14.269039145907476,56.0,148.0,"Mon, Mar 20, 2006","Tue, Mar 28, 2006"
3807,Reno Tahoe International,Reno,United States,RNO,KRNO,39.499108,-119.768108,4415,-8,A,"Reno, NV",2295,2288,2307,2307,4.698039215686271,11.153846153846155,29.0,141.0,"Fri, Mar 17, 2006","Fri, Mar  3, 2006"
4016,Roanoke Regional,Roanoke VA,United States,ROA,KROA,37.325472,-79.975417,1175,-5,A,"Roanoke, VA",383,381,395,394,5.060052219321138,11.160104986876632,16.0,58.0,"Sun, Mar 19, 2006","Tue, Mar 28, 2006"
3622,Greater Rochester International,Rochester,United States,ROC,KROC,43.118866,-77.672389,559,-5,A,"Rochester, NY",1379,1379,1397,1397,5.42929659173314,14.615663524292966,20.0,152.0,"Tue, Mar 14, 2006","Sun, Mar  5, 2006"
4048,Rochester,Rochester,United States,RST,KRST,43.908283,-92.500014,1317,-6,A,"Rochester, MN",162,162,174,175,3.895061728395061,14.185185185185185,40.0,107.0,"Thu, Mar 16, 2006","Tue, Mar 28, 2006"
3793,Southwest Florida International,Fort Myers,United States,RSW,KRSW,26.536167,-81.755167,30,-5,A,"Fort Myers, FL",3103,3096,3108,3106,5.063164679342572,13.871447028423768,84.0,106.0,"Wed, Mar 22, 2006","Tue, Mar 28, 2006"
3731,San Diego International,San Diego,United States,SAN,KSAN,32.733556,-117.189667,17,-8,A,"San Diego, CA",7805,7801,7882,7886,3.614862267777065,12.68670683245738,47.0,104.0,"Tue, Mar 28, 2006","Wed, Mar 15, 2006"
3621,San Antonio International,San Antonio,United States,SAT,KSAT,29.533694,-98.469778,809,-6,A,"San Antonio, TX",3752,3735,3787,3778,3.7763859275053284,10.791700133868812,42.0,103.0,"Tue, Mar 14, 2006","Wed, Mar 29, 2006"
3613,Savannah Hilton Head International,Savannah,United States,SAV,KSAV,32.127583,-81.202139,51,-5,A,"Savannah, GA",1034,1032,1043,1044,5.305609284332692,13.54941860465116,25.0,74.0,"Sat, Mar 18, 2006","Mon, Mar 27, 2006"
3949,Santa Barbara Municipal,Santa Barbara,United States,SBA,KSBA,34.426211,-119.840372,10,-8,A,"Santa Barbara, CA",1266,1262,1292,1292,4.067930489731434,9.152139461172748,23.0,60.0,"Fri, Mar 17, 2006","Sat, Mar 11, 2006"
4359,South Bend Regional,South Bend,United States,SBN,KSBN,41.708661,-86.31725,799,-5,A,"South Bend, IN",254,250,259,259,4.015748031496065,11.688,29.0,67.0,"Sun, Mar 19, 2006","Fri, Mar 31, 2006"
5768,San Luis County Regional Airport,San Luis Obispo,United States,SBP,KSBP,35.2368,-120.642,212,-8,A,"San Luis Obispo, CA",582,584,590,590,3.5790378006872845,11.164383561643824,17.0,53.0,"Sat, Mar  4, 2006","Tue, Mar 28, 2006"
3620,Deadhorse,Deadhorse,United States,SCC,PASC,70.19475,-148.465167,64,-9,A,"Deadhorse, AK",27,27,27,27,3.1481481481481484,6.592592592592593,5.0,13.0,"Thu, Mar  9, 2006","Thu, Mar  2, 2006"
4318,University Park Airport,State College Pennsylvania,United States,SCE,KUNV,40.849278,-77.848694,1239,-5,A,"State College, PA",88,88,89,89,3.715909090909091,11.659090909090912,6.0,30.0,"Tue, Mar 28, 2006","Sun, Mar 19, 2006"
4014,Louisville International Airport,Louisville,United States,SDF,KSDF,38.1740858,-85.7364989,501,-5,A,"Louisville, KY",1634,1630,1647,1647,5.115055079559359,13.278527607361967,46.0,157.0,"Wed, Mar 22, 2006","Thu, Mar  2, 2006"
3577,Seattle Tacoma International,Seattle,United States,SEA,KSEA,47.449,-122.309306,433,-8,A,"Seattle, WA",8355,8375,8423,8421,6.041771394374629,14.191641791044779,36.0,107.0,"Fri, Mar  3, 2006","Mon, Mar 13, 2006"
3469,San Francisco International,San Francisco,United States,SFO,KSFO,37.618972,-122.374889,13,-8,A,"San Francisco, CA",10708,10719,10964,10966,6.4118416137467245,15.942718537176965,79.0,112.0,"Sun, Mar 12, 2006","Mon, Mar 20, 2006"
4348,Springfield Branson National,Springfield,United States,SGF,KSGF,37.245667,-93.388639,1268,-6,A,"Springfield, MO",736,732,757,757,3.800271739130434,10.073770491803275,21.0,82.0,"Mon, Mar 13, 2006","Thu, Mar  2, 2006"
4064,St. George Municipal,Saint George,United States,SGU,KSGU,37.090583,-113.593056,2941,-7,A,"St. George, UT",263,265,266,267,3.8022813688212933,9.743396226415094,10.0,47.0,"Wed, Mar 29, 2006","Sat, Mar 11, 2006"
3609,Shreveport Regional,Shreveport,United States,SHV,KSHV,32.446629,-93.8256,258,-6,A,"Shreveport, LA",587,591,601,600,4.955706984667799,10.003384094754658,22.0,62.0,"Sat, Mar 25, 2006","Thu, Mar 30, 2006"
3856,Sitka Rocky Gutierrez,Sitka,United States,SIT,PASI,57.047138,-135.361611,21,-9,A,"Sitka, AK",93,93,93,93,4.731182795698926,11.419354838709674,9.0,39.0,"Mon, Mar 13, 2006","Wed, Mar  8, 2006"
3748,Norman Y. Mineta San Jose International,San Jose,United States,SJC,KSJC,37.3626,-121.929022,62,-8,A,"San Jose, CA",5088,5097,5176,5177,4.20499213836478,11.385128506964875,29.0,93.0,"Wed, Mar 29, 2006","Mon, Mar  6, 2006"
3708,San Angelo Regional-Mathis Field,San Angelo,United States,SJT,KSJT,31.35775,-100.496306,1919,-6,A,"San Angelo, TX",150,150,154,155,3.506666666666667,8.366666666666667,10.0,38.0,"Sun, Mar 19, 2006","Sat, Mar 18, 2006"
3536,Salt Lake City International,Salt Lake City,United States,SLC,KSLC,40.788389,-111.977772,4227,-7,A,"Salt Lake City, UT",11863,11911,11997,11996,6.497681867992904,18.047015363949324,66.0,183.0,"Wed, Mar 15, 2006","Wed, Mar 15, 2006"
3817,Sacramento International,Sacramento,United States,SMF,KSMF,38.695417,-121.590778,27,-8,A,"Sacramento, CA",4347,4339,4396,4398,4.073383942949183,9.89744180686796,24.0,84.0,"Thu, Mar  9, 2006","Sun, Mar  5, 2006"
5772,Santa Maria Public-Captain G. Allan Hancock Airport,Santa Maria,United States,SMX,KSMX,34.8989,-120.457,261,-8,A,"Santa Maria, CA",150,149,152,151,3.7,10.496644295302014,9.0,36.0,"Sun, Mar 19, 2006","Sat, Mar  4, 2006"
3867,John Wayne Airport Orange County,Santa Ana,United States,SNA,KSNA,33.675667,-117.868222,56,-8,A,"Santa Ana, CA",4184,4189,4242,4243,5.943355640535372,13.111243733587962,45.0,144.0,"Sun, Mar 26, 2006","Sun, Mar  5, 2006"
4336,Abraham Lincoln Capital,Springfield,United States,SPI,KSPI,39.8441,-89.677889,597,-6,A,"Springfield, IL",145,145,155,155,4.165517241379311,12.848275862068965,8.0,53.0,"Mon, Mar 27, 2006","Tue, Mar 28, 2006"
3680,Sheppard AFB Wichita Falls Municipal,Wichita Falls,United States,SPS,KSPS,33.988797,-98.491894,1019,-6,A,"Wichita Falls, TX",198,198,207,209,7.343434343434343,10.52020202020202,16.0,37.0,"Tue, Mar 14, 2006","Sat, Mar 18, 2006"
4067,Sarasota Bradenton International,Sarasota,United States,SRQ,KSRQ,27.395444,-82.554389,30,-5,A,"Sarasota/Bradenton, FL",852,853,855,855,5.028169014084507,12.073856975381013,41.0,61.0,"Tue, Mar 28, 2006","Mon, Mar 13, 2006"
3678,Lambert St. Louis International,St. Louis,United States,STL,KSTL,38.748697,-90.370028,618,-6,A,"St. Louis, MO",5550,5557,5602,5601,4.1965765765765735,12.233939175814255,56.0,164.0,"Sun, Mar 12, 2006","Mon, Mar 20, 2006"
6494,Friedman Memorial,Hailey,United States,SUN,KSUN,43.504444,-114.296194,5320,-7,A,"Sun Valley/Hailey/Ketchum, ID",192,191,201,205,3.1041666666666674,10.434554973821992,8.0,60.0,"Wed, Mar 22, 2006","Sun, Mar 12, 2006"
3661,Stewart International,Newburgh,United States,SWF,KSWF,41.504094,-74.104839,491,-5,A,"Newburgh/Poughkeepsie, NY",89,90,93,93,4.337078651685394,14.844444444444445,16.0,72.0,"Mon, Mar 13, 2006","Thu, Mar  9, 2006"
3745,Syracuse Hancock International,Syracuse,United States,SYR,KSYR,43.111187,-76.106311,421,-5,A,"Syracuse, NY",1005,1008,1017,1018,4.585074626865669,16.115079365079406,20.0,116.0,"Fri, Mar  3, 2006","Tue, Mar 14, 2006"
4084,Telluride,Telluride,United States,TEX,KTEX,37.953759,-107.90848,9078,-7,A,"Telluride, CO",49,51,62,62,6.571428571428571,14.882352941176471,25.0,45.0,"Tue, Mar 28, 2006","Sat, Mar 11, 2006"
3698,Tallahassee Regional,Tallahassee,United States,TLH,KTLH,30.396528,-84.350333,81,-5,A,"Tallahassee, FL",243,242,244,243,4.736625514403285,11.578512396694215,13.0,50.0,"Fri, Mar 10, 2006","Tue, Mar 21, 2006"
4040,Toledo,Toledo,United States,TOL,KTOL,41.586806,-83.807833,684,-5,A,"Toledo, OH",350,350,352,352,3.6542857142857144,12.354285714285709,11.0,76.0,"Sat, Mar 25, 2006","Wed, Mar 22, 2006"
3646,Tampa International,Tampa,United States,TPA,KTPA,27.975472,-82.53325,26,-5,A,"Tampa, FL",6888,6886,6906,6908,4.574477351916388,12.284345047923333,41.0,107.0,"Sun, Mar 19, 2006","Tue, Mar 14, 2006"
4116,Tri-Cities Regional Airport,BRISTOL,United States,TRI,KTRI,36.4752222,-82.4074167,1519,-5,A,"Bristol/Johnson City/Kingsport, TN",168,172,176,178,4.250000000000002,8.994186046511622,18.0,30.0,"Sun, Mar 26, 2006","Sat, Mar 25, 2006"
3855,Tulsa International,Tulsa,United States,TUL,KTUL,36.198389,-95.888111,677,-6,A,"Tulsa, OK",1834,1836,1862,1862,4.023991275899678,11.080610021786514,29.0,102.0,"Thu, Mar  9, 2006","Tue, Mar 28, 2006"
5773,Tupelo Regional Airport,Tupelo,United States,TUP,KTUP,34.2681,-88.7699,346,-6,A,"Tupelo, MS",58,59,63,63,4.0344827586206895,9.677966101694912,10.0,23.0,"Tue, Mar 14, 2006","Thu, Mar  2, 2006"
3636,Tucson International,Tucson,United States,TUS,KTUS,32.116083,-110.941028,2643,-7,N,"Tucson, AZ",2252,2248,2267,2267,4.659413854351684,10.895017793594297,64.0,116.0,"Sun, Mar 12, 2006","Sat, Mar 11, 2006"
4023,Cherry Capital Airport,Traverse City,United States,TVC,KTVC,44.741445,-85.582235,624,-5,A,"Traverse City, MI",229,229,236,236,3.6768558951965074,12.733624454148472,8.0,89.0,"Sun, Mar  5, 2006","Tue, Mar 28, 2006"
4263,Magic Valley Regional Airport,Twin Falls,United States,TWF,KTWF,42.481803,-114.487733,4151,-7,A,"Twin Falls, ID",220,219,233,220,3.25,9.44748858447488,17.0,47.0,"Sat, Mar 25, 2006","Thu, Mar  9, 2006"
3770,Texarkana Regional-Webb Field,Texarkana,United States,TXK,KTXK,33.453722,-93.991028,390,-6,A,"Texarkana, AR",88,88,93,93,3.5568181818181817,8.181818181818182,10.0,19.0,"Wed, Mar  8, 2006","Sat, Mar 18, 2006"
3848,Tyler Pounds Regional,Tyler,United States,TYR,KTYR,32.354139,-95.402386,544,-6,A,"Tyler, TX",152,152,154,155,4.802631578947368,9.125,13.0,32.0,"Fri, Mar  3, 2006","Wed, Mar 29, 2006"
3676,McGhee Tyson,Knoxville,United States,TYS,KTYS,35.810972,-83.994028,981,-5,A,"Knoxville, TN",908,907,927,927,4.1497797356828245,13.73980154355017,52.0,110.0,"Sat, Mar 18, 2006","Wed, Mar 22, 2006"
5776,Valdosta Regional Airport,Valdosta,United States,VLD,KVLD,30.7825,-83.2767,203,-5,A,"Valdosta, GA",102,89,109,93,3.960784313725491,9.617977528089888,17.0,46.0,"Thu, Mar  2, 2006","Mon, Mar 27, 2006"
3873,Eglin AFB,Valparaiso,United States,VPS,KVPS,30.48325,-86.5254,87,-6,A,"Valparaiso, FL",515,515,520,519,8.716504854368944,13.64466019417476,25.0,139.0,"Sun, Mar 19, 2006","Thu, Mar 30, 2006"
5969,Wrangell Airport,Wrangell,United States,WRG,PAWG,56.4843,-132.37,44,-9,A,"Wrangell, AK",61,61,62,62,4.278688524590163,6.80327868852459,7.0,19.0,"Wed, Mar  8, 2006","Wed, Mar 15, 2006"
4356,NW Arkansas Regional,Bentonville,United States,XNA,KXNA,36.2818694,-94.3068111,1287,-6,A,"Fayetteville, AR",1048,1045,1074,1072,5.009541984732826,12.205741626794259,27.0,112.0,"Tue, Mar 28, 2006","Tue, Mar 14, 2006"
6803,Yakutat,Yakutat,United States,YAK,PAYA,59.3012,-139.3937,33,-9,A,"Yakutat, AK",60,61,62,62,4.333333333333337,5.983606557377049,7.0,18.0,"Sun, Mar 19, 2006","Tue, Mar  7, 2006"
3596,Yuma MCAS Yuma International,Yuma,United States,YUM,KYUM,32.656578,-114.60598,216,-7,N,"Yuma, AZ",245,245,248,248,4.457142857142857,10.706122448979585,13.0,56.0,"Thu, Mar 30, 2006","Sat, Mar 11, 2006"
2883,Cyril E. King,St. Thomas,Virgin Islands,STT,TIST,18.337306,-64.973361,23,-4,U,"Charlotte Amalie, VI",337,336,337,337,4.409495548961422,12.967261904761905,23.0,102.0,"Sat, Mar 11, 2006","Sat, Mar 11, 2006"
2884,Henry E. Rohlsen,St. Croix Island,Virgin Islands,STX,TISX,17.701889,-64.798556,74,-4,U,"Christiansted, VI",43,35,43,35,3.5813953488372094,10.17142857142857,16.0,17.0,"Wed, Mar 29, 2006","Fri, Mar 10, 2006"
2885,Rafael Hernndez,Aguadilla,Puerto Rico,BQN,TJBQ,18.494861,-67.129444,237,-4,U,"Aguadilla, PR",93,93,93,93,4.63440860215054,12.010752688172046,15.0,49.0,"Sat, Mar 11, 2006","Wed, Mar  1, 2006"
2889,Aeropuerto Mercedita,Ponce,Puerto Rico,PSE,TJPS,18.008306,-66.563028,29,-4,U,"Ponce, PR",31,31,31,31,4.161290322580645,12.935483870967742,6.0,21.0,"Thu, Mar 23, 2006","Mon, Mar 13, 2006"
2890,Luis Muoz Marn International,San Juan,Puerto Rico,SJU,TJSJ,18.439417,-66.001833,9,-4,U,"San Juan, PR",2245,2244,2261,2259,5.52561247216036,17.42245989304813,35.0,76.0,"Sat, Mar 25, 2006","Fri, Mar 10, 2006"
