airport_id,name,city,country,iata_faa,iaco,latitude,longitude,altitude,zone,dst,city_state,avg_able_landings,avg_able_takeoffs,total_landings,total_takeoffs,avg_taxi_in,avg_taxi_out,longest_taxi_in,longest_taxi_out,lng_tx_in_date,lng_tx_out_date
4355,Lehigh Valley International,Allentown,United States,ABE,KABE,40.652083,-75.440806,393,-5,A,"Allentown/Bethlehem/Easton, PA",411,416,425,426,4.131386861313871,12.139423076923077,13.0,59.0,"Fri, Sep  8, 2006","Wed, Sep 13, 2006"
3718,Abilene Regional,Abilene,United States,ABI,KABI,32.411319,-99.681897,1791,-6,A,"Abilene, TX",226,222,233,232,4.079646017699114,8.78378378378378,27.0,68.0,"Sat, Sep  9, 2006","Fri, Sep  1, 2006"
4019,Albuquerque International Sunport,Albuquerque,United States,ABQ,KABQ,35.0402222,-106.6091944,5355,-7,A,"Albuquerque, NM",2967,2968,2984,2984,4.733400741489726,9.638814016172534,32.0,127.0,"Fri, Sep  8, 2006","Thu, Sep  7, 2006"
5715,Southwest Georgia Regional Airport,Albany,United States,ABY,KABY,31.5355,-84.1945,197,-5,A,"Albany, GA",104,106,111,111,4.394230769230767,9.575471698113208,11.0,27.0,"Thu, Sep  7, 2006","Tue, Sep 12, 2006"
3517,Nantucket Memorial,Nantucket,United States,ACK,KACK,41.253053,-70.060181,48,-5,A,"Nantucket, MA",9,12,11,12,4.333333333333333,29.666666666666668,5.0,163.0,"Fri, Sep  1, 2006","Sat, Sep  2, 2006"
3700,Waco Regional,Waco,United States,ACT,KACT,31.611289,-97.230519,516,-6,A,"Waco, TX",174,175,182,183,4.281609195402296,8.079999999999997,12.0,20.0,"Fri, Sep  1, 2006","Sun, Sep  3, 2006"
4384,Arcata,Arcata CA,United States,ACV,KACV,40.978111,-124.108611,221,-8,A,"Arcata/Eureka, CA",282,282,301,308,3.9574468085106385,8.677304964539,8.0,28.0,"Sat, Sep  9, 2006","Tue, Sep  5, 2006"
3524,Atlantic City International,Atlantic City,United States,ACY,KACY,39.457583,-74.577167,75,-5,A,"Atlantic City, NJ",38,37,38,39,4.763157894736841,11.891891891891891,12.0,30.0,"Sun, Sep 24, 2006","Wed, Sep 13, 2006"
5959,Adak Airport,Adak Island,United States,ADK,PADK,51.878,-176.646,18,-10,A,"Adak Island, AK",7,7,8,8,4.857142857142857,8.0,7.0,18.0,"Thu, Sep 28, 2006","Sun, Sep 17, 2006"
3531,Kodiak,Kodiak,United States,ADQ,PADQ,57.749967,-152.493856,78,-9,A,"Kodiak, AK",37,37,39,39,2.594594594594595,6.621621621621622,5.0,23.0,"Fri, Sep  1, 2006","Mon, Sep 11, 2006"
3852,Alexandria International,Alexandria,United States,AEX,KAEX,31.3274,-92.549833,89,-6,A,"Alexandria, LA",239,240,243,243,4.125523012552302,12.483333333333333,14.0,85.0,"Fri, Sep  1, 2006","Fri, Sep 15, 2006"
3658,Augusta Regional At Bush Field,Bush Field,United States,AGS,KAGS,33.369944,-81.9645,144,-5,A,"Augusta, GA",189,183,204,204,3.9788359788359826,14.060109289617484,27.0,78.0,"Sun, Sep  3, 2006","Sun, Sep  3, 2006"
3794,King Salmon,King Salmon,United States,AKN,PAKN,58.676778,-156.649278,68,-9,A,"King Salmon, AK",26,26,28,28,4.3076923076923075,4.461538461538463,8.0,13.0,"Sat, Sep  9, 2006","Sat, Sep  9, 2006"
3864,Albany International,Albany,United States,ALB,KALB,42.748267,-73.801692,285,-5,A,"Albany, NY",1137,1133,1154,1154,3.7431838170624436,13.522506619593994,28.0,157.0,"Sun, Sep 17, 2006","Thu, Sep 28, 2006"
3840,Rick Husband Amarillo International,Amarillo,United States,AMA,KAMA,35.219369,-101.705931,3607,-6,A,"Amarillo, TX",683,683,697,698,4.177159590043924,8.590043923865295,23.0,31.0,"Sun, Sep 24, 2006","Mon, Sep 11, 2006"
3774,Ted Stevens Anchorage International,Anchorage,United States,ANC,PANC,61.174361,-149.996361,152,-9,A,"Anchorage, AK",1659,1677,1685,1694,5.548523206751061,12.32021466905188,24.0,50.0,"Fri, Sep  8, 2006","Mon, Sep 18, 2006"
4012,Naples Municipal,Naples,United States,APF,KAPF,26.152619,-81.775294,8,-5,A,"Naples, FL",55,56,56,57,4.036363636363636,11.410714285714283,10.0,24.0,"Sun, Sep 24, 2006","Thu, Sep  7, 2006"
7001,Aspen/Pitkin County-Sardy Field,Aspen,United States,ASE,KASE,39.2232,-106.869,7820,-7,A,"Aspen, CO",376,378,396,399,3.03191489361702,11.579365079365077,15.0,119.0,"Wed, Sep  6, 2006","Mon, Sep 11, 2006"
3682,Hartsfield Jackson Atlanta International,Atlanta,United States,ATL,KATL,33.636719,-84.428067,1026,-5,A,"Atlanta, GA",32021,32357,32927,33102,12.232597357983863,21.933584695738098,106.0,191.0,"Sun, Sep 24, 2006","Thu, Sep 28, 2006"
4047,Appleton,Appleton,United States,ATW,KATW,44.257526,-88.507576,680,-6,A,"Appleton, WI",320,360,338,384,4.668749999999999,11.208333333333334,79.0,115.0,"Sat, Sep 23, 2006","Fri, Sep 22, 2006"
3673,Austin Bergstrom International,Austin,United States,AUS,KAUS,30.194528,-97.669889,542,-6,A,"Austin, TX",3676,3671,3705,3703,4.890914036996731,12.052301825115768,44.0,376.0,"Fri, Sep 22, 2006","Sat, Sep 23, 2006"
4007,Asheville Regional Airport,Asheville,United States,AVL,KAVL,35.436194,-82.541806,2165,-5,A,"Asheville, NC",238,235,244,243,3.7941176470588234,19.161702127659566,12.0,149.0,"Sun, Sep  3, 2006","Sat, Sep  2, 2006"
4286,Wilkes Barre Scranton International,Scranton,United States,AVP,KAVP,41.338478,-75.723403,962,-5,A,"Scranton/Wilkes-Barre, PA",199,197,204,204,4.221105527638191,12.360406091370553,63.0,76.0,"Mon, Sep 25, 2006","Mon, Sep 11, 2006"
4039,Kalamazoo,Kalamazoo,United States,AZO,KAZO,42.234875,-85.552058,874,-5,A,"Kalamazoo, MI",377,377,396,399,3.7984084880636604,13.185676392572935,10.0,100.0,"Tue, Sep 26, 2006","Fri, Sep 22, 2006"
3825,Bradley International,Windsor Locks,United States,BDL,KBDL,41.938889,-72.683222,173,-5,A,"Hartford, CT",2647,2640,2677,2677,5.170003777861738,14.5594696969697,49.0,143.0,"Wed, Sep  6, 2006","Sun, Sep 17, 2006"
3599,Bethel,Bethel,United States,BET,PABE,60.779778,-161.838,121,-9,A,"Bethel, AK",94,95,96,96,3.021276595744681,6.168421052631579,7.0,16.0,"Sat, Sep 16, 2006","Thu, Sep  7, 2006"
3558,Meadows Field,Bakersfield,United States,BFL,KBFL,35.433598,-119.05677,507,-8,A,"Bakersfield, CA",460,458,465,464,4.79782608695652,11.342794759825328,19.0,73.0,"Mon, Sep 25, 2006","Sat, Sep 23, 2006"
4129,Greater Binghamton-Edwin A. Link Field,Binghamton,United States,BGM,KBGM,42.208689,-75.979839,1636,-5,A,"Binghamton, NY",54,53,55,55,4.148148148148146,9.358490566037736,10.0,64.0,"Wed, Sep  6, 2006","Thu, Sep  7, 2006"
3463,Bangor International,Bangor,United States,BGR,KBGR,44.807444,-68.828139,192,-5,A,"Bangor, ME",354,358,364,368,4.9209039548022595,13.067039106145247,123.0,111.0,"Fri, Sep 15, 2006","Thu, Sep 14, 2006"
3811,Birmingham International,Birmingham,United States,BHM,KBHM,33.562942,-86.75355,644,-6,A,"Birmingham, AL",1647,1648,1668,1670,4.157255616272003,12.885315533980583,76.0,182.0,"Sat, Sep 16, 2006","Thu, Sep 28, 2006"
4021,Billings Logan International Airport,Billings,United States,BIL,KBIL,45.80921,-108.537654,3652,-7,A,"Billings, MT",379,377,380,380,3.949868073878631,9.85941644562334,22.0,31.0,"Sat, Sep 16, 2006","Sun, Sep 24, 2006"
4083,Bismarck Municipal Airport,Bismarck,United States,BIS,KBIS,46.775842,-100.757931,1661,-6,A,"Bismarck/Mandan, ND",192,192,194,195,4.822916666666664,10.229166666666666,11.0,29.0,"Sun, Sep 17, 2006","Fri, Sep 29, 2006"
3777,Bellingham International,Bellingham,United States,BLI,KBLI,48.792694,-122.537528,170,-8,A,"Bellingham, WA",60,60,60,60,5.25,10.033333333333333,12.0,21.0,"Sat, Sep  9, 2006","Mon, Sep  4, 2006"
4037,Central Illinois Regional,Bloomington,United States,BMI,KBMI,40.477111,-88.915917,871,-6,A,"Bloomington/Normal, IL",320,311,338,333,4.406250000000002,13.82315112540193,26.0,112.0,"Sat, Sep 30, 2006","Fri, Sep 22, 2006"
3690,Nashville International,Nashville,United States,BNA,KBNA,36.124472,-86.678194,599,-6,A,"Nashville, TN",5177,5170,5244,5236,5.438864207069733,12.441779497098658,40.0,231.0,"Sat, Sep 23, 2006","Fri, Sep 22, 2006"
3495,Boise Air Terminal,Boise,United States,BOI,KBOI,43.564361,-116.222861,2871,-7,A,"Boise, ID",1390,1392,1395,1398,3.8705035971223016,9.965517241379317,24.0,207.0,"Sat, Sep 30, 2006","Fri, Sep 22, 2006"
3448,General Edward Lawrence Logan International,Boston,United States,BOS,KBOS,42.364347,-71.005181,19,-5,A,"Boston, MA",10430,10440,10682,10679,7.731351869606954,19.0466475095786,86.0,207.0,"Fri, Sep  1, 2006","Fri, Sep 22, 2006"
3612,Southeast Texas Regional,Beaumont,United States,BPT,KBPT,29.950833,-94.020694,15,-6,A,"Beaumont/Port Arthur, TX",29,28,30,30,6.896551724137931,14.285714285714286,15.0,23.0,"Thu, Sep  7, 2006","Thu, Sep 21, 2006"
5725,Brunswick Golden Isles Airport,Brunswick,United States,BQK,KBQK,31.2588,-81.4665,26,-5,A,"Brunswick, GA",83,81,84,84,4.0,10.765432098765432,8.0,133.0,"Tue, Sep 12, 2006","Mon, Sep 18, 2006"
3738,Brownsville South Padre Island International,Brownsville,United States,BRO,KBRO,25.906833,-97.425861,22,-6,A,"Brownsville, TX",184,185,184,185,5.298913043478262,12.999999999999998,16.0,93.0,"Thu, Sep 21, 2006","Sun, Sep 17, 2006"
3571,Wiley Post Will Rogers Memorial,Barrow,United States,BRW,PABR,71.285446,-156.766003,44,-9,A,"Barrow, AK",57,59,60,60,3.7719298245614037,6.915254237288136,6.0,32.0,"Mon, Sep 11, 2006","Sun, Sep 10, 2006"
4022,Bert Mooney Airport,Butte,United States,BTM,KBTM,45.954806,-112.497472,5550,-7,A,"Butte, MT",75,75,76,77,4.480000000000001,9.213333333333333,10.0,17.0,"Fri, Sep 15, 2006","Fri, Sep  1, 2006"
3846,Baton Rouge Metro-Ryan Field,Baton Rouge,United States,BTR,KBTR,30.533167,-91.149639,70,-6,A,"Baton Rouge, LA",855,853,885,885,4.90643274853801,11.454865181711606,32.0,96.0,"Sat, Sep 23, 2006","Sun, Sep 17, 2006"
3711,Burlington International,Burlington,United States,BTV,KBTV,44.471861,-73.153278,335,-5,A,"Burlington, VT",550,555,562,564,4.400000000000002,15.28288288288289,22.0,123.0,"Fri, Sep 22, 2006","Tue, Sep 19, 2006"
3820,Buffalo Niagara International,Buffalo,United States,BUF,KBUF,42.940525,-78.732167,724,-5,A,"Buffalo, NY",2350,2350,2377,2379,4.296595744680845,13.654893617021273,65.0,152.0,"Wed, Sep 13, 2006","Sat, Sep  9, 2006"
3644,Bob Hope,Burbank,United States,BUR,KBUR,34.200667,-118.358667,778,-8,A,"Burbank, CA",2650,2656,2687,2689,2.5018867924528254,12.038403614457842,65.0,75.0,"Thu, Sep 28, 2006","Thu, Sep  7, 2006"
3849,Baltimore Washington International,Baltimore,United States,BWI,KBWI,39.175361,-76.668333,146,-5,A,"Baltimore, MD",8877,8873,8964,8961,4.557620817843869,12.468838048010822,69.0,188.0,"Fri, Sep 22, 2006","Sun, Sep 10, 2006"
4020,Gallatin Field,Bozeman,United States,BZN,KBZN,45.777643,-111.160151,4500,-7,A,"Bozeman, MT",386,386,390,389,4.484455958549222,13.914507772020725,16.0,99.0,"Sun, Sep  3, 2006","Fri, Sep 15, 2006"
3561,Columbia Metropolitan,Colombia,United States,CAE,KCAE,33.938833,-81.119528,236,-5,A,"Columbia, SC",835,830,856,850,5.025149700598801,13.66144578313253,20.0,143.0,"Thu, Sep 21, 2006","Thu, Sep 28, 2006"
4112,Akron Canton Regional Airport,Akron,United States,CAK,KCAK,40.9160833,-81.4421944,1228,-5,A,"Akron, OH",678,684,693,701,4.930678466076696,11.602339181286549,78.0,120.0,"Sun, Sep 17, 2006","Sat, Sep 23, 2006"
3610,Merle K. Mudhole Smith,Cordova,United States,CDV,PACV,60.491778,-145.477556,48,-9,A,"Cordova, AK",60,60,60,60,3.5,6.616666666666665,5.0,21.0,"Mon, Sep 11, 2006","Sun, Sep 10, 2006"
5727,Del Norte County Airport,Crescent City,United States,CEC,KCEC,41.7802,-124.237,57,-8,A,"Crescent City, CA",74,75,82,81,3.4054054054054057,9.893333333333329,6.0,33.0,"Sat, Sep 16, 2006","Fri, Sep 29, 2006"
3578,Lovell Field,Chattanooga,United States,CHA,KCHA,35.035278,-85.203808,683,-5,A,"Chattanooga, TN",374,375,387,388,4.240641711229946,11.042666666666676,14.0,53.0,"Tue, Sep 26, 2006","Tue, Sep 12, 2006"
4015,Charlottesville-Albemarle,Charlottesville VA,United States,CHO,KCHO,38.138639,-78.452861,639,-5,A,"Charlottesville, VA",143,139,146,146,3.8181818181818183,12.345323741007194,12.0,68.0,"Wed, Sep 20, 2006","Wed, Sep 13, 2006"
3806,Charleston AFB International,Charleston,United States,CHS,KCHS,32.898647,-80.040528,45,-5,A,"Charleston, SC",1053,1041,1090,1088,6.18328584995252,12.879923150816522,66.0,97.0,"Wed, Sep 13, 2006","Thu, Sep 14, 2006"
3710,Chico Municipal,Chico,United States,CIC,KCIC,39.795383,-121.858422,238,-8,A,"Chico, CA",100,102,108,109,3.67,10.303921568627452,23.0,34.0,"Wed, Sep 13, 2006","Sun, Sep 10, 2006"
4043,Cedar Rapids,Cedar Rapids,United States,CID,KCID,41.884694,-91.710806,869,-6,A,"Cedar Rapids/Iowa City, IA",613,625,650,662,4.771615008156609,10.716800000000003,67.0,76.0,"Fri, Sep 15, 2006","Sun, Sep 10, 2006"
4088,McClellan-Palomar Airport,Carlsbad,United States,CLD,KCRQ,33.0742,-117.1648,328,-8,A,"Carlsbad, CA",238,238,247,247,3.966386554621851,9.714285714285714,19.0,31.0,"Tue, Sep 12, 2006","Thu, Sep  7, 2006"
3486,Cleveland Hopkins International,Cleveland,United States,CLE,KCLE,41.411689,-81.849794,791,-5,A,"Cleveland, OH",6796,6806,6877,6875,5.720276633313726,16.464296209227026,120.0,153.0,"Tue, Sep 19, 2006","Sun, Sep 10, 2006"
3715,Easterwood Field,College Station,United States,CLL,KCLL,30.588583,-96.363833,321,-6,A,"College Station/Bryan, TX",145,145,151,151,5.2,10.04137931034483,11.0,26.0,"Wed, Sep  6, 2006","Wed, Sep  6, 2006"
3876,Charlotte Douglas International,Charlotte,United States,CLT,KCLT,35.214,-80.943139,748,-5,A,"Charlotte, NC",9633,9640,9767,9755,5.804422298349416,19.247821576763503,67.0,167.0,"Sat, Sep  2, 2006","Mon, Sep 11, 2006"
3759,Port Columbus International,Columbus,United States,CMH,KCMH,39.997972,-82.891889,815,-5,A,"Columbus, OH",3040,3033,3107,3108,4.878947368421054,13.267062314540064,35.0,179.0,"Fri, Sep  1, 2006","Tue, Sep 12, 2006"
4049,Champaign,Champaign,United States,CMI,KCMI,40.03925,-88.278056,754,-6,A,"Champaign/Urbana, IL",253,256,263,263,4.367588932806327,13.87109375,14.0,124.0,"Thu, Sep 14, 2006","Wed, Sep 13, 2006"
4344,Yellowstone Regional,Cody,United States,COD,KCOD,44.520194,-109.023806,5102,-7,A,"Cody, WY",146,147,148,150,3.8767123287671232,9.863945578231293,24.0,28.0,"Wed, Sep 27, 2006","Thu, Sep 21, 2006"
3819,City Of Colorado Springs Municipal,Colorado Springs,United States,COS,KCOS,38.805805,-104.700778,6187,-7,A,"Colorado Springs, CO",1280,1284,1307,1305,6.017968749999997,13.813084112149532,110.0,70.0,"Mon, Sep 11, 2006","Fri, Sep 22, 2006"
3872,Natrona County International,Casper,United States,CPR,KCPR,42.908,-106.464417,5347,-7,A,"Casper, WY",259,260,263,262,3.8455598455598468,9.75,8.0,26.0,"Mon, Sep  4, 2006","Fri, Sep 15, 2006"
3744,Corpus Christi International,Corpus Christi,United States,CRP,KCRP,27.770361,-97.501222,44,-6,A,"Corpus Christi, TX",753,753,773,774,4.021248339973438,10.581673306772911,36.0,99.0,"Sat, Sep 23, 2006","Sun, Sep 17, 2006"
4285,Yeager,Charleston,United States,CRW,KCRW,38.373147,-81.593189,981,-5,A,"Charleston/Dunbar, WV",305,307,324,325,3.773770491803279,13.130293159609117,13.0,116.0,"Mon, Sep 18, 2006","Sat, Sep 16, 2006"
4255,Columbus Metropolitan Airport,Columbus,United States,CSG,KCSG,32.5163333,-84.9388611,397,-5,A,"Columbus, GA",90,94,105,105,2.955555555555556,10.03191489361702,9.0,52.0,"Mon, Sep 11, 2006","Wed, Sep 13, 2006"
3488,Cincinnati Northern Kentucky International,Cincinnati,United States,CVG,KCVG,39.048836,-84.667822,896,-5,A,"Cincinnati, OH",9956,10006,10184,10153,4.494977902772221,16.51149310413762,121.0,239.0,"Sun, Sep 24, 2006","Fri, Sep 22, 2006"
4045,Central Wisconsin,Wassau,United States,CWA,KCWA,44.772726,-89.646635,840,-6,A,"Mosinee, WI",109,107,115,115,3.761467889908257,9.074766355140182,10.0,53.0,"Wed, Sep 13, 2006","Tue, Sep 12, 2006"
3950,Daytona Beach International,Daytona Beach,United States,DAB,KDAB,29.179917,-81.058056,34,-5,A,"Daytona Beach, FL",279,280,293,294,4.501792114695343,13.757142857142858,66.0,87.0,"Thu, Sep 14, 2006","Tue, Sep 12, 2006"
3502,Dallas Love Field,Dallas,United States,DAL,KDAL,32.847111,-96.851778,487,-6,A,"Dallas, TX",4005,4015,4088,4089,3.0863920099875157,9.48891656288918,39.0,139.0,"Thu, Sep 21, 2006","Sun, Sep 17, 2006"
3627,James M. Cox Dayton International,Dayton,United States,DAY,KDAY,39.902375,-84.219375,1009,-5,A,"Dayton, OH",1100,1103,1118,1120,4.818181818181818,14.094288304623756,16.0,139.0,"Sun, Sep 17, 2006","Fri, Sep 22, 2006"
4388,Dubuque Regional,Dubuque IA,United States,DBQ,KDBQ,42.402,-90.709472,1076,-6,A,"Dubuque, IA",113,113,115,115,3.725663716814159,13.893805309734516,7.0,174.0,"Mon, Sep  4, 2006","Tue, Sep 12, 2006"
3520,Ronald Reagan Washington National,Washington,United States,DCA,KDCA,38.852083,-77.037722,15,-5,A,"Washington, DC",7306,7306,7514,7511,4.777990692581456,17.470024637284595,59.0,188.0,"Thu, Sep 28, 2006","Fri, Sep 22, 2006"
3751,Denver International,Denver,United States,DEN,KDEN,39.861656,-104.673178,5431,-7,A,"Denver, CO",19300,19378,19568,19577,7.627979274611402,14.625657962638046,70.0,141.0,"Fri, Sep 22, 2006","Sat, Sep 23, 2006"
3670,Dallas Fort Worth International,Dallas-fort Worth,United States,DFW,KDFW,32.896828,-97.037997,607,-6,A,"Dallas/Fort Worth, TX",23973,24199,24827,24806,10.252242105702194,17.02471176494891,121.0,196.0,"Sat, Sep 23, 2006","Fri, Sep 22, 2006"
3739,Dothan Regional,Dothan,United States,DHN,KDHN,31.321339,-85.449628,401,-6,A,"Dothan, AL",136,137,140,140,3.9779411764705874,11.394160583941606,15.0,43.0,"Fri, Sep 29, 2006","Mon, Sep 11, 2006"
3460,Dillingham,Dillingham,United States,DLG,PADL,59.044667,-158.5055,74,-9,A,"Dillingham, AK",18,18,18,18,2.388888888888889,4.666666666666667,4.0,7.0,"Sat, Sep  9, 2006","Mon, Sep 11, 2006"
3598,Duluth International,Duluth,United States,DLH,KDLH,46.842091,-92.193649,1428,-6,A,"Duluth, MN",81,82,82,84,4.765432098765431,11.475609756097564,9.0,51.0,"Thu, Sep 21, 2006","Sun, Sep  3, 2006"
3713,Durango La Plata County,Durango,United States,DRO,KDRO,37.151516,-107.75377,6685,-7,A,"Durango, CO",398,399,405,405,4.286432160804022,10.634085213032577,16.0,40.0,"Wed, Sep  6, 2006","Fri, Sep  8, 2006"
3729,Des Moines International,Des Moines,United States,DSM,KDSM,41.533972,-93.663083,958,-6,A,"Des Moines, IA",1189,1188,1218,1219,4.383515559293527,12.119528619528598,15.0,210.0,"Sun, Sep 17, 2006","Fri, Sep 22, 2006"
3645,Detroit Metro Wayne County,Detroit,United States,DTW,KDTW,42.212444,-83.353389,645,-5,A,"Detroit, MI",10782,10751,11035,10993,9.67464292339084,19.504976281276136,67.0,233.0,"Sat, Sep  9, 2006","Fri, Sep 22, 2006"
4250,Eagle County Regional,Vail,United States,EGE,KEGE,39.642556,-106.917694,6540,-7,A,"Eagle, CO",123,125,126,128,3.1056910569105685,13.863999999999999,5.0,180.0,"Tue, Sep  5, 2006","Mon, Sep 11, 2006"
5736,Elko Regional Airport,Elko,United States,EKO,KEKO,40.8249,-115.792,5140,-8,A,"Elko, NV",140,140,140,140,4.478571428571425,8.65714285714286,12.0,59.0,"Fri, Sep 22, 2006","Fri, Sep 15, 2006"
3559,El Paso International,El Paso,United States,ELP,KELP,31.80725,-106.377583,3958,-7,A,"El Paso, TX",1742,1745,1762,1763,3.939724454649827,9.860744985673346,41.0,88.0,"Fri, Sep  1, 2006","Sun, Sep 10, 2006"
4276,Erie International-Tom Ridge Field,Erie,United States,ERI,KERI,42.082022,-80.176217,733,-5,A,"Erie, PA",54,54,55,56,4.296296296296297,11.092592592592593,15.0,33.0,"Tue, Sep 12, 2006","Sat, Sep 23, 2006"
4099,Mahlon Sweet Field,Eugene,United States,EUG,KEUG,44.124583,-123.211972,374,-8,A,"Eugene, OR",522,518,523,522,3.908045977011495,9.47683397683398,14.0,30.0,"Thu, Sep  7, 2006","Wed, Sep 13, 2006"
4018,Evansville Regional,Evansville,United States,EVV,KEVV,38.036997,-87.532364,418,-6,A,"Evansville, IN",255,256,269,269,3.854901960784314,10.558593750000007,10.0,72.0,"Mon, Sep 11, 2006","Sat, Sep 23, 2006"
3494,Newark Liberty International,Newark,United States,EWR,KEWR,40.6925,-74.168667,18,-5,A,"Newark, NJ",12254,12318,12514,12530,9.409090909090933,29.226660172105863,81.0,221.0,"Wed, Sep 27, 2006","Thu, Sep 28, 2006"
3875,Key West International,Key West,United States,EYW,KEYW,24.556111,-81.759556,3,-5,A,"Key West, FL",64,34,65,36,3.859375,11.117647058823529,10.0,65.0,"Fri, Sep 15, 2006","Mon, Sep 18, 2006"
3832,Fairbanks International,Fairbanks,United States,FAI,PAFA,64.815114,-147.856267,434,-9,A,"Fairbanks, AK",390,392,395,398,3.9307692307692284,9.571428571428577,13.0,81.0,"Thu, Sep 21, 2006","Fri, Sep 29, 2006"
4292,Hector International Airport,Fargo,United States,FAR,KFAR,46.92065,-96.8157639,902,-6,A,"Fargo, ND",444,442,460,461,4.858108108108107,12.2579185520362,15.0,105.0,"Sun, Sep 17, 2006","Sat, Sep 30, 2006"
3687,Fresno Yosemite International,Fresno,United States,FAT,KFAT,36.776194,-119.71814,336,-8,A,"Fresno, CA",1195,1196,1211,1211,4.435146443514649,10.258361204013374,64.0,41.0,"Fri, Sep  8, 2006","Wed, Sep  6, 2006"
5738,Fayetteville Regional-Grannis Field,Fayetteville,United States,FAY,KFAY,34.9912,-78.8803,189,-5,A,"Fayetteville, NC",155,155,162,161,5.5290322580645155,11.503225806451612,21.0,35.0,"Fri, Sep  1, 2006","Wed, Sep 13, 2006"
4127,Glacier Park International,Kalispell,United States,FCA,KFCA,48.310472,-114.256,2977,-7,A,"Kalispell, MT",226,231,231,231,4.066371681415927,10.112554112554118,15.0,48.0,"Sat, Sep  9, 2006","Sun, Sep  3, 2006"
4261,Flagstaff Pulliam Airport,Flagstaff,United States,FLG,KFLG,35.140318,-111.6692392,7015,-7,N,"Flagstaff, AZ",142,142,150,150,4.612676056338025,10.007042253521124,13.0,28.0,"Thu, Sep 28, 2006","Wed, Sep 27, 2006"
3533,Fort Lauderdale Hollywood International,Fort Lauderdale,United States,FLL,KFLL,26.072583,-80.15275,9,-5,A,"Fort Lauderdale, FL",4768,4772,4804,4800,4.276216442953012,15.157376362112318,47.0,147.0,"Fri, Sep 15, 2006","Fri, Sep  1, 2006"
3879,Florence Regional,Florence,United States,FLO,KFLO,34.185361,-79.723889,146,-5,A,"Florence, SC",52,51,53,53,4.423076923076924,9.745098039215685,12.0,23.0,"Fri, Sep 15, 2006","Fri, Sep  8, 2006"
4089,Bishop International,Flint,United States,FNT,KFNT,42.965424,-83.743629,782,-5,A,"Flint, MI",531,533,540,542,4.440677966101693,12.347091932457788,25.0,93.0,"Sat, Sep 30, 2006","Sat, Sep 23, 2006"
4009,Sioux Falls,Sioux Falls,United States,FSD,KFSD,43.582014,-96.741914,1429,-6,A,"Sioux Falls, SD",554,551,571,565,5.1119133574007245,12.996370235934661,71.0,180.0,"Thu, Sep 21, 2006","Tue, Sep 12, 2006"
3437,Fort Smith Regional,Fort Smith,United States,FSM,KFSM,35.336583,-94.367444,469,-6,A,"Fort Smith, AR",142,141,149,149,4.161971830985918,7.815602836879433,14.0,17.0,"Sat, Sep 23, 2006","Tue, Sep 12, 2006"
4041,Fort Wayne,Fort Wayne,United States,FWA,KFWA,40.978472,-85.195139,815,-5,A,"Fort Wayne, IN",306,304,323,324,3.9705882352941178,12.927631578947366,13.0,81.0,"Tue, Sep 12, 2006","Sun, Sep 10, 2006"
3467,Spokane International,Spokane,United States,GEG,KGEG,47.619861,-117.533833,2376,-8,A,"Spokane, WA",1190,1192,1193,1195,4.305042016806721,10.12080536912752,20.0,34.0,"Thu, Sep 21, 2006","Fri, Sep 15, 2006"
3442,Grand Forks International,Grand Forks,United States,GFK,KGFK,47.949256,-97.176111,845,-6,A,"Grand Forks, ND",71,72,74,75,4.76056338028169,10.736111111111109,9.0,29.0,"Mon, Sep 11, 2006","Mon, Sep 25, 2006"
3465,East Texas Regional,Longview,United States,GGG,KGGG,32.384014,-94.711486,365,-6,A,"Longview, TX",87,87,90,90,5.13793103448276,8.275862068965514,10.0,32.0,"Thu, Sep  7, 2006","Fri, Sep 15, 2006"
4063,Grand Junction Regional,Grand Junction,United States,GJT,KGJT,39.122413,-108.526735,4858,-7,A,"Grand Junction, CO",380,377,393,386,3.8552631578947367,10.307692307692312,15.0,30.0,"Thu, Sep 21, 2006","Fri, Sep 15, 2006"
3472,Gainesville Regional,Gainesville,United States,GNV,KGNV,29.690056,-82.271778,152,-5,A,"Gainesville, FL",168,143,170,146,4.0892857142857135,10.622377622377622,13.0,66.0,"Mon, Sep 18, 2006","Wed, Sep 13, 2006"
4038,Gulfport-Biloxi,Gulfport,United States,GPT,KGPT,30.407278,-89.070111,28,-6,A,"Gulfport/Biloxi, MS",566,585,580,597,5.236749116607775,11.900854700854703,40.0,48.0,"Sun, Sep 24, 2006","Thu, Sep 28, 2006"
3653,Austin Straubel International,Green Bay,United States,GRB,KGRB,44.485072,-88.129589,695,-6,A,"Green Bay, WI",581,581,607,606,4.263339070567981,12.77969018932874,21.0,111.0,"Sun, Sep 17, 2006","Fri, Sep 15, 2006"
3775,Robert Gray AAF,Killeen,United States,GRK,KGRK,31.06725,-97.828917,1015,-6,A,"Killeen, TX",453,450,468,466,5.154525386313468,10.984444444444453,60.0,109.0,"Sat, Sep 23, 2006","Tue, Sep 12, 2006"
3685,Gerald R. Ford International,Grand Rapids,United States,GRR,KGRR,42.880833,-85.522806,794,-5,A,"Grand Rapids, MI",1335,1334,1368,1360,4.093632958801494,14.507496251874063,18.0,192.0,"Fri, Sep 22, 2006","Wed, Sep  6, 2006"
4008,Piedmont Triad,Greensboro,United States,GSO,KGSO,36.09775,-79.937306,925,-5,A,"Greensboro/High Point, NC",1116,1110,1156,1157,4.453405017921155,16.02072072072072,30.0,124.0,"Mon, Sep 18, 2006","Wed, Sep 13, 2006"
4034,Greenville-Spartanburg International,Greenville,United States,GSP,KGSP,34.895556,-82.218889,964,-5,A,"Greer, SC",872,870,903,903,4.606651376146787,14.836781609195398,23.0,136.0,"Mon, Sep 18, 2006","Fri, Sep 22, 2006"
3880,Great Falls International,Great Falls,United States,GTF,KGTF,47.482,-111.370689,3677,-7,A,"Great Falls, MT",290,290,301,302,4.5413793103448326,9.73448275862069,12.0,70.0,"Tue, Sep 26, 2006","Fri, Sep 15, 2006"
4273,Golden Triangle Regional Airport,Columbus Mississippi,United States,GTR,KGTR,33.450333,-88.591361,264,-6,A,"Columbus, MS",76,77,80,80,4.144736842105263,8.688311688311689,23.0,48.0,"Sat, Sep 30, 2006","Thu, Sep  7, 2006"
7051,Gunnison - Crested Butte,Gunnison,United States,GUC,KGUC,38.533889,-106.933056,7678,-7,A,"Gunnison, CO",91,91,94,94,2.5714285714285716,12.384615384615385,9.0,34.0,"Tue, Sep  5, 2006","Tue, Sep 19, 2006"
4339,Yampa Valley,Hayden,United States,HDN,KHDN,40.481181,-107.21766,6602,-7,A,"Hayden, CO",131,130,133,133,2.435114503816795,12.992307692307692,5.0,33.0,"Fri, Sep  1, 2006","Fri, Sep 22, 2006"
3504,Helena Regional,Helena,United States,HLN,KHLN,46.606806,-111.98275,3877,-7,A,"Helena, MT",120,121,121,121,4.266666666666669,8.388429752066116,64.0,26.0,"Mon, Sep 18, 2006","Tue, Sep 26, 2006"
3728,Honolulu International,Honolulu,United States,HNL,PHNL,21.318681,-157.922428,13,-10,N,"Honolulu, HI",5732,5730,5774,5774,4.928471737613391,11.8265270506108,33.0,69.0,"Fri, Sep 29, 2006","Tue, Sep 19, 2006"
3566,William P. Hobby,Houston,United States,HOU,KHOU,29.645419,-95.278889,46,-6,A,"Houston, TX",4453,4469,4549,4550,4.347181675275111,9.091519355560532,52.0,174.0,"Mon, Sep 11, 2006","Sun, Sep 17, 2006"
3589,Westchester County,White Plains,United States,HPN,KHPN,41.066959,-73.707575,439,-5,A,"White Plains, NY",638,620,665,645,6.614420062695926,20.18870967741935,55.0,139.0,"Wed, Sep 13, 2006","Tue, Sep 12, 2006"
3560,Valley International,Harlingen,United States,HRL,KHRL,26.2285,-97.654389,36,-6,A,"Harlingen/San Benito, TX",469,468,471,471,2.9147121535181246,8.71367521367521,7.0,84.0,"Fri, Sep  8, 2006","Sun, Sep 17, 2006"
4113,Huntsville International Airport-Carl T. Jones Field,Huntsville,United States,HSV,KHSV,34.6371944,-86.7750556,629,-6,A,"Huntsville, AL",532,529,551,551,5.223684210526318,13.15879017013233,23.0,89.0,"Tue, Sep 12, 2006","Sun, Sep 17, 2006"
5742,TriState-Milton J. Ferguson Field,Huntington,United States,HTS,KHTS,38.3667,-82.558,828,-5,A,"Ashland, WV",54,53,54,55,3.9814814814814814,10.660377358490566,10.0,32.0,"Fri, Sep 15, 2006","Thu, Sep 28, 2006"
3714,Washington Dulles International,Washington,United States,IAD,KIAD,38.944533,-77.455811,313,-5,A,"Washington, DC",7549,7585,7744,7749,7.561531328652827,19.165458141067862,72.0,217.0,"Tue, Sep 12, 2006","Fri, Sep 15, 2006"
3550,George Bush Intercontinental Houston,Houston,United States,IAH,KIAH,29.984433,-95.341442,97,-6,A,"Houston, TX",17518,17592,17650,17657,8.929329832172572,22.063778990450217,58.0,249.0,"Sun, Sep 17, 2006","Sat, Sep 23, 2006"
3457,Wichita Mid Continent,Wichita,United States,ICT,KICT,37.649944,-97.433056,1333,-6,A,"Wichita, KS",1038,1034,1074,1068,4.704238921001932,12.17601547388781,30.0,142.0,"Fri, Sep 29, 2006","Mon, Sep 11, 2006"
4100,Idaho Falls Regional,Idaho Falls,United States,IDA,KIDA,43.514556,-112.07075,4744,-7,A,"Idaho Falls, ID",230,232,237,234,3.9478260869565216,9.306034482758621,8.0,42.0,"Mon, Sep 25, 2006","Sat, Sep 16, 2006"
3859,New Castle,Wilmington,United States,ILG,KILG,39.678722,-75.606528,79,-5,A,"Wilmington, DE",52,51,55,56,4.596153846153847,12.294117647058824,9.0,55.0,"Tue, Sep 12, 2006","Wed, Sep  6, 2006"
3845,Wilmington International,Wilmington,United States,ILM,KILM,34.270615,-77.902569,32,-5,A,"Wilmington, NC",255,270,260,276,5.360784313725486,10.825925925925931,25.0,77.0,"Wed, Sep 20, 2006","Thu, Sep 14, 2006"
3585,Indianapolis International,Indianapolis,United States,IND,KIND,39.717331,-86.294383,797,-5,A,"Indianapolis, IN",2918,2916,2953,2945,8.401987662782746,14.986282578875166,86.0,140.0,"Wed, Sep 27, 2006","Tue, Sep 12, 2006"
3689,Imperial County,Imperial,United States,IPL,KIPL,32.834219,-115.578744,-54,-8,A,"El Centro, CA",109,109,109,112,3.614678899082569,9.47706422018349,7.0,33.0,"Fri, Sep 29, 2006","Fri, Sep 29, 2006"
7522,Kinston Regional Jetport,Kinston,United States,ISO,KISO,35.331389,-77.608889,94,7,A,"Kinston, NC",53,53,55,56,4.415094339622642,10.056603773584907,13.0,34.0,"Thu, Sep 14, 2006","Sun, Sep 24, 2006"
3857,Long Island MacArthur,Islip,United States,ISP,KISP,40.79525,-73.100222,99,-5,A,"Islip, NY",981,997,985,1000,3.8093781855249746,8.927783350050156,31.0,56.0,"Thu, Sep 28, 2006","Tue, Sep  5, 2006"
3415,Hilo International,Hilo,United States,ITO,PHTO,19.721375,-155.048469,38,-10,N,"Hilo, HI",769,770,773,773,4.355006501950584,6.401298701298705,18.0,26.0,"Fri, Sep 29, 2006","Sun, Sep 24, 2006"
7120,Inyokern Airport,Inyokern,United States,IYK,KIYK,35.658889,-117.829444,2455,-8,A,"Inyokern, CA",75,73,77,77,3.84,10.821917808219178,8.0,23.0,"Sun, Sep 24, 2006","Mon, Sep 25, 2006"
4027,Jackson Hole Airport,Jacksn Hole,United States,JAC,KJAC,43.60733333,-110.73775,6451,-7,A,"Jackson, WY",316,320,320,325,3.455696202531646,14.528125,10.0,39.0,"Mon, Sep  4, 2006","Sun, Sep 17, 2006"
3580,Jackson Evers International,Jackson,United States,JAN,KJAN,32.311167,-90.075889,346,-6,A,"Jackson/Vicksburg, MS",929,924,945,947,4.181916038751344,10.557359307359315,29.0,63.0,"Tue, Sep 19, 2006","Sun, Sep 10, 2006"
3712,Jacksonville International,Jacksonville,United States,JAX,KJAX,30.494056,-81.687861,30,-5,A,"Jacksonville, FL",2544,2545,2566,2569,5.103773584905659,12.61139489194498,45.0,198.0,"Sat, Sep 30, 2006","Sat, Sep 23, 2006"
3797,John F. Kennedy International,New York,United States,JFK,KJFK,40.639751,-73.778925,13,-5,A,"New York, NY",9438,9419,9641,9618,11.411421911421936,37.04140566939151,140.0,197.0,"Sun, Sep 24, 2006","Fri, Sep 15, 2006"
3492,Juneau International,Juneau,United States,JNU,PAJN,58.354972,-134.576278,21,-9,A,"Juneau, AK",364,370,374,376,4.689560439560443,11.370270270270275,34.0,26.0,"Fri, Sep  8, 2006","Fri, Sep  8, 2006"
3514,Kona International At Keahole,Kona,United States,KOA,PHKO,19.738767,-156.045631,47,-10,N,"Kona, HI",1251,1252,1259,1259,3.75219824140687,7.976837060702875,13.0,34.0,"Wed, Sep 13, 2006","Wed, Sep 13, 2006"
3808,Ketchikan International,Ketchikan,United States,KTN,PAKT,55.355556,-131.71375,88,-9,A,"Ketchikan, AK",194,196,198,198,5.453608247422684,9.994897959183668,29.0,35.0,"Sun, Sep 10, 2006","Sun, Sep  3, 2006"
3544,Capital City,Lansing,United States,LAN,KLAN,42.7787,-84.587357,861,-5,A,"Lansing, MI",393,391,410,410,4.412213740458012,11.347826086956522,17.0,89.0,"Wed, Sep 13, 2006","Wed, Sep 27, 2006"
3877,McCarran International,Las Vegas,United States,LAS,KLAS,36.080056,-115.15225,2141,-8,A,"Las Vegas, NV",15211,15218,15347,15351,6.339819867201366,18.527730319358728,112.0,208.0,"Mon, Sep 25, 2006","Fri, Sep 22, 2006"
4256,Lawton-Fort Sill Regional Airport,Lawton,United States,LAW,KLAW,34.5677144,-98.4166367,1110,-6,A,"Lawton/Fort Sill, OK",192,192,200,200,4.432291666666669,8.833333333333334,11.0,31.0,"Sun, Sep  3, 2006","Sun, Sep 10, 2006"
3484,Los Angeles International,Los Angeles,United States,LAX,KLAX,33.942536,-118.408075,126,-8,A,"Los Angeles, CA",18959,18984,19266,19264,8.319742602457952,15.826696165191729,61.0,138.0,"Thu, Sep 28, 2006","Thu, Sep  7, 2006"
3829,Lubbock Preston Smith International,Lubbock,United States,LBB,KLBB,33.663639,-101.822778,3282,-6,A,"Lubbock, TX",754,757,768,770,3.330238726790453,9.182298546895641,24.0,110.0,"Sat, Sep  9, 2006","Sun, Sep 17, 2006"
3513,Lake Charles Regional,Lake Charles,United States,LCH,KLCH,30.126112,-93.223335,15,-6,A,"Lake Charles, LA",118,118,119,119,4.915254237288135,17.822033898305076,10.0,50.0,"Mon, Sep 18, 2006","Tue, Sep 26, 2006"
4017,Blue Grass,Lexington KY,United States,LEX,KLEX,38.0365,-84.605889,979,-5,A,"Lexington, KY",693,707,721,723,4.747474747474749,15.487977369165488,26.0,168.0,"Mon, Sep 11, 2006","Wed, Sep 27, 2006"
3493,Lafayette Regional,Lafayette,United States,LFT,KLFT,30.205278,-91.987611,43,-6,A,"Lafayette, LA",470,469,480,482,5.142553191489365,12.603411513859275,24.0,103.0,"Sun, Sep 24, 2006","Fri, Sep 15, 2006"
3697,LaGuardia Airport,New York,United States,LGA,KLGA,40.777245,-73.872608,22,-5,A,"New York, NY",9916,9942,10237,10242,7.993646631706287,31.7994367330516,89.0,263.0,"Fri, Sep 15, 2006","Thu, Sep 28, 2006"
3582,Long Beach,Long Beach,United States,LGB,KLGB,33.817722,-118.151611,60,-8,A,"Long Beach, CA",1046,1043,1049,1047,4.882409177820267,14.311601150527324,40.0,112.0,"Sat, Sep  2, 2006","Thu, Sep 28, 2006"
3602,Lihue,Lihue,United States,LIH,PHLI,21.975983,-159.338958,153,-10,N,"Lihue, HI",1383,1383,1394,1394,5.0137382501807615,5.180043383947937,18.0,33.0,"Sat, Sep 16, 2006","Mon, Sep  4, 2006"
3660,Adams Field,Little Rock,United States,LIT,KLIT,34.729444,-92.224306,262,-6,A,"Little Rock, AR",1307,1333,1342,1367,4.199693955623567,11.68717179294824,32.0,172.0,"Mon, Sep 18, 2006","Sat, Sep 23, 2006"
3543,Lincoln,Lincoln,United States,LNK,KLNK,40.850971,-96.75925,1219,-6,A,"Lincoln, NE",209,204,213,213,4.511961722488037,11.465686274509803,25.0,136.0,"Wed, Sep 13, 2006","Sat, Sep 23, 2006"
3691,Laredo International,Laredo,United States,LRD,KLRD,27.54375,-99.461556,508,-6,A,"Laredo, TX",232,231,235,234,3.7198275862068964,10.96536796536797,18.0,113.0,"Fri, Sep 22, 2006","Mon, Sep 11, 2006"
4044,LaCrosse Municipal,LaCrosse,United States,LSE,KLSE,43.878986,-91.256711,654,-6,A,"La Crosse, WI",137,137,141,142,3.6934306569343067,11.562043795620434,14.0,50.0,"Mon, Sep 25, 2006","Mon, Sep 11, 2006"
6958,Greenbrier Valley Airport,Lewisburg,United States,LWB,KLWB,37.858333,-80.399444,2302,-5,U,"Lewisburg, WV",30,30,30,30,3.933333333333333,11.333333333333334,6.0,23.0,"Fri, Sep  1, 2006","Sat, Sep  9, 2006"
3945,Lewiston Nez Perce County,Lewiston,United States,LWS,KLWS,46.3745,-117.015389,1442,-8,A,"Lewiston, ID",60,60,60,60,5.133333333333334,10.866666666666667,8.0,28.0,"Sat, Sep 30, 2006","Thu, Sep 21, 2006"
5753,Lynchburg Regional-Preston Glenn Field,Lynchburg,United States,LYH,KLYH,37.3267,-79.2004,938,-5,A,"Lynchburg, VA",82,81,83,83,4.182926829268294,11.58024691358025,11.0,48.0,"Sun, Sep  3, 2006","Wed, Sep 13, 2006"
3652,Midland International,Midland,United States,MAF,KMAF,31.942528,-102.201914,2871,-6,A,"Midland/Odessa, TX",687,687,693,693,3.759825327510918,8.700145560407567,23.0,48.0,"Mon, Sep 18, 2006","Fri, Sep 15, 2006"
4128,MBS International,Saginaw,United States,MBS,KMBS,43.532913,-84.079647,668,-5,A,"Saginaw/Bay City/Midland, MI",270,270,284,285,4.888888888888889,13.655555555555555,30.0,98.0,"Thu, Sep 28, 2006","Sat, Sep  9, 2006"
3458,Kansas City International,Kansas City,United States,MCI,KMCI,39.297606,-94.713905,1026,-6,A,"Kansas City, MO",4561,4561,4585,4588,4.78864284148214,11.47467660600747,128.0,142.0,"Tue, Sep  5, 2006","Tue, Sep 12, 2006"
3754,Middle Georgia Regional,Macon,United States,MCN,KMCN,32.69285,-83.649211,354,-5,A,"Macon, GA",86,84,88,87,4.08139534883721,11.619047619047617,12.0,47.0,"Mon, Sep  4, 2006","Wed, Sep 13, 2006"
3878,Orlando International,Orlando,United States,MCO,KMCO,28.429394,-81.308994,96,-5,A,"Orlando, FL",8873,8884,8956,8950,6.157782035388266,13.207901846015293,101.0,145.0,"Sat, Sep  9, 2006","Thu, Sep  7, 2006"
3542,Harrisburg International,Harrisburg,United States,MDT,KMDT,40.193494,-76.763403,310,-5,A,"Harrisburg, PA",650,651,668,669,5.084615384615385,13.749615975422428,66.0,107.0,"Mon, Sep 25, 2006","Thu, Sep 28, 2006"
3747,Chicago Midway International,Chicago,United States,MDW,KMDW,41.785972,-87.752417,620,-6,A,"Chicago, IL",8099,8120,8199,8194,4.745030250648214,12.775492610837436,66.0,176.0,"Tue, Sep 12, 2006","Tue, Sep 12, 2006"
4335,Key Field,Meridian,United States,MEI,KMEI,32.332624,-88.751868,297,-6,A,"Meridian, MS",77,79,80,81,4.6103896103896105,12.151898734177214,15.0,30.0,"Fri, Sep 22, 2006","Thu, Sep  7, 2006"
3473,Memphis International,Memphis,United States,MEM,KMEM,35.042417,-89.976667,341,-6,A,"Memphis, TN",3913,3877,4039,4010,6.446204957832869,17.423007480010288,39.0,122.0,"Sun, Sep 17, 2006","Sat, Sep  2, 2006"
3826,McAllen Miller International,Mcallen,United States,MFE,KMFE,26.175833,-98.238611,107,-6,A,"Mission/McAllen/Edinburg, TX",383,383,384,385,4.080939947780677,11.490861618798958,8.0,93.0,"Wed, Sep 27, 2006","Sun, Sep 24, 2006"
4101,Rogue Valley International Medford,Medford,United States,MFR,KMFR,42.374228,-122.8735,1335,-8,A,"Medford, OR",536,534,545,545,3.9589552238805985,9.672284644194754,13.0,42.0,"Wed, Sep 13, 2006","Fri, Sep 29, 2006"
4115,Montgomery Regional Airport ,MONTGOMERY,United States,MGM,KMGM,32.3006389,-86.3939722,221,-6,A,"Montgomery, AL",265,251,277,259,4.003773584905661,12.952191235059763,21.0,75.0,"Mon, Sep 11, 2006","Sat, Sep 23, 2006"
4011,Manchester Regional Airport,Manchester NH,United States,MHT,KMHT,42.932556,-71.435667,266,-5,A,"Manchester, NH",1760,1758,1774,1774,4.380681818181802,13.727531285551766,65.0,224.0,"Tue, Sep 26, 2006","Sat, Sep 23, 2006"
3576,Miami International,Miami,United States,MIA,KMIA,25.79325,-80.290556,8,-5,A,"Miami, FL",4898,4922,5015,5018,7.488770926908942,17.618244616009715,107.0,181.0,"Sat, Sep 16, 2006","Sun, Sep 24, 2006"
3717,General Mitchell International,Milwaukee,United States,MKE,KMKE,42.947222,-87.896583,723,-6,A,"Milwaukee, WI",1914,1899,1955,1936,5.335945663531878,14.893101632438125,33.0,179.0,"Thu, Sep  7, 2006","Fri, Sep 22, 2006"
3671,Melbourne International,Melbourne,United States,MLB,KMLB,28.102753,-80.645258,33,-5,A,"Melbourne, FL",158,158,165,166,4.727848101265825,13.797468354430386,10.0,84.0,"Tue, Sep 19, 2006","Tue, Sep 12, 2006"
4072,Quad City International,Moline,United States,MLI,KMLI,41.448528,-90.507539,590,-6,A,"Moline, IL",500,469,520,492,4.047999999999999,14.010660980810233,45.0,169.0,"Tue, Sep 19, 2006","Sun, Sep 10, 2006"
3732,Monroe Regional,Monroe,United States,MLU,KMLU,32.510864,-92.037689,79,-6,A,"Monroe, LA",243,235,255,244,4.5967078189300405,9.851063829787226,12.0,59.0,"Wed, Sep 20, 2006","Thu, Sep  7, 2006"
3782,Mobile Regional,Mobile,United States,MOB,KMOB,30.691231,-88.242814,219,-6,A,"Mobile, AL",430,429,444,444,4.5139534883721035,11.503496503496503,26.0,92.0,"Tue, Sep 12, 2006","Tue, Sep 12, 2006"
3816,Modesto City County Harry Sham,Modesto,United States,MOD,KMOD,37.625817,-120.954422,97,-8,A,"Modesto, CA",235,235,245,246,2.795744680851064,9.868085106382974,8.0,26.0,"Sun, Sep 10, 2006","Sat, Sep 30, 2006"
3498,Minot International,Minot,United States,MOT,KMOT,48.259378,-101.280333,1716,-6,A,"Minot, ND",88,88,88,88,5.71590909090909,10.113636363636367,10.0,21.0,"Sat, Sep 30, 2006","Sun, Sep 10, 2006"
6838,Sawyer International Airport,Marquette,United States,MQT,KMQT,46.353611,-87.395278,1221,-5,A,"Marquette, MI",72,75,79,80,5.555555555555557,9.466666666666667,19.0,47.0,"Wed, Sep 20, 2006","Mon, Sep 11, 2006"
3948,Monterey Peninsula,Monterey,United States,MRY,KMRY,36.587,-121.842944,257,-8,A,"Monterey, CA",645,638,664,662,3.6310077519379824,10.119122257053293,15.0,72.0,"Mon, Sep 18, 2006","Fri, Sep 22, 2006"
3459,Dane County Regional-Truax Field,Madison,United States,MSN,KMSN,43.139858,-89.337514,887,-6,A,"Madison, WI",1075,1067,1104,1104,4.506046511627907,14.518275538894096,43.0,162.0,"Tue, Sep 12, 2006","Fri, Sep 22, 2006"
4216,Missoula International,Missoula,United States,MSO,KMSO,46.916306,-114.090556,3205,-7,A,"Missoula, MT",358,359,359,359,4.944134078212285,10.657381615598887,14.0,61.0,"Wed, Sep 27, 2006","Sat, Sep 23, 2006"
3858,Minneapolis St. Paul International,Minneapolis,United States,MSP,KMSP,44.881956,-93.221767,841,-6,A,"Minneapolis, MN",10268,10265,10419,10398,7.592617841838725,17.516999512908047,64.0,205.0,"Fri, Sep 22, 2006","Fri, Sep 22, 2006"
3861,Louis Armstrong New Orleans International,New Orleans,United States,MSY,KMSY,29.993389,-90.258028,4,-6,A,"New Orleans, LA",2602,2609,2636,2640,3.933897002305916,10.770026830203125,31.0,177.0,"Fri, Sep 15, 2006","Sat, Sep 23, 2006"
6880,Montrose Regional Airport,Montrose CO,United States,MTJ,KMTJ,38.509794,-107.894242,5759,-7,A,"Montrose/Delta, CO",200,201,209,211,4.249999999999999,11.203980099502482,9.0,38.0,"Sat, Sep 16, 2006","Mon, Sep 11, 2006"
3515,Myrtle Beach International,Myrtle Beach,United States,MYR,KMYR,33.67975,-78.928333,25,-5,A,"Myrtle Beach, SC",675,675,686,686,4.238518518518514,11.13037037037037,66.0,86.0,"Sat, Sep 16, 2006","Tue, Sep  5, 2006"
4386,Albert J. Ellis,Jacksonville NC,United States,OAJ,KOAJ,34.829164,-77.612139,94,-5,A,"Jacksonville/Camp Lejeune, NC",1,1,1,1,5.0,13.0,5.0,13.0,"Tue, Sep  5, 2006","Tue, Sep  5, 2006"
3453,Metropolitan Oakland International,Oakland,United States,OAK,KOAK,37.721278,-122.220722,9,-8,A,"Oakland, CA",6163,6153,6247,6229,5.256530910270985,10.453274825288522,36.0,79.0,"Sun, Sep 17, 2006","Fri, Sep 15, 2006"
3456,Kahului,Kahului,United States,OGG,PHOG,20.89865,-156.430458,54,-10,N,"Kahului, HI",2190,2191,2207,2206,4.805022831050223,7.388407120036512,25.0,58.0,"Sun, Sep  3, 2006","Sat, Sep 30, 2006"
3863,Will Rogers World,Oklahoma City,United States,OKC,KOKC,35.393089,-97.600733,1295,-6,A,"Oklahoma City, OK",1784,1780,1813,1806,4.934977578475339,12.003370786516852,65.0,122.0,"Sun, Sep 24, 2006","Mon, Sep 11, 2006"
3454,Eppley Airfield,Omaha,United States,OMA,KOMA,41.303167,-95.894069,984,-6,A,"Omaha, NE",1910,1941,1936,1965,4.005759162303668,11.360638845955704,42.0,117.0,"Sun, Sep 24, 2006","Fri, Sep 22, 2006"
3615,Nome,Nome,United States,OME,PAOM,64.512203,-165.445247,37,-9,A,"Nome, AK",86,88,90,90,3.2209302325581395,5.1477272727272725,13.0,22.0,"Mon, Sep  4, 2006","Fri, Sep 15, 2006"
3734,Ontario International,Ontario,United States,ONT,KONT,34.056,-117.601194,944,-8,A,"Ontario, CA",2945,2943,2982,2978,4.058404074702887,10.523275569147113,50.0,76.0,"Mon, Sep 11, 2006","Sat, Sep  2, 2006"
3830,Chicago O'Hare International,Chicago,United States,ORD,KORD,41.978603,-87.904842,668,-6,A,"Chicago, IL",29439,29613,30768,30751,7.896361968816846,19.17863776044309,111.0,245.0,"Mon, Sep 11, 2006","Fri, Sep 22, 2006"
3611,Norfolk International,Norfolk,United States,ORF,KORF,36.894611,-76.201222,26,-5,A,"Norfolk, VA",1619,1613,1657,1653,4.228536133415683,12.817730936143835,65.0,138.0,"Sun, Sep  3, 2006","Sun, Sep 10, 2006"
3693,Ralph Wien Memorial,Kotzebue,United States,OTZ,PAOT,66.884678,-162.59855,11,-9,A,"Kotzebue, AK",86,86,90,90,3.511627906976744,6.209302325581396,6.0,34.0,"Fri, Sep 15, 2006","Sat, Sep 16, 2006"
6961,Oxnard - Ventura County,Oxnard,United States,OXR,KOXR,34.200833,-119.207222,15,-8,A,"Oxnard/Ventura, CA",121,122,130,130,3.446280991735537,10.508196721311478,9.0,30.0,"Sat, Sep 16, 2006","Thu, Sep 14, 2006"
3722,Palm Beach International,West Palm Beach,United States,PBI,KPBI,26.683161,-80.095589,19,-5,A,"West Palm Beach/Palm Beach, FL",1812,1808,1823,1817,4.416666666666664,12.76106194690265,41.0,127.0,"Fri, Sep 15, 2006","Sun, Sep 24, 2006"
3720,Portland International,Portland,United States,PDX,KPDX,45.588722,-122.5975,30,-8,A,"Portland, OR",4838,4838,4865,4869,3.8414634146341435,11.669698222405943,63.0,97.0,"Sat, Sep 30, 2006","Mon, Sep 11, 2006"
4073,Panama City Bay County International,Panama City,United States,PFN,KPFN,30.212083,-85.682806,20,-6,A,"Panama City, FL",219,208,226,221,3.584474885844749,10.475961538461538,15.0,44.0,"Sun, Sep 10, 2006","Thu, Sep 21, 2006"
3633,Newport News Williamsburg International,Newport News,United States,PHF,KPHF,37.131894,-76.492989,43,-5,A,"Newport News/Williamsburg, VA",397,396,413,416,5.773299748110831,11.194444444444452,76.0,115.0,"Thu, Sep 14, 2006","Mon, Sep  4, 2006"
3752,Philadelphia International,Philadelphia,United States,PHL,KPHL,39.871944,-75.241139,36,-5,A,"Philadelphia, PA",8588,8604,8770,8774,8.016884024219834,26.425383542538338,109.0,266.0,"Thu, Sep 28, 2006","Thu, Sep 28, 2006"
3462,Phoenix Sky Harbor International,Phoenix,United States,PHX,KPHX,33.434278,-112.011583,1135,-7,N,"Phoenix, AZ",17293,17349,17517,17508,6.510379922512001,15.873998501354551,70.0,131.0,"Sun, Sep 17, 2006","Thu, Sep 28, 2006"
4046,Peoria Regional,Peoria,United States,PIA,KPIA,40.664203,-89.693258,660,-6,A,"Peoria, IL",369,371,383,383,3.6775067750677506,15.20754716981132,11.0,126.0,"Wed, Sep 20, 2006","Fri, Sep 22, 2006"
5760,Pocatello Regional Airport,Pocatello,United States,PIH,KPIH,42.9098,-112.596,4452,-7,A,"Pocatello, ID",147,147,153,150,3.4625850340136055,9.034013605442178,6.0,24.0,"Tue, Sep  5, 2006","Fri, Sep 15, 2006"
3570,Pittsburgh International,Pittsburgh (pennsylva),United States,PIT,KPIT,40.491467,-80.232872,1204,-5,A,"Pittsburgh, PA",4016,4001,4101,4096,6.59362549800797,16.61784553861534,42.0,163.0,"Mon, Sep 11, 2006","Tue, Sep 12, 2006"
3564,Pensacola Regional,Pensacola,United States,PNS,KPNS,30.473425,-87.186611,121,-6,A,"Pensacola, FL",853,833,878,853,4.120750293083231,11.87995198079231,16.0,96.0,"Wed, Sep  6, 2006","Mon, Sep 11, 2006"
6133,Tri Cities Airport,Pasco,United States,PSC,PSC,46.2647,-119.119,410,-8,A,"Pasco/Kennewick/Richland, WA",185,186,190,190,4.545945945945946,8.41397849462366,16.0,37.0,"Mon, Sep 25, 2006","Sat, Sep 23, 2006"
4147,Petersburg James A. Johnson,Petersburg,United States,PSG,PAPG,56.801667,-132.945278,105,-9,A,"Petersburg, AK",55,56,60,60,3.8727272727272726,6.928571428571429,6.0,33.0,"Fri, Sep  1, 2006","Wed, Sep  6, 2006"
3839,Palm Springs International,Palm Springs,United States,PSP,KPSP,33.829667,-116.506694,477,-8,A,"Palm Springs, CA",926,924,933,933,4.331533477321809,10.445887445887454,27.0,42.0,"Thu, Sep 21, 2006","Sat, Sep 23, 2006"
3641,Theodore Francis Green State,Providence,United States,PVD,KPVD,41.732581,-71.420383,55,-5,A,"Providence, RI",2153,2139,2170,2165,4.592196934509985,12.677419354838708,31.0,128.0,"Sun, Sep 17, 2006","Tue, Sep 12, 2006"
3862,Portland International Jetport,Portland,United States,PWM,KPWM,43.646161,-70.309281,77,-5,A,"Portland, ME",625,627,641,642,4.406399999999996,15.934609250398728,126.0,194.0,"Mon, Sep  4, 2006","Sat, Sep 23, 2006"
4087,Rapid City Regional Airport,Rapid City,United States,RAP,KRAP,44.045278,-103.057222,3204,-7,A,"Rapid City, SD",431,433,437,439,4.069605568445474,11.117782909930723,8.0,83.0,"Thu, Sep  7, 2006","Thu, Sep 14, 2006"
4098,Redding Municipal,Redding,United States,RDD,KRDD,40.509,-122.293389,504,-8,A,"Redding, CA",166,161,172,169,3.825301204819277,10.304347826086953,8.0,24.0,"Fri, Sep 29, 2006","Fri, Sep 15, 2006"
4103,Roberts Field,Redmond-Bend,United States,RDM,KRDM,44.254066,-121.149964,3077,-8,A,"Bend/Redmond, OR",296,297,297,297,3.4324324324324325,9.060606060606064,11.0,36.0,"Sat, Sep  9, 2006","Fri, Sep 22, 2006"
3626,Raleigh Durham International,Raleigh-durham,United States,RDU,KRDU,35.877639,-78.787472,435,-5,A,"Raleigh/Durham, NC",4852,4870,5010,5008,4.909727947238266,13.81704312114991,89.0,162.0,"Thu, Sep 28, 2006","Mon, Sep 11, 2006"
4028,Chicago Rockford International Airport ,Rockford,United States,RFD,KRFD,42.1953611,-89.0972222,742,-6,A,"Rockford, IL",55,55,56,56,4.21818181818182,11.636363636363637,17.0,35.0,"Fri, Sep  8, 2006","Fri, Sep 22, 2006"
3608,Richmond International,Richmond,United States,RIC,KRIC,37.505167,-77.319667,167,-5,A,"Richmond, VA",1685,1684,1725,1728,5.287240356083088,15.368764845605698,70.0,167.0,"Wed, Sep 27, 2006","Sun, Sep 10, 2006"
3807,Reno Tahoe International,Reno,United States,RNO,KRNO,39.499108,-119.768108,4415,-8,A,"Reno, NV",2152,2153,2161,2160,4.516728624535316,10.409196470041795,21.0,106.0,"Wed, Sep  6, 2006","Sun, Sep 17, 2006"
4016,Roanoke Regional,Roanoke VA,United States,ROA,KROA,37.325472,-79.975417,1175,-5,A,"Roanoke, VA",303,318,323,336,5.584158415841583,12.971698113207546,56.0,67.0,"Wed, Sep 27, 2006","Tue, Sep 12, 2006"
3622,Greater Rochester International,Rochester,United States,ROC,KROC,43.118866,-77.672389,559,-5,A,"Rochester, NY",1529,1531,1590,1593,6.079136690647482,13.028086218158052,59.0,147.0,"Fri, Sep 29, 2006","Sun, Sep 24, 2006"
4048,Rochester,Rochester,United States,RST,KRST,43.908283,-92.500014,1317,-6,A,"Rochester, MN",190,192,196,197,3.7578947368421054,11.348958333333334,36.0,117.0,"Thu, Sep  7, 2006","Tue, Sep 12, 2006"
3793,Southwest Florida International,Fort Myers,United States,RSW,KRSW,26.536167,-81.755167,30,-5,A,"Fort Myers, FL",1547,1548,1557,1559,5.638009049773753,12.758397932816539,38.0,103.0,"Mon, Sep 18, 2006","Fri, Sep  1, 2006"
3731,San Diego International,San Diego,United States,SAN,KSAN,32.733556,-117.189667,17,-8,A,"San Diego, CA",7508,7517,7593,7596,3.5097229621736816,13.63283224690703,76.0,128.0,"Sun, Sep 17, 2006","Thu, Sep  7, 2006"
3621,San Antonio International,San Antonio,United States,SAT,KSAT,29.533694,-98.469778,809,-6,A,"San Antonio, TX",3473,3458,3509,3500,3.583933198963431,11.097744360902269,41.0,293.0,"Sun, Sep 24, 2006","Sun, Sep 17, 2006"
3613,Savannah Hilton Head International,Savannah,United States,SAV,KSAV,32.127583,-81.202139,51,-5,A,"Savannah, GA",1169,1165,1205,1202,5.710863986313089,13.272103004291843,56.0,131.0,"Sun, Sep 24, 2006","Sat, Sep 23, 2006"
3949,Santa Barbara Municipal,Santa Barbara,United States,SBA,KSBA,34.426211,-119.840372,10,-8,A,"Santa Barbara, CA",1152,1154,1171,1173,3.999131944444441,10.30675909878682,23.0,89.0,"Fri, Sep  8, 2006","Sat, Sep  2, 2006"
4359,South Bend Regional,South Bend,United States,SBN,KSBN,41.708661,-86.31725,799,-5,A,"South Bend, IN",43,43,51,49,4.953488372093023,14.86046511627907,20.0,91.0,"Wed, Sep 20, 2006","Fri, Sep 29, 2006"
5768,San Luis County Regional Airport,San Luis Obispo,United States,SBP,KSBP,35.2368,-120.642,212,-8,A,"San Luis Obispo, CA",548,545,555,555,3.4817518248175183,11.60733944954129,11.0,48.0,"Thu, Sep  7, 2006","Fri, Sep 22, 2006"
3620,Deadhorse,Deadhorse,United States,SCC,PASC,70.19475,-148.465167,64,-9,A,"Deadhorse, AK",59,60,63,63,3.0,6.983333333333333,5.0,27.0,"Sun, Sep 10, 2006","Mon, Sep 11, 2006"
4318,University Park Airport,State College Pennsylvania,United States,SCE,KUNV,40.849278,-77.848694,1239,-5,A,"State College, PA",81,81,83,83,3.814814814814815,14.604938271604942,8.0,218.0,"Tue, Sep 26, 2006","Fri, Sep  8, 2006"
4014,Louisville International Airport,Louisville,United States,SDF,KSDF,38.1740858,-85.7364989,501,-5,A,"Louisville, KY",1568,1562,1588,1583,5.162627551020408,12.972471190781043,30.0,115.0,"Mon, Sep 25, 2006","Mon, Sep  4, 2006"
3577,Seattle Tacoma International,Seattle,United States,SEA,KSEA,47.449,-122.309306,433,-8,A,"Seattle, WA",8920,8947,9002,9001,6.7363228699551465,15.276405499049973,43.0,144.0,"Sun, Sep 24, 2006","Sun, Sep 17, 2006"
3469,San Francisco International,San Francisco,United States,SFO,KSFO,37.618972,-122.374889,13,-8,A,"San Francisco, CA",10614,10653,10821,10829,5.53278688524591,17.075847179198348,74.0,171.0,"Mon, Sep 11, 2006","Fri, Sep 15, 2006"
4348,Springfield Branson National,Springfield,United States,SGF,KSGF,37.245667,-93.388639,1268,-6,A,"Springfield, MO",768,760,789,785,3.8828124999999987,11.94736842105262,15.0,77.0,"Fri, Sep 22, 2006","Sat, Sep 23, 2006"
4064,St. George Municipal,Saint George,United States,SGU,KSGU,37.090583,-113.593056,2941,-7,A,"St. George, UT",293,295,294,296,3.737201365187713,9.338983050847459,18.0,28.0,"Fri, Sep 22, 2006","Sat, Sep  9, 2006"
3609,Shreveport Regional,Shreveport,United States,SHV,KSHV,32.446629,-93.8256,258,-6,A,"Shreveport, LA",584,578,605,602,4.433219178082194,9.589965397923875,14.0,68.0,"Sun, Sep 24, 2006","Thu, Sep 14, 2006"
3856,Sitka Rocky Gutierrez,Sitka,United States,SIT,PASI,57.047138,-135.361611,21,-9,A,"Sitka, AK",107,108,108,108,4.710280373831775,10.26851851851852,8.0,42.0,"Sat, Sep  2, 2006","Mon, Sep 25, 2006"
3748,Norman Y. Mineta San Jose International,San Jose,United States,SJC,KSJC,37.3626,-121.929022,62,-8,A,"San Jose, CA",4964,4963,5013,5014,3.9901289282836423,13.02478339713882,41.0,107.0,"Sun, Sep 24, 2006","Thu, Sep 28, 2006"
3708,San Angelo Regional-Mathis Field,San Angelo,United States,SJT,KSJT,31.35775,-100.496306,1919,-6,A,"San Angelo, TX",139,139,145,145,4.453237410071942,9.985611510791372,10.0,172.0,"Mon, Sep  4, 2006","Sat, Sep 23, 2006"
3536,Salt Lake City International,Salt Lake City,United States,SLC,KSLC,40.788389,-111.977772,4227,-7,A,"Salt Lake City, UT",11689,11731,11784,11789,6.176832919839145,16.922768732418394,55.0,135.0,"Sun, Sep 17, 2006","Thu, Sep  7, 2006"
3817,Sacramento International,Sacramento,United States,SMF,KSMF,38.695417,-121.590778,27,-8,A,"Sacramento, CA",4454,4455,4502,4493,4.1106870229007635,9.980471380471368,31.0,191.0,"Sat, Sep 30, 2006","Fri, Sep 22, 2006"
5772,Santa Maria Public-Captain G. Allan Hancock Airport,Santa Maria,United States,SMX,KSMX,34.8989,-120.457,261,-8,A,"Santa Maria, CA",138,137,142,143,3.5072463768115942,11.27737226277372,7.0,40.0,"Sun, Sep 17, 2006","Thu, Sep  7, 2006"
3867,John Wayne Airport Orange County,Santa Ana,United States,SNA,KSNA,33.675667,-117.868222,56,-8,A,"Santa Ana, CA",4229,4235,4284,4291,6.054622842279499,12.861157024793387,67.0,194.0,"Mon, Sep 18, 2006","Fri, Sep 22, 2006"
4336,Abraham Lincoln Capital,Springfield,United States,SPI,KSPI,39.8441,-89.677889,597,-6,A,"Springfield, IL",129,127,136,136,4.465116279069771,13.755905511811022,8.0,93.0,"Sun, Sep 17, 2006","Sun, Sep 17, 2006"
3680,Sheppard AFB Wichita Falls Municipal,Wichita Falls,United States,SPS,KSPS,33.988797,-98.491894,1019,-6,A,"Wichita Falls, TX",189,188,199,199,7.8783068783068755,10.558510638297873,33.0,80.0,"Mon, Sep 11, 2006","Mon, Sep 11, 2006"
4067,Sarasota Bradenton International,Sarasota,United States,SRQ,KSRQ,27.395444,-82.554389,30,-5,A,"Sarasota/Bradenton, FL",496,493,504,504,4.383064516129025,11.760649087221097,15.0,48.0,"Sat, Sep 16, 2006","Tue, Sep 19, 2006"
3678,Lambert St. Louis International,St. Louis,United States,STL,KSTL,38.748697,-90.370028,618,-6,A,"St. Louis, MO",5204,5202,5268,5265,4.166986933128363,12.050557477893104,47.0,114.0,"Mon, Sep  4, 2006","Sun, Sep 10, 2006"
6494,Friedman Memorial,Hailey,United States,SUN,KSUN,43.504444,-114.296194,5320,-7,A,"Sun Valley/Hailey/Ketchum, ID",299,301,302,303,2.76923076923077,8.797342192691033,8.0,103.0,"Fri, Sep  1, 2006","Fri, Sep 15, 2006"
3661,Stewart International,Newburgh,United States,SWF,KSWF,41.504094,-74.104839,491,-5,A,"Newburgh/Poughkeepsie, NY",87,87,90,90,4.356321839080456,15.034482758620696,10.0,68.0,"Sun, Sep  3, 2006","Fri, Sep 22, 2006"
3745,Syracuse Hancock International,Syracuse,United States,SYR,KSYR,43.111187,-76.106311,421,-5,A,"Syracuse, NY",980,1002,1006,1018,4.476530612244899,13.526946107784434,20.0,88.0,"Fri, Sep  1, 2006","Sat, Sep  2, 2006"
3698,Tallahassee Regional,Tallahassee,United States,TLH,KTLH,30.396528,-84.350333,81,-5,A,"Tallahassee, FL",284,283,290,290,5.12323943661972,12.236749116607777,67.0,106.0,"Fri, Sep  8, 2006","Thu, Sep 14, 2006"
4040,Toledo,Toledo,United States,TOL,KTOL,41.586806,-83.807833,684,-5,A,"Toledo, OH",212,215,220,221,3.4999999999999996,12.706976744186047,12.0,113.0,"Sat, Sep  9, 2006","Tue, Sep 12, 2006"
3646,Tampa International,Tampa,United States,TPA,KTPA,27.975472,-82.53325,26,-5,A,"Tampa, FL",5767,5800,5831,5837,4.2314895092769165,13.244827586206886,35.0,131.0,"Fri, Sep  1, 2006","Thu, Sep  7, 2006"
4116,Tri-Cities Regional Airport,BRISTOL,United States,TRI,KTRI,36.4752222,-82.4074167,1519,-5,A,"Bristol/Johnson City/Kingsport, TN",84,86,89,89,3.5476190476190474,9.302325581395344,15.0,34.0,"Mon, Sep  4, 2006","Tue, Sep 12, 2006"
3855,Tulsa International,Tulsa,United States,TUL,KTUL,36.198389,-95.888111,677,-6,A,"Tulsa, OK",1754,1754,1786,1788,3.995438996579248,10.944697833523366,29.0,138.0,"Thu, Sep  7, 2006","Sun, Sep 17, 2006"
5773,Tupelo Regional Airport,Tupelo,United States,TUP,KTUP,34.2681,-88.7699,346,-6,A,"Tupelo, MS",42,42,47,47,4.0476190476190474,9.166666666666664,10.0,33.0,"Mon, Sep 11, 2006","Fri, Sep 29, 2006"
3636,Tucson International,Tucson,United States,TUS,KTUS,32.116083,-110.941028,2643,-7,N,"Tucson, AZ",1987,1994,2004,2006,5.852038248616006,10.976930792377127,34.0,157.0,"Fri, Sep 15, 2006","Sat, Sep 23, 2006"
4023,Cherry Capital Airport,Traverse City,United States,TVC,KTVC,44.741445,-85.582235,624,-5,A,"Traverse City, MI",339,342,350,351,4.117994100294987,11.856725146198835,16.0,59.0,"Sat, Sep  9, 2006","Sat, Sep  9, 2006"
4263,Magic Valley Regional Airport,Twin Falls,United States,TWF,KTWF,42.481803,-114.487733,4151,-7,A,"Twin Falls, ID",149,152,154,152,3.5167785234899327,8.855263157894736,33.0,21.0,"Wed, Sep 20, 2006","Thu, Sep 21, 2006"
3770,Texarkana Regional-Webb Field,Texarkana,United States,TXK,KTXK,33.453722,-93.991028,390,-6,A,"Texarkana, AR",86,86,90,90,3.651162790697675,8.813953488372091,14.0,22.0,"Fri, Sep 15, 2006","Wed, Sep 13, 2006"
3848,Tyler Pounds Regional,Tyler,United States,TYR,KTYR,32.354139,-95.402386,544,-6,A,"Tyler, TX",113,112,120,119,4.4778761061946915,8.687499999999995,9.0,26.0,"Tue, Sep  5, 2006","Sat, Sep 16, 2006"
3676,McGhee Tyson,Knoxville,United States,TYS,KTYS,35.810972,-83.994028,981,-5,A,"Knoxville, TN",813,812,837,837,4.447724477244779,14.091133004926109,29.0,134.0,"Wed, Sep 27, 2006","Fri, Sep 22, 2006"
5776,Valdosta Regional Airport,Valdosta,United States,VLD,KVLD,30.7825,-83.2767,203,-5,A,"Valdosta, GA",67,82,69,86,4.1940298507462686,9.853658536585366,9.0,74.0,"Tue, Sep  5, 2006","Sun, Sep  3, 2006"
3873,Eglin AFB,Valparaiso,United States,VPS,KVPS,30.48325,-86.5254,87,-6,A,"Valparaiso, FL",536,531,553,546,7.774253731343284,11.483992467043318,24.0,124.0,"Mon, Sep 18, 2006","Mon, Sep 18, 2006"
5969,Wrangell Airport,Wrangell,United States,WRG,PAWG,56.4843,-132.37,44,-9,A,"Wrangell, AK",56,57,60,60,4.0178571428571415,7.017543859649122,5.0,42.0,"Tue, Sep 12, 2006","Tue, Sep 26, 2006"
7072,Yellowstone Airport,West Yellowstone,United States,WYS,KWYS,44.688333,-111.1175,6644,-7,A,"West Yellowstone, MT",69,69,69,70,3.5942028985507246,8.478260869565219,6.0,17.0,"Sun, Sep  3, 2006","Sat, Sep 16, 2006"
4356,NW Arkansas Regional,Bentonville,United States,XNA,KXNA,36.2818694,-94.3068111,1287,-6,A,"Fayetteville, AR",818,822,842,844,4.7347188264058655,12.36861313868613,30.0,134.0,"Sat, Sep 16, 2006","Fri, Sep 22, 2006"
6803,Yakutat,Yakutat,United States,YAK,PAYA,59.3012,-139.3937,33,-9,A,"Yakutat, AK",58,60,60,60,3.9999999999999996,7.2666666666666675,6.0,23.0,"Mon, Sep 11, 2006","Tue, Sep 12, 2006"
3596,Yuma MCAS Yuma International,Yuma,United States,YUM,KYUM,32.656578,-114.60598,216,-7,N,"Yuma, AZ",277,277,288,287,4.433212996389893,11.10830324909747,15.0,37.0,"Wed, Sep 20, 2006","Wed, Sep 20, 2006"
2883,Cyril E. King,St. Thomas,Virgin Islands,STT,TIST,18.337306,-64.973361,23,-4,U,"Charlotte Amalie, VI",124,125,127,128,3.693548387096774,10.352,18.0,26.0,"Sun, Sep 17, 2006","Sun, Sep 17, 2006"
2884,Henry E. Rohlsen,St. Croix Island,Virgin Islands,STX,TISX,17.701889,-64.798556,74,-4,U,"Christiansted, VI",25,24,25,24,3.68,7.833333333333333,7.0,14.0,"Tue, Sep  5, 2006","Sun, Sep 10, 2006"
2885,Rafael Hernndez,Aguadilla,Puerto Rico,BQN,TJBQ,18.494861,-67.129444,237,-4,U,"Aguadilla, PR",116,100,118,101,4.465517241379308,12.58,11.0,31.0,"Sat, Sep 23, 2006","Thu, Sep  7, 2006"
2889,Aeropuerto Mercedita,Ponce,Puerto Rico,PSE,TJPS,18.008306,-66.563028,29,-4,U,"Ponce, PR",69,60,69,60,4.478260869565218,11.766666666666664,10.0,18.0,"Fri, Sep 22, 2006","Thu, Sep  7, 2006"
2890,Luis Muoz Marn International,San Juan,Puerto Rico,SJU,TJSJ,18.439417,-66.001833,9,-4,U,"San Juan, PR",1659,1670,1696,1706,5.319469559975896,13.810179640718562,37.0,53.0,"Thu, Sep 14, 2006","Wed, Sep 13, 2006"
