airport_id,name,city,country,iata_faa,iaco,latitude,longitude,altitude,zone,dst,city_state,avg_able_landings,avg_able_takeoffs,total_landings,total_takeoffs,avg_taxi_in,avg_taxi_out,longest_taxi_in,longest_taxi_out,lng_tx_in_date,lng_tx_out_date
4355,Lehigh Valley International,Allentown,United States,ABE,KABE,40.652083,-75.440806,393,-5,A,"Allentown/Bethlehem/Easton, PA",487,479,499,498,4.815195071868581,13.01670146137787,19.0,56.0,"Sun, Apr  8, 2007","Sun, Apr  1, 2007"
3718,Abilene Regional,Abilene,United States,ABI,KABI,32.411319,-99.681897,1791,-6,A,"Abilene, TX",227,227,236,237,3.731277533039648,7.872246696035244,22.0,54.0,"Thu, Apr 26, 2007","Sat, Apr  7, 2007"
4019,Albuquerque International Sunport,Albuquerque,United States,ABQ,KABQ,35.0402222,-106.6091944,5355,-7,A,"Albuquerque, NM",3123,3120,3151,3149,5.270252961895597,10.51185897435898,51.0,81.0,"Sun, Apr 15, 2007","Tue, Apr 17, 2007"
5715,Southwest Georgia Regional Airport,Albany,United States,ABY,KABY,31.5355,-84.1945,197,-5,A,"Albany, GA",105,106,109,109,3.952380952380953,8.405660377358483,10.0,17.0,"Fri, Apr 20, 2007","Sat, Apr 21, 2007"
3700,Waco Regional,Waco,United States,ACT,KACT,31.611289,-97.230519,516,-6,A,"Waco, TX",173,173,175,176,4.450867052023118,7.664739884393064,11.0,19.0,"Tue, Apr 24, 2007","Wed, Apr 18, 2007"
4384,Arcata,Arcata CA,United States,ACV,KACV,40.978111,-124.108611,221,-8,A,"Arcata/Eureka, CA",306,305,312,314,4.330065359477126,8.980327868852463,14.0,20.0,"Thu, Apr 26, 2007","Wed, Apr 11, 2007"
3524,Atlantic City International,Atlantic City,United States,ACY,KACY,39.457583,-74.577167,75,-5,A,"Atlantic City, NJ",76,77,80,80,4.657894736842107,14.2987012987013,14.0,53.0,"Wed, Apr 18, 2007","Thu, Apr 12, 2007"
5959,Adak Airport,Adak Island,United States,ADK,PADK,51.878,-176.646,18,-10,A,"Adak Island, AK",9,9,9,9,5.222222222222222,6.888888888888889,7.0,11.0,"Thu, Apr 12, 2007","Sun, Apr  8, 2007"
3531,Kodiak,Kodiak,United States,ADQ,PADQ,57.749967,-152.493856,78,-9,A,"Kodiak, AK",49,49,52,52,3.3877551020408165,5.142857142857143,7.0,27.0,"Fri, Apr  6, 2007","Fri, Apr  6, 2007"
3852,Alexandria International,Alexandria,United States,AEX,KAEX,31.3274,-92.549833,89,-6,A,"Alexandria, LA",269,270,274,277,3.687732342007435,10.774074074074068,14.0,71.0,"Sat, Apr  7, 2007","Wed, Apr  4, 2007"
3658,Augusta Regional At Bush Field,Bush Field,United States,AGS,KAGS,33.369944,-81.9645,144,-5,A,"Augusta, GA",216,220,223,223,4.120370370370367,11.718181818181819,22.0,76.0,"Fri, Apr  6, 2007","Mon, Apr  2, 2007"
3794,King Salmon,King Salmon,United States,AKN,PAKN,58.676778,-156.649278,68,-9,A,"King Salmon, AK",20,20,23,23,4.55,3.65,8.0,5.0,"Sun, Apr 22, 2007","Sun, Apr 15, 2007"
3864,Albany International,Albany,United States,ALB,KALB,42.748267,-73.801692,285,-5,A,"Albany, NY",1187,1184,1203,1203,4.169334456613308,14.597972972972979,56.0,152.0,"Sun, Apr 15, 2007","Thu, Apr 12, 2007"
5718,Waterloo Regional Airport,Waterloo,United States,ALO,KALO,42.5571,-92.4003,873,-6,A,"Waterloo, IA",7,7,7,7,3.5714285714285716,12.571428571428571,5.0,27.0,"Sun, Apr  1, 2007","Tue, Apr  3, 2007"
3840,Rick Husband Amarillo International,Amarillo,United States,AMA,KAMA,35.219369,-101.705931,3607,-6,A,"Amarillo, TX",579,581,589,590,4.404145077720207,8.740103270223756,16.0,127.0,"Thu, Apr 19, 2007","Wed, Apr 25, 2007"
3774,Ted Stevens Anchorage International,Anchorage,United States,ANC,PANC,61.174361,-149.996361,152,-9,A,"Anchorage, AK",1313,1321,1361,1360,4.436405178979431,12.157456472369429,33.0,48.0,"Sat, Apr 21, 2007","Sun, Apr 29, 2007"
4012,Naples Municipal,Naples,United States,APF,KAPF,26.152619,-81.775294,8,-5,A,"Naples, FL",71,71,72,72,4.056338028169018,10.97183098591549,14.0,46.0,"Tue, Apr 10, 2007","Mon, Apr  9, 2007"
7001,Aspen/Pitkin County-Sardy Field,Aspen,United States,ASE,KASE,39.2232,-106.869,7820,-7,A,"Aspen, CO",169,175,171,178,3.3254437869822486,10.445714285714292,16.0,114.0,"Mon, Apr  2, 2007","Fri, Apr  6, 2007"
3682,Hartsfield Jackson Atlanta International,Atlanta,United States,ATL,KATL,33.636719,-84.428067,1026,-5,A,"Atlanta, GA",32402,32503,32891,32882,10.111783223257829,19.140294742023723,88.0,185.0,"Mon, Apr  9, 2007","Tue, Apr  3, 2007"
4047,Appleton,Appleton,United States,ATW,KATW,44.257526,-88.507576,680,-6,A,"Appleton, WI",490,485,514,513,4.328571428571425,12.156701030927836,25.0,127.0,"Mon, Apr  9, 2007","Wed, Apr 25, 2007"
3673,Austin Bergstrom International,Austin,United States,AUS,KAUS,30.194528,-97.669889,542,-6,A,"Austin, TX",3962,3968,4017,4014,5.086824835941442,12.152469758064516,51.0,111.0,"Tue, Apr 24, 2007","Tue, Apr  3, 2007"
4007,Asheville Regional Airport,Asheville,United States,AVL,KAVL,35.436194,-82.541806,2165,-5,A,"Asheville, NC",241,242,252,252,3.796680497925311,14.809917355371901,11.0,120.0,"Thu, Apr  5, 2007","Mon, Apr 16, 2007"
4286,Wilkes Barre Scranton International,Scranton,United States,AVP,KAVP,41.338478,-75.723403,962,-5,A,"Scranton/Wilkes-Barre, PA",257,257,264,265,4.1478599221789905,15.431906614785989,13.0,90.0,"Tue, Apr  3, 2007","Mon, Apr 23, 2007"
4039,Kalamazoo,Kalamazoo,United States,AZO,KAZO,42.234875,-85.552058,874,-5,A,"Kalamazoo, MI",410,410,441,443,3.851219512195122,14.546341463414635,21.0,113.0,"Sun, Apr 15, 2007","Wed, Apr 18, 2007"
3825,Bradley International,Windsor Locks,United States,BDL,KBDL,41.938889,-72.683222,173,-5,A,"Hartford, CT",2621,2623,2656,2659,5.520030522701266,13.97521921463973,37.0,114.0,"Fri, Apr 13, 2007","Tue, Apr  3, 2007"
3599,Bethel,Bethel,United States,BET,PABE,60.779778,-161.838,121,-9,A,"Bethel, AK",87,87,93,93,3.103448275862069,5.827586206896552,5.0,15.0,"Mon, Apr  2, 2007","Mon, Apr  9, 2007"
3558,Meadows Field,Bakersfield,United States,BFL,KBFL,35.433598,-119.05677,507,-8,A,"Bakersfield, CA",435,434,436,436,4.50114942528736,10.716589861751151,37.0,32.0,"Wed, Apr 18, 2007","Sun, Apr 22, 2007"
4129,Greater Binghamton-Edwin A. Link Field,Binghamton,United States,BGM,KBGM,42.208689,-75.979839,1636,-5,A,"Binghamton, NY",113,112,115,116,4.539823008849558,15.080357142857142,10.0,71.0,"Mon, Apr 23, 2007","Mon, Apr 16, 2007"
3463,Bangor International,Bangor,United States,BGR,KBGR,44.807444,-68.828139,192,-5,A,"Bangor, ME",340,341,346,348,5.476470588235296,16.504398826979468,125.0,122.0,"Thu, Apr  5, 2007","Thu, Apr  5, 2007"
3811,Birmingham International,Birmingham,United States,BHM,KBHM,33.562942,-86.75355,644,-6,A,"Birmingham, AL",1796,1796,1827,1826,4.145322939866372,12.259465478841866,34.0,100.0,"Mon, Apr 16, 2007","Wed, Apr 25, 2007"
4021,Billings Logan International Airport,Billings,United States,BIL,KBIL,45.80921,-108.537654,3652,-7,A,"Billings, MT",352,355,356,357,4.028409090909096,11.811267605633804,18.0,75.0,"Sat, Apr 21, 2007","Mon, Apr  2, 2007"
4083,Bismarck Municipal Airport,Bismarck,United States,BIS,KBIS,46.775842,-100.757931,1661,-6,A,"Bismarck/Mandan, ND",235,234,237,236,4.234042553191486,11.705128205128204,15.0,68.0,"Thu, Apr  5, 2007","Mon, Apr  9, 2007"
3777,Bellingham International,Bellingham,United States,BLI,KBLI,48.792694,-122.537528,170,-8,A,"Bellingham, WA",55,54,55,55,4.61818181818182,9.85185185185185,6.0,27.0,"Tue, Apr 10, 2007","Tue, Apr  3, 2007"
4037,Central Illinois Regional,Bloomington,United States,BMI,KBMI,40.477111,-88.915917,871,-6,A,"Bloomington/Normal, IL",275,276,289,289,4.021818181818183,12.840579710144928,16.0,178.0,"Sun, Apr  1, 2007","Sun, Apr  1, 2007"
3690,Nashville International,Nashville,United States,BNA,KBNA,36.124472,-86.678194,599,-6,A,"Nashville, TN",5033,5037,5116,5115,5.84422809457581,11.646813579511617,35.0,164.0,"Sun, Apr 15, 2007","Wed, Apr 25, 2007"
3495,Boise Air Terminal,Boise,United States,BOI,KBOI,43.564361,-116.222861,2871,-7,A,"Boise, ID",1406,1400,1410,1408,4.078947368421044,9.912142857142852,24.0,108.0,"Mon, Apr  2, 2007","Thu, Apr  5, 2007"
3448,General Edward Lawrence Logan International,Boston,United States,BOS,KBOS,42.364347,-71.005181,19,-5,A,"Boston, MA",11110,11112,11404,11408,7.428802880288011,19.013858891288635,62.0,143.0,"Mon, Apr 16, 2007","Tue, Apr  3, 2007"
3612,Southeast Texas Regional,Beaumont,United States,BPT,KBPT,29.950833,-94.020694,15,-6,A,"Beaumont/Port Arthur, TX",30,30,30,30,5.566666666666666,12.466666666666667,8.0,24.0,"Sun, Apr  1, 2007","Sat, Apr 21, 2007"
5725,Brunswick Golden Isles Airport,Brunswick,United States,BQK,KBQK,31.2588,-81.4665,26,-5,A,"Brunswick, GA",80,79,80,80,3.7625,8.12658227848101,9.0,23.0,"Sun, Apr 29, 2007","Mon, Apr  9, 2007"
3738,Brownsville South Padre Island International,Brownsville,United States,BRO,KBRO,25.906833,-97.425861,22,-6,A,"Brownsville, TX",115,117,123,125,4.669565217391306,12.316239316239317,10.0,194.0,"Fri, Apr 13, 2007","Mon, Apr 30, 2007"
3571,Wiley Post Will Rogers Memorial,Barrow,United States,BRW,PABR,71.285446,-156.766003,44,-9,A,"Barrow, AK",57,58,60,60,3.491228070175439,6.103448275862069,8.0,32.0,"Sun, Apr 15, 2007","Sun, Apr 22, 2007"
4022,Bert Mooney Airport,Butte,United States,BTM,KBTM,45.954806,-112.497472,5550,-7,A,"Butte, MT",65,67,67,70,4.261538461538462,9.791044776119403,7.0,23.0,"Tue, Apr  3, 2007","Sun, Apr  1, 2007"
3846,Baton Rouge Metro-Ryan Field,Baton Rouge,United States,BTR,KBTR,30.533167,-91.149639,70,-6,A,"Baton Rouge, LA",878,875,897,894,4.799544419134403,11.192,43.0,90.0,"Sat, Apr 14, 2007","Tue, Apr 24, 2007"
3711,Burlington International,Burlington,United States,BTV,KBTV,44.471861,-73.153278,335,-5,A,"Burlington, VT",607,603,628,628,4.326194398682041,17.429519071310118,18.0,119.0,"Thu, Apr  5, 2007","Wed, Apr  4, 2007"
3820,Buffalo Niagara International,Buffalo,United States,BUF,KBUF,42.940525,-78.732167,724,-5,A,"Buffalo, NY",2318,2314,2364,2364,4.510785159620356,14.241573033707866,125.0,115.0,"Fri, Apr 13, 2007","Thu, Apr 26, 2007"
3644,Bob Hope,Burbank,United States,BUR,KBUR,34.200667,-118.358667,778,-8,A,"Burbank, CA",2675,2677,2705,2703,2.6800000000000006,11.768023907358982,26.0,85.0,"Wed, Apr 18, 2007","Wed, Apr 25, 2007"
3849,Baltimore Washington International,Baltimore,United States,BWI,KBWI,39.175361,-76.668333,146,-5,A,"Baltimore, MD",8787,8782,8871,8873,4.7410947991351,12.050899567296744,86.0,125.0,"Sun, Apr 15, 2007","Fri, Apr  6, 2007"
4020,Gallatin Field,Bozeman,United States,BZN,KBZN,45.777643,-111.160151,4500,-7,A,"Bozeman, MT",374,373,384,385,4.53208556149733,13.71045576407507,20.0,82.0,"Wed, Apr 11, 2007","Tue, Apr  3, 2007"
3561,Columbia Metropolitan,Colombia,United States,CAE,KCAE,33.938833,-81.119528,236,-5,A,"Columbia, SC",882,883,913,912,4.283446712018137,13.674971687429219,25.0,92.0,"Thu, Apr 19, 2007","Thu, Apr 12, 2007"
4112,Akron Canton Regional Airport,Akron,United States,CAK,KCAK,40.9160833,-81.4421944,1228,-5,A,"Akron, OH",684,683,698,699,4.725146198830404,12.679355783308933,28.0,87.0,"Thu, Apr 19, 2007","Sun, Apr 15, 2007"
3610,Merle K. Mudhole Smith,Cordova,United States,CDV,PACV,60.491778,-145.477556,48,-9,A,"Cordova, AK",59,59,60,60,2.8813559322033897,6.423728813559322,8.0,29.0,"Mon, Apr 16, 2007","Thu, Apr  5, 2007"
5727,Del Norte County Airport,Crescent City,United States,CEC,KCEC,41.7802,-124.237,57,-8,A,"Crescent City, CA",81,80,84,85,3.9012345679012346,11.8,6.0,41.0,"Wed, Apr  4, 2007","Mon, Apr  9, 2007"
3578,Lovell Field,Chattanooga,United States,CHA,KCHA,35.035278,-85.203808,683,-5,A,"Chattanooga, TN",404,402,415,415,4.512376237623764,10.485074626865678,24.0,174.0,"Fri, Apr 27, 2007","Wed, Apr 25, 2007"
4015,Charlottesville-Albemarle,Charlottesville VA,United States,CHO,KCHO,38.138639,-78.452861,639,-5,A,"Charlottesville, VA",137,134,138,138,3.9416058394160585,10.24626865671642,10.0,50.0,"Mon, Apr  9, 2007","Sun, Apr  1, 2007"
3806,Charleston AFB International,Charleston,United States,CHS,KCHS,32.898647,-80.040528,45,-5,A,"Charleston, SC",1233,1238,1281,1285,6.348742903487431,14.753634894991922,63.0,134.0,"Sun, Apr 22, 2007","Wed, Apr  4, 2007"
3710,Chico Municipal,Chico,United States,CIC,KCIC,39.795383,-121.858422,238,-8,A,"Chico, CA",115,115,116,116,3.7130434782608694,10.243478260869566,6.0,31.0,"Mon, Apr 16, 2007","Fri, Apr  6, 2007"
4043,Cedar Rapids,Cedar Rapids,United States,CID,KCID,41.884694,-91.710806,869,-6,A,"Cedar Rapids/Iowa City, IA",858,850,892,888,5.060606060606061,12.196470588235298,54.0,112.0,"Wed, Apr 11, 2007","Wed, Apr 11, 2007"
4088,McClellan-Palomar Airport,Carlsbad,United States,CLD,KCRQ,33.0742,-117.1648,328,-8,A,"Carlsbad, CA",223,222,224,224,3.7354260089686098,9.815315315315315,7.0,23.0,"Sun, Apr  8, 2007","Sun, Apr  1, 2007"
3486,Cleveland Hopkins International,Cleveland,United States,CLE,KCLE,41.411689,-81.849794,791,-5,A,"Cleveland, OH",7030,7023,7115,7107,6.556472261735419,17.59362095970382,66.0,147.0,"Sat, Apr  7, 2007","Sat, Apr  7, 2007"
3715,Easterwood Field,College Station,United States,CLL,KCLL,30.588583,-96.363833,321,-6,A,"College Station/Bryan, TX",147,146,150,150,5.115646258503402,9.95890410958904,15.0,27.0,"Wed, Apr 25, 2007","Fri, Apr 20, 2007"
3876,Charlotte Douglas International,Charlotte,United States,CLT,KCLT,35.214,-80.943139,748,-5,A,"Charlotte, NC",10189,10226,10327,10326,6.463735400922566,19.483473498924322,46.0,169.0,"Sat, Apr 21, 2007","Thu, Apr 12, 2007"
3759,Port Columbus International,Columbus,United States,CMH,KCMH,39.997972,-82.891889,815,-5,A,"Columbus, OH",3208,3202,3261,3260,5.0333541147132275,13.415677701436602,51.0,139.0,"Wed, Apr 18, 2007","Mon, Apr 23, 2007"
4049,Champaign,Champaign,United States,CMI,KCMI,40.03925,-88.278056,754,-6,A,"Champaign/Urbana, IL",217,215,227,226,4.47926267281106,13.302325581395348,11.0,135.0,"Fri, Apr  6, 2007","Wed, Apr 25, 2007"
5732,Houghton County Memorial Airport,Hancock,United States,CMX,KCMX,47.1684,-88.4891,1095,-5,A,"Hancock/Houghton, MI",27,26,29,28,6.925925925925926,11.30769230769231,11.0,30.0,"Mon, Apr 30, 2007","Thu, Apr 12, 2007"
4344,Yellowstone Regional,Cody,United States,COD,KCOD,44.520194,-109.023806,5102,-7,A,"Cody, WY",87,88,89,90,3.8850574712643677,12.352272727272732,8.0,63.0,"Tue, Apr  3, 2007","Thu, Apr 19, 2007"
3819,City Of Colorado Springs Municipal,Colorado Springs,United States,COS,KCOS,38.805805,-104.700778,6187,-7,A,"Colorado Springs, CO",1202,1201,1223,1223,6.192179700499169,16.64446294754372,26.0,116.0,"Thu, Apr 12, 2007","Sun, Apr  8, 2007"
3872,Natrona County International,Casper,United States,CPR,KCPR,42.908,-106.464417,5347,-7,A,"Casper, WY",316,318,320,322,4.395569620253167,10.625786163522013,11.0,44.0,"Thu, Apr 19, 2007","Fri, Apr  6, 2007"
3744,Corpus Christi International,Corpus Christi,United States,CRP,KCRP,27.770361,-97.501222,44,-6,A,"Corpus Christi, TX",601,601,610,610,4.15141430948419,11.121464226289511,11.0,142.0,"Mon, Apr 30, 2007","Sat, Apr 21, 2007"
4285,Yeager,Charleston,United States,CRW,KCRW,38.373147,-81.593189,981,-5,A,"Charleston/Dunbar, WV",302,309,316,316,3.6456953642384105,11.53721682847896,24.0,70.0,"Sat, Apr  7, 2007","Wed, Apr 11, 2007"
4255,Columbus Metropolitan Airport,Columbus,United States,CSG,KCSG,32.5163333,-84.9388611,397,-5,A,"Columbus, GA",100,101,108,108,2.9599999999999995,11.287128712871286,8.0,45.0,"Wed, Apr 18, 2007","Fri, Apr 20, 2007"
3488,Cincinnati Northern Kentucky International,Cincinnati,United States,CVG,KCVG,39.048836,-84.667822,896,-5,A,"Cincinnati, OH",9076,9109,9284,9268,4.893675628029983,15.669447798880228,68.0,179.0,"Wed, Apr 25, 2007","Mon, Apr  2, 2007"
4045,Central Wisconsin,Wassau,United States,CWA,KCWA,44.772726,-89.646635,840,-6,A,"Mosinee, WI",138,136,144,144,3.869565217391304,11.845588235294118,12.0,93.0,"Fri, Apr 27, 2007","Fri, Apr  6, 2007"
3950,Daytona Beach International,Daytona Beach,United States,DAB,KDAB,29.179917,-81.058056,34,-5,A,"Daytona Beach, FL",377,377,377,378,3.8779840848806364,11.893899204244029,17.0,78.0,"Sun, Apr  1, 2007","Mon, Apr  2, 2007"
3502,Dallas Love Field,Dallas,United States,DAL,KDAL,32.847111,-96.851778,487,-6,A,"Dallas, TX",4354,4374,4424,4424,3.3461185117133674,9.62985825331505,104.0,130.0,"Fri, Apr 13, 2007","Mon, Apr 30, 2007"
3627,James M. Cox Dayton International,Dayton,United States,DAY,KDAY,39.902375,-84.219375,1009,-5,A,"Dayton, OH",1217,1218,1250,1252,5.4174198849630315,13.945812807881767,37.0,124.0,"Sun, Apr  8, 2007","Wed, Apr 11, 2007"
4388,Dubuque Regional,Dubuque IA,United States,DBQ,KDBQ,42.402,-90.709472,1076,-6,A,"Dubuque, IA",109,109,116,116,3.5779816513761467,11.100917431192661,8.0,48.0,"Sat, Apr 28, 2007","Thu, Apr  5, 2007"
3520,Ronald Reagan Washington National,Washington,United States,DCA,KDCA,38.852083,-77.037722,15,-5,A,"Washington, DC",7404,7403,7578,7575,5.499729875742839,17.97014723760644,74.0,154.0,"Thu, Apr 12, 2007","Wed, Apr 18, 2007"
3751,Denver International,Denver,United States,DEN,KDEN,39.861656,-104.673178,5431,-7,A,"Denver, CO",19256,19280,19579,19583,7.871053178230162,16.129719917012434,64.0,128.0,"Sun, Apr  8, 2007","Fri, Apr  6, 2007"
3670,Dallas Fort Worth International,Dallas-fort Worth,United States,DFW,KDFW,32.896828,-97.037997,607,-6,A,"Dallas/Fort Worth, TX",23332,23535,24273,24262,9.83606206068916,16.33885702145731,138.0,229.0,"Fri, Apr 13, 2007","Fri, Apr 13, 2007"
3739,Dothan Regional,Dothan,United States,DHN,KDHN,31.321339,-85.449628,401,-6,A,"Dothan, AL",129,130,135,134,3.75968992248062,8.584615384615391,8.0,53.0,"Wed, Apr 11, 2007","Tue, Apr  3, 2007"
3460,Dillingham,Dillingham,United States,DLG,PADL,59.044667,-158.5055,74,-9,A,"Dillingham, AK",13,13,13,13,2.4615384615384617,5.538461538461538,4.0,9.0,"Tue, Apr  3, 2007","Fri, Apr  6, 2007"
3598,Duluth International,Duluth,United States,DLH,KDLH,46.842091,-92.193649,1428,-6,A,"Duluth, MN",176,175,180,179,7.107954545454546,14.577142857142857,26.0,72.0,"Tue, Apr  3, 2007","Tue, Apr  3, 2007"
3713,Durango La Plata County,Durango,United States,DRO,KDRO,37.151516,-107.75377,6685,-7,A,"Durango, CO",335,331,343,343,4.474626865671642,10.241691842900305,25.0,45.0,"Wed, Apr 18, 2007","Wed, Apr 18, 2007"
3729,Des Moines International,Des Moines,United States,DSM,KDSM,41.533972,-93.663083,958,-6,A,"Des Moines, IA",1451,1442,1495,1490,4.429359062715373,12.707350901525661,28.0,130.0,"Thu, Apr 12, 2007","Wed, Apr 25, 2007"
3645,Detroit Metro Wayne County,Detroit,United States,DTW,KDTW,42.212444,-83.353389,645,-5,A,"Detroit, MI",14671,14728,14944,14954,10.600027264671835,19.283948940793007,73.0,194.0,"Wed, Apr 25, 2007","Tue, Apr  3, 2007"
5735,Chippewa Valley Regional Airport,Eau Claire,United States,EAU,KEAU,44.8658,-91.4843,913,-6,A,"Eau Claire, WI",7,7,7,7,6.142857142857143,12.428571428571429,9.0,19.0,"Wed, Apr  4, 2007","Mon, Apr  9, 2007"
4250,Eagle County Regional,Vail,United States,EGE,KEGE,39.642556,-106.917694,6540,-7,A,"Eagle, CO",264,268,269,272,3.6553030303030307,13.462686567164177,14.0,58.0,"Wed, Apr  4, 2007","Mon, Apr  2, 2007"
5736,Elko Regional Airport,Elko,United States,EKO,KEKO,40.8249,-115.792,5140,-8,A,"Elko, NV",145,146,145,146,4.213793103448278,7.575342465753424,7.0,26.0,"Fri, Apr 13, 2007","Tue, Apr 10, 2007"
3946,Elmira Corning Regional,Elmira,United States,ELM,KELM,42.159889,-76.891611,954,-5,A,"Elmira/Corning, NY",107,106,107,107,5.233644859813083,13.830188679245284,11.0,80.0,"Sun, Apr 29, 2007","Sun, Apr  1, 2007"
3559,El Paso International,El Paso,United States,ELP,KELP,31.80725,-106.377583,3958,-7,A,"El Paso, TX",1771,1768,1787,1788,3.713721061547148,10.910633484162904,33.0,151.0,"Sat, Apr 28, 2007","Tue, Apr  3, 2007"
4276,Erie International-Tom Ridge Field,Erie,United States,ERI,KERI,42.082022,-80.176217,733,-5,A,"Erie, PA",115,113,116,116,3.9217391304347826,10.424778761061948,12.0,40.0,"Sat, Apr 14, 2007","Sun, Apr  1, 2007"
4099,Mahlon Sweet Field,Eugene,United States,EUG,KEUG,44.124583,-123.211972,374,-8,A,"Eugene, OR",488,487,489,488,3.760245901639346,9.977412731006156,17.0,48.0,"Fri, Apr 13, 2007","Thu, Apr 19, 2007"
4018,Evansville Regional,Evansville,United States,EVV,KEVV,38.036997,-87.532364,418,-6,A,"Evansville, IN",460,459,480,481,4.928260869565217,11.413943355119818,20.0,107.0,"Sat, Apr  7, 2007","Tue, Apr  3, 2007"
3494,Newark Liberty International,Newark,United States,EWR,KEWR,40.6925,-74.168667,18,-5,A,"Newark, NJ",12571,12587,13070,13056,9.079229973749134,29.109716374036722,76.0,179.0,"Sun, Apr 15, 2007","Sun, Apr  1, 2007"
3875,Key West International,Key West,United States,EYW,KEYW,24.556111,-81.759556,3,-5,A,"Key West, FL",103,104,106,106,3.5825242718446604,7.298076923076923,20.0,19.0,"Fri, Apr 20, 2007","Sun, Apr  8, 2007"
3832,Fairbanks International,Fairbanks,United States,FAI,PAFA,64.815114,-147.856267,434,-9,A,"Fairbanks, AK",346,346,360,360,2.6618497109826573,9.520231213872837,7.0,27.0,"Wed, Apr 11, 2007","Sun, Apr  8, 2007"
4292,Hector International Airport,Fargo,United States,FAR,KFAR,46.92065,-96.8157639,902,-6,A,"Fargo, ND",443,443,462,460,4.945823927765239,15.270880361173825,22.0,78.0,"Sat, Apr 21, 2007","Thu, Apr  5, 2007"
3687,Fresno Yosemite International,Fresno,United States,FAT,KFAT,36.776194,-119.71814,336,-8,A,"Fresno, CA",1190,1189,1196,1193,4.442857142857143,9.435660218671137,68.0,46.0,"Wed, Apr 18, 2007","Wed, Apr 18, 2007"
5738,Fayetteville Regional-Grannis Field,Fayetteville,United States,FAY,KFAY,34.9912,-78.8803,189,-5,A,"Fayetteville, NC",168,171,172,172,4.42261904761905,9.333333333333334,15.0,24.0,"Tue, Apr 10, 2007","Thu, Apr 26, 2007"
4127,Glacier Park International,Kalispell,United States,FCA,KFCA,48.310472,-114.256,2977,-7,A,"Kalispell, MT",211,211,214,214,4.14218009478673,10.265402843601887,16.0,36.0,"Fri, Apr 20, 2007","Wed, Apr  4, 2007"
4261,Flagstaff Pulliam Airport,Flagstaff,United States,FLG,KFLG,35.140318,-111.6692392,7015,-7,N,"Flagstaff, AZ",148,148,150,150,4.952702702702705,10.601351351351349,11.0,25.0,"Mon, Apr  9, 2007","Thu, Apr 12, 2007"
3533,Fort Lauderdale Hollywood International,Fort Lauderdale,United States,FLL,KFLL,26.072583,-80.15275,9,-5,A,"Fort Lauderdale, FL",6284,6301,6345,6355,5.438415022278815,16.77876527535307,74.0,127.0,"Sat, Apr 14, 2007","Thu, Apr 12, 2007"
3879,Florence Regional,Florence,United States,FLO,KFLO,34.185361,-79.723889,146,-5,A,"Florence, SC",53,54,56,56,4.283018867924528,8.037037037037035,9.0,16.0,"Tue, Apr 10, 2007","Sun, Apr 29, 2007"
4089,Bishop International,Flint,United States,FNT,KFNT,42.965424,-83.743629,782,-5,A,"Flint, MI",645,647,653,656,4.744186046511631,12.877897990726424,15.0,76.0,"Wed, Apr  4, 2007","Wed, Apr  4, 2007"
4009,Sioux Falls,Sioux Falls,United States,FSD,KFSD,43.582014,-96.741914,1429,-6,A,"Sioux Falls, SD",523,525,547,547,4.6175908221797375,12.868571428571428,31.0,69.0,"Mon, Apr 23, 2007","Sat, Apr  7, 2007"
3437,Fort Smith Regional,Fort Smith,United States,FSM,KFSM,35.336583,-94.367444,469,-6,A,"Fort Smith, AR",184,179,188,187,4.195652173913047,8.446927374301675,11.0,44.0,"Wed, Apr 11, 2007","Tue, Apr 10, 2007"
4041,Fort Wayne,Fort Wayne,United States,FWA,KFWA,40.978472,-85.195139,815,-5,A,"Fort Wayne, IN",533,530,565,566,4.22889305816135,14.347169811320754,16.0,94.0,"Mon, Apr 30, 2007","Wed, Apr 25, 2007"
3467,Spokane International,Spokane,United States,GEG,KGEG,47.619861,-117.533833,2376,-8,A,"Spokane, WA",1321,1312,1323,1318,4.292202876608622,10.528201219512184,25.0,45.0,"Tue, Apr 17, 2007","Wed, Apr 25, 2007"
3442,Grand Forks International,Grand Forks,United States,GFK,KGFK,47.949256,-97.176111,845,-6,A,"Grand Forks, ND",87,86,91,90,4.666666666666667,11.372093023255813,9.0,33.0,"Fri, Apr  6, 2007","Tue, Apr  3, 2007"
3465,East Texas Regional,Longview,United States,GGG,KGGG,32.384014,-94.711486,365,-6,A,"Longview, TX",88,87,90,90,5.443181818181818,9.551724137931032,11.0,20.0,"Mon, Apr 23, 2007","Sat, Apr 28, 2007"
4063,Grand Junction Regional,Grand Junction,United States,GJT,KGJT,39.122413,-108.526735,4858,-7,A,"Grand Junction, CO",446,444,453,452,3.7511210762331837,9.722972972972968,20.0,30.0,"Mon, Apr 23, 2007","Thu, Apr 12, 2007"
6130,Mid Delta Regional Airport,Greenville,United States,GLH,GLH,33.4829,-90.9856,131,-6,A,"Greenville, MS",2,2,2,2,3.0,13.5,3.0,17.0,"Wed, Apr 25, 2007","Thu, Apr 26, 2007"
3472,Gainesville Regional,Gainesville,United States,GNV,KGNV,29.690056,-82.271778,152,-5,A,"Gainesville, FL",166,165,172,172,3.415662650602409,9.436363636363636,19.0,39.0,"Thu, Apr 12, 2007","Thu, Apr  5, 2007"
4038,Gulfport-Biloxi,Gulfport,United States,GPT,KGPT,30.407278,-89.070111,28,-6,A,"Gulfport/Biloxi, MS",588,584,594,593,4.904761904761905,11.412671232876727,30.0,220.0,"Sun, Apr 15, 2007","Wed, Apr 25, 2007"
3653,Austin Straubel International,Green Bay,United States,GRB,KGRB,44.485072,-88.129589,695,-6,A,"Green Bay, WI",698,697,730,730,4.103151862464188,12.797704447632706,35.0,106.0,"Fri, Apr  6, 2007","Wed, Apr 18, 2007"
3775,Robert Gray AAF,Killeen,United States,GRK,KGRK,31.06725,-97.828917,1015,-6,A,"Killeen, TX",420,421,430,434,4.023809523809525,9.733966745843235,23.0,50.0,"Wed, Apr 25, 2007","Tue, Apr  3, 2007"
3685,Gerald R. Ford International,Grand Rapids,United States,GRR,KGRR,42.880833,-85.522806,794,-5,A,"Grand Rapids, MI",1316,1323,1357,1356,4.576747720364735,15.502645502645503,20.0,157.0,"Tue, Apr 10, 2007","Sun, Apr  1, 2007"
4008,Piedmont Triad,Greensboro,United States,GSO,KGSO,36.09775,-79.937306,925,-5,A,"Greensboro/High Point, NC",1174,1178,1212,1217,4.812606473594548,16.02801358234296,45.0,116.0,"Sat, Apr 14, 2007","Wed, Apr  4, 2007"
4034,Greenville-Spartanburg International,Greenville,United States,GSP,KGSP,34.895556,-82.218889,964,-5,A,"Greer, SC",1077,1076,1111,1113,4.239554317548752,14.422862453531597,19.0,129.0,"Wed, Apr 11, 2007","Wed, Apr 25, 2007"
3880,Great Falls International,Great Falls,United States,GTF,KGTF,47.482,-111.370689,3677,-7,A,"Great Falls, MT",282,282,288,288,4.503546099290779,10.836879432624114,9.0,42.0,"Sun, Apr  8, 2007","Thu, Apr  5, 2007"
4273,Golden Triangle Regional Airport,Columbus Mississippi,United States,GTR,KGTR,33.450333,-88.591361,264,-6,A,"Columbus, MS",82,84,86,86,4.597560975609756,8.428571428571432,15.0,27.0,"Fri, Apr  6, 2007","Thu, Apr 19, 2007"
7051,Gunnison - Crested Butte,Gunnison,United States,GUC,KGUC,38.533889,-106.933056,7678,-7,A,"Gunnison, CO",90,92,93,96,2.8333333333333326,11.358695652173916,18.0,35.0,"Sat, Apr 28, 2007","Mon, Apr  2, 2007"
4339,Yampa Valley,Hayden,United States,HDN,KHDN,40.481181,-107.21766,6602,-7,A,"Hayden, CO",158,163,162,165,3.094936708860759,13.0,19.0,63.0,"Sun, Apr 29, 2007","Fri, Apr  6, 2007"
7002,Hilton Head,Hilton Head,United States,HHH,KHHH,32.216,-80.752,10,-5,U,"Hilton Head, SC",88,88,90,89,3.602272727272727,13.25,9.0,53.0,"Thu, Apr  5, 2007","Thu, Apr  5, 2007"
3504,Helena Regional,Helena,United States,HLN,KHLN,46.606806,-111.98275,3877,-7,A,"Helena, MT",141,139,144,141,3.560283687943263,11.266187050359711,10.0,48.0,"Sun, Apr 15, 2007","Thu, Apr 19, 2007"
3728,Honolulu International,Honolulu,United States,HNL,PHNL,21.318681,-157.922428,13,-10,N,"Honolulu, HI",5554,5560,5574,5575,4.666726683471383,12.021402877697858,26.0,46.0,"Thu, Apr 12, 2007","Sat, Apr 21, 2007"
3566,William P. Hobby,Houston,United States,HOU,KHOU,29.645419,-95.278889,46,-6,A,"Houston, TX",4553,4565,4625,4626,4.696024599165404,8.75706462212487,72.0,143.0,"Tue, Apr 24, 2007","Tue, Apr 17, 2007"
3589,Westchester County,White Plains,United States,HPN,KHPN,41.066959,-73.707575,439,-5,A,"White Plains, NY",998,998,1038,1036,9.225450901803589,17.116232464929862,80.0,116.0,"Sun, Apr  8, 2007","Fri, Apr 27, 2007"
3560,Valley International,Harlingen,United States,HRL,KHRL,26.2285,-97.654389,36,-6,A,"Harlingen/San Benito, TX",478,479,493,493,2.6401673640167354,8.396659707724423,18.0,89.0,"Wed, Apr 18, 2007","Thu, Apr 12, 2007"
4113,Huntsville International Airport-Carl T. Jones Field,Huntsville,United States,HSV,KHSV,34.6371944,-86.7750556,629,-6,A,"Huntsville, AL",729,723,749,745,5.374485596707822,12.627939142461964,72.0,52.0,"Mon, Apr 30, 2007","Tue, Apr  3, 2007"
5742,TriState-Milton J. Ferguson Field,Huntington,United States,HTS,KHTS,38.3667,-82.558,828,-5,A,"Ashland, WV",54,53,54,53,4.12962962962963,9.509433962264145,10.0,30.0,"Fri, Apr  6, 2007","Thu, Apr 26, 2007"
3714,Washington Dulles International,Washington,United States,IAD,KIAD,38.944533,-77.455811,313,-5,A,"Washington, DC",7986,8024,8239,8246,7.074129727022289,18.452766699900266,75.0,143.0,"Fri, Apr 13, 2007","Wed, Apr 25, 2007"
3550,George Bush Intercontinental Houston,Houston,United States,IAH,KIAH,29.984433,-95.341442,97,-6,A,"Houston, TX",16926,17040,17186,17172,9.224447595415302,19.530281690140942,75.0,124.0,"Wed, Apr 25, 2007","Wed, Apr 25, 2007"
3457,Wichita Mid Continent,Wichita,United States,ICT,KICT,37.649944,-97.433056,1333,-6,A,"Wichita, KS",1153,1153,1199,1200,4.469210754553341,11.66782307025152,20.0,70.0,"Fri, Apr  6, 2007","Wed, Apr 18, 2007"
4100,Idaho Falls Regional,Idaho Falls,United States,IDA,KIDA,43.514556,-112.07075,4744,-7,A,"Idaho Falls, ID",274,272,278,279,4.2518248175182505,11.018382352941176,7.0,76.0,"Sat, Apr 21, 2007","Tue, Apr 24, 2007"
3859,New Castle,Wilmington,United States,ILG,KILG,39.678722,-75.606528,79,-5,A,"Wilmington, DE",52,51,56,55,4.5,12.27450980392157,11.0,47.0,"Tue, Apr 10, 2007","Mon, Apr 16, 2007"
3845,Wilmington International,Wilmington,United States,ILM,KILM,34.270615,-77.902569,32,-5,A,"Wilmington, NC",298,300,303,303,4.590604026845636,11.323333333333327,30.0,58.0,"Sun, Apr 22, 2007","Sun, Apr 15, 2007"
3585,Indianapolis International,Indianapolis,United States,IND,KIND,39.717331,-86.294383,797,-5,A,"Indianapolis, IN",3515,3515,3583,3587,9.117780938833558,14.914082503556191,63.0,188.0,"Tue, Apr  3, 2007","Tue, Apr 17, 2007"
3689,Imperial County,Imperial,United States,IPL,KIPL,32.834219,-115.578744,-54,-8,A,"El Centro, CA",102,104,105,105,3.7254901960784315,8.875000000000002,9.0,23.0,"Fri, Apr 27, 2007","Fri, Apr 20, 2007"
3857,Long Island MacArthur,Islip,United States,ISP,KISP,40.79525,-73.100222,99,-5,A,"Islip, NY",1010,1014,1029,1029,4.0960396039603895,8.889546351084809,35.0,62.0,"Wed, Apr  4, 2007","Fri, Apr 27, 2007"
3415,Hilo International,Hilo,United States,ITO,PHTO,19.721375,-155.048469,38,-10,N,"Hilo, HI",799,799,799,799,3.943679599499373,7.011264080100125,13.0,17.0,"Tue, Apr  3, 2007","Sun, Apr 15, 2007"
7120,Inyokern Airport,Inyokern,United States,IYK,KIYK,35.658889,-117.829444,2455,-8,A,"Inyokern, CA",77,77,79,80,3.844155844155844,10.831168831168826,6.0,19.0,"Mon, Apr 16, 2007","Tue, Apr 17, 2007"
4027,Jackson Hole Airport,Jacksn Hole,United States,JAC,KJAC,43.60733333,-110.73775,6451,-7,A,"Jackson, WY",199,200,203,204,3.2663316582914574,12.255000000000004,9.0,49.0,"Fri, Apr 20, 2007","Mon, Apr  2, 2007"
3580,Jackson Evers International,Jackson,United States,JAN,KJAN,32.311167,-90.075889,346,-6,A,"Jackson/Vicksburg, MS",1058,1055,1075,1074,3.993383742911154,10.10047393364928,31.0,92.0,"Wed, Apr 25, 2007","Mon, Apr  2, 2007"
3712,Jacksonville International,Jacksonville,United States,JAX,KJAX,30.494056,-81.687861,30,-5,A,"Jacksonville, FL",2863,2864,2885,2888,5.690883688438707,13.613128491620106,123.0,162.0,"Wed, Apr 11, 2007","Wed, Apr 25, 2007"
3797,John F. Kennedy International,New York,United States,JFK,KJFK,40.639751,-73.778925,13,-5,A,"New York, NY",10286,10332,10665,10663,10.731771339685002,37.080332946186864,174.0,213.0,"Thu, Apr  5, 2007","Thu, Apr 26, 2007"
3492,Juneau International,Juneau,United States,JNU,PAJN,58.354972,-134.576278,21,-9,A,"Juneau, AK",302,302,305,304,3.7317880794701987,11.486754966887414,19.0,41.0,"Thu, Apr 12, 2007","Thu, Apr 12, 2007"
3514,Kona International At Keahole,Kona,United States,KOA,PHKO,19.738767,-156.045631,47,-10,N,"Kona, HI",1369,1369,1378,1378,3.572680788897007,7.91672753834916,20.0,50.0,"Mon, Apr  2, 2007","Sun, Apr 22, 2007"
3808,Ketchikan International,Ketchikan,United States,KTN,PAKT,55.355556,-131.71375,88,-9,A,"Ketchikan, AK",178,177,180,180,4.359550561797754,10.090395480225991,44.0,25.0,"Mon, Apr 16, 2007","Tue, Apr 10, 2007"
3544,Capital City,Lansing,United States,LAN,KLAN,42.7787,-84.587357,861,-5,A,"Lansing, MI",390,385,414,413,4.16410256410256,13.101298701298699,12.0,80.0,"Wed, Apr  4, 2007","Tue, Apr 10, 2007"
3877,McCarran International,Las Vegas,United States,LAS,KLAS,36.080056,-115.15225,2141,-8,A,"Las Vegas, NV",15086,15087,15226,15220,6.329311944849525,17.55776496321341,69.0,135.0,"Mon, Apr  9, 2007","Sun, Apr 22, 2007"
4256,Lawton-Fort Sill Regional Airport,Lawton,United States,LAW,KLAW,34.5677144,-98.4166367,1110,-6,A,"Lawton/Fort Sill, OK",171,171,176,176,3.9999999999999987,8.438596491228067,10.0,24.0,"Mon, Apr  2, 2007","Sun, Apr 15, 2007"
3484,Los Angeles International,Los Angeles,United States,LAX,KLAX,33.942536,-118.408075,126,-8,A,"Los Angeles, CA",18839,18862,19093,19094,8.322575508254182,14.789523910507906,99.0,135.0,"Fri, Apr 20, 2007","Tue, Apr 17, 2007"
3829,Lubbock Preston Smith International,Lubbock,United States,LBB,KLBB,33.663639,-101.822778,3282,-6,A,"Lubbock, TX",720,718,737,737,3.4375,8.949860724234007,15.0,168.0,"Mon, Apr  9, 2007","Sat, Apr 21, 2007"
3513,Lake Charles Regional,Lake Charles,United States,LCH,KLCH,30.126112,-93.223335,15,-6,A,"Lake Charles, LA",115,114,116,116,4.965217391304348,15.324561403508772,10.0,88.0,"Thu, Apr 12, 2007","Fri, Apr 13, 2007"
4017,Blue Grass,Lexington KY,United States,LEX,KLEX,38.0365,-84.605889,979,-5,A,"Lexington, KY",822,827,841,844,5.199513381995129,13.27569528415962,29.0,117.0,"Sat, Apr 14, 2007","Thu, Apr  5, 2007"
3493,Lafayette Regional,Lafayette,United States,LFT,KLFT,30.205278,-91.987611,43,-6,A,"Lafayette, LA",467,469,481,483,5.139186295503212,13.494669509594882,31.0,177.0,"Mon, Apr 30, 2007","Wed, Apr 25, 2007"
3697,LaGuardia Airport,New York,United States,LGA,KLGA,40.777245,-73.872608,22,-5,A,"New York, NY",9856,9899,10336,10338,7.9757508116882825,27.656227901808247,74.0,161.0,"Tue, Apr 17, 2007","Thu, Apr  5, 2007"
3582,Long Beach,Long Beach,United States,LGB,KLGB,33.817722,-118.151611,60,-8,A,"Long Beach, CA",1134,1131,1142,1138,4.8315696649029976,14.92307692307692,41.0,46.0,"Thu, Apr 12, 2007","Sat, Apr  7, 2007"
3602,Lihue,Lihue,United States,LIH,PHLI,21.975983,-159.338958,153,-10,N,"Lihue, HI",1279,1277,1279,1280,4.821735731039875,5.13782302270948,17.0,31.0,"Mon, Apr  2, 2007","Mon, Apr 23, 2007"
3660,Adams Field,Little Rock,United States,LIT,KLIT,34.729444,-92.224306,262,-6,A,"Little Rock, AR",1384,1383,1421,1422,4.781791907514454,10.874909616775144,53.0,180.0,"Tue, Apr 24, 2007","Wed, Apr 25, 2007"
3543,Lincoln,Lincoln,United States,LNK,KLNK,40.850971,-96.75925,1219,-6,A,"Lincoln, NE",347,346,357,357,4.129682997118157,9.98554913294797,29.0,36.0,"Sat, Apr 21, 2007","Wed, Apr  4, 2007"
3691,Laredo International,Laredo,United States,LRD,KLRD,27.54375,-99.461556,508,-6,A,"Laredo, TX",243,245,248,248,3.34567901234568,9.714285714285714,11.0,73.0,"Sun, Apr 22, 2007","Fri, Apr 13, 2007"
4044,LaCrosse Municipal,LaCrosse,United States,LSE,KLSE,43.878986,-91.256711,654,-6,A,"La Crosse, WI",191,190,197,196,4.481675392670156,12.610526315789473,11.0,101.0,"Sun, Apr  8, 2007","Tue, Apr  3, 2007"
6958,Greenbrier Valley Airport,Lewisburg,United States,LWB,KLWB,37.858333,-80.399444,2302,-5,U,"Lewisburg, WV",1,1,1,1,3.0,6.0,3.0,6.0,"Mon, Apr 30, 2007","Mon, Apr 30, 2007"
3945,Lewiston Nez Perce County,Lewiston,United States,LWS,KLWS,46.3745,-117.015389,1442,-8,A,"Lewiston, ID",57,57,57,57,5.3684210526315805,9.666666666666663,15.0,22.0,"Sat, Apr 14, 2007","Wed, Apr 11, 2007"
5753,Lynchburg Regional-Preston Glenn Field,Lynchburg,United States,LYH,KLYH,37.3267,-79.2004,938,-5,A,"Lynchburg, VA",84,84,86,86,4.226190476190477,9.226190476190474,19.0,34.0,"Fri, Apr  6, 2007","Wed, Apr 18, 2007"
3652,Midland International,Midland,United States,MAF,KMAF,31.942528,-102.201914,2871,-6,A,"Midland/Odessa, TX",635,637,642,643,3.0377952755905517,9.144427001569868,26.0,88.0,"Sun, Apr 29, 2007","Sun, Apr 29, 2007"
4128,MBS International,Saginaw,United States,MBS,KMBS,43.532913,-84.079647,668,-5,A,"Saginaw/Bay City/Midland, MI",305,303,317,317,4.98360655737705,12.429042904290434,27.0,58.0,"Fri, Apr  6, 2007","Wed, Apr 25, 2007"
3458,Kansas City International,Kansas City,United States,MCI,KMCI,39.297606,-94.713905,1026,-6,A,"Kansas City, MO",4719,4715,4779,4781,4.9300699300699335,11.321951219512195,30.0,148.0,"Mon, Apr  9, 2007","Fri, Apr 13, 2007"
3754,Middle Georgia Regional,Macon,United States,MCN,KMCN,32.69285,-83.649211,354,-5,A,"Macon, GA",87,85,91,90,3.50574712643678,10.305882352941177,10.0,33.0,"Tue, Apr 17, 2007","Fri, Apr 27, 2007"
3878,Orlando International,Orlando,United States,MCO,KMCO,28.429394,-81.308994,96,-5,A,"Orlando, FL",10900,10914,10967,10974,6.434403669724768,13.682059739783737,85.0,142.0,"Thu, Apr  5, 2007","Sun, Apr 15, 2007"
3542,Harrisburg International,Harrisburg,United States,MDT,KMDT,40.193494,-76.763403,310,-5,A,"Harrisburg, PA",746,744,758,760,4.7225201072386,13.725806451612904,20.0,111.0,"Thu, Apr  5, 2007","Thu, Apr 12, 2007"
3747,Chicago Midway International,Chicago,United States,MDW,KMDW,41.785972,-87.752417,620,-6,A,"Chicago, IL",7992,8008,8091,8094,4.945070070070058,11.772852147852129,156.0,259.0,"Thu, Apr 26, 2007","Wed, Apr 11, 2007"
4335,Key Field,Meridian,United States,MEI,KMEI,32.332624,-88.751868,297,-6,A,"Meridian, MS",52,52,56,56,4.538461538461537,8.538461538461538,15.0,17.0,"Fri, Apr 20, 2007","Thu, Apr 19, 2007"
3473,Memphis International,Memphis,United States,MEM,KMEM,35.042417,-89.976667,341,-6,A,"Memphis, TN",6741,6800,6903,6904,6.8377095386441145,17.614411764705746,57.0,132.0,"Fri, Apr 13, 2007","Thu, Apr 26, 2007"
3826,McAllen Miller International,Mcallen,United States,MFE,KMFE,26.175833,-98.238611,107,-6,A,"Mission/McAllen/Edinburg, TX",370,371,372,373,4.124324324324322,11.549865229110514,10.0,86.0,"Wed, Apr 18, 2007","Tue, Apr 24, 2007"
4101,Rogue Valley International Medford,Medford,United States,MFR,KMFR,42.374228,-122.8735,1335,-8,A,"Medford, OR",515,512,520,519,3.8737864077669903,9.697265625000004,15.0,42.0,"Mon, Apr 16, 2007","Sun, Apr 29, 2007"
4115,Montgomery Regional Airport ,MONTGOMERY,United States,MGM,KMGM,32.3006389,-86.3939722,221,-6,A,"Montgomery, AL",351,353,363,363,3.757834757834758,11.776203966005655,11.0,165.0,"Thu, Apr  5, 2007","Mon, Apr 30, 2007"
4011,Manchester Regional Airport,Manchester NH,United States,MHT,KMHT,42.932556,-71.435667,266,-5,A,"Manchester, NH",1818,1820,1848,1847,4.630363036303635,14.125824175824176,20.0,147.0,"Wed, Apr 25, 2007","Tue, Apr 17, 2007"
3576,Miami International,Miami,United States,MIA,KMIA,25.79325,-80.290556,8,-5,A,"Miami, FL",5542,5562,5610,5618,7.310718152291591,17.677993527508114,107.0,163.0,"Thu, Apr 12, 2007","Thu, Apr 12, 2007"
3717,General Mitchell International,Milwaukee,United States,MKE,KMKE,42.947222,-87.896583,723,-6,A,"Milwaukee, WI",1958,1963,2008,2011,5.068437180796734,14.682119205298013,59.0,155.0,"Mon, Apr 30, 2007","Wed, Apr 11, 2007"
3671,Melbourne International,Melbourne,United States,MLB,KMLB,28.102753,-80.645258,33,-5,A,"Melbourne, FL",176,175,176,175,4.8011363636363615,10.70857142857143,11.0,29.0,"Wed, Apr  4, 2007","Tue, Apr  3, 2007"
4072,Quad City International,Moline,United States,MLI,KMLI,41.448528,-90.507539,590,-6,A,"Moline, IL",729,731,747,746,3.8285322359396434,11.600547195622443,24.0,98.0,"Thu, Apr 12, 2007","Sun, Apr  1, 2007"
3732,Monroe Regional,Monroe,United States,MLU,KMLU,32.510864,-92.037689,79,-6,A,"Monroe, LA",234,234,248,248,4.461538461538461,9.726495726495726,12.0,53.0,"Tue, Apr  3, 2007","Sat, Apr 14, 2007"
3782,Mobile Regional,Mobile,United States,MOB,KMOB,30.691231,-88.242814,219,-6,A,"Mobile, AL",446,448,459,459,4.363228699551568,10.89508928571429,30.0,179.0,"Mon, Apr 16, 2007","Wed, Apr 25, 2007"
3816,Modesto City County Harry Sham,Modesto,United States,MOD,KMOD,37.625817,-120.954422,97,-8,A,"Modesto, CA",248,245,257,257,3.3951612903225805,10.620408163265308,13.0,36.0,"Mon, Apr 30, 2007","Wed, Apr 11, 2007"
3498,Minot International,Minot,United States,MOT,KMOT,48.259378,-101.280333,1716,-6,A,"Minot, ND",88,88,90,90,5.897727272727274,10.897727272727268,12.0,30.0,"Sat, Apr 14, 2007","Thu, Apr 12, 2007"
6838,Sawyer International Airport,Marquette,United States,MQT,KMQT,46.353611,-87.395278,1221,-5,A,"Marquette, MI",74,72,82,81,4.4459459459459465,12.763888888888891,9.0,119.0,"Tue, Apr 10, 2007","Wed, Apr 11, 2007"
3948,Monterey Peninsula,Monterey,United States,MRY,KMRY,36.587,-121.842944,257,-8,A,"Monterey, CA",617,617,626,627,3.586709886547812,9.881685575364669,13.0,38.0,"Fri, Apr 13, 2007","Fri, Apr 13, 2007"
3459,Dane County Regional-Truax Field,Madison,United States,MSN,KMSN,43.139858,-89.337514,887,-6,A,"Madison, WI",1108,1102,1152,1150,4.475631768953065,14.643375680580762,23.0,126.0,"Thu, Apr 26, 2007","Fri, Apr  6, 2007"
4216,Missoula International,Missoula,United States,MSO,KMSO,46.916306,-114.090556,3205,-7,A,"Missoula, MT",316,316,318,318,4.9905063291139244,10.759493670886071,14.0,28.0,"Sun, Apr  8, 2007","Sat, Apr 21, 2007"
3858,Minneapolis St. Paul International,Minneapolis,United States,MSP,KMSP,44.881956,-93.221767,841,-6,A,"Minneapolis, MN",12917,12959,13101,13115,8.271580088255746,18.489929778532236,58.0,122.0,"Wed, Apr 18, 2007","Sun, Apr 15, 2007"
3861,Louis Armstrong New Orleans International,New Orleans,United States,MSY,KMSY,29.993389,-90.258028,4,-6,A,"New Orleans, LA",2806,2805,2824,2826,4.010691375623661,10.673083778966117,26.0,84.0,"Mon, Apr 23, 2007","Tue, Apr 24, 2007"
7069,Florida Keys Marathon Airport,Marathon,United States,MTH,KMTH,24.726111,-81.051389,7,-5,A,"Marathon, FL",34,34,34,34,4.176470588235294,13.588235294117647,8.0,42.0,"Sat, Apr 14, 2007","Mon, Apr  9, 2007"
6880,Montrose Regional Airport,Montrose CO,United States,MTJ,KMTJ,38.509794,-107.894242,5759,-7,A,"Montrose/Delta, CO",190,189,192,192,4.273684210526318,10.862433862433853,14.0,41.0,"Tue, Apr 24, 2007","Tue, Apr 24, 2007"
3515,Myrtle Beach International,Myrtle Beach,United States,MYR,KMYR,33.67975,-78.928333,25,-5,A,"Myrtle Beach, SC",577,575,582,581,4.53206239168111,12.711304347826092,37.0,62.0,"Thu, Apr 19, 2007","Sun, Apr 22, 2007"
4386,Albert J. Ellis,Jacksonville NC,United States,OAJ,KOAJ,34.829164,-77.612139,94,-5,A,"Jacksonville/Camp Lejeune, NC",85,84,86,85,4.011764705882355,10.30952380952381,18.0,22.0,"Thu, Apr 19, 2007","Wed, Apr  4, 2007"
3453,Metropolitan Oakland International,Oakland,United States,OAK,KOAK,37.721278,-122.220722,9,-8,A,"Oakland, CA",6096,6091,6153,6146,5.4133858267716395,10.369725824987672,62.0,62.0,"Sat, Apr 21, 2007","Thu, Apr 12, 2007"
3456,Kahului,Kahului,United States,OGG,PHOG,20.89865,-156.430458,54,-10,N,"Kahului, HI",2069,2069,2076,2076,4.886418559690673,7.502174963750588,30.0,53.0,"Mon, Apr  2, 2007","Fri, Apr  6, 2007"
3863,Will Rogers World,Oklahoma City,United States,OKC,KOKC,35.393089,-97.600733,1295,-6,A,"Oklahoma City, OK",2081,2080,2131,2126,4.622777510812101,10.884134615384616,63.0,135.0,"Tue, Apr 24, 2007","Tue, Apr 17, 2007"
3454,Eppley Airfield,Omaha,United States,OMA,KOMA,41.303167,-95.894069,984,-6,A,"Omaha, NE",2213,2214,2267,2265,4.090826931766826,12.207768744354128,41.0,131.0,"Sat, Apr  7, 2007","Tue, Apr  3, 2007"
3615,Nome,Nome,United States,OME,PAOM,64.512203,-165.445247,37,-9,A,"Nome, AK",79,84,90,90,4.126582278481014,5.238095238095239,19.0,21.0,"Mon, Apr  2, 2007","Mon, Apr  2, 2007"
3734,Ontario International,Ontario,United States,ONT,KONT,34.056,-117.601194,944,-8,A,"Ontario, CA",3308,3306,3330,3327,4.417170495767814,10.676043557168803,30.0,51.0,"Wed, Apr 11, 2007","Sun, Apr 22, 2007"
3830,Chicago O'Hare International,Chicago,United States,ORD,KORD,41.978603,-87.904842,668,-6,A,"Chicago, IL",29551,29684,31292,31296,7.968495143988392,18.852176256569045,149.0,368.0,"Wed, Apr 11, 2007","Wed, Apr 11, 2007"
3611,Norfolk International,Norfolk,United States,ORF,KORF,36.894611,-76.201222,26,-5,A,"Norfolk, VA",1605,1606,1643,1641,4.2585669781931506,13.352428393524274,27.0,166.0,"Tue, Apr  3, 2007","Sun, Apr  1, 2007"
3693,Ralph Wien Memorial,Kotzebue,United States,OTZ,PAOT,66.884678,-162.59855,11,-9,A,"Kotzebue, AK",78,79,90,90,3.7435897435897436,5.544303797468354,7.0,18.0,"Sat, Apr 14, 2007","Sat, Apr 14, 2007"
6961,Oxnard - Ventura County,Oxnard,United States,OXR,KOXR,34.200833,-119.207222,15,-8,A,"Oxnard/Ventura, CA",115,115,115,115,3.765217391304348,9.895652173913044,8.0,28.0,"Fri, Apr  6, 2007","Fri, Apr 13, 2007"
3722,Palm Beach International,West Palm Beach,United States,PBI,KPBI,26.683161,-80.095589,19,-5,A,"West Palm Beach/Palm Beach, FL",3007,3014,3038,3041,4.69970069837047,14.807232913072323,41.0,132.0,"Thu, Apr 12, 2007","Fri, Apr 13, 2007"
3720,Portland International,Portland,United States,PDX,KPDX,45.588722,-122.5975,30,-8,A,"Portland, OR",4591,4588,4619,4618,3.7002831627096526,10.883827375762836,22.0,120.0,"Mon, Apr 30, 2007","Wed, Apr 11, 2007"
4073,Panama City Bay County International,Panama City,United States,PFN,KPFN,30.212083,-85.682806,20,-6,A,"Panama City, FL",264,263,268,268,3.348484848484849,10.376425855513311,11.0,31.0,"Tue, Apr 17, 2007","Fri, Apr 27, 2007"
3633,Newport News Williamsburg International,Newport News,United States,PHF,KPHF,37.131894,-76.492989,43,-5,A,"Newport News/Williamsburg, VA",430,428,436,435,5.041860465116277,11.455607476635516,15.0,149.0,"Tue, Apr  3, 2007","Sat, Apr  7, 2007"
3752,Philadelphia International,Philadelphia,United States,PHL,KPHL,39.871944,-75.241139,36,-5,A,"Philadelphia, PA",8693,8713,8854,8859,7.0766133670769555,24.57259267760816,55.0,172.0,"Tue, Apr 17, 2007","Tue, Apr  3, 2007"
3462,Phoenix Sky Harbor International,Phoenix,United States,PHX,KPHX,33.434278,-112.011583,1135,-7,N,"Phoenix, AZ",17556,17642,17771,17775,6.7243107769423585,14.448078449155458,99.0,158.0,"Sun, Apr 15, 2007","Wed, Apr 25, 2007"
4046,Peoria Regional,Peoria,United States,PIA,KPIA,40.664203,-89.693258,660,-6,A,"Peoria, IL",396,394,424,423,3.6944444444444433,14.279187817258883,12.0,137.0,"Tue, Apr 10, 2007","Thu, Apr 26, 2007"
5760,Pocatello Regional Airport,Pocatello,United States,PIH,KPIH,42.9098,-112.596,4452,-7,A,"Pocatello, ID",149,150,152,150,3.3557046979865772,9.206666666666665,6.0,26.0,"Mon, Apr  9, 2007","Fri, Apr 20, 2007"
3570,Pittsburgh International,Pittsburgh (pennsylva),United States,PIT,KPIT,40.491467,-80.232872,1204,-5,A,"Pittsburgh, PA",4002,4002,4073,4077,5.91554222888555,14.747376311844071,39.0,130.0,"Mon, Apr 23, 2007","Mon, Apr 23, 2007"
3564,Pensacola Regional,Pensacola,United States,PNS,KPNS,30.473425,-87.186611,121,-6,A,"Pensacola, FL",818,818,833,834,4.682151589242059,11.136919315403425,14.0,76.0,"Thu, Apr 19, 2007","Mon, Apr 30, 2007"
6133,Tri Cities Airport,Pasco,United States,PSC,PSC,46.2647,-119.119,410,-8,A,"Pasco/Kennewick/Richland, WA",221,220,221,220,4.533936651583709,10.35,10.0,36.0,"Mon, Apr  2, 2007","Mon, Apr  2, 2007"
4147,Petersburg James A. Johnson,Petersburg,United States,PSG,PAPG,56.801667,-132.945278,105,-9,A,"Petersburg, AK",59,59,60,60,3.1016949152542375,8.169491525423732,5.0,40.0,"Sat, Apr  7, 2007","Wed, Apr 18, 2007"
3839,Palm Springs International,Palm Springs,United States,PSP,KPSP,33.829667,-116.506694,477,-8,A,"Palm Springs, CA",1290,1291,1307,1313,4.48062015503876,11.11386522075909,27.0,49.0,"Tue, Apr 10, 2007","Sun, Apr 15, 2007"
3641,Theodore Francis Green State,Providence,United States,PVD,KPVD,41.732581,-71.420383,55,-5,A,"Providence, RI",2050,2042,2115,2115,4.48682926829269,13.076395690499513,38.0,164.0,"Thu, Apr 12, 2007","Thu, Apr 26, 2007"
3862,Portland International Jetport,Portland,United States,PWM,KPWM,43.646161,-70.309281,77,-5,A,"Portland, ME",519,520,557,558,3.714836223506744,16.799999999999986,21.0,145.0,"Sun, Apr  1, 2007","Sun, Apr 29, 2007"
4087,Rapid City Regional Airport,Rapid City,United States,RAP,KRAP,44.045278,-103.057222,3204,-7,A,"Rapid City, SD",399,398,411,410,4.295739348370926,11.66582914572864,15.0,60.0,"Sat, Apr 21, 2007","Thu, Apr  5, 2007"
4098,Redding Municipal,Redding,United States,RDD,KRDD,40.509,-122.293389,504,-8,A,"Redding, CA",148,149,150,150,4.270270270270268,11.798657718120802,8.0,29.0,"Mon, Apr  9, 2007","Sat, Apr 21, 2007"
4103,Roberts Field,Redmond-Bend,United States,RDM,KRDM,44.254066,-121.149964,3077,-8,A,"Bend/Redmond, OR",291,289,293,293,3.546391752577318,10.826989619377164,7.0,33.0,"Tue, Apr 10, 2007","Tue, Apr 10, 2007"
3626,Raleigh Durham International,Raleigh-durham,United States,RDU,KRDU,35.877639,-78.787472,435,-5,A,"Raleigh/Durham, NC",5041,5045,5175,5169,4.897639357270383,14.482854311199214,66.0,134.0,"Tue, Apr 17, 2007","Sun, Apr  8, 2007"
4028,Chicago Rockford International Airport ,Rockford,United States,RFD,KRFD,42.1953611,-89.0972222,742,-6,A,"Rockford, IL",53,53,56,54,3.358490566037736,14.867924528301884,5.0,75.0,"Mon, Apr  2, 2007","Wed, Apr 11, 2007"
3608,Richmond International,Richmond,United States,RIC,KRIC,37.505167,-77.319667,167,-5,A,"Richmond, VA",1544,1541,1572,1571,5.21567357512953,16.471771576898092,27.0,126.0,"Sat, Apr  7, 2007","Thu, Apr 12, 2007"
3807,Reno Tahoe International,Reno,United States,RNO,KRNO,39.499108,-119.768108,4415,-8,A,"Reno, NV",2292,2290,2317,2317,4.22294938917976,10.428384279475967,26.0,69.0,"Fri, Apr 13, 2007","Sun, Apr 22, 2007"
4016,Roanoke Regional,Roanoke VA,United States,ROA,KROA,37.325472,-79.975417,1175,-5,A,"Roanoke, VA",281,280,295,294,5.4733096085409265,13.05357142857143,21.0,50.0,"Sun, Apr 15, 2007","Tue, Apr  3, 2007"
3622,Greater Rochester International,Rochester,United States,ROC,KROC,43.118866,-77.672389,559,-5,A,"Rochester, NY",1469,1464,1512,1512,6.232811436351262,16.025273224043687,40.0,175.0,"Sun, Apr 29, 2007","Fri, Apr 13, 2007"
4048,Rochester,Rochester,United States,RST,KRST,43.908283,-92.500014,1317,-6,A,"Rochester, MN",333,332,355,353,3.6396396396396398,11.524096385542165,17.0,74.0,"Sun, Apr  1, 2007","Sun, Apr  1, 2007"
3793,Southwest Florida International,Fort Myers,United States,RSW,KRSW,26.536167,-81.755167,30,-5,A,"Fort Myers, FL",3046,3054,3063,3070,5.397242284963872,14.30026195153896,44.0,146.0,"Mon, Apr  9, 2007","Fri, Apr 13, 2007"
3731,San Diego International,San Diego,United States,SAN,KSAN,32.733556,-117.189667,17,-8,A,"San Diego, CA",7377,7384,7440,7443,3.4416429442862917,13.009615384615392,54.0,104.0,"Sun, Apr  1, 2007","Thu, Apr 12, 2007"
3621,San Antonio International,San Antonio,United States,SAT,KSAT,29.533694,-98.469778,809,-6,A,"San Antonio, TX",3514,3524,3567,3569,3.854866249288559,10.82633371169125,55.0,236.0,"Sat, Apr  7, 2007","Fri, Apr 13, 2007"
3613,Savannah Hilton Head International,Savannah,United States,SAV,KSAV,32.127583,-81.202139,51,-5,A,"Savannah, GA",1160,1158,1179,1180,6.042241379310343,14.719343696027634,55.0,97.0,"Sat, Apr 28, 2007","Wed, Apr  4, 2007"
3949,Santa Barbara Municipal,Santa Barbara,United States,SBA,KSBA,34.426211,-119.840372,10,-8,A,"Santa Barbara, CA",1108,1111,1117,1119,4.028880866425984,9.882988298829876,25.0,67.0,"Sat, Apr  7, 2007","Wed, Apr 25, 2007"
4359,South Bend Regional,South Bend,United States,SBN,KSBN,41.708661,-86.31725,799,-5,A,"South Bend, IN",409,407,428,428,4.022004889975553,14.233415233415231,20.0,179.0,"Mon, Apr 30, 2007","Wed, Apr 11, 2007"
5768,San Luis County Regional Airport,San Luis Obispo,United States,SBP,KSBP,35.2368,-120.642,212,-8,A,"San Luis Obispo, CA",554,557,562,565,3.5812274368231045,10.649910233393177,14.0,60.0,"Sat, Apr 21, 2007","Wed, Apr 11, 2007"
3620,Deadhorse,Deadhorse,United States,SCC,PASC,70.19475,-148.465167,64,-9,A,"Deadhorse, AK",59,60,60,60,2.9661016949152543,7.15,5.0,37.0,"Sun, Apr  1, 2007","Fri, Apr  6, 2007"
4318,University Park Airport,State College Pennsylvania,United States,SCE,KUNV,40.849278,-77.848694,1239,-5,A,"State College, PA",52,54,55,55,5.480769230769231,14.462962962962964,12.0,51.0,"Fri, Apr 27, 2007","Sun, Apr  8, 2007"
4014,Louisville International Airport,Louisville,United States,SDF,KSDF,38.1740858,-85.7364989,501,-5,A,"Louisville, KY",1617,1617,1643,1642,5.364254792826219,12.7526283240569,30.0,139.0,"Wed, Apr 18, 2007","Wed, Apr 11, 2007"
3577,Seattle Tacoma International,Seattle,United States,SEA,KSEA,47.449,-122.309306,433,-8,A,"Seattle, WA",8455,8487,8559,8556,5.819041986989947,15.157652880876633,38.0,141.0,"Fri, Apr 13, 2007","Wed, Apr 11, 2007"
3469,San Francisco International,San Francisco,United States,SFO,KSFO,37.618972,-122.374889,13,-8,A,"San Francisco, CA",10758,10781,10976,10964,5.613403978434648,16.81671459048331,99.0,141.0,"Thu, Apr 26, 2007","Wed, Apr 11, 2007"
4348,Springfield Branson National,Springfield,United States,SGF,KSGF,37.245667,-93.388639,1268,-6,A,"Springfield, MO",888,893,920,920,4.414414414414412,12.949608062709963,24.0,117.0,"Thu, Apr  5, 2007","Sun, Apr  1, 2007"
4064,St. George Municipal,Saint George,United States,SGU,KSGU,37.090583,-113.593056,2941,-7,A,"St. George, UT",297,298,299,299,3.8417508417508417,9.328859060402685,8.0,29.0,"Tue, Apr  3, 2007","Sun, Apr 15, 2007"
3609,Shreveport Regional,Shreveport,United States,SHV,KSHV,32.446629,-93.8256,258,-6,A,"Shreveport, LA",754,757,779,781,4.766578249336867,9.486129458388373,31.0,75.0,"Thu, Apr 19, 2007","Fri, Apr  6, 2007"
3856,Sitka Rocky Gutierrez,Sitka,United States,SIT,PASI,57.047138,-135.361611,21,-9,A,"Sitka, AK",92,91,92,92,3.9782608695652173,9.648351648351651,9.0,26.0,"Wed, Apr 25, 2007","Sat, Apr 14, 2007"
3748,Norman Y. Mineta San Jose International,San Jose,United States,SJC,KSJC,37.3626,-121.929022,62,-8,A,"San Jose, CA",4984,4983,5028,5026,3.835072231139647,11.42303833032309,28.0,158.0,"Wed, Apr 11, 2007","Thu, Apr  5, 2007"
3708,San Angelo Regional-Mathis Field,San Angelo,United States,SJT,KSJT,31.35775,-100.496306,1919,-6,A,"San Angelo, TX",147,147,150,150,3.4829931972789114,8.163265306122446,13.0,47.0,"Sun, Apr  8, 2007","Sat, Apr  7, 2007"
3536,Salt Lake City International,Salt Lake City,United States,SLC,KSLC,40.788389,-111.977772,4227,-7,A,"Salt Lake City, UT",11620,11646,11715,11705,6.065576592082606,16.50781384166236,50.0,160.0,"Sun, Apr 22, 2007","Wed, Apr 11, 2007"
3817,Sacramento International,Sacramento,United States,SMF,KSMF,38.695417,-121.590778,27,-8,A,"Sacramento, CA",4631,4622,4662,4656,4.311163895486927,10.43855473820856,52.0,164.0,"Fri, Apr 20, 2007","Wed, Apr 25, 2007"
5772,Santa Maria Public-Captain G. Allan Hancock Airport,Santa Maria,United States,SMX,KSMX,34.8989,-120.457,261,-8,A,"Santa Maria, CA",144,144,146,146,3.8611111111111103,12.243055555555554,13.0,38.0,"Wed, Apr  4, 2007","Sun, Apr  1, 2007"
3867,John Wayne Airport Orange County,Santa Ana,United States,SNA,KSNA,33.675667,-117.868222,56,-8,A,"Santa Ana, CA",4374,4370,4434,4428,6.686328303612259,13.473226544622428,68.0,169.0,"Thu, Apr 26, 2007","Tue, Apr  3, 2007"
4336,Abraham Lincoln Capital,Springfield,United States,SPI,KSPI,39.8441,-89.677889,597,-6,A,"Springfield, IL",134,133,143,142,4.126865671641791,14.097744360902256,6.0,106.0,"Sun, Apr  1, 2007","Wed, Apr 25, 2007"
3680,Sheppard AFB Wichita Falls Municipal,Wichita Falls,United States,SPS,KSPS,33.988797,-98.491894,1019,-6,A,"Wichita Falls, TX",164,165,171,172,6.780487804878049,9.15757575757576,17.0,21.0,"Thu, Apr 26, 2007","Mon, Apr  2, 2007"
4067,Sarasota Bradenton International,Sarasota,United States,SRQ,KSRQ,27.395444,-82.554389,30,-5,A,"Sarasota/Bradenton, FL",823,821,825,826,4.487241798298909,12.05115712545676,36.0,61.0,"Sun, Apr 15, 2007","Mon, Apr  9, 2007"
3678,Lambert St. Louis International,St. Louis,United States,STL,KSTL,38.748697,-90.370028,618,-6,A,"St. Louis, MO",5210,5220,5285,5286,4.579654510556615,11.426245210727972,59.0,140.0,"Thu, Apr 26, 2007","Tue, Apr 24, 2007"
6494,Friedman Memorial,Hailey,United States,SUN,KSUN,43.504444,-114.296194,5320,-7,A,"Sun Valley/Hailey/Ketchum, ID",181,182,199,208,2.911602209944751,7.813186813186815,6.0,56.0,"Fri, Apr 13, 2007","Tue, Apr 10, 2007"
3753,Sioux Gateway-Colonel Bud Day Field,Sioux City,United States,SUX,KSUX,42.402603,-96.384367,1098,-6,A,"Sioux City, IA",36,35,37,37,3.0277777777777777,9.885714285714286,6.0,20.0,"Fri, Apr 20, 2007","Thu, Apr 26, 2007"
3661,Stewart International,Newburgh,United States,SWF,KSWF,41.504094,-74.104839,491,-5,A,"Newburgh/Poughkeepsie, NY",450,451,451,451,5.399999999999998,13.776053215077606,77.0,104.0,"Fri, Apr 27, 2007","Tue, Apr  3, 2007"
3745,Syracuse Hancock International,Syracuse,United States,SYR,KSYR,43.111187,-76.106311,421,-5,A,"Syracuse, NY",1129,1126,1154,1152,4.821966341895484,18.06127886323269,30.0,162.0,"Tue, Apr 24, 2007","Fri, Apr 27, 2007"
3698,Tallahassee Regional,Tallahassee,United States,TLH,KTLH,30.396528,-84.350333,81,-5,A,"Tallahassee, FL",333,333,335,336,4.213213213213209,10.702702702702698,11.0,112.0,"Sun, Apr  1, 2007","Mon, Apr 30, 2007"
4040,Toledo,Toledo,United States,TOL,KTOL,41.586806,-83.807833,684,-5,A,"Toledo, OH",170,172,175,176,3.2294117647058824,12.895348837209303,10.0,53.0,"Wed, Apr 11, 2007","Thu, Apr  5, 2007"
3646,Tampa International,Tampa,United States,TPA,KTPA,27.975472,-82.53325,26,-5,A,"Tampa, FL",7010,7019,7060,7066,4.753067047075611,12.743695683145745,193.0,102.0,"Tue, Apr 10, 2007","Thu, Apr 12, 2007"
4116,Tri-Cities Regional Airport,BRISTOL,United States,TRI,KTRI,36.4752222,-82.4074167,1519,-5,A,"Bristol/Johnson City/Kingsport, TN",77,78,82,83,3.5454545454545454,8.166666666666666,8.0,32.0,"Wed, Apr 18, 2007","Tue, Apr  3, 2007"
3447,Trenton Mercer,Trenton,United States,TTN,KTTN,40.276692,-74.813469,213,-5,A,"Trenton, NJ",84,88,94,94,5.416666666666667,14.602272727272727,12.0,71.0,"Fri, Apr 27, 2007","Mon, Apr  2, 2007"
3855,Tulsa International,Tulsa,United States,TUL,KTUL,36.198389,-95.888111,677,-6,A,"Tulsa, OK",1983,1983,2029,2028,4.472516389309123,11.62077660110944,68.0,144.0,"Thu, Apr 19, 2007","Sun, Apr  1, 2007"
5773,Tupelo Regional Airport,Tupelo,United States,TUP,KTUP,34.2681,-88.7699,346,-6,A,"Tupelo, MS",50,51,56,56,3.68,8.058823529411768,11.0,18.0,"Mon, Apr 30, 2007","Sat, Apr 14, 2007"
3636,Tucson International,Tucson,United States,TUS,KTUS,32.116083,-110.941028,2643,-7,N,"Tucson, AZ",2311,2310,2324,2324,4.579402855906532,11.108658008657999,40.0,100.0,"Tue, Apr 17, 2007","Thu, Apr  5, 2007"
4023,Cherry Capital Airport,Traverse City,United States,TVC,KTVC,44.741445,-85.582235,624,-5,A,"Traverse City, MI",251,253,276,276,4.498007968127485,15.679841897233196,45.0,126.0,"Wed, Apr 11, 2007","Sun, Apr  1, 2007"
4263,Magic Valley Regional Airport,Twin Falls,United States,TWF,KTWF,42.481803,-114.487733,4151,-7,A,"Twin Falls, ID",166,165,167,167,3.644578313253012,8.393939393939394,11.0,27.0,"Mon, Apr  9, 2007","Thu, Apr 26, 2007"
3770,Texarkana Regional-Webb Field,Texarkana,United States,TXK,KTXK,33.453722,-93.991028,390,-6,A,"Texarkana, AR",87,87,90,90,3.0804597701149414,7.126436781609195,8.0,18.0,"Wed, Apr  4, 2007","Mon, Apr  9, 2007"
3848,Tyler Pounds Regional,Tyler,United States,TYR,KTYR,32.354139,-95.402386,544,-6,A,"Tyler, TX",118,118,120,120,4.94915254237288,8.127118644067794,10.0,20.0,"Sun, Apr 15, 2007","Wed, Apr 11, 2007"
3676,McGhee Tyson,Knoxville,United States,TYS,KTYS,35.810972,-83.994028,981,-5,A,"Knoxville, TN",1083,1089,1101,1104,4.349030470914128,12.998163452708901,26.0,120.0,"Sat, Apr  7, 2007","Wed, Apr 25, 2007"
5776,Valdosta Regional Airport,Valdosta,United States,VLD,KVLD,30.7825,-83.2767,203,-5,A,"Valdosta, GA",85,84,87,87,4.058823529411764,8.666666666666664,19.0,22.0,"Sun, Apr  8, 2007","Sun, Apr 15, 2007"
3873,Eglin AFB,Valparaiso,United States,VPS,KVPS,30.48325,-86.5254,87,-6,A,"Valparaiso, FL",507,510,519,518,7.710059171597633,11.945098039215694,18.0,67.0,"Sun, Apr  1, 2007","Sun, Apr 15, 2007"
5969,Wrangell Airport,Wrangell,United States,WRG,PAWG,56.4843,-132.37,44,-9,A,"Wrangell, AK",60,60,60,60,3.5833333333333335,7.083333333333333,6.0,16.0,"Mon, Apr 16, 2007","Sat, Apr  7, 2007"
4356,NW Arkansas Regional,Bentonville,United States,XNA,KXNA,36.2818694,-94.3068111,1287,-6,A,"Fayetteville, AR",1089,1085,1135,1129,4.953168044077129,13.09677419354839,52.0,126.0,"Thu, Apr 12, 2007","Sun, Apr  1, 2007"
6803,Yakutat,Yakutat,United States,YAK,PAYA,59.3012,-139.3937,33,-9,A,"Yakutat, AK",60,59,60,60,3.533333333333333,5.576271186440678,6.0,14.0,"Thu, Apr  5, 2007","Mon, Apr 30, 2007"
3596,Yuma MCAS Yuma International,Yuma,United States,YUM,KYUM,32.656578,-114.60598,216,-7,N,"Yuma, AZ",283,281,287,286,4.58303886925795,11.437722419928825,26.0,37.0,"Sun, Apr  8, 2007","Sun, Apr 22, 2007"
2883,Cyril E. King,St. Thomas,Virgin Islands,STT,TIST,18.337306,-64.973361,23,-4,U,"Charlotte Amalie, VI",309,310,312,313,5.381877022653722,13.300000000000002,36.0,37.0,"Sat, Apr 28, 2007","Sat, Apr 21, 2007"
2884,Henry E. Rohlsen,St. Croix Island,Virgin Islands,STX,TISX,17.701889,-64.798556,74,-4,U,"Christiansted, VI",44,44,44,44,3.977272727272727,10.545454545454545,11.0,19.0,"Tue, Apr 10, 2007","Tue, Apr 10, 2007"
2885,Rafael Hernndez,Aguadilla,Puerto Rico,BQN,TJBQ,18.494861,-67.129444,237,-4,U,"Aguadilla, PR",118,118,120,120,4.627118644067794,12.194915254237284,14.0,31.0,"Sat, Apr 21, 2007","Mon, Apr  9, 2007"
2889,Aeropuerto Mercedita,Ponce,Puerto Rico,PSE,TJPS,18.008306,-66.563028,29,-4,U,"Ponce, PR",58,59,60,60,6.4655172413793105,13.322033898305085,119.0,25.0,"Sat, Apr  7, 2007","Sat, Apr 28, 2007"
2890,Luis Muoz Marn International,San Juan,Puerto Rico,SJU,TJSJ,18.439417,-66.001833,9,-4,U,"San Juan, PR",2109,2118,2138,2144,7.284020862968223,16.99102927289898,78.0,74.0,"Sun, Apr  8, 2007","Sun, Apr 15, 2007"
