airport_id,name,city,country,iata_faa,iaco,latitude,longitude,altitude,zone,dst,city_state,avg_able_landings,avg_able_takeoffs,total_landings,total_takeoffs,avg_taxi_in,avg_taxi_out,longest_taxi_in,longest_taxi_out,lng_tx_in_date,lng_tx_out_date
4355,Lehigh Valley International,Allentown,United States,ABE,KABE,40.652083,-75.440806,393,-5,A,"Allentown/Bethlehem/Easton, PA",396,394,435,435,4.997474747474747,15.050761421319796,21.0,129.0,"Wed, Feb 14, 2007","Tue, Feb  6, 2007"
3718,Abilene Regional,Abilene,United States,ABI,KABI,32.411319,-99.681897,1791,-6,A,"Abilene, TX",215,213,220,220,3.511627906976744,9.145539906103291,10.0,30.0,"Fri, Feb  9, 2007","Mon, Feb  5, 2007"
4019,Albuquerque International Sunport,Albuquerque,United States,ABQ,KABQ,35.0402222,-106.6091944,5355,-7,A,"Albuquerque, NM",2750,2747,2795,2794,4.721090909090928,10.710229341099382,68.0,176.0,"Wed, Feb 14, 2007","Wed, Feb 14, 2007"
5715,Southwest Georgia Regional Airport,Albany,United States,ABY,KABY,31.5355,-84.1945,197,-5,A,"Albany, GA",94,96,100,100,4.170212765957447,8.166666666666668,7.0,29.0,"Fri, Feb  9, 2007","Sun, Feb 11, 2007"
3700,Waco Regional,Waco,United States,ACT,KACT,31.611289,-97.230519,516,-6,A,"Waco, TX",160,160,164,164,4.181249999999997,8.88124999999999,10.0,27.0,"Thu, Feb 22, 2007","Thu, Feb  1, 2007"
4384,Arcata,Arcata CA,United States,ACV,KACV,40.978111,-124.108611,221,-8,A,"Arcata/Eureka, CA",277,276,296,298,4.5451263537906135,10.206521739130432,22.0,42.0,"Mon, Feb 26, 2007","Thu, Feb  8, 2007"
3524,Atlantic City International,Atlantic City,United States,ACY,KACY,39.457583,-74.577167,75,-5,A,"Atlantic City, NJ",72,73,76,76,5.027777777777778,16.698630136986303,15.0,45.0,"Sat, Feb 10, 2007","Mon, Feb 19, 2007"
5959,Adak Airport,Adak Island,United States,ADK,PADK,51.878,-176.646,18,-10,A,"Adak Island, AK",8,8,8,8,4.5,6.0,7.0,7.0,"Sun, Feb  4, 2007","Thu, Feb 22, 2007"
3531,Kodiak,Kodiak,United States,ADQ,PADQ,57.749967,-152.493856,78,-9,A,"Kodiak, AK",43,42,48,48,2.9302325581395348,5.928571428571429,7.0,13.0,"Mon, Feb 12, 2007","Tue, Feb 20, 2007"
3852,Alexandria International,Alexandria,United States,AEX,KAEX,31.3274,-92.549833,89,-6,A,"Alexandria, LA",307,307,319,321,3.44299674267101,11.970684039087947,9.0,63.0,"Tue, Feb 13, 2007","Fri, Feb 23, 2007"
3658,Augusta Regional At Bush Field,Bush Field,United States,AGS,KAGS,33.369944,-81.9645,144,-5,A,"Augusta, GA",152,147,161,160,3.3815789473684212,9.244897959183671,14.0,26.0,"Thu, Feb 15, 2007","Fri, Feb 23, 2007"
3794,King Salmon,King Salmon,United States,AKN,PAKN,58.676778,-156.649278,68,-9,A,"King Salmon, AK",19,19,20,20,3.8947368421052633,4.052631578947368,16.0,11.0,"Sun, Feb  4, 2007","Thu, Feb  1, 2007"
3864,Albany International,Albany,United States,ALB,KALB,42.748267,-73.801692,285,-5,A,"Albany, NY",1008,1009,1093,1095,4.365079365079374,15.960356788899903,63.0,126.0,"Fri, Feb  2, 2007","Thu, Feb 22, 2007"
5718,Waterloo Regional Airport,Waterloo,United States,ALO,KALO,42.5571,-92.4003,873,-6,A,"Waterloo, IA",20,18,26,26,5.2,18.666666666666668,9.0,54.0,"Thu, Feb 22, 2007","Fri, Feb 16, 2007"
3840,Rick Husband Amarillo International,Amarillo,United States,AMA,KAMA,35.219369,-101.705931,3607,-6,A,"Amarillo, TX",610,615,636,637,4.609836065573773,10.442276422764234,29.0,76.0,"Sat, Feb 24, 2007","Fri, Feb  2, 2007"
3774,Ted Stevens Anchorage International,Anchorage,United States,ANC,PANC,61.174361,-149.996361,152,-9,A,"Anchorage, AK",1193,1209,1242,1243,4.740150880134116,13.636062861869311,30.0,65.0,"Mon, Feb  5, 2007","Sun, Feb 11, 2007"
4012,Naples Municipal,Naples,United States,APF,KAPF,26.152619,-81.775294,8,-5,A,"Naples, FL",68,68,70,70,4.5,13.044117647058822,11.0,33.0,"Wed, Feb 28, 2007","Wed, Feb 28, 2007"
7001,Aspen/Pitkin County-Sardy Field,Aspen,United States,ASE,KASE,39.2232,-106.869,7820,-7,A,"Aspen, CO",531,534,606,612,3.472693032015065,14.164794007490638,12.0,175.0,"Mon, Feb  5, 2007","Thu, Feb  8, 2007"
3682,Hartsfield Jackson Atlanta International,Atlanta,United States,ATL,KATL,33.636719,-84.428067,1026,-5,A,"Atlanta, GA",28758,28876,29766,29792,9.954447458098684,19.659405734866326,353.0,123.0,"Sat, Feb 17, 2007","Thu, Feb  1, 2007"
4047,Appleton,Appleton,United States,ATW,KATW,44.257526,-88.507576,680,-6,A,"Appleton, WI",412,411,459,460,4.417475728155338,14.437956204379562,21.0,86.0,"Wed, Feb  7, 2007","Mon, Feb 26, 2007"
3673,Austin Bergstrom International,Austin,United States,AUS,KAUS,30.194528,-97.669889,542,-6,A,"Austin, TX",3303,3316,3418,3419,4.9524674538298346,11.9583835946924,48.0,148.0,"Sun, Feb 11, 2007","Mon, Feb 12, 2007"
4007,Asheville Regional Airport,Asheville,United States,AVL,KAVL,35.436194,-82.541806,2165,-5,A,"Asheville, NC",231,230,238,237,3.9826839826839846,14.643478260869575,10.0,96.0,"Thu, Feb 15, 2007","Sat, Feb  3, 2007"
4286,Wilkes Barre Scranton International,Scranton,United States,AVP,KAVP,41.338478,-75.723403,962,-5,A,"Scranton/Wilkes-Barre, PA",205,206,235,236,4.156097560975612,17.941747572815537,17.0,84.0,"Mon, Feb 19, 2007","Tue, Feb 27, 2007"
4039,Kalamazoo,Kalamazoo,United States,AZO,KAZO,42.234875,-85.552058,874,-5,A,"Kalamazoo, MI",355,359,424,427,4.954929577464786,18.01392757660167,17.0,85.0,"Sat, Feb  3, 2007","Fri, Feb 16, 2007"
3825,Bradley International,Windsor Locks,United States,BDL,KBDL,41.938889,-72.683222,173,-5,A,"Hartford, CT",2340,2334,2504,2504,5.469658119658119,15.001713796058263,66.0,136.0,"Thu, Feb 15, 2007","Sun, Feb 11, 2007"
3599,Bethel,Bethel,United States,BET,PABE,60.779778,-161.838,121,-9,A,"Bethel, AK",78,78,80,80,2.499999999999999,6.82051282051282,7.0,30.0,"Fri, Feb  9, 2007","Wed, Feb  7, 2007"
3558,Meadows Field,Bakersfield,United States,BFL,KBFL,35.433598,-119.05677,507,-8,A,"Bakersfield, CA",412,413,421,421,4.674757281553402,10.980629539951572,13.0,43.0,"Sat, Feb 10, 2007","Wed, Feb 21, 2007"
4129,Greater Binghamton-Edwin A. Link Field,Binghamton,United States,BGM,KBGM,42.208689,-75.979839,1636,-5,A,"Binghamton, NY",95,93,110,110,4.5578947368421066,18.376344086021504,11.0,64.0,"Sun, Feb 25, 2007","Thu, Feb  8, 2007"
3463,Bangor International,Bangor,United States,BGR,KBGR,44.807444,-68.828139,192,-5,A,"Bangor, ME",362,358,378,378,4.62707182320442,15.930167597765376,20.0,137.0,"Sun, Feb 25, 2007","Thu, Feb 22, 2007"
3811,Birmingham International,Birmingham,United States,BHM,KBHM,33.562942,-86.75355,644,-6,A,"Birmingham, AL",1517,1506,1566,1566,3.9841793012524733,13.082337317397078,63.0,149.0,"Mon, Feb 12, 2007","Mon, Feb 26, 2007"
4021,Billings Logan International Airport,Billings,United States,BIL,KBIL,45.80921,-108.537654,3652,-7,A,"Billings, MT",297,296,304,302,3.936026936026937,13.93918918918919,14.0,65.0,"Thu, Feb 22, 2007","Wed, Feb 14, 2007"
4083,Bismarck Municipal Airport,Bismarck,United States,BIS,KBIS,46.775842,-100.757931,1661,-6,A,"Bismarck/Mandan, ND",231,230,244,244,4.796536796536793,15.299999999999994,32.0,64.0,"Wed, Feb 14, 2007","Tue, Feb  6, 2007"
3777,Bellingham International,Bellingham,United States,BLI,KBLI,48.792694,-122.537528,170,-8,A,"Bellingham, WA",55,55,56,56,4.3454545454545475,10.763636363636364,6.0,22.0,"Sat, Feb  3, 2007","Fri, Feb 23, 2007"
4037,Central Illinois Regional,Bloomington,United States,BMI,KBMI,40.477111,-88.915917,871,-6,A,"Bloomington/Normal, IL",229,229,264,264,4.681222707423583,15.052401746724884,28.0,101.0,"Fri, Feb  2, 2007","Sat, Feb 17, 2007"
3690,Nashville International,Nashville,United States,BNA,KBNA,36.124472,-86.678194,599,-6,A,"Nashville, TN",4446,4450,4607,4610,5.571974808816914,12.917752808988773,68.0,167.0,"Fri, Feb 16, 2007","Fri, Feb  2, 2007"
3495,Boise Air Terminal,Boise,United States,BOI,KBOI,43.564361,-116.222861,2871,-7,A,"Boise, ID",1237,1238,1251,1251,3.9684721099434115,10.668012924071055,28.0,59.0,"Wed, Feb 21, 2007","Fri, Feb 23, 2007"
3448,General Edward Lawrence Logan International,Boston,United States,BOS,KBOS,42.364347,-71.005181,19,-5,A,"Boston, MA",9720,9744,10574,10582,7.44248971193415,20.389059934318603,102.0,198.0,"Thu, Feb 15, 2007","Thu, Feb 15, 2007"
3612,Southeast Texas Regional,Beaumont,United States,BPT,KBPT,29.950833,-94.020694,15,-6,A,"Beaumont/Port Arthur, TX",26,26,28,28,6.461538461538462,14.615384615384615,12.0,24.0,"Tue, Feb  6, 2007","Sat, Feb 10, 2007"
5725,Brunswick Golden Isles Airport,Brunswick,United States,BQK,KBQK,31.2588,-81.4665,26,-5,A,"Brunswick, GA",71,70,76,76,4.112676056338027,7.5,10.0,33.0,"Sat, Feb 10, 2007","Sun, Feb 11, 2007"
3738,Brownsville South Padre Island International,Brownsville,United States,BRO,KBRO,25.906833,-97.425861,22,-6,A,"Brownsville, TX",182,182,182,182,5.010989010989011,13.76923076923077,14.0,112.0,"Fri, Feb  9, 2007","Wed, Feb  7, 2007"
3571,Wiley Post Will Rogers Memorial,Barrow,United States,BRW,PABR,71.285446,-156.766003,44,-9,A,"Barrow, AK",54,54,56,56,3.314814814814815,6.907407407407407,8.0,23.0,"Sun, Feb 11, 2007","Wed, Feb 14, 2007"
4022,Bert Mooney Airport,Butte,United States,BTM,KBTM,45.954806,-112.497472,5550,-7,A,"Butte, MT",50,50,54,54,4.239999999999999,13.000000000000002,6.0,32.0,"Mon, Feb 12, 2007","Sat, Feb 10, 2007"
3846,Baton Rouge Metro-Ryan Field,Baton Rouge,United States,BTR,KBTR,30.533167,-91.149639,70,-6,A,"Baton Rouge, LA",871,869,891,891,4.774971297359362,11.254315304948207,36.0,134.0,"Mon, Feb 12, 2007","Sat, Feb  3, 2007"
3711,Burlington International,Burlington,United States,BTV,KBTV,44.471861,-73.153278,335,-5,A,"Burlington, VT",469,467,513,512,4.867803837953089,19.100642398286947,42.0,100.0,"Fri, Feb  2, 2007","Thu, Feb  1, 2007"
3820,Buffalo Niagara International,Buffalo,United States,BUF,KBUF,42.940525,-78.732167,724,-5,A,"Buffalo, NY",1955,1960,2103,2103,5.102301790281328,17.445918367346927,97.0,115.0,"Sat, Feb  3, 2007","Sun, Feb 18, 2007"
3644,Bob Hope,Burbank,United States,BUR,KBUR,34.200667,-118.358667,778,-8,A,"Burbank, CA",2368,2361,2422,2422,2.838260135135136,11.98814061838204,37.0,83.0,"Tue, Feb  6, 2007","Fri, Feb 16, 2007"
3849,Baltimore Washington International,Baltimore,United States,BWI,KBWI,39.175361,-76.668333,146,-5,A,"Baltimore, MD",7583,7572,8008,8017,4.969537122510886,13.107105124141567,141.0,203.0,"Tue, Feb 20, 2007","Wed, Feb 14, 2007"
4020,Gallatin Field,Bozeman,United States,BZN,KBZN,45.777643,-111.160151,4500,-7,A,"Bozeman, MT",364,367,376,379,4.975274725274724,18.956403269754762,15.0,132.0,"Sat, Feb  3, 2007","Sat, Feb 10, 2007"
3561,Columbia Metropolitan,Colombia,United States,CAE,KCAE,33.938833,-81.119528,236,-5,A,"Columbia, SC",755,756,809,808,4.8543046357615856,14.455026455026456,27.0,95.0,"Tue, Feb 13, 2007","Wed, Feb  7, 2007"
4112,Akron Canton Regional Airport,Akron,United States,CAK,KCAK,40.9160833,-81.4421944,1228,-5,A,"Akron, OH",637,636,683,682,5.255886970172679,18.830188679245314,34.0,117.0,"Thu, Feb  1, 2007","Wed, Feb 21, 2007"
3610,Merle K. Mudhole Smith,Cordova,United States,CDV,PACV,60.491778,-145.477556,48,-9,A,"Cordova, AK",55,55,56,56,2.8727272727272726,6.2727272727272725,6.0,19.0,"Wed, Feb  7, 2007","Wed, Feb 28, 2007"
5727,Del Norte County Airport,Crescent City,United States,CEC,KCEC,41.7802,-124.237,57,-8,A,"Crescent City, CA",70,71,78,78,3.9571428571428573,12.225352112676056,7.0,26.0,"Mon, Feb 12, 2007","Fri, Feb 16, 2007"
3578,Lovell Field,Chattanooga,United States,CHA,KCHA,35.035278,-85.203808,683,-5,A,"Chattanooga, TN",367,366,387,388,4.389645776566761,10.724043715846996,25.0,47.0,"Wed, Feb  7, 2007","Thu, Feb  1, 2007"
4015,Charlottesville-Albemarle,Charlottesville VA,United States,CHO,KCHO,38.138639,-78.452861,639,-5,A,"Charlottesville, VA",109,110,123,123,4.1651376146789,12.318181818181818,15.0,181.0,"Sun, Feb 11, 2007","Tue, Feb 27, 2007"
3806,Charleston AFB International,Charleston,United States,CHS,KCHS,32.898647,-80.040528,45,-5,A,"Charleston, SC",1018,1012,1081,1082,6.063850687622792,13.317193675889328,29.0,79.0,"Thu, Feb 22, 2007","Thu, Feb 15, 2007"
3710,Chico Municipal,Chico,United States,CIC,KCIC,39.795383,-121.858422,238,-8,A,"Chico, CA",96,96,104,104,3.9895833333333335,12.135416666666666,14.0,38.0,"Thu, Feb  8, 2007","Wed, Feb  7, 2007"
4043,Cedar Rapids,Cedar Rapids,United States,CID,KCID,41.884694,-91.710806,869,-6,A,"Cedar Rapids/Iowa City, IA",768,766,840,842,5.453125,13.53263707571801,28.0,83.0,"Fri, Feb 23, 2007","Sat, Feb 17, 2007"
4088,McClellan-Palomar Airport,Carlsbad,United States,CLD,KCRQ,33.0742,-117.1648,328,-8,A,"Carlsbad, CA",205,203,208,208,4.287804878048779,9.600985221674877,18.0,30.0,"Fri, Feb  9, 2007","Mon, Feb 12, 2007"
3486,Cleveland Hopkins International,Cleveland,United States,CLE,KCLE,41.411689,-81.849794,791,-5,A,"Cleveland, OH",6061,6076,6446,6450,7.628609140405871,21.493581303489158,75.0,218.0,"Fri, Feb 16, 2007","Tue, Feb 13, 2007"
3715,Easterwood Field,College Station,United States,CLL,KCLL,30.588583,-96.363833,321,-6,A,"College Station/Bryan, TX",137,138,142,143,5.773722627737225,12.130434782608695,14.0,116.0,"Sun, Feb 25, 2007","Wed, Feb 21, 2007"
3876,Charlotte Douglas International,Charlotte,United States,CLT,KCLT,35.214,-80.943139,748,-5,A,"Charlotte, NC",8968,9007,9362,9363,5.9343220338983045,18.69656933496176,47.0,176.0,"Sat, Feb 24, 2007","Tue, Feb 20, 2007"
3759,Port Columbus International,Columbus,United States,CMH,KCMH,39.997972,-82.891889,815,-5,A,"Columbus, OH",2768,2794,3021,3022,5.728323699421959,16.704008589835386,58.0,182.0,"Tue, Feb 13, 2007","Wed, Feb 14, 2007"
4049,Champaign,Champaign,United States,CMI,KCMI,40.03925,-88.278056,754,-6,A,"Champaign/Urbana, IL",171,171,192,192,4.853801169590645,17.374269005847943,17.0,97.0,"Sun, Feb 18, 2007","Sat, Feb 17, 2007"
5732,Houghton County Memorial Airport,Hancock,United States,CMX,KCMX,47.1684,-88.4891,1095,-5,A,"Hancock/Houghton, MI",22,22,26,26,7.545454545454546,22.772727272727273,19.0,34.0,"Fri, Feb 23, 2007","Thu, Feb  1, 2007"
4344,Yellowstone Regional,Cody,United States,COD,KCOD,44.520194,-109.023806,5102,-7,A,"Cody, WY",79,79,82,84,3.721518987341772,11.79746835443038,11.0,31.0,"Wed, Feb 14, 2007","Wed, Feb 21, 2007"
3819,City Of Colorado Springs Municipal,Colorado Springs,United States,COS,KCOS,38.805805,-104.700778,6187,-7,A,"Colorado Springs, CO",1029,1025,1069,1066,6.207968901846452,16.65268292682926,27.0,230.0,"Wed, Feb 28, 2007","Thu, Feb  8, 2007"
3872,Natrona County International,Casper,United States,CPR,KCPR,42.908,-106.464417,5347,-7,A,"Casper, WY",283,280,298,298,3.9328621908127235,12.271428571428572,13.0,71.0,"Wed, Feb 28, 2007","Fri, Feb  2, 2007"
3744,Corpus Christi International,Corpus Christi,United States,CRP,KCRP,27.770361,-97.501222,44,-6,A,"Corpus Christi, TX",643,644,656,656,4.181959564541216,11.186335403726705,21.0,133.0,"Fri, Feb 23, 2007","Wed, Feb 21, 2007"
4285,Yeager,Charleston,United States,CRW,KCRW,38.373147,-81.593189,981,-5,A,"Charleston/Dunbar, WV",258,258,274,274,4.10077519379845,14.414728682170542,11.0,90.0,"Thu, Feb 22, 2007","Sat, Feb  3, 2007"
4255,Columbus Metropolitan Airport,Columbus,United States,CSG,KCSG,32.5163333,-84.9388611,397,-5,A,"Columbus, GA",97,98,104,104,3.7010309278350517,10.908163265306118,18.0,25.0,"Sun, Feb 25, 2007","Sat, Feb  3, 2007"
3488,Cincinnati Northern Kentucky International,Cincinnati,United States,CVG,KCVG,39.048836,-84.667822,896,-5,A,"Cincinnati, OH",7816,7899,8506,8494,5.218142272262023,20.685783010507667,56.0,206.0,"Fri, Feb  2, 2007","Sat, Feb 24, 2007"
4045,Central Wisconsin,Wassau,United States,CWA,KCWA,44.772726,-89.646635,840,-6,A,"Mosinee, WI",114,114,136,136,4.228070175438595,12.535087719298245,21.0,62.0,"Sun, Feb 25, 2007","Sat, Feb  3, 2007"
3950,Daytona Beach International,Daytona Beach,United States,DAB,KDAB,29.179917,-81.058056,34,-5,A,"Daytona Beach, FL",390,391,401,401,4.3410256410256425,13.411764705882337,32.0,178.0,"Sat, Feb 24, 2007","Thu, Feb  8, 2007"
3502,Dallas Love Field,Dallas,United States,DAL,KDAL,32.847111,-96.851778,487,-6,A,"Dallas, TX",3900,3917,4022,4022,3.3407692307692307,9.454429410262975,24.0,74.0,"Mon, Feb  5, 2007","Mon, Feb 12, 2007"
3627,James M. Cox Dayton International,Dayton,United States,DAY,KDAY,39.902375,-84.219375,1009,-5,A,"Dayton, OH",1050,1042,1132,1135,6.018095238095237,18.34548944337814,45.0,125.0,"Mon, Feb 26, 2007","Fri, Feb 16, 2007"
4388,Dubuque Regional,Dubuque IA,United States,DBQ,KDBQ,42.402,-90.709472,1076,-6,A,"Dubuque, IA",98,98,108,108,3.653061224489797,12.408163265306122,10.0,82.0,"Mon, Feb 12, 2007","Sat, Feb  3, 2007"
3520,Ronald Reagan Washington National,Washington,United States,DCA,KDCA,38.852083,-77.037722,15,-5,A,"Washington, DC",6453,6463,7083,7085,5.823183015651628,18.576976636237163,119.0,264.0,"Tue, Feb 20, 2007","Sun, Feb 25, 2007"
3751,Denver International,Denver,United States,DEN,KDEN,39.861656,-104.673178,5431,-7,A,"Denver, CO",17646,17723,18321,18335,8.001416751671716,16.264063646109477,98.0,136.0,"Sat, Feb  3, 2007","Fri, Feb 16, 2007"
3670,Dallas Fort Worth International,Dallas-fort Worth,United States,DFW,KDFW,32.896828,-97.037997,607,-6,A,"Dallas/Fort Worth, TX",21423,21567,22731,22720,10.13434159548142,16.637548105902464,153.0,221.0,"Thu, Feb  1, 2007","Thu, Feb  1, 2007"
3739,Dothan Regional,Dothan,United States,DHN,KDHN,31.321339,-85.449628,401,-6,A,"Dothan, AL",123,122,129,132,3.4634146341463414,9.508196721311476,7.0,53.0,"Tue, Feb  6, 2007","Sun, Feb 25, 2007"
3460,Dillingham,Dillingham,United States,DLG,PADL,59.044667,-158.5055,74,-9,A,"Dillingham, AK",12,12,12,12,2.8333333333333335,3.9166666666666665,4.0,7.0,"Sat, Feb 10, 2007","Sat, Feb 24, 2007"
3598,Duluth International,Duluth,United States,DLH,KDLH,46.842091,-92.193649,1428,-6,A,"Duluth, MN",147,146,158,158,7.1020408163265305,15.10958904109589,18.0,63.0,"Mon, Feb  5, 2007","Thu, Feb 15, 2007"
3713,Durango La Plata County,Durango,United States,DRO,KDRO,37.151516,-107.75377,6685,-7,A,"Durango, CO",315,316,336,336,4.117460317460319,11.265822784810128,21.0,59.0,"Mon, Feb  5, 2007","Fri, Feb 23, 2007"
3729,Des Moines International,Des Moines,United States,DSM,KDSM,41.533972,-93.663083,958,-6,A,"Des Moines, IA",1294,1295,1373,1374,5.010046367851631,15.481853281853288,25.0,185.0,"Sun, Feb 25, 2007","Tue, Feb  6, 2007"
3645,Detroit Metro Wayne County,Detroit,United States,DTW,KDTW,42.212444,-83.353389,645,-5,A,"Detroit, MI",13000,13122,13841,13858,11.84623076923075,23.23052888279238,123.0,172.0,"Wed, Feb 14, 2007","Wed, Feb 21, 2007"
5735,Chippewa Valley Regional Airport,Eau Claire,United States,EAU,KEAU,44.8658,-91.4843,913,-6,A,"Eau Claire, WI",10,10,12,11,7.5,16.5,11.0,27.0,"Thu, Feb 15, 2007","Tue, Feb 27, 2007"
4250,Eagle County Regional,Vail,United States,EGE,KEGE,39.642556,-106.917694,6540,-7,A,"Eagle, CO",462,465,492,492,4.740259740259741,20.866666666666674,37.0,137.0,"Sat, Feb 24, 2007","Sun, Feb 25, 2007"
5736,Elko Regional Airport,Elko,United States,EKO,KEKO,40.8249,-115.792,5140,-8,A,"Elko, NV",131,131,133,136,4.664122137404582,8.98473282442748,15.0,24.0,"Sun, Feb 25, 2007","Fri, Feb 23, 2007"
3946,Elmira Corning Regional,Elmira,United States,ELM,KELM,42.159889,-76.891611,954,-5,A,"Elmira/Corning, NY",80,77,90,89,3.9875,14.662337662337663,10.0,49.0,"Sat, Feb 24, 2007","Sun, Feb 18, 2007"
3559,El Paso International,El Paso,United States,ELP,KELP,31.80725,-106.377583,3958,-7,A,"El Paso, TX",1654,1655,1682,1682,3.692865779927449,10.778247734138981,50.0,71.0,"Sun, Feb 25, 2007","Sat, Feb  3, 2007"
4276,Erie International-Tom Ridge Field,Erie,United States,ERI,KERI,42.082022,-80.176217,733,-5,A,"Erie, PA",94,94,108,108,3.8723404255319154,14.287234042553195,11.0,34.0,"Fri, Feb  9, 2007","Mon, Feb  5, 2007"
4099,Mahlon Sweet Field,Eugene,United States,EUG,KEUG,44.124583,-123.211972,374,-8,A,"Eugene, OR",431,425,445,445,3.7447795823665913,10.816470588235312,111.0,39.0,"Fri, Feb  9, 2007","Mon, Feb 26, 2007"
4018,Evansville Regional,Evansville,United States,EVV,KEVV,38.036997,-87.532364,418,-6,A,"Evansville, IN",410,409,441,441,5.05853658536585,14.25916870415648,18.0,115.0,"Thu, Feb 22, 2007","Tue, Feb  6, 2007"
3494,Newark Liberty International,Newark,United States,EWR,KEWR,40.6925,-74.168667,18,-5,A,"Newark, NJ",11129,11153,11818,11820,9.441099829274883,27.609701425625424,73.0,321.0,"Wed, Feb 14, 2007","Wed, Feb 14, 2007"
3875,Key West International,Key West,United States,EYW,KEYW,24.556111,-81.759556,3,-5,A,"Key West, FL",81,83,84,84,3.320987654320988,7.746987951807232,9.0,17.0,"Mon, Feb 19, 2007","Sat, Feb 10, 2007"
3832,Fairbanks International,Fairbanks,United States,FAI,PAFA,64.815114,-147.856267,434,-9,A,"Fairbanks, AK",310,309,326,325,2.6193548387096772,10.459546925566347,13.0,38.0,"Sat, Feb 24, 2007","Thu, Feb  8, 2007"
4292,Hector International Airport,Fargo,United States,FAR,KFAR,46.92065,-96.8157639,902,-6,A,"Fargo, ND",425,428,450,449,5.178823529411768,17.41121495327103,19.0,95.0,"Sun, Feb 25, 2007","Sun, Feb  4, 2007"
3687,Fresno Yosemite International,Fresno,United States,FAT,KFAT,36.776194,-119.71814,336,-8,A,"Fresno, CA",1085,1079,1110,1108,4.346543778801841,9.683039851714542,15.0,87.0,"Sat, Feb  3, 2007","Tue, Feb 13, 2007"
5738,Fayetteville Regional-Grannis Field,Fayetteville,United States,FAY,KFAY,34.9912,-78.8803,189,-5,A,"Fayetteville, NC",159,157,162,162,4.899371069182392,10.433121019108277,13.0,76.0,"Sun, Feb  4, 2007","Thu, Feb  1, 2007"
4127,Glacier Park International,Kalispell,United States,FCA,KFCA,48.310472,-114.256,2977,-7,A,"Kalispell, MT",179,185,192,195,4.2960893854748585,12.821621621621617,13.0,58.0,"Thu, Feb 15, 2007","Thu, Feb 22, 2007"
4261,Flagstaff Pulliam Airport,Flagstaff,United States,FLG,KFLG,35.140318,-111.6692392,7015,-7,N,"Flagstaff, AZ",124,124,128,128,4.983870967741932,12.33870967741935,15.0,35.0,"Wed, Feb 14, 2007","Fri, Feb 16, 2007"
3533,Fort Lauderdale Hollywood International,Fort Lauderdale,United States,FLL,KFLL,26.072583,-80.15275,9,-5,A,"Fort Lauderdale, FL",5713,5728,5866,5862,6.0705408716961315,17.08414804469271,87.0,149.0,"Sat, Feb 24, 2007","Mon, Feb 26, 2007"
3879,Florence Regional,Florence,United States,FLO,KFLO,34.185361,-79.723889,146,-5,A,"Florence, SC",49,49,52,52,4.142857142857143,9.306122448979592,10.0,23.0,"Sun, Feb 11, 2007","Wed, Feb 21, 2007"
4089,Bishop International,Flint,United States,FNT,KFNT,42.965424,-83.743629,782,-5,A,"Flint, MI",581,580,601,599,5.120481927710842,15.50344827586207,32.0,119.0,"Fri, Feb  2, 2007","Tue, Feb  6, 2007"
4009,Sioux Falls,Sioux Falls,United States,FSD,KFSD,43.582014,-96.741914,1429,-6,A,"Sioux Falls, SD",484,490,524,526,5.3161157024793395,16.04897959183674,50.0,95.0,"Sun, Feb  4, 2007","Sun, Feb  4, 2007"
3437,Fort Smith Regional,Fort Smith,United States,FSM,KFSM,35.336583,-94.367444,469,-6,A,"Fort Smith, AR",153,151,160,159,4.065359477124183,8.331125827814576,14.0,28.0,"Sun, Feb  4, 2007","Sun, Feb 11, 2007"
4041,Fort Wayne,Fort Wayne,United States,FWA,KFWA,40.978472,-85.195139,815,-5,A,"Fort Wayne, IN",414,414,471,470,4.731884057971012,16.330917874396135,21.0,133.0,"Sun, Feb 18, 2007","Tue, Feb  6, 2007"
3467,Spokane International,Spokane,United States,GEG,KGEG,47.619861,-117.533833,2376,-8,A,"Spokane, WA",1036,1040,1056,1064,4.122586872586872,12.554807692307692,23.0,128.0,"Mon, Feb 12, 2007","Tue, Feb 13, 2007"
3442,Grand Forks International,Grand Forks,United States,GFK,KGFK,47.949256,-97.176111,845,-6,A,"Grand Forks, ND",103,104,108,108,4.446601941747575,11.144230769230766,12.0,34.0,"Fri, Feb 23, 2007","Wed, Feb 14, 2007"
3465,East Texas Regional,Longview,United States,GGG,KGGG,32.384014,-94.711486,365,-6,A,"Longview, TX",82,82,84,84,4.804878048780487,9.951219512195122,9.0,52.0,"Wed, Feb 28, 2007","Sat, Feb  3, 2007"
4063,Grand Junction Regional,Grand Junction,United States,GJT,KGJT,39.122413,-108.526735,4858,-7,A,"Grand Junction, CO",382,385,414,402,3.68848167539267,11.345454545454546,10.0,83.0,"Mon, Feb 12, 2007","Mon, Feb 12, 2007"
3472,Gainesville Regional,Gainesville,United States,GNV,KGNV,29.690056,-82.271778,152,-5,A,"Gainesville, FL",150,151,156,157,3.1600000000000006,9.112582781456947,15.0,27.0,"Sun, Feb 11, 2007","Mon, Feb 19, 2007"
4038,Gulfport-Biloxi,Gulfport,United States,GPT,KGPT,30.407278,-89.070111,28,-6,A,"Gulfport/Biloxi, MS",488,489,494,495,4.932377049180331,10.777096114519424,27.0,104.0,"Sun, Feb 18, 2007","Mon, Feb 12, 2007"
3653,Austin Straubel International,Green Bay,United States,GRB,KGRB,44.485072,-88.129589,695,-6,A,"Green Bay, WI",625,622,681,681,4.283200000000002,13.488745980707396,18.0,98.0,"Sat, Feb  3, 2007","Sat, Feb 17, 2007"
3775,Robert Gray AAF,Killeen,United States,GRK,KGRK,31.06725,-97.828917,1015,-6,A,"Killeen, TX",393,393,408,408,4.674300254452926,11.259541984732824,20.0,165.0,"Wed, Feb 28, 2007","Fri, Feb 16, 2007"
3685,Gerald R. Ford International,Grand Rapids,United States,GRR,KGRR,42.880833,-85.522806,794,-5,A,"Grand Rapids, MI",1143,1147,1240,1238,5.346456692913379,22.40540540540541,36.0,141.0,"Sat, Feb  3, 2007","Wed, Feb 21, 2007"
4008,Piedmont Triad,Greensboro,United States,GSO,KGSO,36.09775,-79.937306,925,-5,A,"Greensboro/High Point, NC",1147,1149,1233,1235,4.605928509154318,16.703220191470887,30.0,141.0,"Sun, Feb 25, 2007","Tue, Feb 13, 2007"
4034,Greenville-Spartanburg International,Greenville,United States,GSP,KGSP,34.895556,-82.218889,964,-5,A,"Greer, SC",925,921,1005,1003,4.451891891891898,14.686210640608035,23.0,100.0,"Fri, Feb 16, 2007","Thu, Feb  8, 2007"
3880,Great Falls International,Great Falls,United States,GTF,KGTF,47.482,-111.370689,3677,-7,A,"Great Falls, MT",228,227,245,244,4.535087719298248,13.541850220264317,10.0,71.0,"Sun, Feb 25, 2007","Wed, Feb 28, 2007"
4273,Golden Triangle Regional Airport,Columbus Mississippi,United States,GTR,KGTR,33.450333,-88.591361,264,-6,A,"Columbus, MS",74,70,76,76,4.054054054054054,6.714285714285714,13.0,15.0,"Fri, Feb 16, 2007","Mon, Feb 12, 2007"
7051,Gunnison - Crested Butte,Gunnison,United States,GUC,KGUC,38.533889,-106.933056,7678,-7,A,"Gunnison, CO",166,164,181,181,2.879518072289157,11.536585365853657,9.0,34.0,"Mon, Feb 19, 2007","Sat, Feb 24, 2007"
4339,Yampa Valley,Hayden,United States,HDN,KHDN,40.481181,-107.21766,6602,-7,A,"Hayden, CO",338,339,356,358,4.186390532544382,18.112094395280234,21.0,78.0,"Sun, Feb 25, 2007","Mon, Feb 19, 2007"
3504,Helena Regional,Helena,United States,HLN,KHLN,46.606806,-111.98275,3877,-7,A,"Helena, MT",134,134,141,136,3.485074626865672,13.910447761194032,8.0,34.0,"Fri, Feb 23, 2007","Fri, Feb  2, 2007"
3728,Honolulu International,Honolulu,United States,HNL,PHNL,21.318681,-157.922428,13,-10,N,"Honolulu, HI",5123,5130,5156,5158,4.919383173921532,12.329044834307956,37.0,80.0,"Mon, Feb 19, 2007","Thu, Feb  1, 2007"
3566,William P. Hobby,Houston,United States,HOU,KHOU,29.645419,-95.278889,46,-6,A,"Houston, TX",4043,4049,4191,4191,4.672520405639357,8.674981476907874,66.0,100.0,"Thu, Feb  8, 2007","Fri, Feb 16, 2007"
3589,Westchester County,White Plains,United States,HPN,KHPN,41.066959,-73.707575,439,-5,A,"White Plains, NY",775,774,858,856,9.93935483870968,17.012919896640817,93.0,116.0,"Mon, Feb 26, 2007","Thu, Feb 22, 2007"
3560,Valley International,Harlingen,United States,HRL,KHRL,26.2285,-97.654389,36,-6,A,"Harlingen/San Benito, TX",424,427,445,445,2.596698113207548,8.477751756440286,7.0,53.0,"Sun, Feb 18, 2007","Thu, Feb 22, 2007"
4113,Huntsville International Airport-Carl T. Jones Field,Huntsville,United States,HSV,KHSV,34.6371944,-86.7750556,629,-6,A,"Huntsville, AL",606,605,634,634,5.085808580858084,13.09586776859504,25.0,78.0,"Fri, Feb 16, 2007","Sun, Feb 25, 2007"
5742,TriState-Milton J. Ferguson Field,Huntington,United States,HTS,KHTS,38.3667,-82.558,828,-5,A,"Ashland, WV",44,43,49,48,3.93181818181818,12.627906976744185,10.0,31.0,"Fri, Feb  2, 2007","Thu, Feb  8, 2007"
3714,Washington Dulles International,Washington,United States,IAD,KIAD,38.944533,-77.455811,313,-5,A,"Washington, DC",6895,6928,7691,7693,8.159970993473529,20.182159353348734,169.0,205.0,"Sun, Feb 25, 2007","Sun, Feb 18, 2007"
3550,George Bush Intercontinental Houston,Houston,United States,IAH,KIAH,29.984433,-95.341442,97,-6,A,"Houston, TX",16509,16571,16672,16679,9.091465261372571,18.982861625731672,80.0,121.0,"Sun, Feb 25, 2007","Mon, Feb 12, 2007"
3457,Wichita Mid Continent,Wichita,United States,ICT,KICT,37.649944,-97.433056,1333,-6,A,"Wichita, KS",1066,1058,1135,1135,4.724202626641656,13.416824196597357,22.0,88.0,"Sat, Feb 10, 2007","Sat, Feb 17, 2007"
4100,Idaho Falls Regional,Idaho Falls,United States,IDA,KIDA,43.514556,-112.07075,4744,-7,A,"Idaho Falls, ID",232,229,243,240,4.22844827586207,13.576419213973798,10.0,54.0,"Sun, Feb 25, 2007","Tue, Feb 27, 2007"
3859,New Castle,Wilmington,United States,ILG,KILG,39.678722,-75.606528,79,-5,A,"Wilmington, DE",47,47,52,52,4.680851063829788,13.361702127659575,8.0,42.0,"Sun, Feb 18, 2007","Fri, Feb  2, 2007"
3845,Wilmington International,Wilmington,United States,ILM,KILM,34.270615,-77.902569,32,-5,A,"Wilmington, NC",245,244,249,247,4.889795918367349,10.62295081967213,20.0,24.0,"Wed, Feb  7, 2007","Fri, Feb  2, 2007"
3585,Indianapolis International,Indianapolis,United States,IND,KIND,39.717331,-86.294383,797,-5,A,"Indianapolis, IN",3099,3097,3341,3339,10.678606001936132,18.686147885050033,86.0,138.0,"Tue, Feb  6, 2007","Sat, Feb 24, 2007"
3689,Imperial County,Imperial,United States,IPL,KIPL,32.834219,-115.578744,-54,-8,A,"El Centro, CA",101,101,102,102,3.9405940594059405,9.574257425742575,34.0,28.0,"Mon, Feb 19, 2007","Thu, Feb  1, 2007"
3857,Long Island MacArthur,Islip,United States,ISP,KISP,40.79525,-73.100222,99,-5,A,"Islip, NY",907,904,964,964,3.8676957001102537,8.839601769911505,16.0,42.0,"Sun, Feb  4, 2007","Sun, Feb 25, 2007"
3415,Hilo International,Hilo,United States,ITO,PHTO,19.721375,-155.048469,38,-10,N,"Hilo, HI",726,725,728,728,4.129476584022041,7.3944827586206925,14.0,19.0,"Thu, Feb  1, 2007","Tue, Feb 27, 2007"
7120,Inyokern Airport,Inyokern,United States,IYK,KIYK,35.658889,-117.829444,2455,-8,A,"Inyokern, CA",68,69,74,74,3.9705882352941178,12.376811594202898,7.0,26.0,"Fri, Feb  2, 2007","Sat, Feb  3, 2007"
4027,Jackson Hole Airport,Jacksn Hole,United States,JAC,KJAC,43.60733333,-110.73775,6451,-7,A,"Jackson, WY",247,249,262,263,3.48582995951417,17.93172690763053,9.0,110.0,"Sat, Feb 17, 2007","Tue, Feb 13, 2007"
3580,Jackson Evers International,Jackson,United States,JAN,KJAN,32.311167,-90.075889,346,-6,A,"Jackson/Vicksburg, MS",987,987,1017,1017,4.187436676798375,10.959473150962506,26.0,73.0,"Thu, Feb 22, 2007","Thu, Feb 15, 2007"
3712,Jacksonville International,Jacksonville,United States,JAX,KJAX,30.494056,-81.687861,30,-5,A,"Jacksonville, FL",2577,2587,2673,2674,5.511835467597982,13.504445303440267,57.0,97.0,"Thu, Feb 22, 2007","Fri, Feb 16, 2007"
3797,John F. Kennedy International,New York,United States,JFK,KJFK,40.639751,-73.778925,13,-5,A,"New York, NY",8621,8631,9640,9661,10.7456211576383,32.98968833275398,545.0,435.0,"Wed, Feb 14, 2007","Wed, Feb 14, 2007"
3492,Juneau International,Juneau,United States,JNU,PAJN,58.354972,-134.576278,21,-9,A,"Juneau, AK",266,271,280,280,3.7518796992481205,14.878228782287819,12.0,50.0,"Mon, Feb 12, 2007","Sun, Feb  4, 2007"
3514,Kona International At Keahole,Kona,United States,KOA,PHKO,19.738767,-156.045631,47,-10,N,"Kona, HI",1199,1196,1203,1204,3.666388657214345,8.325250836120398,15.0,36.0,"Wed, Feb  7, 2007","Wed, Feb 28, 2007"
3808,Ketchikan International,Ketchikan,United States,KTN,PAKT,55.355556,-131.71375,88,-9,A,"Ketchikan, AK",163,163,168,168,4.8957055214723955,12.085889570552148,29.0,31.0,"Sat, Feb  3, 2007","Wed, Feb 21, 2007"
3544,Capital City,Lansing,United States,LAN,KLAN,42.7787,-84.587357,861,-5,A,"Lansing, MI",334,329,368,368,4.793413173652697,17.939209726443764,21.0,89.0,"Tue, Feb  6, 2007","Sat, Feb  3, 2007"
3877,McCarran International,Las Vegas,United States,LAS,KLAS,36.080056,-115.15225,2141,-8,A,"Las Vegas, NV",13455,13457,13686,13681,6.092233370494216,15.964776696143272,54.0,147.0,"Mon, Feb 19, 2007","Tue, Feb 13, 2007"
4256,Lawton-Fort Sill Regional Airport,Lawton,United States,LAW,KLAW,34.5677144,-98.4166367,1110,-6,A,"Lawton/Fort Sill, OK",156,156,162,164,3.967948717948718,10.269230769230766,10.0,46.0,"Wed, Feb 14, 2007","Fri, Feb 16, 2007"
3484,Los Angeles International,Los Angeles,United States,LAX,KLAX,33.942536,-118.408075,126,-8,A,"Los Angeles, CA",17344,17395,17794,17790,8.8305465867159,16.01333716585223,72.0,192.0,"Fri, Feb 23, 2007","Tue, Feb 13, 2007"
3829,Lubbock Preston Smith International,Lubbock,United States,LBB,KLBB,33.663639,-101.822778,3282,-6,A,"Lubbock, TX",706,708,724,725,3.4490084985835696,10.353107344632773,29.0,84.0,"Fri, Feb  9, 2007","Fri, Feb  2, 2007"
3513,Lake Charles Regional,Lake Charles,United States,LCH,KLCH,30.126112,-93.223335,15,-6,A,"Lake Charles, LA",109,110,111,111,5.064220183486238,17.854545454545452,16.0,182.0,"Mon, Feb 26, 2007","Tue, Feb 27, 2007"
4017,Blue Grass,Lexington KY,United States,LEX,KLEX,38.0365,-84.605889,979,-5,A,"Lexington, KY",697,692,752,751,5.210903873744623,18.041907514450862,31.0,143.0,"Sun, Feb 25, 2007","Sat, Feb 17, 2007"
3493,Lafayette Regional,Lafayette,United States,LFT,KLFT,30.205278,-91.987611,43,-6,A,"Lafayette, LA",437,436,442,441,4.9473684210526265,13.46788990825688,15.0,106.0,"Tue, Feb 20, 2007","Mon, Feb 26, 2007"
3697,LaGuardia Airport,New York,United States,LGA,KLGA,40.777245,-73.872608,22,-5,A,"New York, NY",8844,8857,9670,9670,8.734848484848492,24.870272101162897,148.0,195.0,"Thu, Feb 15, 2007","Tue, Feb 13, 2007"
3582,Long Beach,Long Beach,United States,LGB,KLGB,33.817722,-118.151611,60,-8,A,"Long Beach, CA",1013,1017,1059,1061,4.489634748272456,15.224188790560472,25.0,80.0,"Sat, Feb  3, 2007","Thu, Feb  8, 2007"
3602,Lihue,Lihue,United States,LIH,PHLI,21.975983,-159.338958,153,-10,N,"Lihue, HI",1221,1221,1234,1233,4.639639639639636,5.297297297297299,20.0,22.0,"Sun, Feb 25, 2007","Sun, Feb 25, 2007"
3660,Adams Field,Little Rock,United States,LIT,KLIT,34.729444,-92.224306,262,-6,A,"Little Rock, AR",1262,1258,1305,1304,4.324881141045954,11.166136724960243,41.0,76.0,"Sat, Feb 17, 2007","Fri, Feb  2, 2007"
3543,Lincoln,Lincoln,United States,LNK,KLNK,40.850971,-96.75925,1219,-6,A,"Lincoln, NE",335,330,357,356,4.328358208955221,12.878787878787879,42.0,86.0,"Wed, Feb  7, 2007","Thu, Feb  1, 2007"
3691,Laredo International,Laredo,United States,LRD,KLRD,27.54375,-99.461556,508,-6,A,"Laredo, TX",206,206,209,209,3.5679611650485437,10.733009708737866,14.0,69.0,"Sun, Feb 25, 2007","Fri, Feb 23, 2007"
4044,LaCrosse Municipal,LaCrosse,United States,LSE,KLSE,43.878986,-91.256711,654,-6,A,"La Crosse, WI",166,164,184,184,4.066265060240963,13.32926829268293,12.0,70.0,"Sat, Feb 24, 2007","Mon, Feb 12, 2007"
3945,Lewiston Nez Perce County,Lewiston,United States,LWS,KLWS,46.3745,-117.015389,1442,-8,A,"Lewiston, ID",54,54,54,54,5.5,11.61111111111111,25.0,34.0,"Mon, Feb 26, 2007","Thu, Feb  1, 2007"
5753,Lynchburg Regional-Preston Glenn Field,Lynchburg,United States,LYH,KLYH,37.3267,-79.2004,938,-5,A,"Lynchburg, VA",73,73,80,80,4.808219178082193,8.465753424657532,12.0,19.0,"Sun, Feb 25, 2007","Tue, Feb  6, 2007"
3652,Midland International,Midland,United States,MAF,KMAF,31.942528,-102.201914,2871,-6,A,"Midland/Odessa, TX",648,650,657,657,3.6851851851851847,9.167692307692317,11.0,84.0,"Thu, Feb  1, 2007","Fri, Feb 23, 2007"
4128,MBS International,Saginaw,United States,MBS,KMBS,43.532913,-84.079647,668,-5,A,"Saginaw/Bay City/Midland, MI",267,265,294,294,4.449438202247193,15.237735849056605,14.0,108.0,"Mon, Feb 26, 2007","Mon, Feb 19, 2007"
3458,Kansas City International,Kansas City,United States,MCI,KMCI,39.297606,-94.713905,1026,-6,A,"Kansas City, MO",4237,4244,4366,4364,5.384234127920697,12.417530631479735,44.0,114.0,"Wed, Feb 14, 2007","Sat, Feb 17, 2007"
3754,Middle Georgia Regional,Macon,United States,MCN,KMCN,32.69285,-83.649211,354,-5,A,"Macon, GA",79,75,84,84,3.759493670886076,10.040000000000003,11.0,40.0,"Sun, Feb  4, 2007","Tue, Feb 13, 2007"
3878,Orlando International,Orlando,United States,MCO,KMCO,28.429394,-81.308994,96,-5,A,"Orlando, FL",9441,9447,9678,9672,6.641245630759454,13.513284640626669,62.0,107.0,"Wed, Feb 21, 2007","Sat, Feb  3, 2007"
3542,Harrisburg International,Harrisburg,United States,MDT,KMDT,40.193494,-76.763403,310,-5,A,"Harrisburg, PA",667,662,725,725,5.4512743628185945,15.486404833836861,69.0,87.0,"Wed, Feb 14, 2007","Wed, Feb 21, 2007"
3747,Chicago Midway International,Chicago,United States,MDW,KMDW,41.785972,-87.752417,620,-6,A,"Chicago, IL",6807,6840,7320,7326,6.134714264727478,12.086988304093532,92.0,104.0,"Sun, Feb 25, 2007","Tue, Feb  6, 2007"
4335,Key Field,Meridian,United States,MEI,KMEI,32.332624,-88.751868,297,-6,A,"Meridian, MS",49,48,52,51,4.469387755102039,11.0625,20.0,51.0,"Fri, Feb  2, 2007","Tue, Feb 27, 2007"
3473,Memphis International,Memphis,United States,MEM,KMEM,35.042417,-89.976667,341,-6,A,"Memphis, TN",6198,6258,6441,6444,6.913197805743785,18.96820070309997,89.0,245.0,"Thu, Feb  1, 2007","Fri, Feb  9, 2007"
3826,McAllen Miller International,Mcallen,United States,MFE,KMFE,26.175833,-98.238611,107,-6,A,"Mission/McAllen/Edinburg, TX",374,371,382,380,4.310160427807489,11.345013477088953,9.0,65.0,"Mon, Feb 12, 2007","Thu, Feb 22, 2007"
4101,Rogue Valley International Medford,Medford,United States,MFR,KMFR,42.374228,-122.8735,1335,-8,A,"Medford, OR",461,464,474,474,3.6073752711496745,10.556034482758625,10.0,49.0,"Fri, Feb  9, 2007","Thu, Feb 22, 2007"
4115,Montgomery Regional Airport ,MONTGOMERY,United States,MGM,KMGM,32.3006389,-86.3939722,221,-6,A,"Montgomery, AL",337,335,351,350,3.8605341246290803,11.832835820895527,12.0,54.0,"Tue, Feb 20, 2007","Sat, Feb 24, 2007"
4011,Manchester Regional Airport,Manchester NH,United States,MHT,KMHT,42.932556,-71.435667,266,-5,A,"Manchester, NH",1490,1488,1581,1578,4.8879194630872425,13.726478494623661,41.0,128.0,"Wed, Feb 14, 2007","Thu, Feb  1, 2007"
3576,Miami International,Miami,United States,MIA,KMIA,25.79325,-80.290556,8,-5,A,"Miami, FL",5230,5232,5363,5363,7.425239005736141,17.734709480122408,70.0,125.0,"Wed, Feb 28, 2007","Tue, Feb 20, 2007"
3717,General Mitchell International,Milwaukee,United States,MKE,KMKE,42.947222,-87.896583,723,-6,A,"Milwaukee, WI",1607,1608,1699,1699,5.608587429993773,17.59639303482587,45.0,168.0,"Wed, Feb 21, 2007","Mon, Feb 12, 2007"
3671,Melbourne International,Melbourne,United States,MLB,KMLB,28.102753,-80.645258,33,-5,A,"Melbourne, FL",159,158,168,168,5.257861635220126,10.917721518987342,13.0,23.0,"Sat, Feb 17, 2007","Tue, Feb 13, 2007"
4072,Quad City International,Moline,United States,MLI,KMLI,41.448528,-90.507539,590,-6,A,"Moline, IL",685,676,741,738,4.032116788321169,14.576923076923077,15.0,123.0,"Tue, Feb  6, 2007","Sat, Feb 24, 2007"
3732,Monroe Regional,Monroe,United States,MLU,KMLU,32.510864,-92.037689,79,-6,A,"Monroe, LA",243,242,257,258,4.7530864197530835,10.194214876033055,16.0,41.0,"Tue, Feb 20, 2007","Sat, Feb  3, 2007"
3782,Mobile Regional,Mobile,United States,MOB,KMOB,30.691231,-88.242814,219,-6,A,"Mobile, AL",467,467,479,479,4.428265524625275,11.040685224839402,11.0,49.0,"Sun, Feb 25, 2007","Wed, Feb 28, 2007"
3816,Modesto City County Harry Sham,Modesto,United States,MOD,KMOD,37.625817,-120.954422,97,-8,A,"Modesto, CA",228,226,242,242,3.4605263157894743,10.274336283185848,63.0,43.0,"Fri, Feb  2, 2007","Sat, Feb  3, 2007"
3498,Minot International,Minot,United States,MOT,KMOT,48.259378,-101.280333,1716,-6,A,"Minot, ND",79,80,84,84,5.822784810126584,12.5,10.0,30.0,"Wed, Feb 28, 2007","Sun, Feb 25, 2007"
6838,Sawyer International Airport,Marquette,United States,MQT,KMQT,46.353611,-87.395278,1221,-5,A,"Marquette, MI",73,71,76,75,5.794520547945205,14.591549295774648,34.0,71.0,"Mon, Feb 12, 2007","Mon, Feb 26, 2007"
3948,Monterey Peninsula,Monterey,United States,MRY,KMRY,36.587,-121.842944,257,-8,A,"Monterey, CA",605,602,625,624,3.639669421487604,10.64451827242523,25.0,48.0,"Wed, Feb 21, 2007","Mon, Feb 26, 2007"
3459,Dane County Regional-Truax Field,Madison,United States,MSN,KMSN,43.139858,-89.337514,887,-6,A,"Madison, WI",993,982,1074,1072,4.689828801611277,16.60590631364563,26.0,138.0,"Sun, Feb  4, 2007","Sat, Feb 17, 2007"
4216,Missoula International,Missoula,United States,MSO,KMSO,46.916306,-114.090556,3205,-7,A,"Missoula, MT",268,270,277,281,4.936567164179103,13.292592592592593,20.0,78.0,"Thu, Feb  1, 2007","Fri, Feb 23, 2007"
3858,Minneapolis St. Paul International,Minneapolis,United States,MSP,KMSP,44.881956,-93.221767,841,-6,A,"Minneapolis, MN",11497,11554,12073,12077,8.923197355831913,20.467024407131643,76.0,216.0,"Sat, Feb 24, 2007","Sat, Feb 24, 2007"
3861,Louis Armstrong New Orleans International,New Orleans,United States,MSY,KMSY,29.993389,-90.258028,4,-6,A,"New Orleans, LA",2588,2588,2640,2637,4.163060278207105,10.522024729520847,53.0,82.0,"Sat, Feb 17, 2007","Thu, Feb 22, 2007"
7069,Florida Keys Marathon Airport,Marathon,United States,MTH,KMTH,24.726111,-81.051389,7,-5,A,"Marathon, FL",15,15,16,16,3.6,11.6,8.0,20.0,"Sun, Feb 18, 2007","Thu, Feb 22, 2007"
6880,Montrose Regional Airport,Montrose CO,United States,MTJ,KMTJ,38.509794,-107.894242,5759,-7,A,"Montrose/Delta, CO",286,288,302,298,4.279720279720274,13.996527777777779,19.0,65.0,"Wed, Feb 28, 2007","Wed, Feb 28, 2007"
3515,Myrtle Beach International,Myrtle Beach,United States,MYR,KMYR,33.67975,-78.928333,25,-5,A,"Myrtle Beach, SC",450,450,474,473,4.008888888888896,11.331111111111111,14.0,52.0,"Sat, Feb 17, 2007","Mon, Feb  5, 2007"
4386,Albert J. Ellis,Jacksonville NC,United States,OAJ,KOAJ,34.829164,-77.612139,94,-5,A,"Jacksonville/Camp Lejeune, NC",54,51,56,53,3.5925925925925926,11.450980392156861,8.0,60.0,"Sat, Feb  3, 2007","Sun, Feb 25, 2007"
3453,Metropolitan Oakland International,Oakland,United States,OAK,KOAK,37.721278,-122.220722,9,-8,A,"Oakland, CA",5530,5536,5687,5682,5.318625678119342,11.516799132948004,80.0,139.0,"Thu, Feb 15, 2007","Mon, Feb 12, 2007"
3456,Kahului,Kahului,United States,OGG,PHOG,20.89865,-156.430458,54,-10,N,"Kahului, HI",1970,1968,1979,1979,4.897969543147208,7.579776422764228,44.0,77.0,"Sun, Feb 25, 2007","Mon, Feb 26, 2007"
3863,Will Rogers World,Oklahoma City,United States,OKC,KOKC,35.393089,-97.600733,1295,-6,A,"Oklahoma City, OK",1843,1841,1907,1906,4.701573521432438,12.193916349809895,65.0,68.0,"Sat, Feb  3, 2007","Sat, Feb 17, 2007"
3454,Eppley Airfield,Omaha,United States,OMA,KOMA,41.303167,-95.894069,984,-6,A,"Omaha, NE",1998,1992,2074,2071,4.403903903903905,14.37700803212851,62.0,203.0,"Fri, Feb 16, 2007","Tue, Feb 13, 2007"
3615,Nome,Nome,United States,OME,PAOM,64.512203,-165.445247,37,-9,A,"Nome, AK",78,78,83,83,3.769230769230769,6.525641025641024,10.0,29.0,"Wed, Feb  7, 2007","Mon, Feb 19, 2007"
3734,Ontario International,Ontario,United States,ONT,KONT,34.056,-117.601194,944,-8,A,"Ontario, CA",2660,2667,2718,2718,4.324436090225555,10.089613798275211,21.0,47.0,"Fri, Feb  9, 2007","Mon, Feb 19, 2007"
3830,Chicago O'Hare International,Chicago,United States,ORD,KORD,41.978603,-87.904842,668,-6,A,"Chicago, IL",25950,26047,28988,28979,10.788400770712837,20.2170691442393,196.0,388.0,"Sat, Feb 24, 2007","Sat, Feb 24, 2007"
3611,Norfolk International,Norfolk,United States,ORF,KORF,36.894611,-76.201222,26,-5,A,"Norfolk, VA",1425,1422,1482,1481,4.209122807017543,13.589310829817167,27.0,150.0,"Tue, Feb  6, 2007","Mon, Feb 26, 2007"
3693,Ralph Wien Memorial,Kotzebue,United States,OTZ,PAOT,66.884678,-162.59855,11,-9,A,"Kotzebue, AK",81,80,83,83,4.629629629629629,5.824999999999999,8.0,22.0,"Sat, Feb 17, 2007","Fri, Feb 23, 2007"
6961,Oxnard - Ventura County,Oxnard,United States,OXR,KOXR,34.200833,-119.207222,15,-8,A,"Oxnard/Ventura, CA",103,103,104,104,3.563106796116505,10.90291262135922,7.0,28.0,"Sat, Feb  3, 2007","Sun, Feb 11, 2007"
3722,Palm Beach International,West Palm Beach,United States,PBI,KPBI,26.683161,-80.095589,19,-5,A,"West Palm Beach/Palm Beach, FL",2622,2628,2718,2715,5.347063310450038,15.259132420091335,105.0,115.0,"Sat, Feb 10, 2007","Sun, Feb 25, 2007"
3720,Portland International,Portland,United States,PDX,KPDX,45.588722,-122.5975,30,-8,A,"Portland, OR",4150,4153,4226,4222,3.8648192771084333,10.714904888032743,30.0,68.0,"Sun, Feb  4, 2007","Tue, Feb  6, 2007"
4073,Panama City Bay County International,Panama City,United States,PFN,KPFN,30.212083,-85.682806,20,-6,A,"Panama City, FL",269,267,278,278,3.516728624535316,9.880149812734086,25.0,100.0,"Thu, Feb  8, 2007","Sat, Feb 24, 2007"
3633,Newport News Williamsburg International,Newport News,United States,PHF,KPHF,37.131894,-76.492989,43,-5,A,"Newport News/Williamsburg, VA",401,403,421,420,4.90523690773067,11.387096774193553,21.0,60.0,"Sat, Feb  3, 2007","Thu, Feb 15, 2007"
3752,Philadelphia International,Philadelphia,United States,PHL,KPHL,39.871944,-75.241139,36,-5,A,"Philadelphia, PA",7508,7528,8032,8034,7.367075119872129,24.309909670563222,96.0,305.0,"Wed, Feb 14, 2007","Wed, Feb 14, 2007"
3462,Phoenix Sky Harbor International,Phoenix,United States,PHX,KPHX,33.434278,-112.011583,1135,-7,N,"Phoenix, AZ",16021,16102,16411,16409,6.721053617127533,14.535275121102957,248.0,94.0,"Sat, Feb 10, 2007","Tue, Feb 13, 2007"
4046,Peoria Regional,Peoria,United States,PIA,KPIA,40.664203,-89.693258,660,-6,A,"Peoria, IL",328,329,378,380,3.749999999999999,16.03647416413374,11.0,167.0,"Wed, Feb  7, 2007","Tue, Feb  6, 2007"
5760,Pocatello Regional Airport,Pocatello,United States,PIH,KPIH,42.9098,-112.596,4452,-7,A,"Pocatello, ID",139,139,143,140,3.20863309352518,10.647482014388489,6.0,47.0,"Sat, Feb 24, 2007","Fri, Feb 23, 2007"
3570,Pittsburgh International,Pittsburgh (pennsylva),United States,PIT,KPIT,40.491467,-80.232872,1204,-5,A,"Pittsburgh, PA",3549,3534,3770,3768,6.5195829811214425,21.57470288624787,79.0,297.0,"Wed, Feb 14, 2007","Wed, Feb 14, 2007"
5762,Pellston Regional Airport of Emmet County Airport,Pellston,United States,PLN,KPLN,45.5709,-84.7967,720,-5,A,"Pellston, MI",13,14,14,15,6.076923076923077,27.214285714285715,8.0,62.0,"Sun, Feb  4, 2007","Sat, Feb  3, 2007"
3564,Pensacola Regional,Pensacola,United States,PNS,KPNS,30.473425,-87.186611,121,-6,A,"Pensacola, FL",747,751,765,767,4.285140562248997,11.11185086551265,30.0,84.0,"Fri, Feb 16, 2007","Sat, Feb  3, 2007"
6133,Tri Cities Airport,Pasco,United States,PSC,PSC,46.2647,-119.119,410,-8,A,"Pasco/Kennewick/Richland, WA",200,200,204,203,4.564999999999996,11.054999999999996,12.0,43.0,"Wed, Feb 14, 2007","Sun, Feb  4, 2007"
4147,Petersburg James A. Johnson,Petersburg,United States,PSG,PAPG,56.801667,-132.945278,105,-9,A,"Petersburg, AK",51,53,56,56,3.588235294117647,9.69811320754717,7.0,49.0,"Thu, Feb 15, 2007","Mon, Feb 19, 2007"
3839,Palm Springs International,Palm Springs,United States,PSP,KPSP,33.829667,-116.506694,477,-8,A,"Palm Springs, CA",1257,1254,1277,1277,4.496420047732694,11.83253588516746,36.0,62.0,"Sat, Feb 10, 2007","Thu, Feb 22, 2007"
3641,Theodore Francis Green State,Providence,United States,PVD,KPVD,41.732581,-71.420383,55,-5,A,"Providence, RI",1850,1856,1965,1963,4.47783783783781,13.316810344827582,44.0,130.0,"Thu, Feb 22, 2007","Wed, Feb 14, 2007"
3862,Portland International Jetport,Portland,United States,PWM,KPWM,43.646161,-70.309281,77,-5,A,"Portland, ME",449,446,508,507,3.663697104677059,16.90134529147984,15.0,105.0,"Thu, Feb  8, 2007","Fri, Feb 23, 2007"
4087,Rapid City Regional Airport,Rapid City,United States,RAP,KRAP,44.045278,-103.057222,3204,-7,A,"Rapid City, SD",324,325,347,350,4.314814814814815,13.344615384615388,10.0,65.0,"Tue, Feb 20, 2007","Thu, Feb  8, 2007"
4098,Redding Municipal,Redding,United States,RDD,KRDD,40.509,-122.293389,504,-8,A,"Redding, CA",136,136,138,137,4.242647058823528,12.764705882352942,14.0,31.0,"Thu, Feb  1, 2007","Mon, Feb  5, 2007"
4103,Roberts Field,Redmond-Bend,United States,RDM,KRDM,44.254066,-121.149964,3077,-8,A,"Bend/Redmond, OR",269,269,270,273,3.3605947955390336,12.07063197026022,7.0,75.0,"Mon, Feb 12, 2007","Fri, Feb 23, 2007"
3626,Raleigh Durham International,Raleigh-durham,United States,RDU,KRDU,35.877639,-78.787472,435,-5,A,"Raleigh/Durham, NC",4423,4429,4673,4669,4.779787474564772,13.869722284940174,63.0,111.0,"Fri, Feb 16, 2007","Fri, Feb  2, 2007"
4028,Chicago Rockford International Airport ,Rockford,United States,RFD,KRFD,42.1953611,-89.0972222,742,-6,A,"Rockford, IL",55,56,56,56,3.727272727272727,22.48214285714286,6.0,53.0,"Fri, Feb  9, 2007","Tue, Feb 13, 2007"
3608,Richmond International,Richmond,United States,RIC,KRIC,37.505167,-77.319667,167,-5,A,"Richmond, VA",1411,1402,1507,1506,5.2218284904323164,15.430099857346653,38.0,156.0,"Wed, Feb 21, 2007","Tue, Feb 20, 2007"
3807,Reno Tahoe International,Reno,United States,RNO,KRNO,39.499108,-119.768108,4415,-8,A,"Reno, NV",2076,2075,2100,2098,4.561175337186899,10.853012048192788,32.0,101.0,"Mon, Feb 26, 2007","Tue, Feb 27, 2007"
4016,Roanoke Regional,Roanoke VA,United States,ROA,KROA,37.325472,-79.975417,1175,-5,A,"Roanoke, VA",294,293,344,344,5.3503401360544185,12.853242320819115,22.0,46.0,"Fri, Feb 16, 2007","Tue, Feb 13, 2007"
3622,Greater Rochester International,Rochester,United States,ROC,KROC,43.118866,-77.672389,559,-5,A,"Rochester, NY",1243,1250,1375,1373,7.66130329847144,20.906400000000016,68.0,94.0,"Sat, Feb  3, 2007","Mon, Feb  5, 2007"
4048,Rochester,Rochester,United States,RST,KRST,43.908283,-92.500014,1317,-6,A,"Rochester, MN",299,303,348,348,4.4280936454849495,15.735973597359736,24.0,161.0,"Sun, Feb 18, 2007","Tue, Feb  6, 2007"
3793,Southwest Florida International,Fort Myers,United States,RSW,KRSW,26.536167,-81.755167,30,-5,A,"Fort Myers, FL",2769,2776,2849,2847,7.272300469483567,14.713616714697407,54.0,100.0,"Sun, Feb 18, 2007","Fri, Feb 16, 2007"
3731,San Diego International,San Diego,United States,SAN,KSAN,32.733556,-117.189667,17,-8,A,"San Diego, CA",6735,6748,6920,6922,3.5728285077951054,13.195020746887947,51.0,128.0,"Sat, Feb 24, 2007","Tue, Feb  6, 2007"
3621,San Antonio International,San Antonio,United States,SAT,KSAT,29.533694,-98.469778,809,-6,A,"San Antonio, TX",3093,3094,3169,3170,3.873585515680569,10.682611506140917,43.0,92.0,"Wed, Feb 14, 2007","Mon, Feb 12, 2007"
3613,Savannah Hilton Head International,Savannah,United States,SAV,KSAV,32.127583,-81.202139,51,-5,A,"Savannah, GA",917,919,967,968,5.4678298800436185,14.448313384113163,38.0,129.0,"Sun, Feb 18, 2007","Tue, Feb  6, 2007"
3949,Santa Barbara Municipal,Santa Barbara,United States,SBA,KSBA,34.426211,-119.840372,10,-8,A,"Santa Barbara, CA",1070,1066,1093,1094,4.2869158878504745,9.878048780487799,67.0,51.0,"Thu, Feb 15, 2007","Wed, Feb  7, 2007"
4359,South Bend Regional,South Bend,United States,SBN,KSBN,41.708661,-86.31725,799,-5,A,"South Bend, IN",320,313,350,348,4.321875000000002,17.14696485623002,19.0,95.0,"Wed, Feb 14, 2007","Mon, Feb 26, 2007"
5768,San Luis County Regional Airport,San Luis Obispo,United States,SBP,KSBP,35.2368,-120.642,212,-8,A,"San Luis Obispo, CA",483,483,499,499,3.494824016563147,10.76811594202899,28.0,32.0,"Wed, Feb 28, 2007","Thu, Feb  8, 2007"
3620,Deadhorse,Deadhorse,United States,SCC,PASC,70.19475,-148.465167,64,-9,A,"Deadhorse, AK",53,53,56,56,3.1132075471698113,8.09433962264151,6.0,23.0,"Tue, Feb 13, 2007","Thu, Feb  1, 2007"
4318,University Park Airport,State College Pennsylvania,United States,SCE,KUNV,40.849278,-77.848694,1239,-5,A,"State College, PA",35,34,50,48,5.942857142857143,15.352941176470589,9.0,34.0,"Sat, Feb 10, 2007","Wed, Feb  7, 2007"
4014,Louisville International Airport,Louisville,United States,SDF,KSDF,38.1740858,-85.7364989,501,-5,A,"Louisville, KY",1481,1486,1548,1553,5.800810263335592,14.913862718707946,40.0,130.0,"Fri, Feb  2, 2007","Wed, Feb 14, 2007"
3577,Seattle Tacoma International,Seattle,United States,SEA,KSEA,47.449,-122.309306,433,-8,A,"Seattle, WA",7547,7568,7720,7714,5.58619318934677,15.488504228329822,46.0,110.0,"Sat, Feb 17, 2007","Tue, Feb 27, 2007"
3469,San Francisco International,San Francisco,United States,SFO,KSFO,37.618972,-122.374889,13,-8,A,"San Francisco, CA",9539,9566,9938,9939,5.785512108187436,17.27691825214307,46.0,140.0,"Sun, Feb 25, 2007","Tue, Feb 13, 2007"
4348,Springfield Branson National,Springfield,United States,SGF,KSGF,37.245667,-93.388639,1268,-6,A,"Springfield, MO",784,782,822,819,4.244897959183675,13.867007672634271,28.0,80.0,"Mon, Feb 26, 2007","Sat, Feb 24, 2007"
4064,St. George Municipal,Saint George,United States,SGU,KSGU,37.090583,-113.593056,2941,-7,A,"St. George, UT",278,279,279,280,3.852517985611511,10.426523297491041,10.0,50.0,"Thu, Feb  1, 2007","Fri, Feb 23, 2007"
3609,Shreveport Regional,Shreveport,United States,SHV,KSHV,32.446629,-93.8256,258,-6,A,"Shreveport, LA",675,674,702,701,4.80888888888889,9.544510385756675,32.0,48.0,"Tue, Feb  6, 2007","Sun, Feb 25, 2007"
3856,Sitka Rocky Gutierrez,Sitka,United States,SIT,PASI,57.047138,-135.361611,21,-9,A,"Sitka, AK",78,81,84,84,4.064102564102563,12.45679012345679,12.0,31.0,"Mon, Feb 12, 2007","Fri, Feb  2, 2007"
3748,Norman Y. Mineta San Jose International,San Jose,United States,SJC,KSJC,37.3626,-121.929022,62,-8,A,"San Jose, CA",4485,4489,4580,4578,4.16900780379042,11.621296502561814,34.0,74.0,"Fri, Feb 16, 2007","Sat, Feb  3, 2007"
3708,San Angelo Regional-Mathis Field,San Angelo,United States,SJT,KSJT,31.35775,-100.496306,1919,-6,A,"San Angelo, TX",130,130,140,140,4.123076923076922,8.069230769230764,14.0,25.0,"Sun, Feb 18, 2007","Sun, Feb 11, 2007"
3536,Salt Lake City International,Salt Lake City,United States,SLC,KSLC,40.788389,-111.977772,4227,-7,A,"Salt Lake City, UT",10797,10843,11011,10998,6.0609428544966075,18.354975560269242,39.0,170.0,"Fri, Feb  2, 2007","Tue, Feb 27, 2007"
3817,Sacramento International,Sacramento,United States,SMF,KSMF,38.695417,-121.590778,27,-8,A,"Sacramento, CA",3999,3996,4076,4070,4.256064016004034,10.562562562562533,46.0,149.0,"Wed, Feb 21, 2007","Tue, Feb 13, 2007"
5772,Santa Maria Public-Captain G. Allan Hancock Airport,Santa Maria,United States,SMX,KSMX,34.8989,-120.457,261,-8,A,"Santa Maria, CA",134,133,136,136,4.156716417910448,11.360902255639099,13.0,30.0,"Thu, Feb  8, 2007","Fri, Feb  2, 2007"
3867,John Wayne Airport Orange County,Santa Ana,United States,SNA,KSNA,33.675667,-117.868222,56,-8,A,"Santa Ana, CA",3898,3908,4008,4009,6.3663417136993345,13.255629477993846,80.0,118.0,"Sat, Feb 17, 2007","Thu, Feb 15, 2007"
4336,Abraham Lincoln Capital,Springfield,United States,SPI,KSPI,39.8441,-89.677889,597,-6,A,"Springfield, IL",109,109,132,132,4.660550458715598,17.4862385321101,11.0,169.0,"Thu, Feb  8, 2007","Tue, Feb  6, 2007"
3680,Sheppard AFB Wichita Falls Municipal,Wichita Falls,United States,SPS,KSPS,33.988797,-98.491894,1019,-6,A,"Wichita Falls, TX",155,155,160,160,7.245161290322581,10.316129032258068,14.0,33.0,"Wed, Feb  7, 2007","Mon, Feb 12, 2007"
4067,Sarasota Bradenton International,Sarasota,United States,SRQ,KSRQ,27.395444,-82.554389,30,-5,A,"Sarasota/Bradenton, FL",690,694,714,711,4.591304347826086,11.406340057636891,19.0,65.0,"Tue, Feb 27, 2007","Mon, Feb  5, 2007"
3678,Lambert St. Louis International,St. Louis,United States,STL,KSTL,38.748697,-90.370028,618,-6,A,"St. Louis, MO",4664,4681,4902,4906,4.798456260720412,13.152317880794707,67.0,145.0,"Wed, Feb 21, 2007","Tue, Feb 13, 2007"
6494,Friedman Memorial,Hailey,United States,SUN,KSUN,43.504444,-114.296194,5320,-7,A,"Sun Valley/Hailey/Ketchum, ID",218,218,226,242,3.0504587155963296,10.27522935779817,21.0,56.0,"Sat, Feb 24, 2007","Fri, Feb 23, 2007"
3753,Sioux Gateway-Colonel Bud Day Field,Sioux City,United States,SUX,KSUX,42.402603,-96.384367,1098,-6,A,"Sioux City, IA",39,37,50,50,3.0256410256410255,14.243243243243244,7.0,44.0,"Thu, Feb  8, 2007","Mon, Feb  5, 2007"
3661,Stewart International,Newburgh,United States,SWF,KSWF,41.504094,-74.104839,491,-5,A,"Newburgh/Poughkeepsie, NY",380,379,409,408,6.065789473684208,16.93667546174145,31.0,101.0,"Fri, Feb 16, 2007","Wed, Feb 14, 2007"
3745,Syracuse Hancock International,Syracuse,United States,SYR,KSYR,43.111187,-76.106311,421,-5,A,"Syracuse, NY",930,926,1004,1006,5.511827956989249,23.322894168466547,38.0,134.0,"Fri, Feb 16, 2007","Sat, Feb  3, 2007"
4084,Telluride,Telluride,United States,TEX,KTEX,37.953759,-107.90848,9078,-7,A,"Telluride, CO",45,44,56,56,5.022222222222224,12.113636363636363,11.0,35.0,"Thu, Feb  1, 2007","Fri, Feb 16, 2007"
3698,Tallahassee Regional,Tallahassee,United States,TLH,KTLH,30.396528,-84.350333,81,-5,A,"Tallahassee, FL",272,270,276,276,3.9705882352941178,10.681481481481486,12.0,44.0,"Sun, Feb 18, 2007","Fri, Feb 23, 2007"
4040,Toledo,Toledo,United States,TOL,KTOL,41.586806,-83.807833,684,-5,A,"Toledo, OH",143,144,164,164,3.7762237762237763,14.986111111111105,11.0,47.0,"Sun, Feb 11, 2007","Wed, Feb 28, 2007"
3646,Tampa International,Tampa,United States,TPA,KTPA,27.975472,-82.53325,26,-5,A,"Tampa, FL",6244,6246,6401,6390,4.62123638693146,12.393852065321825,65.0,102.0,"Sat, Feb  3, 2007","Thu, Feb  1, 2007"
4116,Tri-Cities Regional Airport,BRISTOL,United States,TRI,KTRI,36.4752222,-82.4074167,1519,-5,A,"Bristol/Johnson City/Kingsport, TN",72,70,76,76,3.6527777777777777,8.2,8.0,25.0,"Sun, Feb 11, 2007","Wed, Feb 21, 2007"
3447,Trenton Mercer,Trenton,United States,TTN,KTTN,40.276692,-74.813469,213,-5,A,"Trenton, NJ",102,100,108,108,5.06862745098039,12.769999999999996,31.0,38.0,"Thu, Feb  8, 2007","Mon, Feb 26, 2007"
3855,Tulsa International,Tulsa,United States,TUL,KTUL,36.198389,-95.888111,677,-6,A,"Tulsa, OK",1778,1763,1834,1832,4.49268841394825,11.31593874078277,33.0,91.0,"Tue, Feb 27, 2007","Fri, Feb 16, 2007"
5773,Tupelo Regional Airport,Tupelo,United States,TUP,KTUP,34.2681,-88.7699,346,-6,A,"Tupelo, MS",50,49,54,54,3.94,9.551020408163266,10.0,27.0,"Sat, Feb  3, 2007","Fri, Feb 16, 2007"
3636,Tucson International,Tucson,United States,TUS,KTUS,32.116083,-110.941028,2643,-7,N,"Tucson, AZ",1922,1918,1953,1951,4.702913631633718,11.002606882168934,43.0,103.0,"Fri, Feb 16, 2007","Wed, Feb 14, 2007"
4023,Cherry Capital Airport,Traverse City,United States,TVC,KTVC,44.741445,-85.582235,624,-5,A,"Traverse City, MI",230,229,251,252,4.456521739130433,21.68122270742359,13.0,100.0,"Sat, Feb  3, 2007","Tue, Feb  6, 2007"
4263,Magic Valley Regional Airport,Twin Falls,United States,TWF,KTWF,42.481803,-114.487733,4151,-7,A,"Twin Falls, ID",177,167,183,170,3.559322033898305,10.000000000000005,14.0,53.0,"Sun, Feb 25, 2007","Tue, Feb 27, 2007"
3770,Texarkana Regional-Webb Field,Texarkana,United States,TXK,KTXK,33.453722,-93.991028,390,-6,A,"Texarkana, AR",76,75,84,83,3.6184210526315788,8.426666666666666,7.0,22.0,"Sun, Feb  4, 2007","Tue, Feb  6, 2007"
3848,Tyler Pounds Regional,Tyler,United States,TYR,KTYR,32.354139,-95.402386,544,-6,A,"Tyler, TX",107,107,111,112,4.953271028037386,10.000000000000002,23.0,87.0,"Sat, Feb 17, 2007","Sat, Feb 24, 2007"
3676,McGhee Tyson,Knoxville,United States,TYS,KTYS,35.810972,-83.994028,981,-5,A,"Knoxville, TN",897,896,949,951,5.083612040133779,13.917410714285714,34.0,117.0,"Tue, Feb  6, 2007","Tue, Feb  6, 2007"
5776,Valdosta Regional Airport,Valdosta,United States,VLD,KVLD,30.7825,-83.2767,203,-5,A,"Valdosta, GA",78,77,82,82,4.384615384615385,8.844155844155845,9.0,22.0,"Mon, Feb 12, 2007","Fri, Feb 23, 2007"
3873,Eglin AFB,Valparaiso,United States,VPS,KVPS,30.48325,-86.5254,87,-6,A,"Valparaiso, FL",512,511,522,521,7.56640625,11.896281800391389,18.0,72.0,"Thu, Feb  8, 2007","Wed, Feb 21, 2007"
5969,Wrangell Airport,Wrangell,United States,WRG,PAWG,56.4843,-132.37,44,-9,A,"Wrangell, AK",53,53,56,56,3.452830188679245,6.547169811320755,5.0,16.0,"Wed, Feb 21, 2007","Wed, Feb 21, 2007"
4356,NW Arkansas Regional,Bentonville,United States,XNA,KXNA,36.2818694,-94.3068111,1287,-6,A,"Fayetteville, AR",981,981,1058,1055,5.228338430173293,13.417940876656473,30.0,104.0,"Thu, Feb  1, 2007","Fri, Feb  9, 2007"
6803,Yakutat,Yakutat,United States,YAK,PAYA,59.3012,-139.3937,33,-9,A,"Yakutat, AK",56,56,56,56,3.5714285714285716,6.178571428571429,6.0,25.0,"Wed, Feb  7, 2007","Tue, Feb 27, 2007"
3596,Yuma MCAS Yuma International,Yuma,United States,YUM,KYUM,32.656578,-114.60598,216,-7,N,"Yuma, AZ",269,270,272,272,4.5910780669145,12.059259259259258,18.0,83.0,"Wed, Feb  7, 2007","Wed, Feb 14, 2007"
2883,Cyril E. King,St. Thomas,Virgin Islands,STT,TIST,18.337306,-64.973361,23,-4,U,"Charlotte Amalie, VI",281,279,288,288,4.893238434163701,13.666666666666668,33.0,60.0,"Sat, Feb 24, 2007","Sun, Feb 18, 2007"
2884,Henry E. Rohlsen,St. Croix Island,Virgin Islands,STX,TISX,17.701889,-64.798556,74,-4,U,"Christiansted, VI",43,42,44,44,3.5348837209302326,12.428571428571429,17.0,23.0,"Mon, Feb  5, 2007","Tue, Feb 13, 2007"
2885,Rafael Hernndez,Aguadilla,Puerto Rico,BQN,TJBQ,18.494861,-67.129444,237,-4,U,"Aguadilla, PR",92,92,98,98,4.695652173913041,12.315217391304348,9.0,30.0,"Sat, Feb 24, 2007","Wed, Feb 21, 2007"
2889,Aeropuerto Mercedita,Ponce,Puerto Rico,PSE,TJPS,18.008306,-66.563028,29,-4,U,"Ponce, PR",53,53,56,56,4.773584905660377,12.358490566037736,8.0,21.0,"Wed, Feb 21, 2007","Mon, Feb 12, 2007"
2890,Luis Muoz Marn International,San Juan,Puerto Rico,SJU,TJSJ,18.439417,-66.001833,9,-4,U,"San Juan, PR",1941,1936,2000,1995,6.2560535806285476,16.72985537190083,57.0,84.0,"Sat, Feb 10, 2007","Tue, Feb 13, 2007"
