airport_id,name,city,country,iata_faa,iaco,latitude,longitude,altitude,zone,dst,city_state,avg_able_landings,avg_able_takeoffs,total_landings,total_takeoffs,avg_taxi_in,avg_taxi_out,longest_taxi_in,longest_taxi_out,lng_tx_in_date,lng_tx_out_date
4355,Lehigh Valley International,Allentown,United States,ABE,KABE,40.652083,-75.440806,393,-5,A,"Allentown/Bethlehem/Easton, PA",465,464,467,466,4.0795698924731205,12.187500000000002,30.0,44.0,"Wed, Oct 22, 2008","Fri, Oct 10, 2008"
3718,Abilene Regional,Abilene,United States,ABI,KABI,32.411319,-99.681897,1791,-6,A,"Abilene, TX",213,212,213,213,3.497652582159625,8.099056603773588,9.0,38.0,"Sat, Oct 11, 2008","Fri, Oct 24, 2008"
4019,Albuquerque International Sunport,Albuquerque,United States,ABQ,KABQ,35.0402222,-106.6091944,5355,-7,A,"Albuquerque, NM",3257,3256,3265,3266,5.419711390850478,9.767813267813253,70.0,61.0,"Sun, Oct 26, 2008","Sun, Oct 19, 2008"
5715,Southwest Georgia Regional Airport,Albany,United States,ABY,KABY,31.5355,-84.1945,197,-5,A,"Albany, GA",88,88,89,89,3.375,8.363636363636363,5.0,26.0,"Wed, Oct  1, 2008","Fri, Oct 10, 2008"
3700,Waco Regional,Waco,United States,ACT,KACT,31.611289,-97.230519,516,-6,A,"Waco, TX",124,124,124,124,4.822580645161291,8.282258064516125,12.0,24.0,"Fri, Oct 24, 2008","Wed, Oct 15, 2008"
4384,Arcata,Arcata CA,United States,ACV,KACV,40.978111,-124.108611,221,-8,A,"Arcata/Eureka, CA",306,306,322,324,4.202614379084967,10.156862745098042,8.0,35.0,"Wed, Oct 29, 2008","Mon, Oct  6, 2008"
5959,Adak Airport,Adak Island,United States,ADK,PADK,51.878,-176.646,18,-10,A,"Adak Island, AK",8,8,9,9,4.125,5.75,5.0,6.0,"Sun, Oct 12, 2008","Sun, Oct  5, 2008"
3531,Kodiak,Kodiak,United States,ADQ,PADQ,57.749967,-152.493856,78,-9,A,"Kodiak, AK",58,58,60,60,3.2413793103448274,7.0,6.0,19.0,"Thu, Oct 23, 2008","Mon, Oct 13, 2008"
3852,Alexandria International,Alexandria,United States,AEX,KAEX,31.3274,-92.549833,89,-6,A,"Alexandria, LA",176,176,177,177,2.7215909090909096,11.426136363636365,7.0,50.0,"Wed, Oct 15, 2008","Mon, Oct 20, 2008"
3658,Augusta Regional At Bush Field,Bush Field,United States,AGS,KAGS,33.369944,-81.9645,144,-5,A,"Augusta, GA",226,226,227,227,2.9159292035398234,10.991150442477885,8.0,60.0,"Mon, Oct  6, 2008","Fri, Oct 17, 2008"
3864,Albany International,Albany,United States,ALB,KALB,42.748267,-73.801692,285,-5,A,"Albany, NY",1018,1015,1020,1021,3.87524557956778,12.988177339901483,27.0,77.0,"Thu, Oct 16, 2008","Wed, Oct 15, 2008"
5718,Waterloo Regional Airport,Waterloo,United States,ALO,KALO,42.5571,-92.4003,873,-6,A,"Waterloo, IA",25,25,27,27,4.2799999999999985,15.8,14.0,31.0,"Thu, Oct  2, 2008","Sat, Oct 25, 2008"
3840,Rick Husband Amarillo International,Amarillo,United States,AMA,KAMA,35.219369,-101.705931,3607,-6,A,"Amarillo, TX",663,663,676,676,5.624434389140266,9.147812971342384,27.0,33.0,"Thu, Oct 23, 2008","Mon, Oct 20, 2008"
3774,Ted Stevens Anchorage International,Anchorage,United States,ANC,PANC,61.174361,-149.996361,152,-9,A,"Anchorage, AK",1373,1382,1396,1396,4.675892206846324,14.405933429811872,47.0,65.0,"Tue, Oct 28, 2008","Thu, Oct  9, 2008"
7001,Aspen/Pitkin County-Sardy Field,Aspen,United States,ASE,KASE,39.2232,-106.869,7820,-7,A,"Aspen, CO",234,234,243,244,2.8034188034188032,9.807692307692308,10.0,41.0,"Thu, Oct  9, 2008","Sat, Oct 11, 2008"
3682,Hartsfield Jackson Atlanta International,Atlanta,United States,ATL,KATL,33.636719,-84.428067,1026,-5,A,"Atlanta, GA",34529,34587,34700,34702,11.380404877059846,21.630207881574034,96.0,145.0,"Tue, Oct 14, 2008","Wed, Oct  8, 2008"
4047,Appleton,Appleton,United States,ATW,KATW,44.257526,-88.507576,680,-6,A,"Appleton, WI",502,499,504,502,4.693227091633472,11.609218436873748,13.0,44.0,"Sun, Oct  5, 2008","Sun, Oct 26, 2008"
3673,Austin Bergstrom International,Austin,United States,AUS,KAUS,30.194528,-97.669889,542,-6,A,"Austin, TX",3818,3822,3835,3837,5.225772655840754,12.550497121925698,37.0,143.0,"Fri, Oct  3, 2008","Wed, Oct 22, 2008"
4007,Asheville Regional Airport,Asheville,United States,AVL,KAVL,35.436194,-82.541806,2165,-5,A,"Asheville, NC",405,406,408,408,3.525925925925927,15.152709359605911,20.0,127.0,"Fri, Oct 31, 2008","Wed, Oct 15, 2008"
4286,Wilkes Barre Scranton International,Scranton,United States,AVP,KAVP,41.338478,-75.723403,962,-5,A,"Scranton/Wilkes-Barre, PA",209,207,209,208,3.6411483253588517,15.584541062801932,15.0,118.0,"Fri, Oct 10, 2008","Tue, Oct  7, 2008"
4039,Kalamazoo,Kalamazoo,United States,AZO,KAZO,42.234875,-85.552058,874,-5,A,"Kalamazoo, MI",254,251,255,255,3.948818897637797,11.788844621513945,14.0,59.0,"Sun, Oct 12, 2008","Wed, Oct 15, 2008"
3825,Bradley International,Windsor Locks,United States,BDL,KBDL,41.938889,-72.683222,173,-5,A,"Hartford, CT",2211,2208,2220,2219,5.095431931252826,12.69610507246378,25.0,69.0,"Sat, Oct 11, 2008","Mon, Oct 27, 2008"
3599,Bethel,Bethel,United States,BET,PABE,60.779778,-161.838,121,-9,A,"Bethel, AK",86,85,89,89,3.558139534883721,7.035294117647059,7.0,20.0,"Sat, Oct  4, 2008","Sun, Oct 19, 2008"
3558,Meadows Field,Bakersfield,United States,BFL,KBFL,35.433598,-119.05677,507,-8,A,"Bakersfield, CA",262,261,263,262,4.389312977099238,11.160919540229882,11.0,40.0,"Thu, Oct  9, 2008","Sat, Oct  4, 2008"
4129,Greater Binghamton-Edwin A. Link Field,Binghamton,United States,BGM,KBGM,42.208689,-75.979839,1636,-5,A,"Binghamton, NY",62,62,62,62,5.290322580645161,14.677419354838706,11.0,96.0,"Sun, Oct  5, 2008","Tue, Oct 28, 2008"
3463,Bangor International,Bangor,United States,BGR,KBGR,44.807444,-68.828139,192,-5,A,"Bangor, ME",243,243,244,244,5.518518518518518,16.827160493827158,16.0,123.0,"Sun, Oct 26, 2008","Thu, Oct 30, 2008"
3811,Birmingham International,Birmingham,United States,BHM,KBHM,33.562942,-86.75355,644,-6,A,"Birmingham, AL",1949,1946,1953,1954,3.663417136993331,13.134121274409042,33.0,308.0,"Fri, Oct 24, 2008","Wed, Oct 15, 2008"
4021,Billings Logan International Airport,Billings,United States,BIL,KBIL,45.80921,-108.537654,3652,-7,A,"Billings, MT",343,342,349,349,3.728862973760933,11.845029239766076,11.0,129.0,"Sat, Oct 11, 2008","Fri, Oct 10, 2008"
4083,Bismarck Municipal Airport,Bismarck,United States,BIS,KBIS,46.775842,-100.757931,1661,-6,A,"Bismarck/Mandan, ND",175,175,175,175,4.177142857142856,10.194285714285725,9.0,27.0,"Tue, Oct  7, 2008","Sun, Oct 12, 2008"
4037,Central Illinois Regional,Bloomington,United States,BMI,KBMI,40.477111,-88.915917,871,-6,A,"Bloomington/Normal, IL",396,395,398,398,3.7853535353535355,13.037974683544304,10.0,64.0,"Mon, Oct  6, 2008","Wed, Oct 15, 2008"
3690,Nashville International,Nashville,United States,BNA,KBNA,36.124472,-86.678194,599,-6,A,"Nashville, TN",4721,4717,4732,4732,6.075407752594783,11.687301250795011,38.0,118.0,"Fri, Oct 24, 2008","Wed, Oct  8, 2008"
3495,Boise Air Terminal,Boise,United States,BOI,KBOI,43.564361,-116.222861,2871,-7,A,"Boise, ID",1316,1316,1318,1317,3.5683890577507587,10.431610942249243,25.0,62.0,"Wed, Oct  8, 2008","Thu, Oct 30, 2008"
3448,General Edward Lawrence Logan International,Boston,United States,BOS,KBOS,42.364347,-71.005181,19,-5,A,"Boston, MA",9349,9350,9433,9436,6.785538560273832,18.30941176470595,55.0,215.0,"Sat, Oct 25, 2008","Wed, Oct  1, 2008"
3612,Southeast Texas Regional,Beaumont,United States,BPT,KBPT,29.950833,-94.020694,15,-6,A,"Beaumont/Port Arthur, TX",1,2,1,2,4.0,6.5,4.0,7.0,"Wed, Oct  1, 2008","Thu, Oct  2, 2008"
5725,Brunswick Golden Isles Airport,Brunswick,United States,BQK,KBQK,31.2588,-81.4665,26,-5,A,"Brunswick, GA",80,80,80,80,3.4375,9.775000000000002,7.0,23.0,"Sat, Oct 18, 2008","Sun, Oct 12, 2008"
3738,Brownsville South Padre Island International,Brownsville,United States,BRO,KBRO,25.906833,-97.425861,22,-6,A,"Brownsville, TX",133,133,134,134,4.977443609022558,12.872180451127818,15.0,68.0,"Thu, Oct 23, 2008","Thu, Oct 16, 2008"
3571,Wiley Post Will Rogers Memorial,Barrow,United States,BRW,PABR,71.285446,-156.766003,44,-9,A,"Barrow, AK",62,62,62,62,4.467741935483874,5.306451612903225,9.0,15.0,"Wed, Oct 22, 2008","Thu, Oct  9, 2008"
4022,Bert Mooney Airport,Butte,United States,BTM,KBTM,45.954806,-112.497472,5550,-7,A,"Butte, MT",62,62,62,62,4.112903225806452,13.354838709677422,6.0,37.0,"Mon, Oct 13, 2008","Tue, Oct 21, 2008"
3846,Baton Rouge Metro-Ryan Field,Baton Rouge,United States,BTR,KBTR,30.533167,-91.149639,70,-6,A,"Baton Rouge, LA",788,785,791,789,4.706852791878172,11.482802547770696,71.0,237.0,"Sun, Oct  5, 2008","Wed, Oct 22, 2008"
3711,Burlington International,Burlington,United States,BTV,KBTV,44.471861,-73.153278,335,-5,A,"Burlington, VT",546,545,548,546,4.040293040293041,16.689908256880738,11.0,134.0,"Mon, Oct 27, 2008","Sat, Oct 25, 2008"
3820,Buffalo Niagara International,Buffalo,United States,BUF,KBUF,42.940525,-78.732167,724,-5,A,"Buffalo, NY",2226,2221,2235,2234,4.104672057502245,12.515533543448896,39.0,80.0,"Sat, Oct 25, 2008","Tue, Oct 21, 2008"
3644,Bob Hope,Burbank,United States,BUR,KBUR,34.200667,-118.358667,778,-8,A,"Burbank, CA",2529,2530,2552,2551,2.753657572162914,11.268379446640314,41.0,62.0,"Mon, Oct 13, 2008","Sat, Oct 11, 2008"
3849,Baltimore Washington International,Baltimore,United States,BWI,KBWI,39.175361,-76.668333,146,-5,A,"Baltimore, MD",8476,8480,8491,8496,4.951864086833428,11.079716981132073,43.0,126.0,"Mon, Oct  6, 2008","Sun, Oct  5, 2008"
4020,Gallatin Field,Bozeman,United States,BZN,KBZN,45.777643,-111.160151,4500,-7,A,"Bozeman, MT",330,329,331,331,4.43939393939394,13.881458966565349,28.0,98.0,"Thu, Oct 16, 2008","Sun, Oct 26, 2008"
3561,Columbia Metropolitan,Colombia,United States,CAE,KCAE,33.938833,-81.119528,236,-5,A,"Columbia, SC",887,886,891,891,4.165727170236763,12.936794582392777,18.0,66.0,"Sun, Oct  5, 2008","Tue, Oct 21, 2008"
4112,Akron Canton Regional Airport,Akron,United States,CAK,KCAK,40.9160833,-81.4421944,1228,-5,A,"Akron, OH",747,747,751,752,4.655957161981257,12.595716198125833,26.0,98.0,"Sat, Oct 11, 2008","Tue, Oct 28, 2008"
3824,Cedar City Regional,Cedar City,United States,CDC,KCDC,37.700967,-113.098847,5622,-7,A,"Cedar City, UT",56,56,58,58,3.3214285714285716,8.928571428571427,6.0,28.0,"Mon, Oct 13, 2008","Sun, Oct 12, 2008"
3610,Merle K. Mudhole Smith,Cordova,United States,CDV,PACV,60.491778,-145.477556,48,-9,A,"Cordova, AK",60,60,62,62,3.4833333333333334,8.499999999999996,5.0,24.0,"Sun, Oct 12, 2008","Thu, Oct 16, 2008"
5727,Del Norte County Airport,Crescent City,United States,CEC,KCEC,41.7802,-124.237,57,-8,A,"Crescent City, CA",91,89,93,91,3.681318681318681,11.85393258426966,31.0,40.0,"Wed, Oct 29, 2008","Sat, Oct  4, 2008"
3578,Lovell Field,Chattanooga,United States,CHA,KCHA,35.035278,-85.203808,683,-5,A,"Chattanooga, TN",412,412,413,413,3.961165048543692,11.885922330097088,19.0,79.0,"Thu, Oct 23, 2008","Fri, Oct 10, 2008"
4015,Charlottesville-Albemarle,Charlottesville VA,United States,CHO,KCHO,38.138639,-78.452861,639,-5,A,"Charlottesville, VA",62,62,62,62,2.9677419354838706,12.435483870967742,4.0,47.0,"Tue, Oct  7, 2008","Fri, Oct 31, 2008"
3806,Charleston AFB International,Charleston,United States,CHS,KCHS,32.898647,-80.040528,45,-5,A,"Charleston, SC",1176,1176,1181,1181,7.107142857142857,13.527210884353744,72.0,71.0,"Sun, Oct 12, 2008","Thu, Oct  2, 2008"
3710,Chico Municipal,Chico,United States,CIC,KCIC,39.795383,-121.858422,238,-8,A,"Chico, CA",118,118,119,119,3.542372881355932,10.161016949152547,6.0,34.0,"Sat, Oct 18, 2008","Thu, Oct  2, 2008"
4043,Cedar Rapids,Cedar Rapids,United States,CID,KCID,41.884694,-91.710806,869,-6,A,"Cedar Rapids/Iowa City, IA",759,758,764,764,4.67852437417655,11.592348284960417,22.0,129.0,"Wed, Oct  1, 2008","Mon, Oct 27, 2008"
4088,McClellan-Palomar Airport,Carlsbad,United States,CLD,KCRQ,33.0742,-117.1648,328,-8,A,"Carlsbad, CA",185,185,187,187,3.6486486486486487,9.800000000000004,7.0,37.0,"Thu, Oct  9, 2008","Sun, Oct 26, 2008"
3486,Cleveland Hopkins International,Cleveland,United States,CLE,KCLE,41.411689,-81.849794,791,-5,A,"Cleveland, OH",5131,5133,5143,5147,5.629312024946411,13.204558737580383,26.0,110.0,"Tue, Oct  7, 2008","Mon, Oct 20, 2008"
3715,Easterwood Field,College Station,United States,CLL,KCLL,30.588583,-96.363833,321,-6,A,"College Station/Bryan, TX",89,90,89,90,3.7191011235955056,6.866666666666666,11.0,21.0,"Sun, Oct  5, 2008","Sat, Oct 25, 2008"
3876,Charlotte Douglas International,Charlotte,United States,CLT,KCLT,35.214,-80.943139,748,-5,A,"Charlotte, NC",10717,10740,10770,10776,6.405710553326488,21.005027932960896,56.0,162.0,"Sun, Oct 19, 2008","Wed, Oct 15, 2008"
3759,Port Columbus International,Columbus,United States,CMH,KCMH,39.997972,-82.891889,815,-5,A,"Columbus, OH",2599,2594,2604,2602,4.421700654097733,12.288743253662316,20.0,126.0,"Tue, Oct  7, 2008","Wed, Oct 15, 2008"
4049,Champaign,Champaign,United States,CMI,KCMI,40.03925,-88.278056,754,-6,A,"Champaign/Urbana, IL",205,205,205,205,3.375609756097561,10.634146341463415,9.0,40.0,"Mon, Oct 27, 2008","Sun, Oct 12, 2008"
5732,Houghton County Memorial Airport,Hancock,United States,CMX,KCMX,47.1684,-88.4891,1095,-5,A,"Hancock/Houghton, MI",27,27,27,27,6.0,12.962962962962964,10.0,21.0,"Sun, Oct  5, 2008","Mon, Oct 13, 2008"
4344,Yellowstone Regional,Cody,United States,COD,KCOD,44.520194,-109.023806,5102,-7,A,"Cody, WY",83,82,85,85,3.9036144578313254,13.817073170731707,9.0,47.0,"Sun, Oct 26, 2008","Fri, Oct 10, 2008"
3819,City Of Colorado Springs Municipal,Colorado Springs,United States,COS,KCOS,38.805805,-104.700778,6187,-7,A,"Colorado Springs, CO",1121,1124,1128,1127,6.833184656556648,14.326512455516019,33.0,109.0,"Sun, Oct  5, 2008","Sun, Oct  5, 2008"
3872,Natrona County International,Casper,United States,CPR,KCPR,42.908,-106.464417,5347,-7,A,"Casper, WY",216,218,218,220,3.75,11.545871559633028,9.0,40.0,"Sun, Oct  5, 2008","Wed, Oct  8, 2008"
3744,Corpus Christi International,Corpus Christi,United States,CRP,KCRP,27.770361,-97.501222,44,-6,A,"Corpus Christi, TX",497,497,498,498,3.8551307847082494,11.963782696177061,24.0,188.0,"Wed, Oct 15, 2008","Wed, Oct 22, 2008"
4285,Yeager,Charleston,United States,CRW,KCRW,38.373147,-81.593189,981,-5,A,"Charleston/Dunbar, WV",377,376,378,378,3.5915119363395225,10.611702127659582,13.0,66.0,"Wed, Oct 22, 2008","Fri, Oct 10, 2008"
4255,Columbus Metropolitan Airport,Columbus,United States,CSG,KCSG,32.5163333,-84.9388611,397,-5,A,"Columbus, GA",141,141,143,143,3.0354609929078014,10.06382978723404,5.0,35.0,"Fri, Oct 24, 2008","Fri, Oct 17, 2008"
3488,Cincinnati Northern Kentucky International,Cincinnati,United States,CVG,KCVG,39.048836,-84.667822,896,-5,A,"Cincinnati, OH",6682,6681,6707,6708,5.06495061358876,15.603053435114502,46.0,109.0,"Mon, Oct 27, 2008","Wed, Oct 15, 2008"
4045,Central Wisconsin,Wassau,United States,CWA,KCWA,44.772726,-89.646635,840,-6,A,"Mosinee, WI",271,269,271,271,3.59409594095941,11.565055762081784,11.0,123.0,"Sun, Oct 19, 2008","Sun, Oct 26, 2008"
3950,Daytona Beach International,Daytona Beach,United States,DAB,KDAB,29.179917,-81.058056,34,-5,A,"Daytona Beach, FL",151,150,151,151,2.980132450331126,11.766666666666667,8.0,45.0,"Thu, Oct 23, 2008","Wed, Oct  8, 2008"
3502,Dallas Love Field,Dallas,United States,DAL,KDAL,32.847111,-96.851778,487,-6,A,"Dallas, TX",4377,4386,4429,4428,3.7651359378569795,9.26607387140904,21.0,198.0,"Mon, Oct 27, 2008","Wed, Oct 15, 2008"
3627,James M. Cox Dayton International,Dayton,United States,DAY,KDAY,39.902375,-84.219375,1009,-5,A,"Dayton, OH",1370,1368,1372,1371,5.470802919708022,12.495614035087707,35.0,83.0,"Fri, Oct  3, 2008","Wed, Oct 22, 2008"
4388,Dubuque Regional,Dubuque IA,United States,DBQ,KDBQ,42.402,-90.709472,1076,-6,A,"Dubuque, IA",117,117,120,120,3.341880341880342,10.871794871794876,11.0,62.0,"Wed, Oct 29, 2008","Mon, Oct 27, 2008"
3520,Ronald Reagan Washington National,Washington,United States,DCA,KDCA,38.852083,-77.037722,15,-5,A,"Washington, DC",7195,7187,7274,7275,4.933564975677566,16.801307917072464,61.0,140.0,"Wed, Oct  1, 2008","Thu, Oct 16, 2008"
3751,Denver International,Denver,United States,DEN,KDEN,39.861656,-104.673178,5431,-7,A,"Denver, CO",19518,19516,19609,19588,8.079516343887661,14.428417708546815,84.0,136.0,"Sun, Oct  5, 2008","Fri, Oct 24, 2008"
3670,Dallas Fort Worth International,Dallas-fort Worth,United States,DFW,KDFW,32.896828,-97.037997,607,-6,A,"Dallas/Fort Worth, TX",22661,22677,22775,22775,9.687083535589728,14.974335229527716,82.0,126.0,"Tue, Oct 28, 2008","Wed, Oct 15, 2008"
3739,Dothan Regional,Dothan,United States,DHN,KDHN,31.321339,-85.449628,401,-6,A,"Dothan, AL",120,120,120,120,3.4833333333333334,10.316666666666668,11.0,76.0,"Thu, Oct  2, 2008","Fri, Oct 24, 2008"
3598,Duluth International,Duluth,United States,DLH,KDLH,46.842091,-92.193649,1428,-6,A,"Duluth, MN",146,144,147,147,5.527397260273973,12.291666666666668,29.0,33.0,"Fri, Oct  3, 2008","Sat, Oct 11, 2008"
3713,Durango La Plata County,Durango,United States,DRO,KDRO,37.151516,-107.75377,6685,-7,A,"Durango, CO",251,250,252,251,4.5976095617529875,11.627999999999997,36.0,48.0,"Thu, Oct  2, 2008","Mon, Oct 20, 2008"
3729,Des Moines International,Des Moines,United States,DSM,KDSM,41.533972,-93.663083,958,-6,A,"Des Moines, IA",1337,1334,1344,1343,4.177262528047858,11.669415292353836,28.0,112.0,"Wed, Oct 29, 2008","Tue, Oct  7, 2008"
3645,Detroit Metro Wayne County,Detroit,United States,DTW,KDTW,42.212444,-83.353389,645,-5,A,"Detroit, MI",12596,12625,12652,12650,10.708081930771632,18.458693069306985,56.0,115.0,"Thu, Oct  9, 2008","Wed, Oct 15, 2008"
4250,Eagle County Regional,Vail,United States,EGE,KEGE,39.642556,-106.917694,6540,-7,A,"Eagle, CO",142,141,147,147,3.3098591549295784,11.900709219858156,14.0,30.0,"Fri, Oct 17, 2008","Mon, Oct 20, 2008"
5736,Elko Regional Airport,Elko,United States,EKO,KEKO,40.8249,-115.792,5140,-8,A,"Elko, NV",124,124,124,124,4.725806451612903,11.35483870967742,10.0,35.0,"Fri, Oct  3, 2008","Mon, Oct 13, 2008"
3946,Elmira Corning Regional,Elmira,United States,ELM,KELM,42.159889,-76.891611,954,-5,A,"Elmira/Corning, NY",112,111,112,112,4.571428571428569,11.702702702702704,11.0,27.0,"Wed, Oct  1, 2008","Fri, Oct 24, 2008"
3559,El Paso International,El Paso,United States,ELP,KELP,31.80725,-106.377583,3958,-7,A,"El Paso, TX",1706,1705,1711,1711,3.821219226260259,10.072140762463334,37.0,78.0,"Sat, Oct 18, 2008","Mon, Oct 27, 2008"
4276,Erie International-Tom Ridge Field,Erie,United States,ERI,KERI,42.082022,-80.176217,733,-5,A,"Erie, PA",120,120,120,120,5.125,10.625,10.0,37.0,"Sun, Oct 12, 2008","Fri, Oct 31, 2008"
4099,Mahlon Sweet Field,Eugene,United States,EUG,KEUG,44.124583,-123.211972,374,-8,A,"Eugene, OR",420,419,420,421,3.511904761904762,10.159904534606198,6.0,56.0,"Fri, Oct  3, 2008","Sat, Oct 11, 2008"
4018,Evansville Regional,Evansville,United States,EVV,KEVV,38.036997,-87.532364,418,-6,A,"Evansville, IN",475,475,476,477,4.701052631578952,11.503157894736843,20.0,94.0,"Mon, Oct 27, 2008","Wed, Oct  8, 2008"
3730,Craven County Regional,New Bern,United States,EWN,KEWN,35.072972,-77.042944,18,-5,A,"New Bern/Morehead/Beaufort, NC",62,61,62,62,2.6129032258064506,10.57377049180328,10.0,50.0,"Sat, Oct 18, 2008","Fri, Oct 31, 2008"
3494,Newark Liberty International,Newark,United States,EWR,KEWR,40.6925,-74.168667,18,-5,A,"Newark, NJ",10639,10648,10707,10710,9.948209418178454,31.458865514650622,74.0,147.0,"Mon, Oct  6, 2008","Wed, Oct  8, 2008"
3875,Key West International,Key West,United States,EYW,KEYW,24.556111,-81.759556,3,-5,A,"Key West, FL",56,55,56,56,2.714285714285714,11.072727272727272,7.0,71.0,"Thu, Oct 23, 2008","Wed, Oct  8, 2008"
3832,Fairbanks International,Fairbanks,United States,FAI,PAFA,64.815114,-147.856267,434,-9,A,"Fairbanks, AK",343,341,346,346,3.326530612244898,13.870967741935479,9.0,46.0,"Wed, Oct  1, 2008","Thu, Oct  2, 2008"
4292,Hector International Airport,Fargo,United States,FAR,KFAR,46.92065,-96.8157639,902,-6,A,"Fargo, ND",343,341,343,343,4.641399416909623,12.818181818181813,10.0,33.0,"Sun, Oct  5, 2008","Thu, Oct  2, 2008"
3687,Fresno Yosemite International,Fresno,United States,FAT,KFAT,36.776194,-119.71814,336,-8,A,"Fresno, CA",1035,1034,1038,1038,4.935265700483095,10.432301740812369,15.0,53.0,"Wed, Oct 15, 2008","Fri, Oct 10, 2008"
5738,Fayetteville Regional-Grannis Field,Fayetteville,United States,FAY,KFAY,34.9912,-78.8803,189,-5,A,"Fayetteville, NC",227,227,227,227,4.511013215859028,9.273127753303969,12.0,41.0,"Sun, Oct 26, 2008","Wed, Oct  8, 2008"
4127,Glacier Park International,Kalispell,United States,FCA,KFCA,48.310472,-114.256,2977,-7,A,"Kalispell, MT",182,182,182,182,3.791208791208791,13.532967032967033,7.0,52.0,"Tue, Oct  7, 2008","Fri, Oct  3, 2008"
4261,Flagstaff Pulliam Airport,Flagstaff,United States,FLG,KFLG,35.140318,-111.6692392,7015,-7,N,"Flagstaff, AZ",162,161,164,164,6.246913580246913,17.571428571428587,20.0,55.0,"Wed, Oct  8, 2008","Sun, Oct  5, 2008"
3533,Fort Lauderdale Hollywood International,Fort Lauderdale,United States,FLL,KFLL,26.072583,-80.15275,9,-5,A,"Fort Lauderdale, FL",4702,4703,4711,4711,4.35920884729903,14.644056984903232,49.0,128.0,"Fri, Oct 24, 2008","Mon, Oct 13, 2008"
3879,Florence Regional,Florence,United States,FLO,KFLO,34.185361,-79.723889,146,-5,A,"Florence, SC",53,53,53,53,4.30188679245283,12.660377358490566,6.0,24.0,"Thu, Oct 30, 2008","Fri, Oct 31, 2008"
4089,Bishop International,Flint,United States,FNT,KFNT,42.965424,-83.743629,782,-5,A,"Flint, MI",653,653,656,656,4.134762633996942,10.747320061255754,15.0,112.0,"Sun, Oct 26, 2008","Tue, Oct  7, 2008"
4009,Sioux Falls,Sioux Falls,United States,FSD,KFSD,43.582014,-96.741914,1429,-6,A,"Sioux Falls, SD",516,517,518,518,4.715116279069768,12.889748549323015,17.0,82.0,"Thu, Oct 23, 2008","Tue, Oct  7, 2008"
3437,Fort Smith Regional,Fort Smith,United States,FSM,KFSM,35.336583,-94.367444,469,-6,A,"Fort Smith, AR",262,262,262,262,4.0687022900763345,10.606870229007631,12.0,45.0,"Sun, Oct 19, 2008","Thu, Oct 23, 2008"
4041,Fort Wayne,Fort Wayne,United States,FWA,KFWA,40.978472,-85.195139,815,-5,A,"Fort Wayne, IN",513,511,513,513,3.6939571150097485,13.050880626223092,11.0,99.0,"Thu, Oct 30, 2008","Mon, Oct 27, 2008"
4296,Gillette-Campbell County Airport,Gillette,United States,GCC,KGCC,44.3489167,-105.5393611,4365,-7,A,"Gillette, WY",124,124,124,124,4.701612903225807,15.322580645161288,26.0,66.0,"Mon, Oct 20, 2008","Fri, Oct 10, 2008"
3467,Spokane International,Spokane,United States,GEG,KGEG,47.619861,-117.533833,2376,-8,A,"Spokane, WA",1134,1129,1137,1135,4.121693121693118,10.663418954827279,19.0,63.0,"Tue, Oct  7, 2008","Mon, Oct 13, 2008"
3442,Grand Forks International,Grand Forks,United States,GFK,KGFK,47.949256,-97.176111,845,-6,A,"Grand Forks, ND",116,116,116,116,4.14655172413793,10.189655172413794,9.0,22.0,"Thu, Oct 23, 2008","Mon, Oct 27, 2008"
3465,East Texas Regional,Longview,United States,GGG,KGGG,32.384014,-94.711486,365,-6,A,"Longview, TX",61,61,62,62,3.459016393442624,8.0,7.0,24.0,"Sun, Oct 19, 2008","Mon, Oct  6, 2008"
4063,Grand Junction Regional,Grand Junction,United States,GJT,KGJT,39.122413,-108.526735,4858,-7,A,"Grand Junction, CO",440,437,441,441,3.8136363636363635,10.839816933638444,15.0,35.0,"Thu, Oct 30, 2008","Fri, Oct  3, 2008"
3472,Gainesville Regional,Gainesville,United States,GNV,KGNV,29.690056,-82.271778,152,-5,A,"Gainesville, FL",177,176,178,178,3.5141242937853105,9.32954545454545,16.0,86.0,"Mon, Oct 27, 2008","Fri, Oct 10, 2008"
4038,Gulfport-Biloxi,Gulfport,United States,GPT,KGPT,30.407278,-89.070111,28,-6,A,"Gulfport/Biloxi, MS",653,653,657,657,4.638591117917305,10.756508422664618,16.0,108.0,"Mon, Oct 13, 2008","Wed, Oct 22, 2008"
3653,Austin Straubel International,Green Bay,United States,GRB,KGRB,44.485072,-88.129589,695,-6,A,"Green Bay, WI",609,608,611,610,4.085385878489327,10.509868421052628,28.0,112.0,"Sun, Oct 26, 2008","Tue, Oct  7, 2008"
3775,Robert Gray AAF,Killeen,United States,GRK,KGRK,31.06725,-97.828917,1015,-6,A,"Killeen, TX",50,51,50,51,3.76,10.215686274509801,9.0,29.0,"Sat, Oct 25, 2008","Thu, Oct  2, 2008"
3685,Gerald R. Ford International,Grand Rapids,United States,GRR,KGRR,42.880833,-85.522806,794,-5,A,"Grand Rapids, MI",1408,1403,1414,1413,4.0071022727272725,12.560940841054888,30.0,115.0,"Tue, Oct  7, 2008","Tue, Oct  7, 2008"
4008,Piedmont Triad,Greensboro,United States,GSO,KGSO,36.09775,-79.937306,925,-5,A,"Greensboro/High Point, NC",1084,1081,1089,1089,5.2426199261992625,15.022201665124884,42.0,87.0,"Fri, Oct 17, 2008","Fri, Oct 24, 2008"
4034,Greenville-Spartanburg International,Greenville,United States,GSP,KGSP,34.895556,-82.218889,964,-5,A,"Greer, SC",906,906,911,912,4.13686534216335,13.923841059602651,22.0,91.0,"Fri, Oct  3, 2008","Wed, Oct 15, 2008"
3880,Great Falls International,Great Falls,United States,GTF,KGTF,47.482,-111.370689,3677,-7,A,"Great Falls, MT",155,156,155,156,5.1161290322580655,10.384615384615381,11.0,35.0,"Thu, Oct  2, 2008","Sun, Oct 12, 2008"
4273,Golden Triangle Regional Airport,Columbus Mississippi,United States,GTR,KGTR,33.450333,-88.591361,264,-6,A,"Columbus, MS",85,85,85,85,3.3529411764705883,8.541176470588233,5.0,23.0,"Sat, Oct 11, 2008","Fri, Oct 17, 2008"
7051,Gunnison - Crested Butte,Gunnison,United States,GUC,KGUC,38.533889,-106.933056,7678,-7,A,"Gunnison, CO",60,60,62,62,2.6999999999999997,11.066666666666668,8.0,46.0,"Wed, Oct  8, 2008","Mon, Oct 20, 2008"
4339,Yampa Valley,Hayden,United States,HDN,KHDN,40.481181,-107.21766,6602,-7,A,"Hayden, CO",93,93,93,93,3.774193548387097,11.903225806451616,5.0,30.0,"Sun, Oct  5, 2008","Sun, Oct 12, 2008"
7002,Hilton Head,Hilton Head,United States,HHH,KHHH,32.216,-80.752,10,-5,U,"Hilton Head, SC",61,60,62,62,3.704918032786886,10.3,15.0,20.0,"Sat, Oct 25, 2008","Tue, Oct 28, 2008"
3504,Helena Regional,Helena,United States,HLN,KHLN,46.606806,-111.98275,3877,-7,A,"Helena, MT",181,179,182,182,3.3370165745856353,12.106145251396644,6.0,43.0,"Fri, Oct 10, 2008","Mon, Oct 13, 2008"
3728,Honolulu International,Honolulu,United States,HNL,PHNL,21.318681,-157.922428,13,-10,N,"Honolulu, HI",4385,4386,4407,4408,5.823489167616887,12.887368901048804,34.0,54.0,"Thu, Oct 16, 2008","Mon, Oct 27, 2008"
3566,William P. Hobby,Houston,United States,HOU,KHOU,29.645419,-95.278889,46,-6,A,"Houston, TX",4602,4602,4671,4670,4.676879617557576,8.744458930899606,50.0,77.0,"Wed, Oct 29, 2008","Fri, Oct 24, 2008"
3589,Westchester County,White Plains,United States,HPN,KHPN,41.066959,-73.707575,439,-5,A,"White Plains, NY",782,781,784,783,5.092071611253199,15.833546734955183,24.0,132.0,"Thu, Oct  9, 2008","Tue, Oct  7, 2008"
3560,Valley International,Harlingen,United States,HRL,KHRL,26.2285,-97.654389,36,-6,A,"Harlingen/San Benito, TX",388,389,397,397,2.569587628865982,8.195372750642674,21.0,130.0,"Wed, Oct 22, 2008","Wed, Oct 22, 2008"
4113,Huntsville International Airport-Carl T. Jones Field,Huntsville,United States,HSV,KHSV,34.6371944,-86.7750556,629,-6,A,"Huntsville, AL",873,873,878,879,5.278350515463911,13.965635738831615,29.0,92.0,"Fri, Oct 10, 2008","Wed, Oct  8, 2008"
5742,TriState-Milton J. Ferguson Field,Huntington,United States,HTS,KHTS,38.3667,-82.558,828,-5,A,"Ashland, WV",54,53,54,53,4.35185185185185,9.075471698113214,10.0,20.0,"Sat, Oct 11, 2008","Fri, Oct  3, 2008"
3714,Washington Dulles International,Washington,United States,IAD,KIAD,38.944533,-77.455811,313,-5,A,"Washington, DC",5857,5868,5914,5913,6.611917363838131,17.74710293115203,56.0,147.0,"Tue, Oct 28, 2008","Fri, Oct 31, 2008"
3550,George Bush Intercontinental Houston,Houston,United States,IAH,KIAH,29.984433,-95.341442,97,-6,A,"Houston, TX",14368,14377,14442,14448,9.134047884187096,18.201780621826497,53.0,256.0,"Wed, Oct 15, 2008","Wed, Oct 15, 2008"
3457,Wichita Mid Continent,Wichita,United States,ICT,KICT,37.649944,-97.433056,1333,-6,A,"Wichita, KS",1128,1121,1135,1134,4.9086879432624055,12.595896520963427,89.0,244.0,"Mon, Oct  6, 2008","Wed, Oct 15, 2008"
4100,Idaho Falls Regional,Idaho Falls,United States,IDA,KIDA,43.514556,-112.07075,4744,-7,A,"Idaho Falls, ID",253,248,253,249,4.173913043478261,11.935483870967746,8.0,38.0,"Fri, Oct 17, 2008","Mon, Oct 13, 2008"
3845,Wilmington International,Wilmington,United States,ILM,KILM,34.270615,-77.902569,32,-5,A,"Wilmington, NC",345,344,346,346,4.368115942028986,13.970930232558139,13.0,62.0,"Fri, Oct 24, 2008","Fri, Oct 24, 2008"
3585,Indianapolis International,Indianapolis,United States,IND,KIND,39.717331,-86.294383,797,-5,A,"Indianapolis, IN",3410,3411,3418,3418,8.576539589442786,13.732922896511283,32.0,149.0,"Mon, Oct 20, 2008","Fri, Oct  3, 2008"
3689,Imperial County,Imperial,United States,IPL,KIPL,32.834219,-115.578744,-54,-8,A,"El Centro, CA",57,57,57,57,3.7543859649122804,9.947368421052632,7.0,32.0,"Thu, Oct  9, 2008","Mon, Oct  6, 2008"
3857,Long Island MacArthur,Islip,United States,ISP,KISP,40.79525,-73.100222,99,-5,A,"Islip, NY",808,808,808,808,4.148514851485149,8.325495049504951,27.0,26.0,"Fri, Oct 10, 2008","Sat, Oct 25, 2008"
3947,Ithaca Tompkins Regional,Ithaca,United States,ITH,KITH,42.491028,-76.458444,1099,-5,A,"Ithaca/Cortland, NY",31,31,31,31,6.870967741935484,25.774193548387096,10.0,84.0,"Sat, Oct  4, 2008","Tue, Oct 14, 2008"
3415,Hilo International,Hilo,United States,ITO,PHTO,19.721375,-155.048469,38,-10,N,"Hilo, HI",656,655,661,661,5.1189024390243905,8.981679389312994,13.0,38.0,"Sat, Oct  4, 2008","Sun, Oct 12, 2008"
7120,Inyokern Airport,Inyokern,United States,IYK,KIYK,35.658889,-117.829444,2455,-8,A,"Inyokern, CA",77,77,80,80,4.116883116883117,10.675324675324676,7.0,28.0,"Sun, Oct 12, 2008","Fri, Oct 24, 2008"
4027,Jackson Hole Airport,Jacksn Hole,United States,JAC,KJAC,43.60733333,-110.73775,6451,-7,A,"Jackson, WY",179,179,183,183,3.2290502793296096,15.413407821229056,8.0,64.0,"Mon, Oct 13, 2008","Fri, Oct 10, 2008"
3580,Jackson Evers International,Jackson,United States,JAN,KJAN,32.311167,-90.075889,346,-6,A,"Jackson/Vicksburg, MS",1024,1022,1027,1027,4.1005859374999964,10.34246575342466,22.0,78.0,"Mon, Oct 27, 2008","Fri, Oct 10, 2008"
3712,Jacksonville International,Jacksonville,United States,JAX,KJAX,30.494056,-81.687861,30,-5,A,"Jacksonville, FL",2443,2442,2452,2452,5.322554236594352,12.505323505323506,33.0,135.0,"Mon, Oct  6, 2008","Wed, Oct  8, 2008"
3797,John F. Kennedy International,New York,United States,JFK,KJFK,40.639751,-73.778925,13,-5,A,"New York, NY",8974,8975,9044,9037,10.170269667929587,29.353871866295247,124.0,173.0,"Thu, Oct 16, 2008","Wed, Oct  1, 2008"
3492,Juneau International,Juneau,United States,JNU,PAJN,58.354972,-134.576278,21,-9,A,"Juneau, AK",331,329,341,341,4.078549848942597,14.148936170212766,11.0,52.0,"Sat, Oct  4, 2008","Sun, Oct 26, 2008"
3514,Kona International At Keahole,Kona,United States,KOA,PHKO,19.738767,-156.045631,47,-10,N,"Kona, HI",974,974,975,975,4.505133470225869,9.770020533880915,10.0,45.0,"Thu, Oct  2, 2008","Fri, Oct 10, 2008"
3808,Ketchikan International,Ketchikan,United States,KTN,PAKT,55.355556,-131.71375,88,-9,A,"Ketchikan, AK",183,183,186,186,4.601092896174864,11.3224043715847,20.0,33.0,"Thu, Oct 30, 2008","Wed, Oct  8, 2008"
3544,Capital City,Lansing,United States,LAN,KLAN,42.7787,-84.587357,861,-5,A,"Lansing, MI",263,263,263,263,4.182509505703419,13.692015209125476,18.0,71.0,"Fri, Oct 24, 2008","Sun, Oct 26, 2008"
3877,McCarran International,Las Vegas,United States,LAS,KLAS,36.080056,-115.15225,2141,-8,A,"Las Vegas, NV",13846,13838,13934,13932,6.218113534594845,16.563520739991258,89.0,107.0,"Thu, Oct 30, 2008","Wed, Oct 15, 2008"
4256,Lawton-Fort Sill Regional Airport,Lawton,United States,LAW,KLAW,34.5677144,-98.4166367,1110,-6,A,"Lawton/Fort Sill, OK",99,99,99,100,2.9090909090909096,8.727272727272723,6.0,29.0,"Sun, Oct  5, 2008","Sat, Oct 25, 2008"
3484,Los Angeles International,Los Angeles,United States,LAX,KLAX,33.942536,-118.408075,126,-8,A,"Los Angeles, CA",16744,16768,16925,16926,8.697742474916463,14.497316316793883,62.0,114.0,"Sat, Oct  4, 2008","Tue, Oct 28, 2008"
3829,Lubbock Preston Smith International,Lubbock,United States,LBB,KLBB,33.663639,-101.822778,3282,-6,A,"Lubbock, TX",617,618,618,618,3.2431118314424623,8.150485436893199,44.0,34.0,"Mon, Oct 13, 2008","Fri, Oct 24, 2008"
3513,Lake Charles Regional,Lake Charles,United States,LCH,KLCH,30.126112,-93.223335,15,-6,A,"Lake Charles, LA",64,64,64,64,3.9375,14.15625,6.0,104.0,"Tue, Oct 21, 2008","Thu, Oct 16, 2008"
4017,Blue Grass,Lexington KY,United States,LEX,KLEX,38.0365,-84.605889,979,-5,A,"Lexington, KY",836,836,841,842,4.8229665071770365,13.137559808612446,17.0,162.0,"Fri, Oct 17, 2008","Thu, Oct 16, 2008"
3493,Lafayette Regional,Lafayette,United States,LFT,KLFT,30.205278,-91.987611,43,-6,A,"Lafayette, LA",394,393,396,396,4.9314720812182795,13.419847328244275,13.0,93.0,"Sun, Oct  5, 2008","Wed, Oct 15, 2008"
3697,LaGuardia Airport,New York,United States,LGA,KLGA,40.777245,-73.872608,22,-5,A,"New York, NY",9839,9855,10075,10077,7.340278483585721,25.9770674784373,75.0,176.0,"Fri, Oct 10, 2008","Sat, Oct 25, 2008"
3582,Long Beach,Long Beach,United States,LGB,KLGB,33.817722,-118.151611,60,-8,A,"Long Beach, CA",1202,1205,1203,1206,5.4384359400998346,14.057261410788385,35.0,88.0,"Wed, Oct 22, 2008","Sun, Oct 26, 2008"
3602,Lihue,Lihue,United States,LIH,PHLI,21.975983,-159.338958,153,-10,N,"Lihue, HI",979,978,982,982,5.361593462717055,8.024539877300606,16.0,81.0,"Thu, Oct 30, 2008","Sun, Oct 19, 2008"
3660,Adams Field,Little Rock,United States,LIT,KLIT,34.729444,-92.224306,262,-6,A,"Little Rock, AR",1172,1170,1178,1178,4.483788395904437,10.71965811965812,32.0,107.0,"Thu, Oct  9, 2008","Wed, Oct  8, 2008"
5750,Klamath Falls Airport,Klamath Falls,United States,LMT,KLMT,42.1561,-121.733,4095,-8,A,"Klamath Falls, OR",102,102,102,102,3.696078431372549,11.480392156862745,8.0,45.0,"Wed, Oct 15, 2008","Wed, Oct 15, 2008"
3543,Lincoln,Lincoln,United States,LNK,KLNK,40.850971,-96.75925,1219,-6,A,"Lincoln, NE",234,233,236,236,3.9316239316239314,9.854077253218883,12.0,61.0,"Thu, Oct 16, 2008","Wed, Oct 15, 2008"
3691,Laredo International,Laredo,United States,LRD,KLRD,27.54375,-99.461556,508,-6,A,"Laredo, TX",195,193,197,195,3.4871794871794872,10.352331606217614,11.0,33.0,"Sat, Oct 11, 2008","Thu, Oct 16, 2008"
4044,LaCrosse Municipal,LaCrosse,United States,LSE,KLSE,43.878986,-91.256711,654,-6,A,"La Crosse, WI",178,178,178,178,3.1179775280898885,10.780898876404502,15.0,72.0,"Sun, Oct 12, 2008","Mon, Oct 27, 2008"
6958,Greenbrier Valley Airport,Lewisburg,United States,LWB,KLWB,37.858333,-80.399444,2302,-5,U,"Lewisburg, WV",31,31,31,31,3.032258064516129,11.64516129032258,5.0,39.0,"Fri, Oct 24, 2008","Fri, Oct 24, 2008"
3945,Lewiston Nez Perce County,Lewiston,United States,LWS,KLWS,46.3745,-117.015389,1442,-8,A,"Lewiston, ID",62,62,62,62,4.903225806451614,8.580645161290322,8.0,26.0,"Tue, Oct 14, 2008","Sun, Oct 26, 2008"
5753,Lynchburg Regional-Preston Glenn Field,Lynchburg,United States,LYH,KLYH,37.3267,-79.2004,938,-5,A,"Lynchburg, VA",49,49,49,49,2.755102040816326,11.346938775510203,6.0,33.0,"Mon, Oct 13, 2008","Sun, Oct 12, 2008"
3652,Midland International,Midland,United States,MAF,KMAF,31.942528,-102.201914,2871,-6,A,"Midland/Odessa, TX",543,544,543,544,3.5230202578268868,9.272058823529413,26.0,146.0,"Thu, Oct  2, 2008","Wed, Oct 15, 2008"
4128,MBS International,Saginaw,United States,MBS,KMBS,43.532913,-84.079647,668,-5,A,"Saginaw/Bay City/Midland, MI",237,236,238,238,3.9029535864978904,12.114406779661017,9.0,32.0,"Wed, Oct 15, 2008","Wed, Oct 29, 2008"
3458,Kansas City International,Kansas City,United States,MCI,KMCI,39.297606,-94.713905,1026,-6,A,"Kansas City, MO",4448,4439,4454,4453,4.692221223021591,10.742960126154534,31.0,88.0,"Thu, Oct  2, 2008","Sat, Oct 25, 2008"
3754,Middle Georgia Regional,Macon,United States,MCN,KMCN,32.69285,-83.649211,354,-5,A,"Macon, GA",37,37,37,38,3.4594594594594597,13.0,7.0,33.0,"Fri, Oct 10, 2008","Sat, Oct 11, 2008"
3878,Orlando International,Orlando,United States,MCO,KMCO,28.429394,-81.308994,96,-5,A,"Orlando, FL",9713,9713,9736,9738,6.197467311850099,12.530937918253906,62.0,96.0,"Thu, Oct  9, 2008","Tue, Oct 28, 2008"
3542,Harrisburg International,Harrisburg,United States,MDT,KMDT,40.193494,-76.763403,310,-5,A,"Harrisburg, PA",577,575,577,576,4.384748700173304,13.3304347826087,19.0,101.0,"Wed, Oct  8, 2008","Tue, Oct  7, 2008"
3747,Chicago Midway International,Chicago,United States,MDW,KMDW,41.785972,-87.752417,620,-6,A,"Chicago, IL",7236,7240,7260,7260,4.724709784411278,9.933149171270713,32.0,78.0,"Fri, Oct 24, 2008","Fri, Oct 24, 2008"
4335,Key Field,Meridian,United States,MEI,KMEI,32.332624,-88.751868,297,-6,A,"Meridian, MS",58,58,58,58,3.586206896551724,10.275862068965518,9.0,26.0,"Fri, Oct  3, 2008","Thu, Oct  2, 2008"
3473,Memphis International,Memphis,United States,MEM,KMEM,35.042417,-89.976667,341,-6,A,"Memphis, TN",6620,6629,6654,6654,7.5006042296072595,17.006939206516883,46.0,131.0,"Tue, Oct 14, 2008","Wed, Oct 15, 2008"
3826,McAllen Miller International,Mcallen,United States,MFE,KMFE,26.175833,-98.238611,107,-6,A,"Mission/McAllen/Edinburg, TX",338,337,342,342,4.491124260355032,11.421364985163201,12.0,68.0,"Wed, Oct 29, 2008","Wed, Oct 15, 2008"
4101,Rogue Valley International Medford,Medford,United States,MFR,KMFR,42.374228,-122.8735,1335,-8,A,"Medford, OR",396,393,397,398,3.6186868686868685,9.725190839694658,10.0,34.0,"Fri, Oct 31, 2008","Sun, Oct 19, 2008"
4115,Montgomery Regional Airport ,MONTGOMERY,United States,MGM,KMGM,32.3006389,-86.3939722,221,-6,A,"Montgomery, AL",327,327,327,327,3.1345565749235487,13.32110091743119,9.0,66.0,"Thu, Oct  2, 2008","Wed, Oct  8, 2008"
4011,Manchester Regional Airport,Manchester NH,United States,MHT,KMHT,42.932556,-71.435667,266,-5,A,"Manchester, NH",1504,1503,1510,1511,4.601728723404264,12.007318695941455,29.0,119.0,"Fri, Oct 31, 2008","Fri, Oct  3, 2008"
3576,Miami International,Miami,United States,MIA,KMIA,25.79325,-80.290556,8,-5,A,"Miami, FL",4789,4786,4825,4821,7.803508039256622,15.810906811533643,71.0,145.0,"Sat, Oct 11, 2008","Sat, Oct 11, 2008"
3717,General Mitchell International,Milwaukee,United States,MKE,KMKE,42.947222,-87.896583,723,-6,A,"Milwaukee, WI",3275,3272,3283,3281,5.1279389312977095,12.705378973105137,58.0,161.0,"Sun, Oct  5, 2008","Tue, Oct  7, 2008"
3671,Melbourne International,Melbourne,United States,MLB,KMLB,28.102753,-80.645258,33,-5,A,"Melbourne, FL",181,179,181,180,3.9226519337016574,12.413407821229056,7.0,31.0,"Wed, Oct 29, 2008","Wed, Oct  8, 2008"
4072,Quad City International,Moline,United States,MLI,KMLI,41.448528,-90.507539,590,-6,A,"Moline, IL",764,763,767,767,3.602094240837696,11.454783748361738,12.0,113.0,"Sat, Oct 25, 2008","Mon, Oct 27, 2008"
3732,Monroe Regional,Monroe,United States,MLU,KMLU,32.510864,-92.037689,79,-6,A,"Monroe, LA",175,175,177,177,3.782857142857143,8.908571428571426,12.0,34.0,"Sun, Oct 12, 2008","Wed, Oct 22, 2008"
3782,Mobile Regional,Mobile,United States,MOB,KMOB,30.691231,-88.242814,219,-6,A,"Mobile, AL",452,450,455,455,3.984513274336282,10.597777777777777,11.0,186.0,"Sun, Oct 19, 2008","Wed, Oct 15, 2008"
3816,Modesto City County Harry Sham,Modesto,United States,MOD,KMOD,37.625817,-120.954422,97,-8,A,"Modesto, CA",139,139,143,143,2.9928057553956835,10.517985611510795,5.0,61.0,"Thu, Oct 30, 2008","Sat, Oct  4, 2008"
3498,Minot International,Minot,United States,MOT,KMOT,48.259378,-101.280333,1716,-6,A,"Minot, ND",93,93,93,93,5.913978494623655,11.182795698924732,11.0,92.0,"Sun, Oct  5, 2008","Sun, Oct 12, 2008"
6838,Sawyer International Airport,Marquette,United States,MQT,KMQT,46.353611,-87.395278,1221,-5,A,"Marquette, MI",84,85,85,85,4.821428571428573,9.435294117647056,14.0,38.0,"Mon, Oct 27, 2008","Wed, Oct  8, 2008"
3948,Monterey Peninsula,Monterey,United States,MRY,KMRY,36.587,-121.842944,257,-8,A,"Monterey, CA",526,527,545,546,3.4543726235741445,10.096774193548383,18.0,37.0,"Fri, Oct 17, 2008","Sun, Oct 19, 2008"
3459,Dane County Regional-Truax Field,Madison,United States,MSN,KMSN,43.139858,-89.337514,887,-6,A,"Madison, WI",1203,1203,1210,1211,4.275145469659181,13.381546134663337,29.0,136.0,"Thu, Oct 30, 2008","Tue, Oct  7, 2008"
4216,Missoula International,Missoula,United States,MSO,KMSO,46.916306,-114.090556,3205,-7,A,"Missoula, MT",270,270,271,271,4.581481481481483,10.71851851851852,9.0,39.0,"Sat, Oct 18, 2008","Thu, Oct  9, 2008"
3858,Minneapolis St. Paul International,Minneapolis,United States,MSP,KMSP,44.881956,-93.221767,841,-6,A,"Minneapolis, MN",10007,10018,10050,10050,7.706605376236637,16.454481932521524,60.0,87.0,"Sat, Oct 11, 2008","Thu, Oct 16, 2008"
3861,Louis Armstrong New Orleans International,New Orleans,United States,MSY,KMSY,29.993389,-90.258028,4,-6,A,"New Orleans, LA",3097,3093,3099,3096,4.346464320309991,10.397672162948592,44.0,180.0,"Fri, Oct 24, 2008","Wed, Oct  8, 2008"
6880,Montrose Regional Airport,Montrose CO,United States,MTJ,KMTJ,38.509794,-107.894242,5759,-7,A,"Montrose/Delta, CO",120,119,121,121,4.175,11.14285714285714,24.0,45.0,"Thu, Oct  2, 2008","Fri, Oct  3, 2008"
3515,Myrtle Beach International,Myrtle Beach,United States,MYR,KMYR,33.67975,-78.928333,25,-5,A,"Myrtle Beach, SC",405,403,405,403,3.6765432098765434,13.451612903225802,15.0,50.0,"Fri, Oct 31, 2008","Wed, Oct  8, 2008"
4386,Albert J. Ellis,Jacksonville NC,United States,OAJ,KOAJ,34.829164,-77.612139,94,-5,A,"Jacksonville/Camp Lejeune, NC",113,112,115,115,2.3893805309734515,9.857142857142863,5.0,56.0,"Fri, Oct  3, 2008","Wed, Oct  8, 2008"
3453,Metropolitan Oakland International,Oakland,United States,OAK,KOAK,37.721278,-122.220722,9,-8,A,"Oakland, CA",4915,4912,4975,4975,5.408545269582899,9.541123778501627,36.0,73.0,"Wed, Oct  8, 2008","Thu, Oct 16, 2008"
3456,Kahului,Kahului,United States,OGG,PHOG,20.89865,-156.430458,54,-10,N,"Kahului, HI",1507,1507,1520,1520,5.432647644326472,8.365627073656253,24.0,35.0,"Sat, Oct 11, 2008","Fri, Oct 31, 2008"
3863,Will Rogers World,Oklahoma City,United States,OKC,KOKC,35.393089,-97.600733,1295,-6,A,"Oklahoma City, OK",1945,1939,1948,1946,4.516195372750641,10.53068592057761,62.0,60.0,"Sat, Oct 18, 2008","Sun, Oct 26, 2008"
3454,Eppley Airfield,Omaha,United States,OMA,KOMA,41.303167,-95.894069,984,-6,A,"Omaha, NE",2188,2181,2191,2188,4.317184643510059,11.889500229252631,29.0,107.0,"Sun, Oct 12, 2008","Tue, Oct 21, 2008"
3615,Nome,Nome,United States,OME,PAOM,64.512203,-165.445247,37,-9,A,"Nome, AK",91,93,93,93,3.340659340659341,5.365591397849462,7.0,18.0,"Sun, Oct  5, 2008","Wed, Oct 22, 2008"
3734,Ontario International,Ontario,United States,ONT,KONT,34.056,-117.601194,944,-8,A,"Ontario, CA",2306,2305,2317,2318,4.302254986990471,10.376138828633396,15.0,50.0,"Sat, Oct 18, 2008","Sat, Oct  4, 2008"
3830,Chicago O'Hare International,Chicago,United States,ORD,KORD,41.978603,-87.904842,668,-6,A,"Chicago, IL",28615,28691,28834,28850,7.881670452559815,16.35857934543944,66.0,207.0,"Thu, Oct  9, 2008","Sat, Oct 25, 2008"
3611,Norfolk International,Norfolk,United States,ORF,KORF,36.894611,-76.201222,26,-5,A,"Norfolk, VA",1317,1317,1319,1319,4.04479878511769,11.83978739559606,35.0,97.0,"Tue, Oct 28, 2008","Tue, Oct 28, 2008"
5757,Southwest Oregon Regional Airport,North Bend,United States,OTH,KOTH,43.4171,-124.246,17,-8,A,"North Bend/Coos Bay, OR",101,101,102,102,3.0792079207920793,12.653465346534654,6.0,34.0,"Fri, Oct 17, 2008","Tue, Oct 14, 2008"
3693,Ralph Wien Memorial,Kotzebue,United States,OTZ,PAOT,66.884678,-162.59855,11,-9,A,"Kotzebue, AK",93,93,93,93,3.967741935483871,5.623655913978496,11.0,18.0,"Wed, Oct 22, 2008","Wed, Oct 22, 2008"
6961,Oxnard - Ventura County,Oxnard,United States,OXR,KOXR,34.200833,-119.207222,15,-8,A,"Oxnard/Ventura, CA",113,113,115,115,3.5575221238938055,11.398230088495573,7.0,61.0,"Wed, Oct 15, 2008","Mon, Oct 27, 2008"
3722,Palm Beach International,West Palm Beach,United States,PBI,KPBI,26.683161,-80.095589,19,-5,A,"West Palm Beach/Palm Beach, FL",1858,1857,1862,1861,4.594187298170079,11.513193322563282,22.0,74.0,"Wed, Oct  8, 2008","Thu, Oct  2, 2008"
3720,Portland International,Portland,United States,PDX,KPDX,45.588722,-122.5975,30,-8,A,"Portland, OR",4620,4618,4632,4632,3.9735930735930776,11.056734517106985,35.0,51.0,"Tue, Oct 14, 2008","Wed, Oct  8, 2008"
4073,Panama City Bay County International,Panama City,United States,PFN,KPFN,30.212083,-85.682806,20,-6,A,"Panama City, FL",309,309,310,310,3.2524271844660193,10.317152103559874,7.0,34.0,"Sun, Oct  5, 2008","Wed, Oct  8, 2008"
3633,Newport News Williamsburg International,Newport News,United States,PHF,KPHF,37.131894,-76.492989,43,-5,A,"Newport News/Williamsburg, VA",505,504,507,506,4.714851485148511,10.343253968253975,22.0,103.0,"Sun, Oct 26, 2008","Thu, Oct 16, 2008"
3752,Philadelphia International,Philadelphia,United States,PHL,KPHL,39.871944,-75.241139,36,-5,A,"Philadelphia, PA",8481,8502,8555,8561,6.917580474000716,21.433309809456624,62.0,182.0,"Sun, Oct  5, 2008","Sat, Oct 25, 2008"
3462,Phoenix Sky Harbor International,Phoenix,United States,PHX,KPHX,33.434278,-112.011583,1135,-7,N,"Phoenix, AZ",15519,15562,15642,15646,6.617952187640957,15.210512787559473,61.0,99.0,"Sat, Oct 25, 2008","Mon, Oct 27, 2008"
4046,Peoria Regional,Peoria,United States,PIA,KPIA,40.664203,-89.693258,660,-6,A,"Peoria, IL",456,456,457,457,4.1710526315789425,12.62719298245614,17.0,55.0,"Sat, Oct  4, 2008","Fri, Oct 24, 2008"
5760,Pocatello Regional Airport,Pocatello,United States,PIH,KPIH,42.9098,-112.596,4452,-7,A,"Pocatello, ID",124,124,124,124,2.911290322580645,8.862903225806456,6.0,46.0,"Fri, Oct 31, 2008","Sat, Oct 11, 2008"
3570,Pittsburgh International,Pittsburgh (pennsylva),United States,PIT,KPIT,40.491467,-80.232872,1204,-5,A,"Pittsburgh, PA",3241,3240,3260,3261,5.694538722616474,13.348456790123452,37.0,139.0,"Mon, Oct 13, 2008","Wed, Oct  8, 2008"
3756,Palmdale Regional Usaf Plt 42,Palmdale,United States,PMD,KPMD,34.629391,-118.08456,2543,-8,A,"Palmdale, CA",95,95,98,98,3.957894736842105,11.23157894736842,16.0,26.0,"Fri, Oct 17, 2008","Wed, Oct  8, 2008"
3564,Pensacola Regional,Pensacola,United States,PNS,KPNS,30.473425,-87.186611,121,-6,A,"Pensacola, FL",653,653,656,656,4.1286370597243485,10.701378254211328,24.0,58.0,"Tue, Oct  7, 2008","Fri, Oct 17, 2008"
6133,Tri Cities Airport,Pasco,United States,PSC,PSC,46.2647,-119.119,410,-8,A,"Pasco/Kennewick/Richland, WA",178,178,178,178,4.387640449438202,11.775280898876405,8.0,44.0,"Thu, Oct  2, 2008","Thu, Oct  9, 2008"
4147,Petersburg James A. Johnson,Petersburg,United States,PSG,PAPG,56.801667,-132.945278,105,-9,A,"Petersburg, AK",59,61,62,62,3.830508474576271,8.163934426229508,6.0,22.0,"Wed, Oct  1, 2008","Wed, Oct 29, 2008"
3839,Palm Springs International,Palm Springs,United States,PSP,KPSP,33.829667,-116.506694,477,-8,A,"Palm Springs, CA",885,883,886,886,4.922033898305084,11.695356738391833,20.0,43.0,"Tue, Oct 14, 2008","Sun, Oct 12, 2008"
3641,Theodore Francis Green State,Providence,United States,PVD,KPVD,41.732581,-71.420383,55,-5,A,"Providence, RI",1831,1829,1835,1835,4.617695248498103,12.172772006560956,19.0,141.0,"Tue, Oct 21, 2008","Sat, Oct 25, 2008"
3862,Portland International Jetport,Portland,United States,PWM,KPWM,43.646161,-70.309281,77,-5,A,"Portland, ME",414,413,416,417,3.6739130434782608,13.726392251815977,10.0,94.0,"Wed, Oct 22, 2008","Thu, Oct 16, 2008"
4087,Rapid City Regional Airport,Rapid City,United States,RAP,KRAP,44.045278,-103.057222,3204,-7,A,"Rapid City, SD",373,374,373,374,4.195710455764079,10.855614973262034,14.0,36.0,"Sun, Oct 26, 2008","Fri, Oct 10, 2008"
4098,Redding Municipal,Redding,United States,RDD,KRDD,40.509,-122.293389,504,-8,A,"Redding, CA",124,124,124,124,4.072580645161292,10.096774193548388,8.0,43.0,"Fri, Oct  3, 2008","Sun, Oct  5, 2008"
4103,Roberts Field,Redmond-Bend,United States,RDM,KRDM,44.254066,-121.149964,3077,-8,A,"Bend/Redmond, OR",269,269,270,270,3.319702602230483,11.052044609665428,8.0,52.0,"Fri, Oct 10, 2008","Fri, Oct 10, 2008"
3626,Raleigh Durham International,Raleigh-durham,United States,RDU,KRDU,35.877639,-78.787472,435,-5,A,"Raleigh/Durham, NC",4767,4765,4790,4790,5.591567023285091,15.447429171038818,43.0,151.0,"Tue, Oct 28, 2008","Tue, Oct 28, 2008"
5765,Rhinelander Oneida County Airport,Rhinelander,United States,RHI,KRHI,45.6312,-89.4675,1624,-6,A,"Rhinelander, WI",27,27,27,27,3.8518518518518516,8.925925925925927,6.0,19.0,"Tue, Oct 14, 2008","Wed, Oct 22, 2008"
3608,Richmond International,Richmond,United States,RIC,KRIC,37.505167,-77.319667,167,-5,A,"Richmond, VA",1640,1637,1647,1645,5.2396341463414515,15.158216249236409,32.0,204.0,"Fri, Oct 17, 2008","Wed, Oct  8, 2008"
5766,Rock Springs Sweetwater County Airport,Rock Springs,United States,RKS,KRKS,41.5942,-109.065,6760,-7,A,"Rock Springs, WY",118,118,123,124,3.152542372881356,13.559322033898303,8.0,58.0,"Sun, Oct 19, 2008","Fri, Oct 10, 2008"
3807,Reno Tahoe International,Reno,United States,RNO,KRNO,39.499108,-119.768108,4415,-8,A,"Reno, NV",1780,1783,1789,1788,4.435393258426962,9.933258553000572,22.0,46.0,"Wed, Oct  8, 2008","Tue, Oct 28, 2008"
4016,Roanoke Regional,Roanoke VA,United States,ROA,KROA,37.325472,-79.975417,1175,-5,A,"Roanoke, VA",327,326,328,328,4.97553516819572,16.067484662576685,12.0,69.0,"Fri, Oct 17, 2008","Fri, Oct 17, 2008"
3622,Greater Rochester International,Rochester,United States,ROC,KROC,43.118866,-77.672389,559,-5,A,"Rochester, NY",1138,1134,1142,1141,5.459578207381372,13.625220458553791,22.0,94.0,"Sat, Oct 25, 2008","Sat, Oct 18, 2008"
3736,Roswell International Air Center,Roswell,United States,ROW,KROW,33.301556,-104.530556,3671,-7,A,"Roswell, NM",89,89,89,89,3.96629213483146,9.157303370786513,15.0,23.0,"Sun, Oct 19, 2008","Sat, Oct 11, 2008"
4048,Rochester,Rochester,United States,RST,KRST,43.908283,-92.500014,1317,-6,A,"Rochester, MN",208,208,209,209,3.6009615384615383,10.408653846153841,10.0,120.0,"Wed, Oct  1, 2008","Tue, Oct  7, 2008"
3793,Southwest Florida International,Fort Myers,United States,RSW,KRSW,26.536167,-81.755167,30,-5,A,"Fort Myers, FL",1768,1764,1768,1766,4.454185520362006,11.147392290249424,23.0,178.0,"Tue, Oct 14, 2008","Wed, Oct  8, 2008"
3731,San Diego International,San Diego,United States,SAN,KSAN,32.733556,-117.189667,17,-8,A,"San Diego, CA",7271,7264,7364,7362,3.6542428826846405,13.080258810572674,67.0,109.0,"Thu, Oct  9, 2008","Thu, Oct  9, 2008"
3621,San Antonio International,San Antonio,United States,SAT,KSAT,29.533694,-98.469778,809,-6,A,"San Antonio, TX",3564,3561,3571,3571,3.9506172839506184,11.58157820836844,29.0,97.0,"Fri, Oct 17, 2008","Wed, Oct 15, 2008"
3613,Savannah Hilton Head International,Savannah,United States,SAV,KSAV,32.127583,-81.202139,51,-5,A,"Savannah, GA",1053,1051,1058,1058,5.535612535612535,15.037107516650808,35.0,175.0,"Sat, Oct 11, 2008","Sat, Oct 25, 2008"
3949,Santa Barbara Municipal,Santa Barbara,United States,SBA,KSBA,34.426211,-119.840372,10,-8,A,"Santa Barbara, CA",1026,1024,1035,1034,4.391812865497079,10.35839843749999,23.0,62.0,"Wed, Oct 29, 2008","Fri, Oct  3, 2008"
4359,South Bend Regional,South Bend,United States,SBN,KSBN,41.708661,-86.31725,799,-5,A,"South Bend, IN",470,467,472,472,3.821276595744681,11.370449678800856,41.0,64.0,"Mon, Oct 27, 2008","Mon, Oct 27, 2008"
5768,San Luis County Regional Airport,San Luis Obispo,United States,SBP,KSBP,35.2368,-120.642,212,-8,A,"San Luis Obispo, CA",459,458,464,464,3.9063180827886703,10.349344978165947,20.0,112.0,"Sat, Oct 18, 2008","Mon, Oct 27, 2008"
3620,Deadhorse,Deadhorse,United States,SCC,PASC,70.19475,-148.465167,64,-9,A,"Deadhorse, AK",62,62,62,62,4.354838709677418,6.032258064516129,6.0,29.0,"Thu, Oct  2, 2008","Thu, Oct 23, 2008"
4318,University Park Airport,State College Pennsylvania,United States,SCE,KUNV,40.849278,-77.848694,1239,-5,A,"State College, PA",62,61,62,62,6.967741935483871,14.147540983606557,12.0,25.0,"Mon, Oct 13, 2008","Fri, Oct 24, 2008"
4014,Louisville International Airport,Louisville,United States,SDF,KSDF,38.1740858,-85.7364989,501,-5,A,"Louisville, KY",1728,1725,1732,1732,5.287615740740744,12.337971014492751,31.0,105.0,"Thu, Oct  2, 2008","Fri, Oct 17, 2008"
3577,Seattle Tacoma International,Seattle,United States,SEA,KSEA,47.449,-122.309306,433,-8,A,"Seattle, WA",8907,8908,8951,8949,5.9894465027506385,15.874158060170663,52.0,65.0,"Sat, Oct  4, 2008","Wed, Oct 15, 2008"
3469,San Francisco International,San Francisco,United States,SFO,KSFO,37.618972,-122.374889,13,-8,A,"San Francisco, CA",11553,11576,11657,11658,6.292305028996802,16.756738078783776,67.0,107.0,"Sun, Oct 12, 2008","Thu, Oct  2, 2008"
4348,Springfield Branson National,Springfield,United States,SGF,KSGF,37.245667,-93.388639,1268,-6,A,"Springfield, MO",750,748,753,752,3.663999999999997,11.422459893048133,27.0,86.0,"Thu, Oct  9, 2008","Wed, Oct 15, 2008"
4064,St. George Municipal,Saint George,United States,SGU,KSGU,37.090583,-113.593056,2941,-7,A,"St. George, UT",263,263,263,263,4.072243346007604,9.43726235741444,9.0,21.0,"Wed, Oct 22, 2008","Sat, Oct 11, 2008"
3609,Shreveport Regional,Shreveport,United States,SHV,KSHV,32.446629,-93.8256,258,-6,A,"Shreveport, LA",676,674,680,680,4.730769230769235,9.1246290801187,24.0,56.0,"Wed, Oct  1, 2008","Fri, Oct 24, 2008"
3856,Sitka Rocky Gutierrez,Sitka,United States,SIT,PASI,57.047138,-135.361611,21,-9,A,"Sitka, AK",92,92,93,93,4.347826086956523,10.97826086956522,8.0,29.0,"Thu, Oct  2, 2008","Sat, Oct 25, 2008"
3748,Norman Y. Mineta San Jose International,San Jose,United States,SJC,KSJC,37.3626,-121.929022,62,-8,A,"San Jose, CA",4612,4607,4655,4656,3.92497831743278,10.789016713696535,31.0,99.0,"Thu, Oct 30, 2008","Mon, Oct 27, 2008"
3536,Salt Lake City International,Salt Lake City,United States,SLC,KSLC,40.788389,-111.977772,4227,-7,A,"Salt Lake City, UT",10571,10588,10617,10619,5.92271308296282,16.887230827351733,41.0,75.0,"Sun, Oct  5, 2008","Fri, Oct 17, 2008"
7826,McNary Field,Salem,United States,SLE,KSLE,44.9095,-123.003,214,-7,A,"Salem, OR",16,17,16,17,4.25,10.764705882352942,6.0,21.0,"Fri, Oct  3, 2008","Tue, Oct  7, 2008"
3817,Sacramento International,Sacramento,United States,SMF,KSMF,38.695417,-121.590778,27,-8,A,"Sacramento, CA",4105,4106,4125,4124,4.3695493300852455,9.943984413054054,25.0,52.0,"Sat, Oct 18, 2008","Fri, Oct 31, 2008"
5772,Santa Maria Public-Captain G. Allan Hancock Airport,Santa Maria,United States,SMX,KSMX,34.8989,-120.457,261,-8,A,"Santa Maria, CA",139,138,147,147,3.805755395683453,9.340579710144924,8.0,41.0,"Fri, Oct 17, 2008","Sun, Oct 12, 2008"
3867,John Wayne Airport Orange County,Santa Ana,United States,SNA,KSNA,33.675667,-117.868222,56,-8,A,"Santa Ana, CA",3853,3854,3881,3880,6.164547106151053,13.498962117280747,41.0,145.0,"Fri, Oct 24, 2008","Tue, Oct  7, 2008"
4336,Abraham Lincoln Capital,Springfield,United States,SPI,KSPI,39.8441,-89.677889,597,-6,A,"Springfield, IL",49,49,50,50,3.5306122448979593,14.653061224489797,10.0,47.0,"Tue, Oct 21, 2008","Fri, Oct 24, 2008"
4067,Sarasota Bradenton International,Sarasota,United States,SRQ,KSRQ,27.395444,-82.554389,30,-5,A,"Sarasota/Bradenton, FL",393,393,393,393,4.496183206106867,10.674300254452923,17.0,25.0,"Fri, Oct 17, 2008","Thu, Oct  9, 2008"
3678,Lambert St. Louis International,St. Louis,United States,STL,KSTL,38.748697,-90.370028,618,-6,A,"St. Louis, MO",5289,5284,5306,5305,4.855171109850654,11.279144587433796,54.0,114.0,"Wed, Oct  1, 2008","Tue, Oct  7, 2008"
6494,Friedman Memorial,Hailey,United States,SUN,KSUN,43.504444,-114.296194,5320,-7,A,"Sun Valley/Hailey/Ketchum, ID",174,174,186,179,3.0804597701149423,9.597701149425292,6.0,26.0,"Thu, Oct 30, 2008","Sun, Oct  5, 2008"
3661,Stewart International,Newburgh,United States,SWF,KSWF,41.504094,-74.104839,491,-5,A,"Newburgh/Poughkeepsie, NY",186,186,186,186,5.166666666666661,15.521505376344086,10.0,63.0,"Thu, Oct 16, 2008","Tue, Oct 28, 2008"
3745,Syracuse Hancock International,Syracuse,United States,SYR,KSYR,43.111187,-76.106311,421,-5,A,"Syracuse, NY",845,839,848,848,4.178698224852072,15.681764004767581,20.0,109.0,"Sun, Oct 26, 2008","Tue, Oct  7, 2008"
3698,Tallahassee Regional,Tallahassee,United States,TLH,KTLH,30.396528,-84.350333,81,-5,A,"Tallahassee, FL",439,438,441,443,3.5444191343963554,11.826484018264845,9.0,84.0,"Thu, Oct 23, 2008","Fri, Oct 24, 2008"
4040,Toledo,Toledo,United States,TOL,KTOL,41.586806,-83.807833,684,-5,A,"Toledo, OH",119,118,120,120,2.6386554621848735,10.728813559322035,7.0,60.0,"Wed, Oct 15, 2008","Sun, Oct 26, 2008"
3646,Tampa International,Tampa,United States,TPA,KTPA,27.975472,-82.53325,26,-5,A,"Tampa, FL",5882,5877,5887,5888,4.612036722203331,10.883273779138992,83.0,120.0,"Mon, Oct  6, 2008","Wed, Oct  8, 2008"
4116,Tri-Cities Regional Airport,BRISTOL,United States,TRI,KTRI,36.4752222,-82.4074167,1519,-5,A,"Bristol/Johnson City/Kingsport, TN",169,169,170,170,3.201183431952663,12.431952662721894,8.0,47.0,"Sun, Oct 26, 2008","Fri, Oct 17, 2008"
3855,Tulsa International,Tulsa,United States,TUL,KTUL,36.198389,-95.888111,677,-6,A,"Tulsa, OK",1809,1808,1812,1811,4.317302377003869,11.131637168141603,44.0,60.0,"Mon, Oct  6, 2008","Mon, Oct 20, 2008"
3636,Tucson International,Tucson,United States,TUS,KTUS,32.116083,-110.941028,2643,-7,N,"Tucson, AZ",1866,1866,1869,1870,4.574490889603432,10.609860664523044,29.0,69.0,"Sat, Oct 11, 2008","Thu, Oct 16, 2008"
4023,Cherry Capital Airport,Traverse City,United States,TVC,KTVC,44.741445,-85.582235,624,-5,A,"Traverse City, MI",344,341,344,344,4.095930232558143,12.739002932551314,10.0,83.0,"Mon, Oct 20, 2008","Sat, Oct 18, 2008"
4263,Magic Valley Regional Airport,Twin Falls,United States,TWF,KTWF,42.481803,-114.487733,4151,-7,A,"Twin Falls, ID",124,131,124,131,3.2096774193548385,8.908396946564887,6.0,45.0,"Fri, Oct 17, 2008","Sun, Oct 12, 2008"
3770,Texarkana Regional-Webb Field,Texarkana,United States,TXK,KTXK,33.453722,-93.991028,390,-6,A,"Texarkana, AR",93,93,93,93,2.913978494623656,7.43010752688172,8.0,20.0,"Wed, Oct 29, 2008","Wed, Oct 15, 2008"
3848,Tyler Pounds Regional,Tyler,United States,TYR,KTYR,32.354139,-95.402386,544,-6,A,"Tyler, TX",93,93,93,93,4.021505376344086,8.53763440860215,7.0,23.0,"Fri, Oct 17, 2008","Wed, Oct 22, 2008"
3676,McGhee Tyson,Knoxville,United States,TYS,KTYS,35.810972,-83.994028,981,-5,A,"Knoxville, TN",1160,1158,1164,1164,4.194827586206908,12.909326424870462,24.0,118.0,"Sun, Oct 26, 2008","Fri, Oct  3, 2008"
5776,Valdosta Regional Airport,Valdosta,United States,VLD,KVLD,30.7825,-83.2767,203,-5,A,"Valdosta, GA",85,85,85,85,3.2588235294117656,8.47058823529412,6.0,15.0,"Thu, Oct 30, 2008","Wed, Oct 22, 2008"
3873,Eglin AFB,Valparaiso,United States,VPS,KVPS,30.48325,-86.5254,87,-6,A,"Valparaiso, FL",517,517,518,518,6.899419729206964,12.576402321083172,17.0,90.0,"Thu, Oct 16, 2008","Wed, Oct 29, 2008"
5969,Wrangell Airport,Wrangell,United States,WRG,PAWG,56.4843,-132.37,44,-9,A,"Wrangell, AK",61,61,62,62,4.213114754098361,7.262295081967213,6.0,19.0,"Tue, Oct  7, 2008","Thu, Oct  2, 2008"
4356,NW Arkansas Regional,Bentonville,United States,XNA,KXNA,36.2818694,-94.3068111,1287,-6,A,"Fayetteville, AR",1157,1152,1163,1163,4.979256698357826,12.954861111111112,29.0,119.0,"Fri, Oct 17, 2008","Tue, Oct  7, 2008"
6803,Yakutat,Yakutat,United States,YAK,PAYA,59.3012,-139.3937,33,-9,A,"Yakutat, AK",59,60,62,62,4.254237288135593,8.683333333333335,8.0,26.0,"Fri, Oct 10, 2008","Wed, Oct 15, 2008"
3596,Yuma MCAS Yuma International,Yuma,United States,YUM,KYUM,32.656578,-114.60598,216,-7,N,"Yuma, AZ",264,262,267,267,4.992424242424242,15.38931297709924,16.0,49.0,"Thu, Oct  9, 2008","Sun, Oct 12, 2008"
2883,Cyril E. King,St. Thomas,Virgin Islands,STT,TIST,18.337306,-64.973361,23,-4,U,"Charlotte Amalie, VI",106,105,109,109,4.4245283018867925,11.99047619047619,16.0,56.0,"Sun, Oct 12, 2008","Sat, Oct 25, 2008"
2884,Henry E. Rohlsen,St. Croix Island,Virgin Islands,STX,TISX,17.701889,-64.798556,74,-4,U,"Christiansted, VI",22,22,22,22,2.9545454545454546,11.954545454545455,5.0,18.0,"Tue, Oct 21, 2008","Thu, Oct 30, 2008"
2885,Rafael Hernndez,Aguadilla,Puerto Rico,BQN,TJBQ,18.494861,-67.129444,237,-4,U,"Aguadilla, PR",106,106,106,106,4.632075471698114,10.679245283018869,10.0,33.0,"Thu, Oct 30, 2008","Wed, Oct 15, 2008"
2889,Aeropuerto Mercedita,Ponce,Puerto Rico,PSE,TJPS,18.008306,-66.563028,29,-4,U,"Ponce, PR",42,41,44,43,4.357142857142857,11.853658536585366,12.0,23.0,"Mon, Oct 13, 2008","Tue, Oct 28, 2008"
2890,Luis Muoz Marn International,San Juan,Puerto Rico,SJU,TJSJ,18.439417,-66.001833,9,-4,U,"San Juan, PR",1201,1194,1204,1202,5.5220649458784345,13.586264656616418,47.0,51.0,"Tue, Oct  7, 2008","Sat, Oct 18, 2008"
