airport_id,name,city,country,iata_faa,iaco,latitude,longitude,altitude,zone,dst,city_state,avg_able_landings,avg_able_takeoffs,total_landings,total_takeoffs,avg_taxi_in,avg_taxi_out,longest_taxi_in,longest_taxi_out,lng_tx_in_date,lng_tx_out_date
4355,Lehigh Valley International,Allentown,United States,ABE,KABE,40.652083,-75.440806,393,-5,A,"Allentown/Bethlehem/Easton, PA",415,417,419,421,4.804819277108435,13.237410071942445,18.0,146.0,"Wed, May 21, 2008","Sun, May 11, 2008"
3718,Abilene Regional,Abilene,United States,ABI,KABI,32.411319,-99.681897,1791,-6,A,"Abilene, TX",210,211,211,212,3.476190476190476,9.40284360189574,12.0,40.0,"Fri, May 23, 2008","Wed, May 14, 2008"
4019,Albuquerque International Sunport,Albuquerque,United States,ABQ,KABQ,35.0402222,-106.6091944,5355,-7,A,"Albuquerque, NM",3658,3656,3669,3671,5.268452706396935,10.783643326039401,40.0,82.0,"Tue, May 20, 2008","Thu, May 22, 2008"
5715,Southwest Georgia Regional Airport,Albany,United States,ABY,KABY,31.5355,-84.1945,197,-5,A,"Albany, GA",80,79,80,80,3.4625,9.164556962025324,6.0,31.0,"Sat, May 17, 2008","Sat, May 17, 2008"
3517,Nantucket Memorial,Nantucket,United States,ACK,KACK,41.253053,-70.060181,48,-5,A,"Nantucket, MA",10,10,10,10,5.2,11.4,8.0,21.0,"Sat, May 31, 2008","Sat, May 24, 2008"
3700,Waco Regional,Waco,United States,ACT,KACT,31.611289,-97.230519,516,-6,A,"Waco, TX",169,168,176,176,5.7041420118343185,9.214285714285712,20.0,20.0,"Sun, May 25, 2008","Thu, May  1, 2008"
4384,Arcata,Arcata CA,United States,ACV,KACV,40.978111,-124.108611,221,-8,A,"Arcata/Eureka, CA",293,293,296,295,4.402730375426621,9.208191126279866,14.0,28.0,"Tue, May  6, 2008","Mon, May  5, 2008"
5959,Adak Airport,Adak Island,United States,ADK,PADK,51.878,-176.646,18,-10,A,"Adak Island, AK",9,9,9,9,5.555555555555555,6.777777777777778,12.0,10.0,"Thu, May 22, 2008","Sun, May 11, 2008"
3531,Kodiak,Kodiak,United States,ADQ,PADQ,57.749967,-152.493856,78,-9,A,"Kodiak, AK",61,61,62,62,3.19672131147541,5.459016393442623,10.0,18.0,"Sun, May  4, 2008","Sun, May 11, 2008"
3852,Alexandria International,Alexandria,United States,AEX,KAEX,31.3274,-92.549833,89,-6,A,"Alexandria, LA",193,194,198,199,3.6839378238341975,10.62886597938144,11.0,39.0,"Wed, May 14, 2008","Tue, May  6, 2008"
3658,Augusta Regional At Bush Field,Bush Field,United States,AGS,KAGS,33.369944,-81.9645,144,-5,A,"Augusta, GA",169,169,171,171,3.6923076923076925,10.112426035502958,8.0,56.0,"Tue, May 27, 2008","Fri, May  9, 2008"
3794,King Salmon,King Salmon,United States,AKN,PAKN,58.676778,-156.649278,68,-9,A,"King Salmon, AK",13,13,13,13,4.076923076923077,4.461538461538461,8.0,8.0,"Fri, May 30, 2008","Mon, May 19, 2008"
3864,Albany International,Albany,United States,ALB,KALB,42.748267,-73.801692,285,-5,A,"Albany, NY",1209,1207,1214,1215,3.8436724565756832,12.999171499585751,54.0,125.0,"Fri, May  9, 2008","Fri, May  2, 2008"
5718,Waterloo Regional Airport,Waterloo,United States,ALO,KALO,42.5571,-92.4003,873,-6,A,"Waterloo, IA",25,25,26,27,3.4,11.84,5.0,20.0,"Tue, May  6, 2008","Thu, May  1, 2008"
3840,Rick Husband Amarillo International,Amarillo,United States,AMA,KAMA,35.219369,-101.705931,3607,-6,A,"Amarillo, TX",605,606,616,618,4.497520661157026,8.036303630363044,17.0,48.0,"Sun, May 18, 2008","Tue, May 27, 2008"
3774,Ted Stevens Anchorage International,Anchorage,United States,ANC,PANC,61.174361,-149.996361,152,-9,A,"Anchorage, AK",1696,1706,1730,1729,4.82900943396225,12.813599062133642,27.0,43.0,"Wed, May 28, 2008","Sat, May 10, 2008"
7001,Aspen/Pitkin County-Sardy Field,Aspen,United States,ASE,KASE,39.2232,-106.869,7820,-7,A,"Aspen, CO",219,217,245,245,2.894977168949772,9.350230414746544,10.0,40.0,"Sat, May 17, 2008","Wed, May  7, 2008"
3682,Hartsfield Jackson Atlanta International,Atlanta,United States,ATL,KATL,33.636719,-84.428067,1026,-5,A,"Atlanta, GA",34368,34451,34572,34576,9.856756284916239,19.701547124902163,62.0,193.0,"Tue, May 13, 2008","Tue, May 27, 2008"
4047,Appleton,Appleton,United States,ATW,KATW,44.257526,-88.507576,680,-6,A,"Appleton, WI",574,573,585,585,4.322299651567943,12.183246073298431,13.0,140.0,"Wed, May  7, 2008","Sun, May 11, 2008"
3673,Austin Bergstrom International,Austin,United States,AUS,KAUS,30.194528,-97.669889,542,-6,A,"Austin, TX",4458,4444,4514,4507,5.494840735755951,12.14221422142212,63.0,171.0,"Tue, May 27, 2008","Tue, May 27, 2008"
4007,Asheville Regional Airport,Asheville,United States,AVL,KAVL,35.436194,-82.541806,2165,-5,A,"Asheville, NC",359,357,364,364,3.501392757660167,14.74229691876751,13.0,68.0,"Sun, May 25, 2008","Fri, May 30, 2008"
4286,Wilkes Barre Scranton International,Scranton,United States,AVP,KAVP,41.338478,-75.723403,962,-5,A,"Scranton/Wilkes-Barre, PA",194,195,200,200,3.768041237113402,13.984615384615385,17.0,74.0,"Wed, May 14, 2008","Fri, May 16, 2008"
4039,Kalamazoo,Kalamazoo,United States,AZO,KAZO,42.234875,-85.552058,874,-5,A,"Kalamazoo, MI",393,393,403,404,3.8473282442748094,11.549618320610682,14.0,102.0,"Sun, May  4, 2008","Wed, May  7, 2008"
3825,Bradley International,Windsor Locks,United States,BDL,KBDL,41.938889,-72.683222,173,-5,A,"Hartford, CT",2530,2524,2549,2546,5.301185770750995,13.946117274167996,33.0,132.0,"Thu, May 29, 2008","Tue, May 27, 2008"
3599,Bethel,Bethel,United States,BET,PABE,60.779778,-161.838,121,-9,A,"Bethel, AK",89,89,89,89,3.0786516853932584,5.584269662921348,5.0,16.0,"Fri, May  2, 2008","Tue, May  6, 2008"
3558,Meadows Field,Bakersfield,United States,BFL,KBFL,35.433598,-119.05677,507,-8,A,"Bakersfield, CA",429,430,431,432,4.512820512820517,10.646511627906985,14.0,41.0,"Sat, May 10, 2008","Sun, May 18, 2008"
4129,Greater Binghamton-Edwin A. Link Field,Binghamton,United States,BGM,KBGM,42.208689,-75.979839,1636,-5,A,"Binghamton, NY",62,62,62,62,5.790322580645161,12.774193548387096,10.0,33.0,"Sat, May  3, 2008","Thu, May 22, 2008"
3463,Bangor International,Bangor,United States,BGR,KBGR,44.807444,-68.828139,192,-5,A,"Bangor, ME",202,202,207,208,4.782178217821784,16.297029702970296,11.0,87.0,"Fri, May  2, 2008","Sun, May 18, 2008"
3811,Birmingham International,Birmingham,United States,BHM,KBHM,33.562942,-86.75355,644,-6,A,"Birmingham, AL",2010,2015,2034,2035,3.644776119402984,12.371712158808936,29.0,92.0,"Fri, May 23, 2008","Fri, May  2, 2008"
4021,Billings Logan International Airport,Billings,United States,BIL,KBIL,45.80921,-108.537654,3652,-7,A,"Billings, MT",354,354,355,355,3.8389830508474563,10.214689265536718,24.0,31.0,"Thu, May 29, 2008","Fri, May  2, 2008"
4083,Bismarck Municipal Airport,Bismarck,United States,BIS,KBIS,46.775842,-100.757931,1661,-6,A,"Bismarck/Mandan, ND",207,206,208,208,3.9903381642512072,10.203883495145638,11.0,54.0,"Fri, May  2, 2008","Sat, May 17, 2008"
4037,Central Illinois Regional,Bloomington,United States,BMI,KBMI,40.477111,-88.915917,871,-6,A,"Bloomington/Normal, IL",418,416,428,428,3.944976076555024,12.822115384615385,12.0,185.0,"Fri, May 16, 2008","Fri, May 30, 2008"
3690,Nashville International,Nashville,United States,BNA,KBNA,36.124472,-86.678194,599,-6,A,"Nashville, TN",4926,4933,4961,4965,6.108810393828659,11.708696533549576,33.0,120.0,"Mon, May  5, 2008","Sun, May 11, 2008"
3495,Boise Air Terminal,Boise,United States,BOI,KBOI,43.564361,-116.222861,2871,-7,A,"Boise, ID",1372,1369,1374,1375,3.689504373177842,10.082542001460899,22.0,68.0,"Fri, May  2, 2008","Fri, May  2, 2008"
3448,General Edward Lawrence Logan International,Boston,United States,BOS,KBOS,42.364347,-71.005181,19,-5,A,"Boston, MA",10112,10119,10276,10281,7.202729430379744,19.46753631781794,70.0,146.0,"Thu, May 22, 2008","Fri, May 16, 2008"
3612,Southeast Texas Regional,Beaumont,United States,BPT,KBPT,29.950833,-94.020694,15,-6,A,"Beaumont/Port Arthur, TX",29,29,29,29,5.862068965517241,11.931034482758621,10.0,34.0,"Sun, May 18, 2008","Thu, May 15, 2008"
5725,Brunswick Golden Isles Airport,Brunswick,United States,BQK,KBQK,31.2588,-81.4665,26,-5,A,"Brunswick, GA",83,82,83,83,3.5783132530120483,10.719512195121949,11.0,37.0,"Fri, May  2, 2008","Tue, May 20, 2008"
3738,Brownsville South Padre Island International,Brownsville,United States,BRO,KBRO,25.906833,-97.425861,22,-6,A,"Brownsville, TX",141,141,141,141,5.106382978723402,11.48936170212766,9.0,118.0,"Sat, May 10, 2008","Wed, May 14, 2008"
3571,Wiley Post Will Rogers Memorial,Barrow,United States,BRW,PABR,71.285446,-156.766003,44,-9,A,"Barrow, AK",62,62,62,62,3.693548387096774,4.725806451612903,7.0,13.0,"Wed, May 14, 2008","Sat, May 17, 2008"
4022,Bert Mooney Airport,Butte,United States,BTM,KBTM,45.954806,-112.497472,5550,-7,A,"Butte, MT",55,55,56,56,4.163636363636365,9.981818181818182,15.0,26.0,"Sun, May 25, 2008","Thu, May 22, 2008"
3846,Baton Rouge Metro-Ryan Field,Baton Rouge,United States,BTR,KBTR,30.533167,-91.149639,70,-6,A,"Baton Rouge, LA",753,752,769,768,4.427622841965469,11.811170212765953,40.0,105.0,"Wed, May 14, 2008","Fri, May 30, 2008"
3711,Burlington International,Burlington,United States,BTV,KBTV,44.471861,-73.153278,335,-5,A,"Burlington, VT",635,631,638,636,4.809448818897644,16.07131537242475,18.0,106.0,"Fri, May  2, 2008","Tue, May 13, 2008"
3820,Buffalo Niagara International,Buffalo,United States,BUF,KBUF,42.940525,-78.732167,724,-5,A,"Buffalo, NY",2275,2276,2288,2289,3.9635164835164827,12.344903339191568,74.0,159.0,"Tue, May 27, 2008","Sun, May 11, 2008"
3644,Bob Hope,Burbank,United States,BUR,KBUR,34.200667,-118.358667,778,-8,A,"Burbank, CA",2678,2676,2719,2719,2.76512322628827,12.224215246636762,32.0,119.0,"Tue, May  6, 2008","Fri, May  2, 2008"
3849,Baltimore Washington International,Baltimore,United States,BWI,KBWI,39.175361,-76.668333,146,-5,A,"Baltimore, MD",8949,8952,8988,8984,5.087607553916627,11.87399463806972,64.0,169.0,"Fri, May 30, 2008","Sat, May 31, 2008"
4020,Gallatin Field,Bozeman,United States,BZN,KBZN,45.777643,-111.160151,4500,-7,A,"Bozeman, MT",373,371,373,372,4.53887399463807,12.714285714285714,14.0,47.0,"Sun, May  4, 2008","Mon, May 12, 2008"
3561,Columbia Metropolitan,Colombia,United States,CAE,KCAE,33.938833,-81.119528,236,-5,A,"Columbia, SC",833,836,846,849,4.064825930372151,14.462918660287082,14.0,112.0,"Tue, May 13, 2008","Mon, May 26, 2008"
4112,Akron Canton Regional Airport,Akron,United States,CAK,KCAK,40.9160833,-81.4421944,1228,-5,A,"Akron, OH",716,716,721,721,4.456703910614523,11.41620111731844,13.0,62.0,"Mon, May 19, 2008","Tue, May 13, 2008"
3824,Cedar City Regional,Cedar City,United States,CDC,KCDC,37.700967,-113.098847,5622,-7,A,"Cedar City, UT",57,58,57,58,3.1228070175438596,10.551724137931034,5.0,19.0,"Thu, May  1, 2008","Wed, May  7, 2008"
3610,Merle K. Mudhole Smith,Cordova,United States,CDV,PACV,60.491778,-145.477556,48,-9,A,"Cordova, AK",62,62,62,62,3.3225806451612905,6.838709677419355,5.0,16.0,"Wed, May  7, 2008","Wed, May 28, 2008"
5727,Del Norte County Airport,Crescent City,United States,CEC,KCEC,41.7802,-124.237,57,-8,A,"Crescent City, CA",85,85,88,88,3.6588235294117646,10.952941176470583,11.0,34.0,"Thu, May 15, 2008","Mon, May 19, 2008"
3578,Lovell Field,Chattanooga,United States,CHA,KCHA,35.035278,-85.203808,683,-5,A,"Chattanooga, TN",334,335,334,335,4.3562874251497,10.964179104477614,15.0,89.0,"Wed, May 14, 2008","Mon, May 12, 2008"
4015,Charlottesville-Albemarle,Charlottesville VA,United States,CHO,KCHO,38.138639,-78.452861,639,-5,A,"Charlottesville, VA",102,103,104,104,3.019607843137254,9.689320388349518,6.0,28.0,"Tue, May 27, 2008","Tue, May 27, 2008"
3806,Charleston AFB International,Charleston,United States,CHS,KCHS,32.898647,-80.040528,45,-5,A,"Charleston, SC",1336,1334,1359,1358,7.375748502994011,16.77661169415288,37.0,103.0,"Fri, May 30, 2008","Wed, May 28, 2008"
3710,Chico Municipal,Chico,United States,CIC,KCIC,39.795383,-121.858422,238,-8,A,"Chico, CA",116,116,117,117,3.6206896551724137,10.258620689655169,12.0,34.0,"Fri, May 30, 2008","Sat, May 24, 2008"
4043,Cedar Rapids,Cedar Rapids,United States,CID,KCID,41.884694,-91.710806,869,-6,A,"Cedar Rapids/Iowa City, IA",851,850,865,865,5.0893066980023525,11.502352941176458,37.0,95.0,"Sun, May 18, 2008","Wed, May  7, 2008"
4088,McClellan-Palomar Airport,Carlsbad,United States,CLD,KCRQ,33.0742,-117.1648,328,-8,A,"Carlsbad, CA",190,191,192,192,3.7157894736842105,9.706806282722514,10.0,35.0,"Mon, May 19, 2008","Tue, May 20, 2008"
3486,Cleveland Hopkins International,Cleveland,United States,CLE,KCLE,41.411689,-81.849794,791,-5,A,"Cleveland, OH",5955,5961,5998,6000,6.1424013434089,14.68881060224794,26.0,111.0,"Fri, May  2, 2008","Fri, May 16, 2008"
3715,Easterwood Field,College Station,United States,CLL,KCLL,30.588583,-96.363833,321,-6,A,"College Station/Bryan, TX",117,117,118,118,5.290598290598287,9.632478632478634,10.0,35.0,"Mon, May  5, 2008","Wed, May  7, 2008"
3876,Charlotte Douglas International,Charlotte,United States,CLT,KCLT,35.214,-80.943139,748,-5,A,"Charlotte, NC",10877,10900,10996,10996,6.614599613864109,19.444036697247775,69.0,155.0,"Tue, May 20, 2008","Sat, May 31, 2008"
3759,Port Columbus International,Columbus,United States,CMH,KCMH,39.997972,-82.891889,815,-5,A,"Columbus, OH",2936,2936,2962,2965,4.985354223433251,11.92370572207083,41.0,103.0,"Tue, May 27, 2008","Fri, May  2, 2008"
4049,Champaign,Champaign,United States,CMI,KCMI,40.03925,-88.278056,754,-6,A,"Champaign/Urbana, IL",263,261,273,273,3.8935361216730056,12.084291187739465,10.0,108.0,"Sun, May 18, 2008","Fri, May 30, 2008"
5732,Houghton County Memorial Airport,Hancock,United States,CMX,KCMX,47.1684,-88.4891,1095,-5,A,"Hancock/Houghton, MI",31,30,31,31,6.516129032258065,12.8,15.0,38.0,"Tue, May 13, 2008","Fri, May 30, 2008"
4344,Yellowstone Regional,Cody,United States,COD,KCOD,44.520194,-109.023806,5102,-7,A,"Cody, WY",93,93,93,93,3.6344086021505375,11.763440860215054,8.0,58.0,"Thu, May  1, 2008","Fri, May 23, 2008"
3819,City Of Colorado Springs Municipal,Colorado Springs,United States,COS,KCOS,38.805805,-104.700778,6187,-7,A,"Colorado Springs, CO",1450,1446,1460,1460,6.084137931034478,14.065698478561549,29.0,75.0,"Tue, May 27, 2008","Wed, May  7, 2008"
3872,Natrona County International,Casper,United States,CPR,KCPR,42.908,-106.464417,5347,-7,A,"Casper, WY",205,204,205,205,4.200000000000003,11.04411764705882,13.0,44.0,"Fri, May 16, 2008","Thu, May  8, 2008"
3744,Corpus Christi International,Corpus Christi,United States,CRP,KCRP,27.770361,-97.501222,44,-6,A,"Corpus Christi, TX",383,383,388,388,3.6631853785900783,9.462140992167114,8.0,35.0,"Sat, May 17, 2008","Wed, May 21, 2008"
4285,Yeager,Charleston,United States,CRW,KCRW,38.373147,-81.593189,981,-5,A,"Charleston/Dunbar, WV",304,299,305,305,3.710526315789474,12.043478260869554,11.0,82.0,"Fri, May 23, 2008","Tue, May 13, 2008"
4255,Columbus Metropolitan Airport,Columbus,United States,CSG,KCSG,32.5163333,-84.9388611,397,-5,A,"Columbus, GA",115,114,115,115,2.9478260869565216,10.105263157894736,7.0,28.0,"Thu, May 15, 2008","Tue, May 27, 2008"
3488,Cincinnati Northern Kentucky International,Cincinnati,United States,CVG,KCVG,39.048836,-84.667822,896,-5,A,"Cincinnati, OH",7951,7991,8063,8057,4.788957363853621,16.040670754598953,80.0,145.0,"Fri, May 16, 2008","Fri, May  2, 2008"
4045,Central Wisconsin,Wassau,United States,CWA,KCWA,44.772726,-89.646635,840,-6,A,"Mosinee, WI",172,171,174,174,3.633720930232558,10.327485380116952,10.0,28.0,"Sun, May 25, 2008","Fri, May 30, 2008"
3950,Daytona Beach International,Daytona Beach,United States,DAB,KDAB,29.179917,-81.058056,34,-5,A,"Daytona Beach, FL",268,268,271,271,3.8843283582089563,13.01865671641791,11.0,72.0,"Mon, May 26, 2008","Sat, May 31, 2008"
3502,Dallas Love Field,Dallas,United States,DAL,KDAL,32.847111,-96.851778,487,-6,A,"Dallas, TX",4619,4647,4707,4707,3.8726997185537995,10.584678287066927,40.0,87.0,"Tue, May 27, 2008","Wed, May  7, 2008"
3627,James M. Cox Dayton International,Dayton,United States,DAY,KDAY,39.902375,-84.219375,1009,-5,A,"Dayton, OH",1377,1377,1386,1388,5.254901960784318,12.338416848220776,18.0,143.0,"Wed, May  7, 2008","Tue, May 13, 2008"
4388,Dubuque Regional,Dubuque IA,United States,DBQ,KDBQ,42.402,-90.709472,1076,-6,A,"Dubuque, IA",116,116,118,118,3.5775862068965516,10.5,8.0,37.0,"Sun, May 25, 2008","Sun, May 11, 2008"
3520,Ronald Reagan Washington National,Washington,United States,DCA,KDCA,38.852083,-77.037722,15,-5,A,"Washington, DC",7303,7307,7435,7433,5.467889908256883,17.83673190091699,123.0,196.0,"Sat, May 31, 2008","Tue, May 27, 2008"
3751,Denver International,Denver,United States,DEN,KDEN,39.861656,-104.673178,5431,-7,A,"Denver, CO",20543,20595,20765,20755,8.186194810884517,15.922359796067006,56.0,144.0,"Fri, May 23, 2008","Tue, May 20, 2008"
3670,Dallas Fort Worth International,Dallas-fort Worth,United States,DFW,KDFW,32.896828,-97.037997,607,-6,A,"Dallas/Fort Worth, TX",23838,23966,24581,24566,10.311855021394388,16.76950680130166,73.0,149.0,"Tue, May 27, 2008","Wed, May  7, 2008"
3739,Dothan Regional,Dothan,United States,DHN,KDHN,31.321339,-85.449628,401,-6,A,"Dothan, AL",118,118,118,118,3.711864406779661,10.000000000000004,8.0,55.0,"Tue, May 20, 2008","Fri, May 23, 2008"
3460,Dillingham,Dillingham,United States,DLG,PADL,59.044667,-158.5055,74,-9,A,"Dillingham, AK",13,13,13,13,2.3076923076923075,8.076923076923077,4.0,26.0,"Fri, May  9, 2008","Mon, May 19, 2008"
3598,Duluth International,Duluth,United States,DLH,KDLH,46.842091,-92.193649,1428,-6,A,"Duluth, MN",238,238,239,240,5.949579831932773,12.134453781512608,24.0,43.0,"Mon, May 26, 2008","Fri, May  2, 2008"
3713,Durango La Plata County,Durango,United States,DRO,KDRO,37.151516,-107.75377,6685,-7,A,"Durango, CO",322,322,324,324,4.975155279503106,10.98757763975155,44.0,74.0,"Fri, May 23, 2008","Wed, May 28, 2008"
3729,Des Moines International,Des Moines,United States,DSM,KDSM,41.533972,-93.663083,958,-6,A,"Des Moines, IA",1371,1375,1397,1400,4.520787746170679,12.215272727272735,15.0,129.0,"Sat, May 24, 2008","Wed, May  7, 2008"
3645,Detroit Metro Wayne County,Detroit,United States,DTW,KDTW,42.212444,-83.353389,645,-5,A,"Detroit, MI",14085,14095,14186,14171,10.412424565140245,18.803689251507503,81.0,152.0,"Fri, May  2, 2008","Sat, May 31, 2008"
4250,Eagle County Regional,Vail,United States,EGE,KEGE,39.642556,-106.917694,6540,-7,A,"Eagle, CO",120,120,124,124,2.9833333333333334,12.058333333333334,5.0,32.0,"Mon, May  5, 2008","Thu, May  1, 2008"
5736,Elko Regional Airport,Elko,United States,EKO,KEKO,40.8249,-115.792,5140,-8,A,"Elko, NV",150,149,150,150,4.826666666666667,10.281879194630871,9.0,29.0,"Mon, May 19, 2008","Fri, May  9, 2008"
3946,Elmira Corning Regional,Elmira,United States,ELM,KELM,42.159889,-76.891611,954,-5,A,"Elmira/Corning, NY",110,110,110,110,4.781818181818183,12.145454545454545,11.0,89.0,"Sun, May 18, 2008","Tue, May 13, 2008"
3559,El Paso International,El Paso,United States,ELP,KELP,31.80725,-106.377583,3958,-7,A,"El Paso, TX",1756,1753,1767,1766,3.6890660592255125,10.633200228180241,19.0,88.0,"Wed, May 28, 2008","Wed, May 14, 2008"
4276,Erie International-Tom Ridge Field,Erie,United States,ERI,KERI,42.082022,-80.176217,733,-5,A,"Erie, PA",117,117,118,118,5.58119658119658,13.222222222222218,16.0,65.0,"Sat, May 10, 2008","Tue, May 13, 2008"
4099,Mahlon Sweet Field,Eugene,United States,EUG,KEUG,44.124583,-123.211972,374,-8,A,"Eugene, OR",481,480,483,483,3.8669438669438665,9.731250000000005,10.0,39.0,"Tue, May  6, 2008","Sun, May  4, 2008"
4018,Evansville Regional,Evansville,United States,EVV,KEVV,38.036997,-87.532364,418,-6,A,"Evansville, IN",529,528,544,544,4.712665406427219,11.344696969696962,11.0,128.0,"Fri, May 16, 2008","Fri, May  2, 2008"
3730,Craven County Regional,New Bern,United States,EWN,KEWN,35.072972,-77.042944,18,-5,A,"New Bern/Morehead/Beaufort, NC",62,62,62,62,3.0161290322580645,8.241935483870968,6.0,27.0,"Sun, May  4, 2008","Sun, May 25, 2008"
3494,Newark Liberty International,Newark,United States,EWR,KEWR,40.6925,-74.168667,18,-5,A,"Newark, NJ",11590,11646,11872,11883,10.028213977566924,27.885368366821226,84.0,221.0,"Wed, May 28, 2008","Sat, May 31, 2008"
3875,Key West International,Key West,United States,EYW,KEYW,24.556111,-81.759556,3,-5,A,"Key West, FL",119,119,119,119,3.243697478991596,8.957983193277311,7.0,21.0,"Tue, May  6, 2008","Fri, May 23, 2008"
3832,Fairbanks International,Fairbanks,United States,FAI,PAFA,64.815114,-147.856267,434,-9,A,"Fairbanks, AK",404,401,408,406,3.2846534653465347,9.812967581047388,12.0,32.0,"Mon, May  5, 2008","Tue, May 27, 2008"
4292,Hector International Airport,Fargo,United States,FAR,KFAR,46.92065,-96.8157639,902,-6,A,"Fargo, ND",376,376,381,380,4.787234042553191,12.832446808510639,13.0,129.0,"Wed, May 21, 2008","Tue, May 13, 2008"
3687,Fresno Yosemite International,Fresno,United States,FAT,KFAT,36.776194,-119.71814,336,-8,A,"Fresno, CA",1270,1270,1276,1278,4.603149606299213,9.874015748031484,33.0,61.0,"Fri, May  2, 2008","Fri, May 23, 2008"
5738,Fayetteville Regional-Grannis Field,Fayetteville,United States,FAY,KFAY,34.9912,-78.8803,189,-5,A,"Fayetteville, NC",149,148,149,149,3.6375838926174495,9.202702702702705,8.0,20.0,"Fri, May 23, 2008","Sat, May 17, 2008"
4127,Glacier Park International,Kalispell,United States,FCA,KFCA,48.310472,-114.256,2977,-7,A,"Kalispell, MT",195,195,195,195,3.95897435897436,11.902564102564103,8.0,31.0,"Sat, May 31, 2008","Thu, May  1, 2008"
4261,Flagstaff Pulliam Airport,Flagstaff,United States,FLG,KFLG,35.140318,-111.6692392,7015,-7,N,"Flagstaff, AZ",171,170,179,179,6.409356725146199,17.05882352941176,20.0,45.0,"Sat, May 10, 2008","Thu, May  1, 2008"
3533,Fort Lauderdale Hollywood International,Fort Lauderdale,United States,FLL,KFLL,26.072583,-80.15275,9,-5,A,"Fort Lauderdale, FL",5558,5574,5586,5593,4.8458078445484265,16.46788661643342,52.0,164.0,"Mon, May 26, 2008","Sat, May 31, 2008"
3879,Florence Regional,Florence,United States,FLO,KFLO,34.185361,-79.723889,146,-5,A,"Florence, SC",52,52,52,52,4.365384615384616,9.365384615384611,7.0,20.0,"Fri, May 30, 2008","Fri, May 23, 2008"
4089,Bishop International,Flint,United States,FNT,KFNT,42.965424,-83.743629,782,-5,A,"Flint, MI",744,747,751,752,4.22043010752688,10.99330655957163,13.0,91.0,"Wed, May 14, 2008","Sun, May 11, 2008"
4009,Sioux Falls,Sioux Falls,United States,FSD,KFSD,43.582014,-96.741914,1429,-6,A,"Sioux Falls, SD",486,483,489,490,4.940329218107001,13.75776397515528,26.0,92.0,"Sat, May 24, 2008","Fri, May 23, 2008"
3437,Fort Smith Regional,Fort Smith,United States,FSM,KFSM,35.336583,-94.367444,469,-6,A,"Fort Smith, AR",234,232,240,240,4.153846153846153,9.586206896551726,23.0,40.0,"Thu, May  8, 2008","Wed, May 14, 2008"
4041,Fort Wayne,Fort Wayne,United States,FWA,KFWA,40.978472,-85.195139,815,-5,A,"Fort Wayne, IN",548,545,559,558,4.149635036496349,12.805504587155971,23.0,130.0,"Fri, May  2, 2008","Fri, May  2, 2008"
4296,Gillette-Campbell County Airport,Gillette,United States,GCC,KGCC,44.3489167,-105.5393611,4365,-7,A,"Gillette, WY",91,90,93,93,3.5714285714285716,14.83333333333334,18.0,77.0,"Fri, May  2, 2008","Thu, May  8, 2008"
3467,Spokane International,Spokane,United States,GEG,KGEG,47.619861,-117.533833,2376,-8,A,"Spokane, WA",1371,1373,1372,1377,4.378555798687084,10.177713037144947,37.0,44.0,"Sat, May 10, 2008","Wed, May 14, 2008"
3442,Grand Forks International,Grand Forks,United States,GFK,KGFK,47.949256,-97.176111,845,-6,A,"Grand Forks, ND",116,115,116,117,4.155172413793103,10.53913043478261,9.0,32.0,"Wed, May 14, 2008","Sat, May 10, 2008"
3465,East Texas Regional,Longview,United States,GGG,KGGG,32.384014,-94.711486,365,-6,A,"Longview, TX",89,89,94,93,6.078651685393258,8.651685393258425,14.0,20.0,"Thu, May  8, 2008","Fri, May 30, 2008"
4063,Grand Junction Regional,Grand Junction,United States,GJT,KGJT,39.122413,-108.526735,4858,-7,A,"Grand Junction, CO",462,461,464,464,4.023809523809522,11.238611713665943,34.0,76.0,"Fri, May 23, 2008","Wed, May 21, 2008"
3472,Gainesville Regional,Gainesville,United States,GNV,KGNV,29.690056,-82.271778,152,-5,A,"Gainesville, FL",165,166,166,167,3.242424242424242,7.054216867469879,15.0,21.0,"Fri, May  9, 2008","Sun, May 18, 2008"
4038,Gulfport-Biloxi,Gulfport,United States,GPT,KGPT,30.407278,-89.070111,28,-6,A,"Gulfport/Biloxi, MS",733,733,738,739,5.190995907230553,11.49522510231924,50.0,89.0,"Sat, May 17, 2008","Wed, May 28, 2008"
3653,Austin Straubel International,Green Bay,United States,GRB,KGRB,44.485072,-88.129589,695,-6,A,"Green Bay, WI",749,747,764,764,4.293724966622167,11.17402945113789,30.0,113.0,"Fri, May 16, 2008","Wed, May  7, 2008"
3775,Robert Gray AAF,Killeen,United States,GRK,KGRK,31.06725,-97.828917,1015,-6,A,"Killeen, TX",369,369,378,379,3.4065040650406515,9.235772357723583,35.0,75.0,"Tue, May 13, 2008","Wed, May 28, 2008"
3685,Gerald R. Ford International,Grand Rapids,United States,GRR,KGRR,42.880833,-85.522806,794,-5,A,"Grand Rapids, MI",1457,1458,1471,1475,4.059711736444763,12.70987654320987,25.0,76.0,"Mon, May 26, 2008","Fri, May 23, 2008"
4008,Piedmont Triad,Greensboro,United States,GSO,KGSO,36.09775,-79.937306,925,-5,A,"Greensboro/High Point, NC",1161,1162,1180,1183,4.81050818260121,15.716006884681583,47.0,111.0,"Mon, May 12, 2008","Thu, May 22, 2008"
4034,Greenville-Spartanburg International,Greenville,United States,GSP,KGSP,34.895556,-82.218889,964,-5,A,"Greer, SC",1040,1035,1054,1052,3.852884615384618,14.075362318840575,23.0,207.0,"Mon, May  5, 2008","Sun, May 11, 2008"
3880,Great Falls International,Great Falls,United States,GTF,KGTF,47.482,-111.370689,3677,-7,A,"Great Falls, MT",205,206,206,206,3.678048780487805,9.05339805825243,7.0,19.0,"Wed, May  7, 2008","Wed, May 21, 2008"
4273,Golden Triangle Regional Airport,Columbus Mississippi,United States,GTR,KGTR,33.450333,-88.591361,264,-6,A,"Columbus, MS",74,74,74,74,3.581081081081081,11.21621621621622,5.0,68.0,"Sun, May 18, 2008","Fri, May 30, 2008"
7051,Gunnison - Crested Butte,Gunnison,United States,GUC,KGUC,38.533889,-106.933056,7678,-7,A,"Gunnison, CO",61,61,62,62,2.8524590163934422,12.032786885245901,9.0,44.0,"Sat, May 24, 2008","Thu, May 22, 2008"
4339,Yampa Valley,Hayden,United States,HDN,KHDN,40.481181,-107.21766,6602,-7,A,"Hayden, CO",88,88,92,92,3.7386363636363638,13.204545454545455,6.0,45.0,"Tue, May 13, 2008","Thu, May  1, 2008"
7002,Hilton Head,Hilton Head,United States,HHH,KHHH,32.216,-80.752,10,-5,U,"Hilton Head, SC",79,80,80,80,3.1772151898734173,12.187499999999996,8.0,34.0,"Sun, May 25, 2008","Sun, May 25, 2008"
3504,Helena Regional,Helena,United States,HLN,KHLN,46.606806,-111.98275,3877,-7,A,"Helena, MT",118,117,118,118,3.440677966101695,12.547008547008547,7.0,73.0,"Fri, May 16, 2008","Sat, May 24, 2008"
3728,Honolulu International,Honolulu,United States,HNL,PHNL,21.318681,-157.922428,13,-10,N,"Honolulu, HI",4413,4422,4439,4439,5.3342397462044016,12.311397557666194,41.0,45.0,"Wed, May 28, 2008","Sun, May 18, 2008"
3566,William P. Hobby,Houston,United States,HOU,KHOU,29.645419,-95.278889,46,-6,A,"Houston, TX",4714,4720,4759,4760,5.0640644887568955,9.020338983050824,23.0,116.0,"Tue, May  6, 2008","Tue, May 27, 2008"
3589,Westchester County,White Plains,United States,HPN,KHPN,41.066959,-73.707575,439,-5,A,"White Plains, NY",913,921,923,927,6.513691128148961,17.259500542888183,83.0,139.0,"Fri, May 30, 2008","Tue, May 27, 2008"
3560,Valley International,Harlingen,United States,HRL,KHRL,26.2285,-97.654389,36,-6,A,"Harlingen/San Benito, TX",364,364,369,369,2.3324175824175803,7.461538461538462,6.0,38.0,"Fri, May 16, 2008","Tue, May  6, 2008"
4113,Huntsville International Airport-Carl T. Jones Field,Huntsville,United States,HSV,KHSV,34.6371944,-86.7750556,629,-6,A,"Huntsville, AL",910,908,921,921,5.28351648351648,13.699339207048459,22.0,96.0,"Sun, May 18, 2008","Sun, May 11, 2008"
3714,Washington Dulles International,Washington,United States,IAD,KIAD,38.944533,-77.455811,313,-5,A,"Washington, DC",6418,6429,6521,6520,7.198036771579932,19.655000777725935,55.0,186.0,"Thu, May  8, 2008","Sat, May 31, 2008"
3550,George Bush Intercontinental Houston,Houston,United States,IAH,KIAH,29.984433,-95.341442,97,-6,A,"Houston, TX",15846,15886,15965,15968,8.165404518490536,18.8328717109404,56.0,160.0,"Wed, May 21, 2008","Wed, May 14, 2008"
3457,Wichita Mid Continent,Wichita,United States,ICT,KICT,37.649944,-97.433056,1333,-6,A,"Wichita, KS",1194,1203,1233,1233,4.81742043551088,12.034912718204486,39.0,138.0,"Tue, May 13, 2008","Fri, May 23, 2008"
4100,Idaho Falls Regional,Idaho Falls,United States,IDA,KIDA,43.514556,-112.07075,4744,-7,A,"Idaho Falls, ID",283,282,285,284,4.014134275618369,10.90425531914894,10.0,33.0,"Sun, May 11, 2008","Sat, May 10, 2008"
3845,Wilmington International,Wilmington,United States,ILM,KILM,34.270615,-77.902569,32,-5,A,"Wilmington, NC",298,300,299,300,4.4093959731543615,11.64666666666666,32.0,48.0,"Sun, May  4, 2008","Mon, May  5, 2008"
3585,Indianapolis International,Indianapolis,United States,IND,KIND,39.717331,-86.294383,797,-5,A,"Indianapolis, IN",3739,3734,3765,3768,9.116876170098953,14.609801821103378,71.0,131.0,"Tue, May 27, 2008","Fri, May 30, 2008"
3689,Imperial County,Imperial,United States,IPL,KIPL,32.834219,-115.578744,-54,-8,A,"El Centro, CA",107,106,109,109,3.8878504672897196,9.707547169811326,7.0,45.0,"Mon, May 12, 2008","Sun, May 11, 2008"
3857,Long Island MacArthur,Islip,United States,ISP,KISP,40.79525,-73.100222,99,-5,A,"Islip, NY",853,854,853,854,4.457209847596714,8.61007025761125,43.0,69.0,"Tue, May 27, 2008","Sat, May 31, 2008"
3415,Hilo International,Hilo,United States,ITO,PHTO,19.721375,-155.048469,38,-10,N,"Hilo, HI",637,636,638,638,4.894819466248032,8.889937106918245,21.0,29.0,"Sun, May 18, 2008","Wed, May 21, 2008"
7120,Inyokern Airport,Inyokern,United States,IYK,KIYK,35.658889,-117.829444,2455,-8,A,"Inyokern, CA",81,81,83,83,4.11111111111111,12.04938271604938,10.0,22.0,"Wed, May  7, 2008","Thu, May  8, 2008"
4027,Jackson Hole Airport,Jacksn Hole,United States,JAC,KJAC,43.60733333,-110.73775,6451,-7,A,"Jackson, WY",225,222,225,223,3.56,14.35135135135135,15.0,50.0,"Fri, May  9, 2008","Wed, May  7, 2008"
3580,Jackson Evers International,Jackson,United States,JAN,KJAN,32.311167,-90.075889,346,-6,A,"Jackson/Vicksburg, MS",1003,1004,1017,1021,4.648055832502492,10.269920318725111,68.0,86.0,"Fri, May  9, 2008","Fri, May  2, 2008"
3712,Jacksonville International,Jacksonville,United States,JAX,KJAX,30.494056,-81.687861,30,-5,A,"Jacksonville, FL",2785,2785,2800,2798,5.451346499102334,13.242010771992835,63.0,110.0,"Fri, May 30, 2008","Fri, May 16, 2008"
3797,John F. Kennedy International,New York,United States,JFK,KJFK,40.639751,-73.778925,13,-5,A,"New York, NY",9564,9583,9663,9663,10.104245085738189,32.885735156005396,97.0,256.0,"Sat, May 17, 2008","Tue, May 27, 2008"
3492,Juneau International,Juneau,United States,JNU,PAJN,58.354972,-134.576278,21,-9,A,"Juneau, AK",368,369,372,372,3.6875,11.959349593495935,9.0,39.0,"Tue, May 20, 2008","Fri, May 16, 2008"
3514,Kona International At Keahole,Kona,United States,KOA,PHKO,19.738767,-156.045631,47,-10,N,"Kona, HI",1014,1011,1015,1015,4.364891518737666,9.31750741839762,15.0,31.0,"Mon, May 26, 2008","Sat, May  3, 2008"
3808,Ketchikan International,Ketchikan,United States,KTN,PAKT,55.355556,-131.71375,88,-9,A,"Ketchikan, AK",193,193,193,193,4.124352331606216,10.559585492227974,18.0,27.0,"Fri, May  9, 2008","Sun, May  4, 2008"
3544,Capital City,Lansing,United States,LAN,KLAN,42.7787,-84.587357,861,-5,A,"Lansing, MI",356,352,362,361,4.5308988764044935,14.036931818181818,13.0,163.0,"Sat, May  3, 2008","Tue, May 13, 2008"
3877,McCarran International,Las Vegas,United States,LAS,KLAS,36.080056,-115.15225,2141,-8,A,"Las Vegas, NV",15015,15034,15114,15117,6.51555111555112,16.82486364241058,65.0,133.0,"Thu, May 15, 2008","Wed, May  7, 2008"
4256,Lawton-Fort Sill Regional Airport,Lawton,United States,LAW,KLAW,34.5677144,-98.4166367,1110,-6,A,"Lawton/Fort Sill, OK",260,262,267,268,3.9846153846153847,8.603053435114502,8.0,34.0,"Thu, May 22, 2008","Mon, May  5, 2008"
3484,Los Angeles International,Los Angeles,United States,LAX,KLAX,33.942536,-118.408075,126,-8,A,"Los Angeles, CA",18772,18787,18978,18972,8.691721713189887,15.019907382764696,99.0,135.0,"Mon, May 26, 2008","Thu, May 22, 2008"
3829,Lubbock Preston Smith International,Lubbock,United States,LBB,KLBB,33.663639,-101.822778,3282,-6,A,"Lubbock, TX",729,730,740,741,3.3648834019204403,8.96712328767123,12.0,124.0,"Wed, May 14, 2008","Tue, May 27, 2008"
3513,Lake Charles Regional,Lake Charles,United States,LCH,KLCH,30.126112,-93.223335,15,-6,A,"Lake Charles, LA",87,87,87,87,4.931034482758619,14.505747126436782,10.0,49.0,"Fri, May  2, 2008","Wed, May 28, 2008"
4017,Blue Grass,Lexington KY,United States,LEX,KLEX,38.0365,-84.605889,979,-5,A,"Lexington, KY",910,915,920,921,4.945054945054947,12.568306010928968,26.0,109.0,"Mon, May 12, 2008","Fri, May 23, 2008"
3493,Lafayette Regional,Lafayette,United States,LFT,KLFT,30.205278,-91.987611,43,-6,A,"Lafayette, LA",406,406,414,413,5.091133004926106,12.162561576354685,11.0,55.0,"Thu, May  1, 2008","Wed, May 21, 2008"
3697,LaGuardia Airport,New York,United States,LGA,KLGA,40.777245,-73.872608,22,-5,A,"New York, NY",9955,9976,10284,10285,8.186037167252668,29.475942261427427,70.0,253.0,"Mon, May 12, 2008","Tue, May 27, 2008"
3582,Long Beach,Long Beach,United States,LGB,KLGB,33.817722,-118.151611,60,-8,A,"Long Beach, CA",1344,1342,1349,1346,5.733630952380953,14.87406855439642,66.0,134.0,"Sun, May 18, 2008","Thu, May 22, 2008"
3602,Lihue,Lihue,United States,LIH,PHLI,21.975983,-159.338958,153,-10,N,"Lihue, HI",1083,1079,1086,1085,5.193905817174513,7.881371640407787,19.0,32.0,"Sat, May  3, 2008","Sat, May  3, 2008"
3660,Adams Field,Little Rock,United States,LIT,KLIT,34.729444,-92.224306,262,-6,A,"Little Rock, AR",1275,1274,1292,1292,4.697254901960786,10.40894819466247,34.0,98.0,"Fri, May  2, 2008","Fri, May 23, 2008"
3543,Lincoln,Lincoln,United States,LNK,KLNK,40.850971,-96.75925,1219,-6,A,"Lincoln, NE",337,338,341,341,4.097922848664689,10.508875739644973,16.0,99.0,"Sun, May 25, 2008","Tue, May 13, 2008"
3691,Laredo International,Laredo,United States,LRD,KLRD,27.54375,-99.461556,508,-6,A,"Laredo, TX",172,172,174,173,3.145348837209301,9.732558139534886,7.0,83.0,"Sat, May 17, 2008","Tue, May  6, 2008"
4044,LaCrosse Municipal,LaCrosse,United States,LSE,KLSE,43.878986,-91.256711,654,-6,A,"La Crosse, WI",158,158,160,160,3.6645569620253164,10.854430379746839,21.0,64.0,"Fri, May  9, 2008","Mon, May  5, 2008"
6958,Greenbrier Valley Airport,Lewisburg,United States,LWB,KLWB,37.858333,-80.399444,2302,-5,U,"Lewisburg, WV",31,31,31,31,3.4193548387096775,8.193548387096774,14.0,18.0,"Sat, May 17, 2008","Tue, May 27, 2008"
3945,Lewiston Nez Perce County,Lewiston,United States,LWS,KLWS,46.3745,-117.015389,1442,-8,A,"Lewiston, ID",49,49,49,49,5.020408163265306,8.265306122448974,9.0,31.0,"Mon, May  5, 2008","Sun, May 18, 2008"
5753,Lynchburg Regional-Preston Glenn Field,Lynchburg,United States,LYH,KLYH,37.3267,-79.2004,938,-5,A,"Lynchburg, VA",53,53,53,53,3.1320754716981134,8.018867924528301,7.0,27.0,"Mon, May  5, 2008","Wed, May 21, 2008"
3652,Midland International,Midland,United States,MAF,KMAF,31.942528,-102.201914,2871,-6,A,"Midland/Odessa, TX",562,562,566,567,3.2686832740213525,8.788256227757994,12.0,44.0,"Mon, May 19, 2008","Fri, May 16, 2008"
4128,MBS International,Saginaw,United States,MBS,KMBS,43.532913,-84.079647,668,-5,A,"Saginaw/Bay City/Midland, MI",288,287,295,295,4.444444444444441,13.041811846689898,10.0,150.0,"Thu, May 15, 2008","Tue, May 13, 2008"
3458,Kansas City International,Kansas City,United States,MCI,KMCI,39.297606,-94.713905,1026,-6,A,"Kansas City, MO",5283,5281,5330,5329,5.371758470565976,11.162847945464883,122.0,137.0,"Thu, May 29, 2008","Wed, May  7, 2008"
3754,Middle Georgia Regional,Macon,United States,MCN,KMCN,32.69285,-83.649211,354,-5,A,"Macon, GA",73,71,73,72,3.7945205479452055,11.80281690140845,6.0,44.0,"Fri, May 16, 2008","Fri, May  9, 2008"
3878,Orlando International,Orlando,United States,MCO,KMCO,28.429394,-81.308994,96,-5,A,"Orlando, FL",11648,11636,11690,11686,6.655391483516477,13.139652801650037,58.0,124.0,"Sat, May 24, 2008","Fri, May  9, 2008"
3542,Harrisburg International,Harrisburg,United States,MDT,KMDT,40.193494,-76.763403,310,-5,A,"Harrisburg, PA",690,686,693,693,4.537681159420289,13.317784256559772,18.0,111.0,"Thu, May  8, 2008","Fri, May  2, 2008"
3747,Chicago Midway International,Chicago,United States,MDW,KMDW,41.785972,-87.752417,620,-6,A,"Chicago, IL",7625,7633,7654,7655,4.710295081967228,11.486571466002891,53.0,167.0,"Tue, May 13, 2008","Fri, May  2, 2008"
4335,Key Field,Meridian,United States,MEI,KMEI,32.332624,-88.751868,297,-6,A,"Meridian, MS",56,56,56,56,4.6607142857142865,13.089285714285714,7.0,72.0,"Sat, May 10, 2008","Sat, May 17, 2008"
3473,Memphis International,Memphis,United States,MEM,KMEM,35.042417,-89.976667,341,-6,A,"Memphis, TN",6934,6945,7004,6996,7.722526680126911,18.41598272138219,74.0,176.0,"Fri, May  2, 2008","Fri, May  9, 2008"
3826,McAllen Miller International,Mcallen,United States,MFE,KMFE,26.175833,-98.238611,107,-6,A,"Mission/McAllen/Edinburg, TX",330,331,335,336,4.315151515151513,10.432024169184293,10.0,40.0,"Fri, May 30, 2008","Tue, May  6, 2008"
4101,Rogue Valley International Medford,Medford,United States,MFR,KMFR,42.374228,-122.8735,1335,-8,A,"Medford, OR",515,514,516,516,3.763106796116505,9.832684824902726,14.0,65.0,"Tue, May 20, 2008","Sun, May  4, 2008"
4115,Montgomery Regional Airport ,MONTGOMERY,United States,MGM,KMGM,32.3006389,-86.3939722,221,-6,A,"Montgomery, AL",328,326,329,329,3.701219512195122,12.2239263803681,10.0,73.0,"Mon, May 19, 2008","Fri, May  9, 2008"
4011,Manchester Regional Airport,Manchester NH,United States,MHT,KMHT,42.932556,-71.435667,266,-5,A,"Manchester, NH",1583,1584,1586,1587,4.360075805432729,12.489267676767678,21.0,127.0,"Sun, May 18, 2008","Wed, May 21, 2008"
3576,Miami International,Miami,United States,MIA,KMIA,25.79325,-80.290556,8,-5,A,"Miami, FL",5283,5293,5343,5344,7.971228468673084,16.868694502172673,54.0,125.0,"Sat, May 17, 2008","Fri, May  2, 2008"
3717,General Mitchell International,Milwaukee,United States,MKE,KMKE,42.947222,-87.896583,723,-6,A,"Milwaukee, WI",4237,4240,4278,4276,5.148926126976643,13.740094339622637,63.0,114.0,"Mon, May  5, 2008","Fri, May 30, 2008"
5754,Muskegon County Airport,Muskegon,United States,MKG,KMKG,43.1695,-86.2382,628,-5,A,"Muskegon, MI",79,78,79,79,4.506329113924052,7.833333333333337,15.0,15.0,"Wed, May  7, 2008","Sun, May 11, 2008"
3671,Melbourne International,Melbourne,United States,MLB,KMLB,28.102753,-80.645258,33,-5,A,"Melbourne, FL",174,173,174,174,4.580459770114943,11.710982658959534,9.0,63.0,"Fri, May  9, 2008","Fri, May 23, 2008"
4072,Quad City International,Moline,United States,MLI,KMLI,41.448528,-90.507539,590,-6,A,"Moline, IL",674,676,685,686,3.821958456973294,11.915680473372774,16.0,129.0,"Sun, May 11, 2008","Fri, May 30, 2008"
3732,Monroe Regional,Monroe,United States,MLU,KMLU,32.510864,-92.037689,79,-6,A,"Monroe, LA",209,211,214,216,3.909090909090909,9.95260663507109,10.0,99.0,"Thu, May  8, 2008","Fri, May 23, 2008"
3782,Mobile Regional,Mobile,United States,MOB,KMOB,30.691231,-88.242814,219,-6,A,"Mobile, AL",530,527,541,539,3.7,12.039848197343455,10.0,89.0,"Thu, May 22, 2008","Wed, May 28, 2008"
3816,Modesto City County Harry Sham,Modesto,United States,MOD,KMOD,37.625817,-120.954422,97,-8,A,"Modesto, CA",244,245,246,246,2.9262295081967213,9.371428571428575,7.0,46.0,"Fri, May 16, 2008","Mon, May 19, 2008"
3498,Minot International,Minot,United States,MOT,KMOT,48.259378,-101.280333,1716,-6,A,"Minot, ND",90,90,92,92,5.755555555555553,10.911111111111113,9.0,38.0,"Sat, May 24, 2008","Sat, May 10, 2008"
6838,Sawyer International Airport,Marquette,United States,MQT,KMQT,46.353611,-87.395278,1221,-5,A,"Marquette, MI",82,83,83,83,4.6219512195121935,9.783132530120483,14.0,39.0,"Fri, May 23, 2008","Wed, May 14, 2008"
3948,Monterey Peninsula,Monterey,United States,MRY,KMRY,36.587,-121.842944,257,-8,A,"Monterey, CA",678,679,689,689,3.4631268436578173,9.539027982326942,17.0,46.0,"Thu, May 15, 2008","Thu, May 29, 2008"
3459,Dane County Regional-Truax Field,Madison,United States,MSN,KMSN,43.139858,-89.337514,887,-6,A,"Madison, WI",1072,1072,1094,1095,4.113805970149257,13.295708955223882,38.0,99.0,"Thu, May 15, 2008","Fri, May 30, 2008"
4216,Missoula International,Missoula,United States,MSO,KMSO,46.916306,-114.090556,3205,-7,A,"Missoula, MT",210,209,210,210,4.661904761904764,9.789473684210524,10.0,66.0,"Thu, May 22, 2008","Sun, May 11, 2008"
3858,Minneapolis St. Paul International,Minneapolis,United States,MSP,KMSP,44.881956,-93.221767,841,-6,A,"Minneapolis, MN",11526,11562,11623,11618,8.022731216380386,17.841549904860653,54.0,140.0,"Thu, May 29, 2008","Wed, May  7, 2008"
3861,Louis Armstrong New Orleans International,New Orleans,United States,MSY,KMSY,29.993389,-90.258028,4,-6,A,"New Orleans, LA",3557,3560,3567,3569,4.173460781557511,10.733146067415735,41.0,115.0,"Wed, May 28, 2008","Tue, May  6, 2008"
6880,Montrose Regional Airport,Montrose CO,United States,MTJ,KMTJ,38.509794,-107.894242,5759,-7,A,"Montrose/Delta, CO",134,134,134,134,3.574626865671642,11.597014925373138,8.0,43.0,"Sun, May 11, 2008","Tue, May  6, 2008"
3515,Myrtle Beach International,Myrtle Beach,United States,MYR,KMYR,33.67975,-78.928333,25,-5,A,"Myrtle Beach, SC",528,526,531,531,4.390151515151516,12.203422053231941,22.0,71.0,"Sat, May 10, 2008","Mon, May 12, 2008"
4386,Albert J. Ellis,Jacksonville NC,United States,OAJ,KOAJ,34.829164,-77.612139,94,-5,A,"Jacksonville/Camp Lejeune, NC",79,80,80,80,2.734177215189873,8.500000000000002,5.0,29.0,"Thu, May  1, 2008","Wed, May 28, 2008"
3453,Metropolitan Oakland International,Oakland,United States,OAK,KOAK,37.721278,-122.220722,9,-8,A,"Oakland, CA",5310,5312,5384,5385,5.457627118644065,9.794804216867442,35.0,48.0,"Sun, May 18, 2008","Fri, May 16, 2008"
3456,Kahului,Kahului,United States,OGG,PHOG,20.89865,-156.430458,54,-10,N,"Kahului, HI",1444,1443,1454,1456,5.389196675900271,8.674982674982662,17.0,62.0,"Mon, May 19, 2008","Sat, May 31, 2008"
3863,Will Rogers World,Oklahoma City,United States,OKC,KOKC,35.393089,-97.600733,1295,-6,A,"Oklahoma City, OK",2232,2230,2251,2250,4.732974910394267,11.058295964125577,36.0,97.0,"Wed, May  7, 2008","Wed, May 28, 2008"
3454,Eppley Airfield,Omaha,United States,OMA,KOMA,41.303167,-95.894069,984,-6,A,"Omaha, NE",2465,2461,2485,2482,4.166734279918884,11.633075985371777,34.0,152.0,"Tue, May 27, 2008","Fri, May  2, 2008"
3615,Nome,Nome,United States,OME,PAOM,64.512203,-165.445247,37,-9,A,"Nome, AK",87,89,93,93,2.8735632183908044,4.764044943820224,7.0,12.0,"Mon, May 12, 2008","Tue, May 27, 2008"
3734,Ontario International,Ontario,United States,ONT,KONT,34.056,-117.601194,944,-8,A,"Ontario, CA",3211,3214,3232,3231,4.517907194020549,10.83136278780336,78.0,106.0,"Mon, May 19, 2008","Thu, May 22, 2008"
3830,Chicago O'Hare International,Chicago,United States,ORD,KORD,41.978603,-87.904842,668,-6,A,"Chicago, IL",29894,30045,30757,30747,8.284471800361136,18.8908304210349,99.0,220.0,"Fri, May  2, 2008","Tue, May 13, 2008"
3611,Norfolk International,Norfolk,United States,ORF,KORF,36.894611,-76.201222,26,-5,A,"Norfolk, VA",1355,1355,1365,1364,4.3505535055350535,11.986715867158665,63.0,85.0,"Fri, May  2, 2008","Sun, May 11, 2008"
3693,Ralph Wien Memorial,Kotzebue,United States,OTZ,PAOT,66.884678,-162.59855,11,-9,A,"Kotzebue, AK",87,87,93,93,3.2873563218390807,5.402298850574711,6.0,13.0,"Thu, May  1, 2008","Fri, May  2, 2008"
6961,Oxnard - Ventura County,Oxnard,United States,OXR,KOXR,34.200833,-119.207222,15,-8,A,"Oxnard/Ventura, CA",100,101,101,101,3.46,10.831683168316827,7.0,42.0,"Fri, May  9, 2008","Mon, May  5, 2008"
3722,Palm Beach International,West Palm Beach,United States,PBI,KPBI,26.683161,-80.095589,19,-5,A,"West Palm Beach/Palm Beach, FL",2141,2142,2147,2147,4.603923400280239,12.660130718954253,29.0,135.0,"Mon, May 12, 2008","Thu, May  1, 2008"
3720,Portland International,Portland,United States,PDX,KPDX,45.588722,-122.5975,30,-8,A,"Portland, OR",4903,4905,4926,4921,3.757903324495207,11.137206931702362,71.0,91.0,"Mon, May 26, 2008","Fri, May  2, 2008"
4073,Panama City Bay County International,Panama City,United States,PFN,KPFN,30.212083,-85.682806,20,-6,A,"Panama City, FL",389,390,390,391,3.640102827763495,8.887179487179482,10.0,26.0,"Sat, May 17, 2008","Sat, May 31, 2008"
3633,Newport News Williamsburg International,Newport News,United States,PHF,KPHF,37.131894,-76.492989,43,-5,A,"Newport News/Williamsburg, VA",522,518,526,525,4.563218390804595,11.266409266409264,14.0,106.0,"Thu, May  8, 2008","Mon, May  5, 2008"
3752,Philadelphia International,Philadelphia,United States,PHL,KPHL,39.871944,-75.241139,36,-5,A,"Philadelphia, PA",8384,8399,8522,8517,6.857228053435119,22.74258840338138,67.0,144.0,"Mon, May 19, 2008","Sat, May 31, 2008"
3462,Phoenix Sky Harbor International,Phoenix,United States,PHX,KPHX,33.434278,-112.011583,1135,-7,N,"Phoenix, AZ",17257,17323,17425,17425,7.344324042417559,15.414651041967334,129.0,116.0,"Thu, May  1, 2008","Thu, May 22, 2008"
4046,Peoria Regional,Peoria,United States,PIA,KPIA,40.664203,-89.693258,660,-6,A,"Peoria, IL",489,487,506,505,4.104294478527608,12.577002053388087,16.0,129.0,"Fri, May  2, 2008","Fri, May 30, 2008"
5760,Pocatello Regional Airport,Pocatello,United States,PIH,KPIH,42.9098,-112.596,4452,-7,A,"Pocatello, ID",155,154,155,155,3.496774193548387,8.805194805194805,8.0,30.0,"Sun, May 25, 2008","Thu, May  1, 2008"
3570,Pittsburgh International,Pittsburgh (pennsylva),United States,PIT,KPIT,40.491467,-80.232872,1204,-5,A,"Pittsburgh, PA",3531,3523,3560,3559,5.698668932313808,13.835083735452734,39.0,112.0,"Fri, May 16, 2008","Tue, May 27, 2008"
3756,Palmdale Regional Usaf Plt 42,Palmdale,United States,PMD,KPMD,34.629391,-118.08456,2543,-8,A,"Palmdale, CA",55,55,56,57,5.054545454545455,11.727272727272727,13.0,22.0,"Tue, May 27, 2008","Fri, May  2, 2008"
3564,Pensacola Regional,Pensacola,United States,PNS,KPNS,30.473425,-87.186611,121,-6,A,"Pensacola, FL",874,874,885,886,4.1750572082379875,10.917620137299753,19.0,92.0,"Wed, May  7, 2008","Wed, May 14, 2008"
6133,Tri Cities Airport,Pasco,United States,PSC,PSC,46.2647,-119.119,410,-8,A,"Pasco/Kennewick/Richland, WA",231,230,231,231,4.398268398268404,10.12173913043478,10.0,21.0,"Sun, May 11, 2008","Sun, May  4, 2008"
4147,Petersburg James A. Johnson,Petersburg,United States,PSG,PAPG,56.801667,-132.945278,105,-9,A,"Petersburg, AK",60,62,62,62,3.55,7.67741935483871,39.0,32.0,"Wed, May 21, 2008","Wed, May 21, 2008"
3839,Palm Springs International,Palm Springs,United States,PSP,KPSP,33.829667,-116.506694,477,-8,A,"Palm Springs, CA",1009,1009,1018,1018,5.260654112983151,11.825569871159567,40.0,52.0,"Thu, May  1, 2008","Sun, May  4, 2008"
3641,Theodore Francis Green State,Providence,United States,PVD,KPVD,41.732581,-71.420383,55,-5,A,"Providence, RI",1903,1903,1918,1918,4.604834471886495,12.89700472937466,57.0,139.0,"Tue, May 20, 2008","Tue, May 20, 2008"
3862,Portland International Jetport,Portland,United States,PWM,KPWM,43.646161,-70.309281,77,-5,A,"Portland, ME",564,563,570,571,3.585106382978725,14.110124333925398,29.0,166.0,"Thu, May 29, 2008","Fri, May 23, 2008"
4087,Rapid City Regional Airport,Rapid City,United States,RAP,KRAP,44.045278,-103.057222,3204,-7,A,"Rapid City, SD",368,366,389,389,4.7309782608695645,11.300546448087431,25.0,98.0,"Fri, May 23, 2008","Thu, May 22, 2008"
4098,Redding Municipal,Redding,United States,RDD,KRDD,40.509,-122.293389,504,-8,A,"Redding, CA",149,149,149,149,3.9597315436241636,10.026845637583893,10.0,24.0,"Sun, May 11, 2008","Sat, May 17, 2008"
4103,Roberts Field,Redmond-Bend,United States,RDM,KRDM,44.254066,-121.149964,3077,-8,A,"Bend/Redmond, OR",297,297,297,297,3.4579124579124585,10.161616161616166,8.0,49.0,"Sat, May  3, 2008","Sun, May  4, 2008"
3626,Raleigh Durham International,Raleigh-durham,United States,RDU,KRDU,35.877639,-78.787472,435,-5,A,"Raleigh/Durham, NC",5089,5090,5157,5156,4.886421693849475,13.99469548133597,57.0,188.0,"Tue, May 20, 2008","Tue, May 27, 2008"
4028,Chicago Rockford International Airport ,Rockford,United States,RFD,KRFD,42.1953611,-89.0972222,742,-6,A,"Rockford, IL",57,58,57,58,3.5789473684210527,10.913793103448276,5.0,21.0,"Thu, May  1, 2008","Sun, May  4, 2008"
3608,Richmond International,Richmond,United States,RIC,KRIC,37.505167,-77.319667,167,-5,A,"Richmond, VA",1717,1715,1736,1737,5.448456610366919,15.031486880466472,49.0,130.0,"Sat, May 31, 2008","Tue, May 27, 2008"
5766,Rock Springs Sweetwater County Airport,Rock Springs,United States,RKS,KRKS,41.5942,-109.065,6760,-7,A,"Rock Springs, WY",61,61,61,61,2.721311475409836,14.573770491803279,6.0,49.0,"Sat, May 10, 2008","Thu, May  8, 2008"
3807,Reno Tahoe International,Reno,United States,RNO,KRNO,39.499108,-119.768108,4415,-8,A,"Reno, NV",2074,2075,2088,2090,4.4035679845708655,10.327228915662648,23.0,75.0,"Fri, May  2, 2008","Fri, May 30, 2008"
4016,Roanoke Regional,Roanoke VA,United States,ROA,KROA,37.325472,-79.975417,1175,-5,A,"Roanoke, VA",285,285,290,291,4.908771929824566,15.063157894736841,10.0,53.0,"Thu, May  1, 2008","Mon, May  5, 2008"
3622,Greater Rochester International,Rochester,United States,ROC,KROC,43.118866,-77.672389,559,-5,A,"Rochester, NY",1207,1209,1227,1231,6.047224523612263,13.893300248138958,27.0,111.0,"Wed, May 28, 2008","Fri, May 16, 2008"
3736,Roswell International Air Center,Roswell,United States,ROW,KROW,33.301556,-104.530556,3671,-7,A,"Roswell, NM",86,86,88,88,4.186046511627905,9.174418604651162,9.0,65.0,"Sun, May 11, 2008","Tue, May  6, 2008"
4048,Rochester,Rochester,United States,RST,KRST,43.908283,-92.500014,1317,-6,A,"Rochester, MN",284,284,292,292,3.4119718309859155,9.478873239436622,10.0,60.0,"Fri, May  9, 2008","Wed, May  7, 2008"
3793,Southwest Florida International,Fort Myers,United States,RSW,KRSW,26.536167,-81.755167,30,-5,A,"Fort Myers, FL",2047,2052,2049,2055,4.406448461162679,12.163742690058488,26.0,201.0,"Sat, May 10, 2008","Tue, May 27, 2008"
3731,San Diego International,San Diego,United States,SAN,KSAN,32.733556,-117.189667,17,-8,A,"San Diego, CA",8296,8281,8350,8351,3.781702025072327,14.131988890230653,94.0,114.0,"Sat, May 31, 2008","Sun, May  4, 2008"
3621,San Antonio International,San Antonio,United States,SAT,KSAT,29.533694,-98.469778,809,-6,A,"San Antonio, TX",3962,3952,3985,3975,3.97930338213024,11.069838056680148,44.0,113.0,"Sat, May 24, 2008","Tue, May  6, 2008"
3613,Savannah Hilton Head International,Savannah,United States,SAV,KSAV,32.127583,-81.202139,51,-5,A,"Savannah, GA",1406,1397,1423,1419,6.0398293029872,15.153185397279886,53.0,155.0,"Sat, May 31, 2008","Fri, May 16, 2008"
3949,Santa Barbara Municipal,Santa Barbara,United States,SBA,KSBA,34.426211,-119.840372,10,-8,A,"Santa Barbara, CA",1078,1076,1090,1090,4.424860853432281,10.29832713754647,40.0,69.0,"Mon, May 26, 2008","Tue, May  6, 2008"
4359,South Bend Regional,South Bend,United States,SBN,KSBN,41.708661,-86.31725,799,-5,A,"South Bend, IN",460,458,470,470,4.1434782608695615,12.080786026200869,33.0,64.0,"Thu, May 22, 2008","Thu, May 15, 2008"
5768,San Luis County Regional Airport,San Luis Obispo,United States,SBP,KSBP,35.2368,-120.642,212,-8,A,"San Luis Obispo, CA",545,544,548,547,3.9119266055045836,10.408088235294125,19.0,31.0,"Wed, May 28, 2008","Sat, May 10, 2008"
3620,Deadhorse,Deadhorse,United States,SCC,PASC,70.19475,-148.465167,64,-9,A,"Deadhorse, AK",62,62,62,62,3.2258064516129035,5.193548387096774,6.0,13.0,"Tue, May 27, 2008","Fri, May 30, 2008"
4318,University Park Airport,State College Pennsylvania,United States,SCE,KUNV,40.849278,-77.848694,1239,-5,A,"State College, PA",35,36,36,37,6.685714285714286,13.75,10.0,29.0,"Thu, May  8, 2008","Tue, May 13, 2008"
4014,Louisville International Airport,Louisville,United States,SDF,KSDF,38.1740858,-85.7364989,501,-5,A,"Louisville, KY",2009,2012,2021,2022,5.861622697859632,12.879224652087476,36.0,106.0,"Wed, May 28, 2008","Fri, May 23, 2008"
3577,Seattle Tacoma International,Seattle,United States,SEA,KSEA,47.449,-122.309306,433,-8,A,"Seattle, WA",9575,9594,9651,9650,6.071331592689289,15.665937043985842,52.0,110.0,"Thu, May  1, 2008","Fri, May 30, 2008"
3469,San Francisco International,San Francisco,United States,SFO,KSFO,37.618972,-122.374889,13,-8,A,"San Francisco, CA",11946,11967,12115,12114,6.104218985434449,17.574830784657923,53.0,154.0,"Thu, May 15, 2008","Mon, May 12, 2008"
4348,Springfield Branson National,Springfield,United States,SGF,KSGF,37.245667,-93.388639,1268,-6,A,"Springfield, MO",874,873,888,889,3.7723112128146465,12.475372279495991,22.0,126.0,"Sun, May 25, 2008","Sun, May 11, 2008"
4064,St. George Municipal,Saint George,United States,SGU,KSGU,37.090583,-113.593056,2941,-7,A,"St. George, UT",307,308,309,309,3.9120521172638436,9.288961038961041,9.0,24.0,"Sat, May  3, 2008","Sun, May 25, 2008"
3609,Shreveport Regional,Shreveport,United States,SHV,KSHV,32.446629,-93.8256,258,-6,A,"Shreveport, LA",660,664,683,683,5.103030303030303,9.695783132530119,26.0,76.0,"Mon, May 12, 2008","Wed, May 14, 2008"
3856,Sitka Rocky Gutierrez,Sitka,United States,SIT,PASI,57.047138,-135.361611,21,-9,A,"Sitka, AK",121,121,124,124,4.330578512396696,10.429752066115697,12.0,32.0,"Wed, May 28, 2008","Fri, May 16, 2008"
3748,Norman Y. Mineta San Jose International,San Jose,United States,SJC,KSJC,37.3626,-121.929022,62,-8,A,"San Jose, CA",4931,4924,4971,4968,3.889069154329752,11.419577579203896,40.0,87.0,"Sun, May 25, 2008","Mon, May 26, 2008"
3708,San Angelo Regional-Mathis Field,San Angelo,United States,SJT,KSJT,31.35775,-100.496306,1919,-6,A,"San Angelo, TX",151,149,154,154,3.4900662251655628,8.033557046979851,14.0,23.0,"Sun, May 18, 2008","Wed, May 21, 2008"
3536,Salt Lake City International,Salt Lake City,United States,SLC,KSLC,40.788389,-111.977772,4227,-7,A,"Salt Lake City, UT",11524,11542,11584,11582,5.940732384588669,16.57503032403398,48.0,133.0,"Sat, May 24, 2008","Wed, May  7, 2008"
7826,McNary Field,Salem,United States,SLE,KSLE,44.9095,-123.003,214,-7,A,"Salem, OR",56,57,56,57,4.714285714285716,10.807017543859645,12.0,22.0,"Sun, May 18, 2008","Tue, May  6, 2008"
3817,Sacramento International,Sacramento,United States,SMF,KSMF,38.695417,-121.590778,27,-8,A,"Sacramento, CA",4685,4679,4697,4699,4.275987193169693,10.159008335114342,24.0,84.0,"Sun, May 25, 2008","Sat, May 31, 2008"
5772,Santa Maria Public-Captain G. Allan Hancock Airport,Santa Maria,United States,SMX,KSMX,34.8989,-120.457,261,-8,A,"Santa Maria, CA",146,146,148,148,3.856164383561644,9.876712328767118,14.0,32.0,"Wed, May 28, 2008","Tue, May  6, 2008"
3867,John Wayne Airport Orange County,Santa Ana,United States,SNA,KSNA,33.675667,-117.868222,56,-8,A,"Santa Ana, CA",3927,3936,3977,3984,6.3997962821492225,13.266514227642261,43.0,154.0,"Wed, May 21, 2008","Sun, May 11, 2008"
4336,Abraham Lincoln Capital,Springfield,United States,SPI,KSPI,39.8441,-89.677889,597,-6,A,"Springfield, IL",84,84,87,87,4.202380952380951,10.88095238095238,8.0,49.0,"Fri, May 30, 2008","Wed, May  7, 2008"
3680,Sheppard AFB Wichita Falls Municipal,Wichita Falls,United States,SPS,KSPS,33.988797,-98.491894,1019,-6,A,"Wichita Falls, TX",191,190,205,206,6.816753926701571,9.605263157894738,18.0,50.0,"Wed, May  7, 2008","Tue, May  6, 2008"
4067,Sarasota Bradenton International,Sarasota,United States,SRQ,KSRQ,27.395444,-82.554389,30,-5,A,"Sarasota/Bradenton, FL",517,517,517,517,4.390715667311413,11.640232108317218,18.0,111.0,"Fri, May  9, 2008","Tue, May 27, 2008"
3678,Lambert St. Louis International,St. Louis,United States,STL,KSTL,38.748697,-90.370028,618,-6,A,"St. Louis, MO",5400,5427,5479,5479,4.9129629629629665,11.64768748848352,58.0,145.0,"Wed, May  7, 2008","Fri, May  2, 2008"
6494,Friedman Memorial,Hailey,United States,SUN,KSUN,43.504444,-114.296194,5320,-7,A,"Sun Valley/Hailey/Ketchum, ID",211,215,219,219,2.8578199052132702,8.627906976744185,6.0,30.0,"Wed, May  7, 2008","Wed, May 28, 2008"
3753,Sioux Gateway-Colonel Bud Day Field,Sioux City,United States,SUX,KSUX,42.402603,-96.384367,1098,-6,A,"Sioux City, IA",34,32,35,34,3.6176470588235294,10.03125,7.0,23.0,"Sat, May 31, 2008","Thu, May  8, 2008"
3661,Stewart International,Newburgh,United States,SWF,KSWF,41.504094,-74.104839,491,-5,A,"Newburgh/Poughkeepsie, NY",401,400,402,401,5.36658354114713,12.897500000000004,17.0,38.0,"Thu, May  1, 2008","Mon, May  5, 2008"
3745,Syracuse Hancock International,Syracuse,United States,SYR,KSYR,43.111187,-76.106311,421,-5,A,"Syracuse, NY",1001,1003,1005,1008,4.391608391608395,14.804586241276175,19.0,159.0,"Sun, May 18, 2008","Fri, May  2, 2008"
3698,Tallahassee Regional,Tallahassee,United States,TLH,KTLH,30.396528,-84.350333,81,-5,A,"Tallahassee, FL",487,487,493,493,4.010266940451744,10.162217659137575,22.0,66.0,"Mon, May 12, 2008","Tue, May 20, 2008"
4040,Toledo,Toledo,United States,TOL,KTOL,41.586806,-83.807833,684,-5,A,"Toledo, OH",116,115,119,119,2.9741379310344827,12.70434782608696,7.0,81.0,"Sun, May 25, 2008","Fri, May 30, 2008"
3646,Tampa International,Tampa,United States,TPA,KTPA,27.975472,-82.53325,26,-5,A,"Tampa, FL",6712,6715,6725,6731,4.574791418355202,12.170364854802662,60.0,191.0,"Tue, May 20, 2008","Sat, May 31, 2008"
4116,Tri-Cities Regional Airport,BRISTOL,United States,TRI,KTRI,36.4752222,-82.4074167,1519,-5,A,"Bristol/Johnson City/Kingsport, TN",213,213,214,215,4.051643192488262,11.863849765258216,16.0,65.0,"Wed, May  7, 2008","Fri, May 23, 2008"
3855,Tulsa International,Tulsa,United States,TUL,KTUL,36.198389,-95.888111,677,-6,A,"Tulsa, OK",2001,2006,2012,2015,4.459270364817586,11.982552342971086,40.0,118.0,"Wed, May  7, 2008","Fri, May  2, 2008"
3636,Tucson International,Tucson,United States,TUS,KTUS,32.116083,-110.941028,2643,-7,N,"Tucson, AZ",2363,2366,2377,2380,4.652137113838333,11.211749788672865,29.0,72.0,"Sat, May 31, 2008","Wed, May  7, 2008"
4023,Cherry Capital Airport,Traverse City,United States,TVC,KTVC,44.741445,-85.582235,624,-5,A,"Traverse City, MI",299,299,303,303,3.8929765886287626,12.63545150501671,29.0,125.0,"Fri, May 30, 2008","Tue, May 13, 2008"
4263,Magic Valley Regional Airport,Twin Falls,United States,TWF,KTWF,42.481803,-114.487733,4151,-7,A,"Twin Falls, ID",155,155,155,155,3.348387096774194,7.580645161290323,10.0,34.0,"Wed, May 14, 2008","Tue, May 20, 2008"
3770,Texarkana Regional-Webb Field,Texarkana,United States,TXK,KTXK,33.453722,-93.991028,390,-6,A,"Texarkana, AR",89,89,93,93,4.40449438202247,9.382022471910112,13.0,44.0,"Thu, May  1, 2008","Thu, May 15, 2008"
3848,Tyler Pounds Regional,Tyler,United States,TYR,KTYR,32.354139,-95.402386,544,-6,A,"Tyler, TX",149,148,155,155,4.731543624161072,9.533783783783786,10.0,72.0,"Wed, May 28, 2008","Fri, May 16, 2008"
3676,McGhee Tyson,Knoxville,United States,TYS,KTYS,35.810972,-83.994028,981,-5,A,"Knoxville, TN",1171,1172,1178,1179,4.271562766865926,13.169795221843005,47.0,84.0,"Sat, May  3, 2008","Fri, May 30, 2008"
5776,Valdosta Regional Airport,Valdosta,United States,VLD,KVLD,30.7825,-83.2767,203,-5,A,"Valdosta, GA",56,56,56,56,4.160714285714286,8.21428571428572,7.0,18.0,"Thu, May 22, 2008","Sat, May 17, 2008"
3873,Eglin AFB,Valparaiso,United States,VPS,KVPS,30.48325,-86.5254,87,-6,A,"Valparaiso, FL",586,584,592,592,7.829351535836179,11.59075342465753,26.0,72.0,"Fri, May  2, 2008","Sat, May  3, 2008"
5969,Wrangell Airport,Wrangell,United States,WRG,PAWG,56.4843,-132.37,44,-9,A,"Wrangell, AK",61,61,62,62,3.5737704918032787,7.688524590163935,6.0,18.0,"Tue, May  6, 2008","Sun, May 11, 2008"
4356,NW Arkansas Regional,Bentonville,United States,XNA,KXNA,36.2818694,-94.3068111,1287,-6,A,"Fayetteville, AR",1204,1202,1223,1225,4.642857142857144,13.42512479201331,27.0,64.0,"Wed, May  7, 2008","Sun, May 11, 2008"
6803,Yakutat,Yakutat,United States,YAK,PAYA,59.3012,-139.3937,33,-9,A,"Yakutat, AK",62,62,62,62,3.7096774193548385,6.161290322580645,6.0,13.0,"Sat, May 10, 2008","Thu, May 15, 2008"
5779,Yakima Air Terminal-McAllister Field,Yakima,United States,YKM,KYKM,46.5682,-120.544,1095,-8,A,"Yakima, WA",25,26,25,26,3.6,6.3076923076923075,6.0,11.0,"Wed, May 21, 2008","Thu, May  1, 2008"
3596,Yuma MCAS Yuma International,Yuma,United States,YUM,KYUM,32.656578,-114.60598,216,-7,N,"Yuma, AZ",377,376,383,384,4.896551724137929,13.539893617021281,30.0,52.0,"Mon, May  5, 2008","Fri, May 23, 2008"
2883,Cyril E. King,St. Thomas,Virgin Islands,STT,TIST,18.337306,-64.973361,23,-4,U,"Charlotte Amalie, VI",243,243,244,244,4.5102880658436195,12.246913580246913,12.0,28.0,"Fri, May  9, 2008","Sun, May 11, 2008"
2884,Henry E. Rohlsen,St. Croix Island,Virgin Islands,STX,TISX,17.701889,-64.798556,74,-4,U,"Christiansted, VI",41,41,41,41,4.048780487804878,12.878048780487806,8.0,39.0,"Sat, May  3, 2008","Wed, May 21, 2008"
2885,Rafael Hernndez,Aguadilla,Puerto Rico,BQN,TJBQ,18.494861,-67.129444,237,-4,U,"Aguadilla, PR",137,137,137,137,4.978102189781022,11.2043795620438,13.0,31.0,"Mon, May  5, 2008","Fri, May  2, 2008"
2889,Aeropuerto Mercedita,Ponce,Puerto Rico,PSE,TJPS,18.008306,-66.563028,29,-4,U,"Ponce, PR",62,62,62,62,4.596774193548386,12.5,13.0,36.0,"Fri, May 23, 2008","Sat, May 10, 2008"
2890,Luis Muoz Marn International,San Juan,Puerto Rico,SJU,TJSJ,18.439417,-66.001833,9,-4,U,"San Juan, PR",1840,1833,1856,1853,6.0858695652173935,13.804146208401528,44.0,56.0,"Wed, May  7, 2008","Sun, May 25, 2008"
