airport_id,name,city,country,iata_faa,iaco,latitude,longitude,altitude,zone,dst,city_state,avg_able_landings,avg_able_takeoffs,total_landings,total_takeoffs,avg_taxi_in,avg_taxi_out,longest_taxi_in,longest_taxi_out,lng_tx_in_date,lng_tx_out_date
4355,Lehigh Valley International,Allentown,United States,ABE,KABE,40.652083,-75.440806,393,-5,A,"Allentown/Bethlehem/Easton, PA",386,383,405,405,4.3290155440414475,15.51174934725849,14.0,93.0,"Wed, Dec 17, 2008","Wed, Dec 24, 2008"
3718,Abilene Regional,Abilene,United States,ABI,KABI,32.411319,-99.681897,1791,-6,A,"Abilene, TX",209,209,213,213,3.507177033492823,7.92822966507177,18.0,36.0,"Wed, Dec 17, 2008","Sat, Dec 27, 2008"
4019,Albuquerque International Sunport,Albuquerque,United States,ABQ,KABQ,35.0402222,-106.6091944,5355,-7,A,"Albuquerque, NM",3149,3152,3188,3187,5.7043505874880935,11.282043147208121,54.0,155.0,"Fri, Dec 26, 2008","Tue, Dec 23, 2008"
5715,Southwest Georgia Regional Airport,Albany,United States,ABY,KABY,31.5355,-84.1945,197,-5,A,"Albany, GA",77,77,79,79,3.3376623376623384,8.974025974025976,5.0,22.0,"Wed, Dec 10, 2008","Fri, Dec 19, 2008"
3700,Waco Regional,Waco,United States,ACT,KACT,31.611289,-97.230519,516,-6,A,"Waco, TX",116,116,124,124,4.250000000000001,9.267241379310345,8.0,47.0,"Mon, Dec 22, 2008","Tue, Dec 16, 2008"
4384,Arcata,Arcata CA,United States,ACV,KACV,40.978111,-124.108611,221,-8,A,"Arcata/Eureka, CA",287,285,297,298,4.411149825783971,11.61754385964912,12.0,85.0,"Wed, Dec 17, 2008","Sun, Dec  7, 2008"
5959,Adak Airport,Adak Island,United States,ADK,PADK,51.878,-176.646,18,-10,A,"Adak Island, AK",6,6,7,7,4.666666666666667,5.666666666666667,7.0,7.0,"Sun, Dec  7, 2008","Thu, Dec 11, 2008"
3531,Kodiak,Kodiak,United States,ADQ,PADQ,57.749967,-152.493856,78,-9,A,"Kodiak, AK",46,45,51,51,3.760869565217391,6.4,7.0,20.0,"Tue, Dec  2, 2008","Mon, Dec  8, 2008"
3852,Alexandria International,Alexandria,United States,AEX,KAEX,31.3274,-92.549833,89,-6,A,"Alexandria, LA",159,162,165,167,2.974842767295598,14.358024691358025,7.0,79.0,"Thu, Dec  4, 2008","Thu, Dec  4, 2008"
3658,Augusta Regional At Bush Field,Bush Field,United States,AGS,KAGS,33.369944,-81.9645,144,-5,A,"Augusta, GA",215,215,215,215,2.9209302325581397,13.469767441860466,11.0,103.0,"Sat, Dec 13, 2008","Wed, Dec  3, 2008"
3864,Albany International,Albany,United States,ALB,KALB,42.748267,-73.801692,285,-5,A,"Albany, NY",925,928,987,988,4.914594594594596,18.158405172413815,85.0,219.0,"Sat, Dec 20, 2008","Wed, Dec 17, 2008"
5718,Waterloo Regional Airport,Waterloo,United States,ALO,KALO,42.5571,-92.4003,873,-6,A,"Waterloo, IA",17,14,27,27,4.529411764705882,21.285714285714285,10.0,33.0,"Thu, Dec 11, 2008","Mon, Dec 22, 2008"
3840,Rick Husband Amarillo International,Amarillo,United States,AMA,KAMA,35.219369,-101.705931,3607,-6,A,"Amarillo, TX",577,580,584,585,4.920277296360477,9.067241379310342,73.0,59.0,"Mon, Dec 29, 2008","Mon, Dec 15, 2008"
3774,Ted Stevens Anchorage International,Anchorage,United States,ANC,PANC,61.174361,-149.996361,152,-9,A,"Anchorage, AK",1222,1234,1270,1266,5.169394435351887,16.222042139384122,74.0,80.0,"Mon, Dec 15, 2008","Fri, Dec 26, 2008"
7001,Aspen/Pitkin County-Sardy Field,Aspen,United States,ASE,KASE,39.2232,-106.869,7820,-7,A,"Aspen, CO",364,362,445,442,3.7362637362637363,15.01657458563536,23.0,114.0,"Sat, Dec 20, 2008","Sun, Dec 14, 2008"
3682,Hartsfield Jackson Atlanta International,Atlanta,United States,ATL,KATL,33.636719,-84.428067,1026,-5,A,"Atlanta, GA",33095,33216,33903,33855,11.31137634083698,22.320839354527948,71.0,156.0,"Fri, Dec 26, 2008","Tue, Dec  9, 2008"
4047,Appleton,Appleton,United States,ATW,KATW,44.257526,-88.507576,680,-6,A,"Appleton, WI",400,399,449,448,4.8275000000000015,17.325814536340836,25.0,122.0,"Wed, Dec 17, 2008","Mon, Dec  1, 2008"
3673,Austin Bergstrom International,Austin,United States,AUS,KAUS,30.194528,-97.669889,542,-6,A,"Austin, TX",3581,3579,3624,3624,5.1770455180117105,12.178541492036885,65.0,132.0,"Wed, Dec 24, 2008","Sat, Dec 27, 2008"
4007,Asheville Regional Airport,Asheville,United States,AVL,KAVL,35.436194,-82.541806,2165,-5,A,"Asheville, NC",350,350,361,362,3.1971428571428584,16.768571428571445,11.0,120.0,"Thu, Dec 25, 2008","Wed, Dec 10, 2008"
4286,Wilkes Barre Scranton International,Scranton,United States,AVP,KAVP,41.338478,-75.723403,962,-5,A,"Scranton/Wilkes-Barre, PA",192,189,203,204,3.953124999999998,20.08994708994709,12.0,106.0,"Sat, Dec 20, 2008","Thu, Dec 11, 2008"
4039,Kalamazoo,Kalamazoo,United States,AZO,KAZO,42.234875,-85.552058,874,-5,A,"Kalamazoo, MI",193,189,227,226,5.507772020725389,22.25925925925926,40.0,134.0,"Sat, Dec 13, 2008","Fri, Dec 26, 2008"
3825,Bradley International,Windsor Locks,United States,BDL,KBDL,41.938889,-72.683222,173,-5,A,"Hartford, CT",2071,2074,2145,2148,5.8169966199903405,17.855834136933467,52.0,158.0,"Fri, Dec 19, 2008","Sun, Dec 21, 2008"
3599,Bethel,Bethel,United States,BET,PABE,60.779778,-161.838,121,-9,A,"Bethel, AK",80,80,84,84,3.375,6.5625,9.0,25.0,"Thu, Dec 18, 2008","Thu, Dec 18, 2008"
3558,Meadows Field,Bakersfield,United States,BFL,KBFL,35.433598,-119.05677,507,-8,A,"Bakersfield, CA",259,260,266,267,4.389961389961393,12.100000000000001,15.0,47.0,"Fri, Dec 19, 2008","Wed, Dec 31, 2008"
4129,Greater Binghamton-Edwin A. Link Field,Binghamton,United States,BGM,KBGM,42.208689,-75.979839,1636,-5,A,"Binghamton, NY",53,54,59,59,4.32075471698113,19.537037037037038,8.0,44.0,"Fri, Dec 19, 2008","Sun, Dec 21, 2008"
3463,Bangor International,Bangor,United States,BGR,KBGR,44.807444,-68.828139,192,-5,A,"Bangor, ME",218,219,236,236,5.9587155963302765,25.602739726027398,47.0,130.0,"Wed, Dec 24, 2008","Wed, Dec 24, 2008"
3811,Birmingham International,Birmingham,United States,BHM,KBHM,33.562942,-86.75355,644,-6,A,"Birmingham, AL",1844,1843,1881,1879,3.754880694143167,13.13836136733587,42.0,107.0,"Sat, Dec 27, 2008","Wed, Dec 10, 2008"
4021,Billings Logan International Airport,Billings,United States,BIL,KBIL,45.80921,-108.537654,3652,-7,A,"Billings, MT",336,337,342,342,3.9940476190476164,13.792284866468842,14.0,45.0,"Fri, Dec 19, 2008","Fri, Dec 19, 2008"
4083,Bismarck Municipal Airport,Bismarck,United States,BIS,KBIS,46.775842,-100.757931,1661,-6,A,"Bismarck/Mandan, ND",133,131,137,137,4.2406015037593985,18.19847328244275,22.0,142.0,"Tue, Dec 23, 2008","Fri, Dec 19, 2008"
4037,Central Illinois Regional,Bloomington,United States,BMI,KBMI,40.477111,-88.915917,871,-6,A,"Bloomington/Normal, IL",325,324,356,357,4.836923076923074,13.651234567901232,50.0,57.0,"Sun, Dec 21, 2008","Tue, Dec 23, 2008"
3690,Nashville International,Nashville,United States,BNA,KBNA,36.124472,-86.678194,599,-6,A,"Nashville, TN",4474,4465,4560,4560,5.984801072865454,13.117133258678598,59.0,120.0,"Wed, Dec  3, 2008","Thu, Dec 11, 2008"
3495,Boise Air Terminal,Boise,United States,BOI,KBOI,43.564361,-116.222861,2871,-7,A,"Boise, ID",1280,1290,1319,1319,4.3390625,13.596124031007752,87.0,106.0,"Thu, Dec 25, 2008","Sun, Dec 14, 2008"
3448,General Edward Lawrence Logan International,Boston,United States,BOS,KBOS,42.364347,-71.005181,19,-5,A,"Boston, MA",8525,8537,9057,9060,7.417008797653961,22.711139744640892,148.0,194.0,"Fri, Dec 19, 2008","Sat, Dec 20, 2008"
5725,Brunswick Golden Isles Airport,Brunswick,United States,BQK,KBQK,31.2588,-81.4665,26,-5,A,"Brunswick, GA",70,69,75,76,3.3,9.231884057971014,6.0,20.0,"Fri, Dec 26, 2008","Mon, Dec  1, 2008"
3738,Brownsville South Padre Island International,Brownsville,United States,BRO,KBRO,25.906833,-97.425861,22,-6,A,"Brownsville, TX",112,112,117,116,4.7589285714285685,14.785714285714286,13.0,140.0,"Sun, Dec 28, 2008","Sun, Dec 21, 2008"
3571,Wiley Post Will Rogers Memorial,Barrow,United States,BRW,PABR,71.285446,-156.766003,44,-9,A,"Barrow, AK",59,59,60,60,4.3389830508474585,5.71186440677966,9.0,26.0,"Sat, Dec 20, 2008","Sat, Dec 13, 2008"
4022,Bert Mooney Airport,Butte,United States,BTM,KBTM,45.954806,-112.497472,5550,-7,A,"Butte, MT",55,54,60,60,4.509090909090906,17.87037037037037,7.0,124.0,"Sat, Dec 13, 2008","Mon, Dec 15, 2008"
3846,Baton Rouge Metro-Ryan Field,Baton Rouge,United States,BTR,KBTR,30.533167,-91.149639,70,-6,A,"Baton Rouge, LA",625,623,672,673,4.734399999999997,13.31621187800962,52.0,158.0,"Thu, Dec 11, 2008","Thu, Dec 11, 2008"
3711,Burlington International,Burlington,United States,BTV,KBTV,44.471861,-73.153278,335,-5,A,"Burlington, VT",507,506,531,531,4.715976331360944,20.54940711462453,27.0,186.0,"Mon, Dec 22, 2008","Sat, Dec 20, 2008"
3820,Buffalo Niagara International,Buffalo,United States,BUF,KBUF,42.940525,-78.732167,724,-5,A,"Buffalo, NY",2010,2002,2136,2137,5.240298507462694,16.820179820179813,100.0,138.0,"Fri, Dec 19, 2008","Tue, Dec  9, 2008"
3644,Bob Hope,Burbank,United States,BUR,KBUR,34.200667,-118.358667,778,-8,A,"Burbank, CA",2352,2362,2430,2428,2.896258503401359,11.487722269263347,52.0,96.0,"Wed, Dec 17, 2008","Tue, Dec 16, 2008"
3849,Baltimore Washington International,Baltimore,United States,BWI,KBWI,39.175361,-76.668333,146,-5,A,"Baltimore, MD",8082,8096,8238,8239,5.544667161593697,12.110671936758896,49.0,147.0,"Sun, Dec 21, 2008","Wed, Dec 24, 2008"
4020,Gallatin Field,Bozeman,United States,BZN,KBZN,45.777643,-111.160151,4500,-7,A,"Bozeman, MT",375,373,387,387,4.959999999999994,19.292225201072366,21.0,127.0,"Fri, Dec 26, 2008","Mon, Dec 22, 2008"
3561,Columbia Metropolitan,Colombia,United States,CAE,KCAE,33.938833,-81.119528,236,-5,A,"Columbia, SC",814,807,854,854,4.229729729729729,15.247831474597271,22.0,97.0,"Thu, Dec 18, 2008","Sun, Dec 21, 2008"
4112,Akron Canton Regional Airport,Akron,United States,CAK,KCAK,40.9160833,-81.4421944,1228,-5,A,"Akron, OH",738,736,764,763,4.691056910569106,16.45108695652171,34.0,99.0,"Tue, Dec 23, 2008","Fri, Dec 19, 2008"
3824,Cedar City Regional,Cedar City,United States,CDC,KCDC,37.700967,-113.098847,5622,-7,A,"Cedar City, UT",53,54,56,57,3.169811320754717,16.09259259259259,8.0,68.0,"Mon, Dec 22, 2008","Sat, Dec 13, 2008"
3610,Merle K. Mudhole Smith,Cordova,United States,CDV,PACV,60.491778,-145.477556,48,-9,A,"Cordova, AK",53,54,57,57,3.490566037735849,8.629629629629628,6.0,19.0,"Tue, Dec 23, 2008","Sat, Dec 27, 2008"
5727,Del Norte County Airport,Crescent City,United States,CEC,KCEC,41.7802,-124.237,57,-8,A,"Crescent City, CA",82,80,89,88,3.682926829268293,12.8625,10.0,56.0,"Thu, Dec 18, 2008","Mon, Dec  1, 2008"
3578,Lovell Field,Chattanooga,United States,CHA,KCHA,35.035278,-85.203808,683,-5,A,"Chattanooga, TN",388,385,408,408,4.265463917525778,12.732467532467533,35.0,61.0,"Thu, Dec 18, 2008","Fri, Dec 26, 2008"
4015,Charlottesville-Albemarle,Charlottesville VA,United States,CHO,KCHO,38.138639,-78.452861,639,-5,A,"Charlottesville, VA",49,50,52,52,3.183673469387755,14.740000000000004,6.0,36.0,"Sat, Dec 20, 2008","Wed, Dec 10, 2008"
3806,Charleston AFB International,Charleston,United States,CHS,KCHS,32.898647,-80.040528,45,-5,A,"Charleston, SC",1046,1042,1084,1086,6.281070745697899,14.875239923224568,29.0,152.0,"Sun, Dec 14, 2008","Tue, Dec  9, 2008"
3710,Chico Municipal,Chico,United States,CIC,KCIC,39.795383,-121.858422,238,-8,A,"Chico, CA",107,109,114,114,3.5046728971962615,11.174311926605505,10.0,51.0,"Thu, Dec 25, 2008","Sun, Dec 21, 2008"
4043,Cedar Rapids,Cedar Rapids,United States,CID,KCID,41.884694,-91.710806,869,-6,A,"Cedar Rapids/Iowa City, IA",764,758,845,846,6.2264397905759115,17.091029023746703,48.0,153.0,"Sun, Dec 14, 2008","Tue, Dec  9, 2008"
4088,McClellan-Palomar Airport,Carlsbad,United States,CLD,KCRQ,33.0742,-117.1648,328,-8,A,"Carlsbad, CA",176,174,181,181,3.784090909090909,8.873563218390803,9.0,33.0,"Fri, Dec 12, 2008","Wed, Dec 17, 2008"
3486,Cleveland Hopkins International,Cleveland,United States,CLE,KCLE,41.411689,-81.849794,791,-5,A,"Cleveland, OH",4614,4612,4756,4759,6.185522323363676,16.06938421509106,112.0,172.0,"Tue, Dec 23, 2008","Tue, Dec 16, 2008"
3715,Easterwood Field,College Station,United States,CLL,KCLL,30.588583,-96.363833,321,-6,A,"College Station/Bryan, TX",79,79,89,89,3.848101265822785,8.07594936708861,7.0,18.0,"Mon, Dec 29, 2008","Fri, Dec 19, 2008"
3876,Charlotte Douglas International,Charlotte,United States,CLT,KCLT,35.214,-80.943139,748,-5,A,"Charlotte, NC",9941,9988,10153,10149,6.897394628307011,20.637665198237947,54.0,217.0,"Wed, Dec 17, 2008","Tue, Dec  9, 2008"
3759,Port Columbus International,Columbus,United States,CMH,KCMH,39.997972,-82.891889,815,-5,A,"Columbus, OH",2545,2553,2621,2624,5.120235756385078,14.10458284371329,39.0,134.0,"Tue, Dec 23, 2008","Mon, Dec  1, 2008"
4049,Champaign,Champaign,United States,CMI,KCMI,40.03925,-88.278056,754,-6,A,"Champaign/Urbana, IL",155,156,176,178,4.180645161290325,17.18589743589742,16.0,94.0,"Tue, Dec 23, 2008","Mon, Dec  1, 2008"
5732,Houghton County Memorial Airport,Hancock,United States,CMX,KCMX,47.1684,-88.4891,1095,-5,A,"Hancock/Houghton, MI",34,33,45,45,7.176470588235294,23.636363636363637,12.0,42.0,"Sun, Dec  7, 2008","Fri, Dec  5, 2008"
4344,Yellowstone Regional,Cody,United States,COD,KCOD,44.520194,-109.023806,5102,-7,A,"Cody, WY",81,81,86,86,3.753086419753086,18.7037037037037,7.0,192.0,"Tue, Dec 30, 2008","Sun, Dec 14, 2008"
3819,City Of Colorado Springs Municipal,Colorado Springs,United States,COS,KCOS,38.805805,-104.700778,6187,-7,A,"Colorado Springs, CO",1087,1092,1102,1103,7.047838086476542,17.077838827838836,28.0,72.0,"Mon, Dec  8, 2008","Thu, Dec  4, 2008"
3872,Natrona County International,Casper,United States,CPR,KCPR,42.908,-106.464417,5347,-7,A,"Casper, WY",188,188,188,188,3.5797872340425525,13.499999999999998,11.0,91.0,"Mon, Dec 29, 2008","Mon, Dec 15, 2008"
3744,Corpus Christi International,Corpus Christi,United States,CRP,KCRP,27.770361,-97.501222,44,-6,A,"Corpus Christi, TX",535,533,549,549,4.041121495327104,11.016885553470916,25.0,125.0,"Wed, Dec 24, 2008","Tue, Dec  9, 2008"
4285,Yeager,Charleston,United States,CRW,KCRW,38.373147,-81.593189,981,-5,A,"Charleston/Dunbar, WV",280,281,295,297,3.335714285714285,14.09252669039146,10.0,149.0,"Mon, Dec  1, 2008","Fri, Dec 26, 2008"
4255,Columbus Metropolitan Airport,Columbus,United States,CSG,KCSG,32.5163333,-84.9388611,397,-5,A,"Columbus, GA",114,114,121,122,2.7982456140350878,10.859649122807014,10.0,27.0,"Thu, Dec 18, 2008","Wed, Dec 17, 2008"
3488,Cincinnati Northern Kentucky International,Cincinnati,United States,CVG,KCVG,39.048836,-84.667822,896,-5,A,"Cincinnati, OH",6280,6332,6567,6571,5.80047770700639,21.27826910928621,54.0,154.0,"Tue, Dec 23, 2008","Tue, Dec 16, 2008"
4045,Central Wisconsin,Wassau,United States,CWA,KCWA,44.772726,-89.646635,840,-6,A,"Mosinee, WI",217,219,241,242,4.677419354838709,15.849315068493153,36.0,107.0,"Wed, Dec 24, 2008","Tue, Dec 23, 2008"
3950,Daytona Beach International,Daytona Beach,United States,DAB,KDAB,29.179917,-81.058056,34,-5,A,"Daytona Beach, FL",129,130,131,132,3.0465116279069773,12.653846153846153,6.0,68.0,"Thu, Dec 11, 2008","Thu, Dec 18, 2008"
3502,Dallas Love Field,Dallas,United States,DAL,KDAL,32.847111,-96.851778,487,-6,A,"Dallas, TX",4135,4151,4261,4260,3.6045949214026582,10.389303782221152,30.0,99.0,"Thu, Dec 18, 2008","Sun, Dec 21, 2008"
3627,James M. Cox Dayton International,Dayton,United States,DAY,KDAY,39.902375,-84.219375,1009,-5,A,"Dayton, OH",1234,1238,1288,1288,6.200162074554302,17.55411954765753,112.0,115.0,"Tue, Dec 23, 2008","Tue, Dec 30, 2008"
4388,Dubuque Regional,Dubuque IA,United States,DBQ,KDBQ,42.402,-90.709472,1076,-6,A,"Dubuque, IA",74,74,89,89,4.04054054054054,13.68918918918919,14.0,104.0,"Sun, Dec 14, 2008","Tue, Dec  9, 2008"
3520,Ronald Reagan Washington National,Washington,United States,DCA,KDCA,38.852083,-77.037722,15,-5,A,"Washington, DC",6683,6677,6935,6938,5.252132275923971,17.544106634716176,58.0,172.0,"Thu, Dec 18, 2008","Sat, Dec 27, 2008"
3751,Denver International,Denver,United States,DEN,KDEN,39.861656,-104.673178,5431,-7,A,"Denver, CO",19394,19467,19813,19811,8.775085077859108,17.926234139826402,104.0,148.0,"Sat, Dec 27, 2008","Thu, Dec  4, 2008"
3670,Dallas Fort Worth International,Dallas-fort Worth,United States,DFW,KDFW,32.896828,-97.037997,607,-6,A,"Dallas/Fort Worth, TX",21418,21462,21924,21928,10.239051265290826,16.85844748858449,130.0,214.0,"Tue, Dec 16, 2008","Tue, Dec 16, 2008"
3739,Dothan Regional,Dothan,United States,DHN,KDHN,31.321339,-85.449628,401,-6,A,"Dothan, AL",112,112,115,115,3.5267857142857144,12.642857142857142,12.0,44.0,"Sun, Dec 21, 2008","Sun, Dec 28, 2008"
3598,Duluth International,Duluth,United States,DLH,KDLH,46.842091,-92.193649,1428,-6,A,"Duluth, MN",108,108,118,118,6.583333333333331,19.194444444444454,26.0,106.0,"Sun, Dec 21, 2008","Fri, Dec 19, 2008"
3713,Durango La Plata County,Durango,United States,DRO,KDRO,37.151516,-107.75377,6685,-7,A,"Durango, CO",275,274,286,288,5.723636363636365,16.036496350364963,107.0,62.0,"Sun, Dec 28, 2008","Tue, Dec 16, 2008"
3729,Des Moines International,Des Moines,United States,DSM,KDSM,41.533972,-93.663083,958,-6,A,"Des Moines, IA",1294,1287,1370,1371,5.299845440494595,16.47241647241644,65.0,202.0,"Sat, Dec 27, 2008","Sat, Dec 27, 2008"
3645,Detroit Metro Wayne County,Detroit,United States,DTW,KDTW,42.212444,-83.353389,645,-5,A,"Detroit, MI",11929,11994,12409,12414,12.537262134294611,26.20510255127561,176.0,179.0,"Tue, Dec 16, 2008","Sun, Dec 21, 2008"
4250,Eagle County Regional,Vail,United States,EGE,KEGE,39.642556,-106.917694,6540,-7,A,"Eagle, CO",282,281,302,300,5.255319148936173,25.91103202846976,39.0,200.0,"Sat, Dec 27, 2008","Thu, Dec 25, 2008"
5736,Elko Regional Airport,Elko,United States,EKO,KEKO,40.8249,-115.792,5140,-8,A,"Elko, NV",119,118,121,121,5.151260504201678,17.838983050847457,9.0,105.0,"Wed, Dec 10, 2008","Sun, Dec 28, 2008"
3946,Elmira Corning Regional,Elmira,United States,ELM,KELM,42.159889,-76.891611,954,-5,A,"Elmira/Corning, NY",112,111,118,118,4.964285714285713,17.288288288288296,13.0,57.0,"Tue, Dec 23, 2008","Fri, Dec 19, 2008"
3559,El Paso International,El Paso,United States,ELP,KELP,31.80725,-106.377583,3958,-7,A,"El Paso, TX",1706,1706,1716,1716,3.696365767878077,10.270808909730363,26.0,118.0,"Fri, Dec 19, 2008","Fri, Dec 26, 2008"
4276,Erie International-Tom Ridge Field,Erie,United States,ERI,KERI,42.082022,-80.176217,733,-5,A,"Erie, PA",93,93,106,106,4.956989247311827,14.24731182795699,11.0,40.0,"Tue, Dec 23, 2008","Wed, Dec 24, 2008"
4099,Mahlon Sweet Field,Eugene,United States,EUG,KEUG,44.124583,-123.211972,374,-8,A,"Eugene, OR",407,406,417,417,3.5970515970515984,14.411330049261085,8.0,126.0,"Mon, Dec 15, 2008","Fri, Dec 19, 2008"
4018,Evansville Regional,Evansville,United States,EVV,KEVV,38.036997,-87.532364,418,-6,A,"Evansville, IN",433,433,459,461,4.958429561200923,12.806004618937646,14.0,80.0,"Sat, Dec  6, 2008","Fri, Dec 19, 2008"
3730,Craven County Regional,New Bern,United States,EWN,KEWN,35.072972,-77.042944,18,-5,A,"New Bern/Morehead/Beaufort, NC",59,60,59,60,2.7288135593220337,10.833333333333334,8.0,42.0,"Wed, Dec 10, 2008","Wed, Dec  3, 2008"
3494,Newark Liberty International,Newark,United States,EWR,KEWR,40.6925,-74.168667,18,-5,A,"Newark, NJ",9814,9842,10453,10459,10.124006521296067,28.31233489128229,84.0,226.0,"Tue, Dec 16, 2008","Tue, Dec 16, 2008"
3875,Key West International,Key West,United States,EYW,KEYW,24.556111,-81.759556,3,-5,A,"Key West, FL",84,85,84,85,2.6904761904761902,8.529411764705884,6.0,30.0,"Wed, Dec  3, 2008","Fri, Dec 26, 2008"
3832,Fairbanks International,Fairbanks,United States,FAI,PAFA,64.815114,-147.856267,434,-9,A,"Fairbanks, AK",307,307,313,313,3.50814332247557,13.345276872964169,13.0,67.0,"Tue, Dec  2, 2008","Wed, Dec 24, 2008"
4292,Hector International Airport,Fargo,United States,FAR,KFAR,46.92065,-96.8157639,902,-6,A,"Fargo, ND",318,315,338,338,4.959119496855346,18.87619047619049,21.0,126.0,"Mon, Dec  8, 2008","Tue, Dec 16, 2008"
3687,Fresno Yosemite International,Fresno,United States,FAT,KFAT,36.776194,-119.71814,336,-8,A,"Fresno, CA",1001,1012,1059,1061,4.491508491508498,12.017786561264822,23.0,125.0,"Mon, Dec  1, 2008","Thu, Dec 11, 2008"
5738,Fayetteville Regional-Grannis Field,Fayetteville,United States,FAY,KFAY,34.9912,-78.8803,189,-5,A,"Fayetteville, NC",222,222,228,229,4.2117117117117155,10.801801801801806,28.0,65.0,"Wed, Dec 17, 2008","Thu, Dec  4, 2008"
4127,Glacier Park International,Kalispell,United States,FCA,KFCA,48.310472,-114.256,2977,-7,A,"Kalispell, MT",159,158,164,163,4.2578616352201255,20.006329113924053,14.0,107.0,"Fri, Dec 12, 2008","Tue, Dec 16, 2008"
4261,Flagstaff Pulliam Airport,Flagstaff,United States,FLG,KFLG,35.140318,-111.6692392,7015,-7,N,"Flagstaff, AZ",119,118,127,127,6.764705882352941,19.008474576271187,25.0,200.0,"Thu, Dec  4, 2008","Tue, Dec 16, 2008"
3533,Fort Lauderdale Hollywood International,Fort Lauderdale,United States,FLL,KFLL,26.072583,-80.15275,9,-5,A,"Fort Lauderdale, FL",5657,5641,5714,5709,5.253668021919732,16.89009040950184,62.0,132.0,"Mon, Dec  1, 2008","Wed, Dec 24, 2008"
3879,Florence Regional,Florence,United States,FLO,KFLO,34.185361,-79.723889,146,-5,A,"Florence, SC",40,41,41,42,4.4,13.097560975609756,6.0,39.0,"Tue, Dec 23, 2008","Fri, Dec 12, 2008"
4089,Bishop International,Flint,United States,FNT,KFNT,42.965424,-83.743629,782,-5,A,"Flint, MI",597,599,627,629,5.216080402010049,16.362270450751254,25.0,106.0,"Sat, Dec 13, 2008","Fri, Dec 19, 2008"
4009,Sioux Falls,Sioux Falls,United States,FSD,KFSD,43.582014,-96.741914,1429,-6,A,"Sioux Falls, SD",449,447,464,465,5.518930957683741,16.395973154362405,55.0,96.0,"Sat, Dec 20, 2008","Tue, Dec  9, 2008"
3437,Fort Smith Regional,Fort Smith,United States,FSM,KFSM,35.336583,-94.367444,469,-6,A,"Fort Smith, AR",251,252,265,266,4.063745019920324,10.98412698412698,11.0,68.0,"Sun, Dec  7, 2008","Sat, Dec 27, 2008"
4041,Fort Wayne,Fort Wayne,United States,FWA,KFWA,40.978472,-85.195139,815,-5,A,"Fort Wayne, IN",456,455,500,501,4.5131578947368425,15.740659340659336,17.0,167.0,"Sun, Dec 28, 2008","Tue, Dec 23, 2008"
4296,Gillette-Campbell County Airport,Gillette,United States,GCC,KGCC,44.3489167,-105.5393611,4365,-7,A,"Gillette, WY",114,114,120,122,4.692982456140351,18.42105263157895,19.0,78.0,"Mon, Dec  8, 2008","Thu, Dec  4, 2008"
3467,Spokane International,Spokane,United States,GEG,KGEG,47.619861,-117.533833,2376,-8,A,"Spokane, WA",1025,1033,1125,1128,5.370731707317075,19.632139399806423,54.0,158.0,"Fri, Dec 26, 2008","Thu, Dec 18, 2008"
3442,Grand Forks International,Grand Forks,United States,GFK,KGFK,47.949256,-97.176111,845,-6,A,"Grand Forks, ND",101,101,104,104,4.435643564356435,16.12871287128713,11.0,129.0,"Tue, Dec 23, 2008","Tue, Dec 23, 2008"
3465,East Texas Regional,Longview,United States,GGG,KGGG,32.384014,-94.711486,365,-6,A,"Longview, TX",60,60,62,62,3.6666666666666665,8.383333333333333,9.0,26.0,"Fri, Dec 19, 2008","Tue, Dec 16, 2008"
4063,Grand Junction Regional,Grand Junction,United States,GJT,KGJT,39.122413,-108.526735,4858,-7,A,"Grand Junction, CO",453,457,457,462,3.8653421633554084,14.875273522975926,19.0,91.0,"Mon, Dec 22, 2008","Thu, Dec 18, 2008"
3472,Gainesville Regional,Gainesville,United States,GNV,KGNV,29.690056,-82.271778,152,-5,A,"Gainesville, FL",178,177,181,181,3.0955056179775267,12.46327683615819,6.0,88.0,"Sun, Dec 14, 2008","Fri, Dec 12, 2008"
4038,Gulfport-Biloxi,Gulfport,United States,GPT,KGPT,30.407278,-89.070111,28,-6,A,"Gulfport/Biloxi, MS",648,647,680,682,4.819444444444442,11.795981452859357,19.0,77.0,"Sat, Dec 27, 2008","Mon, Dec 15, 2008"
3653,Austin Straubel International,Green Bay,United States,GRB,KGRB,44.485072,-88.129589,695,-6,A,"Green Bay, WI",449,449,507,508,4.937639198218265,16.826280623608014,43.0,106.0,"Fri, Dec 12, 2008","Tue, Dec 23, 2008"
3775,Robert Gray AAF,Killeen,United States,GRK,KGRK,31.06725,-97.828917,1015,-6,A,"Killeen, TX",181,182,189,190,3.8121546961325965,8.148351648351642,32.0,19.0,"Mon, Dec 22, 2008","Tue, Dec 16, 2008"
3685,Gerald R. Ford International,Grand Rapids,United States,GRR,KGRR,42.880833,-85.522806,794,-5,A,"Grand Rapids, MI",1248,1240,1336,1336,5.070512820512812,21.8193548387097,30.0,228.0,"Tue, Dec  9, 2008","Sun, Dec 21, 2008"
4008,Piedmont Triad,Greensboro,United States,GSO,KGSO,36.09775,-79.937306,925,-5,A,"Greensboro/High Point, NC",971,968,1021,1023,4.91864057672503,16.522727272727288,39.0,130.0,"Wed, Dec 31, 2008","Fri, Dec 26, 2008"
4034,Greenville-Spartanburg International,Greenville,United States,GSP,KGSP,34.895556,-82.218889,964,-5,A,"Greer, SC",782,781,822,823,4.008951406649621,14.338028169014084,27.0,139.0,"Thu, Dec 18, 2008","Wed, Dec 24, 2008"
3880,Great Falls International,Great Falls,United States,GTF,KGTF,47.482,-111.370689,3677,-7,A,"Great Falls, MT",150,150,152,152,4.293333333333335,13.96,8.0,80.0,"Sun, Dec 14, 2008","Tue, Dec  2, 2008"
4273,Golden Triangle Regional Airport,Columbus Mississippi,United States,GTR,KGTR,33.450333,-88.591361,264,-6,A,"Columbus, MS",76,76,77,77,3.3815789473684217,11.078947368421053,5.0,61.0,"Wed, Dec 10, 2008","Sun, Dec 28, 2008"
7051,Gunnison - Crested Butte,Gunnison,United States,GUC,KGUC,38.533889,-106.933056,7678,-7,A,"Gunnison, CO",96,95,108,106,4.635416666666665,17.242105263157903,37.0,63.0,"Thu, Dec 18, 2008","Mon, Dec 22, 2008"
4339,Yampa Valley,Hayden,United States,HDN,KHDN,40.481181,-107.21766,6602,-7,A,"Hayden, CO",183,184,205,204,4.885245901639345,20.614130434782595,20.0,133.0,"Mon, Dec 29, 2008","Sat, Dec 27, 2008"
3504,Helena Regional,Helena,United States,HLN,KHLN,46.606806,-111.98275,3877,-7,A,"Helena, MT",176,175,181,181,3.522727272727273,16.19428571428571,6.0,79.0,"Sun, Dec 14, 2008","Fri, Dec 19, 2008"
3728,Honolulu International,Honolulu,United States,HNL,PHNL,21.318681,-157.922428,13,-10,N,"Honolulu, HI",4715,4722,4802,4802,6.113891834570523,13.104828462515876,91.0,53.0,"Fri, Dec 26, 2008","Fri, Dec 26, 2008"
3566,William P. Hobby,Houston,United States,HOU,KHOU,29.645419,-95.278889,46,-6,A,"Houston, TX",4377,4384,4517,4517,4.598126570710537,9.923585766423349,39.0,167.0,"Sat, Dec 27, 2008","Wed, Dec 10, 2008"
3589,Westchester County,White Plains,United States,HPN,KHPN,41.066959,-73.707575,439,-5,A,"White Plains, NY",868,872,920,923,7.172811059907832,16.090596330275222,76.0,107.0,"Wed, Dec 31, 2008","Tue, Dec 23, 2008"
3560,Valley International,Harlingen,United States,HRL,KHRL,26.2285,-97.654389,36,-6,A,"Harlingen/San Benito, TX",339,338,353,352,2.634218289085545,6.985207100591717,14.0,88.0,"Tue, Dec 16, 2008","Tue, Dec  9, 2008"
4113,Huntsville International Airport-Carl T. Jones Field,Huntsville,United States,HSV,KHSV,34.6371944,-86.7750556,629,-6,A,"Huntsville, AL",788,785,807,809,5.3058375634517745,15.365605095541401,24.0,80.0,"Fri, Dec  5, 2008","Tue, Dec 16, 2008"
5742,TriState-Milton J. Ferguson Field,Huntington,United States,HTS,KHTS,38.3667,-82.558,828,-5,A,"Ashland, WV",51,51,54,54,4.921568627450981,11.901960784313726,12.0,23.0,"Thu, Dec 18, 2008","Fri, Dec 12, 2008"
3714,Washington Dulles International,Washington,United States,IAD,KIAD,38.944533,-77.455811,313,-5,A,"Washington, DC",5669,5692,5845,5846,6.696066325630626,18.326247364722427,43.0,172.0,"Fri, Dec 26, 2008","Sat, Dec  6, 2008"
3550,George Bush Intercontinental Houston,Houston,United States,IAH,KIAH,29.984433,-95.341442,97,-6,A,"Houston, TX",14649,14672,14993,14990,9.894327257833341,19.749522900763406,240.0,429.0,"Wed, Dec 10, 2008","Wed, Dec 10, 2008"
3457,Wichita Mid Continent,Wichita,United States,ICT,KICT,37.649944,-97.433056,1333,-6,A,"Wichita, KS",1070,1070,1115,1116,5.518691588785048,15.207476635514018,39.0,165.0,"Tue, Dec 30, 2008","Tue, Dec 23, 2008"
4100,Idaho Falls Regional,Idaho Falls,United States,IDA,KIDA,43.514556,-112.07075,4744,-7,A,"Idaho Falls, ID",262,259,271,271,4.667938931297711,18.72200772200772,20.0,174.0,"Thu, Dec 25, 2008","Sun, Dec 28, 2008"
3845,Wilmington International,Wilmington,United States,ILM,KILM,34.270615,-77.902569,32,-5,A,"Wilmington, NC",258,258,262,263,3.7751937984496124,11.813953488372096,11.0,47.0,"Sat, Dec 27, 2008","Fri, Dec 12, 2008"
3585,Indianapolis International,Indianapolis,United States,IND,KIND,39.717331,-86.294383,797,-5,A,"Indianapolis, IN",3100,3111,3191,3198,6.938387096774191,16.899710703953648,65.0,128.0,"Tue, Dec 16, 2008","Tue, Dec 23, 2008"
3689,Imperial County,Imperial,United States,IPL,KIPL,32.834219,-115.578744,-54,-8,A,"El Centro, CA",54,54,57,57,3.37037037037037,9.648148148148149,6.0,19.0,"Fri, Dec 26, 2008","Mon, Dec  8, 2008"
3857,Long Island MacArthur,Islip,United States,ISP,KISP,40.79525,-73.100222,99,-5,A,"Islip, NY",798,807,831,832,4.2042606516290775,9.314745972738534,31.0,102.0,"Mon, Dec 29, 2008","Sat, Dec 20, 2008"
3947,Ithaca Tompkins Regional,Ithaca,United States,ITH,KITH,42.491028,-76.458444,1099,-5,A,"Ithaca/Cortland, NY",21,19,30,30,8.047619047619047,27.157894736842106,11.0,54.0,"Fri, Dec 12, 2008","Sat, Dec 27, 2008"
3415,Hilo International,Hilo,United States,ITO,PHTO,19.721375,-155.048469,38,-10,N,"Hilo, HI",700,697,705,705,5.338571428571426,8.700143472022946,17.0,27.0,"Sat, Dec 20, 2008","Mon, Dec 15, 2008"
7120,Inyokern Airport,Inyokern,United States,IYK,KIYK,35.658889,-117.829444,2455,-8,A,"Inyokern, CA",72,72,74,75,3.8333333333333335,12.319444444444445,7.0,28.0,"Sun, Dec  7, 2008","Sun, Dec 21, 2008"
4027,Jackson Hole Airport,Jacksn Hole,United States,JAC,KJAC,43.60733333,-110.73775,6451,-7,A,"Jackson, WY",239,236,254,253,3.8284518828451883,23.33898305084745,13.0,189.0,"Tue, Dec 30, 2008","Mon, Dec 22, 2008"
3580,Jackson Evers International,Jackson,United States,JAN,KJAN,32.311167,-90.075889,346,-6,A,"Jackson/Vicksburg, MS",994,998,1029,1031,4.110663983903418,11.552104208416823,34.0,155.0,"Wed, Dec 10, 2008","Thu, Dec 11, 2008"
3712,Jacksonville International,Jacksonville,United States,JAX,KJAX,30.494056,-81.687861,30,-5,A,"Jacksonville, FL",2499,2499,2541,2537,4.899159663865542,13.570228091236494,25.0,101.0,"Thu, Dec 11, 2008","Tue, Dec 30, 2008"
3797,John F. Kennedy International,New York,United States,JFK,KJFK,40.639751,-73.778925,13,-5,A,"New York, NY",9059,9069,9419,9416,11.188541781653585,32.91311059653775,173.0,239.0,"Sat, Dec 20, 2008","Sat, Dec 20, 2008"
3492,Juneau International,Juneau,United States,JNU,PAJN,58.354972,-134.576278,21,-9,A,"Juneau, AK",267,273,291,291,4.344569288389515,15.963369963369964,15.0,57.0,"Sat, Dec  6, 2008","Tue, Dec 23, 2008"
3514,Kona International At Keahole,Kona,United States,KOA,PHKO,19.738767,-156.045631,47,-10,N,"Kona, HI",1097,1092,1106,1106,4.484958979033727,9.850732600732599,31.0,57.0,"Fri, Dec 12, 2008","Sat, Dec 20, 2008"
3808,Ketchikan International,Ketchikan,United States,KTN,PAKT,55.355556,-131.71375,88,-9,A,"Ketchikan, AK",151,150,178,177,5.019867549668875,13.66,21.0,54.0,"Wed, Dec 10, 2008","Fri, Dec 26, 2008"
3544,Capital City,Lansing,United States,LAN,KLAN,42.7787,-84.587357,861,-5,A,"Lansing, MI",201,197,214,212,4.243781094527364,19.390862944162436,11.0,107.0,"Thu, Dec 18, 2008","Fri, Dec 19, 2008"
3877,McCarran International,Las Vegas,United States,LAS,KLAS,36.080056,-115.15225,2141,-8,A,"Las Vegas, NV",12574,12570,13064,13061,6.695005567043112,16.395624502784443,54.0,188.0,"Fri, Dec 19, 2008","Thu, Dec 18, 2008"
4256,Lawton-Fort Sill Regional Airport,Lawton,United States,LAW,KLAW,34.5677144,-98.4166367,1110,-6,A,"Lawton/Fort Sill, OK",79,79,82,82,2.670886075949367,10.151898734177216,9.0,36.0,"Mon, Dec 22, 2008","Sun, Dec 28, 2008"
3484,Los Angeles International,Los Angeles,United States,LAX,KLAX,33.942536,-118.408075,126,-8,A,"Los Angeles, CA",15832,15875,16177,16177,8.740272865083371,14.439055118110218,84.0,124.0,"Wed, Dec 17, 2008","Fri, Dec 19, 2008"
3829,Lubbock Preston Smith International,Lubbock,United States,LBB,KLBB,33.663639,-101.822778,3282,-6,A,"Lubbock, TX",599,597,609,607,3.4073455759599343,8.408710217755448,33.0,47.0,"Thu, Dec 18, 2008","Sun, Dec 21, 2008"
3513,Lake Charles Regional,Lake Charles,United States,LCH,KLCH,30.126112,-93.223335,15,-6,A,"Lake Charles, LA",54,55,63,65,4.185185185185183,14.581818181818182,15.0,87.0,"Sat, Dec 27, 2008","Wed, Dec 10, 2008"
4017,Blue Grass,Lexington KY,United States,LEX,KLEX,38.0365,-84.605889,979,-5,A,"Lexington, KY",816,811,864,865,5.085784313725494,16.72009864364979,22.0,83.0,"Tue, Dec 16, 2008","Tue, Dec 16, 2008"
3493,Lafayette Regional,Lafayette,United States,LFT,KLFT,30.205278,-91.987611,43,-6,A,"Lafayette, LA",380,378,400,399,5.055263157894737,12.788359788359784,20.0,69.0,"Wed, Dec 24, 2008","Sun, Dec 28, 2008"
3697,LaGuardia Airport,New York,United States,LGA,KLGA,40.777245,-73.872608,22,-5,A,"New York, NY",8299,8315,8779,8785,8.393179901192937,23.40541190619363,130.0,276.0,"Sat, Dec 20, 2008","Tue, Dec 16, 2008"
3582,Long Beach,Long Beach,United States,LGB,KLGB,33.817722,-118.151611,60,-8,A,"Long Beach, CA",1233,1235,1267,1266,5.234387672343876,14.56842105263158,36.0,138.0,"Thu, Dec 25, 2008","Wed, Dec 31, 2008"
3602,Lihue,Lihue,United States,LIH,PHLI,21.975983,-159.338958,153,-10,N,"Lihue, HI",1074,1070,1100,1100,5.12104283054004,8.469158878504665,15.0,36.0,"Wed, Dec 17, 2008","Wed, Dec 31, 2008"
3660,Adams Field,Little Rock,United States,LIT,KLIT,34.729444,-92.224306,262,-6,A,"Little Rock, AR",1244,1241,1296,1297,4.768488745980715,11.433521353746977,89.0,116.0,"Fri, Dec 26, 2008","Sat, Dec 27, 2008"
5750,Klamath Falls Airport,Klamath Falls,United States,LMT,KLMT,42.1561,-121.733,4095,-8,A,"Klamath Falls, OR",113,112,122,123,4.150442477876105,15.526785714285722,10.0,71.0,"Mon, Dec 22, 2008","Thu, Dec 25, 2008"
3543,Lincoln,Lincoln,United States,LNK,KLNK,40.850971,-96.75925,1219,-6,A,"Lincoln, NE",220,222,231,231,4.963636363636361,12.720720720720724,30.0,69.0,"Fri, Dec 19, 2008","Tue, Dec 23, 2008"
3691,Laredo International,Laredo,United States,LRD,KLRD,27.54375,-99.461556,508,-6,A,"Laredo, TX",198,197,202,202,3.6414141414141414,10.34517766497462,12.0,55.0,"Wed, Dec 31, 2008","Tue, Dec  9, 2008"
4044,LaCrosse Municipal,LaCrosse,United States,LSE,KLSE,43.878986,-91.256711,654,-6,A,"La Crosse, WI",114,114,129,130,3.5964912280701755,14.429824561403509,9.0,76.0,"Mon, Dec 15, 2008","Mon, Dec  1, 2008"
3945,Lewiston Nez Perce County,Lewiston,United States,LWS,KLWS,46.3745,-117.015389,1442,-8,A,"Lewiston, ID",57,58,59,59,5.333333333333332,14.431034482758621,8.0,98.0,"Wed, Dec  3, 2008","Mon, Dec 22, 2008"
5753,Lynchburg Regional-Preston Glenn Field,Lynchburg,United States,LYH,KLYH,37.3267,-79.2004,938,-5,A,"Lynchburg, VA",49,48,49,49,2.8979591836734695,12.270833333333334,6.0,57.0,"Fri, Dec  5, 2008","Fri, Dec 19, 2008"
3652,Midland International,Midland,United States,MAF,KMAF,31.942528,-102.201914,2871,-6,A,"Midland/Odessa, TX",466,465,471,471,4.512875536480685,9.243010752688177,61.0,60.0,"Tue, Dec 23, 2008","Tue, Dec  9, 2008"
4128,MBS International,Saginaw,United States,MBS,KMBS,43.532913,-84.079647,668,-5,A,"Saginaw/Bay City/Midland, MI",220,217,239,239,4.331818181818182,18.990783410138235,52.0,149.0,"Thu, Dec 18, 2008","Tue, Dec  9, 2008"
3458,Kansas City International,Kansas City,United States,MCI,KMCI,39.297606,-94.713905,1026,-6,A,"Kansas City, MO",4269,4270,4336,4333,5.54977746544857,14.356674473067924,49.0,143.0,"Tue, Dec 23, 2008","Sat, Dec 27, 2008"
3878,Orlando International,Orlando,United States,MCO,KMCO,28.429394,-81.308994,96,-5,A,"Orlando, FL",10526,10531,10654,10653,6.560041801254022,12.60298167315543,64.0,115.0,"Sun, Dec 28, 2008","Fri, Dec 26, 2008"
3542,Harrisburg International,Harrisburg,United States,MDT,KMDT,40.193494,-76.763403,310,-5,A,"Harrisburg, PA",598,594,618,615,4.503344481605347,15.584175084175085,64.0,78.0,"Fri, Dec 12, 2008","Wed, Dec 24, 2008"
3747,Chicago Midway International,Chicago,United States,MDW,KMDW,41.785972,-87.752417,620,-6,A,"Chicago, IL",6292,6294,6580,6583,7.0297202797202845,13.657610422624723,77.0,173.0,"Tue, Dec 23, 2008","Fri, Dec 19, 2008"
4335,Key Field,Meridian,United States,MEI,KMEI,32.332624,-88.751868,297,-6,A,"Meridian, MS",55,55,56,56,3.8181818181818183,11.836363636363632,7.0,46.0,"Tue, Dec  2, 2008","Sat, Dec 27, 2008"
3473,Memphis International,Memphis,United States,MEM,KMEM,35.042417,-89.976667,341,-6,A,"Memphis, TN",6088,6126,6334,6338,7.378942181340341,18.891772771792247,44.0,182.0,"Mon, Dec 15, 2008","Sat, Dec 20, 2008"
3826,McAllen Miller International,Mcallen,United States,MFE,KMFE,26.175833,-98.238611,107,-6,A,"Mission/McAllen/Edinburg, TX",339,340,347,347,4.053097345132745,11.05,8.0,72.0,"Sun, Dec 21, 2008","Sun, Dec 21, 2008"
4101,Rogue Valley International Medford,Medford,United States,MFR,KMFR,42.374228,-122.8735,1335,-8,A,"Medford, OR",370,366,396,397,3.297297297297296,12.565573770491808,7.0,125.0,"Sat, Dec  6, 2008","Fri, Dec 19, 2008"
4115,Montgomery Regional Airport ,MONTGOMERY,United States,MGM,KMGM,32.3006389,-86.3939722,221,-6,A,"Montgomery, AL",309,310,315,316,3.229773462783172,14.112903225806452,10.0,68.0,"Wed, Dec 24, 2008","Thu, Dec 11, 2008"
4011,Manchester Regional Airport,Manchester NH,United States,MHT,KMHT,42.932556,-71.435667,266,-5,A,"Manchester, NH",1335,1349,1409,1410,4.771535580524345,15.607857672349894,24.0,134.0,"Fri, Dec 19, 2008","Fri, Dec 26, 2008"
3576,Miami International,Miami,United States,MIA,KMIA,25.79325,-80.290556,8,-5,A,"Miami, FL",5275,5276,5340,5341,8.95071090047393,16.89954510993169,97.0,125.0,"Thu, Dec 11, 2008","Tue, Dec 16, 2008"
3717,General Mitchell International,Milwaukee,United States,MKE,KMKE,42.947222,-87.896583,723,-6,A,"Milwaukee, WI",3111,3106,3380,3372,6.721954355512697,19.58564069542824,114.0,225.0,"Fri, Dec 19, 2008","Tue, Dec  9, 2008"
3671,Melbourne International,Melbourne,United States,MLB,KMLB,28.102753,-80.645258,33,-5,A,"Melbourne, FL",163,163,164,164,3.6809815950920246,13.006134969325153,7.0,42.0,"Sun, Dec 21, 2008","Wed, Dec 31, 2008"
4072,Quad City International,Moline,United States,MLI,KMLI,41.448528,-90.507539,590,-6,A,"Moline, IL",667,662,710,710,4.734632683658165,15.980362537764353,96.0,175.0,"Wed, Dec 24, 2008","Sun, Dec 14, 2008"
3732,Monroe Regional,Monroe,United States,MLU,KMLU,32.510864,-92.037689,79,-6,A,"Monroe, LA",170,170,174,175,3.8,9.817647058823532,9.0,28.0,"Sun, Dec 21, 2008","Mon, Dec 15, 2008"
3782,Mobile Regional,Mobile,United States,MOB,KMOB,30.691231,-88.242814,219,-6,A,"Mobile, AL",443,441,463,463,4.162528216704289,11.698412698412701,13.0,133.0,"Sat, Dec 13, 2008","Fri, Dec 12, 2008"
3816,Modesto City County Harry Sham,Modesto,United States,MOD,KMOD,37.625817,-120.954422,97,-8,A,"Modesto, CA",116,115,135,135,2.939655172413793,11.034782608695652,8.0,50.0,"Sun, Dec  7, 2008","Thu, Dec  4, 2008"
3498,Minot International,Minot,United States,MOT,KMOT,48.259378,-101.280333,1716,-6,A,"Minot, ND",85,84,87,87,6.047058823529412,16.773809523809522,12.0,159.0,"Wed, Dec 31, 2008","Mon, Dec  8, 2008"
6838,Sawyer International Airport,Marquette,United States,MQT,KMQT,46.353611,-87.395278,1221,-5,A,"Marquette, MI",72,74,85,85,4.972222222222223,16.87837837837838,11.0,61.0,"Thu, Dec 18, 2008","Mon, Dec  1, 2008"
3948,Monterey Peninsula,Monterey,United States,MRY,KMRY,36.587,-121.842944,257,-8,A,"Monterey, CA",509,506,527,528,3.4833005893909634,11.181818181818178,10.0,41.0,"Wed, Dec 31, 2008","Fri, Dec 12, 2008"
3459,Dane County Regional-Truax Field,Madison,United States,MSN,KMSN,43.139858,-89.337514,887,-6,A,"Madison, WI",1053,1054,1143,1143,5.0702754036087345,17.823529411764753,82.0,153.0,"Wed, Dec  3, 2008","Tue, Dec 16, 2008"
4216,Missoula International,Missoula,United States,MSO,KMSO,46.916306,-114.090556,3205,-7,A,"Missoula, MT",242,241,250,250,5.082644628099175,16.16182572614108,27.0,129.0,"Tue, Dec 16, 2008","Sat, Dec 20, 2008"
3858,Minneapolis St. Paul International,Minneapolis,United States,MSP,KMSP,44.881956,-93.221767,841,-6,A,"Minneapolis, MN",9446,9493,9799,9795,8.803938174888836,22.801643316127638,117.0,186.0,"Tue, Dec  9, 2008","Sun, Dec  7, 2008"
3861,Louis Armstrong New Orleans International,New Orleans,United States,MSY,KMSY,29.993389,-90.258028,4,-6,A,"New Orleans, LA",3117,3118,3184,3187,4.435996150144352,11.245991019884515,43.0,117.0,"Thu, Dec 11, 2008","Thu, Dec 11, 2008"
6880,Montrose Regional Airport,Montrose CO,United States,MTJ,KMTJ,38.509794,-107.894242,5759,-7,A,"Montrose/Delta, CO",184,184,190,190,4.413043478260869,17.021739130434792,16.0,99.0,"Tue, Dec 30, 2008","Fri, Dec 26, 2008"
3515,Myrtle Beach International,Myrtle Beach,United States,MYR,KMYR,33.67975,-78.928333,25,-5,A,"Myrtle Beach, SC",325,325,343,345,3.483076923076923,15.258461538461539,15.0,70.0,"Sat, Dec 13, 2008","Fri, Dec 26, 2008"
4386,Albert J. Ellis,Jacksonville NC,United States,OAJ,KOAJ,34.829164,-77.612139,94,-5,A,"Jacksonville/Camp Lejeune, NC",119,119,121,121,2.495798319327732,10.714285714285717,8.0,58.0,"Sat, Dec 20, 2008","Fri, Dec 26, 2008"
3453,Metropolitan Oakland International,Oakland,United States,OAK,KOAK,37.721278,-122.220722,9,-8,A,"Oakland, CA",4309,4334,4446,4448,5.720120677651437,9.874711582833392,38.0,78.0,"Tue, Dec 23, 2008","Wed, Dec  3, 2008"
3456,Kahului,Kahului,United States,OGG,PHOG,20.89865,-156.430458,54,-10,N,"Kahului, HI",1635,1631,1671,1672,5.344954128440372,8.919068056407104,39.0,55.0,"Fri, Dec 26, 2008","Tue, Dec  9, 2008"
3863,Will Rogers World,Oklahoma City,United States,OKC,KOKC,35.393089,-97.600733,1295,-6,A,"Oklahoma City, OK",1824,1822,1879,1881,4.618421052631583,12.150933040614714,45.0,81.0,"Thu, Dec 18, 2008","Sun, Dec 21, 2008"
3454,Eppley Airfield,Omaha,United States,OMA,KOMA,41.303167,-95.894069,984,-6,A,"Omaha, NE",2104,2106,2175,2176,4.403992395437257,14.456315289648623,48.0,166.0,"Sun, Dec 21, 2008","Fri, Dec 12, 2008"
3615,Nome,Nome,United States,OME,PAOM,64.512203,-165.445247,37,-9,A,"Nome, AK",82,84,90,90,3.0,6.190476190476191,7.0,23.0,"Fri, Dec 26, 2008","Wed, Dec 17, 2008"
3734,Ontario International,Ontario,United States,ONT,KONT,34.056,-117.601194,944,-8,A,"Ontario, CA",2135,2141,2174,2176,4.443559718969538,10.655768332554889,21.0,118.0,"Sat, Dec 13, 2008","Fri, Dec 26, 2008"
3830,Chicago O'Hare International,Chicago,United States,ORD,KORD,41.978603,-87.904842,668,-6,A,"Chicago, IL",24410,24533,26388,26385,13.751331421548532,22.60999470101495,179.0,237.0,"Tue, Dec 23, 2008","Fri, Dec 26, 2008"
3611,Norfolk International,Norfolk,United States,ORF,KORF,36.894611,-76.201222,26,-5,A,"Norfolk, VA",1184,1186,1205,1206,3.9434121621621623,12.38954468802698,28.0,114.0,"Sat, Dec 27, 2008","Sun, Dec 21, 2008"
5757,Southwest Oregon Regional Airport,North Bend,United States,OTH,KOTH,43.4171,-124.246,17,-8,A,"North Bend/Coos Bay, OR",115,113,125,124,3.408695652173913,13.221238938053098,13.0,86.0,"Mon, Dec 29, 2008","Sun, Dec 14, 2008"
3693,Ralph Wien Memorial,Kotzebue,United States,OTZ,PAOT,66.884678,-162.59855,11,-9,A,"Kotzebue, AK",84,86,90,90,4.333333333333333,5.837209302325583,8.0,23.0,"Mon, Dec 22, 2008","Fri, Dec  5, 2008"
6961,Oxnard - Ventura County,Oxnard,United States,OXR,KOXR,34.200833,-119.207222,15,-8,A,"Oxnard/Ventura, CA",98,97,102,102,3.36734693877551,11.051546391752577,9.0,63.0,"Sun, Dec 14, 2008","Mon, Dec 29, 2008"
3722,Palm Beach International,West Palm Beach,United States,PBI,KPBI,26.683161,-80.095589,19,-5,A,"West Palm Beach/Palm Beach, FL",2524,2525,2562,2563,4.725039619651338,13.444356435643552,44.0,107.0,"Wed, Dec 31, 2008","Mon, Dec 22, 2008"
3720,Portland International,Portland,United States,PDX,KPDX,45.588722,-122.5975,30,-8,A,"Portland, OR",4186,4195,4510,4512,5.198041089345442,13.407628128724658,158.0,167.0,"Mon, Dec 22, 2008","Mon, Dec 22, 2008"
4073,Panama City Bay County International,Panama City,United States,PFN,KPFN,30.212083,-85.682806,20,-6,A,"Panama City, FL",277,278,289,290,2.9133574007220213,11.334532374100721,10.0,70.0,"Fri, Dec  5, 2008","Thu, Dec  4, 2008"
3633,Newport News Williamsburg International,Newport News,United States,PHF,KPHF,37.131894,-76.492989,43,-5,A,"Newport News/Williamsburg, VA",538,539,548,548,4.433085501858738,11.098330241187385,28.0,46.0,"Sat, Dec 20, 2008","Mon, Dec  8, 2008"
3752,Philadelphia International,Philadelphia,United States,PHL,KPHL,39.871944,-75.241139,36,-5,A,"Philadelphia, PA",7838,7847,8103,8100,7.265884154120951,21.16707021791766,73.0,192.0,"Thu, Dec 18, 2008","Sun, Dec 14, 2008"
3462,Phoenix Sky Harbor International,Phoenix,United States,PHX,KPHX,33.434278,-112.011583,1135,-7,N,"Phoenix, AZ",15351,15409,15638,15630,6.946908996156603,14.793821792458953,63.0,132.0,"Fri, Dec 12, 2008","Tue, Dec 23, 2008"
4046,Peoria Regional,Peoria,United States,PIA,KPIA,40.664203,-89.693258,660,-6,A,"Peoria, IL",368,364,417,417,4.777173913043477,16.134615384615355,28.0,84.0,"Tue, Dec 23, 2008","Tue, Dec  2, 2008"
5760,Pocatello Regional Airport,Pocatello,United States,PIH,KPIH,42.9098,-112.596,4452,-7,A,"Pocatello, ID",115,115,121,121,3.4260869565217393,12.495652173913042,10.0,37.0,"Mon, Dec 22, 2008","Sat, Dec 20, 2008"
5761,Pierre Regional Airport,Pierre,United States,PIR,KPIR,44.3827,-100.286,1742,-6,A,"Pierre, SD",2,2,2,2,5.0,14.5,5.0,19.0,"Mon, Dec  8, 2008","Mon, Dec  8, 2008"
3570,Pittsburgh International,Pittsburgh (pennsylva),United States,PIT,KPIT,40.491467,-80.232872,1204,-5,A,"Pittsburgh, PA",3114,3106,3193,3195,6.126204238921,17.7186091435931,42.0,199.0,"Sun, Dec 28, 2008","Thu, Dec 11, 2008"
3756,Palmdale Regional Usaf Plt 42,Palmdale,United States,PMD,KPMD,34.629391,-118.08456,2543,-8,A,"Palmdale, CA",11,12,12,13,3.909090909090909,10.416666666666666,5.0,14.0,"Fri, Dec  5, 2008","Thu, Dec  4, 2008"
3564,Pensacola Regional,Pensacola,United States,PNS,KPNS,30.473425,-87.186611,121,-6,A,"Pensacola, FL",659,659,689,689,4.347496206373292,12.550834597875575,29.0,69.0,"Thu, Dec 25, 2008","Thu, Dec 18, 2008"
6133,Tri Cities Airport,Pasco,United States,PSC,PSC,46.2647,-119.119,410,-8,A,"Pasco/Kennewick/Richland, WA",176,176,179,179,4.914772727272727,17.369318181818183,14.0,89.0,"Sat, Dec 20, 2008","Fri, Dec 19, 2008"
4147,Petersburg James A. Johnson,Petersburg,United States,PSG,PAPG,56.801667,-132.945278,105,-9,A,"Petersburg, AK",50,50,59,59,4.02,8.160000000000004,6.0,20.0,"Fri, Dec 19, 2008","Wed, Dec 17, 2008"
3839,Palm Springs International,Palm Springs,United States,PSP,KPSP,33.829667,-116.506694,477,-8,A,"Palm Springs, CA",983,981,1005,1005,5.074262461851472,12.316004077471968,22.0,140.0,"Thu, Dec 25, 2008","Fri, Dec 19, 2008"
3641,Theodore Francis Green State,Providence,United States,PVD,KPVD,41.732581,-71.420383,55,-5,A,"Providence, RI",1716,1713,1775,1775,5.187062937062947,14.20431990659661,54.0,106.0,"Fri, Dec 19, 2008","Thu, Dec 11, 2008"
3862,Portland International Jetport,Portland,United States,PWM,KPWM,43.646161,-70.309281,77,-5,A,"Portland, ME",378,380,403,404,3.8518518518518516,19.17368421052632,13.0,155.0,"Mon, Dec 29, 2008","Tue, Dec  9, 2008"
4087,Rapid City Regional Airport,Rapid City,United States,RAP,KRAP,44.045278,-103.057222,3204,-7,A,"Rapid City, SD",281,277,293,291,4.032028469750885,12.91696750902527,35.0,58.0,"Tue, Dec  2, 2008","Mon, Dec 15, 2008"
4098,Redding Municipal,Redding,United States,RDD,KRDD,40.509,-122.293389,504,-8,A,"Redding, CA",115,115,123,122,3.9043478260869566,9.478260869565217,7.0,24.0,"Sun, Dec 21, 2008","Mon, Dec 15, 2008"
4103,Roberts Field,Redmond-Bend,United States,RDM,KRDM,44.254066,-121.149964,3077,-8,A,"Bend/Redmond, OR",258,256,268,268,3.4806201550387597,14.39453125,11.0,105.0,"Wed, Dec 24, 2008","Mon, Dec 22, 2008"
3626,Raleigh Durham International,Raleigh-durham,United States,RDU,KRDU,35.877639,-78.787472,435,-5,A,"Raleigh/Durham, NC",4560,4558,4687,4686,4.9850877192982495,15.358271171566477,44.0,147.0,"Mon, Dec 22, 2008","Wed, Dec 10, 2008"
5765,Rhinelander Oneida County Airport,Rhinelander,United States,RHI,KRHI,45.6312,-89.4675,1624,-6,A,"Rhinelander, WI",22,22,29,29,3.909090909090909,10.863636363636363,5.0,26.0,"Wed, Dec 17, 2008","Wed, Dec 24, 2008"
3608,Richmond International,Richmond,United States,RIC,KRIC,37.505167,-77.319667,167,-5,A,"Richmond, VA",1509,1508,1576,1578,5.28893306825713,16.36472148541111,41.0,138.0,"Tue, Dec  2, 2008","Wed, Dec 24, 2008"
5766,Rock Springs Sweetwater County Airport,Rock Springs,United States,RKS,KRKS,41.5942,-109.065,6760,-7,A,"Rock Springs, WY",139,140,148,150,3.294964028776979,15.999999999999996,8.0,147.0,"Tue, Dec 23, 2008","Fri, Dec 19, 2008"
3807,Reno Tahoe International,Reno,United States,RNO,KRNO,39.499108,-119.768108,4415,-8,A,"Reno, NV",1648,1658,1695,1695,4.658980582524272,12.226779252110985,24.0,99.0,"Mon, Dec 29, 2008","Sun, Dec 14, 2008"
4016,Roanoke Regional,Roanoke VA,United States,ROA,KROA,37.325472,-79.975417,1175,-5,A,"Roanoke, VA",328,327,356,356,4.908536585365857,15.516819571865426,15.0,75.0,"Sun, Dec  7, 2008","Fri, Dec 19, 2008"
3622,Greater Rochester International,Rochester,United States,ROC,KROC,43.118866,-77.672389,559,-5,A,"Rochester, NY",905,901,945,945,6.988950276243096,19.94450610432854,41.0,156.0,"Sun, Dec 21, 2008","Wed, Dec 31, 2008"
3736,Roswell International Air Center,Roswell,United States,ROW,KROW,33.301556,-104.530556,3671,-7,A,"Roswell, NM",86,86,89,89,4.3604651162790695,9.046511627906979,10.0,27.0,"Wed, Dec  3, 2008","Fri, Dec 19, 2008"
4048,Rochester,Rochester,United States,RST,KRST,43.908283,-92.500014,1317,-6,A,"Rochester, MN",198,198,226,226,4.328282828282827,13.954545454545455,24.0,88.0,"Tue, Dec 23, 2008","Tue, Dec 23, 2008"
3793,Southwest Florida International,Fort Myers,United States,RSW,KRSW,26.536167,-81.755167,30,-5,A,"Fort Myers, FL",2628,2620,2663,2660,4.898401826484015,12.183587786259553,45.0,111.0,"Mon, Dec 29, 2008","Tue, Dec  9, 2008"
3731,San Diego International,San Diego,United States,SAN,KSAN,32.733556,-117.189667,17,-8,A,"San Diego, CA",6829,6844,7085,7082,3.938204715185239,13.349357101110455,48.0,111.0,"Wed, Dec 31, 2008","Fri, Dec 26, 2008"
3621,San Antonio International,San Antonio,United States,SAT,KSAT,29.533694,-98.469778,809,-6,A,"San Antonio, TX",3405,3407,3441,3447,4.232892804698966,10.868212503668913,52.0,139.0,"Thu, Dec 18, 2008","Sat, Dec 27, 2008"
3613,Savannah Hilton Head International,Savannah,United States,SAV,KSAV,32.127583,-81.202139,51,-5,A,"Savannah, GA",884,884,928,929,5.375565610859726,16.151583710407227,28.0,146.0,"Fri, Dec  5, 2008","Wed, Dec 24, 2008"
3949,Santa Barbara Municipal,Santa Barbara,United States,SBA,KSBA,34.426211,-119.840372,10,-8,A,"Santa Barbara, CA",949,957,976,976,4.278187565858801,10.598746081504714,20.0,156.0,"Sun, Dec 28, 2008","Fri, Dec 19, 2008"
4359,South Bend Regional,South Bend,United States,SBN,KSBN,41.708661,-86.31725,799,-5,A,"South Bend, IN",380,374,437,438,4.155263157894743,16.871657754010695,23.0,150.0,"Tue, Dec 16, 2008","Mon, Dec  1, 2008"
5768,San Luis County Regional Airport,San Luis Obispo,United States,SBP,KSBP,35.2368,-120.642,212,-8,A,"San Luis Obispo, CA",336,336,341,341,3.4583333333333335,10.467261904761909,14.0,64.0,"Thu, Dec 11, 2008","Sat, Dec 27, 2008"
3620,Deadhorse,Deadhorse,United States,SCC,PASC,70.19475,-148.465167,64,-9,A,"Deadhorse, AK",58,58,59,59,4.224137931034483,5.5,7.0,16.0,"Tue, Dec  2, 2008","Thu, Dec 18, 2008"
4318,University Park Airport,State College Pennsylvania,United States,SCE,KUNV,40.849278,-77.848694,1239,-5,A,"State College, PA",58,58,62,62,6.5344827586206895,18.25862068965518,10.0,88.0,"Sat, Dec 20, 2008","Wed, Dec 24, 2008"
4014,Louisville International Airport,Louisville,United States,SDF,KSDF,38.1740858,-85.7364989,501,-5,A,"Louisville, KY",1595,1594,1642,1644,5.751097178683378,14.61417816813049,40.0,91.0,"Fri, Dec 26, 2008","Thu, Dec  4, 2008"
3577,Seattle Tacoma International,Seattle,United States,SEA,KSEA,47.449,-122.309306,433,-8,A,"Seattle, WA",7916,7933,8348,8345,7.656265790803438,20.235472078658702,185.0,181.0,"Sun, Dec 21, 2008","Sat, Dec 20, 2008"
3469,San Francisco International,San Francisco,United States,SFO,KSFO,37.618972,-122.374889,13,-8,A,"San Francisco, CA",10854,10904,11210,11204,6.174774276764318,16.534024211298618,79.0,125.0,"Mon, Dec  1, 2008","Thu, Dec 25, 2008"
4348,Springfield Branson National,Springfield,United States,SGF,KSGF,37.245667,-93.388639,1268,-6,A,"Springfield, MO",713,710,769,769,4.152875175315566,15.005633802816902,37.0,91.0,"Tue, Dec  9, 2008","Mon, Dec 15, 2008"
4064,St. George Municipal,Saint George,United States,SGU,KSGU,37.090583,-113.593056,2941,-7,A,"St. George, UT",241,241,252,252,3.5477178423236513,10.887966804979255,7.0,60.0,"Wed, Dec 31, 2008","Wed, Dec 24, 2008"
3609,Shreveport Regional,Shreveport,United States,SHV,KSHV,32.446629,-93.8256,258,-6,A,"Shreveport, LA",549,547,576,577,4.550091074681237,11.021937842778797,21.0,98.0,"Tue, Dec 30, 2008","Tue, Dec 23, 2008"
3856,Sitka Rocky Gutierrez,Sitka,United States,SIT,PASI,57.047138,-135.361611,21,-9,A,"Sitka, AK",78,87,88,89,4.71794871794872,13.96551724137931,9.0,32.0,"Sat, Dec  6, 2008","Fri, Dec  5, 2008"
3748,Norman Y. Mineta San Jose International,San Jose,United States,SJC,KSJC,37.3626,-121.929022,62,-8,A,"San Jose, CA",4187,4188,4342,4341,4.20611416288512,11.147564469914025,55.0,79.0,"Sun, Dec 21, 2008","Thu, Dec 18, 2008"
3708,San Angelo Regional-Mathis Field,San Angelo,United States,SJT,KSJT,31.35775,-100.496306,1919,-6,A,"San Angelo, TX",17,17,17,17,2.823529411764706,7.0588235294117645,6.0,14.0,"Tue, Dec  9, 2008","Mon, Dec  1, 2008"
3536,Salt Lake City International,Salt Lake City,United States,SLC,KSLC,40.788389,-111.977772,4227,-7,A,"Salt Lake City, UT",10608,10661,10859,10846,6.675999245852198,22.04399212081417,81.0,280.0,"Thu, Dec 25, 2008","Thu, Dec 25, 2008"
3817,Sacramento International,Sacramento,United States,SMF,KSMF,38.695417,-121.590778,27,-8,A,"Sacramento, CA",3765,3771,3878,3879,4.916600265604251,11.560328825245277,25.0,120.0,"Tue, Dec  9, 2008","Fri, Dec 26, 2008"
5772,Santa Maria Public-Captain G. Allan Hancock Airport,Santa Maria,United States,SMX,KSMX,34.8989,-120.457,261,-8,A,"Santa Maria, CA",114,115,118,119,4.271929824561402,9.791304347826092,7.0,29.0,"Sun, Dec 28, 2008","Thu, Dec 18, 2008"
3867,John Wayne Airport Orange County,Santa Ana,United States,SNA,KSNA,33.675667,-117.868222,56,-8,A,"Santa Ana, CA",3674,3695,3793,3794,6.719923788786074,14.264952638700942,85.0,186.0,"Mon, Dec  1, 2008","Wed, Dec 31, 2008"
4336,Abraham Lincoln Capital,Springfield,United States,SPI,KSPI,39.8441,-89.677889,597,-6,A,"Springfield, IL",83,82,105,104,3.5301204819277108,16.00000000000001,6.0,88.0,"Mon, Dec 22, 2008","Mon, Dec  1, 2008"
4067,Sarasota Bradenton International,Sarasota,United States,SRQ,KSRQ,27.395444,-82.554389,30,-5,A,"Sarasota/Bradenton, FL",485,486,490,491,4.301030927835053,11.483539094650206,36.0,52.0,"Fri, Dec 19, 2008","Wed, Dec 10, 2008"
3678,Lambert St. Louis International,St. Louis,United States,STL,KSTL,38.748697,-90.370028,618,-6,A,"St. Louis, MO",4711,4711,4808,4804,5.181914667798752,13.199533007853947,90.0,121.0,"Fri, Dec 26, 2008","Mon, Dec  8, 2008"
6494,Friedman Memorial,Hailey,United States,SUN,KSUN,43.504444,-114.296194,5320,-7,A,"Sun Valley/Hailey/Ketchum, ID",141,140,204,163,3.3191489361702136,14.407142857142858,9.0,120.0,"Wed, Dec 17, 2008","Fri, Dec 19, 2008"
3661,Stewart International,Newburgh,United States,SWF,KSWF,41.504094,-74.104839,491,-5,A,"Newburgh/Poughkeepsie, NY",176,178,183,184,5.7727272727272725,19.561797752808985,15.0,79.0,"Sun, Dec 21, 2008","Wed, Dec 24, 2008"
3745,Syracuse Hancock International,Syracuse,United States,SYR,KSYR,43.111187,-76.106311,421,-5,A,"Syracuse, NY",768,761,795,791,5.236979166666661,24.38633377135348,45.0,146.0,"Fri, Dec 19, 2008","Mon, Dec 22, 2008"
4084,Telluride,Telluride,United States,TEX,KTEX,37.953759,-107.90848,9078,-7,A,"Telluride, CO",22,22,28,28,7.454545454545454,20.136363636363637,17.0,57.0,"Tue, Dec 30, 2008","Sun, Dec 21, 2008"
3698,Tallahassee Regional,Tallahassee,United States,TLH,KTLH,30.396528,-84.350333,81,-5,A,"Tallahassee, FL",370,370,380,381,3.402702702702703,12.443243243243238,9.0,58.0,"Thu, Dec 25, 2008","Sat, Dec 27, 2008"
4040,Toledo,Toledo,United States,TOL,KTOL,41.586806,-83.807833,684,-5,A,"Toledo, OH",81,80,89,89,2.9629629629629637,12.475000000000003,8.0,58.0,"Tue, Dec 23, 2008","Fri, Dec 19, 2008"
3646,Tampa International,Tampa,United States,TPA,KTPA,27.975472,-82.53325,26,-5,A,"Tampa, FL",6260,6249,6332,6327,4.50351437699679,11.887502000320042,45.0,91.0,"Tue, Dec  2, 2008","Mon, Dec  1, 2008"
4116,Tri-Cities Regional Airport,BRISTOL,United States,TRI,KTRI,36.4752222,-82.4074167,1519,-5,A,"Bristol/Johnson City/Kingsport, TN",200,202,205,207,3.8850000000000007,13.297029702970297,11.0,41.0,"Tue, Dec  2, 2008","Wed, Dec 24, 2008"
3855,Tulsa International,Tulsa,United States,TUL,KTUL,36.198389,-95.888111,677,-6,A,"Tulsa, OK",1831,1832,1862,1868,4.657564172583286,12.906659388646284,37.0,82.0,"Sun, Dec 14, 2008","Mon, Dec  1, 2008"
3636,Tucson International,Tucson,United States,TUS,KTUS,32.116083,-110.941028,2643,-7,N,"Tucson, AZ",1854,1858,1871,1871,4.645631067961156,11.204520990312167,26.0,110.0,"Wed, Dec 10, 2008","Tue, Dec 23, 2008"
4023,Cherry Capital Airport,Traverse City,United States,TVC,KTVC,44.741445,-85.582235,624,-5,A,"Traverse City, MI",192,191,213,214,4.911458333333333,22.66492146596859,34.0,98.0,"Mon, Dec 22, 2008","Wed, Dec 24, 2008"
4263,Magic Valley Regional Airport,Twin Falls,United States,TWF,KTWF,42.481803,-114.487733,4151,-7,A,"Twin Falls, ID",117,158,120,165,3.8803418803418785,14.031645569620256,8.0,94.0,"Thu, Dec 25, 2008","Thu, Dec 25, 2008"
3770,Texarkana Regional-Webb Field,Texarkana,United States,TXK,KTXK,33.453722,-93.991028,390,-6,A,"Texarkana, AR",88,88,93,93,3.375,8.829545454545455,10.0,32.0,"Mon, Dec 15, 2008","Sat, Dec  6, 2008"
3848,Tyler Pounds Regional,Tyler,United States,TYR,KTYR,32.354139,-95.402386,544,-6,A,"Tyler, TX",90,90,93,93,4.333333333333335,9.077777777777781,10.0,23.0,"Sun, Dec  7, 2008","Thu, Dec 18, 2008"
3676,McGhee Tyson,Knoxville,United States,TYS,KTYS,35.810972,-83.994028,981,-5,A,"Knoxville, TN",1170,1163,1212,1212,4.483760683760688,14.469475494411013,41.0,104.0,"Mon, Dec  1, 2008","Tue, Dec  9, 2008"
5776,Valdosta Regional Airport,Valdosta,United States,VLD,KVLD,30.7825,-83.2767,203,-5,A,"Valdosta, GA",82,82,83,83,3.902439024390245,8.78048780487805,6.0,32.0,"Fri, Dec 19, 2008","Fri, Dec 26, 2008"
3873,Eglin AFB,Valparaiso,United States,VPS,KVPS,30.48325,-86.5254,87,-6,A,"Valparaiso, FL",497,494,515,515,6.746478873239435,14.834008097165986,27.0,89.0,"Wed, Dec 24, 2008","Tue, Dec  9, 2008"
5969,Wrangell Airport,Wrangell,United States,WRG,PAWG,56.4843,-132.37,44,-9,A,"Wrangell, AK",48,53,59,59,3.8125,7.88679245283019,7.0,19.0,"Fri, Dec 12, 2008","Sat, Dec 13, 2008"
4356,NW Arkansas Regional,Bentonville,United States,XNA,KXNA,36.2818694,-94.3068111,1287,-6,A,"Fayetteville, AR",1076,1072,1124,1124,5.304832713754645,15.669776119402991,38.0,160.0,"Thu, Dec 18, 2008","Tue, Dec 23, 2008"
6803,Yakutat,Yakutat,United States,YAK,PAYA,59.3012,-139.3937,33,-9,A,"Yakutat, AK",52,54,57,57,4.269230769230769,8.25925925925926,7.0,23.0,"Sat, Dec 27, 2008","Mon, Dec  8, 2008"
3596,Yuma MCAS Yuma International,Yuma,United States,YUM,KYUM,32.656578,-114.60598,216,-7,N,"Yuma, AZ",229,228,231,230,4.973799126637554,12.912280701754385,23.0,55.0,"Tue, Dec 23, 2008","Mon, Dec  1, 2008"
2883,Cyril E. King,St. Thomas,Virgin Islands,STT,TIST,18.337306,-64.973361,23,-4,U,"Charlotte Amalie, VI",262,262,262,262,4.812977099236641,14.202290076335878,18.0,52.0,"Sat, Dec 13, 2008","Mon, Dec 22, 2008"
2884,Henry E. Rohlsen,St. Croix Island,Virgin Islands,STX,TISX,17.701889,-64.798556,74,-4,U,"Christiansted, VI",35,35,35,35,4.200000000000001,12.971428571428572,8.0,31.0,"Sat, Dec 27, 2008","Tue, Dec  9, 2008"
2885,Rafael Hernndez,Aguadilla,Puerto Rico,BQN,TJBQ,18.494861,-67.129444,237,-4,U,"Aguadilla, PR",114,114,114,114,4.517543859649125,11.666666666666666,9.0,40.0,"Tue, Dec  9, 2008","Sun, Dec 21, 2008"
2889,Aeropuerto Mercedita,Ponce,Puerto Rico,PSE,TJPS,18.008306,-66.563028,29,-4,U,"Ponce, PR",60,60,60,60,4.283333333333332,11.983333333333333,12.0,24.0,"Tue, Dec 30, 2008","Thu, Dec  4, 2008"
2890,Luis Muoz Marn International,San Juan,Puerto Rico,SJU,TJSJ,18.439417,-66.001833,9,-4,U,"San Juan, PR",1741,1733,1756,1750,6.177484204480184,15.117714945181765,59.0,72.0,"Sun, Dec  7, 2008","Sun, Dec 28, 2008"
