airport_id,name,city,country,iata_faa,iaco,latitude,longitude,altitude,zone,dst,city_state,avg_able_landings,avg_able_takeoffs,total_landings,total_takeoffs,avg_taxi_in,avg_taxi_out,longest_taxi_in,longest_taxi_out,lng_tx_in_date,lng_tx_out_date
4355,Lehigh Valley International,Allentown,United States,ABE,KABE,40.652083,-75.440806,393,-5,A,"Allentown/Bethlehem/Easton, PA",375,374,379,379,4.376000000000006,12.307486631016033,17.0,68.0,"Wed, Jul  8, 2009","Thu, Jul 23, 2009"
3718,Abilene Regional,Abilene,United States,ABI,KABI,32.411319,-99.681897,1791,-6,A,"Abilene, TX",211,210,213,213,3.3981042654028437,7.971428571428572,8.0,43.0,"Mon, Jul  6, 2009","Mon, Jul 27, 2009"
4019,Albuquerque International Sunport,Albuquerque,United States,ABQ,KABQ,35.0402222,-106.6091944,5355,-7,A,"Albuquerque, NM",3170,3171,3175,3175,5.509148264984232,9.654683065279109,76.0,79.0,"Mon, Jul 20, 2009","Sun, Jul 19, 2009"
5715,Southwest Georgia Regional Airport,Albany,United States,ABY,KABY,31.5355,-84.1945,197,-5,A,"Albany, GA",88,88,89,89,3.3181818181818183,9.590909090909092,5.0,63.0,"Tue, Jul  7, 2009","Fri, Jul 31, 2009"
3517,Nantucket Memorial,Nantucket,United States,ACK,KACK,41.253053,-70.060181,48,-5,A,"Nantucket, MA",97,96,101,101,5.88659793814433,20.66666666666666,16.0,102.0,"Sun, Jul 26, 2009","Tue, Jul 21, 2009"
3700,Waco Regional,Waco,United States,ACT,KACT,31.611289,-97.230519,516,-6,A,"Waco, TX",141,140,154,154,3.971631205673759,8.8,10.0,103.0,"Mon, Jul 13, 2009","Sun, Jul 19, 2009"
4384,Arcata,Arcata CA,United States,ACV,KACV,40.978111,-124.108611,221,-8,A,"Arcata/Eureka, CA",285,287,298,299,4.4456140350877185,9.491289198606264,8.0,28.0,"Fri, Jul  3, 2009","Tue, Jul 28, 2009"
3524,Atlantic City International,Atlantic City,United States,ACY,KACY,39.457583,-74.577167,75,-5,A,"Atlantic City, NJ",75,74,75,74,5.72,11.378378378378379,28.0,26.0,"Sun, Jul  5, 2009","Wed, Jul  8, 2009"
5959,Adak Airport,Adak Island,United States,ADK,PADK,51.878,-176.646,18,-10,A,"Adak Island, AK",9,9,9,9,4.111111111111111,5.777777777777778,6.0,7.0,"Thu, Jul 30, 2009","Sun, Jul  5, 2009"
3531,Kodiak,Kodiak,United States,ADQ,PADQ,57.749967,-152.493856,78,-9,A,"Kodiak, AK",52,52,58,58,3.173076923076923,5.903846153846154,8.0,20.0,"Thu, Jul  2, 2009","Sun, Jul 26, 2009"
3852,Alexandria International,Alexandria,United States,AEX,KAEX,31.3274,-92.549833,89,-6,A,"Alexandria, LA",259,259,270,270,2.988416988416988,12.104247104247106,16.0,88.0,"Tue, Jul  7, 2009","Wed, Jul 22, 2009"
3658,Augusta Regional At Bush Field,Bush Field,United States,AGS,KAGS,33.369944,-81.9645,144,-5,A,"Augusta, GA",282,285,288,290,3.4432624113475176,18.414035087719295,8.0,117.0,"Wed, Jul  8, 2009","Tue, Jul 28, 2009"
3794,King Salmon,King Salmon,United States,AKN,PAKN,58.676778,-156.649278,68,-9,A,"King Salmon, AK",31,31,31,31,3.6451612903225805,4.516129032258065,6.0,10.0,"Wed, Jul  1, 2009","Thu, Jul 30, 2009"
3864,Albany International,Albany,United States,ALB,KALB,42.748267,-73.801692,285,-5,A,"Albany, NY",1140,1139,1158,1158,4.474561403508774,13.637401229148375,46.0,123.0,"Wed, Jul 15, 2009","Thu, Jul  2, 2009"
5718,Waterloo Regional Airport,Waterloo,United States,ALO,KALO,42.5571,-92.4003,873,-6,A,"Waterloo, IA",29,29,31,31,4.0,13.413793103448276,6.0,28.0,"Wed, Jul  1, 2009","Mon, Jul 13, 2009"
3840,Rick Husband Amarillo International,Amarillo,United States,AMA,KAMA,35.219369,-101.705931,3607,-6,A,"Amarillo, TX",607,606,618,618,4.532125205930809,8.493399339934003,20.0,66.0,"Fri, Jul 24, 2009","Tue, Jul 21, 2009"
3774,Ted Stevens Anchorage International,Anchorage,United States,ANC,PANC,61.174361,-149.996361,152,-9,A,"Anchorage, AK",2042,2046,2055,2055,4.989226248775714,12.989247311827956,118.0,57.0,"Fri, Jul 10, 2009","Wed, Jul 22, 2009"
7001,Aspen/Pitkin County-Sardy Field,Aspen,United States,ASE,KASE,39.2232,-106.869,7820,-7,A,"Aspen, CO",390,389,403,403,3.053846153846155,10.095115681233937,29.0,75.0,"Sat, Jul 11, 2009","Wed, Jul  1, 2009"
3682,Hartsfield Jackson Atlanta International,Atlanta,United States,ATL,KATL,33.636719,-84.428067,1026,-5,A,"Atlanta, GA",37755,37829,38241,38259,11.283565090716351,22.914007771815207,111.0,217.0,"Sun, Jul 12, 2009","Wed, Jul 29, 2009"
4047,Appleton,Appleton,United States,ATW,KATW,44.257526,-88.507576,680,-6,A,"Appleton, WI",480,474,485,485,4.333333333333341,10.75105485232067,27.0,71.0,"Wed, Jul 29, 2009","Sat, Jul 11, 2009"
3673,Austin Bergstrom International,Austin,United States,AUS,KAUS,30.194528,-97.669889,542,-6,A,"Austin, TX",3625,3625,3644,3645,5.491310344827587,11.37655172413796,38.0,120.0,"Fri, Jul 17, 2009","Tue, Jul  7, 2009"
4007,Asheville Regional Airport,Asheville,United States,AVL,KAVL,35.436194,-82.541806,2165,-5,A,"Asheville, NC",408,405,420,420,3.801470588235294,17.007407407407406,34.0,81.0,"Thu, Jul 16, 2009","Tue, Jul 28, 2009"
4286,Wilkes Barre Scranton International,Scranton,United States,AVP,KAVP,41.338478,-75.723403,962,-5,A,"Scranton/Wilkes-Barre, PA",211,209,213,213,3.9146919431279628,13.516746411483254,10.0,35.0,"Wed, Jul  1, 2009","Thu, Jul 23, 2009"
4039,Kalamazoo,Kalamazoo,United States,AZO,KAZO,42.234875,-85.552058,874,-5,A,"Kalamazoo, MI",336,336,352,351,3.892857142857145,10.619047619047617,30.0,38.0,"Wed, Jul 29, 2009","Mon, Jul 27, 2009"
3825,Bradley International,Windsor Locks,United States,BDL,KBDL,41.938889,-72.683222,173,-5,A,"Hartford, CT",2081,2088,2111,2111,5.195098510331568,14.43726053639846,40.0,127.0,"Fri, Jul 24, 2009","Wed, Jul 29, 2009"
3599,Bethel,Bethel,United States,BET,PABE,60.779778,-161.838,121,-9,A,"Bethel, AK",87,87,87,87,3.494252873563219,5.7586206896551735,5.0,24.0,"Thu, Jul  2, 2009","Mon, Jul 13, 2009"
3558,Meadows Field,Bakersfield,United States,BFL,KBFL,35.433598,-119.05677,507,-8,A,"Bakersfield, CA",294,294,294,294,4.676870748299319,11.081632653061224,21.0,24.0,"Sun, Jul 12, 2009","Fri, Jul 24, 2009"
4129,Greater Binghamton-Edwin A. Link Field,Binghamton,United States,BGM,KBGM,42.208689,-75.979839,1636,-5,A,"Binghamton, NY",55,55,57,58,4.763636363636364,14.545454545454545,9.0,146.0,"Tue, Jul 28, 2009","Wed, Jul  1, 2009"
3463,Bangor International,Bangor,United States,BGR,KBGR,44.807444,-68.828139,192,-5,A,"Bangor, ME",262,258,271,272,5.5267175572519065,19.333333333333332,19.0,139.0,"Mon, Jul  6, 2009","Fri, Jul 31, 2009"
3811,Birmingham International,Birmingham,United States,BHM,KBHM,33.562942,-86.75355,644,-6,A,"Birmingham, AL",1884,1885,1902,1901,3.9952229299363085,13.506631299734755,74.0,116.0,"Sun, Jul 12, 2009","Tue, Jul  7, 2009"
4021,Billings Logan International Airport,Billings,United States,BIL,KBIL,45.80921,-108.537654,3652,-7,A,"Billings, MT",454,453,457,457,4.726872246696038,12.406181015452539,22.0,47.0,"Wed, Jul 15, 2009","Mon, Jul 13, 2009"
4083,Bismarck Municipal Airport,Bismarck,United States,BIS,KBIS,46.775842,-100.757931,1661,-6,A,"Bismarck/Mandan, ND",268,268,273,273,4.067164179104478,10.223880597014922,31.0,113.0,"Sat, Jul  4, 2009","Tue, Jul 21, 2009"
4287,Bemidji Regional Airport,Bemidji,United States,BJI,KBJI,47.510722,-94.934722,1391,-6,A,"Bemidji, MN",24,24,24,24,5.75,10.333333333333334,10.0,17.0,"Tue, Jul 14, 2009","Tue, Jul 14, 2009"
6962,Branson LLC,Branson,United States,BKG,KBBG,36.531994,-93.200556,1302,-6,A,"Branson, MO",61,61,61,61,4.852459016393442,13.426229508196721,8.0,63.0,"Wed, Jul  8, 2009","Thu, Jul 23, 2009"
3777,Bellingham International,Bellingham,United States,BLI,KBLI,48.792694,-122.537528,170,-8,A,"Bellingham, WA",14,14,14,14,5.357142857142857,12.0,8.0,26.0,"Fri, Jul 17, 2009","Thu, Jul 16, 2009"
4037,Central Illinois Regional,Bloomington,United States,BMI,KBMI,40.477111,-88.915917,871,-6,A,"Bloomington/Normal, IL",454,452,468,468,4.643171806167395,12.74778761061947,69.0,104.0,"Sat, Jul  4, 2009","Thu, Jul 23, 2009"
3690,Nashville International,Nashville,United States,BNA,KBNA,36.124472,-86.678194,599,-6,A,"Nashville, TN",4951,4949,4993,4993,5.923853766915772,11.481309355425317,39.0,146.0,"Sun, Jul 12, 2009","Tue, Jul  7, 2009"
3495,Boise Air Terminal,Boise,United States,BOI,KBOI,43.564361,-116.222861,2871,-7,A,"Boise, ID",1121,1123,1126,1126,3.789473684210526,10.351736420302759,33.0,83.0,"Tue, Jul 21, 2009","Thu, Jul 23, 2009"
3448,General Edward Lawrence Logan International,Boston,United States,BOS,KBOS,42.364347,-71.005181,19,-5,A,"Boston, MA",9581,9569,9910,9903,7.494729151445569,21.04493677500261,61.0,255.0,"Thu, Jul 30, 2009","Fri, Jul 31, 2009"
5725,Brunswick Golden Isles Airport,Brunswick,United States,BQK,KBQK,31.2588,-81.4665,26,-5,A,"Brunswick, GA",80,80,85,85,3.2,10.9125,5.0,40.0,"Mon, Jul 13, 2009","Sun, Jul 26, 2009"
3738,Brownsville South Padre Island International,Brownsville,United States,BRO,KBRO,25.906833,-97.425861,22,-6,A,"Brownsville, TX",265,263,265,264,4.513207547169809,10.057034220532323,9.0,57.0,"Mon, Jul 27, 2009","Tue, Jul  7, 2009"
3571,Wiley Post Will Rogers Memorial,Barrow,United States,BRW,PABR,71.285446,-156.766003,44,-9,A,"Barrow, AK",71,71,71,71,4.014084507042254,4.507042253521127,8.0,13.0,"Tue, Jul  7, 2009","Fri, Jul 31, 2009"
4022,Bert Mooney Airport,Butte,United States,BTM,KBTM,45.954806,-112.497472,5550,-7,A,"Butte, MT",61,61,61,61,4.131147540983606,8.0,6.0,17.0,"Fri, Jul 24, 2009","Thu, Jul  9, 2009"
3846,Baton Rouge Metro-Ryan Field,Baton Rouge,United States,BTR,KBTR,30.533167,-91.149639,70,-6,A,"Baton Rouge, LA",806,803,823,822,3.9392059553349883,12.159402241594018,29.0,105.0,"Sun, Jul 12, 2009","Tue, Jul 28, 2009"
3711,Burlington International,Burlington,United States,BTV,KBTV,44.471861,-73.153278,335,-5,A,"Burlington, VT",610,602,625,624,4.54754098360656,15.662790697674376,27.0,90.0,"Thu, Jul 23, 2009","Mon, Jul 27, 2009"
3820,Buffalo Niagara International,Buffalo,United States,BUF,KBUF,42.940525,-78.732167,724,-5,A,"Buffalo, NY",2197,2195,2226,2226,4.213472917614934,12.432801822323471,36.0,139.0,"Fri, Jul 10, 2009","Sat, Jul 11, 2009"
3644,Bob Hope,Burbank,United States,BUR,KBUR,34.200667,-118.358667,778,-8,A,"Burbank, CA",2389,2388,2420,2420,2.8154039347007127,10.943886097152431,32.0,66.0,"Wed, Jul  8, 2009","Sun, Jul 26, 2009"
3849,Baltimore Washington International,Baltimore,United States,BWI,KBWI,39.175361,-76.668333,146,-5,A,"Baltimore, MD",9118,9117,9171,9171,6.275608686115364,14.363387079083024,102.0,177.0,"Wed, Jul  8, 2009","Thu, Jul 23, 2009"
4020,Gallatin Field,Bozeman,United States,BZN,KBZN,45.777643,-111.160151,4500,-7,A,"Bozeman, MT",389,388,392,392,4.601542416452445,12.920103092783505,18.0,86.0,"Tue, Jul 14, 2009","Thu, Jul 23, 2009"
3561,Columbia Metropolitan,Colombia,United States,CAE,KCAE,33.938833,-81.119528,236,-5,A,"Columbia, SC",838,840,855,854,3.8257756563245833,14.316666666666668,21.0,88.0,"Mon, Jul 27, 2009","Thu, Jul 23, 2009"
4112,Akron Canton Regional Airport,Akron,United States,CAK,KCAK,40.9160833,-81.4421944,1228,-5,A,"Akron, OH",781,781,789,789,4.528809218950066,12.45326504481434,13.0,81.0,"Mon, Jul  6, 2009","Tue, Jul 28, 2009"
3824,Cedar City Regional,Cedar City,United States,CDC,KCDC,37.700967,-113.098847,5622,-7,A,"Cedar City, UT",58,58,58,58,2.8275862068965516,8.775862068965518,5.0,22.0,"Sun, Jul  5, 2009","Sun, Jul 12, 2009"
3610,Merle K. Mudhole Smith,Cordova,United States,CDV,PACV,60.491778,-145.477556,48,-9,A,"Cordova, AK",62,62,62,62,3.3225806451612905,8.80645161290323,5.0,35.0,"Thu, Jul  2, 2009","Wed, Jul 22, 2009"
5727,Del Norte County Airport,Crescent City,United States,CEC,KCEC,41.7802,-124.237,57,-8,A,"Crescent City, CA",86,85,90,89,3.4186046511627906,12.235294117647058,6.0,63.0,"Thu, Jul 23, 2009","Tue, Jul 21, 2009"
3578,Lovell Field,Chattanooga,United States,CHA,KCHA,35.035278,-85.203808,683,-5,A,"Chattanooga, TN",350,348,355,355,3.7657142857142856,15.514367816091946,11.0,100.0,"Wed, Jul 15, 2009","Fri, Jul 31, 2009"
4015,Charlottesville-Albemarle,Charlottesville VA,United States,CHO,KCHO,38.138639,-78.452861,639,-5,A,"Charlottesville, VA",147,146,150,150,4.190476190476191,12.609589041095893,9.0,109.0,"Wed, Jul  8, 2009","Mon, Jul  6, 2009"
3806,Charleston AFB International,Charleston,United States,CHS,KCHS,32.898647,-80.040528,45,-5,A,"Charleston, SC",1234,1243,1279,1279,6.2196110210696895,17.075623491552705,34.0,121.0,"Sun, Jul 26, 2009","Tue, Jul  7, 2009"
3710,Chico Municipal,Chico,United States,CIC,KCIC,39.795383,-121.858422,238,-8,A,"Chico, CA",119,118,120,120,3.4873949579831933,9.067796610169495,8.0,24.0,"Wed, Jul  8, 2009","Tue, Jul 28, 2009"
4043,Cedar Rapids,Cedar Rapids,United States,CID,KCID,41.884694,-91.710806,869,-6,A,"Cedar Rapids/Iowa City, IA",804,800,820,819,5.509950248756221,9.920000000000002,32.0,136.0,"Tue, Jul  7, 2009","Wed, Jul 15, 2009"
4088,McClellan-Palomar Airport,Carlsbad,United States,CLD,KCRQ,33.0742,-117.1648,328,-8,A,"Carlsbad, CA",188,188,191,191,3.4521276595744688,8.813829787234038,7.0,22.0,"Mon, Jul 20, 2009","Fri, Jul 17, 2009"
3486,Cleveland Hopkins International,Cleveland,United States,CLE,KCLE,41.411689,-81.849794,791,-5,A,"Cleveland, OH",5136,5140,5177,5180,5.61370716510903,12.854863813229583,36.0,154.0,"Mon, Jul 20, 2009","Wed, Jul  1, 2009"
3715,Easterwood Field,College Station,United States,CLL,KCLL,30.588583,-96.363833,321,-6,A,"College Station/Bryan, TX",91,91,93,93,4.307692307692309,7.0989010989010985,10.0,17.0,"Sat, Jul  4, 2009","Fri, Jul 24, 2009"
3876,Charlotte Douglas International,Charlotte,United States,CLT,KCLT,35.214,-80.943139,748,-5,A,"Charlotte, NC",10086,10093,10172,10170,7.079119571683532,20.878331516892896,92.0,205.0,"Tue, Jul 28, 2009","Wed, Jul 29, 2009"
3759,Port Columbus International,Columbus,United States,CMH,KCMH,39.997972,-82.891889,815,-5,A,"Columbus, OH",2716,2714,2752,2752,5.10346097201768,11.901989683124519,44.0,146.0,"Wed, Jul  8, 2009","Wed, Jul  8, 2009"
4049,Champaign,Champaign,United States,CMI,KCMI,40.03925,-88.278056,754,-6,A,"Champaign/Urbana, IL",202,203,202,203,3.871287128712869,9.458128078817735,14.0,48.0,"Wed, Jul  1, 2009","Fri, Jul 10, 2009"
5732,Houghton County Memorial Airport,Hancock,United States,CMX,KCMX,47.1684,-88.4891,1095,-5,A,"Hancock/Houghton, MI",28,28,28,28,7.428571428571429,12.321428571428571,11.0,19.0,"Thu, Jul  9, 2009","Wed, Jul 22, 2009"
4344,Yellowstone Regional,Cody,United States,COD,KCOD,44.520194,-109.023806,5102,-7,A,"Cody, WY",92,92,93,93,4.217391304347829,12.076086956521738,7.0,48.0,"Tue, Jul 28, 2009","Tue, Jul 28, 2009"
3819,City Of Colorado Springs Municipal,Colorado Springs,United States,COS,KCOS,38.805805,-104.700778,6187,-7,A,"Colorado Springs, CO",1235,1224,1245,1245,6.557085020242913,14.587418300653601,97.0,104.0,"Sun, Jul 26, 2009","Mon, Jul 13, 2009"
3872,Natrona County International,Casper,United States,CPR,KCPR,42.908,-106.464417,5347,-7,A,"Casper, WY",240,239,240,240,3.5291666666666663,10.39330543933054,8.0,112.0,"Sun, Jul  5, 2009","Tue, Jul 28, 2009"
3744,Corpus Christi International,Corpus Christi,United States,CRP,KCRP,27.770361,-97.501222,44,-6,A,"Corpus Christi, TX",476,476,480,480,4.119747899159667,10.365546218487392,14.0,118.0,"Fri, Jul  3, 2009","Mon, Jul 27, 2009"
4285,Yeager,Charleston,United States,CRW,KCRW,38.373147,-81.593189,981,-5,A,"Charleston/Dunbar, WV",305,306,315,314,3.2852459016393434,13.702614379084967,13.0,100.0,"Tue, Jul  7, 2009","Mon, Jul 13, 2009"
4255,Columbus Metropolitan Airport,Columbus,United States,CSG,KCSG,32.5163333,-84.9388611,397,-5,A,"Columbus, GA",121,121,123,123,2.818181818181819,11.74380165289256,5.0,38.0,"Thu, Jul 30, 2009","Fri, Jul 17, 2009"
3488,Cincinnati Northern Kentucky International,Cincinnati,United States,CVG,KCVG,39.048836,-84.667822,896,-5,A,"Cincinnati, OH",4859,4872,4937,4934,5.590039102696029,15.72167487684728,43.0,121.0,"Fri, Jul 24, 2009","Wed, Jul 29, 2009"
4045,Central Wisconsin,Wassau,United States,CWA,KCWA,44.772726,-89.646635,840,-6,A,"Mosinee, WI",268,269,271,271,3.656716417910445,11.100371747211893,18.0,47.0,"Fri, Jul 17, 2009","Wed, Jul 15, 2009"
3950,Daytona Beach International,Daytona Beach,United States,DAB,KDAB,29.179917,-81.058056,34,-5,A,"Daytona Beach, FL",246,245,249,247,3.1910569105691056,15.199999999999992,6.0,93.0,"Wed, Jul  1, 2009","Thu, Jul 23, 2009"
3502,Dallas Love Field,Dallas,United States,DAL,KDAL,32.847111,-96.851778,487,-6,A,"Dallas, TX",4073,4068,4130,4129,3.8212619690645715,9.319813176007912,28.0,133.0,"Thu, Jul 30, 2009","Fri, Jul 31, 2009"
3627,James M. Cox Dayton International,Dayton,United States,DAY,KDAY,39.902375,-84.219375,1009,-5,A,"Dayton, OH",1222,1224,1240,1242,5.4893617021276615,12.53186274509803,40.0,98.0,"Wed, Jul  1, 2009","Sat, Jul 11, 2009"
4388,Dubuque Regional,Dubuque IA,United States,DBQ,KDBQ,42.402,-90.709472,1076,-6,A,"Dubuque, IA",87,86,88,88,3.4367816091954024,10.906976744186046,10.0,49.0,"Sun, Jul 12, 2009","Wed, Jul 15, 2009"
3520,Ronald Reagan Washington National,Washington,United States,DCA,KDCA,38.852083,-77.037722,15,-5,A,"Washington, DC",6774,6773,6938,6939,5.450546206082072,18.296028347851724,62.0,205.0,"Thu, Jul 16, 2009","Tue, Jul  7, 2009"
3751,Denver International,Denver,United States,DEN,KDEN,39.861656,-104.673178,5431,-7,A,"Denver, CO",21455,21478,21627,21626,8.424702866464655,16.590045628084546,71.0,131.0,"Mon, Jul 27, 2009","Fri, Jul 31, 2009"
3670,Dallas Fort Worth International,Dallas-fort Worth,United States,DFW,KDFW,32.896828,-97.037997,607,-6,A,"Dallas/Fort Worth, TX",22818,22858,23241,23241,10.293846962923993,16.10600227491474,144.0,181.0,"Mon, Jul 27, 2009","Tue, Jul  7, 2009"
3739,Dothan Regional,Dothan,United States,DHN,KDHN,31.321339,-85.449628,401,-6,A,"Dothan, AL",114,115,119,119,3.3421052631578947,13.600000000000001,7.0,57.0,"Sun, Jul 26, 2009","Tue, Jul  7, 2009"
3460,Dillingham,Dillingham,United States,DLG,PADL,59.044667,-158.5055,74,-9,A,"Dillingham, AK",31,31,31,31,4.0,5.612903225806452,7.0,13.0,"Fri, Jul 31, 2009","Mon, Jul 27, 2009"
3598,Duluth International,Duluth,United States,DLH,KDLH,46.842091,-92.193649,1428,-6,A,"Duluth, MN",179,178,181,181,5.743016759776538,10.79775280898876,54.0,72.0,"Fri, Jul 24, 2009","Wed, Jul 22, 2009"
3713,Durango La Plata County,Durango,United States,DRO,KDRO,37.151516,-107.75377,6685,-7,A,"Durango, CO",300,296,304,303,4.469999999999999,11.368243243243244,21.0,66.0,"Wed, Jul 22, 2009","Thu, Jul  2, 2009"
3729,Des Moines International,Des Moines,United States,DSM,KDSM,41.533972,-93.663083,958,-6,A,"Des Moines, IA",1284,1284,1315,1316,4.2172897196261605,11.389408099688474,28.0,83.0,"Fri, Jul 31, 2009","Mon, Jul  6, 2009"
3645,Detroit Metro Wayne County,Detroit,United States,DTW,KDTW,42.212444,-83.353389,645,-5,A,"Detroit, MI",13699,13758,13897,13907,10.723629462004466,21.430585840965257,60.0,159.0,"Sat, Jul 11, 2009","Wed, Jul 29, 2009"
5736,Elko Regional Airport,Elko,United States,EKO,KEKO,40.8249,-115.792,5140,-8,A,"Elko, NV",119,119,119,119,4.554621848739497,11.756302521008408,8.0,38.0,"Thu, Jul  9, 2009","Thu, Jul 16, 2009"
3946,Elmira Corning Regional,Elmira,United States,ELM,KELM,42.159889,-76.891611,954,-5,A,"Elmira/Corning, NY",112,113,114,115,5.05357142857143,13.672566371681418,10.0,84.0,"Wed, Jul  1, 2009","Sat, Jul 25, 2009"
3559,El Paso International,El Paso,United States,ELP,KELP,31.80725,-106.377583,3958,-7,A,"El Paso, TX",1871,1868,1876,1876,3.838054516301444,10.132226980728044,44.0,166.0,"Wed, Jul 15, 2009","Thu, Jul 23, 2009"
4276,Erie International-Tom Ridge Field,Erie,United States,ERI,KERI,42.082022,-80.176217,733,-5,A,"Erie, PA",117,117,118,118,5.316239316239317,15.598290598290603,10.0,36.0,"Thu, Jul  2, 2009","Mon, Jul  6, 2009"
4099,Mahlon Sweet Field,Eugene,United States,EUG,KEUG,44.124583,-123.211972,374,-8,A,"Eugene, OR",476,474,477,477,3.71218487394958,9.936708860759486,8.0,38.0,"Thu, Jul  9, 2009","Wed, Jul 22, 2009"
4018,Evansville Regional,Evansville,United States,EVV,KEVV,38.036997,-87.532364,418,-6,A,"Evansville, IN",410,407,418,419,3.9731707317073117,10.176904176904172,10.0,70.0,"Thu, Jul  2, 2009","Thu, Jul 23, 2009"
3730,Craven County Regional,New Bern,United States,EWN,KEWN,35.072972,-77.042944,18,-5,A,"New Bern/Morehead/Beaufort, NC",112,111,115,115,2.8125,9.657657657657658,6.0,162.0,"Fri, Jul 24, 2009","Wed, Jul  8, 2009"
3494,Newark Liberty International,Newark,United States,EWR,KEWR,40.6925,-74.168667,18,-5,A,"Newark, NJ",9950,9956,10157,10159,9.075778894472343,28.192748091603026,68.0,258.0,"Sun, Jul 26, 2009","Sun, Jul 26, 2009"
3875,Key West International,Key West,United States,EYW,KEYW,24.556111,-81.759556,3,-5,A,"Key West, FL",99,99,100,100,2.8787878787878793,8.24242424242424,6.0,23.0,"Mon, Jul  6, 2009","Sun, Jul  5, 2009"
3832,Fairbanks International,Fairbanks,United States,FAI,PAFA,64.815114,-147.856267,434,-9,A,"Fairbanks, AK",448,447,450,450,3.5022321428571423,12.239373601789708,18.0,43.0,"Fri, Jul 24, 2009","Tue, Jul 28, 2009"
4292,Hector International Airport,Fargo,United States,FAR,KFAR,46.92065,-96.8157639,902,-6,A,"Fargo, ND",504,504,505,507,4.458333333333332,12.279761904761902,22.0,47.0,"Sun, Jul 26, 2009","Sun, Jul  5, 2009"
3687,Fresno Yosemite International,Fresno,United States,FAT,KFAT,36.776194,-119.71814,336,-8,A,"Fresno, CA",1070,1068,1074,1074,4.7065420560747615,12.690074906367043,17.0,63.0,"Sun, Jul  5, 2009","Thu, Jul  9, 2009"
5738,Fayetteville Regional-Grannis Field,Fayetteville,United States,FAY,KFAY,34.9912,-78.8803,189,-5,A,"Fayetteville, NC",251,252,258,258,4.4103585657370505,12.488095238095237,26.0,87.0,"Thu, Jul 16, 2009","Wed, Jul  8, 2009"
4127,Glacier Park International,Kalispell,United States,FCA,KFCA,48.310472,-114.256,2977,-7,A,"Kalispell, MT",368,367,368,367,4.263586956521738,12.937329700272475,9.0,35.0,"Sun, Jul  5, 2009","Mon, Jul  6, 2009"
4261,Flagstaff Pulliam Airport,Flagstaff,United States,FLG,KFLG,35.140318,-111.6692392,7015,-7,N,"Flagstaff, AZ",147,145,155,155,6.612244897959184,15.73103448275862,19.0,36.0,"Tue, Jul 28, 2009","Tue, Jul 28, 2009"
3533,Fort Lauderdale Hollywood International,Fort Lauderdale,United States,FLL,KFLL,26.072583,-80.15275,9,-5,A,"Fort Lauderdale, FL",5052,5045,5068,5066,5.163697545526531,16.85054509415259,88.0,129.0,"Fri, Jul 17, 2009","Fri, Jul 31, 2009"
3879,Florence Regional,Florence,United States,FLO,KFLO,34.185361,-79.723889,146,-5,A,"Florence, SC",86,86,89,89,4.546511627906975,12.76744186046512,7.0,54.0,"Tue, Jul 14, 2009","Tue, Jul  7, 2009"
4089,Bishop International,Flint,United States,FNT,KFNT,42.965424,-83.743629,782,-5,A,"Flint, MI",741,737,751,750,4.110661268556007,10.736770691994572,12.0,90.0,"Thu, Jul 23, 2009","Mon, Jul  6, 2009"
4009,Sioux Falls,Sioux Falls,United States,FSD,KFSD,43.582014,-96.741914,1429,-6,A,"Sioux Falls, SD",526,526,531,531,5.3250950570342175,14.486692015209126,29.0,122.0,"Sun, Jul 19, 2009","Mon, Jul 27, 2009"
3437,Fort Smith Regional,Fort Smith,United States,FSM,KFSM,35.336583,-94.367444,469,-6,A,"Fort Smith, AR",204,204,215,215,3.8480392156862746,9.612745098039214,13.0,85.0,"Sat, Jul 11, 2009","Tue, Jul 21, 2009"
4041,Fort Wayne,Fort Wayne,United States,FWA,KFWA,40.978472,-85.195139,815,-5,A,"Fort Wayne, IN",451,450,455,456,4.596452328159648,11.571111111111115,13.0,109.0,"Sat, Jul 25, 2009","Thu, Jul 23, 2009"
4296,Gillette-Campbell County Airport,Gillette,United States,GCC,KGCC,44.3489167,-105.5393611,4365,-7,A,"Gillette, WY",121,121,123,123,3.900826446280991,11.25619834710744,11.0,27.0,"Tue, Jul 21, 2009","Mon, Jul  6, 2009"
3467,Spokane International,Spokane,United States,GEG,KGEG,47.619861,-117.533833,2376,-8,A,"Spokane, WA",1170,1167,1176,1176,5.488034188034178,11.999143101970871,25.0,56.0,"Thu, Jul  9, 2009","Sat, Jul 18, 2009"
3442,Grand Forks International,Grand Forks,United States,GFK,KGFK,47.949256,-97.176111,845,-6,A,"Grand Forks, ND",91,90,91,90,3.802197802197802,9.744444444444445,7.0,39.0,"Mon, Jul  6, 2009","Sat, Jul  4, 2009"
3465,East Texas Regional,Longview,United States,GGG,KGGG,32.384014,-94.711486,365,-6,A,"Longview, TX",60,60,62,62,5.0166666666666675,7.333333333333333,11.0,25.0,"Wed, Jul  8, 2009","Mon, Jul 20, 2009"
4063,Grand Junction Regional,Grand Junction,United States,GJT,KGJT,39.122413,-108.526735,4858,-7,A,"Grand Junction, CO",507,502,510,510,3.7652859960552267,11.741035856573705,16.0,72.0,"Fri, Jul 31, 2009","Sun, Jul 26, 2009"
3472,Gainesville Regional,Gainesville,United States,GNV,KGNV,29.690056,-82.271778,152,-5,A,"Gainesville, FL",227,226,229,229,2.612334801762114,13.230088495575222,5.0,117.0,"Mon, Jul 27, 2009","Mon, Jul  6, 2009"
4038,Gulfport-Biloxi,Gulfport,United States,GPT,KGPT,30.407278,-89.070111,28,-6,A,"Gulfport/Biloxi, MS",566,566,572,572,4.227915194346289,13.356890459363962,11.0,118.0,"Sun, Jul 12, 2009","Fri, Jul 31, 2009"
3653,Austin Straubel International,Green Bay,United States,GRB,KGRB,44.485072,-88.129589,695,-6,A,"Green Bay, WI",527,527,532,531,3.859582542694496,10.335863377609096,15.0,59.0,"Mon, Jul 27, 2009","Wed, Jul 22, 2009"
3775,Robert Gray AAF,Killeen,United States,GRK,KGRK,31.06725,-97.828917,1015,-6,A,"Killeen, TX",173,171,180,180,4.173410404624278,9.05263157894737,24.0,27.0,"Mon, Jul 27, 2009","Sun, Jul  5, 2009"
3685,Gerald R. Ford International,Grand Rapids,United States,GRR,KGRR,42.880833,-85.522806,794,-5,A,"Grand Rapids, MI",1221,1222,1234,1236,4.2055692055692075,12.658756137479541,35.0,70.0,"Sat, Jul 18, 2009","Fri, Jul 17, 2009"
4008,Piedmont Triad,Greensboro,United States,GSO,KGSO,36.09775,-79.937306,925,-5,A,"Greensboro/High Point, NC",865,865,881,881,4.236994219653176,15.413872832369956,19.0,109.0,"Thu, Jul 30, 2009","Tue, Jul 28, 2009"
4034,Greenville-Spartanburg International,Greenville,United States,GSP,KGSP,34.895556,-82.218889,964,-5,A,"Greer, SC",985,982,1009,1009,3.650761421319795,16.189409368635435,13.0,98.0,"Thu, Jul 23, 2009","Thu, Jul 23, 2009"
5960,Gustavus Airport,Gustavus,United States,GST,PAGS,58.4253,-135.707,34,-9,A,"Gustavus, AK",29,29,31,31,4.310344827586207,9.965517241379313,6.0,25.0,"Wed, Jul  8, 2009","Fri, Jul 24, 2009"
3880,Great Falls International,Great Falls,United States,GTF,KGTF,47.482,-111.370689,3677,-7,A,"Great Falls, MT",184,183,184,184,4.36413043478261,10.480874316939895,10.0,66.0,"Fri, Jul 17, 2009","Mon, Jul 27, 2009"
4273,Golden Triangle Regional Airport,Columbus Mississippi,United States,GTR,KGTR,33.450333,-88.591361,264,-6,A,"Columbus, MS",62,62,62,62,3.370967741935484,12.35483870967742,6.0,80.0,"Sat, Jul 11, 2009","Thu, Jul 30, 2009"
7051,Gunnison - Crested Butte,Gunnison,United States,GUC,KGUC,38.533889,-106.933056,7678,-7,A,"Gunnison, CO",110,110,112,112,2.0454545454545454,12.663636363636364,5.0,54.0,"Wed, Jul 22, 2009","Thu, Jul  2, 2009"
4339,Yampa Valley,Hayden,United States,HDN,KHDN,40.481181,-107.21766,6602,-7,A,"Hayden, CO",92,92,93,93,3.9999999999999996,15.31521739130435,23.0,136.0,"Fri, Jul 31, 2009","Fri, Jul  3, 2009"
3504,Helena Regional,Helena,United States,HLN,KHLN,46.606806,-111.98275,3877,-7,A,"Helena, MT",178,179,180,181,3.387640449438203,9.089385474860345,7.0,57.0,"Tue, Jul 21, 2009","Sun, Jul 26, 2009"
3728,Honolulu International,Honolulu,United States,HNL,PHNL,21.318681,-157.922428,13,-10,N,"Honolulu, HI",5218,5218,5230,5230,5.698351858949792,13.069183595247225,33.0,44.0,"Thu, Jul 30, 2009","Mon, Jul 27, 2009"
3566,William P. Hobby,Houston,United States,HOU,KHOU,29.645419,-95.278889,46,-6,A,"Houston, TX",4441,4451,4513,4514,5.954064399909927,8.836216580543672,66.0,97.0,"Mon, Jul 20, 2009","Thu, Jul 30, 2009"
3589,Westchester County,White Plains,United States,HPN,KHPN,41.066959,-73.707575,439,-5,A,"White Plains, NY",865,864,869,869,5.887861271676305,16.677083333333332,54.0,122.0,"Fri, Jul 17, 2009","Fri, Jul 31, 2009"
3560,Valley International,Harlingen,United States,HRL,KHRL,26.2285,-97.654389,36,-6,A,"Harlingen/San Benito, TX",449,449,462,462,2.6659242761692665,8.391982182628068,6.0,90.0,"Thu, Jul  2, 2009","Thu, Jul 23, 2009"
4113,Huntsville International Airport-Carl T. Jones Field,Huntsville,United States,HSV,KHSV,34.6371944,-86.7750556,629,-6,A,"Huntsville, AL",984,978,998,996,5.4258130081300795,16.29652351738244,25.0,111.0,"Tue, Jul 28, 2009","Thu, Jul 30, 2009"
3714,Washington Dulles International,Washington,United States,IAD,KIAD,38.944533,-77.455811,313,-5,A,"Washington, DC",6076,6054,6170,6159,7.426761026991444,19.00445986124871,78.0,203.0,"Thu, Jul 23, 2009","Thu, Jul 23, 2009"
3550,George Bush Intercontinental Houston,Houston,United States,IAH,KIAH,29.984433,-95.341442,97,-6,A,"Houston, TX",16666,16676,16753,16751,7.5249609984399415,18.397937155193038,56.0,148.0,"Tue, Jul  7, 2009","Thu, Jul 23, 2009"
3457,Wichita Mid Continent,Wichita,United States,ICT,KICT,37.649944,-97.433056,1333,-6,A,"Wichita, KS",1198,1196,1228,1228,5.786310517529219,12.194816053511703,50.0,58.0,"Sat, Jul 25, 2009","Thu, Jul  2, 2009"
4100,Idaho Falls Regional,Idaho Falls,United States,IDA,KIDA,43.514556,-112.07075,4744,-7,A,"Idaho Falls, ID",300,300,304,304,3.763333333333333,9.64333333333333,10.0,33.0,"Wed, Jul  8, 2009","Tue, Jul 28, 2009"
3845,Wilmington International,Wilmington,United States,ILM,KILM,34.270615,-77.902569,32,-5,A,"Wilmington, NC",373,372,378,378,4.571045576407506,13.483870967741932,57.0,65.0,"Mon, Jul  6, 2009","Thu, Jul  9, 2009"
3585,Indianapolis International,Indianapolis,United States,IND,KIND,39.717331,-86.294383,797,-5,A,"Indianapolis, IN",3385,3390,3422,3425,5.872378138847856,12.911504424778766,54.0,100.0,"Sat, Jul 11, 2009","Tue, Jul 28, 2009"
3689,Imperial County,Imperial,United States,IPL,KIPL,32.834219,-115.578744,-54,-8,A,"El Centro, CA",55,55,57,57,3.145454545454545,10.145454545454545,6.0,22.0,"Sat, Jul 18, 2009","Tue, Jul  7, 2009"
3857,Long Island MacArthur,Islip,United States,ISP,KISP,40.79525,-73.100222,99,-5,A,"Islip, NY",758,758,758,758,4.394459102902368,8.60158311345647,36.0,78.0,"Thu, Jul  2, 2009","Thu, Jul 23, 2009"
3415,Hilo International,Hilo,United States,ITO,PHTO,19.721375,-155.048469,38,-10,N,"Hilo, HI",755,755,757,757,5.113907284768222,8.087417218543049,14.0,25.0,"Fri, Jul 17, 2009","Thu, Jul 23, 2009"
7120,Inyokern Airport,Inyokern,United States,IYK,KIYK,35.658889,-117.829444,2455,-8,A,"Inyokern, CA",83,82,83,83,3.8433734939759034,9.902439024390247,7.0,23.0,"Wed, Jul 22, 2009","Fri, Jul 17, 2009"
4027,Jackson Hole Airport,Jacksn Hole,United States,JAC,KJAC,43.60733333,-110.73775,6451,-7,A,"Jackson, WY",439,441,445,444,3.6082004555808656,14.258503401360544,8.0,38.0,"Sat, Jul 25, 2009","Sun, Jul 19, 2009"
3580,Jackson Evers International,Jackson,United States,JAN,KJAN,32.311167,-90.075889,346,-6,A,"Jackson/Vicksburg, MS",1078,1076,1097,1097,4.601113172541744,10.809479553903357,48.0,142.0,"Mon, Jul 27, 2009","Fri, Jul 31, 2009"
3712,Jacksonville International,Jacksonville,United States,JAX,KJAX,30.494056,-81.687861,30,-5,A,"Jacksonville, FL",2607,2601,2627,2626,5.290755657844265,14.193002691272612,31.0,120.0,"Sat, Jul 25, 2009","Sun, Jul 26, 2009"
3797,John F. Kennedy International,New York,United States,JFK,KJFK,40.639751,-73.778925,13,-5,A,"New York, NY",11008,11034,11410,11415,11.581849563953558,36.54540511147371,140.0,252.0,"Tue, Jul  7, 2009","Sun, Jul 26, 2009"
3492,Juneau International,Juneau,United States,JNU,PAJN,58.354972,-134.576278,21,-9,A,"Juneau, AK",489,487,495,495,3.5276073619631902,14.519507186858316,10.0,85.0,"Sun, Jul 26, 2009","Sun, Jul 12, 2009"
3514,Kona International At Keahole,Kona,United States,KOA,PHKO,19.738767,-156.045631,47,-10,N,"Kona, HI",1220,1219,1224,1224,4.163934426229508,9.41017227235438,11.0,39.0,"Wed, Jul 22, 2009","Tue, Jul 28, 2009"
3808,Ketchikan International,Ketchikan,United States,KTN,PAKT,55.355556,-131.71375,88,-9,A,"Ketchikan, AK",245,247,248,248,4.118367346938771,11.834008097165992,19.0,28.0,"Sat, Jul 11, 2009","Fri, Jul 24, 2009"
3544,Capital City,Lansing,United States,LAN,KLAN,42.7787,-84.587357,861,-5,A,"Lansing, MI",289,289,294,294,3.328719723183391,12.09688581314879,9.0,71.0,"Fri, Jul 17, 2009","Wed, Jul 22, 2009"
3877,McCarran International,Las Vegas,United States,LAS,KLAS,36.080056,-115.15225,2141,-8,A,"Las Vegas, NV",13295,13293,13378,13378,6.8145167356149035,14.589633641766357,67.0,116.0,"Mon, Jul 20, 2009","Sat, Jul 18, 2009"
3484,Los Angeles International,Los Angeles,United States,LAX,KLAX,33.942536,-118.408075,126,-8,A,"Los Angeles, CA",17302,17304,17463,17457,8.835510345624805,14.546405455386063,90.0,127.0,"Wed, Jul  1, 2009","Mon, Jul 27, 2009"
3829,Lubbock Preston Smith International,Lubbock,United States,LBB,KLBB,33.663639,-101.822778,3282,-6,A,"Lubbock, TX",769,767,780,780,3.6657997399219764,9.230769230769232,59.0,73.0,"Sun, Jul 19, 2009","Thu, Jul 23, 2009"
3513,Lake Charles Regional,Lake Charles,United States,LCH,KLCH,30.126112,-93.223335,15,-6,A,"Lake Charles, LA",124,124,128,128,4.032258064516129,11.411290322580646,10.0,88.0,"Sat, Jul 25, 2009","Sun, Jul 19, 2009"
4017,Blue Grass,Lexington KY,United States,LEX,KLEX,38.0365,-84.605889,979,-5,A,"Lexington, KY",670,669,685,686,4.302985074626867,13.124065769805677,25.0,141.0,"Thu, Jul  2, 2009","Mon, Jul  6, 2009"
3493,Lafayette Regional,Lafayette,United States,LFT,KLFT,30.205278,-91.987611,43,-6,A,"Lafayette, LA",419,421,429,430,4.85441527446301,12.672209026128266,19.0,86.0,"Sun, Jul 26, 2009","Thu, Jul 23, 2009"
3697,LaGuardia Airport,New York,United States,LGA,KLGA,40.777245,-73.872608,22,-5,A,"New York, NY",8560,8582,9005,9005,8.729556074766345,30.762992309484982,101.0,259.0,"Wed, Jul 29, 2009","Sun, Jul 12, 2009"
3582,Long Beach,Long Beach,United States,LGB,KLGB,33.817722,-118.151611,60,-8,A,"Long Beach, CA",1250,1249,1255,1255,4.838400000000004,13.698158526821462,34.0,93.0,"Tue, Jul 21, 2009","Thu, Jul 23, 2009"
3602,Lihue,Lihue,United States,LIH,PHLI,21.975983,-159.338958,153,-10,N,"Lihue, HI",1165,1165,1168,1168,5.236909871244637,7.893562231759666,20.0,33.0,"Tue, Jul 14, 2009","Fri, Jul 24, 2009"
3660,Adams Field,Little Rock,United States,LIT,KLIT,34.729444,-92.224306,262,-6,A,"Little Rock, AR",1480,1476,1499,1499,4.905405405405391,11.449186991869881,43.0,137.0,"Wed, Jul  8, 2009","Thu, Jul 23, 2009"
5750,Klamath Falls Airport,Klamath Falls,United States,LMT,KLMT,42.1561,-121.733,4095,-8,A,"Klamath Falls, OR",124,122,124,124,3.4274193548387086,8.778688524590164,9.0,20.0,"Thu, Jul  2, 2009","Fri, Jul 24, 2009"
3543,Lincoln,Lincoln,United States,LNK,KLNK,40.850971,-96.75925,1219,-6,A,"Lincoln, NE",273,273,274,274,4.153846153846156,9.205128205128208,18.0,33.0,"Fri, Jul 31, 2009","Wed, Jul 22, 2009"
3691,Laredo International,Laredo,United States,LRD,KLRD,27.54375,-99.461556,508,-6,A,"Laredo, TX",226,226,230,230,3.2389380530973453,9.743362831858404,12.0,70.0,"Thu, Jul 16, 2009","Sun, Jul 26, 2009"
4044,LaCrosse Municipal,LaCrosse,United States,LSE,KLSE,43.878986,-91.256711,654,-6,A,"La Crosse, WI",236,234,237,236,4.076271186440678,9.95299145299146,10.0,29.0,"Wed, Jul 22, 2009","Mon, Jul 27, 2009"
6958,Greenbrier Valley Airport,Lewisburg,United States,LWB,KLWB,37.858333,-80.399444,2302,-5,U,"Lewisburg, WV",19,20,19,20,3.0526315789473686,19.7,10.0,53.0,"Thu, Jul 16, 2009","Wed, Jul  8, 2009"
3945,Lewiston Nez Perce County,Lewiston,United States,LWS,KLWS,46.3745,-117.015389,1442,-8,A,"Lewiston, ID",54,54,54,54,4.925925925925926,11.574074074074074,7.0,22.0,"Wed, Jul 22, 2009","Mon, Jul 27, 2009"
5753,Lynchburg Regional-Preston Glenn Field,Lynchburg,United States,LYH,KLYH,37.3267,-79.2004,938,-5,A,"Lynchburg, VA",91,91,92,92,3.208791208791209,15.54945054945055,9.0,64.0,"Tue, Jul 28, 2009","Fri, Jul 31, 2009"
3652,Midland International,Midland,United States,MAF,KMAF,31.942528,-102.201914,2871,-6,A,"Midland/Odessa, TX",677,677,689,689,3.171344165435746,9.63220088626293,41.0,150.0,"Mon, Jul  6, 2009","Thu, Jul 23, 2009"
4128,MBS International,Saginaw,United States,MBS,KMBS,43.532913,-84.079647,668,-5,A,"Saginaw/Bay City/Midland, MI",353,350,357,356,3.2436260623229467,14.214285714285714,12.0,104.0,"Thu, Jul  9, 2009","Sat, Jul 11, 2009"
3458,Kansas City International,Kansas City,United States,MCI,KMCI,39.297606,-94.713905,1026,-6,A,"Kansas City, MO",4466,4457,4493,4492,5.714957456336763,12.824321292349124,45.0,122.0,"Thu, Jul  2, 2009","Thu, Jul  2, 2009"
3878,Orlando International,Orlando,United States,MCO,KMCO,28.429394,-81.308994,96,-5,A,"Orlando, FL",10616,10606,10649,10644,7.3950640542577295,13.880162172355263,147.0,161.0,"Fri, Jul 10, 2009","Fri, Jul 10, 2009"
3542,Harrisburg International,Harrisburg,United States,MDT,KMDT,40.193494,-76.763403,310,-5,A,"Harrisburg, PA",720,718,736,735,4.673611111111108,12.63649025069638,22.0,123.0,"Sat, Jul 11, 2009","Thu, Jul 23, 2009"
3747,Chicago Midway International,Chicago,United States,MDW,KMDW,41.785972,-87.752417,620,-6,A,"Chicago, IL",7541,7543,7554,7553,5.35207532157538,11.25971099032215,52.0,159.0,"Thu, Jul 30, 2009","Sun, Jul 12, 2009"
4335,Key Field,Meridian,United States,MEI,KMEI,32.332624,-88.751868,297,-6,A,"Meridian, MS",57,57,58,58,3.7894736842105274,14.333333333333334,7.0,67.0,"Fri, Jul 24, 2009","Thu, Jul 16, 2009"
3473,Memphis International,Memphis,United States,MEM,KMEM,35.042417,-89.976667,341,-6,A,"Memphis, TN",6189,6213,6304,6304,7.529487800937149,17.90793497505232,84.0,122.0,"Sun, Jul  5, 2009","Fri, Jul 31, 2009"
3826,McAllen Miller International,Mcallen,United States,MFE,KMFE,26.175833,-98.238611,107,-6,A,"Mission/McAllen/Edinburg, TX",442,441,444,444,4.219457013574658,10.993197278911563,18.0,77.0,"Mon, Jul 20, 2009","Tue, Jul 21, 2009"
4101,Rogue Valley International Medford,Medford,United States,MFR,KMFR,42.374228,-122.8735,1335,-8,A,"Medford, OR",398,398,399,399,3.6984924623115565,9.12060301507537,8.0,23.0,"Wed, Jul 22, 2009","Fri, Jul 24, 2009"
4115,Montgomery Regional Airport ,MONTGOMERY,United States,MGM,KMGM,32.3006389,-86.3939722,221,-6,A,"Montgomery, AL",380,380,389,389,3.705263157894737,15.352631578947362,17.0,99.0,"Sat, Jul 25, 2009","Thu, Jul 16, 2009"
4011,Manchester Regional Airport,Manchester NH,United States,MHT,KMHT,42.932556,-71.435667,266,-5,A,"Manchester, NH",1286,1287,1296,1296,4.6213063763608,12.139860139860156,25.0,55.0,"Mon, Jul 27, 2009","Sat, Jul  4, 2009"
3576,Miami International,Miami,United States,MIA,KMIA,25.79325,-80.290556,8,-5,A,"Miami, FL",5394,5392,5448,5449,9.650352243233225,17.676372403560816,118.0,222.0,"Thu, Jul  2, 2009","Wed, Jul  1, 2009"
3717,General Mitchell International,Milwaukee,United States,MKE,KMKE,42.947222,-87.896583,723,-6,A,"Milwaukee, WI",4088,4089,4119,4118,5.233365949119386,12.89606260699438,35.0,140.0,"Sun, Jul 19, 2009","Tue, Jul  7, 2009"
3671,Melbourne International,Melbourne,United States,MLB,KMLB,28.102753,-80.645258,33,-5,A,"Melbourne, FL",152,153,154,154,4.10526315789474,13.581699346405228,15.0,60.0,"Sun, Jul  5, 2009","Thu, Jul  9, 2009"
4072,Quad City International,Moline,United States,MLI,KMLI,41.448528,-90.507539,590,-6,A,"Moline, IL",627,624,637,637,3.602870813397129,11.269230769230766,10.0,92.0,"Wed, Jul 22, 2009","Mon, Jul  6, 2009"
3732,Monroe Regional,Monroe,United States,MLU,KMLU,32.510864,-92.037689,79,-6,A,"Monroe, LA",201,202,210,210,3.4477611940298507,9.490099009900993,8.0,116.0,"Sat, Jul 11, 2009","Thu, Jul 30, 2009"
3782,Mobile Regional,Mobile,United States,MOB,KMOB,30.691231,-88.242814,219,-6,A,"Mobile, AL",628,627,642,641,4.136942675159236,12.49760765550239,31.0,115.0,"Tue, Jul 14, 2009","Fri, Jul 31, 2009"
3816,Modesto City County Harry Sham,Modesto,United States,MOD,KMOD,37.625817,-120.954422,97,-8,A,"Modesto, CA",145,144,147,147,3.062068965517241,10.437500000000002,56.0,34.0,"Wed, Jul  8, 2009","Thu, Jul 30, 2009"
6838,Sawyer International Airport,Marquette,United States,MQT,KMQT,46.353611,-87.395278,1221,-5,A,"Marquette, MI",62,62,62,62,4.274193548387097,8.306451612903231,8.0,23.0,"Wed, Jul 15, 2009","Mon, Jul 20, 2009"
3948,Monterey Peninsula,Monterey,United States,MRY,KMRY,36.587,-121.842944,257,-8,A,"Monterey, CA",507,507,516,516,3.358974358974358,9.739644970414204,9.0,57.0,"Wed, Jul  1, 2009","Mon, Jul 27, 2009"
3459,Dane County Regional-Truax Field,Madison,United States,MSN,KMSN,43.139858,-89.337514,887,-6,A,"Madison, WI",1113,1102,1118,1118,4.539083557951479,12.581669691470053,22.0,121.0,"Sun, Jul  5, 2009","Sun, Jul 26, 2009"
4216,Missoula International,Missoula,United States,MSO,KMSO,46.916306,-114.090556,3205,-7,A,"Missoula, MT",334,334,337,337,5.104790419161673,11.467065868263475,28.0,104.0,"Mon, Jul  6, 2009","Fri, Jul  3, 2009"
3858,Minneapolis St. Paul International,Minneapolis,United States,MSP,KMSP,44.881956,-93.221767,841,-6,A,"Minneapolis, MN",11714,11728,11803,11802,7.761055147686527,17.138216234652024,77.0,148.0,"Mon, Jul 20, 2009","Wed, Jul 29, 2009"
3861,Louis Armstrong New Orleans International,New Orleans,United States,MSY,KMSY,29.993389,-90.258028,4,-6,A,"New Orleans, LA",3023,3020,3031,3030,4.6569632815084185,11.008609271523179,64.0,120.0,"Mon, Jul 20, 2009","Thu, Jul  2, 2009"
6880,Montrose Regional Airport,Montrose CO,United States,MTJ,KMTJ,38.509794,-107.894242,5759,-7,A,"Montrose/Delta, CO",269,268,271,271,3.5464684014869894,12.492537313432834,8.0,82.0,"Sat, Jul 25, 2009","Sat, Jul  4, 2009"
3605,Grant County International,Grant County Airport,United States,MWH,KMWH,47.207708,-119.32019,1185,-8,A,"Moses Lake, WA",62,62,62,62,4.225806451612904,8.64516129032258,7.0,16.0,"Mon, Jul 13, 2009","Thu, Jul 16, 2009"
3515,Myrtle Beach International,Myrtle Beach,United States,MYR,KMYR,33.67975,-78.928333,25,-5,A,"Myrtle Beach, SC",494,491,499,499,4.040485829959514,15.171079429735261,12.0,107.0,"Wed, Jul  1, 2009","Thu, Jul 30, 2009"
4386,Albert J. Ellis,Jacksonville NC,United States,OAJ,KOAJ,34.829164,-77.612139,94,-5,A,"Jacksonville/Camp Lejeune, NC",169,171,176,176,2.7159763313609466,13.397660818713451,5.0,83.0,"Thu, Jul  2, 2009","Wed, Jul 15, 2009"
3453,Metropolitan Oakland International,Oakland,United States,OAK,KOAK,37.721278,-122.220722,9,-8,A,"Oakland, CA",4350,4347,4406,4406,5.391494252873556,9.015873015873026,31.0,75.0,"Wed, Jul  1, 2009","Wed, Jul  1, 2009"
3456,Kahului,Kahului,United States,OGG,PHOG,20.89865,-156.430458,54,-10,N,"Kahului, HI",1947,1943,1947,1947,5.287621982537244,8.302624806999495,30.0,41.0,"Thu, Jul 23, 2009","Sat, Jul 18, 2009"
3863,Will Rogers World,Oklahoma City,United States,OKC,KOKC,35.393089,-97.600733,1295,-6,A,"Oklahoma City, OK",1906,1900,1917,1917,5.277019937040918,11.189473684210515,54.0,117.0,"Mon, Jul 20, 2009","Fri, Jul 31, 2009"
3454,Eppley Airfield,Omaha,United States,OMA,KOMA,41.303167,-95.894069,984,-6,A,"Omaha, NE",2280,2277,2302,2302,6.2771929824561346,12.792709705753191,48.0,146.0,"Thu, Jul  9, 2009","Tue, Jul  7, 2009"
3615,Nome,Nome,United States,OME,PAOM,64.512203,-165.445247,37,-9,A,"Nome, AK",92,92,92,92,2.902173913043478,4.945652173913043,5.0,20.0,"Wed, Jul 15, 2009","Thu, Jul 23, 2009"
3734,Ontario International,Ontario,United States,ONT,KONT,34.056,-117.601194,944,-8,A,"Ontario, CA",2280,2273,2297,2296,4.331578947368421,10.14826220853497,14.0,61.0,"Mon, Jul 20, 2009","Mon, Jul 27, 2009"
3830,Chicago O'Hare International,Chicago,United States,ORD,KORD,41.978603,-87.904842,668,-6,A,"Chicago, IL",27142,27217,27567,27568,9.360695600913681,16.494470367784917,144.0,211.0,"Thu, Jul  2, 2009","Thu, Jul  2, 2009"
3611,Norfolk International,Norfolk,United States,ORF,KORF,36.894611,-76.201222,26,-5,A,"Norfolk, VA",1463,1453,1471,1470,4.513328776486665,12.779077770130758,48.0,114.0,"Fri, Jul 17, 2009","Thu, Jul 16, 2009"
5757,Southwest Oregon Regional Airport,North Bend,United States,OTH,KOTH,43.4171,-124.246,17,-8,A,"North Bend/Coos Bay, OR",120,120,124,124,2.966666666666667,11.83333333333333,16.0,59.0,"Wed, Jul 15, 2009","Tue, Jul 21, 2009"
3693,Ralph Wien Memorial,Kotzebue,United States,OTZ,PAOT,66.884678,-162.59855,11,-9,A,"Kotzebue, AK",90,90,90,90,3.3666666666666667,4.800000000000001,6.0,13.0,"Mon, Jul 27, 2009","Sat, Jul  4, 2009"
6961,Oxnard - Ventura County,Oxnard,United States,OXR,KOXR,34.200833,-119.207222,15,-8,A,"Oxnard/Ventura, CA",108,108,109,109,3.388888888888889,9.037037037037031,6.0,24.0,"Mon, Jul 20, 2009","Fri, Jul 24, 2009"
3722,Palm Beach International,West Palm Beach,United States,PBI,KPBI,26.683161,-80.095589,19,-5,A,"West Palm Beach/Palm Beach, FL",1861,1857,1871,1870,4.862439548629769,13.191707054388804,39.0,125.0,"Sat, Jul 25, 2009","Fri, Jul 17, 2009"
3720,Portland International,Portland,United States,PDX,KPDX,45.588722,-122.5975,30,-8,A,"Portland, OR",4807,4807,4816,4818,4.3642604535053025,13.306220095693782,42.0,68.0,"Sun, Jul 12, 2009","Thu, Jul 30, 2009"
4073,Panama City Bay County International,Panama City,United States,PFN,KPFN,30.212083,-85.682806,20,-6,A,"Panama City, FL",341,339,342,342,3.3020527859237543,13.7905604719764,13.0,69.0,"Wed, Jul 29, 2009","Thu, Jul 30, 2009"
3633,Newport News Williamsburg International,Newport News,United States,PHF,KPHF,37.131894,-76.492989,43,-5,A,"Newport News/Williamsburg, VA",538,537,542,542,4.897769516728619,12.268156424581008,19.0,149.0,"Wed, Jul 29, 2009","Thu, Jul 30, 2009"
3752,Philadelphia International,Philadelphia,United States,PHL,KPHL,39.871944,-75.241139,36,-5,A,"Philadelphia, PA",8247,8237,8347,8343,7.672971989814468,26.67779531382785,106.0,260.0,"Fri, Jul 24, 2009","Sun, Jul 26, 2009"
3462,Phoenix Sky Harbor International,Phoenix,United States,PHX,KPHX,33.434278,-112.011583,1135,-7,N,"Phoenix, AZ",15819,15882,15979,15985,7.384537581389463,15.0103891197582,69.0,134.0,"Mon, Jul 20, 2009","Mon, Jul 20, 2009"
4046,Peoria Regional,Peoria,United States,PIA,KPIA,40.664203,-89.693258,660,-6,A,"Peoria, IL",441,438,449,449,3.9523809523809548,10.920091324200925,15.0,51.0,"Sat, Jul 18, 2009","Fri, Jul 17, 2009"
5760,Pocatello Regional Airport,Pocatello,United States,PIH,KPIH,42.9098,-112.596,4452,-7,A,"Pocatello, ID",123,123,123,123,3.6747967479674797,11.203252032520325,6.0,26.0,"Sun, Jul  5, 2009","Wed, Jul 15, 2009"
3570,Pittsburgh International,Pittsburgh (pennsylva),United States,PIT,KPIT,40.491467,-80.232872,1204,-5,A,"Pittsburgh, PA",2909,2905,2940,2937,5.741835682365079,13.711531841652313,50.0,115.0,"Tue, Jul 21, 2009","Fri, Jul 31, 2009"
5762,Pellston Regional Airport of Emmet County Airport,Pellston,United States,PLN,KPLN,45.5709,-84.7967,720,-5,A,"Pellston, MI",92,91,93,93,4.967391304347824,12.516483516483516,14.0,33.0,"Sun, Jul 26, 2009","Sun, Jul  5, 2009"
3564,Pensacola Regional,Pensacola,United States,PNS,KPNS,30.473425,-87.186611,121,-6,A,"Pensacola, FL",880,877,891,890,4.327272727272731,13.20980615735462,37.0,127.0,"Sun, Jul 12, 2009","Sun, Jul  5, 2009"
6133,Tri Cities Airport,Pasco,United States,PSC,PSC,46.2647,-119.119,410,-8,A,"Pasco/Kennewick/Richland, WA",324,324,325,325,5.141975308641971,9.13271604938272,19.0,30.0,"Wed, Jul  8, 2009","Sun, Jul  5, 2009"
4147,Petersburg James A. Johnson,Petersburg,United States,PSG,PAPG,56.801667,-132.945278,105,-9,A,"Petersburg, AK",60,61,62,62,3.4833333333333334,10.147540983606557,6.0,25.0,"Sun, Jul 26, 2009","Sat, Jul 18, 2009"
3839,Palm Springs International,Palm Springs,United States,PSP,KPSP,33.829667,-116.506694,477,-8,A,"Palm Springs, CA",742,744,748,748,4.735849056603778,11.09543010752689,20.0,66.0,"Fri, Jul 10, 2009","Tue, Jul 28, 2009"
3641,Theodore Francis Green State,Providence,United States,PVD,KPVD,41.732581,-71.420383,55,-5,A,"Providence, RI",1612,1609,1620,1619,5.122208436724562,13.989434431323785,60.0,140.0,"Wed, Jul  1, 2009","Fri, Jul 31, 2009"
3862,Portland International Jetport,Portland,United States,PWM,KPWM,43.646161,-70.309281,77,-5,A,"Portland, ME",783,775,806,806,4.754789272030655,15.24,61.0,174.0,"Sun, Jul 12, 2009","Fri, Jul 31, 2009"
4087,Rapid City Regional Airport,Rapid City,United States,RAP,KRAP,44.045278,-103.057222,3204,-7,A,"Rapid City, SD",376,372,379,378,4.180851063829786,11.236559139784946,14.0,94.0,"Sat, Jul 11, 2009","Mon, Jul  6, 2009"
4098,Redding Municipal,Redding,United States,RDD,KRDD,40.509,-122.293389,504,-8,A,"Redding, CA",123,123,123,123,3.7642276422764227,9.26829268292683,7.0,25.0,"Sun, Jul 19, 2009","Mon, Jul 20, 2009"
4103,Roberts Field,Redmond-Bend,United States,RDM,KRDM,44.254066,-121.149964,3077,-8,A,"Bend/Redmond, OR",275,275,275,275,3.6472727272727266,9.74545454545455,8.0,27.0,"Fri, Jul 24, 2009","Sun, Jul 12, 2009"
3626,Raleigh Durham International,Raleigh-durham,United States,RDU,KRDU,35.877639,-78.787472,435,-5,A,"Raleigh/Durham, NC",4843,4848,4932,4933,5.144538509188511,15.34364686468648,50.0,164.0,"Thu, Jul 30, 2009","Thu, Jul  2, 2009"
3608,Richmond International,Richmond,United States,RIC,KRIC,37.505167,-77.319667,167,-5,A,"Richmond, VA",1458,1459,1490,1492,6.061042524005487,16.672378341329704,28.0,144.0,"Fri, Jul 17, 2009","Fri, Jul 31, 2009"
5766,Rock Springs Sweetwater County Airport,Rock Springs,United States,RKS,KRKS,41.5942,-109.065,6760,-7,A,"Rock Springs, WY",149,149,150,150,2.953020134228188,9.355704697986576,6.0,23.0,"Sun, Jul 19, 2009","Sat, Jul 11, 2009"
3807,Reno Tahoe International,Reno,United States,RNO,KRNO,39.499108,-119.768108,4415,-8,A,"Reno, NV",1710,1708,1716,1717,4.845614035087723,10.204332552693216,39.0,76.0,"Tue, Jul 28, 2009","Wed, Jul 22, 2009"
4016,Roanoke Regional,Roanoke VA,United States,ROA,KROA,37.325472,-79.975417,1175,-5,A,"Roanoke, VA",347,347,357,357,4.858789625360233,15.403458213256485,20.0,89.0,"Fri, Jul 17, 2009","Fri, Jul 10, 2009"
3622,Greater Rochester International,Rochester,United States,ROC,KROC,43.118866,-77.672389,559,-5,A,"Rochester, NY",1225,1221,1239,1239,5.749387755102034,12.62325962325961,41.0,132.0,"Wed, Jul 29, 2009","Sat, Jul 11, 2009"
3736,Roswell International Air Center,Roswell,United States,ROW,KROW,33.301556,-104.530556,3671,-7,A,"Roswell, NM",87,87,89,89,4.540229885057472,9.011494252873566,11.0,40.0,"Wed, Jul  1, 2009","Mon, Jul 27, 2009"
4048,Rochester,Rochester,United States,RST,KRST,43.908283,-92.500014,1317,-6,A,"Rochester, MN",292,291,294,294,3.356164383561644,10.127147766323024,20.0,111.0,"Tue, Jul 14, 2009","Wed, Jul 22, 2009"
3793,Southwest Florida International,Fort Myers,United States,RSW,KRSW,26.536167,-81.755167,30,-5,A,"Fort Myers, FL",1786,1788,1793,1793,4.408734602463621,12.54138702460851,29.0,153.0,"Mon, Jul 27, 2009","Wed, Jul 29, 2009"
3784,Santa Fe Municipal,Santa Fe,United States,SAF,KSAF,35.617108,-106.089422,6348,-7,A,"Santa Fe, NM",31,31,31,31,5.967741935483871,9.096774193548388,11.0,47.0,"Sun, Jul  5, 2009","Sun, Jul  5, 2009"
3731,San Diego International,San Diego,United States,SAN,KSAN,32.733556,-117.189667,17,-8,A,"San Diego, CA",7522,7512,7553,7558,3.8322254719489486,13.775559105431302,55.0,114.0,"Sun, Jul 12, 2009","Sun, Jul 26, 2009"
3621,San Antonio International,San Antonio,United States,SAT,KSAT,29.533694,-98.469778,809,-6,A,"San Antonio, TX",3303,3296,3310,3310,3.7923100211928538,10.746662621359192,32.0,106.0,"Fri, Jul 17, 2009","Sun, Jul 19, 2009"
3613,Savannah Hilton Head International,Savannah,United States,SAV,KSAV,32.127583,-81.202139,51,-5,A,"Savannah, GA",1083,1082,1106,1105,6.168975069252079,16.114602587800356,81.0,122.0,"Mon, Jul 27, 2009","Thu, Jul 23, 2009"
3949,Santa Barbara Municipal,Santa Barbara,United States,SBA,KSBA,34.426211,-119.840372,10,-8,A,"Santa Barbara, CA",1004,1002,1012,1012,4.021912350597608,10.05688622754492,22.0,37.0,"Fri, Jul  3, 2009","Wed, Jul 22, 2009"
4359,South Bend Regional,South Bend,United States,SBN,KSBN,41.708661,-86.31725,799,-5,A,"South Bend, IN",445,440,453,453,3.7370786516853927,11.502272727272725,20.0,110.0,"Sat, Jul 11, 2009","Thu, Jul 23, 2009"
5768,San Luis County Regional Airport,San Luis Obispo,United States,SBP,KSBP,35.2368,-120.642,212,-8,A,"San Luis Obispo, CA",356,355,357,357,3.52247191011236,8.952112676056341,11.0,29.0,"Fri, Jul 17, 2009","Tue, Jul  7, 2009"
3620,Deadhorse,Deadhorse,United States,SCC,PASC,70.19475,-148.465167,64,-9,A,"Deadhorse, AK",61,62,62,62,3.557377049180328,5.709677419354839,6.0,26.0,"Sat, Jul 25, 2009","Mon, Jul 13, 2009"
4318,University Park Airport,State College Pennsylvania,United States,SCE,KUNV,40.849278,-77.848694,1239,-5,A,"State College, PA",88,88,89,89,6.7272727272727275,10.624999999999998,12.0,27.0,"Tue, Jul 21, 2009","Wed, Jul 15, 2009"
4014,Louisville International Airport,Louisville,United States,SDF,KSDF,38.1740858,-85.7364989,501,-5,A,"Louisville, KY",1670,1663,1678,1678,6.1688622754491,12.88454600120265,46.0,115.0,"Thu, Jul  2, 2009","Tue, Jul  7, 2009"
3577,Seattle Tacoma International,Seattle,United States,SEA,KSEA,47.449,-122.309306,433,-8,A,"Seattle, WA",9794,9796,9817,9822,7.568613436798046,15.938035933033843,63.0,83.0,"Tue, Jul  7, 2009","Sat, Jul 25, 2009"
3469,San Francisco International,San Francisco,United States,SFO,KSFO,37.618972,-122.374889,13,-8,A,"San Francisco, CA",12378,12397,12516,12509,5.846744223622549,17.269662015003707,66.0,85.0,"Sat, Jul 25, 2009","Thu, Jul 16, 2009"
4348,Springfield Branson National,Springfield,United States,SGF,KSGF,37.245667,-93.388639,1268,-6,A,"Springfield, MO",688,686,693,693,4.786337209302333,13.72303206997085,22.0,127.0,"Thu, Jul 23, 2009","Tue, Jul 28, 2009"
4064,St. George Municipal,Saint George,United States,SGU,KSGU,37.090583,-113.593056,2941,-7,A,"St. George, UT",258,258,258,258,3.666666666666667,9.182170542635658,7.0,27.0,"Fri, Jul  3, 2009","Fri, Jul 24, 2009"
3609,Shreveport Regional,Shreveport,United States,SHV,KSHV,32.446629,-93.8256,258,-6,A,"Shreveport, LA",377,374,391,391,5.344827586206894,11.05614973262031,15.0,67.0,"Tue, Jul 14, 2009","Sun, Jul 26, 2009"
3856,Sitka Rocky Gutierrez,Sitka,United States,SIT,PASI,57.047138,-135.361611,21,-9,A,"Sitka, AK",150,151,155,155,3.9133333333333336,11.76158940397351,10.0,30.0,"Tue, Jul 28, 2009","Mon, Jul 13, 2009"
3748,Norman Y. Mineta San Jose International,San Jose,United States,SJC,KSJC,37.3626,-121.929022,62,-8,A,"San Jose, CA",4309,4305,4354,4354,4.040380598746808,10.66922183507549,34.0,86.0,"Tue, Jul 14, 2009","Mon, Jul 27, 2009"
3708,San Angelo Regional-Mathis Field,San Angelo,United States,SJT,KSJT,31.35775,-100.496306,1919,-6,A,"San Angelo, TX",60,60,61,61,3.2333333333333334,7.45,5.0,23.0,"Tue, Jul  7, 2009","Wed, Jul 29, 2009"
3536,Salt Lake City International,Salt Lake City,United States,SLC,KSLC,40.788389,-111.977772,4227,-7,A,"Salt Lake City, UT",12590,12605,12642,12643,7.265766481334386,17.867036890122936,63.0,110.0,"Sat, Jul 18, 2009","Fri, Jul 31, 2009"
3817,Sacramento International,Sacramento,United States,SMF,KSMF,38.695417,-121.590778,27,-8,A,"Sacramento, CA",4052,4054,4076,4076,4.388203356367241,9.993093241243232,39.0,61.0,"Wed, Jul 29, 2009","Fri, Jul  3, 2009"
5772,Santa Maria Public-Captain G. Allan Hancock Airport,Santa Maria,United States,SMX,KSMX,34.8989,-120.457,261,-8,A,"Santa Maria, CA",116,114,117,117,3.5775862068965516,9.771929824561408,7.0,22.0,"Mon, Jul 20, 2009","Thu, Jul 23, 2009"
3867,John Wayne Airport Orange County,Santa Ana,United States,SNA,KSNA,33.675667,-117.868222,56,-8,A,"Santa Ana, CA",4088,4091,4133,4134,6.7076810176125194,12.993644585675876,83.0,101.0,"Sun, Jul 19, 2009","Sun, Jul 19, 2009"
4336,Abraham Lincoln Capital,Springfield,United States,SPI,KSPI,39.8441,-89.677889,597,-6,A,"Springfield, IL",136,136,137,137,3.3823529411764706,9.147058823529406,8.0,21.0,"Fri, Jul 24, 2009","Tue, Jul 28, 2009"
4067,Sarasota Bradenton International,Sarasota,United States,SRQ,KSRQ,27.395444,-82.554389,30,-5,A,"Sarasota/Bradenton, FL",429,427,432,432,4.797202797202796,12.292740046838407,31.0,98.0,"Wed, Jul  1, 2009","Tue, Jul 28, 2009"
3678,Lambert St. Louis International,St. Louis,United States,STL,KSTL,38.748697,-90.370028,618,-6,A,"St. Louis, MO",5530,5525,5571,5572,4.809584086799287,11.31710407239823,42.0,86.0,"Thu, Jul  2, 2009","Thu, Jul 30, 2009"
6494,Friedman Memorial,Hailey,United States,SUN,KSUN,43.504444,-114.296194,5320,-7,A,"Sun Valley/Hailey/Ketchum, ID",246,246,246,246,3.040650406504065,9.926829268292684,7.0,37.0,"Wed, Jul 29, 2009","Tue, Jul  7, 2009"
3661,Stewart International,Newburgh,United States,SWF,KSWF,41.504094,-74.104839,491,-5,A,"Newburgh/Poughkeepsie, NY",181,180,182,182,5.4254143646408854,16.89444444444445,21.0,117.0,"Sun, Jul 26, 2009","Fri, Jul 17, 2009"
3745,Syracuse Hancock International,Syracuse,United States,SYR,KSYR,43.111187,-76.106311,421,-5,A,"Syracuse, NY",821,821,833,832,4.752740560292326,15.26796589524971,26.0,134.0,"Tue, Jul 14, 2009","Thu, Jul  2, 2009"
3698,Tallahassee Regional,Tallahassee,United States,TLH,KTLH,30.396528,-84.350333,81,-5,A,"Tallahassee, FL",463,466,478,478,3.587473002159827,14.839055793991415,26.0,159.0,"Tue, Jul  7, 2009","Sun, Jul  5, 2009"
4040,Toledo,Toledo,United States,TOL,KTOL,41.586806,-83.807833,684,-5,A,"Toledo, OH",86,87,87,88,3.151162790697674,9.298850574712647,6.0,58.0,"Sun, Jul 12, 2009","Thu, Jul 23, 2009"
3646,Tampa International,Tampa,United States,TPA,KTPA,27.975472,-82.53325,26,-5,A,"Tampa, FL",5817,5818,5835,5836,4.672167784081145,13.442420075627364,67.0,123.0,"Sun, Jul 26, 2009","Thu, Jul 30, 2009"
4116,Tri-Cities Regional Airport,BRISTOL,United States,TRI,KTRI,36.4752222,-82.4074167,1519,-5,A,"Bristol/Johnson City/Kingsport, TN",285,283,294,293,4.147368421052633,15.657243816254416,16.0,75.0,"Thu, Jul  2, 2009","Fri, Jul 31, 2009"
3855,Tulsa International,Tulsa,United States,TUL,KTUL,36.198389,-95.888111,677,-6,A,"Tulsa, OK",1853,1849,1861,1863,4.661090124123053,11.633856138453222,65.0,180.0,"Thu, Jul 16, 2009","Tue, Jul  7, 2009"
3636,Tucson International,Tucson,United States,TUS,KTUS,32.116083,-110.941028,2643,-7,N,"Tucson, AZ",1867,1866,1877,1877,4.504552758435985,11.084137191854229,65.0,156.0,"Mon, Jul 20, 2009","Wed, Jul 29, 2009"
4023,Cherry Capital Airport,Traverse City,United States,TVC,KTVC,44.741445,-85.582235,624,-5,A,"Traverse City, MI",603,600,605,603,4.154228855721396,12.508333333333331,42.0,104.0,"Sat, Jul 11, 2009","Tue, Jul 21, 2009"
4263,Magic Valley Regional Airport,Twin Falls,United States,TWF,KTWF,42.481803,-114.487733,4151,-7,A,"Twin Falls, ID",124,124,124,124,3.306451612903226,8.451612903225813,6.0,25.0,"Mon, Jul 27, 2009","Wed, Jul 15, 2009"
3770,Texarkana Regional-Webb Field,Texarkana,United States,TXK,KTXK,33.453722,-93.991028,390,-6,A,"Texarkana, AR",117,117,123,124,3.1709401709401708,7.3931623931623935,8.0,16.0,"Fri, Jul  3, 2009","Thu, Jul 30, 2009"
3848,Tyler Pounds Regional,Tyler,United States,TYR,KTYR,32.354139,-95.402386,544,-6,A,"Tyler, TX",117,117,124,124,3.914529914529914,8.23076923076923,10.0,22.0,"Thu, Jul 16, 2009","Sun, Jul  5, 2009"
3676,McGhee Tyson,Knoxville,United States,TYS,KTYS,35.810972,-83.994028,981,-5,A,"Knoxville, TN",1351,1347,1369,1371,4.190969652109547,14.639940608760213,35.0,160.0,"Wed, Jul 29, 2009","Fri, Jul 31, 2009"
5776,Valdosta Regional Airport,Valdosta,United States,VLD,KVLD,30.7825,-83.2767,203,-5,A,"Valdosta, GA",92,92,92,92,4.032608695652174,13.13043478260869,7.0,55.0,"Thu, Jul  2, 2009","Thu, Jul 23, 2009"
3873,Eglin AFB,Valparaiso,United States,VPS,KVPS,30.48325,-86.5254,87,-6,A,"Valparaiso, FL",611,612,623,624,6.985270049099836,13.8921568627451,37.0,79.0,"Wed, Jul 29, 2009","Sun, Jul 12, 2009"
5969,Wrangell Airport,Wrangell,United States,WRG,PAWG,56.4843,-132.37,44,-9,A,"Wrangell, AK",59,60,62,62,3.3220338983050848,9.433333333333337,5.0,20.0,"Sun, Jul  5, 2009","Thu, Jul 23, 2009"
7072,Yellowstone Airport,West Yellowstone,United States,WYS,KWYS,44.688333,-111.1175,6644,-7,A,"West Yellowstone, MT",70,70,70,70,4.014285714285714,9.114285714285714,15.0,16.0,"Wed, Jul  1, 2009","Tue, Jul 21, 2009"
4356,NW Arkansas Regional,Bentonville,United States,XNA,KXNA,36.2818694,-94.3068111,1287,-6,A,"Fayetteville, AR",1202,1201,1230,1230,4.79783693843595,13.776019983347211,33.0,124.0,"Sat, Jul  4, 2009","Tue, Jul 28, 2009"
6803,Yakutat,Yakutat,United States,YAK,PAYA,59.3012,-139.3937,33,-9,A,"Yakutat, AK",62,62,62,62,3.435483870967742,9.064516129032256,6.0,24.0,"Fri, Jul 17, 2009","Fri, Jul 10, 2009"
3596,Yuma MCAS Yuma International,Yuma,United States,YUM,KYUM,32.656578,-114.60598,216,-7,N,"Yuma, AZ",232,233,240,240,5.0732758620689635,13.15450643776824,19.0,40.0,"Sun, Jul 12, 2009","Mon, Jul 20, 2009"
2883,Cyril E. King,St. Thomas,Virgin Islands,STT,TIST,18.337306,-64.973361,23,-4,U,"Charlotte Amalie, VI",267,266,267,266,5.764044943820226,14.007518796992482,39.0,56.0,"Fri, Jul 24, 2009","Wed, Jul  1, 2009"
2884,Henry E. Rohlsen,St. Croix Island,Virgin Islands,STX,TISX,17.701889,-64.798556,74,-4,U,"Christiansted, VI",35,35,35,35,3.6,11.742857142857142,12.0,41.0,"Tue, Jul 21, 2009","Fri, Jul 17, 2009"
2885,Rafael Hernndez,Aguadilla,Puerto Rico,BQN,TJBQ,18.494861,-67.129444,237,-4,U,"Aguadilla, PR",155,154,155,155,4.425806451612906,11.168831168831169,10.0,31.0,"Mon, Jul 20, 2009","Mon, Jul  6, 2009"
2889,Aeropuerto Mercedita,Ponce,Puerto Rico,PSE,TJPS,18.008306,-66.563028,29,-4,U,"Ponce, PR",61,62,62,62,4.573770491803279,12.193548387096776,9.0,34.0,"Wed, Jul 22, 2009","Tue, Jul 28, 2009"
2890,Luis Muoz Marn International,San Juan,Puerto Rico,SJU,TJSJ,18.439417,-66.001833,9,-4,U,"San Juan, PR",1946,1940,1961,1957,5.979958890030831,14.2701030927835,39.0,61.0,"Tue, Jul 21, 2009","Tue, Jul 21, 2009"
