airport_id,name,city,country,iata_faa,iaco,latitude,longitude,altitude,zone,dst,city_state,avg_able_landings,avg_able_takeoffs,total_landings,total_takeoffs,avg_taxi_in,avg_taxi_out,longest_taxi_in,longest_taxi_out,lng_tx_in_date,lng_tx_out_date
4355,Lehigh Valley International,Allentown,United States,ABE,KABE,40.652083,-75.440806,393,-5,A,"Allentown/Bethlehem/Easton, PA",360,358,365,365,4.188888888888891,11.899441340782124,12.0,38.0,"Mon, Aug 17, 2009","Mon, Aug 31, 2009"
3718,Abilene Regional,Abilene,United States,ABI,KABI,32.411319,-99.681897,1791,-6,A,"Abilene, TX",212,211,212,212,3.4858490566037736,8.127962085308063,9.0,96.0,"Wed, Aug 19, 2009","Fri, Aug 21, 2009"
4019,Albuquerque International Sunport,Albuquerque,United States,ABQ,KABQ,35.0402222,-106.6091944,5355,-7,A,"Albuquerque, NM",3118,3115,3126,3126,5.2132777421424095,9.555377207062579,45.0,65.0,"Sat, Aug  1, 2009","Mon, Aug  3, 2009"
5715,Southwest Georgia Regional Airport,Albany,United States,ABY,KABY,31.5355,-84.1945,197,-5,A,"Albany, GA",84,84,86,86,3.4285714285714284,11.440476190476193,5.0,50.0,"Fri, Aug 14, 2009","Sat, Aug 29, 2009"
3517,Nantucket Memorial,Nantucket,United States,ACK,KACK,41.253053,-70.060181,48,-5,A,"Nantucket, MA",100,98,104,104,5.84,17.877551020408163,17.0,104.0,"Fri, Aug 28, 2009","Sun, Aug  9, 2009"
3700,Waco Regional,Waco,United States,ACT,KACT,31.611289,-97.230519,516,-6,A,"Waco, TX",116,117,120,121,3.836206896551724,8.017094017094015,11.0,25.0,"Sun, Aug 16, 2009","Sat, Aug  1, 2009"
4384,Arcata,Arcata CA,United States,ACV,KACV,40.978111,-124.108611,221,-8,A,"Arcata/Eureka, CA",280,279,292,295,4.253571428571427,9.121863799283144,10.0,45.0,"Sat, Aug  1, 2009","Wed, Aug  5, 2009"
3524,Atlantic City International,Atlantic City,United States,ACY,KACY,39.457583,-74.577167,75,-5,A,"Atlantic City, NJ",76,77,76,77,4.592105263157895,11.88311688311688,9.0,51.0,"Sun, Aug  2, 2009","Sat, Aug 22, 2009"
5959,Adak Airport,Adak Island,United States,ADK,PADK,51.878,-176.646,18,-10,A,"Adak Island, AK",9,9,9,9,4.777777777777778,5.888888888888889,5.0,8.0,"Sun, Aug  2, 2009","Sun, Aug 30, 2009"
3531,Kodiak,Kodiak,United States,ADQ,PADQ,57.749967,-152.493856,78,-9,A,"Kodiak, AK",55,55,57,57,3.909090909090909,6.618181818181818,9.0,28.0,"Sat, Aug 29, 2009","Tue, Aug  4, 2009"
3852,Alexandria International,Alexandria,United States,AEX,KAEX,31.3274,-92.549833,89,-6,A,"Alexandria, LA",259,259,263,263,3.416988416988417,12.003861003861006,9.0,78.0,"Wed, Aug  5, 2009","Sun, Aug 16, 2009"
3658,Augusta Regional At Bush Field,Bush Field,United States,AGS,KAGS,33.369944,-81.9645,144,-5,A,"Augusta, GA",280,279,285,285,3.4071428571428566,20.612903225806466,7.0,112.0,"Sat, Aug 29, 2009","Sat, Aug  8, 2009"
3794,King Salmon,King Salmon,United States,AKN,PAKN,58.676778,-156.649278,68,-9,A,"King Salmon, AK",22,22,22,22,3.0,4.909090909090908,4.0,8.0,"Sun, Aug  2, 2009","Mon, Aug 10, 2009"
3864,Albany International,Albany,United States,ALB,KALB,42.748267,-73.801692,285,-5,A,"Albany, NY",1146,1139,1154,1154,4.472949389179753,13.633011413520629,33.0,70.0,"Thu, Aug  6, 2009","Fri, Aug 28, 2009"
5718,Waterloo Regional Airport,Waterloo,United States,ALO,KALO,42.5571,-92.4003,873,-6,A,"Waterloo, IA",13,13,16,17,3.8461538461538463,14.0,5.0,27.0,"Sun, Aug  2, 2009","Mon, Aug 10, 2009"
3840,Rick Husband Amarillo International,Amarillo,United States,AMA,KAMA,35.219369,-101.705931,3607,-6,A,"Amarillo, TX",588,587,590,590,4.6751700680272075,8.132879045996601,54.0,51.0,"Thu, Aug 27, 2009","Mon, Aug 31, 2009"
3774,Ted Stevens Anchorage International,Anchorage,United States,ANC,PANC,61.174361,-149.996361,152,-9,A,"Anchorage, AK",1957,1964,1972,1973,4.794072560040873,12.479633401221992,72.0,60.0,"Thu, Aug 13, 2009","Thu, Aug 13, 2009"
7001,Aspen/Pitkin County-Sardy Field,Aspen,United States,ASE,KASE,39.2232,-106.869,7820,-7,A,"Aspen, CO",415,415,422,422,2.8843373493975917,8.544578313253025,29.0,39.0,"Thu, Aug  6, 2009","Sun, Aug 23, 2009"
3682,Hartsfield Jackson Atlanta International,Atlanta,United States,ATL,KATL,33.636719,-84.428067,1026,-5,A,"Atlanta, GA",37057,37152,37499,37476,11.187926707504637,22.061046511627918,90.0,253.0,"Wed, Aug 26, 2009","Wed, Aug 12, 2009"
4047,Appleton,Appleton,United States,ATW,KATW,44.257526,-88.507576,680,-6,A,"Appleton, WI",474,474,478,479,4.06118143459916,11.187763713080168,16.0,52.0,"Mon, Aug 31, 2009","Fri, Aug 28, 2009"
3673,Austin Bergstrom International,Austin,United States,AUS,KAUS,30.194528,-97.669889,542,-6,A,"Austin, TX",3584,3580,3595,3595,5.501953125,11.191620111731833,72.0,129.0,"Wed, Aug 12, 2009","Sat, Aug  1, 2009"
4007,Asheville Regional Airport,Asheville,United States,AVL,KAVL,35.436194,-82.541806,2165,-5,A,"Asheville, NC",412,408,415,414,4.063106796116504,18.7107843137255,42.0,86.0,"Mon, Aug 17, 2009","Fri, Aug 28, 2009"
4286,Wilkes Barre Scranton International,Scranton,United States,AVP,KAVP,41.338478,-75.723403,962,-5,A,"Scranton/Wilkes-Barre, PA",196,197,197,198,3.872448979591837,13.49238578680203,11.0,62.0,"Mon, Aug 10, 2009","Sun, Aug 30, 2009"
4039,Kalamazoo,Kalamazoo,United States,AZO,KAZO,42.234875,-85.552058,874,-5,A,"Kalamazoo, MI",323,322,329,329,3.984520123839012,11.751552795031053,29.0,176.0,"Mon, Aug 17, 2009","Sun, Aug  9, 2009"
3825,Bradley International,Windsor Locks,United States,BDL,KBDL,41.938889,-72.683222,173,-5,A,"Hartford, CT",2044,2037,2063,2065,5.328277886497061,15.088856161021116,31.0,141.0,"Fri, Aug 28, 2009","Fri, Aug 28, 2009"
3599,Bethel,Bethel,United States,BET,PABE,60.779778,-161.838,121,-9,A,"Bethel, AK",85,85,88,88,3.4823529411764707,6.0588235294117645,5.0,16.0,"Mon, Aug 10, 2009","Fri, Aug 21, 2009"
3558,Meadows Field,Bakersfield,United States,BFL,KBFL,35.433598,-119.05677,507,-8,A,"Bakersfield, CA",300,300,300,300,5.293333333333333,10.70333333333333,26.0,25.0,"Wed, Aug  5, 2009","Tue, Aug  4, 2009"
4129,Greater Binghamton-Edwin A. Link Field,Binghamton,United States,BGM,KBGM,42.208689,-75.979839,1636,-5,A,"Binghamton, NY",56,55,57,57,4.446428571428572,12.854545454545455,10.0,109.0,"Sat, Aug 15, 2009","Tue, Aug 25, 2009"
3463,Bangor International,Bangor,United States,BGR,KBGR,44.807444,-68.828139,192,-5,A,"Bangor, ME",208,209,217,216,5.894230769230768,17.248803827751193,25.0,62.0,"Sat, Aug 29, 2009","Tue, Aug  4, 2009"
3811,Birmingham International,Birmingham,United States,BHM,KBHM,33.562942,-86.75355,644,-6,A,"Birmingham, AL",1840,1843,1858,1859,3.5233695652173913,13.465002712967983,17.0,116.0,"Fri, Aug 14, 2009","Sun, Aug  2, 2009"
4021,Billings Logan International Airport,Billings,United States,BIL,KBIL,45.80921,-108.537654,3652,-7,A,"Billings, MT",415,415,417,418,4.739759036144577,12.036144578313257,33.0,84.0,"Wed, Aug 26, 2009","Mon, Aug 31, 2009"
4083,Bismarck Municipal Airport,Bismarck,United States,BIS,KBIS,46.775842,-100.757931,1661,-6,A,"Bismarck/Mandan, ND",274,274,279,279,4.043795620437955,10.558394160583939,17.0,41.0,"Sat, Aug 22, 2009","Fri, Aug 21, 2009"
4287,Bemidji Regional Airport,Bemidji,United States,BJI,KBJI,47.510722,-94.934722,1391,-6,A,"Bemidji, MN",12,12,12,12,5.666666666666667,14.833333333333334,9.0,46.0,"Mon, Aug  3, 2009","Mon, Aug  3, 2009"
6962,Branson LLC,Branson,United States,BKG,KBBG,36.531994,-93.200556,1302,-6,A,"Branson, MO",62,62,62,62,4.951612903225806,14.564516129032258,8.0,87.0,"Tue, Aug  4, 2009","Tue, Aug 18, 2009"
3777,Bellingham International,Bellingham,United States,BLI,KBLI,48.792694,-122.537528,170,-8,A,"Bellingham, WA",18,18,18,18,6.611111111111111,9.277777777777779,15.0,20.0,"Fri, Aug 21, 2009","Thu, Aug  6, 2009"
4037,Central Illinois Regional,Bloomington,United States,BMI,KBMI,40.477111,-88.915917,871,-6,A,"Bloomington/Normal, IL",437,437,447,448,4.308924485125859,12.205949656750576,12.0,108.0,"Mon, Aug 17, 2009","Sun, Aug 30, 2009"
3690,Nashville International,Nashville,United States,BNA,KBNA,36.124472,-86.678194,599,-6,A,"Nashville, TN",4744,4743,4788,4796,6.125421585160211,11.521610794855578,38.0,99.0,"Sun, Aug 16, 2009","Wed, Aug 19, 2009"
3495,Boise Air Terminal,Boise,United States,BOI,KBOI,43.564361,-116.222861,2871,-7,A,"Boise, ID",1119,1116,1121,1121,3.7819481680071476,10.451612903225813,25.0,96.0,"Wed, Aug 12, 2009","Thu, Aug 27, 2009"
3448,General Edward Lawrence Logan International,Boston,United States,BOS,KBOS,42.364347,-71.005181,19,-5,A,"Boston, MA",9513,9502,9701,9694,7.499421843792711,19.72658387707852,73.0,252.0,"Fri, Aug 28, 2009","Fri, Aug 21, 2009"
5725,Brunswick Golden Isles Airport,Brunswick,United States,BQK,KBQK,31.2588,-81.4665,26,-5,A,"Brunswick, GA",82,81,84,84,3.0609756097560976,11.308641975308642,7.0,41.0,"Tue, Aug 11, 2009","Thu, Aug 20, 2009"
3738,Brownsville South Padre Island International,Brownsville,United States,BRO,KBRO,25.906833,-97.425861,22,-6,A,"Brownsville, TX",260,261,261,262,4.3961538461538465,10.697318007662831,12.0,105.0,"Mon, Aug 24, 2009","Wed, Aug 12, 2009"
3571,Wiley Post Will Rogers Memorial,Barrow,United States,BRW,PABR,71.285446,-156.766003,44,-9,A,"Barrow, AK",69,71,71,71,4.072463768115943,4.971830985915493,7.0,15.0,"Wed, Aug  5, 2009","Wed, Aug 12, 2009"
4022,Bert Mooney Airport,Butte,United States,BTM,KBTM,45.954806,-112.497472,5550,-7,A,"Butte, MT",60,60,60,60,3.9833333333333343,7.783333333333333,7.0,14.0,"Wed, Aug  5, 2009","Sat, Aug  8, 2009"
3846,Baton Rouge Metro-Ryan Field,Baton Rouge,United States,BTR,KBTR,30.533167,-91.149639,70,-6,A,"Baton Rouge, LA",805,804,813,816,4.008695652173908,10.848258706467663,21.0,74.0,"Fri, Aug  7, 2009","Fri, Aug 14, 2009"
3711,Burlington International,Burlington,United States,BTV,KBTV,44.471861,-73.153278,335,-5,A,"Burlington, VT",619,617,632,631,4.691437802907915,16.10696920583469,24.0,104.0,"Fri, Aug 14, 2009","Wed, Aug 19, 2009"
3820,Buffalo Niagara International,Buffalo,United States,BUF,KBUF,42.940525,-78.732167,724,-5,A,"Buffalo, NY",2145,2147,2172,2173,4.389277389277384,12.325570563577077,42.0,100.0,"Sat, Aug 22, 2009","Sun, Aug 23, 2009"
3644,Bob Hope,Burbank,United States,BUR,KBUR,34.200667,-118.358667,778,-8,A,"Burbank, CA",2335,2333,2371,2371,2.7914346895074926,10.86798114016288,24.0,92.0,"Mon, Aug 31, 2009","Sun, Aug  2, 2009"
3849,Baltimore Washington International,Baltimore,United States,BWI,KBWI,39.175361,-76.668333,146,-5,A,"Baltimore, MD",8879,8874,8916,8919,6.452866313774082,14.57031778228534,92.0,176.0,"Fri, Aug 21, 2009","Tue, Aug 11, 2009"
4020,Gallatin Field,Bozeman,United States,BZN,KBZN,45.777643,-111.160151,4500,-7,A,"Bozeman, MT",381,381,382,382,4.614173228346455,12.821522309711291,33.0,48.0,"Sat, Aug  8, 2009","Wed, Aug 12, 2009"
3561,Columbia Metropolitan,Colombia,United States,CAE,KCAE,33.938833,-81.119528,236,-5,A,"Columbia, SC",838,839,848,850,3.991646778042956,15.041716328963052,45.0,100.0,"Thu, Aug 20, 2009","Sun, Aug 30, 2009"
4112,Akron Canton Regional Airport,Akron,United States,CAK,KCAK,40.9160833,-81.4421944,1228,-5,A,"Akron, OH",770,767,778,778,4.464935064935066,12.537157757496743,18.0,134.0,"Mon, Aug 24, 2009","Mon, Aug 17, 2009"
3824,Cedar City Regional,Cedar City,United States,CDC,KCDC,37.700967,-113.098847,5622,-7,A,"Cedar City, UT",18,18,18,18,2.277777777777778,7.222222222222222,4.0,20.0,"Mon, Aug  3, 2009","Sun, Aug 30, 2009"
3610,Merle K. Mudhole Smith,Cordova,United States,CDV,PACV,60.491778,-145.477556,48,-9,A,"Cordova, AK",62,62,62,62,3.532258064516129,9.548387096774196,6.0,26.0,"Tue, Aug 25, 2009","Sun, Aug  2, 2009"
5727,Del Norte County Airport,Crescent City,United States,CEC,KCEC,41.7802,-124.237,57,-8,A,"Crescent City, CA",87,85,93,91,3.160919540229885,12.270588235294118,6.0,49.0,"Wed, Aug 26, 2009","Wed, Aug 19, 2009"
3578,Lovell Field,Chattanooga,United States,CHA,KCHA,35.035278,-85.203808,683,-5,A,"Chattanooga, TN",375,377,378,380,3.5146666666666673,16.429708222811676,12.0,104.0,"Tue, Aug 18, 2009","Wed, Aug 26, 2009"
4015,Charlottesville-Albemarle,Charlottesville VA,United States,CHO,KCHO,38.138639,-78.452861,639,-5,A,"Charlottesville, VA",129,129,135,136,3.9999999999999982,12.186046511627907,12.0,41.0,"Wed, Aug 26, 2009","Sat, Aug  8, 2009"
3806,Charleston AFB International,Charleston,United States,CHS,KCHS,32.898647,-80.040528,45,-5,A,"Charleston, SC",1211,1209,1235,1236,6.684558216350125,17.2679900744417,21.0,133.0,"Sat, Aug 29, 2009","Sun, Aug  2, 2009"
3710,Chico Municipal,Chico,United States,CIC,KCIC,39.795383,-121.858422,238,-8,A,"Chico, CA",121,121,124,124,3.4545454545454546,9.231404958677684,14.0,34.0,"Thu, Aug  6, 2009","Mon, Aug 31, 2009"
4043,Cedar Rapids,Cedar Rapids,United States,CID,KCID,41.884694,-91.710806,869,-6,A,"Cedar Rapids/Iowa City, IA",740,734,759,760,5.690540540540543,10.005449591280662,36.0,76.0,"Fri, Aug 28, 2009","Wed, Aug 26, 2009"
4088,McClellan-Palomar Airport,Carlsbad,United States,CLD,KCRQ,33.0742,-117.1648,328,-8,A,"Carlsbad, CA",191,190,192,192,3.7905759162303663,8.415789473684221,10.0,21.0,"Tue, Aug 11, 2009","Thu, Aug 13, 2009"
3486,Cleveland Hopkins International,Cleveland,United States,CLE,KCLE,41.411689,-81.849794,791,-5,A,"Cleveland, OH",4959,4961,5001,5001,5.970356926799753,12.596250755896016,43.0,179.0,"Mon, Aug 17, 2009","Wed, Aug 12, 2009"
3715,Easterwood Field,College Station,United States,CLL,KCLL,30.588583,-96.363833,321,-6,A,"College Station/Bryan, TX",89,89,93,93,4.0561797752809,7.831460674157303,7.0,24.0,"Thu, Aug 20, 2009","Sat, Aug 22, 2009"
3876,Charlotte Douglas International,Charlotte,United States,CLT,KCLT,35.214,-80.943139,748,-5,A,"Charlotte, NC",9885,9907,10025,10028,7.112291350531091,20.670535984657377,72.0,179.0,"Wed, Aug  5, 2009","Fri, Aug 21, 2009"
3759,Port Columbus International,Columbus,United States,CMH,KCMH,39.997972,-82.891889,815,-5,A,"Columbus, OH",2561,2559,2580,2582,4.8481062085122915,11.454474404064074,33.0,100.0,"Mon, Aug 10, 2009","Wed, Aug 12, 2009"
4049,Champaign,Champaign,United States,CMI,KCMI,40.03925,-88.278056,754,-6,A,"Champaign/Urbana, IL",173,173,176,176,3.520231213872832,10.098265895953762,7.0,114.0,"Sun, Aug 16, 2009","Sun, Aug  9, 2009"
5732,Houghton County Memorial Airport,Hancock,United States,CMX,KCMX,47.1684,-88.4891,1095,-5,A,"Hancock/Houghton, MI",35,33,35,35,6.885714285714286,17.848484848484848,13.0,65.0,"Thu, Aug 13, 2009","Sun, Aug 30, 2009"
4344,Yellowstone Regional,Cody,United States,COD,KCOD,44.520194,-109.023806,5102,-7,A,"Cody, WY",93,93,93,93,3.9354838709677433,11.13978494623656,7.0,56.0,"Thu, Aug  6, 2009","Mon, Aug 17, 2009"
3819,City Of Colorado Springs Municipal,Colorado Springs,United States,COS,KCOS,38.805805,-104.700778,6187,-7,A,"Colorado Springs, CO",1195,1194,1204,1205,6.5129707112970685,14.348408710217756,30.0,104.0,"Tue, Aug  4, 2009","Thu, Aug  6, 2009"
3872,Natrona County International,Casper,United States,CPR,KCPR,42.908,-106.464417,5347,-7,A,"Casper, WY",226,224,228,228,3.4026548672566377,9.370535714285722,12.0,25.0,"Sat, Aug 22, 2009","Sun, Aug 16, 2009"
3744,Corpus Christi International,Corpus Christi,United States,CRP,KCRP,27.770361,-97.501222,44,-6,A,"Corpus Christi, TX",508,506,511,510,4.021653543307089,9.835968379446644,21.0,62.0,"Wed, Aug 26, 2009","Fri, Aug 28, 2009"
4285,Yeager,Charleston,United States,CRW,KCRW,38.373147,-81.593189,981,-5,A,"Charleston/Dunbar, WV",287,285,296,297,2.9268292682926815,13.049122807017543,8.0,75.0,"Mon, Aug 31, 2009","Fri, Aug 14, 2009"
4255,Columbus Metropolitan Airport,Columbus,United States,CSG,KCSG,32.5163333,-84.9388611,397,-5,A,"Columbus, GA",108,107,110,110,3.1944444444444433,13.532710280373832,15.0,80.0,"Sun, Aug  9, 2009","Thu, Aug 27, 2009"
3488,Cincinnati Northern Kentucky International,Cincinnati,United States,CVG,KCVG,39.048836,-84.667822,896,-5,A,"Cincinnati, OH",4423,4450,4502,4498,5.457607958399276,15.504719101123602,34.0,133.0,"Tue, Aug  4, 2009","Wed, Aug 19, 2009"
4045,Central Wisconsin,Wassau,United States,CWA,KCWA,44.772726,-89.646635,840,-6,A,"Mosinee, WI",260,260,263,263,3.919230769230769,10.42307692307692,21.0,45.0,"Mon, Aug  3, 2009","Sun, Aug  9, 2009"
3950,Daytona Beach International,Daytona Beach,United States,DAB,KDAB,29.179917,-81.058056,34,-5,A,"Daytona Beach, FL",229,228,232,232,2.9344978165938875,14.710526315789474,6.0,116.0,"Wed, Aug  5, 2009","Tue, Aug 18, 2009"
3502,Dallas Love Field,Dallas,United States,DAL,KDAL,32.847111,-96.851778,487,-6,A,"Dallas, TX",3977,3991,4023,4024,3.8302740759366376,9.17088449010273,28.0,145.0,"Wed, Aug  5, 2009","Wed, Aug 12, 2009"
3627,James M. Cox Dayton International,Dayton,United States,DAY,KDAY,39.902375,-84.219375,1009,-5,A,"Dayton, OH",1278,1274,1287,1287,5.102503912363065,12.1679748822606,21.0,89.0,"Tue, Aug  4, 2009","Wed, Aug 12, 2009"
4388,Dubuque Regional,Dubuque IA,United States,DBQ,KDBQ,42.402,-90.709472,1076,-6,A,"Dubuque, IA",85,84,88,88,3.6470588235294117,11.869047619047619,16.0,45.0,"Mon, Aug  3, 2009","Wed, Aug 26, 2009"
3520,Ronald Reagan Washington National,Washington,United States,DCA,KDCA,38.852083,-77.037722,15,-5,A,"Washington, DC",6571,6564,6695,6696,5.574950540252623,19.09460694698351,138.0,240.0,"Sat, Aug 22, 2009","Fri, Aug 21, 2009"
3751,Denver International,Denver,United States,DEN,KDEN,39.861656,-104.673178,5431,-7,A,"Denver, CO",21205,21228,21343,21350,8.285404385758003,15.49255700018843,99.0,144.0,"Thu, Aug  6, 2009","Tue, Aug 18, 2009"
3670,Dallas Fort Worth International,Dallas-fort Worth,United States,DFW,KDFW,32.896828,-97.037997,607,-6,A,"Dallas/Fort Worth, TX",22996,23027,23267,23263,9.71908157940507,14.945194771355366,73.0,189.0,"Tue, Aug 11, 2009","Sun, Aug 16, 2009"
3739,Dothan Regional,Dothan,United States,DHN,KDHN,31.321339,-85.449628,401,-6,A,"Dothan, AL",114,112,119,119,3.175438596491228,13.830357142857142,6.0,47.0,"Sat, Aug 29, 2009","Thu, Aug 27, 2009"
3460,Dillingham,Dillingham,United States,DLG,PADL,59.044667,-158.5055,74,-9,A,"Dillingham, AK",22,22,22,22,3.5454545454545454,7.545454545454546,5.0,19.0,"Mon, Aug  3, 2009","Tue, Aug 11, 2009"
3598,Duluth International,Duluth,United States,DLH,KDLH,46.842091,-92.193649,1428,-6,A,"Duluth, MN",166,167,173,173,5.210843373493975,11.431137724550895,21.0,55.0,"Wed, Aug 12, 2009","Fri, Aug 28, 2009"
3713,Durango La Plata County,Durango,United States,DRO,KDRO,37.151516,-107.75377,6685,-7,A,"Durango, CO",301,301,308,309,3.8538205980066444,9.119601328903654,15.0,32.0,"Sun, Aug  2, 2009","Thu, Aug 27, 2009"
3729,Des Moines International,Des Moines,United States,DSM,KDSM,41.533972,-93.663083,958,-6,A,"Des Moines, IA",1276,1274,1292,1292,4.316614420062691,11.372841444270016,23.0,78.0,"Fri, Aug  7, 2009","Fri, Aug 28, 2009"
3645,Detroit Metro Wayne County,Detroit,United States,DTW,KDTW,42.212444,-83.353389,645,-5,A,"Detroit, MI",13106,13152,13279,13266,11.068518235922488,22.36389902676394,82.0,175.0,"Sat, Aug  8, 2009","Thu, Aug 20, 2009"
5736,Elko Regional Airport,Elko,United States,EKO,KEKO,40.8249,-115.792,5140,-8,A,"Elko, NV",118,118,119,119,4.076271186440679,10.186440677966104,7.0,27.0,"Sun, Aug 30, 2009","Wed, Aug 12, 2009"
3946,Elmira Corning Regional,Elmira,United States,ELM,KELM,42.159889,-76.891611,954,-5,A,"Elmira/Corning, NY",111,111,112,112,5.027027027027027,13.765765765765765,11.0,111.0,"Sat, Aug 22, 2009","Wed, Aug 26, 2009"
3559,El Paso International,El Paso,United States,ELP,KELP,31.80725,-106.377583,3958,-7,A,"El Paso, TX",1861,1859,1865,1864,3.84846856528748,10.21516944593867,26.0,147.0,"Sat, Aug 22, 2009","Wed, Aug 12, 2009"
4276,Erie International-Tom Ridge Field,Erie,United States,ERI,KERI,42.082022,-80.176217,733,-5,A,"Erie, PA",104,104,104,104,5.048076923076923,16.528846153846143,9.0,59.0,"Tue, Aug  4, 2009","Fri, Aug 28, 2009"
4099,Mahlon Sweet Field,Eugene,United States,EUG,KEUG,44.124583,-123.211972,374,-8,A,"Eugene, OR",466,465,470,470,3.566523605150215,10.156989247311824,9.0,30.0,"Wed, Aug 19, 2009","Fri, Aug  7, 2009"
4018,Evansville Regional,Evansville,United States,EVV,KEVV,38.036997,-87.532364,418,-6,A,"Evansville, IN",399,400,406,407,3.769423558897243,9.722499999999991,10.0,103.0,"Mon, Aug 10, 2009","Mon, Aug 17, 2009"
3730,Craven County Regional,New Bern,United States,EWN,KEWN,35.072972,-77.042944,18,-5,A,"New Bern/Morehead/Beaufort, NC",103,103,103,103,2.8058252427184467,8.999999999999998,5.0,29.0,"Fri, Aug 21, 2009","Mon, Aug 17, 2009"
3494,Newark Liberty International,Newark,United States,EWR,KEWR,40.6925,-74.168667,18,-5,A,"Newark, NJ",9906,9917,10033,10040,9.578538259640643,29.52082282948471,67.0,206.0,"Fri, Aug 21, 2009","Mon, Aug 10, 2009"
3875,Key West International,Key West,United States,EYW,KEYW,24.556111,-81.759556,3,-5,A,"Key West, FL",97,96,97,97,2.75257731958763,9.895833333333336,6.0,59.0,"Mon, Aug  3, 2009","Sun, Aug 30, 2009"
3832,Fairbanks International,Fairbanks,United States,FAI,PAFA,64.815114,-147.856267,434,-9,A,"Fairbanks, AK",415,415,433,433,3.4289156626506028,12.151807228915658,14.0,56.0,"Tue, Aug 11, 2009","Mon, Aug  3, 2009"
4292,Hector International Airport,Fargo,United States,FAR,KFAR,46.92065,-96.8157639,902,-6,A,"Fargo, ND",465,465,472,473,4.6236559139784985,13.438709677419356,18.0,62.0,"Wed, Aug 12, 2009","Sun, Aug 30, 2009"
3687,Fresno Yosemite International,Fresno,United States,FAT,KFAT,36.776194,-119.71814,336,-8,A,"Fresno, CA",1086,1087,1092,1092,4.499999999999999,11.962281508739647,15.0,66.0,"Fri, Aug  7, 2009","Fri, Aug 21, 2009"
5738,Fayetteville Regional-Grannis Field,Fayetteville,United States,FAY,KFAY,34.9912,-78.8803,189,-5,A,"Fayetteville, NC",252,250,256,256,4.607142857142857,15.823999999999991,33.0,181.0,"Sun, Aug  2, 2009","Mon, Aug 24, 2009"
4127,Glacier Park International,Kalispell,United States,FCA,KFCA,48.310472,-114.256,2977,-7,A,"Kalispell, MT",196,198,196,198,4.204081632653061,12.540404040404038,8.0,30.0,"Sun, Aug  2, 2009","Sat, Aug  1, 2009"
4261,Flagstaff Pulliam Airport,Flagstaff,United States,FLG,KFLG,35.140318,-111.6692392,7015,-7,N,"Flagstaff, AZ",152,152,153,153,5.973684210526317,14.993421052631579,15.0,32.0,"Sun, Aug  9, 2009","Sat, Aug  8, 2009"
3533,Fort Lauderdale Hollywood International,Fort Lauderdale,United States,FLL,KFLL,26.072583,-80.15275,9,-5,A,"Fort Lauderdale, FL",4989,4990,5002,5005,4.506714772499501,15.634669338677348,58.0,101.0,"Sat, Aug 29, 2009","Tue, Aug 11, 2009"
3879,Florence Regional,Florence,United States,FLO,KFLO,34.185361,-79.723889,146,-5,A,"Florence, SC",86,86,86,86,4.616279069767443,15.174418604651162,10.0,42.0,"Fri, Aug  7, 2009","Sun, Aug  2, 2009"
4089,Bishop International,Flint,United States,FNT,KFNT,42.965424,-83.743629,782,-5,A,"Flint, MI",742,742,757,758,4.331536388140163,10.508086253369267,35.0,91.0,"Fri, Aug 28, 2009","Thu, Aug 20, 2009"
4009,Sioux Falls,Sioux Falls,United States,FSD,KFSD,43.582014,-96.741914,1429,-6,A,"Sioux Falls, SD",479,480,487,488,5.386221294363259,13.69375,29.0,63.0,"Sat, Aug 15, 2009","Fri, Aug 28, 2009"
3437,Fort Smith Regional,Fort Smith,United States,FSM,KFSM,35.336583,-94.367444,469,-6,A,"Fort Smith, AR",195,195,202,202,4.015384615384614,9.205128205128208,20.0,54.0,"Wed, Aug  5, 2009","Mon, Aug  3, 2009"
4041,Fort Wayne,Fort Wayne,United States,FWA,KFWA,40.978472,-85.195139,815,-5,A,"Fort Wayne, IN",437,434,444,444,4.892448512585815,12.08294930875576,28.0,96.0,"Wed, Aug 19, 2009","Thu, Aug 20, 2009"
4296,Gillette-Campbell County Airport,Gillette,United States,GCC,KGCC,44.3489167,-105.5393611,4365,-7,A,"Gillette, WY",124,124,124,124,3.911290322580645,10.35483870967742,12.0,23.0,"Sun, Aug 30, 2009","Mon, Aug 10, 2009"
3467,Spokane International,Spokane,United States,GEG,KGEG,47.619861,-117.533833,2376,-8,A,"Spokane, WA",1149,1146,1157,1157,4.8476936466492635,11.94851657940664,29.0,96.0,"Thu, Aug  6, 2009","Thu, Aug 13, 2009"
3442,Grand Forks International,Grand Forks,United States,GFK,KGFK,47.949256,-97.176111,845,-6,A,"Grand Forks, ND",99,100,101,101,4.444444444444443,12.27,9.0,32.0,"Thu, Aug 20, 2009","Tue, Aug 25, 2009"
3465,East Texas Regional,Longview,United States,GGG,KGGG,32.384014,-94.711486,365,-6,A,"Longview, TX",61,61,62,62,5.852459016393443,7.6885245901639365,13.0,14.0,"Fri, Aug 21, 2009","Sat, Aug  8, 2009"
4063,Grand Junction Regional,Grand Junction,United States,GJT,KGJT,39.122413,-108.526735,4858,-7,A,"Grand Junction, CO",494,493,497,497,3.5040485829959516,10.537525354969578,20.0,38.0,"Mon, Aug  3, 2009","Sun, Aug  9, 2009"
3472,Gainesville Regional,Gainesville,United States,GNV,KGNV,29.690056,-82.271778,152,-5,A,"Gainesville, FL",218,216,220,220,3.0458715596330266,15.226851851851855,7.0,81.0,"Mon, Aug  3, 2009","Sat, Aug 29, 2009"
4038,Gulfport-Biloxi,Gulfport,United States,GPT,KGPT,30.407278,-89.070111,28,-6,A,"Gulfport/Biloxi, MS",565,564,568,568,4.500884955752207,12.751773049645386,15.0,89.0,"Sat, Aug 15, 2009","Fri, Aug 21, 2009"
3653,Austin Straubel International,Green Bay,United States,GRB,KGRB,44.485072,-88.129589,695,-6,A,"Green Bay, WI",494,493,499,501,3.8238866396761133,10.549695740365113,19.0,52.0,"Wed, Aug 12, 2009","Wed, Aug 26, 2009"
3775,Robert Gray AAF,Killeen,United States,GRK,KGRK,31.06725,-97.828917,1015,-6,A,"Killeen, TX",176,176,180,180,4.0227272727272725,8.886363636363635,60.0,24.0,"Sat, Aug 29, 2009","Fri, Aug 28, 2009"
3685,Gerald R. Ford International,Grand Rapids,United States,GRR,KGRR,42.880833,-85.522806,794,-5,A,"Grand Rapids, MI",1150,1150,1163,1163,4.119999999999998,12.6,25.0,79.0,"Thu, Aug 20, 2009","Fri, Aug 28, 2009"
4008,Piedmont Triad,Greensboro,United States,GSO,KGSO,36.09775,-79.937306,925,-5,A,"Greensboro/High Point, NC",847,849,861,862,4.275088547815817,16.334511189634867,32.0,149.0,"Thu, Aug 13, 2009","Thu, Aug 13, 2009"
4034,Greenville-Spartanburg International,Greenville,United States,GSP,KGSP,34.895556,-82.218889,964,-5,A,"Greer, SC",951,945,959,961,3.7613038906414302,16.575661375661358,22.0,94.0,"Mon, Aug 17, 2009","Fri, Aug 14, 2009"
5960,Gustavus Airport,Gustavus,United States,GST,PAGS,58.4253,-135.707,34,-9,A,"Gustavus, AK",22,22,22,22,4.5,11.409090909090908,7.0,25.0,"Sun, Aug 16, 2009","Thu, Aug  6, 2009"
3880,Great Falls International,Great Falls,United States,GTF,KGTF,47.482,-111.370689,3677,-7,A,"Great Falls, MT",181,180,181,181,3.977900552486188,10.155555555555564,10.0,107.0,"Wed, Aug  5, 2009","Thu, Aug  6, 2009"
4273,Golden Triangle Regional Airport,Columbus Mississippi,United States,GTR,KGTR,33.450333,-88.591361,264,-6,A,"Columbus, MS",53,53,53,53,3.5283018867924527,14.679245283018869,7.0,50.0,"Thu, Aug 20, 2009","Mon, Aug 17, 2009"
7051,Gunnison - Crested Butte,Gunnison,United States,GUC,KGUC,38.533889,-106.933056,7678,-7,A,"Gunnison, CO",110,110,113,113,1.7363636363636366,8.200000000000005,11.0,23.0,"Wed, Aug  5, 2009","Mon, Aug 17, 2009"
4339,Yampa Valley,Hayden,United States,HDN,KHDN,40.481181,-107.21766,6602,-7,A,"Hayden, CO",93,93,93,93,3.7419354838709675,12.86021505376344,5.0,42.0,"Fri, Aug  7, 2009","Sun, Aug 30, 2009"
3504,Helena Regional,Helena,United States,HLN,KHLN,46.606806,-111.98275,3877,-7,A,"Helena, MT",169,168,169,169,3.396449704142012,8.875000000000004,7.0,75.0,"Wed, Aug  5, 2009","Thu, Aug  6, 2009"
3728,Honolulu International,Honolulu,United States,HNL,PHNL,21.318681,-157.922428,13,-10,N,"Honolulu, HI",5076,5078,5104,5103,5.782899921197786,13.19653406853094,42.0,58.0,"Fri, Aug 14, 2009","Tue, Aug  4, 2009"
3566,William P. Hobby,Houston,United States,HOU,KHOU,29.645419,-95.278889,46,-6,A,"Houston, TX",4365,4363,4411,4410,5.83573883161512,8.553518221407266,68.0,115.0,"Sat, Aug 22, 2009","Wed, Aug 12, 2009"
3589,Westchester County,White Plains,United States,HPN,KHPN,41.066959,-73.707575,439,-5,A,"White Plains, NY",868,871,873,873,6.112903225806455,16.059701492537293,82.0,109.0,"Sun, Aug  2, 2009","Tue, Aug 18, 2009"
3560,Valley International,Harlingen,United States,HRL,KHRL,26.2285,-97.654389,36,-6,A,"Harlingen/San Benito, TX",450,447,452,451,2.76,8.302013422818796,11.0,51.0,"Fri, Aug 21, 2009","Wed, Aug 12, 2009"
4113,Huntsville International Airport-Carl T. Jones Field,Huntsville,United States,HSV,KHSV,34.6371944,-86.7750556,629,-6,A,"Huntsville, AL",996,993,1007,1008,5.39859437751004,16.117824773413897,46.0,78.0,"Sat, Aug  1, 2009","Sat, Aug  8, 2009"
3714,Washington Dulles International,Washington,United States,IAD,KIAD,38.944533,-77.455811,313,-5,A,"Washington, DC",5975,5971,6055,6054,7.536903765690377,19.027801038352102,95.0,213.0,"Thu, Aug 27, 2009","Fri, Aug 21, 2009"
3550,George Bush Intercontinental Houston,Houston,United States,IAH,KIAH,29.984433,-95.341442,97,-6,A,"Houston, TX",16754,16753,16796,16789,7.358839680076395,16.980600489464575,41.0,125.0,"Fri, Aug 21, 2009","Fri, Aug 21, 2009"
3457,Wichita Mid Continent,Wichita,United States,ICT,KICT,37.649944,-97.433056,1333,-6,A,"Wichita, KS",1183,1182,1197,1200,5.384615384615381,12.423857868020324,33.0,106.0,"Sat, Aug  1, 2009","Mon, Aug 10, 2009"
4100,Idaho Falls Regional,Idaho Falls,United States,IDA,KIDA,43.514556,-112.07075,4744,-7,A,"Idaho Falls, ID",278,277,278,278,4.021582733812952,10.63898916967509,28.0,64.0,"Thu, Aug  6, 2009","Thu, Aug  6, 2009"
3845,Wilmington International,Wilmington,United States,ILM,KILM,34.270615,-77.902569,32,-5,A,"Wilmington, NC",334,334,336,337,3.859281437125748,13.185628742514968,17.0,102.0,"Thu, Aug  6, 2009","Sun, Aug 16, 2009"
3585,Indianapolis International,Indianapolis,United States,IND,KIND,39.717331,-86.294383,797,-5,A,"Indianapolis, IN",3282,3283,3331,3332,6.293418647166367,13.39719768504417,144.0,147.0,"Tue, Aug  4, 2009","Wed, Aug  5, 2009"
3689,Imperial County,Imperial,United States,IPL,KIPL,32.834219,-115.578744,-54,-8,A,"El Centro, CA",57,57,57,57,3.56140350877193,9.63157894736842,7.0,24.0,"Thu, Aug 27, 2009","Sun, Aug  2, 2009"
3857,Long Island MacArthur,Islip,United States,ISP,KISP,40.79525,-73.100222,99,-5,A,"Islip, NY",709,710,709,710,4.31029619181946,8.63521126760563,20.0,61.0,"Thu, Aug 13, 2009","Wed, Aug 12, 2009"
3947,Ithaca Tompkins Regional,Ithaca,United States,ITH,KITH,42.491028,-76.458444,1099,-5,A,"Ithaca/Cortland, NY",27,26,28,27,9.222222222222221,15.576923076923078,15.0,30.0,"Thu, Aug 20, 2009","Wed, Aug 19, 2009"
3415,Hilo International,Hilo,United States,ITO,PHTO,19.721375,-155.048469,38,-10,N,"Hilo, HI",710,709,711,711,5.180281690140844,8.004231311706638,13.0,25.0,"Tue, Aug 18, 2009","Sat, Aug  1, 2009"
7120,Inyokern Airport,Inyokern,United States,IYK,KIYK,35.658889,-117.829444,2455,-8,A,"Inyokern, CA",82,82,82,82,3.8292682926829267,9.695121951219509,8.0,20.0,"Mon, Aug 31, 2009","Sun, Aug 16, 2009"
4027,Jackson Hole Airport,Jacksn Hole,United States,JAC,KJAC,43.60733333,-110.73775,6451,-7,A,"Jackson, WY",447,447,451,453,3.530201342281879,14.695749440715884,9.0,76.0,"Thu, Aug  6, 2009","Mon, Aug  3, 2009"
3580,Jackson Evers International,Jackson,United States,JAN,KJAN,32.311167,-90.075889,346,-6,A,"Jackson/Vicksburg, MS",1059,1056,1069,1069,4.558073654390935,11.011363636363633,34.0,65.0,"Sat, Aug  1, 2009","Wed, Aug  5, 2009"
3712,Jacksonville International,Jacksonville,United States,JAX,KJAX,30.494056,-81.687861,30,-5,A,"Jacksonville, FL",2523,2519,2538,2540,5.610780816488292,13.838824930527998,61.0,118.0,"Tue, Aug  4, 2009","Sun, Aug 23, 2009"
3797,John F. Kennedy International,New York,United States,JFK,KJFK,40.639751,-73.778925,13,-5,A,"New York, NY",10986,11018,11296,11296,11.813489896231564,33.73180250499169,98.0,226.0,"Sun, Aug  2, 2009","Sat, Aug 22, 2009"
3492,Juneau International,Juneau,United States,JNU,PAJN,58.354972,-134.576278,21,-9,A,"Juneau, AK",465,468,469,470,3.7161290322580647,14.448717948717949,12.0,54.0,"Thu, Aug  6, 2009","Sat, Aug 22, 2009"
3514,Kona International At Keahole,Kona,United States,KOA,PHKO,19.738767,-156.045631,47,-10,N,"Kona, HI",1177,1172,1186,1186,4.282073067119792,9.59556313993175,35.0,35.0,"Wed, Aug 19, 2009","Wed, Aug 12, 2009"
3808,Ketchikan International,Ketchikan,United States,KTN,PAKT,55.355556,-131.71375,88,-9,A,"Ketchikan, AK",247,246,247,247,4.13765182186235,11.504065040650401,18.0,40.0,"Tue, Aug 25, 2009","Mon, Aug 10, 2009"
3544,Capital City,Lansing,United States,LAN,KLAN,42.7787,-84.587357,861,-5,A,"Lansing, MI",297,293,304,304,3.2289562289562284,12.774744027303754,10.0,98.0,"Fri, Aug 28, 2009","Thu, Aug 20, 2009"
3877,McCarran International,Las Vegas,United States,LAS,KLAS,36.080056,-115.15225,2141,-8,A,"Las Vegas, NV",13185,13177,13248,13245,6.8896473265074,14.990817333232156,56.0,121.0,"Sun, Aug 23, 2009","Thu, Aug  6, 2009"
4256,Lawton-Fort Sill Regional Airport,Lawton,United States,LAW,KLAW,34.5677144,-98.4166367,1110,-6,A,"Lawton/Fort Sill, OK",2,2,2,2,2.5,7.5,3.0,10.0,"Sat, Aug  8, 2009","Mon, Aug 31, 2009"
3484,Los Angeles International,Los Angeles,United States,LAX,KLAX,33.942536,-118.408075,126,-8,A,"Los Angeles, CA",17160,17156,17273,17269,8.828205128205147,14.475868500816038,85.0,152.0,"Sat, Aug  8, 2009","Sun, Aug 16, 2009"
3829,Lubbock Preston Smith International,Lubbock,United States,LBB,KLBB,33.663639,-101.822778,3282,-6,A,"Lubbock, TX",751,749,753,754,3.6458055925432755,9.296395193591458,30.0,124.0,"Wed, Aug 12, 2009","Wed, Aug 12, 2009"
3513,Lake Charles Regional,Lake Charles,United States,LCH,KLCH,30.126112,-93.223335,15,-6,A,"Lake Charles, LA",129,129,129,129,4.077519379844961,10.720930232558139,10.0,60.0,"Fri, Aug 28, 2009","Fri, Aug 21, 2009"
4017,Blue Grass,Lexington KY,United States,LEX,KLEX,38.0365,-84.605889,979,-5,A,"Lexington, KY",658,653,676,676,4.379939209726446,12.715160796324659,36.0,94.0,"Sun, Aug 30, 2009","Sun, Aug 23, 2009"
3493,Lafayette Regional,Lafayette,United States,LFT,KLFT,30.205278,-91.987611,43,-6,A,"Lafayette, LA",428,425,428,427,4.670560747663554,12.181176470588236,14.0,72.0,"Mon, Aug  3, 2009","Sun, Aug 16, 2009"
3697,LaGuardia Airport,New York,United States,LGA,KLGA,40.777245,-73.872608,22,-5,A,"New York, NY",8564,8562,8851,8847,8.896660439047169,29.497547302032235,115.0,212.0,"Sat, Aug  1, 2009","Fri, Aug 21, 2009"
3582,Long Beach,Long Beach,United States,LGB,KLGB,33.817722,-118.151611,60,-8,A,"Long Beach, CA",1244,1246,1251,1251,4.721864951768489,13.354735152487962,30.0,69.0,"Fri, Aug  7, 2009","Sun, Aug  2, 2009"
3602,Lihue,Lihue,United States,LIH,PHLI,21.975983,-159.338958,153,-10,N,"Lihue, HI",1139,1138,1139,1138,5.297629499561018,7.807557117750434,18.0,28.0,"Fri, Aug 14, 2009","Fri, Aug  7, 2009"
3660,Adams Field,Little Rock,United States,LIT,KLIT,34.729444,-92.224306,262,-6,A,"Little Rock, AR",1523,1519,1534,1534,4.860144451739988,11.450296247531263,44.0,114.0,"Sun, Aug 30, 2009","Sun, Aug  2, 2009"
5750,Klamath Falls Airport,Klamath Falls,United States,LMT,KLMT,42.1561,-121.733,4095,-8,A,"Klamath Falls, OR",123,123,124,124,3.2195121951219514,9.349593495934965,8.0,37.0,"Wed, Aug 19, 2009","Sat, Aug  8, 2009"
3543,Lincoln,Lincoln,United States,LNK,KLNK,40.850971,-96.75925,1219,-6,A,"Lincoln, NE",259,258,260,260,3.988416988416989,8.821705426356589,19.0,65.0,"Tue, Aug 18, 2009","Sun, Aug  2, 2009"
3691,Laredo International,Laredo,United States,LRD,KLRD,27.54375,-99.461556,508,-6,A,"Laredo, TX",225,226,227,228,3.351111111111112,10.115044247787607,9.0,33.0,"Mon, Aug  3, 2009","Wed, Aug 26, 2009"
4044,LaCrosse Municipal,LaCrosse,United States,LSE,KLSE,43.878986,-91.256711,654,-6,A,"La Crosse, WI",218,213,222,221,4.646788990825685,12.854460093896718,24.0,130.0,"Wed, Aug 26, 2009","Fri, Aug 28, 2009"
6958,Greenbrier Valley Airport,Lewisburg,United States,LWB,KLWB,37.858333,-80.399444,2302,-5,U,"Lewisburg, WV",9,9,9,9,3.2222222222222223,14.444444444444445,4.0,27.0,"Sun, Aug 16, 2009","Wed, Aug  5, 2009"
3945,Lewiston Nez Perce County,Lewiston,United States,LWS,KLWS,46.3745,-117.015389,1442,-8,A,"Lewiston, ID",51,51,51,51,5.1568627450980395,11.196078431372548,14.0,23.0,"Sun, Aug  9, 2009","Mon, Aug 10, 2009"
5753,Lynchburg Regional-Preston Glenn Field,Lynchburg,United States,LYH,KLYH,37.3267,-79.2004,938,-5,A,"Lynchburg, VA",87,87,87,87,3.206896551724138,13.425287356321839,6.0,42.0,"Thu, Aug 20, 2009","Sun, Aug  9, 2009"
3652,Midland International,Midland,United States,MAF,KMAF,31.942528,-102.201914,2871,-6,A,"Midland/Odessa, TX",645,642,648,647,3.096124031007751,9.355140186915886,20.0,49.0,"Sat, Aug  1, 2009","Thu, Aug 20, 2009"
4128,MBS International,Saginaw,United States,MBS,KMBS,43.532913,-84.079647,668,-5,A,"Saginaw/Bay City/Midland, MI",351,349,354,354,3.284900284900285,13.550143266475647,8.0,89.0,"Tue, Aug 25, 2009","Thu, Aug 20, 2009"
3458,Kansas City International,Kansas City,United States,MCI,KMCI,39.297606,-94.713905,1026,-6,A,"Kansas City, MO",4314,4304,4337,4336,5.506722299490032,12.7532527881041,43.0,129.0,"Thu, Aug  6, 2009","Thu, Aug 20, 2009"
3878,Orlando International,Orlando,United States,MCO,KMCO,28.429394,-81.308994,96,-5,A,"Orlando, FL",10204,10218,10235,10249,7.290082320658565,13.627911528674888,86.0,131.0,"Mon, Aug 31, 2009","Thu, Aug 13, 2009"
3542,Harrisburg International,Harrisburg,United States,MDT,KMDT,40.193494,-76.763403,310,-5,A,"Harrisburg, PA",622,622,634,638,4.591639871382634,13.297427652733113,27.0,69.0,"Tue, Aug  4, 2009","Tue, Aug 11, 2009"
3747,Chicago Midway International,Chicago,United States,MDW,KMDW,41.785972,-87.752417,620,-6,A,"Chicago, IL",7332,7333,7358,7359,5.260911074740872,11.450293195145221,54.0,132.0,"Tue, Aug 25, 2009","Sun, Aug 16, 2009"
4335,Key Field,Meridian,United States,MEI,KMEI,32.332624,-88.751868,297,-6,A,"Meridian, MS",57,55,57,57,4.017543859649122,15.890909090909089,8.0,77.0,"Sat, Aug 15, 2009","Mon, Aug 17, 2009"
3473,Memphis International,Memphis,United States,MEM,KMEM,35.042417,-89.976667,341,-6,A,"Memphis, TN",6147,6164,6229,6224,7.508540751586141,16.83614536015576,71.0,113.0,"Sun, Aug  9, 2009","Tue, Aug 18, 2009"
3826,McAllen Miller International,Mcallen,United States,MFE,KMFE,26.175833,-98.238611,107,-6,A,"Mission/McAllen/Edinburg, TX",439,439,442,443,4.298405466970385,10.284738041002282,11.0,38.0,"Sun, Aug 30, 2009","Fri, Aug 21, 2009"
4101,Rogue Valley International Medford,Medford,United States,MFR,KMFR,42.374228,-122.8735,1335,-8,A,"Medford, OR",401,400,402,402,3.640897755610971,9.837499999999995,8.0,32.0,"Sun, Aug  2, 2009","Tue, Aug 18, 2009"
4115,Montgomery Regional Airport ,MONTGOMERY,United States,MGM,KMGM,32.3006389,-86.3939722,221,-6,A,"Montgomery, AL",381,380,386,386,3.5354330708661417,15.386842105263145,10.0,81.0,"Sat, Aug 29, 2009","Mon, Aug 17, 2009"
4050,Manhattan Regional,Manhattan,United States,MHK,KMHK,39.140972,-96.670833,1057,-6,A,"Manhattan/Ft. Riley, KS",14,13,14,13,3.5,9.076923076923077,6.0,17.0,"Wed, Aug 26, 2009","Fri, Aug 28, 2009"
4011,Manchester Regional Airport,Manchester NH,United States,MHT,KMHT,42.932556,-71.435667,266,-5,A,"Manchester, NH",1229,1228,1234,1235,4.686737184703004,12.144136807817599,21.0,125.0,"Fri, Aug 21, 2009","Sun, Aug 23, 2009"
3576,Miami International,Miami,United States,MIA,KMIA,25.79325,-80.290556,8,-5,A,"Miami, FL",5341,5351,5392,5393,8.505710541097185,16.62492991964119,130.0,155.0,"Sat, Aug 22, 2009","Sun, Aug 30, 2009"
3717,General Mitchell International,Milwaukee,United States,MKE,KMKE,42.947222,-87.896583,723,-6,A,"Milwaukee, WI",3969,3971,4001,3999,5.317964222726129,13.157391085368918,54.0,140.0,"Sat, Aug  1, 2009","Wed, Aug  5, 2009"
3671,Melbourne International,Melbourne,United States,MLB,KMLB,28.102753,-80.645258,33,-5,A,"Melbourne, FL",152,151,153,153,3.993421052631574,14.655629139072847,21.0,60.0,"Sun, Aug 30, 2009","Sun, Aug 30, 2009"
4072,Quad City International,Moline,United States,MLI,KMLI,41.448528,-90.507539,590,-6,A,"Moline, IL",621,619,631,631,3.6296296296296298,11.319870759289175,9.0,88.0,"Sun, Aug  9, 2009","Fri, Aug 28, 2009"
3732,Monroe Regional,Monroe,United States,MLU,KMLU,32.510864,-92.037689,79,-6,A,"Monroe, LA",202,198,206,206,3.6584158415841586,10.651515151515152,10.0,51.0,"Sat, Aug  1, 2009","Wed, Aug 26, 2009"
3782,Mobile Regional,Mobile,United States,MOB,KMOB,30.691231,-88.242814,219,-6,A,"Mobile, AL",644,642,653,654,3.8711180124223588,11.2601246105919,23.0,81.0,"Tue, Aug 11, 2009","Sun, Aug  2, 2009"
3816,Modesto City County Harry Sham,Modesto,United States,MOD,KMOD,37.625817,-120.954422,97,-8,A,"Modesto, CA",145,144,150,150,2.6896551724137945,10.104166666666668,8.0,51.0,"Sat, Aug 22, 2009","Mon, Aug 31, 2009"
6838,Sawyer International Airport,Marquette,United States,MQT,KMQT,46.353611,-87.395278,1221,-5,A,"Marquette, MI",114,111,114,112,5.350877192982455,9.279279279279283,20.0,34.0,"Mon, Aug  3, 2009","Fri, Aug 21, 2009"
3948,Monterey Peninsula,Monterey,United States,MRY,KMRY,36.587,-121.842944,257,-8,A,"Monterey, CA",516,515,523,523,3.362403100775193,10.357281553398058,15.0,94.0,"Fri, Aug 21, 2009","Wed, Aug  5, 2009"
3459,Dane County Regional-Truax Field,Madison,United States,MSN,KMSN,43.139858,-89.337514,887,-6,A,"Madison, WI",1068,1069,1082,1084,4.517790262172279,13.461178671655754,20.0,124.0,"Thu, Aug 20, 2009","Sun, Aug  9, 2009"
4216,Missoula International,Missoula,United States,MSO,KMSO,46.916306,-114.090556,3205,-7,A,"Missoula, MT",416,412,416,415,4.786057692307695,11.315533980582524,21.0,44.0,"Tue, Aug 18, 2009","Wed, Aug 26, 2009"
3858,Minneapolis St. Paul International,Minneapolis,United States,MSP,KMSP,44.881956,-93.221767,841,-6,A,"Minneapolis, MN",10843,10857,11005,10987,8.403762796274082,19.68241687390626,71.0,155.0,"Fri, Aug  7, 2009","Sun, Aug  9, 2009"
3861,Louis Armstrong New Orleans International,New Orleans,United States,MSY,KMSY,29.993389,-90.258028,4,-6,A,"New Orleans, LA",2978,2978,2995,2997,4.371725990597728,11.030221625251848,87.0,111.0,"Tue, Aug 11, 2009","Fri, Aug 21, 2009"
6880,Montrose Regional Airport,Montrose CO,United States,MTJ,KMTJ,38.509794,-107.894242,5759,-7,A,"Montrose/Delta, CO",259,260,265,265,3.1776061776061777,9.415384615384616,16.0,37.0,"Mon, Aug 17, 2009","Mon, Aug  3, 2009"
3605,Grant County International,Grant County Airport,United States,MWH,KMWH,47.207708,-119.32019,1185,-8,A,"Moses Lake, WA",61,62,62,62,4.3114754098360635,9.032258064516133,10.0,18.0,"Sun, Aug 23, 2009","Sun, Aug  9, 2009"
3515,Myrtle Beach International,Myrtle Beach,United States,MYR,KMYR,33.67975,-78.928333,25,-5,A,"Myrtle Beach, SC",495,488,503,503,4.238383838383837,15.57172131147541,17.0,81.0,"Sun, Aug  9, 2009","Sun, Aug  2, 2009"
4386,Albert J. Ellis,Jacksonville NC,United States,OAJ,KOAJ,34.829164,-77.612139,94,-5,A,"Jacksonville/Camp Lejeune, NC",176,175,179,179,2.8465909090909083,12.268571428571429,9.0,48.0,"Sun, Aug 30, 2009","Sun, Aug 30, 2009"
3453,Metropolitan Oakland International,Oakland,United States,OAK,KOAK,37.721278,-122.220722,9,-8,A,"Oakland, CA",4241,4241,4283,4282,5.51733081820326,9.034897429851418,37.0,65.0,"Thu, Aug 20, 2009","Tue, Aug  4, 2009"
3456,Kahului,Kahului,United States,OGG,PHOG,20.89865,-156.430458,54,-10,N,"Kahului, HI",1903,1903,1915,1915,5.287440882816598,8.21912769311614,33.0,34.0,"Tue, Aug 25, 2009","Mon, Aug  3, 2009"
3863,Will Rogers World,Oklahoma City,United States,OKC,KOKC,35.393089,-97.600733,1295,-6,A,"Oklahoma City, OK",1917,1916,1929,1929,4.680229525299948,10.937891440501058,75.0,135.0,"Tue, Aug  4, 2009","Thu, Aug  6, 2009"
3454,Eppley Airfield,Omaha,United States,OMA,KOMA,41.303167,-95.894069,984,-6,A,"Omaha, NE",2230,2221,2247,2246,5.186995515695073,12.07834308869879,49.0,72.0,"Mon, Aug 17, 2009","Wed, Aug 19, 2009"
3615,Nome,Nome,United States,OME,PAOM,64.512203,-165.445247,37,-9,A,"Nome, AK",91,93,93,93,3.296703296703296,5.473118279569895,6.0,22.0,"Sat, Aug 15, 2009","Fri, Aug 21, 2009"
3734,Ontario International,Ontario,United States,ONT,KONT,34.056,-117.601194,944,-8,A,"Ontario, CA",2217,2213,2229,2228,4.350022552999556,9.855851784907369,20.0,46.0,"Sat, Aug  8, 2009","Wed, Aug 19, 2009"
3830,Chicago O'Hare International,Chicago,United States,ORD,KORD,41.978603,-87.904842,668,-6,A,"Chicago, IL",27093,27174,27575,27572,9.573284612261478,17.44108338853325,91.0,196.0,"Sun, Aug 16, 2009","Wed, Aug 12, 2009"
3611,Norfolk International,Norfolk,United States,ORF,KORF,36.894611,-76.201222,26,-5,A,"Norfolk, VA",1450,1444,1465,1463,5.024827586206898,12.999999999999995,124.0,99.0,"Wed, Aug 12, 2009","Tue, Aug 18, 2009"
5757,Southwest Oregon Regional Airport,North Bend,United States,OTH,KOTH,43.4171,-124.246,17,-8,A,"North Bend/Coos Bay, OR",124,123,124,124,2.6774193548387086,9.626016260162606,7.0,28.0,"Wed, Aug 19, 2009","Sun, Aug  9, 2009"
3693,Ralph Wien Memorial,Kotzebue,United States,OTZ,PAOT,66.884678,-162.59855,11,-9,A,"Kotzebue, AK",91,91,93,93,3.5054945054945055,5.538461538461541,7.0,11.0,"Mon, Aug  3, 2009","Sat, Aug 15, 2009"
6961,Oxnard - Ventura County,Oxnard,United States,OXR,KOXR,34.200833,-119.207222,15,-8,A,"Oxnard/Ventura, CA",106,106,107,107,3.443396226415094,8.849056603773581,8.0,17.0,"Fri, Aug 14, 2009","Wed, Aug  5, 2009"
3722,Palm Beach International,West Palm Beach,United States,PBI,KPBI,26.683161,-80.095589,19,-5,A,"West Palm Beach/Palm Beach, FL",1790,1787,1800,1800,4.593296089385477,12.768326804700616,33.0,118.0,"Sat, Aug 29, 2009","Mon, Aug 17, 2009"
3720,Portland International,Portland,United States,PDX,KPDX,45.588722,-122.5975,30,-8,A,"Portland, OR",4763,4764,4772,4773,4.407306319546514,13.582283795130126,24.0,57.0,"Wed, Aug  5, 2009","Wed, Aug  5, 2009"
4073,Panama City Bay County International,Panama City,United States,PFN,KPFN,30.212083,-85.682806,20,-6,A,"Panama City, FL",332,331,334,334,3.1234939759036147,14.392749244712991,12.0,116.0,"Sun, Aug 30, 2009","Tue, Aug 18, 2009"
3633,Newport News Williamsburg International,Newport News,United States,PHF,KPHF,37.131894,-76.492989,43,-5,A,"Newport News/Williamsburg, VA",541,539,545,545,4.811460258780038,12.165120593692022,24.0,114.0,"Sun, Aug 16, 2009","Wed, Aug 12, 2009"
3752,Philadelphia International,Philadelphia,United States,PHL,KPHL,39.871944,-75.241139,36,-5,A,"Philadelphia, PA",8012,8013,8083,8079,8.380429355966045,28.48658430051169,154.0,225.0,"Sun, Aug  2, 2009","Fri, Aug 21, 2009"
3462,Phoenix Sky Harbor International,Phoenix,United States,PHX,KPHX,33.434278,-112.011583,1135,-7,N,"Phoenix, AZ",15544,15581,15669,15667,7.467447246525991,14.757332648738814,56.0,146.0,"Thu, Aug  6, 2009","Fri, Aug 21, 2009"
4046,Peoria Regional,Peoria,United States,PIA,KPIA,40.664203,-89.693258,660,-6,A,"Peoria, IL",422,422,438,438,4.028436018957347,10.997630331753555,13.0,93.0,"Tue, Aug 11, 2009","Wed, Aug 26, 2009"
5760,Pocatello Regional Airport,Pocatello,United States,PIH,KPIH,42.9098,-112.596,4452,-7,A,"Pocatello, ID",124,124,124,124,3.1693548387096775,9.548387096774196,12.0,26.0,"Thu, Aug  6, 2009","Mon, Aug 31, 2009"
3570,Pittsburgh International,Pittsburgh (pennsylva),United States,PIT,KPIT,40.491467,-80.232872,1204,-5,A,"Pittsburgh, PA",2937,2923,2958,2958,6.064691862444676,13.619911050290785,81.0,160.0,"Wed, Aug 12, 2009","Sun, Aug  2, 2009"
5762,Pellston Regional Airport of Emmet County Airport,Pellston,United States,PLN,KPLN,45.5709,-84.7967,720,-5,A,"Pellston, MI",52,52,52,53,4.673076923076924,13.01923076923077,7.0,21.0,"Sun, Aug 16, 2009","Sat, Aug  1, 2009"
3564,Pensacola Regional,Pensacola,United States,PNS,KPNS,30.473425,-87.186611,121,-6,A,"Pensacola, FL",885,880,892,891,4.305084745762718,13.732954545454545,22.0,82.0,"Wed, Aug 12, 2009","Thu, Aug 27, 2009"
6133,Tri Cities Airport,Pasco,United States,PSC,PSC,46.2647,-119.119,410,-8,A,"Pasco/Kennewick/Richland, WA",311,312,313,313,5.196141479099676,9.496794871794865,14.0,29.0,"Sat, Aug  8, 2009","Fri, Aug  7, 2009"
4147,Petersburg James A. Johnson,Petersburg,United States,PSG,PAPG,56.801667,-132.945278,105,-9,A,"Petersburg, AK",61,61,62,62,3.4426229508196715,10.098360655737704,6.0,34.0,"Sat, Aug  1, 2009","Thu, Aug 13, 2009"
3839,Palm Springs International,Palm Springs,United States,PSP,KPSP,33.829667,-116.506694,477,-8,A,"Palm Springs, CA",769,768,774,774,4.60338101430429,11.519531249999991,15.0,95.0,"Mon, Aug 17, 2009","Tue, Aug 18, 2009"
3641,Theodore Francis Green State,Providence,United States,PVD,KPVD,41.732581,-71.420383,55,-5,A,"Providence, RI",1581,1576,1586,1585,4.781151170145478,13.541243654822326,22.0,99.0,"Wed, Aug 12, 2009","Sun, Aug  2, 2009"
3862,Portland International Jetport,Portland,United States,PWM,KPWM,43.646161,-70.309281,77,-5,A,"Portland, ME",777,771,789,789,4.492921492921496,14.762645914396883,32.0,160.0,"Sat, Aug  1, 2009","Fri, Aug 21, 2009"
4087,Rapid City Regional Airport,Rapid City,United States,RAP,KRAP,44.045278,-103.057222,3204,-7,A,"Rapid City, SD",382,382,385,386,3.992146596858639,10.408376963350788,14.0,60.0,"Tue, Aug  4, 2009","Thu, Aug  6, 2009"
4098,Redding Municipal,Redding,United States,RDD,KRDD,40.509,-122.293389,504,-8,A,"Redding, CA",121,121,124,124,3.793388429752066,9.504132231404961,9.0,25.0,"Fri, Aug 14, 2009","Tue, Aug 11, 2009"
4103,Roberts Field,Redmond-Bend,United States,RDM,KRDM,44.254066,-121.149964,3077,-8,A,"Bend/Redmond, OR",278,278,279,279,3.661870503597122,9.651079136690646,8.0,26.0,"Sat, Aug  8, 2009","Wed, Aug 19, 2009"
3626,Raleigh Durham International,Raleigh-durham,United States,RDU,KRDU,35.877639,-78.787472,435,-5,A,"Raleigh/Durham, NC",4652,4650,4700,4707,5.00128976784179,15.107096774193554,70.0,150.0,"Sun, Aug  2, 2009","Sun, Aug  9, 2009"
3608,Richmond International,Richmond,United States,RIC,KRIC,37.505167,-77.319667,167,-5,A,"Richmond, VA",1449,1446,1470,1469,5.810904071773637,16.42738589211619,19.0,176.0,"Fri, Aug 28, 2009","Thu, Aug  6, 2009"
5766,Rock Springs Sweetwater County Airport,Rock Springs,United States,RKS,KRKS,41.5942,-109.065,6760,-7,A,"Rock Springs, WY",139,139,141,141,2.7913669064748197,8.956834532374105,10.0,26.0,"Wed, Aug 26, 2009","Thu, Aug 27, 2009"
3807,Reno Tahoe International,Reno,United States,RNO,KRNO,39.499108,-119.768108,4415,-8,A,"Reno, NV",1682,1680,1687,1685,4.706896551724128,10.246428571428567,24.0,62.0,"Fri, Aug 21, 2009","Wed, Aug  5, 2009"
4016,Roanoke Regional,Roanoke VA,United States,ROA,KROA,37.325472,-79.975417,1175,-5,A,"Roanoke, VA",323,319,327,328,4.817337461300313,15.420062695924765,13.0,64.0,"Wed, Aug 12, 2009","Mon, Aug 17, 2009"
3622,Greater Rochester International,Rochester,United States,ROC,KROC,43.118866,-77.672389,559,-5,A,"Rochester, NY",1247,1240,1266,1266,5.601443464314364,12.943548387096774,32.0,122.0,"Thu, Aug 27, 2009","Wed, Aug 19, 2009"
3736,Roswell International Air Center,Roswell,United States,ROW,KROW,33.301556,-104.530556,3671,-7,A,"Roswell, NM",92,92,92,92,4.141304347826088,8.315217391304346,12.0,16.0,"Sun, Aug  2, 2009","Sat, Aug  8, 2009"
4048,Rochester,Rochester,United States,RST,KRST,43.908283,-92.500014,1317,-6,A,"Rochester, MN",264,263,267,267,3.3371212121212124,9.93916349809886,20.0,46.0,"Sat, Aug  1, 2009","Sun, Aug  9, 2009"
3793,Southwest Florida International,Fort Myers,United States,RSW,KRSW,26.536167,-81.755167,30,-5,A,"Fort Myers, FL",1762,1757,1772,1773,4.551645856980711,12.001138303927146,54.0,121.0,"Sat, Aug 29, 2009","Sun, Aug  2, 2009"
3784,Santa Fe Municipal,Santa Fe,United States,SAF,KSAF,35.617108,-106.089422,6348,-7,A,"Santa Fe, NM",31,31,31,31,5.645161290322581,8.870967741935486,11.0,19.0,"Wed, Aug 19, 2009","Tue, Aug 25, 2009"
3731,San Diego International,San Diego,United States,SAN,KSAN,32.733556,-117.189667,17,-8,A,"San Diego, CA",7362,7362,7382,7387,3.790274381961419,13.553789731051332,41.0,70.0,"Sun, Aug 16, 2009","Wed, Aug  5, 2009"
3621,San Antonio International,San Antonio,United States,SAT,KSAT,29.533694,-98.469778,809,-6,A,"San Antonio, TX",3220,3218,3230,3230,3.709937888198756,10.546302050963321,35.0,130.0,"Thu, Aug 27, 2009","Sat, Aug  1, 2009"
3613,Savannah Hilton Head International,Savannah,United States,SAV,KSAV,32.127583,-81.202139,51,-5,A,"Savannah, GA",1051,1048,1068,1070,5.784015223596575,16.460877862595403,29.0,117.0,"Sat, Aug  1, 2009","Mon, Aug  3, 2009"
3949,Santa Barbara Municipal,Santa Barbara,United States,SBA,KSBA,34.426211,-119.840372,10,-8,A,"Santa Barbara, CA",1021,1020,1027,1026,4.065621939275226,10.351960784313732,22.0,41.0,"Sun, Aug 30, 2009","Wed, Aug  5, 2009"
4359,South Bend Regional,South Bend,United States,SBN,KSBN,41.708661,-86.31725,799,-5,A,"South Bend, IN",403,400,410,410,3.7766749379652595,11.139999999999997,15.0,85.0,"Tue, Aug  4, 2009","Wed, Aug 26, 2009"
5768,San Luis County Regional Airport,San Luis Obispo,United States,SBP,KSBP,35.2368,-120.642,212,-8,A,"San Luis Obispo, CA",360,359,361,361,3.513888888888889,9.225626740947062,15.0,37.0,"Wed, Aug  5, 2009","Sun, Aug 16, 2009"
3620,Deadhorse,Deadhorse,United States,SCC,PASC,70.19475,-148.465167,64,-9,A,"Deadhorse, AK",60,62,62,62,4.250000000000002,6.983870967741934,6.0,36.0,"Sun, Aug  2, 2009","Wed, Aug 12, 2009"
4318,University Park Airport,State College Pennsylvania,United States,SCE,KUNV,40.849278,-77.848694,1239,-5,A,"State College, PA",71,71,74,74,6.929577464788732,11.056338028169014,16.0,38.0,"Sun, Aug  2, 2009","Thu, Aug 20, 2009"
4014,Louisville International Airport,Louisville,United States,SDF,KSDF,38.1740858,-85.7364989,501,-5,A,"Louisville, KY",1638,1636,1663,1664,6.6391941391941405,12.62591687041565,64.0,148.0,"Tue, Aug  4, 2009","Wed, Aug 19, 2009"
3577,Seattle Tacoma International,Seattle,United States,SEA,KSEA,47.449,-122.309306,433,-8,A,"Seattle, WA",9631,9623,9648,9651,7.338697954521858,16.522706016834707,55.0,122.0,"Thu, Aug 27, 2009","Wed, Aug 19, 2009"
3469,San Francisco International,San Francisco,United States,SFO,KSFO,37.618972,-122.374889,13,-8,A,"San Francisco, CA",12329,12358,12470,12460,6.032524941195533,17.20399741058413,56.0,80.0,"Sat, Aug  1, 2009","Wed, Aug 19, 2009"
4348,Springfield Branson National,Springfield,United States,SGF,KSGF,37.245667,-93.388639,1268,-6,A,"Springfield, MO",674,675,679,681,4.603857566765581,13.325925925925926,26.0,88.0,"Mon, Aug 17, 2009","Fri, Aug 28, 2009"
4064,St. George Municipal,Saint George,United States,SGU,KSGU,37.090583,-113.593056,2941,-7,A,"St. George, UT",259,258,259,259,3.752895752895753,8.748062015503873,8.0,19.0,"Sat, Aug 15, 2009","Wed, Aug 12, 2009"
3609,Shreveport Regional,Shreveport,United States,SHV,KSHV,32.446629,-93.8256,258,-6,A,"Shreveport, LA",383,383,391,391,5.258485639686688,11.798955613577023,19.0,68.0,"Sat, Aug  1, 2009","Fri, Aug 28, 2009"
3856,Sitka Rocky Gutierrez,Sitka,United States,SIT,PASI,57.047138,-135.361611,21,-9,A,"Sitka, AK",143,143,146,146,4.013986013986015,12.013986013986013,9.0,39.0,"Sun, Aug  2, 2009","Sat, Aug 15, 2009"
3748,Norman Y. Mineta San Jose International,San Jose,United States,SJC,KSJC,37.3626,-121.929022,62,-8,A,"San Jose, CA",4191,4185,4210,4209,4.225005965163445,10.588530465949836,44.0,68.0,"Tue, Aug 11, 2009","Fri, Aug 21, 2009"
3708,San Angelo Regional-Mathis Field,San Angelo,United States,SJT,KSJT,31.35775,-100.496306,1919,-6,A,"San Angelo, TX",91,91,92,92,3.010989010989011,7.351648351648351,8.0,20.0,"Fri, Aug  7, 2009","Sat, Aug  1, 2009"
3536,Salt Lake City International,Salt Lake City,United States,SLC,KSLC,40.788389,-111.977772,4227,-7,A,"Salt Lake City, UT",12213,12232,12268,12265,7.118480307868668,17.741170699803735,58.0,132.0,"Fri, Aug 28, 2009","Mon, Aug  3, 2009"
3817,Sacramento International,Sacramento,United States,SMF,KSMF,38.695417,-121.590778,27,-8,A,"Sacramento, CA",3991,3991,4014,4014,4.342771235279388,9.867702330243043,38.0,58.0,"Sat, Aug  1, 2009","Sun, Aug 30, 2009"
5772,Santa Maria Public-Captain G. Allan Hancock Airport,Santa Maria,United States,SMX,KSMX,34.8989,-120.457,261,-8,A,"Santa Maria, CA",119,119,119,119,3.638655462184874,9.78991596638656,7.0,22.0,"Sun, Aug 30, 2009","Mon, Aug 10, 2009"
3867,John Wayne Airport Orange County,Santa Ana,United States,SNA,KSNA,33.675667,-117.868222,56,-8,A,"Santa Ana, CA",4037,4032,4059,4059,6.655189497151353,12.910962301587302,57.0,113.0,"Sun, Aug 16, 2009","Thu, Aug  6, 2009"
4336,Abraham Lincoln Capital,Springfield,United States,SPI,KSPI,39.8441,-89.677889,597,-6,A,"Springfield, IL",126,124,132,132,3.5952380952380953,9.927419354838712,7.0,63.0,"Wed, Aug  5, 2009","Wed, Aug 26, 2009"
3680,Sheppard AFB Wichita Falls Municipal,Wichita Falls,United States,SPS,KSPS,33.988797,-98.491894,1019,-6,A,"Wichita Falls, TX",13,13,13,13,7.923076923076923,15.384615384615385,12.0,84.0,"Mon, Aug 31, 2009","Thu, Aug 27, 2009"
4067,Sarasota Bradenton International,Sarasota,United States,SRQ,KSRQ,27.395444,-82.554389,30,-5,A,"Sarasota/Bradenton, FL",404,403,404,404,4.245049504950493,11.962779156327537,16.0,67.0,"Sun, Aug 30, 2009","Fri, Aug 28, 2009"
3678,Lambert St. Louis International,St. Louis,United States,STL,KSTL,38.748697,-90.370028,618,-6,A,"St. Louis, MO",5374,5367,5418,5416,4.666170450316359,11.371157070989398,40.0,132.0,"Mon, Aug 17, 2009","Fri, Aug 21, 2009"
6494,Friedman Memorial,Hailey,United States,SUN,KSUN,43.504444,-114.296194,5320,-7,A,"Sun Valley/Hailey/Ketchum, ID",248,248,248,248,2.8588709677419346,9.241935483870964,6.0,43.0,"Sun, Aug 23, 2009","Sun, Aug 23, 2009"
3661,Stewart International,Newburgh,United States,SWF,KSWF,41.504094,-74.104839,491,-5,A,"Newburgh/Poughkeepsie, NY",178,176,181,181,5.387640449438205,14.823863636363637,15.0,88.0,"Mon, Aug 10, 2009","Sun, Aug  9, 2009"
3745,Syracuse Hancock International,Syracuse,United States,SYR,KSYR,43.111187,-76.106311,421,-5,A,"Syracuse, NY",824,823,841,843,4.765776699029133,14.867557715674357,35.0,118.0,"Mon, Aug 17, 2009","Sun, Aug  9, 2009"
3698,Tallahassee Regional,Tallahassee,United States,TLH,KTLH,30.396528,-84.350333,81,-5,A,"Tallahassee, FL",512,507,515,514,3.802734375000001,15.031558185404347,31.0,84.0,"Mon, Aug  3, 2009","Sat, Aug 29, 2009"
4040,Toledo,Toledo,United States,TOL,KTOL,41.586806,-83.807833,684,-5,A,"Toledo, OH",86,86,88,88,2.953488372093023,10.197674418604654,7.0,47.0,"Sun, Aug  9, 2009","Wed, Aug 19, 2009"
3646,Tampa International,Tampa,United States,TPA,KTPA,27.975472,-82.53325,26,-5,A,"Tampa, FL",5620,5615,5637,5640,4.544483985765127,12.655565449688314,52.0,144.0,"Wed, Aug  5, 2009","Mon, Aug 17, 2009"
4116,Tri-Cities Regional Airport,BRISTOL,United States,TRI,KTRI,36.4752222,-82.4074167,1519,-5,A,"Bristol/Johnson City/Kingsport, TN",267,266,275,274,3.947565543071161,15.466165413533838,10.0,82.0,"Sun, Aug 30, 2009","Wed, Aug 26, 2009"
3855,Tulsa International,Tulsa,United States,TUL,KTUL,36.198389,-95.888111,677,-6,A,"Tulsa, OK",1805,1804,1813,1815,4.175069252077566,11.157982261640806,28.0,108.0,"Sun, Aug 16, 2009","Sun, Aug 30, 2009"
3636,Tucson International,Tucson,United States,TUS,KTUS,32.116083,-110.941028,2643,-7,N,"Tucson, AZ",1854,1850,1859,1859,4.4077669902912495,10.815675675675672,30.0,62.0,"Sun, Aug  9, 2009","Mon, Aug 31, 2009"
4023,Cherry Capital Airport,Traverse City,United States,TVC,KTVC,44.741445,-85.582235,624,-5,A,"Traverse City, MI",550,552,557,560,3.787272727272729,11.91666666666667,23.0,78.0,"Sun, Aug 23, 2009","Mon, Aug  3, 2009"
4263,Magic Valley Regional Airport,Twin Falls,United States,TWF,KTWF,42.481803,-114.487733,4151,-7,A,"Twin Falls, ID",124,124,124,124,2.919354838709678,8.75,6.0,22.0,"Sat, Aug  1, 2009","Thu, Aug 20, 2009"
3770,Texarkana Regional-Webb Field,Texarkana,United States,TXK,KTXK,33.453722,-93.991028,390,-6,A,"Texarkana, AR",121,120,124,124,3.206611570247934,7.608333333333333,21.0,76.0,"Sun, Aug 23, 2009","Thu, Aug  6, 2009"
3848,Tyler Pounds Regional,Tyler,United States,TYR,KTYR,32.354139,-95.402386,544,-6,A,"Tyler, TX",120,119,124,124,4.149999999999999,9.285714285714283,10.0,103.0,"Sun, Aug 16, 2009","Fri, Aug 21, 2009"
3676,McGhee Tyson,Knoxville,United States,TYS,KTYS,35.810972,-83.994028,981,-5,A,"Knoxville, TN",1328,1323,1341,1341,4.117469879518071,14.495842781557064,57.0,115.0,"Tue, Aug  4, 2009","Wed, Aug  5, 2009"
5776,Valdosta Regional Airport,Valdosta,United States,VLD,KVLD,30.7825,-83.2767,203,-5,A,"Valdosta, GA",91,91,91,91,4.230769230769231,14.021978021978027,10.0,74.0,"Fri, Aug 14, 2009","Sun, Aug  2, 2009"
3873,Eglin AFB,Valparaiso,United States,VPS,KVPS,30.48325,-86.5254,87,-6,A,"Valparaiso, FL",620,618,628,627,6.969354838709678,14.014563106796123,56.0,77.0,"Wed, Aug 12, 2009","Thu, Aug 27, 2009"
5969,Wrangell Airport,Wrangell,United States,WRG,PAWG,56.4843,-132.37,44,-9,A,"Wrangell, AK",61,61,62,62,3.6065573770491803,9.081967213114755,6.0,26.0,"Sun, Aug 23, 2009","Tue, Aug 25, 2009"
7072,Yellowstone Airport,West Yellowstone,United States,WYS,KWYS,44.688333,-111.1175,6644,-7,A,"West Yellowstone, MT",72,72,72,72,3.3194444444444446,9.013888888888884,6.0,42.0,"Mon, Aug 17, 2009","Sat, Aug  1, 2009"
4356,NW Arkansas Regional,Bentonville,United States,XNA,KXNA,36.2818694,-94.3068111,1287,-6,A,"Fayetteville, AR",1166,1156,1188,1187,4.7409948542024,12.687716262975789,30.0,111.0,"Thu, Aug  6, 2009","Sun, Aug  2, 2009"
6803,Yakutat,Yakutat,United States,YAK,PAYA,59.3012,-139.3937,33,-9,A,"Yakutat, AK",62,62,62,62,3.935483870967742,9.838709677419354,7.0,25.0,"Mon, Aug  3, 2009","Fri, Aug 21, 2009"
3596,Yuma MCAS Yuma International,Yuma,United States,YUM,KYUM,32.656578,-114.60598,216,-7,N,"Yuma, AZ",256,253,258,258,4.8867187499999964,12.395256916996047,18.0,45.0,"Sun, Aug 16, 2009","Thu, Aug 13, 2009"
2883,Cyril E. King,St. Thomas,Virgin Islands,STT,TIST,18.337306,-64.973361,23,-4,U,"Charlotte Amalie, VI",222,223,222,223,5.427927927927928,13.748878923766815,19.0,36.0,"Sun, Aug 30, 2009","Fri, Aug 14, 2009"
2884,Henry E. Rohlsen,St. Croix Island,Virgin Islands,STX,TISX,17.701889,-64.798556,74,-4,U,"Christiansted, VI",34,34,34,34,3.8529411764705883,12.764705882352942,8.0,61.0,"Tue, Aug  4, 2009","Sat, Aug  1, 2009"
2885,Rafael Hernndez,Aguadilla,Puerto Rico,BQN,TJBQ,18.494861,-67.129444,237,-4,U,"Aguadilla, PR",133,135,134,135,4.428571428571427,11.111111111111114,15.0,27.0,"Mon, Aug 17, 2009","Mon, Aug  3, 2009"
2889,Aeropuerto Mercedita,Ponce,Puerto Rico,PSE,TJPS,18.008306,-66.563028,29,-4,U,"Ponce, PR",61,60,62,62,4.44262295081967,11.299999999999995,12.0,28.0,"Sun, Aug  2, 2009","Mon, Aug 17, 2009"
2890,Luis Muoz Marn International,San Juan,Puerto Rico,SJU,TJSJ,18.439417,-66.001833,9,-4,U,"San Juan, PR",1801,1802,1807,1809,5.792337590227644,13.726970033296334,98.0,89.0,"Wed, Aug 12, 2009","Wed, Aug 12, 2009"
