airport_id,name,city,country,iata_faa,iaco,latitude,longitude,altitude,zone,dst,city_state,avg_able_landings,avg_able_takeoffs,total_landings,total_takeoffs,avg_taxi_in,avg_taxi_out,longest_taxi_in,longest_taxi_out,lng_tx_in_date,lng_tx_out_date
4355,Lehigh Valley International,Allentown,United States,ABE,KABE,40.652083,-75.440806,393,-5,A,"Allentown/Bethlehem/Easton, PA",325,323,327,326,4.058461538461541,12.780185758513923,10.0,77.0,"Wed, May 13, 2009","Thu, May 14, 2009"
3718,Abilene Regional,Abilene,United States,ABI,KABI,32.411319,-99.681897,1791,-6,A,"Abilene, TX",207,204,212,212,3.560386473429951,7.769607843137256,12.0,72.0,"Tue, May 19, 2009","Sat, May  2, 2009"
4019,Albuquerque International Sunport,Albuquerque,United States,ABQ,KABQ,35.0402222,-106.6091944,5355,-7,A,"Albuquerque, NM",3085,3078,3101,3101,5.1792544570502645,10.158869395711513,30.0,58.0,"Thu, May 21, 2009","Tue, May 12, 2009"
5715,Southwest Georgia Regional Airport,Albany,United States,ABY,KABY,31.5355,-84.1945,197,-5,A,"Albany, GA",85,85,86,86,3.3411764705882354,10.30588235294118,6.0,50.0,"Fri, May  1, 2009","Thu, May 21, 2009"
3517,Nantucket Memorial,Nantucket,United States,ACK,KACK,41.253053,-70.060181,48,-5,A,"Nantucket, MA",10,10,10,10,3.7,25.4,6.0,84.0,"Sun, May 24, 2009","Sun, May 24, 2009"
3700,Waco Regional,Waco,United States,ACT,KACT,31.611289,-97.230519,516,-6,A,"Waco, TX",142,142,148,148,3.6549295774647885,8.21830985915493,11.0,58.0,"Wed, May 20, 2009","Sun, May 24, 2009"
4384,Arcata,Arcata CA,United States,ACV,KACV,40.978111,-124.108611,221,-8,A,"Arcata/Eureka, CA",289,290,297,297,4.173010380622839,9.417241379310346,11.0,31.0,"Sat, May 16, 2009","Sat, May  2, 2009"
5959,Adak Airport,Adak Island,United States,ADK,PADK,51.878,-176.646,18,-10,A,"Adak Island, AK",9,9,9,9,4.333333333333333,8.444444444444445,5.0,23.0,"Thu, May  7, 2009","Thu, May 21, 2009"
3531,Kodiak,Kodiak,United States,ADQ,PADQ,57.749967,-152.493856,78,-9,A,"Kodiak, AK",49,49,52,52,2.9591836734693877,5.489795918367347,7.0,13.0,"Wed, May 27, 2009","Thu, May 28, 2009"
3852,Alexandria International,Alexandria,United States,AEX,KAEX,31.3274,-92.549833,89,-6,A,"Alexandria, LA",224,222,227,226,2.9374999999999996,11.986486486486486,7.0,48.0,"Thu, May 28, 2009","Wed, May  6, 2009"
3658,Augusta Regional At Bush Field,Bush Field,United States,AGS,KAGS,33.369944,-81.9645,144,-5,A,"Augusta, GA",275,275,277,277,3.327272727272727,18.3090909090909,6.0,105.0,"Fri, May 15, 2009","Sun, May 17, 2009"
3864,Albany International,Albany,United States,ALB,KALB,42.748267,-73.801692,285,-5,A,"Albany, NY",1023,1019,1029,1029,4.251221896383185,13.474975466143277,28.0,123.0,"Sun, May 17, 2009","Mon, May 11, 2009"
5718,Waterloo Regional Airport,Waterloo,United States,ALO,KALO,42.5571,-92.4003,873,-6,A,"Waterloo, IA",30,30,31,31,3.766666666666667,14.366666666666667,12.0,31.0,"Wed, May 13, 2009","Fri, May  8, 2009"
3840,Rick Husband Amarillo International,Amarillo,United States,AMA,KAMA,35.219369,-101.705931,3607,-6,A,"Amarillo, TX",590,590,600,600,4.574576271186449,8.494915254237288,32.0,139.0,"Thu, May 14, 2009","Fri, May  1, 2009"
3774,Ted Stevens Anchorage International,Anchorage,United States,ANC,PANC,61.174361,-149.996361,152,-9,A,"Anchorage, AK",1496,1498,1506,1503,4.488636363636362,12.515353805073431,30.0,49.0,"Sun, May 24, 2009","Sun, May 17, 2009"
7001,Aspen/Pitkin County-Sardy Field,Aspen,United States,ASE,KASE,39.2232,-106.869,7820,-7,A,"Aspen, CO",217,217,221,221,2.9493087557603697,10.682027649769582,25.0,56.0,"Sat, May 30, 2009","Mon, May 25, 2009"
3682,Hartsfield Jackson Atlanta International,Atlanta,United States,ATL,KATL,33.636719,-84.428067,1026,-5,A,"Atlanta, GA",34893,34966,35135,35131,10.745077809302709,21.99779786077893,80.0,168.0,"Wed, May  6, 2009","Fri, May 29, 2009"
4047,Appleton,Appleton,United States,ATW,KATW,44.257526,-88.507576,680,-6,A,"Appleton, WI",424,424,430,430,4.103773584905662,10.528301886792457,12.0,75.0,"Fri, May  1, 2009","Wed, May  6, 2009"
3673,Austin Bergstrom International,Austin,United States,AUS,KAUS,30.194528,-97.669889,542,-6,A,"Austin, TX",3532,3530,3547,3547,4.939411098527742,12.592351274787536,47.0,167.0,"Thu, May 14, 2009","Thu, May 14, 2009"
4007,Asheville Regional Airport,Asheville,United States,AVL,KAVL,35.436194,-82.541806,2165,-5,A,"Asheville, NC",386,386,387,388,3.0932642487046644,17.927461139896355,10.0,87.0,"Tue, May 26, 2009","Fri, May  8, 2009"
4286,Wilkes Barre Scranton International,Scranton,United States,AVP,KAVP,41.338478,-75.723403,962,-5,A,"Scranton/Wilkes-Barre, PA",203,202,205,205,3.7339901477832513,12.079207920792078,10.0,44.0,"Thu, May 28, 2009","Wed, May 27, 2009"
4039,Kalamazoo,Kalamazoo,United States,AZO,KAZO,42.234875,-85.552058,874,-5,A,"Kalamazoo, MI",232,230,235,234,3.689655172413793,10.530434782608696,12.0,78.0,"Mon, May  4, 2009","Wed, May  6, 2009"
3825,Bradley International,Windsor Locks,United States,BDL,KBDL,41.938889,-72.683222,173,-5,A,"Hartford, CT",2162,2153,2170,2169,4.55411655874191,13.065490013934053,32.0,107.0,"Tue, May  5, 2009","Mon, May  4, 2009"
3599,Bethel,Bethel,United States,BET,PABE,60.779778,-161.838,121,-9,A,"Bethel, AK",86,86,86,86,3.2325581395348837,5.8604651162790695,5.0,17.0,"Fri, May  1, 2009","Sun, May 17, 2009"
3558,Meadows Field,Bakersfield,United States,BFL,KBFL,35.433598,-119.05677,507,-8,A,"Bakersfield, CA",285,284,288,288,4.221052631578949,10.408450704225352,14.0,41.0,"Sun, May  3, 2009","Tue, May 19, 2009"
4129,Greater Binghamton-Edwin A. Link Field,Binghamton,United States,BGM,KBGM,42.208689,-75.979839,1636,-5,A,"Binghamton, NY",54,53,56,56,4.6111111111111125,11.169811320754716,6.0,85.0,"Tue, May  5, 2009","Fri, May 15, 2009"
3463,Bangor International,Bangor,United States,BGR,KBGR,44.807444,-68.828139,192,-5,A,"Bangor, ME",265,262,266,266,5.2679245283018865,19.706106870228997,16.0,125.0,"Sun, May 10, 2009","Thu, May 14, 2009"
3811,Birmingham International,Birmingham,United States,BHM,KBHM,33.562942,-86.75355,644,-6,A,"Birmingham, AL",1765,1761,1781,1782,3.6288951841359776,13.315729699034643,36.0,124.0,"Sun, May 31, 2009","Tue, May  5, 2009"
4021,Billings Logan International Airport,Billings,United States,BIL,KBIL,45.80921,-108.537654,3652,-7,A,"Billings, MT",290,291,292,292,4.520689655172415,10.66323024054983,22.0,45.0,"Thu, May  7, 2009","Wed, May  6, 2009"
4083,Bismarck Municipal Airport,Bismarck,United States,BIS,KBIS,46.775842,-100.757931,1661,-6,A,"Bismarck/Mandan, ND",190,189,190,190,3.710526315789474,9.412698412698415,8.0,27.0,"Mon, May 18, 2009","Thu, May 28, 2009"
6962,Branson LLC,Branson,United States,BKG,KBBG,36.531994,-93.200556,1302,-6,A,"Branson, MO",42,42,42,42,5.452380952380953,11.119047619047617,23.0,41.0,"Tue, May 26, 2009","Sat, May 16, 2009"
4037,Central Illinois Regional,Bloomington,United States,BMI,KBMI,40.477111,-88.915917,871,-6,A,"Bloomington/Normal, IL",399,397,409,409,4.0476190476190474,11.851385390428208,12.0,64.0,"Sun, May  3, 2009","Wed, May  6, 2009"
3690,Nashville International,Nashville,United States,BNA,KBNA,36.124472,-86.678194,599,-6,A,"Nashville, TN",4675,4667,4699,4693,5.897326203208551,11.38204413970432,40.0,81.0,"Fri, May 15, 2009","Tue, May 26, 2009"
3495,Boise Air Terminal,Boise,United States,BOI,KBOI,43.564361,-116.222861,2871,-7,A,"Boise, ID",1128,1129,1128,1129,3.5913120567375896,10.232949512843236,21.0,95.0,"Fri, May 22, 2009","Fri, May 22, 2009"
3448,General Edward Lawrence Logan International,Boston,United States,BOS,KBOS,42.364347,-71.005181,19,-5,A,"Boston, MA",9144,9149,9310,9314,7.141513560804903,18.933981855940527,49.0,145.0,"Sat, May  9, 2009","Fri, May 29, 2009"
5725,Brunswick Golden Isles Airport,Brunswick,United States,BQK,KBQK,31.2588,-81.4665,26,-5,A,"Brunswick, GA",82,82,83,83,3.3536585365853657,9.939024390243903,10.0,35.0,"Sat, May  2, 2009","Thu, May 21, 2009"
3738,Brownsville South Padre Island International,Brownsville,United States,BRO,KBRO,25.906833,-97.425861,22,-6,A,"Brownsville, TX",115,116,116,116,4.808695652173917,10.129310344827582,18.0,31.0,"Tue, May 12, 2009","Mon, May 18, 2009"
3571,Wiley Post Will Rogers Memorial,Barrow,United States,BRW,PABR,71.285446,-156.766003,44,-9,A,"Barrow, AK",62,62,62,62,3.7903225806451615,5.499999999999999,7.0,23.0,"Wed, May 27, 2009","Fri, May 15, 2009"
4022,Bert Mooney Airport,Butte,United States,BTM,KBTM,45.954806,-112.497472,5550,-7,A,"Butte, MT",55,55,56,56,4.418181818181821,9.399999999999995,13.0,27.0,"Tue, May 19, 2009","Mon, May  4, 2009"
3846,Baton Rouge Metro-Ryan Field,Baton Rouge,United States,BTR,KBTR,30.533167,-91.149639,70,-6,A,"Baton Rouge, LA",784,782,796,796,4.529336734693877,12.95907928388747,30.0,219.0,"Thu, May 14, 2009","Sat, May  2, 2009"
3711,Burlington International,Burlington,United States,BTV,KBTV,44.471861,-73.153278,335,-5,A,"Burlington, VT",563,563,571,570,4.44582593250444,14.836589698046188,22.0,86.0,"Thu, May 14, 2009","Sat, May 16, 2009"
3820,Buffalo Niagara International,Buffalo,United States,BUF,KBUF,42.940525,-78.732167,724,-5,A,"Buffalo, NY",2154,2152,2166,2166,4.053389043639742,12.932620817843862,29.0,187.0,"Sun, May  3, 2009","Wed, May 13, 2009"
3644,Bob Hope,Burbank,United States,BUR,KBUR,34.200667,-118.358667,778,-8,A,"Burbank, CA",2324,2317,2339,2338,2.834337349397592,11.170479067760041,33.0,146.0,"Tue, May 26, 2009","Thu, May 14, 2009"
3849,Baltimore Washington International,Baltimore,United States,BWI,KBWI,39.175361,-76.668333,146,-5,A,"Baltimore, MD",8812,8796,8847,8845,5.448706309577863,13.5799226921328,60.0,251.0,"Wed, May 20, 2009","Fri, May 29, 2009"
4020,Gallatin Field,Bozeman,United States,BZN,KBZN,45.777643,-111.160151,4500,-7,A,"Bozeman, MT",266,265,266,266,4.270676691729325,11.543396226415094,17.0,31.0,"Mon, May 25, 2009","Fri, May  1, 2009"
3561,Columbia Metropolitan,Colombia,United States,CAE,KCAE,33.938833,-81.119528,236,-5,A,"Columbia, SC",854,854,868,869,4.05737704918033,14.20140515222483,11.0,128.0,"Sun, May 31, 2009","Sat, May  2, 2009"
4112,Akron Canton Regional Airport,Akron,United States,CAK,KCAK,40.9160833,-81.4421944,1228,-5,A,"Akron, OH",755,753,761,762,4.337748344370861,11.386454183266933,15.0,133.0,"Sun, May 24, 2009","Wed, May  6, 2009"
3824,Cedar City Regional,Cedar City,United States,CDC,KCDC,37.700967,-113.098847,5622,-7,A,"Cedar City, UT",57,57,57,57,2.8771929824561404,9.385964912280704,5.0,43.0,"Tue, May 26, 2009","Sat, May  2, 2009"
3610,Merle K. Mudhole Smith,Cordova,United States,CDV,PACV,60.491778,-145.477556,48,-9,A,"Cordova, AK",67,63,67,63,3.283582089552239,9.603174603174603,6.0,21.0,"Thu, May 21, 2009","Tue, May 26, 2009"
5727,Del Norte County Airport,Crescent City,United States,CEC,KCEC,41.7802,-124.237,57,-8,A,"Crescent City, CA",81,83,85,85,3.3209876543209877,13.060240963855422,7.0,71.0,"Mon, May  4, 2009","Fri, May  1, 2009"
3578,Lovell Field,Chattanooga,United States,CHA,KCHA,35.035278,-85.203808,683,-5,A,"Chattanooga, TN",397,397,399,399,3.8664987405541567,15.863979848866496,23.0,97.0,"Fri, May 15, 2009","Fri, May  8, 2009"
4015,Charlottesville-Albemarle,Charlottesville VA,United States,CHO,KCHO,38.138639,-78.452861,639,-5,A,"Charlottesville, VA",146,144,147,146,4.219178082191781,15.07638888888889,12.0,100.0,"Sat, May 30, 2009","Fri, May 15, 2009"
3806,Charleston AFB International,Charleston,United States,CHS,KCHS,32.898647,-80.040528,45,-5,A,"Charleston, SC",1243,1242,1257,1256,6.206757843925983,17.268921095008057,41.0,126.0,"Thu, May 14, 2009","Mon, May  4, 2009"
3710,Chico Municipal,Chico,United States,CIC,KCIC,39.795383,-121.858422,238,-8,A,"Chico, CA",108,109,112,112,3.2314814814814814,10.018348623853207,6.0,37.0,"Thu, May 21, 2009","Thu, May  7, 2009"
4043,Cedar Rapids,Cedar Rapids,United States,CID,KCID,41.884694,-91.710806,869,-6,A,"Cedar Rapids/Iowa City, IA",790,786,802,802,4.9215189873417735,10.15012722646312,25.0,144.0,"Tue, May 19, 2009","Tue, May 26, 2009"
4088,McClellan-Palomar Airport,Carlsbad,United States,CLD,KCRQ,33.0742,-117.1648,328,-8,A,"Carlsbad, CA",178,178,180,180,3.6741573033707864,9.297752808988763,7.0,37.0,"Tue, May 19, 2009","Fri, May 29, 2009"
3486,Cleveland Hopkins International,Cleveland,United States,CLE,KCLE,41.411689,-81.849794,791,-5,A,"Cleveland, OH",4830,4824,4847,4845,5.323188405797107,13.08727197346602,56.0,120.0,"Wed, May 27, 2009","Fri, May  1, 2009"
3715,Easterwood Field,College Station,United States,CLL,KCLL,30.588583,-96.363833,321,-6,A,"College Station/Bryan, TX",90,90,93,93,4.100000000000002,7.411111111111111,7.0,16.0,"Tue, May  5, 2009","Mon, May  4, 2009"
3876,Charlotte Douglas International,Charlotte,United States,CLT,KCLT,35.214,-80.943139,748,-5,A,"Charlotte, NC",9912,9923,9977,9978,7.010593220338993,21.9450770936209,116.0,238.0,"Thu, May 28, 2009","Thu, May  7, 2009"
3759,Port Columbus International,Columbus,United States,CMH,KCMH,39.997972,-82.891889,815,-5,A,"Columbus, OH",2615,2614,2634,2636,4.627533460803057,11.812165263963298,30.0,105.0,"Mon, May 18, 2009","Mon, May  4, 2009"
4049,Champaign,Champaign,United States,CMI,KCMI,40.03925,-88.278056,754,-6,A,"Champaign/Urbana, IL",197,198,202,202,3.736040609137056,10.489898989898995,9.0,110.0,"Sun, May  3, 2009","Wed, May 13, 2009"
5732,Houghton County Memorial Airport,Hancock,United States,CMX,KCMX,47.1684,-88.4891,1095,-5,A,"Hancock/Houghton, MI",60,60,62,62,7.533333333333332,11.100000000000003,14.0,21.0,"Mon, May  4, 2009","Sat, May  9, 2009"
4344,Yellowstone Regional,Cody,United States,COD,KCOD,44.520194,-109.023806,5102,-7,A,"Cody, WY",82,82,83,83,3.500000000000001,10.707317073170733,8.0,38.0,"Wed, May 20, 2009","Fri, May  1, 2009"
3819,City Of Colorado Springs Municipal,Colorado Springs,United States,COS,KCOS,38.805805,-104.700778,6187,-7,A,"Colorado Springs, CO",1090,1088,1098,1098,6.283486238532111,14.33547794117647,46.0,164.0,"Sat, May  2, 2009","Sat, May  2, 2009"
3872,Natrona County International,Casper,United States,CPR,KCPR,42.908,-106.464417,5347,-7,A,"Casper, WY",169,168,170,170,3.5384615384615383,9.785714285714283,9.0,32.0,"Sat, May 30, 2009","Sun, May 10, 2009"
3744,Corpus Christi International,Corpus Christi,United States,CRP,KCRP,27.770361,-97.501222,44,-6,A,"Corpus Christi, TX",424,424,428,428,4.070754716981124,9.825471698113203,14.0,53.0,"Thu, May 21, 2009","Sun, May 17, 2009"
4285,Yeager,Charleston,United States,CRW,KCRW,38.373147,-81.593189,981,-5,A,"Charleston/Dunbar, WV",251,254,254,257,3.091633466135458,11.358267716535433,9.0,55.0,"Sun, May 17, 2009","Thu, May 28, 2009"
4255,Columbus Metropolitan Airport,Columbus,United States,CSG,KCSG,32.5163333,-84.9388611,397,-5,A,"Columbus, GA",121,121,123,123,2.9669421487603307,11.51239669421488,5.0,98.0,"Sun, May 17, 2009","Tue, May 26, 2009"
3488,Cincinnati Northern Kentucky International,Cincinnati,United States,CVG,KCVG,39.048836,-84.667822,896,-5,A,"Cincinnati, OH",4838,4849,4894,4891,5.470442331541957,15.557434522581957,54.0,141.0,"Sat, May 30, 2009","Wed, May  6, 2009"
4045,Central Wisconsin,Wassau,United States,CWA,KCWA,44.772726,-89.646635,840,-6,A,"Mosinee, WI",266,266,267,266,3.7593984962406015,10.244360902255643,10.0,74.0,"Wed, May 20, 2009","Wed, May 27, 2009"
3950,Daytona Beach International,Daytona Beach,United States,DAB,KDAB,29.179917,-81.058056,34,-5,A,"Daytona Beach, FL",187,187,188,188,3.2834224598930493,14.481283422459892,9.0,99.0,"Sat, May 23, 2009","Mon, May  4, 2009"
3502,Dallas Love Field,Dallas,United States,DAL,KDAL,32.847111,-96.851778,487,-6,A,"Dallas, TX",4066,4071,4122,4123,3.675356615838663,9.519282731515595,36.0,145.0,"Thu, May 14, 2009","Thu, May 14, 2009"
3627,James M. Cox Dayton International,Dayton,United States,DAY,KDAY,39.902375,-84.219375,1009,-5,A,"Dayton, OH",1224,1223,1235,1236,5.360294117647065,12.112019623875714,20.0,91.0,"Tue, May 26, 2009","Mon, May  4, 2009"
4388,Dubuque Regional,Dubuque IA,United States,DBQ,KDBQ,42.402,-90.709472,1076,-6,A,"Dubuque, IA",87,87,88,88,3.6206896551724137,10.954022988505745,12.0,89.0,"Fri, May  8, 2009","Fri, May 15, 2009"
3520,Ronald Reagan Washington National,Washington,United States,DCA,KDCA,38.852083,-77.037722,15,-5,A,"Washington, DC",6812,6805,6899,6899,5.167351732237216,18.257457751653167,67.0,184.0,"Thu, May 28, 2009","Fri, May 29, 2009"
3751,Denver International,Denver,United States,DEN,KDEN,39.861656,-104.673178,5431,-7,A,"Denver, CO",19639,19659,19761,19768,8.257345078670008,14.945978940943098,104.0,133.0,"Sun, May 24, 2009","Sat, May 23, 2009"
3670,Dallas Fort Worth International,Dallas-fort Worth,United States,DFW,KDFW,32.896828,-97.037997,607,-6,A,"Dallas/Fort Worth, TX",21847,21887,22327,22324,9.681832745914788,16.243523552793746,190.0,151.0,"Sat, May  2, 2009","Tue, May 26, 2009"
3739,Dothan Regional,Dothan,United States,DHN,KDHN,31.321339,-85.449628,401,-6,A,"Dothan, AL",117,117,117,117,3.1196581196581197,14.658119658119658,7.0,49.0,"Sun, May 10, 2009","Thu, May 21, 2009"
3598,Duluth International,Duluth,United States,DLH,KDLH,46.842091,-92.193649,1428,-6,A,"Duluth, MN",168,168,170,170,5.767857142857143,11.196428571428573,26.0,57.0,"Thu, May 21, 2009","Wed, May 27, 2009"
3713,Durango La Plata County,Durango,United States,DRO,KDRO,37.151516,-107.75377,6685,-7,A,"Durango, CO",274,272,274,273,4.8832116788321205,10.599264705882353,32.0,51.0,"Mon, May 18, 2009","Thu, May 21, 2009"
3729,Des Moines International,Des Moines,United States,DSM,KDSM,41.533972,-93.663083,958,-6,A,"Des Moines, IA",1305,1301,1327,1328,4.572413793103446,11.877786318216762,57.0,86.0,"Fri, May 15, 2009","Thu, May 28, 2009"
3645,Detroit Metro Wayne County,Detroit,United States,DTW,KDTW,42.212444,-83.353389,645,-5,A,"Detroit, MI",12913,12949,12993,12996,10.410129327034744,19.428295621283503,52.0,138.0,"Wed, May 27, 2009","Thu, May  7, 2009"
5736,Elko Regional Airport,Elko,United States,EKO,KEKO,40.8249,-115.792,5140,-8,A,"Elko, NV",116,116,116,116,4.568965517241377,12.405172413793105,7.0,28.0,"Mon, May 18, 2009","Sat, May  2, 2009"
3946,Elmira Corning Regional,Elmira,United States,ELM,KELM,42.159889,-76.891611,954,-5,A,"Elmira/Corning, NY",107,107,107,107,4.803738317757007,11.728971962616823,11.0,61.0,"Sun, May 17, 2009","Wed, May 27, 2009"
3559,El Paso International,El Paso,United States,ELP,KELP,31.80725,-106.377583,3958,-7,A,"El Paso, TX",1629,1628,1636,1636,3.7071823204419907,10.227886977886973,34.0,53.0,"Fri, May 22, 2009","Fri, May 22, 2009"
4276,Erie International-Tom Ridge Field,Erie,United States,ERI,KERI,42.082022,-80.176217,733,-5,A,"Erie, PA",118,118,118,118,5.279661016949152,10.025423728813568,10.0,30.0,"Fri, May 15, 2009","Wed, May  6, 2009"
4099,Mahlon Sweet Field,Eugene,United States,EUG,KEUG,44.124583,-123.211972,374,-8,A,"Eugene, OR",398,396,401,401,3.798994974874372,10.477272727272723,15.0,49.0,"Wed, May 13, 2009","Fri, May  1, 2009"
4018,Evansville Regional,Evansville,United States,EVV,KEVV,38.036997,-87.532364,418,-6,A,"Evansville, IN",425,420,431,431,4.399999999999993,10.364285714285714,11.0,82.0,"Mon, May 18, 2009","Thu, May  7, 2009"
3730,Craven County Regional,New Bern,United States,EWN,KEWN,35.072972,-77.042944,18,-5,A,"New Bern/Morehead/Beaufort, NC",92,92,92,92,2.9673913043478266,8.880434782608695,6.0,23.0,"Fri, May 15, 2009","Wed, May  6, 2009"
3494,Newark Liberty International,Newark,United States,EWR,KEWR,40.6925,-74.168667,18,-5,A,"Newark, NJ",10035,10031,10216,10210,8.918186347782736,25.739706908583358,57.0,148.0,"Sun, May 24, 2009","Sat, May 16, 2009"
3875,Key West International,Key West,United States,EYW,KEYW,24.556111,-81.759556,3,-5,A,"Key West, FL",102,101,102,101,2.882352941176472,9.56435643564356,7.0,69.0,"Sat, May  9, 2009","Mon, May  4, 2009"
3832,Fairbanks International,Fairbanks,United States,FAI,PAFA,64.815114,-147.856267,434,-9,A,"Fairbanks, AK",368,366,368,366,3.3885869565217397,11.901639344262295,20.0,35.0,"Mon, May 25, 2009","Mon, May  4, 2009"
4292,Hector International Airport,Fargo,United States,FAR,KFAR,46.92065,-96.8157639,902,-6,A,"Fargo, ND",330,329,333,333,4.6030303030303035,11.930091185410339,9.0,64.0,"Tue, May 12, 2009","Wed, May 13, 2009"
3687,Fresno Yosemite International,Fresno,United States,FAT,KFAT,36.776194,-119.71814,336,-8,A,"Fresno, CA",981,976,985,985,4.264016309887874,10.162909836065573,17.0,51.0,"Tue, May 26, 2009","Sat, May  2, 2009"
5738,Fayetteville Regional-Grannis Field,Fayetteville,United States,FAY,KFAY,34.9912,-78.8803,189,-5,A,"Fayetteville, NC",284,283,287,287,4.158450704225348,13.939929328621911,15.0,88.0,"Sun, May  3, 2009","Wed, May  6, 2009"
4127,Glacier Park International,Kalispell,United States,FCA,KFCA,48.310472,-114.256,2977,-7,A,"Kalispell, MT",149,148,149,149,3.865771812080537,12.162162162162161,6.0,34.0,"Thu, May 21, 2009","Tue, May 19, 2009"
4261,Flagstaff Pulliam Airport,Flagstaff,United States,FLG,KFLG,35.140318,-111.6692392,7015,-7,N,"Flagstaff, AZ",131,130,133,133,5.557251908396947,15.62307692307692,13.0,38.0,"Mon, May 18, 2009","Thu, May 14, 2009"
3533,Fort Lauderdale Hollywood International,Fort Lauderdale,United States,FLL,KFLL,26.072583,-80.15275,9,-5,A,"Fort Lauderdale, FL",4964,4974,4980,4984,4.781224818694624,19.291515882589454,74.0,131.0,"Tue, May 26, 2009","Wed, May 27, 2009"
3879,Florence Regional,Florence,United States,FLO,KFLO,34.185361,-79.723889,146,-5,A,"Florence, SC",87,87,87,87,4.60919540229885,11.436781609195402,9.0,37.0,"Wed, May 20, 2009","Thu, May 21, 2009"
4089,Bishop International,Flint,United States,FNT,KFNT,42.965424,-83.743629,782,-5,A,"Flint, MI",566,567,572,573,4.213780918727911,10.730158730158738,28.0,126.0,"Thu, May  7, 2009","Wed, May  6, 2009"
4009,Sioux Falls,Sioux Falls,United States,FSD,KFSD,43.582014,-96.741914,1429,-6,A,"Sioux Falls, SD",425,423,427,426,5.376470588235296,13.406619385342792,12.0,74.0,"Thu, May  7, 2009","Wed, May 13, 2009"
3437,Fort Smith Regional,Fort Smith,United States,FSM,KFSM,35.336583,-94.367444,469,-6,A,"Fort Smith, AR",260,257,267,267,4.246153846153848,9.992217898832681,12.0,77.0,"Fri, May 29, 2009","Tue, May 26, 2009"
4041,Fort Wayne,Fort Wayne,United States,FWA,KFWA,40.978472,-85.195139,815,-5,A,"Fort Wayne, IN",432,433,439,439,4.180555555555553,11.327944572748263,13.0,97.0,"Wed, May 20, 2009","Wed, May  6, 2009"
4296,Gillette-Campbell County Airport,Gillette,United States,GCC,KGCC,44.3489167,-105.5393611,4365,-7,A,"Gillette, WY",122,122,122,122,4.114754098360654,12.975409836065573,24.0,40.0,"Thu, May 28, 2009","Fri, May  1, 2009"
3467,Spokane International,Spokane,United States,GEG,KGEG,47.619861,-117.533833,2376,-8,A,"Spokane, WA",1022,1019,1023,1023,4.429549902152635,10.971540726202162,11.0,37.0,"Mon, May 25, 2009","Sun, May 17, 2009"
3442,Grand Forks International,Grand Forks,United States,GFK,KGFK,47.949256,-97.176111,845,-6,A,"Grand Forks, ND",123,123,124,124,4.414634146341462,10.747967479674793,10.0,21.0,"Mon, May  4, 2009","Fri, May 22, 2009"
3465,East Texas Regional,Longview,United States,GGG,KGGG,32.384014,-94.711486,365,-6,A,"Longview, TX",59,58,62,62,4.5254237288135615,10.086206896551724,11.0,92.0,"Fri, May 22, 2009","Sat, May  2, 2009"
4063,Grand Junction Regional,Grand Junction,United States,GJT,KGJT,39.122413,-108.526735,4858,-7,A,"Grand Junction, CO",480,480,484,484,3.3687500000000004,11.202083333333333,12.0,74.0,"Sun, May 31, 2009","Mon, May 25, 2009"
3472,Gainesville Regional,Gainesville,United States,GNV,KGNV,29.690056,-82.271778,152,-5,A,"Gainesville, FL",222,221,224,224,3.099099099099099,13.285067873303172,8.0,91.0,"Mon, May 25, 2009","Mon, May  4, 2009"
4038,Gulfport-Biloxi,Gulfport,United States,GPT,KGPT,30.407278,-89.070111,28,-6,A,"Gulfport/Biloxi, MS",513,511,514,514,4.460038986354781,11.941291585127205,10.0,76.0,"Mon, May 11, 2009","Sun, May 24, 2009"
3653,Austin Straubel International,Green Bay,United States,GRB,KGRB,44.485072,-88.129589,695,-6,A,"Green Bay, WI",537,533,544,543,4.020484171322155,10.442776735459665,13.0,66.0,"Fri, May  1, 2009","Wed, May 13, 2009"
3775,Robert Gray AAF,Killeen,United States,GRK,KGRK,31.06725,-97.828917,1015,-6,A,"Killeen, TX",175,173,177,177,4.554285714285716,8.855491329479763,70.0,31.0,"Thu, May 21, 2009","Tue, May 12, 2009"
3685,Gerald R. Ford International,Grand Rapids,United States,GRR,KGRR,42.880833,-85.522806,794,-5,A,"Grand Rapids, MI",1141,1146,1153,1156,3.9325153374233115,12.500872600349044,18.0,96.0,"Mon, May 11, 2009","Wed, May  6, 2009"
4008,Piedmont Triad,Greensboro,United States,GSO,KGSO,36.09775,-79.937306,925,-5,A,"Greensboro/High Point, NC",872,873,881,882,4.24311926605504,15.573883161512027,23.0,106.0,"Sat, May  9, 2009","Mon, May  4, 2009"
4034,Greenville-Spartanburg International,Greenville,United States,GSP,KGSP,34.895556,-82.218889,964,-5,A,"Greer, SC",882,876,897,897,3.4467120181405897,14.498858447488585,27.0,70.0,"Sat, May  9, 2009","Sun, May  3, 2009"
3880,Great Falls International,Great Falls,United States,GTF,KGTF,47.482,-111.370689,3677,-7,A,"Great Falls, MT",146,146,146,146,5.020547945205481,9.397260273972604,10.0,33.0,"Mon, May 11, 2009","Wed, May 20, 2009"
4273,Golden Triangle Regional Airport,Columbus Mississippi,United States,GTR,KGTR,33.450333,-88.591361,264,-6,A,"Columbus, MS",56,57,56,57,3.3571428571428568,10.105263157894736,5.0,58.0,"Mon, May  4, 2009","Sat, May 16, 2009"
7051,Gunnison - Crested Butte,Gunnison,United States,GUC,KGUC,38.533889,-106.933056,7678,-7,A,"Gunnison, CO",56,56,56,56,2.517857142857143,12.178571428571429,5.0,43.0,"Thu, May  7, 2009","Fri, May  1, 2009"
4339,Yampa Valley,Hayden,United States,HDN,KHDN,40.481181,-107.21766,6602,-7,A,"Hayden, CO",62,62,62,62,3.661290322580645,11.919354838709678,5.0,35.0,"Thu, May 14, 2009","Sun, May 24, 2009"
3504,Helena Regional,Helena,United States,HLN,KHLN,46.606806,-111.98275,3877,-7,A,"Helena, MT",173,171,174,174,3.4104046242774566,10.2280701754386,16.0,25.0,"Sat, May  2, 2009","Tue, May 19, 2009"
3728,Honolulu International,Honolulu,United States,HNL,PHNL,21.318681,-157.922428,13,-10,N,"Honolulu, HI",4786,4793,4810,4811,6.292519849561224,12.976632589192581,39.0,46.0,"Fri, May 22, 2009","Fri, May 22, 2009"
3566,William P. Hobby,Houston,United States,HOU,KHOU,29.645419,-95.278889,46,-6,A,"Houston, TX",4343,4344,4416,4416,5.278379000690765,8.619475138121519,46.0,91.0,"Sun, May  3, 2009","Wed, May  6, 2009"
3589,Westchester County,White Plains,United States,HPN,KHPN,41.066959,-73.707575,439,-5,A,"White Plains, NY",882,880,887,886,5.293650793650788,14.993181818181823,41.0,118.0,"Tue, May 19, 2009","Tue, May 26, 2009"
3560,Valley International,Harlingen,United States,HRL,KHRL,26.2285,-97.654389,36,-6,A,"Harlingen/San Benito, TX",376,375,388,387,2.829787234042555,7.2266666666666675,16.0,24.0,"Mon, May 25, 2009","Fri, May  1, 2009"
4113,Huntsville International Airport-Carl T. Jones Field,Huntsville,United States,HSV,KHSV,34.6371944,-86.7750556,629,-6,A,"Huntsville, AL",848,845,854,854,5.983490566037734,15.596449704142012,84.0,99.0,"Fri, May  1, 2009","Sun, May  3, 2009"
3714,Washington Dulles International,Washington,United States,IAD,KIAD,38.944533,-77.455811,313,-5,A,"Washington, DC",5590,5594,5644,5641,6.881395348837209,19.541294243832713,97.0,271.0,"Fri, May 29, 2009","Fri, May 29, 2009"
3550,George Bush Intercontinental Houston,Houston,United States,IAH,KIAH,29.984433,-95.341442,97,-6,A,"Houston, TX",15165,15169,15187,15192,7.460863831190241,16.78554947590487,53.0,125.0,"Wed, May  6, 2009","Sat, May 16, 2009"
3457,Wichita Mid Continent,Wichita,United States,ICT,KICT,37.649944,-97.433056,1333,-6,A,"Wichita, KS",1093,1089,1098,1098,5.247026532479413,11.861340679522497,28.0,73.0,"Mon, May 11, 2009","Wed, May  6, 2009"
4100,Idaho Falls Regional,Idaho Falls,United States,IDA,KIDA,43.514556,-112.07075,4744,-7,A,"Idaho Falls, ID",234,234,234,234,4.128205128205126,10.525641025641022,19.0,28.0,"Fri, May 29, 2009","Wed, May 27, 2009"
3845,Wilmington International,Wilmington,United States,ILM,KILM,34.270615,-77.902569,32,-5,A,"Wilmington, NC",254,254,254,254,3.783464566929137,12.192913385826769,15.0,51.0,"Mon, May 11, 2009","Tue, May 26, 2009"
3585,Indianapolis International,Indianapolis,United States,IND,KIND,39.717331,-86.294383,797,-5,A,"Indianapolis, IN",3221,3220,3254,3252,5.86401738590501,13.062111801242242,51.0,140.0,"Mon, May  4, 2009","Wed, May 27, 2009"
3689,Imperial County,Imperial,United States,IPL,KIPL,32.834219,-115.578744,-54,-8,A,"El Centro, CA",56,56,56,56,3.3035714285714284,9.375,6.0,26.0,"Mon, May 25, 2009","Fri, May 22, 2009"
3857,Long Island MacArthur,Islip,United States,ISP,KISP,40.79525,-73.100222,99,-5,A,"Islip, NY",772,773,775,774,4.103626943005181,8.058214747736095,17.0,32.0,"Thu, May  7, 2009","Fri, May 29, 2009"
3947,Ithaca Tompkins Regional,Ithaca,United States,ITH,KITH,42.491028,-76.458444,1099,-5,A,"Ithaca/Cortland, NY",31,31,31,31,8.387096774193548,15.41935483870968,13.0,39.0,"Sat, May  2, 2009","Fri, May  8, 2009"
3415,Hilo International,Hilo,United States,ITO,PHTO,19.721375,-155.048469,38,-10,N,"Hilo, HI",733,733,734,734,4.836289222373801,8.152796725784448,13.0,20.0,"Fri, May  1, 2009","Sat, May 16, 2009"
7120,Inyokern Airport,Inyokern,United States,IYK,KIYK,35.658889,-117.829444,2455,-8,A,"Inyokern, CA",73,72,73,73,4.178082191780822,9.944444444444446,6.0,19.0,"Sat, May 16, 2009","Fri, May 29, 2009"
4027,Jackson Hole Airport,Jacksn Hole,United States,JAC,KJAC,43.60733333,-110.73775,6451,-7,A,"Jackson, WY",169,173,174,175,3.3491124260355027,12.190751445086706,30.0,35.0,"Sat, May  2, 2009","Fri, May  1, 2009"
3580,Jackson Evers International,Jackson,United States,JAN,KJAN,32.311167,-90.075889,346,-6,A,"Jackson/Vicksburg, MS",1030,1024,1040,1038,4.355339805825245,11.261718749999996,31.0,129.0,"Tue, May 12, 2009","Thu, May 14, 2009"
3712,Jacksonville International,Jacksonville,United States,JAX,KJAX,30.494056,-81.687861,30,-5,A,"Jacksonville, FL",2446,2448,2455,2457,5.3847097301717035,14.055147058823529,63.0,142.0,"Thu, May 14, 2009","Fri, May 29, 2009"
3797,John F. Kennedy International,New York,United States,JFK,KJFK,40.639751,-73.778925,13,-5,A,"New York, NY",10848,10864,10964,10969,10.784660766961645,35.79381443298972,93.0,267.0,"Fri, May  8, 2009","Sat, May 16, 2009"
3492,Juneau International,Juneau,United States,JNU,PAJN,58.354972,-134.576278,21,-9,A,"Juneau, AK",369,367,369,368,3.6558265582655824,13.226158038147137,10.0,46.0,"Mon, May  4, 2009","Mon, May 11, 2009"
3514,Kona International At Keahole,Kona,United States,KOA,PHKO,19.738767,-156.045631,47,-10,N,"Kona, HI",1070,1070,1078,1078,4.207476635514015,9.17196261682243,12.0,36.0,"Sat, May  9, 2009","Sat, May  2, 2009"
3808,Ketchikan International,Ketchikan,United States,KTN,PAKT,55.355556,-131.71375,88,-9,A,"Ketchikan, AK",201,201,201,201,4.124378109452733,11.05970149253731,12.0,32.0,"Fri, May  8, 2009","Thu, May 21, 2009"
3544,Capital City,Lansing,United States,LAN,KLAN,42.7787,-84.587357,861,-5,A,"Lansing, MI",231,230,234,234,3.6103896103896105,12.352173913043478,10.0,83.0,"Mon, May 18, 2009","Fri, May  8, 2009"
3877,McCarran International,Las Vegas,United States,LAS,KLAS,36.080056,-115.15225,2141,-8,A,"Las Vegas, NV",13289,13285,13345,13348,6.374144028896072,13.958825743319542,53.0,113.0,"Tue, May 26, 2009","Thu, May 14, 2009"
3484,Los Angeles International,Los Angeles,United States,LAX,KLAX,33.942536,-118.408075,126,-8,A,"Los Angeles, CA",16068,16077,16204,16199,8.113704256908141,13.960129377371386,64.0,142.0,"Sun, May 31, 2009","Thu, May 14, 2009"
3829,Lubbock Preston Smith International,Lubbock,United States,LBB,KLBB,33.663639,-101.822778,3282,-6,A,"Lubbock, TX",743,742,750,750,3.7994616419919245,8.99999999999999,27.0,53.0,"Sun, May 10, 2009","Thu, May 14, 2009"
3513,Lake Charles Regional,Lake Charles,United States,LCH,KLCH,30.126112,-93.223335,15,-6,A,"Lake Charles, LA",62,62,62,62,3.9838709677419355,10.951612903225806,6.0,20.0,"Sun, May 24, 2009","Tue, May 26, 2009"
4017,Blue Grass,Lexington KY,United States,LEX,KLEX,38.0365,-84.605889,979,-5,A,"Lexington, KY",750,747,756,756,4.52266666666666,13.190093708165993,27.0,80.0,"Sat, May  9, 2009","Tue, May 26, 2009"
3493,Lafayette Regional,Lafayette,United States,LFT,KLFT,30.205278,-91.987611,43,-6,A,"Lafayette, LA",405,405,408,408,4.814814814814813,11.893827160493828,12.0,109.0,"Fri, May 22, 2009","Tue, May 26, 2009"
3697,LaGuardia Airport,New York,United States,LGA,KLGA,40.777245,-73.872608,22,-5,A,"New York, NY",8181,8201,8489,8496,7.6376971030436325,24.12230215827339,68.0,205.0,"Thu, May 28, 2009","Fri, May 29, 2009"
3582,Long Beach,Long Beach,United States,LGB,KLGB,33.817722,-118.151611,60,-8,A,"Long Beach, CA",1256,1258,1261,1261,5.593152866242036,13.700317965023842,38.0,85.0,"Sun, May 31, 2009","Tue, May 26, 2009"
3602,Lihue,Lihue,United States,LIH,PHLI,21.975983,-159.338958,153,-10,N,"Lihue, HI",1043,1039,1047,1047,5.219558964525404,7.7439846005774715,36.0,28.0,"Sat, May 23, 2009","Fri, May  8, 2009"
3660,Adams Field,Little Rock,United States,LIT,KLIT,34.729444,-92.224306,262,-6,A,"Little Rock, AR",1274,1271,1281,1281,4.944270015698587,11.653029110936291,40.0,102.0,"Thu, May  7, 2009","Sun, May  3, 2009"
5750,Klamath Falls Airport,Klamath Falls,United States,LMT,KLMT,42.1561,-121.733,4095,-8,A,"Klamath Falls, OR",124,123,124,124,3.556451612903226,9.756097560975608,8.0,33.0,"Sat, May 16, 2009","Sun, May 31, 2009"
3543,Lincoln,Lincoln,United States,LNK,KLNK,40.850971,-96.75925,1219,-6,A,"Lincoln, NE",247,246,248,249,3.995951417004049,9.174796747967484,20.0,48.0,"Sun, May 31, 2009","Tue, May 12, 2009"
3691,Laredo International,Laredo,United States,LRD,KLRD,27.54375,-99.461556,508,-6,A,"Laredo, TX",216,215,219,219,3.4444444444444446,9.795348837209302,9.0,35.0,"Wed, May 20, 2009","Thu, May 21, 2009"
4044,LaCrosse Municipal,LaCrosse,United States,LSE,KLSE,43.878986,-91.256711,654,-6,A,"La Crosse, WI",200,197,204,203,3.395,9.63451776649747,11.0,50.0,"Sat, May  9, 2009","Fri, May 15, 2009"
6958,Greenbrier Valley Airport,Lewisburg,United States,LWB,KLWB,37.858333,-80.399444,2302,-5,U,"Lewisburg, WV",14,14,14,14,2.5,12.857142857142858,4.0,50.0,"Wed, May 27, 2009","Sun, May  3, 2009"
3945,Lewiston Nez Perce County,Lewiston,United States,LWS,KLWS,46.3745,-117.015389,1442,-8,A,"Lewiston, ID",52,52,52,52,5.115384615384615,9.884615384615385,7.0,22.0,"Sun, May 10, 2009","Sat, May  9, 2009"
5753,Lynchburg Regional-Preston Glenn Field,Lynchburg,United States,LYH,KLYH,37.3267,-79.2004,938,-5,A,"Lynchburg, VA",83,83,83,83,3.2048192771084336,14.373493975903614,7.0,36.0,"Thu, May 21, 2009","Fri, May  1, 2009"
3652,Midland International,Midland,United States,MAF,KMAF,31.942528,-102.201914,2871,-6,A,"Midland/Odessa, TX",621,620,628,627,3.420289855072464,8.63225806451614,35.0,39.0,"Sun, May 31, 2009","Sun, May 10, 2009"
4128,MBS International,Saginaw,United States,MBS,KMBS,43.532913,-84.079647,668,-5,A,"Saginaw/Bay City/Midland, MI",247,247,252,252,3.6437246963562755,12.303643724696355,8.0,38.0,"Fri, May 15, 2009","Sat, May  2, 2009"
3458,Kansas City International,Kansas City,United States,MCI,KMCI,39.297606,-94.713905,1026,-6,A,"Kansas City, MO",4270,4265,4291,4289,5.616393442622952,12.153106682297791,67.0,114.0,"Fri, May 15, 2009","Fri, May  1, 2009"
3878,Orlando International,Orlando,United States,MCO,KMCO,28.429394,-81.308994,96,-5,A,"Orlando, FL",10466,10467,10498,10498,7.187750812153641,13.382726664755882,145.0,156.0,"Tue, May 12, 2009","Fri, May 29, 2009"
3542,Harrisburg International,Harrisburg,United States,MDT,KMDT,40.193494,-76.763403,310,-5,A,"Harrisburg, PA",556,551,560,560,4.31474820143885,13.052631578947368,17.0,100.0,"Fri, May 29, 2009","Wed, May 13, 2009"
3747,Chicago Midway International,Chicago,United States,MDW,KMDW,41.785972,-87.752417,620,-6,A,"Chicago, IL",7289,7287,7322,7322,4.874331183975868,11.112117469466188,42.0,136.0,"Wed, May  6, 2009","Tue, May 26, 2009"
4335,Key Field,Meridian,United States,MEI,KMEI,32.332624,-88.751868,297,-6,A,"Meridian, MS",56,56,56,56,3.892857142857143,12.82142857142857,6.0,81.0,"Thu, May 14, 2009","Sun, May  3, 2009"
3473,Memphis International,Memphis,United States,MEM,KMEM,35.042417,-89.976667,341,-6,A,"Memphis, TN",5913,5922,5958,5957,7.412819211905973,16.75227963525835,49.0,119.0,"Wed, May 27, 2009","Fri, May 29, 2009"
3826,McAllen Miller International,Mcallen,United States,MFE,KMFE,26.175833,-98.238611,107,-6,A,"Mission/McAllen/Edinburg, TX",380,379,382,382,4.389473684210528,10.482849604221641,20.0,45.0,"Mon, May  4, 2009","Sun, May 24, 2009"
4101,Rogue Valley International Medford,Medford,United States,MFR,KMFR,42.374228,-122.8735,1335,-8,A,"Medford, OR",383,381,384,384,3.5352480417754575,9.593175853018371,8.0,44.0,"Wed, May 27, 2009","Sun, May 31, 2009"
4115,Montgomery Regional Airport ,MONTGOMERY,United States,MGM,KMGM,32.3006389,-86.3939722,221,-6,A,"Montgomery, AL",319,319,322,322,3.47962382445141,19.100313479623814,17.0,86.0,"Sat, May 30, 2009","Fri, May  8, 2009"
4011,Manchester Regional Airport,Manchester NH,United States,MHT,KMHT,42.932556,-71.435667,266,-5,A,"Manchester, NH",1323,1325,1331,1332,4.422524565381718,11.966037735849044,18.0,106.0,"Wed, May 27, 2009","Thu, May 14, 2009"
3576,Miami International,Miami,United States,MIA,KMIA,25.79325,-80.290556,8,-5,A,"Miami, FL",5477,5476,5510,5510,8.273324812853781,18.309167275383455,136.0,161.0,"Mon, May 18, 2009","Thu, May 28, 2009"
3717,General Mitchell International,Milwaukee,United States,MKE,KMKE,42.947222,-87.896583,723,-6,A,"Milwaukee, WI",3708,3712,3763,3758,5.05771305285868,12.565193965517242,34.0,142.0,"Wed, May 13, 2009","Sun, May 24, 2009"
3671,Melbourne International,Melbourne,United States,MLB,KMLB,28.102753,-80.645258,33,-5,A,"Melbourne, FL",171,170,172,172,3.6198830409356724,14.635294117647058,12.0,56.0,"Mon, May 18, 2009","Tue, May 12, 2009"
4072,Quad City International,Moline,United States,MLI,KMLI,41.448528,-90.507539,590,-6,A,"Moline, IL",790,790,798,798,3.659493670886076,11.188607594936702,8.0,110.0,"Fri, May 29, 2009","Thu, May 14, 2009"
3732,Monroe Regional,Monroe,United States,MLU,KMLU,32.510864,-92.037689,79,-6,A,"Monroe, LA",206,206,211,211,3.368932038834952,8.932038834951461,8.0,39.0,"Mon, May 11, 2009","Tue, May 26, 2009"
3782,Mobile Regional,Mobile,United States,MOB,KMOB,30.691231,-88.242814,219,-6,A,"Mobile, AL",533,532,537,537,3.6585365853658542,12.332706766917294,13.0,97.0,"Sun, May 10, 2009","Wed, May  6, 2009"
3816,Modesto City County Harry Sham,Modesto,United States,MOD,KMOD,37.625817,-120.954422,97,-8,A,"Modesto, CA",134,132,136,136,2.35820895522388,9.848484848484848,5.0,60.0,"Fri, May  1, 2009","Fri, May  1, 2009"
3498,Minot International,Minot,United States,MOT,KMOT,48.259378,-101.280333,1716,-6,A,"Minot, ND",32,33,32,33,5.9375,9.393939393939394,9.0,15.0,"Tue, May 12, 2009","Fri, May 29, 2009"
6838,Sawyer International Airport,Marquette,United States,MQT,KMQT,46.353611,-87.395278,1221,-5,A,"Marquette, MI",31,31,31,31,4.161290322580645,8.96774193548387,9.0,44.0,"Thu, May  7, 2009","Wed, May 13, 2009"
3948,Monterey Peninsula,Monterey,United States,MRY,KMRY,36.587,-121.842944,257,-8,A,"Monterey, CA",517,518,527,526,3.4526112185686655,10.816602316602314,20.0,75.0,"Sat, May  9, 2009","Thu, May 14, 2009"
3459,Dane County Regional-Truax Field,Madison,United States,MSN,KMSN,43.139858,-89.337514,887,-6,A,"Madison, WI",1126,1120,1135,1136,4.031971580817044,12.402678571428575,19.0,81.0,"Sun, May  3, 2009","Sat, May  9, 2009"
4216,Missoula International,Missoula,United States,MSO,KMSO,46.916306,-114.090556,3205,-7,A,"Missoula, MT",235,235,235,235,4.646808510638298,10.242553191489364,10.0,54.0,"Sat, May  9, 2009","Tue, May 12, 2009"
3858,Minneapolis St. Paul International,Minneapolis,United States,MSP,KMSP,44.881956,-93.221767,841,-6,A,"Minneapolis, MN",10271,10292,10347,10352,7.712296757861944,17.26010493587247,57.0,183.0,"Sun, May  3, 2009","Tue, May 26, 2009"
3861,Louis Armstrong New Orleans International,New Orleans,United States,MSY,KMSY,29.993389,-90.258028,4,-6,A,"New Orleans, LA",3086,3084,3092,3094,4.315618924173688,11.401102464332036,33.0,136.0,"Thu, May 14, 2009","Sun, May 24, 2009"
6880,Montrose Regional Airport,Montrose CO,United States,MTJ,KMTJ,38.509794,-107.894242,5759,-7,A,"Montrose/Delta, CO",129,129,129,129,3.7596899224806197,11.57364341085271,13.0,53.0,"Sun, May 31, 2009","Tue, May 12, 2009"
3515,Myrtle Beach International,Myrtle Beach,United States,MYR,KMYR,33.67975,-78.928333,25,-5,A,"Myrtle Beach, SC",426,425,429,429,4.023474178403756,17.9341176470588,15.0,127.0,"Sat, May  2, 2009","Tue, May 26, 2009"
4386,Albert J. Ellis,Jacksonville NC,United States,OAJ,KOAJ,34.829164,-77.612139,94,-5,A,"Jacksonville/Camp Lejeune, NC",135,133,135,135,2.6888888888888887,11.233082706766917,5.0,61.0,"Fri, May 22, 2009","Mon, May  4, 2009"
3453,Metropolitan Oakland International,Oakland,United States,OAK,KOAK,37.721278,-122.220722,9,-8,A,"Oakland, CA",4243,4243,4285,4286,5.2538298373792145,8.938486919632306,31.0,76.0,"Tue, May 26, 2009","Sat, May 16, 2009"
3456,Kahului,Kahului,United States,OGG,PHOG,20.89865,-156.430458,54,-10,N,"Kahului, HI",1731,1728,1736,1736,5.339688041594454,8.18055555555555,24.0,142.0,"Thu, May  7, 2009","Sun, May 31, 2009"
3863,Will Rogers World,Oklahoma City,United States,OKC,KOKC,35.393089,-97.600733,1295,-6,A,"Oklahoma City, OK",1788,1786,1795,1796,4.929530201342292,11.002239641657324,57.0,101.0,"Thu, May 21, 2009","Sat, May  2, 2009"
3454,Eppley Airfield,Omaha,United States,OMA,KOMA,41.303167,-95.894069,984,-6,A,"Omaha, NE",2327,2320,2344,2345,4.664374731413843,11.649568965517261,52.0,106.0,"Thu, May 21, 2009","Sun, May 24, 2009"
3615,Nome,Nome,United States,OME,PAOM,64.512203,-165.445247,37,-9,A,"Nome, AK",84,89,93,93,3.4285714285714284,4.696629213483146,6.0,29.0,"Mon, May  4, 2009","Mon, May  4, 2009"
3734,Ontario International,Ontario,United States,ONT,KONT,34.056,-117.601194,944,-8,A,"Ontario, CA",2200,2189,2206,2202,4.330909090909089,9.919597989949754,26.0,61.0,"Wed, May 13, 2009","Wed, May 27, 2009"
3830,Chicago O'Hare International,Chicago,United States,ORD,KORD,41.978603,-87.904842,668,-6,A,"Chicago, IL",26046,26120,26509,26510,9.089380327113567,17.34456355283293,66.0,214.0,"Fri, May  1, 2009","Thu, May 14, 2009"
3611,Norfolk International,Norfolk,United States,ORF,KORF,36.894611,-76.201222,26,-5,A,"Norfolk, VA",1271,1269,1274,1273,4.520062942564902,13.21907013396375,32.0,91.0,"Fri, May 29, 2009","Fri, May  8, 2009"
5757,Southwest Oregon Regional Airport,North Bend,United States,OTH,KOTH,43.4171,-124.246,17,-8,A,"North Bend/Coos Bay, OR",121,121,124,124,2.78512396694215,10.884297520661155,5.0,53.0,"Fri, May 29, 2009","Sun, May 17, 2009"
3693,Ralph Wien Memorial,Kotzebue,United States,OTZ,PAOT,66.884678,-162.59855,11,-9,A,"Kotzebue, AK",86,86,93,93,3.2674418604651163,4.872093023255814,5.0,10.0,"Fri, May  1, 2009","Thu, May  7, 2009"
6961,Oxnard - Ventura County,Oxnard,United States,OXR,KOXR,34.200833,-119.207222,15,-8,A,"Oxnard/Ventura, CA",100,99,102,102,3.23,9.080808080808081,5.0,22.0,"Wed, May 27, 2009","Fri, May 29, 2009"
3722,Palm Beach International,West Palm Beach,United States,PBI,KPBI,26.683161,-80.095589,19,-5,A,"West Palm Beach/Palm Beach, FL",2002,2004,2005,2006,4.740259740259738,13.153193612774452,40.0,88.0,"Thu, May 28, 2009","Mon, May 25, 2009"
3720,Portland International,Portland,United States,PDX,KPDX,45.588722,-122.5975,30,-8,A,"Portland, OR",4458,4467,4478,4477,4.216464782413643,12.743228117304685,25.0,75.0,"Sat, May 16, 2009","Tue, May  5, 2009"
4073,Panama City Bay County International,Panama City,United States,PFN,KPFN,30.212083,-85.682806,20,-6,A,"Panama City, FL",327,327,327,327,3.0244648318042824,13.19571865443425,7.0,88.0,"Sun, May 24, 2009","Sun, May  3, 2009"
3633,Newport News Williamsburg International,Newport News,United States,PHF,KPHF,37.131894,-76.492989,43,-5,A,"Newport News/Williamsburg, VA",517,515,520,519,4.7930367504835605,12.541747572815535,35.0,89.0,"Sat, May  9, 2009","Fri, May  1, 2009"
3752,Philadelphia International,Philadelphia,United States,PHL,KPHL,39.871944,-75.241139,36,-5,A,"Philadelphia, PA",8038,8036,8156,8151,7.529236128390154,25.174216027874564,69.0,174.0,"Mon, May 25, 2009","Fri, May 29, 2009"
3462,Phoenix Sky Harbor International,Phoenix,United States,PHX,KPHX,33.434278,-112.011583,1135,-7,N,"Phoenix, AZ",15555,15615,15716,15715,7.259273545483765,14.743836055075233,78.0,103.0,"Mon, May 18, 2009","Fri, May 22, 2009"
4046,Peoria Regional,Peoria,United States,PIA,KPIA,40.664203,-89.693258,660,-6,A,"Peoria, IL",436,436,450,449,4.032110091743119,10.97935779816513,26.0,52.0,"Sat, May 30, 2009","Tue, May 26, 2009"
5760,Pocatello Regional Airport,Pocatello,United States,PIH,KPIH,42.9098,-112.596,4452,-7,A,"Pocatello, ID",119,119,119,119,2.7983193277310923,9.226890756302517,5.0,26.0,"Mon, May 11, 2009","Tue, May 12, 2009"
3570,Pittsburgh International,Pittsburgh (pennsylva),United States,PIT,KPIT,40.491467,-80.232872,1204,-5,A,"Pittsburgh, PA",2984,2981,3007,3005,6.2469839142091175,14.9020462931902,82.0,152.0,"Sun, May 24, 2009","Mon, May  4, 2009"
5762,Pellston Regional Airport of Emmet County Airport,Pellston,United States,PLN,KPLN,45.5709,-84.7967,720,-5,A,"Pellston, MI",60,59,61,61,4.833333333333333,11.423728813559322,8.0,23.0,"Fri, May 22, 2009","Thu, May 28, 2009"
3564,Pensacola Regional,Pensacola,United States,PNS,KPNS,30.473425,-87.186611,121,-6,A,"Pensacola, FL",792,790,798,797,4.5404040404040344,12.482278481012653,19.0,73.0,"Mon, May 11, 2009","Fri, May  1, 2009"
6133,Tri Cities Airport,Pasco,United States,PSC,PSC,46.2647,-119.119,410,-8,A,"Pasco/Kennewick/Richland, WA",176,176,176,176,4.431818181818182,9.272727272727268,9.0,33.0,"Sun, May 17, 2009","Wed, May 20, 2009"
4147,Petersburg James A. Johnson,Petersburg,United States,PSG,PAPG,56.801667,-132.945278,105,-9,A,"Petersburg, AK",62,62,62,62,3.4193548387096775,11.58064516129032,6.0,34.0,"Sun, May  3, 2009","Thu, May  7, 2009"
3839,Palm Springs International,Palm Springs,United States,PSP,KPSP,33.829667,-116.506694,477,-8,A,"Palm Springs, CA",926,925,930,930,4.722462203023754,12.188108108108112,18.0,42.0,"Sat, May 30, 2009","Fri, May 22, 2009"
3641,Theodore Francis Green State,Providence,United States,PVD,KPVD,41.732581,-71.420383,55,-5,A,"Providence, RI",1569,1568,1571,1571,4.653919694072652,12.598852040816327,30.0,148.0,"Tue, May 12, 2009","Sat, May  9, 2009"
3862,Portland International Jetport,Portland,United States,PWM,KPWM,43.646161,-70.309281,77,-5,A,"Portland, ME",560,556,565,566,3.8553571428571427,13.76798561151079,21.0,118.0,"Sun, May 17, 2009","Thu, May  7, 2009"
4087,Rapid City Regional Airport,Rapid City,United States,RAP,KRAP,44.045278,-103.057222,3204,-7,A,"Rapid City, SD",416,414,417,415,4.055288461538461,10.417874396135275,9.0,49.0,"Fri, May  8, 2009","Tue, May 19, 2009"
4098,Redding Municipal,Redding,United States,RDD,KRDD,40.509,-122.293389,504,-8,A,"Redding, CA",116,116,117,117,3.6379310344827585,9.30172413793104,7.0,44.0,"Tue, May 12, 2009","Sat, May 23, 2009"
4103,Roberts Field,Redmond-Bend,United States,RDM,KRDM,44.254066,-121.149964,3077,-8,A,"Bend/Redmond, OR",263,261,265,265,3.4714828897338403,10.283524904214563,8.0,29.0,"Tue, May 12, 2009","Wed, May 20, 2009"
3626,Raleigh Durham International,Raleigh-durham,United States,RDU,KRDU,35.877639,-78.787472,435,-5,A,"Raleigh/Durham, NC",4530,4528,4573,4573,5.35077262693157,15.44743816254417,85.0,194.0,"Tue, May  5, 2009","Wed, May  6, 2009"
3608,Richmond International,Richmond,United States,RIC,KRIC,37.505167,-77.319667,167,-5,A,"Richmond, VA",1401,1400,1406,1406,4.94289793004997,15.621428571428577,24.0,139.0,"Sun, May 10, 2009","Sat, May 16, 2009"
5766,Rock Springs Sweetwater County Airport,Rock Springs,United States,RKS,KRKS,41.5942,-109.065,6760,-7,A,"Rock Springs, WY",147,147,148,148,3.3877551020408165,10.217687074829934,8.0,25.0,"Sun, May 10, 2009","Sun, May  3, 2009"
3807,Reno Tahoe International,Reno,United States,RNO,KRNO,39.499108,-119.768108,4415,-8,A,"Reno, NV",1595,1594,1596,1598,4.613793103448265,9.747176913425342,18.0,72.0,"Sun, May 31, 2009","Sat, May 30, 2009"
4016,Roanoke Regional,Roanoke VA,United States,ROA,KROA,37.325472,-79.975417,1175,-5,A,"Roanoke, VA",317,315,318,318,5.283911671924287,14.142857142857142,14.0,56.0,"Tue, May 26, 2009","Wed, May 13, 2009"
3622,Greater Rochester International,Rochester,United States,ROC,KROC,43.118866,-77.672389,559,-5,A,"Rochester, NY",1133,1129,1141,1141,5.650485436893206,14.180690876882196,30.0,143.0,"Sun, May  3, 2009","Thu, May 14, 2009"
3736,Roswell International Air Center,Roswell,United States,ROW,KROW,33.301556,-104.530556,3671,-7,A,"Roswell, NM",87,87,88,88,4.229885057471265,8.574712643678165,22.0,16.0,"Fri, May 22, 2009","Fri, May  1, 2009"
4048,Rochester,Rochester,United States,RST,KRST,43.908283,-92.500014,1317,-6,A,"Rochester, MN",228,229,231,232,3.6228070175438596,9.67685589519651,20.0,89.0,"Sat, May  2, 2009","Fri, May 15, 2009"
3793,Southwest Florida International,Fort Myers,United States,RSW,KRSW,26.536167,-81.755167,30,-5,A,"Fort Myers, FL",1863,1865,1864,1868,4.35319377348362,12.305630026809654,26.0,145.0,"Sat, May  2, 2009","Tue, May 26, 2009"
3731,San Diego International,San Diego,United States,SAN,KSAN,32.733556,-117.189667,17,-8,A,"San Diego, CA",7139,7131,7178,7177,3.7014988093570538,13.317907726826526,37.0,114.0,"Sun, May 31, 2009","Sun, May  3, 2009"
3621,San Antonio International,San Antonio,United States,SAT,KSAT,29.533694,-98.469778,809,-6,A,"San Antonio, TX",3279,3276,3295,3294,3.7188167124123197,10.4908424908425,45.0,80.0,"Thu, May 14, 2009","Sat, May  2, 2009"
3613,Savannah Hilton Head International,Savannah,United States,SAV,KSAV,32.127583,-81.202139,51,-5,A,"Savannah, GA",1084,1084,1095,1096,6.067343173431733,16.953874538745385,34.0,109.0,"Sun, May 17, 2009","Thu, May 14, 2009"
3949,Santa Barbara Municipal,Santa Barbara,United States,SBA,KSBA,34.426211,-119.840372,10,-8,A,"Santa Barbara, CA",919,915,922,923,3.849836779107728,10.067759562841532,16.0,30.0,"Wed, May 27, 2009","Tue, May 19, 2009"
4359,South Bend Regional,South Bend,United States,SBN,KSBN,41.708661,-86.31725,799,-5,A,"South Bend, IN",422,421,428,429,3.5971563981042656,11.128266033254157,22.0,102.0,"Sat, May  9, 2009","Fri, May 15, 2009"
5768,San Luis County Regional Airport,San Luis Obispo,United States,SBP,KSBP,35.2368,-120.642,212,-8,A,"San Luis Obispo, CA",313,314,319,319,3.341853035143769,9.843949044585997,14.0,83.0,"Sat, May  2, 2009","Sat, May 23, 2009"
3620,Deadhorse,Deadhorse,United States,SCC,PASC,70.19475,-148.465167,64,-9,A,"Deadhorse, AK",60,60,60,60,3.9,5.666666666666667,8.0,25.0,"Sun, May 24, 2009","Sun, May 17, 2009"
4318,University Park Airport,State College Pennsylvania,United States,SCE,KUNV,40.849278,-77.848694,1239,-5,A,"State College, PA",62,62,62,62,7.258064516129032,11.14516129032258,11.0,33.0,"Mon, May 25, 2009","Sun, May 17, 2009"
4014,Louisville International Airport,Louisville,United States,SDF,KSDF,38.1740858,-85.7364989,501,-5,A,"Louisville, KY",1614,1614,1626,1627,6.00619578686493,12.697026022304831,40.0,154.0,"Sat, May 16, 2009","Fri, May  1, 2009"
3577,Seattle Tacoma International,Seattle,United States,SEA,KSEA,47.449,-122.309306,433,-8,A,"Seattle, WA",8681,8679,8697,8703,7.035479783435086,15.848715289779916,42.0,76.0,"Sat, May 16, 2009","Mon, May 11, 2009"
3469,San Francisco International,San Francisco,United States,SFO,KSFO,37.618972,-122.374889,13,-8,A,"San Francisco, CA",11386,11405,11491,11484,5.870718426137365,16.94335817623852,52.0,93.0,"Sun, May 24, 2009","Mon, May 18, 2009"
4348,Springfield Branson National,Springfield,United States,SGF,KSGF,37.245667,-93.388639,1268,-6,A,"Springfield, MO",662,658,670,670,5.143504531722051,13.878419452887544,27.0,82.0,"Thu, May 14, 2009","Sat, May  2, 2009"
4064,St. George Municipal,Saint George,United States,SGU,KSGU,37.090583,-113.593056,2941,-7,A,"St. George, UT",252,252,252,252,3.515873015873016,9.079365079365076,7.0,27.0,"Sun, May  3, 2009","Mon, May  4, 2009"
3609,Shreveport Regional,Shreveport,United States,SHV,KSHV,32.446629,-93.8256,258,-6,A,"Shreveport, LA",395,395,404,404,5.210126582278486,10.693670886075955,23.0,86.0,"Sun, May 31, 2009","Mon, May 11, 2009"
3856,Sitka Rocky Gutierrez,Sitka,United States,SIT,PASI,57.047138,-135.361611,21,-9,A,"Sitka, AK",139,139,139,139,4.309352517985615,12.33812949640288,12.0,41.0,"Tue, May 19, 2009","Tue, May 26, 2009"
3748,Norman Y. Mineta San Jose International,San Jose,United States,SJC,KSJC,37.3626,-121.929022,62,-8,A,"San Jose, CA",4211,4208,4244,4245,3.958442175255282,10.657557034220545,31.0,80.0,"Tue, May 26, 2009","Wed, May 13, 2009"
3708,San Angelo Regional-Mathis Field,San Angelo,United States,SJT,KSJT,31.35775,-100.496306,1919,-6,A,"San Angelo, TX",53,53,55,55,3.547169811320755,8.962264150943398,10.0,91.0,"Sun, May 10, 2009","Sun, May 24, 2009"
3536,Salt Lake City International,Salt Lake City,United States,SLC,KSLC,40.788389,-111.977772,4227,-7,A,"Salt Lake City, UT",10917,10927,10956,10955,6.623614546120729,16.97172142399567,47.0,126.0,"Wed, May 20, 2009","Fri, May 22, 2009"
3817,Sacramento International,Sacramento,United States,SMF,KSMF,38.695417,-121.590778,27,-8,A,"Sacramento, CA",3850,3850,3872,3873,4.510909090909085,9.915844155844164,35.0,68.0,"Fri, May  8, 2009","Tue, May  5, 2009"
5772,Santa Maria Public-Captain G. Allan Hancock Airport,Santa Maria,United States,SMX,KSMX,34.8989,-120.457,261,-8,A,"Santa Maria, CA",109,109,112,112,3.8073394495412844,9.954128440366977,7.0,28.0,"Fri, May 22, 2009","Mon, May  4, 2009"
3867,John Wayne Airport Orange County,Santa Ana,United States,SNA,KSNA,33.675667,-117.868222,56,-8,A,"Santa Ana, CA",3951,3956,3998,3999,6.833966084535557,13.087714863498478,60.0,127.0,"Fri, May  1, 2009","Tue, May  5, 2009"
4336,Abraham Lincoln Capital,Springfield,United States,SPI,KSPI,39.8441,-89.677889,597,-6,A,"Springfield, IL",116,117,119,119,3.3706896551724137,9.78632478632478,7.0,34.0,"Sat, May  2, 2009","Fri, May  8, 2009"
3680,Sheppard AFB Wichita Falls Municipal,Wichita Falls,United States,SPS,KSPS,33.988797,-98.491894,1019,-6,A,"Wichita Falls, TX",29,29,31,31,6.758620689655173,9.551724137931034,16.0,32.0,"Wed, May 27, 2009","Sat, May  2, 2009"
4067,Sarasota Bradenton International,Sarasota,United States,SRQ,KSRQ,27.395444,-82.554389,30,-5,A,"Sarasota/Bradenton, FL",443,443,443,444,4.525959367945822,12.223476297968402,16.0,103.0,"Tue, May  5, 2009","Wed, May  6, 2009"
3678,Lambert St. Louis International,St. Louis,United States,STL,KSTL,38.748697,-90.370028,618,-6,A,"St. Louis, MO",5279,5276,5330,5329,4.737450274673226,11.728961334344193,70.0,125.0,"Wed, May 27, 2009","Fri, May 15, 2009"
6494,Friedman Memorial,Hailey,United States,SUN,KSUN,43.504444,-114.296194,5320,-7,A,"Sun Valley/Hailey/Ketchum, ID",193,193,197,197,3.0310880829015545,7.886010362694302,6.0,22.0,"Fri, May 29, 2009","Thu, May 28, 2009"
3661,Stewart International,Newburgh,United States,SWF,KSWF,41.504094,-74.104839,491,-5,A,"Newburgh/Poughkeepsie, NY",179,179,180,180,5.374301675977655,15.782122905027936,31.0,138.0,"Sat, May 16, 2009","Fri, May 29, 2009"
3745,Syracuse Hancock International,Syracuse,United States,SYR,KSYR,43.111187,-76.106311,421,-5,A,"Syracuse, NY",866,862,871,871,4.894919168591214,15.321345707656608,26.0,134.0,"Thu, May  7, 2009","Wed, May  6, 2009"
3698,Tallahassee Regional,Tallahassee,United States,TLH,KTLH,30.396528,-84.350333,81,-5,A,"Tallahassee, FL",474,474,477,477,3.8966244725738353,14.559071729957806,54.0,90.0,"Wed, May 27, 2009","Sat, May 23, 2009"
4040,Toledo,Toledo,United States,TOL,KTOL,41.586806,-83.807833,684,-5,A,"Toledo, OH",193,192,198,198,3.010362694300518,10.06770833333334,7.0,72.0,"Sun, May 31, 2009","Thu, May  7, 2009"
3646,Tampa International,Tampa,United States,TPA,KTPA,27.975472,-82.53325,26,-5,A,"Tampa, FL",5995,5992,6005,6006,4.5809841534612055,12.650367156208269,61.0,121.0,"Wed, May 13, 2009","Sat, May 16, 2009"
4116,Tri-Cities Regional Airport,BRISTOL,United States,TRI,KTRI,36.4752222,-82.4074167,1519,-5,A,"Bristol/Johnson City/Kingsport, TN",224,223,229,229,3.450892857142857,12.793721973094167,9.0,71.0,"Mon, May 18, 2009","Tue, May 12, 2009"
3855,Tulsa International,Tulsa,United States,TUL,KTUL,36.198389,-95.888111,677,-6,A,"Tulsa, OK",1658,1659,1668,1671,4.924607961399281,11.48462929475589,69.0,118.0,"Fri, May  1, 2009","Mon, May 11, 2009"
3636,Tucson International,Tucson,United States,TUS,KTUS,32.116083,-110.941028,2643,-7,N,"Tucson, AZ",1906,1906,1913,1912,4.475341028331594,11.111752360965365,28.0,152.0,"Fri, May 22, 2009","Thu, May 14, 2009"
4023,Cherry Capital Airport,Traverse City,United States,TVC,KTVC,44.741445,-85.582235,624,-5,A,"Traverse City, MI",277,276,279,279,4.075812274368223,11.739130434782611,15.0,48.0,"Sun, May 31, 2009","Sat, May 23, 2009"
4263,Magic Valley Regional Airport,Twin Falls,United States,TWF,KTWF,42.481803,-114.487733,4151,-7,A,"Twin Falls, ID",123,123,123,123,3.5284552845528454,10.422764227642272,14.0,26.0,"Tue, May 19, 2009","Fri, May 15, 2009"
3770,Texarkana Regional-Webb Field,Texarkana,United States,TXK,KTXK,33.453722,-93.991028,390,-6,A,"Texarkana, AR",114,114,123,123,2.9210526315789473,7.280701754385965,9.0,24.0,"Fri, May  8, 2009","Sun, May  3, 2009"
3848,Tyler Pounds Regional,Tyler,United States,TYR,KTYR,32.354139,-95.402386,544,-6,A,"Tyler, TX",118,118,124,124,3.9830508474576303,8.974576271186445,11.0,104.0,"Tue, May 12, 2009","Sun, May 24, 2009"
3676,McGhee Tyson,Knoxville,United States,TYS,KTYS,35.810972,-83.994028,981,-5,A,"Knoxville, TN",1156,1154,1165,1166,4.417820069204159,14.689774696707106,28.0,101.0,"Sat, May 23, 2009","Thu, May 14, 2009"
5776,Valdosta Regional Airport,Valdosta,United States,VLD,KVLD,30.7825,-83.2767,203,-5,A,"Valdosta, GA",87,87,87,87,4.126436781609195,11.505747126436782,14.0,35.0,"Wed, May 20, 2009","Mon, May  4, 2009"
3873,Eglin AFB,Valparaiso,United States,VPS,KVPS,30.48325,-86.5254,87,-6,A,"Valparaiso, FL",559,555,564,565,6.690518783542038,13.758558558558562,17.0,85.0,"Tue, May 26, 2009","Sun, May 17, 2009"
5969,Wrangell Airport,Wrangell,United States,WRG,PAWG,56.4843,-132.37,44,-9,A,"Wrangell, AK",62,62,62,62,3.693548387096774,10.17741935483871,6.0,47.0,"Sat, May 16, 2009","Fri, May 15, 2009"
4356,NW Arkansas Regional,Bentonville,United States,XNA,KXNA,36.2818694,-94.3068111,1287,-6,A,"Fayetteville, AR",1163,1158,1185,1185,4.766981943250215,15.068221070811745,39.0,184.0,"Wed, May  6, 2009","Tue, May  5, 2009"
6803,Yakutat,Yakutat,United States,YAK,PAYA,59.3012,-139.3937,33,-9,A,"Yakutat, AK",62,62,62,62,3.5,9.967741935483868,8.0,27.0,"Tue, May 26, 2009","Tue, May  5, 2009"
3596,Yuma MCAS Yuma International,Yuma,United States,YUM,KYUM,32.656578,-114.60598,216,-7,N,"Yuma, AZ",245,245,246,246,5.0163265306122495,13.751020408163265,20.0,47.0,"Wed, May  6, 2009","Fri, May 22, 2009"
2883,Cyril E. King,St. Thomas,Virgin Islands,STT,TIST,18.337306,-64.973361,23,-4,U,"Charlotte Amalie, VI",235,235,235,235,4.893617021276596,12.965957446808513,13.0,46.0,"Sat, May 16, 2009","Sat, May  2, 2009"
2884,Henry E. Rohlsen,St. Croix Island,Virgin Islands,STX,TISX,17.701889,-64.798556,74,-4,U,"Christiansted, VI",37,36,38,38,4.351351351351353,13.52777777777778,9.0,43.0,"Sat, May 16, 2009","Sat, May  2, 2009"
2885,Rafael Hernndez,Aguadilla,Puerto Rico,BQN,TJBQ,18.494861,-67.129444,237,-4,U,"Aguadilla, PR",135,135,135,135,4.6962962962962935,12.362962962962962,13.0,83.0,"Tue, May 26, 2009","Wed, May 20, 2009"
2889,Aeropuerto Mercedita,Ponce,Puerto Rico,PSE,TJPS,18.008306,-66.563028,29,-4,U,"Ponce, PR",62,62,62,62,4.596774193548386,12.53225806451613,23.0,30.0,"Mon, May 18, 2009","Tue, May 19, 2009"
2890,Luis Muoz Marn International,San Juan,Puerto Rico,SJU,TJSJ,18.439417,-66.001833,9,-4,U,"San Juan, PR",1770,1767,1776,1775,6.024293785310732,14.524617996604414,59.0,83.0,"Mon, May 25, 2009","Thu, May 21, 2009"
