airport_id,name,city,country,iata_faa,iaco,latitude,longitude,altitude,zone,dst,city_state,avg_able_landings,avg_able_takeoffs,total_landings,total_takeoffs,avg_taxi_in,avg_taxi_out,longest_taxi_in,longest_taxi_out,lng_tx_in_date,lng_tx_out_date
4355,Lehigh Valley International,Allentown,United States,ABE,KABE,40.652083,-75.440806,393,-5,A,"Allentown/Bethlehem/Easton, PA",354,354,355,356,3.878531073446328,12.72316384180791,12.0,58.0,"Sun, Oct 25, 2009","Sat, Oct 31, 2009"
3718,Abilene Regional,Abilene,United States,ABI,KABI,32.411319,-99.681897,1791,-6,A,"Abilene, TX",209,208,212,212,3.5311004784689,8.024038461538463,8.0,36.0,"Wed, Oct 28, 2009","Wed, Oct 21, 2009"
4019,Albuquerque International Sunport,Albuquerque,United States,ABQ,KABQ,35.0402222,-106.6091944,5355,-7,A,"Albuquerque, NM",2906,2907,2914,2915,5.303854094975911,10.116615067079461,35.0,130.0,"Tue, Oct 20, 2009","Thu, Oct  1, 2009"
5715,Southwest Georgia Regional Airport,Albany,United States,ABY,KABY,31.5355,-84.1945,197,-5,A,"Albany, GA",82,82,83,83,3.292682926829268,13.792682926829269,8.0,42.0,"Sun, Oct 18, 2009","Sat, Oct 24, 2009"
4384,Arcata,Arcata CA,United States,ACV,KACV,40.978111,-124.108611,221,-8,A,"Arcata/Eureka, CA",248,247,265,265,3.9596774193548385,8.959514170040489,9.0,35.0,"Wed, Oct 28, 2009","Thu, Oct 22, 2009"
3524,Atlantic City International,Atlantic City,United States,ACY,KACY,39.457583,-74.577167,75,-5,A,"Atlantic City, NJ",74,73,76,75,5.175675675675675,12.26027397260274,21.0,50.0,"Wed, Oct  7, 2009","Fri, Oct 30, 2009"
5959,Adak Airport,Adak Island,United States,ADK,PADK,51.878,-176.646,18,-10,A,"Adak Island, AK",9,9,9,9,4.0,5.888888888888889,6.0,7.0,"Sun, Oct 18, 2009","Sun, Oct  4, 2009"
3531,Kodiak,Kodiak,United States,ADQ,PADQ,57.749967,-152.493856,78,-9,A,"Kodiak, AK",50,50,57,57,3.46,6.18,7.0,20.0,"Thu, Oct  1, 2009","Thu, Oct 22, 2009"
3852,Alexandria International,Alexandria,United States,AEX,KAEX,31.3274,-92.549833,89,-6,A,"Alexandria, LA",278,280,292,292,3.694244604316547,13.257142857142856,15.0,75.0,"Fri, Oct 30, 2009","Thu, Oct 22, 2009"
3658,Augusta Regional At Bush Field,Bush Field,United States,AGS,KAGS,33.369944,-81.9645,144,-5,A,"Augusta, GA",281,281,282,282,3.128113879003558,16.348754448398584,8.0,72.0,"Tue, Oct  6, 2009","Fri, Oct 16, 2009"
3864,Albany International,Albany,United States,ALB,KALB,42.748267,-73.801692,285,-5,A,"Albany, NY",1023,1023,1030,1031,4.191593352883675,14.240469208211147,32.0,89.0,"Sun, Oct  4, 2009","Fri, Oct 30, 2009"
5718,Waterloo Regional Airport,Waterloo,United States,ALO,KALO,42.5571,-92.4003,873,-6,A,"Waterloo, IA",25,20,31,31,3.72,17.85,8.0,109.0,"Fri, Oct 23, 2009","Thu, Oct 22, 2009"
3840,Rick Husband Amarillo International,Amarillo,United States,AMA,KAMA,35.219369,-101.705931,3607,-6,A,"Amarillo, TX",497,498,506,507,4.589537223340038,9.146586345381534,38.0,115.0,"Mon, Oct 12, 2009","Thu, Oct  1, 2009"
3774,Ted Stevens Anchorage International,Anchorage,United States,ANC,PANC,61.174361,-149.996361,152,-9,A,"Anchorage, AK",1359,1369,1378,1377,4.4871228844738855,12.027757487216947,22.0,41.0,"Fri, Oct  2, 2009","Fri, Oct 30, 2009"
7001,Aspen/Pitkin County-Sardy Field,Aspen,United States,ASE,KASE,39.2232,-106.869,7820,-7,A,"Aspen, CO",234,233,260,260,2.1111111111111103,8.781115879828326,7.0,59.0,"Fri, Oct 16, 2009","Sun, Oct  4, 2009"
3682,Hartsfield Jackson Atlanta International,Atlanta,United States,ATL,KATL,33.636719,-84.428067,1026,-5,A,"Atlanta, GA",35555,35616,35768,35773,12.495710870482327,22.324180143755648,71.0,148.0,"Thu, Oct 15, 2009","Fri, Oct  9, 2009"
4047,Appleton,Appleton,United States,ATW,KATW,44.257526,-88.507576,680,-6,A,"Appleton, WI",383,379,396,398,3.8015665796344646,12.920844327176786,37.0,91.0,"Wed, Oct 28, 2009","Fri, Oct 16, 2009"
3673,Austin Bergstrom International,Austin,United States,AUS,KAUS,30.194528,-97.669889,542,-6,A,"Austin, TX",3409,3404,3418,3419,4.944265180404798,12.015569917743822,28.0,163.0,"Wed, Oct 21, 2009","Thu, Oct 29, 2009"
4007,Asheville Regional Airport,Asheville,United States,AVL,KAVL,35.436194,-82.541806,2165,-5,A,"Asheville, NC",429,429,429,429,3.6806526806526816,16.9044289044289,27.0,114.0,"Mon, Oct 12, 2009","Wed, Oct  7, 2009"
4286,Wilkes Barre Scranton International,Scranton,United States,AVP,KAVP,41.338478,-75.723403,962,-5,A,"Scranton/Wilkes-Barre, PA",148,148,150,150,3.3445945945945947,13.641891891891891,5.0,67.0,"Sat, Oct 17, 2009","Fri, Oct 23, 2009"
4039,Kalamazoo,Kalamazoo,United States,AZO,KAZO,42.234875,-85.552058,874,-5,A,"Kalamazoo, MI",282,280,287,287,3.879432624113469,13.007142857142858,11.0,98.0,"Mon, Oct 19, 2009","Thu, Oct 29, 2009"
3825,Bradley International,Windsor Locks,United States,BDL,KBDL,41.938889,-72.683222,173,-5,A,"Hartford, CT",1875,1868,1880,1878,5.160533333333332,13.674518201284796,14.0,80.0,"Wed, Oct 14, 2009","Thu, Oct 15, 2009"
3599,Bethel,Bethel,United States,BET,PABE,60.779778,-161.838,121,-9,A,"Bethel, AK",89,89,89,89,3.3707865168539324,6.359550561797753,5.0,40.0,"Fri, Oct  2, 2009","Sat, Oct 24, 2009"
3558,Meadows Field,Bakersfield,United States,BFL,KBFL,35.433598,-119.05677,507,-8,A,"Bakersfield, CA",274,273,277,276,4.0802919708029215,11.263736263736265,12.0,47.0,"Wed, Oct  7, 2009","Wed, Oct 14, 2009"
4129,Greater Binghamton-Edwin A. Link Field,Binghamton,United States,BGM,KBGM,42.208689,-75.979839,1636,-5,A,"Binghamton, NY",56,56,57,57,4.767857142857143,14.25,8.0,74.0,"Sun, Oct 11, 2009","Fri, Oct 16, 2009"
3463,Bangor International,Bangor,United States,BGR,KBGR,44.807444,-68.828139,192,-5,A,"Bangor, ME",155,155,155,155,5.909677419354838,17.851612903225796,81.0,122.0,"Sat, Oct 24, 2009","Sat, Oct 24, 2009"
3811,Birmingham International,Birmingham,United States,BHM,KBHM,33.562942,-86.75355,644,-6,A,"Birmingham, AL",1747,1742,1751,1751,3.634802518603319,13.934557979334095,25.0,116.0,"Mon, Oct 12, 2009","Wed, Oct  7, 2009"
4021,Billings Logan International Airport,Billings,United States,BIL,KBIL,45.80921,-108.537654,3652,-7,A,"Billings, MT",308,309,310,311,3.6493506493506493,14.093851132686082,7.0,78.0,"Thu, Oct  8, 2009","Fri, Oct  9, 2009"
4083,Bismarck Municipal Airport,Bismarck,United States,BIS,KBIS,46.775842,-100.757931,1661,-6,A,"Bismarck/Mandan, ND",277,278,288,289,3.9855595667870034,13.812949640287773,33.0,112.0,"Thu, Oct 15, 2009","Fri, Oct 30, 2009"
6962,Branson LLC,Branson,United States,BKG,KBBG,36.531994,-93.200556,1302,-6,A,"Branson, MO",60,59,62,62,4.516666666666668,13.559322033898304,8.0,38.0,"Wed, Oct  7, 2009","Tue, Oct 13, 2009"
3777,Bellingham International,Bellingham,United States,BLI,KBLI,48.792694,-122.537528,170,-8,A,"Bellingham, WA",18,18,18,18,5.0,10.61111111111111,9.0,22.0,"Thu, Oct 29, 2009","Fri, Oct 16, 2009"
4037,Central Illinois Regional,Bloomington,United States,BMI,KBMI,40.477111,-88.915917,871,-6,A,"Bloomington/Normal, IL",404,403,404,404,3.8836633663366364,10.933002481389574,16.0,46.0,"Thu, Oct  1, 2009","Thu, Oct 29, 2009"
3690,Nashville International,Nashville,United States,BNA,KBNA,36.124472,-86.678194,599,-6,A,"Nashville, TN",4582,4578,4610,4609,6.129201222173718,12.079947575360427,41.0,132.0,"Sun, Oct 25, 2009","Sat, Oct 31, 2009"
3495,Boise Air Terminal,Boise,United States,BOI,KBOI,43.564361,-116.222861,2871,-7,A,"Boise, ID",1158,1157,1163,1163,3.645077720207254,10.633535004321523,23.0,59.0,"Wed, Oct 28, 2009","Tue, Oct 20, 2009"
3448,General Edward Lawrence Logan International,Boston,United States,BOS,KBOS,42.364347,-71.005181,19,-5,A,"Boston, MA",9115,9111,9220,9220,6.872846955567749,18.53287235210178,40.0,137.0,"Sat, Oct 10, 2009","Wed, Oct 28, 2009"
5725,Brunswick Golden Isles Airport,Brunswick,United States,BQK,KBQK,31.2588,-81.4665,26,-5,A,"Brunswick, GA",82,82,82,82,3.1463414634146343,12.621951219512198,6.0,41.0,"Mon, Oct 12, 2009","Wed, Oct 14, 2009"
3738,Brownsville South Padre Island International,Brownsville,United States,BRO,KBRO,25.906833,-97.425861,22,-6,A,"Brownsville, TX",231,232,235,236,4.324675324675328,10.875000000000005,8.0,58.0,"Mon, Oct 19, 2009","Mon, Oct 26, 2009"
3571,Wiley Post Will Rogers Memorial,Barrow,United States,BRW,PABR,71.285446,-156.766003,44,-9,A,"Barrow, AK",69,70,72,72,4.057971014492755,5.6428571428571415,11.0,33.0,"Sun, Oct 11, 2009","Thu, Oct 29, 2009"
4022,Bert Mooney Airport,Butte,United States,BTM,KBTM,45.954806,-112.497472,5550,-7,A,"Butte, MT",55,55,57,57,3.9454545454545453,11.109090909090908,7.0,32.0,"Thu, Oct  1, 2009","Fri, Oct  9, 2009"
3846,Baton Rouge Metro-Ryan Field,Baton Rouge,United States,BTR,KBTR,30.533167,-91.149639,70,-6,A,"Baton Rouge, LA",759,752,771,770,4.243741765480896,12.107712765957444,34.0,84.0,"Wed, Oct 28, 2009","Tue, Oct  6, 2009"
3711,Burlington International,Burlington,United States,BTV,KBTV,44.471861,-73.153278,335,-5,A,"Burlington, VT",480,479,484,483,4.793749999999999,18.482254697286006,29.0,133.0,"Sun, Oct  4, 2009","Sat, Oct 31, 2009"
3820,Buffalo Niagara International,Buffalo,United States,BUF,KBUF,42.940525,-78.732167,724,-5,A,"Buffalo, NY",2030,2026,2037,2038,4.360098522167492,12.912635735439286,50.0,95.0,"Mon, Oct 26, 2009","Thu, Oct 15, 2009"
3644,Bob Hope,Burbank,United States,BUR,KBUR,34.200667,-118.358667,778,-8,A,"Burbank, CA",2299,2306,2344,2344,2.865158764680298,10.75108412836078,53.0,73.0,"Tue, Oct  6, 2009","Wed, Oct 21, 2009"
3849,Baltimore Washington International,Baltimore,United States,BWI,KBWI,39.175361,-76.668333,146,-5,A,"Baltimore, MD",8456,8460,8484,8487,5.552743614001895,12.615721040189122,71.0,97.0,"Fri, Oct 16, 2009","Fri, Oct 23, 2009"
4020,Gallatin Field,Bozeman,United States,BZN,KBZN,45.777643,-111.160151,4500,-7,A,"Bozeman, MT",253,255,257,258,4.581027667984193,14.454901960784314,23.0,57.0,"Wed, Oct 14, 2009","Wed, Oct 28, 2009"
3561,Columbia Metropolitan,Colombia,United States,CAE,KCAE,33.938833,-81.119528,236,-5,A,"Columbia, SC",798,797,808,809,3.9160401002506267,14.671267252195735,16.0,122.0,"Thu, Oct 15, 2009","Thu, Oct 29, 2009"
4112,Akron Canton Regional Airport,Akron,United States,CAK,KCAK,40.9160833,-81.4421944,1228,-5,A,"Akron, OH",750,749,751,751,4.040000000000001,12.817089452603476,14.0,84.0,"Sun, Oct  4, 2009","Thu, Oct 29, 2009"
3824,Cedar City Regional,Cedar City,United States,CDC,KCDC,37.700967,-113.098847,5622,-7,A,"Cedar City, UT",53,54,53,54,3.0,12.333333333333334,7.0,66.0,"Thu, Oct 15, 2009","Sun, Oct  4, 2009"
3610,Merle K. Mudhole Smith,Cordova,United States,CDV,PACV,60.491778,-145.477556,48,-9,A,"Cordova, AK",62,62,62,62,3.3225806451612905,7.290322580645161,17.0,20.0,"Tue, Oct 20, 2009","Thu, Oct  8, 2009"
5727,Del Norte County Airport,Crescent City,United States,CEC,KCEC,41.7802,-124.237,57,-8,A,"Crescent City, CA",86,86,92,91,3.453488372093023,12.046511627906982,6.0,32.0,"Sun, Oct 11, 2009","Thu, Oct 15, 2009"
3578,Lovell Field,Chattanooga,United States,CHA,KCHA,35.035278,-85.203808,683,-5,A,"Chattanooga, TN",405,405,405,405,3.7012345679012357,14.822222222222216,15.0,93.0,"Mon, Oct 19, 2009","Mon, Oct  5, 2009"
4015,Charlottesville-Albemarle,Charlottesville VA,United States,CHO,KCHO,38.138639,-78.452861,639,-5,A,"Charlottesville, VA",117,119,119,119,3.641025641025642,18.26050420168067,11.0,89.0,"Sun, Oct  4, 2009","Thu, Oct  8, 2009"
3806,Charleston AFB International,Charleston,United States,CHS,KCHS,32.898647,-80.040528,45,-5,A,"Charleston, SC",1033,1028,1046,1046,7.030009680542111,16.05350194552531,40.0,111.0,"Mon, Oct  5, 2009","Thu, Oct 29, 2009"
3710,Chico Municipal,Chico,United States,CIC,KCIC,39.795383,-121.858422,238,-8,A,"Chico, CA",115,114,119,119,3.260869565217391,9.754385964912283,17.0,31.0,"Sun, Oct 18, 2009","Sun, Oct 11, 2009"
4043,Cedar Rapids,Cedar Rapids,United States,CID,KCID,41.884694,-91.710806,869,-6,A,"Cedar Rapids/Iowa City, IA",749,745,776,776,4.838451268357807,11.394630872483214,41.0,107.0,"Thu, Oct 15, 2009","Thu, Oct  1, 2009"
4088,McClellan-Palomar Airport,Carlsbad,United States,CLD,KCRQ,33.0742,-117.1648,328,-8,A,"Carlsbad, CA",183,183,186,186,3.8633879781420766,9.010928961748638,7.0,42.0,"Fri, Oct 23, 2009","Thu, Oct 15, 2009"
3486,Cleveland Hopkins International,Cleveland,United States,CLE,KCLE,41.411689,-81.849794,791,-5,A,"Cleveland, OH",4629,4630,4649,4651,6.2041477640959135,12.664146868250558,50.0,119.0,"Fri, Oct 30, 2009","Thu, Oct 22, 2009"
3715,Easterwood Field,College Station,United States,CLL,KCLL,30.588583,-96.363833,321,-6,A,"College Station/Bryan, TX",93,93,93,93,3.817204301075269,9.698924731182798,14.0,43.0,"Sat, Oct 10, 2009","Tue, Oct  6, 2009"
3876,Charlotte Douglas International,Charlotte,United States,CLT,KCLT,35.214,-80.943139,748,-5,A,"Charlotte, NC",9949,9974,10018,10020,6.339732636445874,21.20643673551233,52.0,169.0,"Thu, Oct  1, 2009","Wed, Oct 28, 2009"
3759,Port Columbus International,Columbus,United States,CMH,KCMH,39.997972,-82.891889,815,-5,A,"Columbus, OH",2492,2490,2500,2500,4.770465489566616,12.149799196787164,40.0,119.0,"Mon, Oct 19, 2009","Sun, Oct 11, 2009"
4049,Champaign,Champaign,United States,CMI,KCMI,40.03925,-88.278056,754,-6,A,"Champaign/Urbana, IL",207,206,208,208,3.9661835748792265,11.597087378640772,9.0,103.0,"Sat, Oct  3, 2009","Fri, Oct 23, 2009"
4344,Yellowstone Regional,Cody,United States,COD,KCOD,44.520194,-109.023806,5102,-7,A,"Cody, WY",87,89,94,94,3.252873563218392,14.044943820224718,7.0,31.0,"Wed, Oct  7, 2009","Fri, Oct  9, 2009"
3819,City Of Colorado Springs Municipal,Colorado Springs,United States,COS,KCOS,38.805805,-104.700778,6187,-7,A,"Colorado Springs, CO",1095,1096,1123,1123,6.541552511415528,18.083029197080286,34.0,124.0,"Wed, Oct 14, 2009","Sun, Oct 11, 2009"
3872,Natrona County International,Casper,United States,CPR,KCPR,42.908,-106.464417,5347,-7,A,"Casper, WY",187,188,195,195,2.9358288770053482,13.127659574468085,9.0,69.0,"Wed, Oct 14, 2009","Fri, Oct  9, 2009"
3744,Corpus Christi International,Corpus Christi,United States,CRP,KCRP,27.770361,-97.501222,44,-6,A,"Corpus Christi, TX",572,571,583,583,4.298951048951053,10.597197898423815,51.0,109.0,"Thu, Oct 29, 2009","Mon, Oct 26, 2009"
4285,Yeager,Charleston,United States,CRW,KCRW,38.373147,-81.593189,981,-5,A,"Charleston/Dunbar, WV",303,304,304,305,3.2673267326732676,14.28618421052631,12.0,75.0,"Mon, Oct 26, 2009","Wed, Oct  7, 2009"
4255,Columbus Metropolitan Airport,Columbus,United States,CSG,KCSG,32.5163333,-84.9388611,397,-5,A,"Columbus, GA",123,123,124,124,2.8943089430894315,12.560975609756097,5.0,80.0,"Thu, Oct  8, 2009","Mon, Oct 12, 2009"
3488,Cincinnati Northern Kentucky International,Cincinnati,United States,CVG,KCVG,39.048836,-84.667822,896,-5,A,"Cincinnati, OH",3906,3914,3951,3952,5.96825396825396,15.524016351558535,35.0,103.0,"Thu, Oct 22, 2009","Wed, Oct 21, 2009"
4045,Central Wisconsin,Wassau,United States,CWA,KCWA,44.772726,-89.646635,840,-6,A,"Mosinee, WI",209,208,212,212,3.770334928229665,11.39903846153846,9.0,78.0,"Wed, Oct 14, 2009","Thu, Oct 22, 2009"
3950,Daytona Beach International,Daytona Beach,United States,DAB,KDAB,29.179917,-81.058056,34,-5,A,"Daytona Beach, FL",181,180,181,181,3.276243093922652,17.68888888888889,14.0,90.0,"Sat, Oct  3, 2009","Fri, Oct 23, 2009"
3502,Dallas Love Field,Dallas,United States,DAL,KDAL,32.847111,-96.851778,487,-6,A,"Dallas, TX",3941,3944,3979,3977,3.8157827962446085,9.799188640973654,46.0,138.0,"Thu, Oct  1, 2009","Thu, Oct 29, 2009"
3627,James M. Cox Dayton International,Dayton,United States,DAY,KDAY,39.902375,-84.219375,1009,-5,A,"Dayton, OH",1078,1077,1085,1085,5.1743970315398835,13.583101207056643,20.0,115.0,"Thu, Oct  8, 2009","Wed, Oct 28, 2009"
4388,Dubuque Regional,Dubuque IA,United States,DBQ,KDBQ,42.402,-90.709472,1076,-6,A,"Dubuque, IA",87,86,88,88,3.6206896551724137,13.953488372093023,11.0,114.0,"Thu, Oct 15, 2009","Thu, Oct 22, 2009"
3520,Ronald Reagan Washington National,Washington,United States,DCA,KDCA,38.852083,-77.037722,15,-5,A,"Washington, DC",6606,6593,6658,6657,5.286709052376623,17.388593963294376,58.0,133.0,"Thu, Oct 15, 2009","Wed, Oct  7, 2009"
3751,Denver International,Denver,United States,DEN,KDEN,39.861656,-104.673178,5431,-7,A,"Denver, CO",19028,19031,19403,19380,8.322734916964498,18.272607850349296,59.0,215.0,"Thu, Oct  1, 2009","Wed, Oct 28, 2009"
3670,Dallas Fort Worth International,Dallas-fort Worth,United States,DFW,KDFW,32.896828,-97.037997,607,-6,A,"Dallas/Fort Worth, TX",22235,22276,22625,22616,9.624420957949148,15.935131980606926,70.0,174.0,"Mon, Oct 12, 2009","Thu, Oct 29, 2009"
3739,Dothan Regional,Dothan,United States,DHN,KDHN,31.321339,-85.449628,401,-6,A,"Dothan, AL",119,117,120,119,3.042016806722689,16.86324786324786,5.0,42.0,"Sun, Oct 25, 2009","Wed, Oct  7, 2009"
3598,Duluth International,Duluth,United States,DLH,KDLH,46.842091,-92.193649,1428,-6,A,"Duluth, MN",171,169,180,180,4.912280701754386,17.42603550295859,15.0,91.0,"Wed, Oct  7, 2009","Thu, Oct 29, 2009"
3713,Durango La Plata County,Durango,United States,DRO,KDRO,37.151516,-107.75377,6685,-7,A,"Durango, CO",267,266,275,276,4.554307116104874,11.469924812030076,15.0,129.0,"Mon, Oct 12, 2009","Wed, Oct 14, 2009"
3729,Des Moines International,Des Moines,United States,DSM,KDSM,41.533972,-93.663083,958,-6,A,"Des Moines, IA",1110,1109,1144,1143,4.231531531531531,12.269612263300274,20.0,95.0,"Fri, Oct 23, 2009","Thu, Oct 15, 2009"
3645,Detroit Metro Wayne County,Detroit,United States,DTW,KDTW,42.212444,-83.353389,645,-5,A,"Detroit, MI",12454,12477,12531,12531,10.680022482736456,21.080788651118016,48.0,133.0,"Sun, Oct 25, 2009","Thu, Oct 29, 2009"
4250,Eagle County Regional,Vail,United States,EGE,KEGE,39.642556,-106.917694,6540,-7,A,"Eagle, CO",126,124,134,134,2.531746031746031,10.532258064516126,12.0,54.0,"Fri, Oct  2, 2009","Sun, Oct  4, 2009"
5736,Elko Regional Airport,Elko,United States,EKO,KEKO,40.8249,-115.792,5140,-8,A,"Elko, NV",118,118,119,119,3.9237288135593227,13.661016949152541,16.0,81.0,"Thu, Oct  1, 2009","Sun, Oct  4, 2009"
3946,Elmira Corning Regional,Elmira,United States,ELM,KELM,42.159889,-76.891611,954,-5,A,"Elmira/Corning, NY",114,114,114,114,4.780701754385965,14.447368421052632,12.0,47.0,"Sun, Oct 18, 2009","Sun, Oct 11, 2009"
3559,El Paso International,El Paso,United States,ELP,KELP,31.80725,-106.377583,3958,-7,A,"El Paso, TX",1847,1843,1853,1854,3.9469409853817004,11.202387411828516,35.0,71.0,"Tue, Oct 20, 2009","Wed, Oct 21, 2009"
4276,Erie International-Tom Ridge Field,Erie,United States,ERI,KERI,42.082022,-80.176217,733,-5,A,"Erie, PA",81,81,81,81,6.000000000000001,20.59259259259259,10.0,88.0,"Tue, Oct 20, 2009","Tue, Oct  6, 2009"
4099,Mahlon Sweet Field,Eugene,United States,EUG,KEUG,44.124583,-123.211972,374,-8,A,"Eugene, OR",425,423,430,428,3.5552941176470583,10.973995271867611,8.0,36.0,"Thu, Oct 29, 2009","Sat, Oct 24, 2009"
4018,Evansville Regional,Evansville,United States,EVV,KEVV,38.036997,-87.532364,418,-6,A,"Evansville, IN",325,325,326,326,3.867692307692309,11.815384615384627,8.0,73.0,"Sat, Oct 10, 2009","Thu, Oct 22, 2009"
3730,Craven County Regional,New Bern,United States,EWN,KEWN,35.072972,-77.042944,18,-5,A,"New Bern/Morehead/Beaufort, NC",62,62,62,62,2.564516129032257,10.43548387096774,5.0,38.0,"Wed, Oct 28, 2009","Thu, Oct  8, 2009"
3494,Newark Liberty International,Newark,United States,EWR,KEWR,40.6925,-74.168667,18,-5,A,"Newark, NJ",9487,9493,9600,9606,9.106988510593428,23.594859370062128,74.0,124.0,"Wed, Oct 21, 2009","Sat, Oct 24, 2009"
3875,Key West International,Key West,United States,EYW,KEYW,24.556111,-81.759556,3,-5,A,"Key West, FL",73,72,73,72,2.780821917808219,10.26388888888889,7.0,45.0,"Sat, Oct 17, 2009","Tue, Oct 27, 2009"
3832,Fairbanks International,Fairbanks,United States,FAI,PAFA,64.815114,-147.856267,434,-9,A,"Fairbanks, AK",318,316,318,318,3.5157232704402515,13.829113924050638,9.0,40.0,"Thu, Oct  8, 2009","Tue, Oct 27, 2009"
4292,Hector International Airport,Fargo,United States,FAR,KFAR,46.92065,-96.8157639,902,-6,A,"Fargo, ND",361,362,368,368,4.626038781163435,16.60497237569061,10.0,152.0,"Fri, Oct  9, 2009","Thu, Oct  1, 2009"
3687,Fresno Yosemite International,Fresno,United States,FAT,KFAT,36.776194,-119.71814,336,-8,A,"Fresno, CA",1091,1084,1101,1100,4.116406966086176,11.131918819188186,25.0,81.0,"Wed, Oct 14, 2009","Wed, Oct 14, 2009"
5738,Fayetteville Regional-Grannis Field,Fayetteville,United States,FAY,KFAY,34.9912,-78.8803,189,-5,A,"Fayetteville, NC",290,288,291,290,4.296551724137932,12.624999999999996,21.0,76.0,"Wed, Oct 14, 2009","Mon, Oct 12, 2009"
4127,Glacier Park International,Kalispell,United States,FCA,KFCA,48.310472,-114.256,2977,-7,A,"Kalispell, MT",115,114,115,115,3.8086956521739133,14.508771929824562,7.0,55.0,"Sun, Oct  4, 2009","Fri, Oct  9, 2009"
4261,Flagstaff Pulliam Airport,Flagstaff,United States,FLG,KFLG,35.140318,-111.6692392,7015,-7,N,"Flagstaff, AZ",139,137,140,141,6.122302158273381,17.240875912408768,14.0,42.0,"Mon, Oct 19, 2009","Mon, Oct  5, 2009"
3533,Fort Lauderdale Hollywood International,Fort Lauderdale,United States,FLL,KFLL,26.072583,-80.15275,9,-5,A,"Fort Lauderdale, FL",4784,4779,4792,4788,4.416596989966563,14.60786775476042,36.0,72.0,"Mon, Oct  5, 2009","Tue, Oct 27, 2009"
3879,Florence Regional,Florence,United States,FLO,KFLO,34.185361,-79.723889,146,-5,A,"Florence, SC",31,31,31,31,4.838709677419355,13.903225806451612,7.0,44.0,"Fri, Oct  2, 2009","Thu, Oct 29, 2009"
4089,Bishop International,Flint,United States,FNT,KFNT,42.965424,-83.743629,782,-5,A,"Flint, MI",643,641,650,651,4.3032659409020235,12.22932917316693,26.0,65.0,"Sat, Oct 17, 2009","Fri, Oct  9, 2009"
4009,Sioux Falls,Sioux Falls,United States,FSD,KFSD,43.582014,-96.741914,1429,-6,A,"Sioux Falls, SD",387,384,398,398,4.6459948320413424,15.653645833333336,26.0,94.0,"Thu, Oct 22, 2009","Sun, Oct 11, 2009"
3437,Fort Smith Regional,Fort Smith,United States,FSM,KFSM,35.336583,-94.367444,469,-6,A,"Fort Smith, AR",91,92,93,94,3.7472527472527473,8.706521739130437,11.0,19.0,"Tue, Oct 27, 2009","Tue, Oct 13, 2009"
4041,Fort Wayne,Fort Wayne,United States,FWA,KFWA,40.978472,-85.195139,815,-5,A,"Fort Wayne, IN",411,411,416,416,4.17274939172749,12.566909975669102,13.0,74.0,"Thu, Oct  8, 2009","Tue, Oct  6, 2009"
4296,Gillette-Campbell County Airport,Gillette,United States,GCC,KGCC,44.3489167,-105.5393611,4365,-7,A,"Gillette, WY",117,115,120,119,4.145299145299144,17.64347826086957,33.0,67.0,"Tue, Oct 20, 2009","Sun, Oct 11, 2009"
3467,Spokane International,Spokane,United States,GEG,KGEG,47.619861,-117.533833,2376,-8,A,"Spokane, WA",1048,1045,1050,1051,4.3749999999999964,12.117703349282296,19.0,57.0,"Thu, Oct 29, 2009","Tue, Oct 13, 2009"
3442,Grand Forks International,Grand Forks,United States,GFK,KGFK,47.949256,-97.176111,845,-6,A,"Grand Forks, ND",56,57,56,57,3.375,16.403508771929822,6.0,73.0,"Sat, Oct 10, 2009","Thu, Oct  1, 2009"
3465,East Texas Regional,Longview,United States,GGG,KGGG,32.384014,-94.711486,365,-6,A,"Longview, TX",54,54,62,62,4.499999999999999,8.555555555555555,16.0,20.0,"Sun, Oct 18, 2009","Sun, Oct 11, 2009"
4063,Grand Junction Regional,Grand Junction,United States,GJT,KGJT,39.122413,-108.526735,4858,-7,A,"Grand Junction, CO",425,422,432,431,3.527058823529411,11.090047393364932,15.0,53.0,"Tue, Oct 13, 2009","Sat, Oct 31, 2009"
3472,Gainesville Regional,Gainesville,United States,GNV,KGNV,29.690056,-82.271778,152,-5,A,"Gainesville, FL",194,195,195,195,3.1082474226804124,14.092307692307692,6.0,95.0,"Mon, Oct 26, 2009","Thu, Oct 15, 2009"
4038,Gulfport-Biloxi,Gulfport,United States,GPT,KGPT,30.407278,-89.070111,28,-6,A,"Gulfport/Biloxi, MS",588,586,595,594,4.57312925170068,12.540955631399326,25.0,120.0,"Fri, Oct 30, 2009","Tue, Oct  6, 2009"
3653,Austin Straubel International,Green Bay,United States,GRB,KGRB,44.485072,-88.129589,695,-6,A,"Green Bay, WI",510,505,520,521,3.6549019607843136,11.996039603960392,15.0,71.0,"Thu, Oct 29, 2009","Mon, Oct  5, 2009"
3775,Robert Gray AAF,Killeen,United States,GRK,KGRK,31.06725,-97.828917,1015,-6,A,"Killeen, TX",230,226,243,241,3.921739130434782,9.11946902654868,17.0,26.0,"Fri, Oct 30, 2009","Mon, Oct 26, 2009"
3685,Gerald R. Ford International,Grand Rapids,United States,GRR,KGRR,42.880833,-85.522806,794,-5,A,"Grand Rapids, MI",1093,1093,1102,1102,4.106129917657821,13.483989021043003,20.0,80.0,"Wed, Oct 28, 2009","Fri, Oct  9, 2009"
4008,Piedmont Triad,Greensboro,United States,GSO,KGSO,36.09775,-79.937306,925,-5,A,"Greensboro/High Point, NC",744,744,746,746,4.071236559139778,16.231182795698892,22.0,103.0,"Fri, Oct  2, 2009","Sat, Oct 10, 2009"
4034,Greenville-Spartanburg International,Greenville,United States,GSP,KGSP,34.895556,-82.218889,964,-5,A,"Greer, SC",760,758,768,768,3.4710526315789467,15.174142480211087,16.0,81.0,"Sat, Oct 17, 2009","Tue, Oct 13, 2009"
3880,Great Falls International,Great Falls,United States,GTF,KGTF,47.482,-111.370689,3677,-7,A,"Great Falls, MT",146,145,146,146,4.0,12.482758620689658,16.0,38.0,"Sat, Oct 10, 2009","Fri, Oct  9, 2009"
4273,Golden Triangle Regional Airport,Columbus Mississippi,United States,GTR,KGTR,33.450333,-88.591361,264,-6,A,"Columbus, MS",53,53,53,53,3.1509433962264146,17.603773584905664,5.0,70.0,"Fri, Oct 16, 2009","Thu, Oct  8, 2009"
7051,Gunnison - Crested Butte,Gunnison,United States,GUC,KGUC,38.533889,-106.933056,7678,-7,A,"Gunnison, CO",55,57,61,61,1.6545454545454545,8.631578947368421,3.0,78.0,"Sun, Oct  4, 2009","Sun, Oct  4, 2009"
4339,Yampa Valley,Hayden,United States,HDN,KHDN,40.481181,-107.21766,6602,-7,A,"Hayden, CO",62,62,62,62,3.7419354838709675,14.596774193548388,8.0,43.0,"Sat, Oct 31, 2009","Fri, Oct 16, 2009"
3504,Helena Regional,Helena,United States,HLN,KHLN,46.606806,-111.98275,3877,-7,A,"Helena, MT",144,144,146,146,3.298611111111111,11.118055555555554,6.0,42.0,"Thu, Oct  1, 2009","Sat, Oct 10, 2009"
3728,Honolulu International,Honolulu,United States,HNL,PHNL,21.318681,-157.922428,13,-10,N,"Honolulu, HI",4617,4619,4657,4657,5.785141867013217,13.239662264559428,40.0,79.0,"Sat, Oct  3, 2009","Sat, Oct 10, 2009"
3566,William P. Hobby,Houston,United States,HOU,KHOU,29.645419,-95.278889,46,-6,A,"Houston, TX",4351,4353,4405,4406,5.23994484026661,9.924419940271049,49.0,89.0,"Sat, Oct 24, 2009","Thu, Oct 29, 2009"
3589,Westchester County,White Plains,United States,HPN,KHPN,41.066959,-73.707575,439,-5,A,"White Plains, NY",829,831,831,833,5.02653799758745,14.926594464500603,56.0,106.0,"Mon, Oct 12, 2009","Mon, Oct  5, 2009"
3560,Valley International,Harlingen,United States,HRL,KHRL,26.2285,-97.654389,36,-6,A,"Harlingen/San Benito, TX",432,434,441,441,3.053240740740742,8.65437788018433,13.0,82.0,"Fri, Oct 16, 2009","Mon, Oct 26, 2009"
4113,Huntsville International Airport-Carl T. Jones Field,Huntsville,United States,HSV,KHSV,34.6371944,-86.7750556,629,-6,A,"Huntsville, AL",971,969,983,983,5.35118434603501,15.783281733746131,17.0,121.0,"Fri, Oct 23, 2009","Thu, Oct 29, 2009"
3714,Washington Dulles International,Washington,United States,IAD,KIAD,38.944533,-77.455811,313,-5,A,"Washington, DC",5230,5237,5282,5282,7.35315487571702,17.746992552988306,44.0,165.0,"Sun, Oct  4, 2009","Thu, Oct 15, 2009"
3550,George Bush Intercontinental Houston,Houston,United States,IAH,KIAH,29.984433,-95.341442,97,-6,A,"Houston, TX",15316,15343,15468,15473,8.260838338991897,19.654956657759225,65.0,157.0,"Sat, Oct 31, 2009","Thu, Oct 29, 2009"
3457,Wichita Mid Continent,Wichita,United States,ICT,KICT,37.649944,-97.433056,1333,-6,A,"Wichita, KS",1110,1102,1134,1134,4.848648648648647,12.502722323049,18.0,77.0,"Tue, Oct  6, 2009","Mon, Oct  5, 2009"
4100,Idaho Falls Regional,Idaho Falls,United States,IDA,KIDA,43.514556,-112.07075,4744,-7,A,"Idaho Falls, ID",211,211,212,212,3.90521327014218,13.639810426540288,7.0,63.0,"Wed, Oct 21, 2009","Tue, Oct 20, 2009"
3845,Wilmington International,Wilmington,United States,ILM,KILM,34.270615,-77.902569,32,-5,A,"Wilmington, NC",285,285,288,288,4.073684210526321,12.70175438596491,16.0,67.0,"Mon, Oct  5, 2009","Tue, Oct  6, 2009"
3585,Indianapolis International,Indianapolis,United States,IND,KIND,39.717331,-86.294383,797,-5,A,"Indianapolis, IN",3133,3136,3167,3165,5.849664857963618,13.629145408163259,40.0,99.0,"Tue, Oct 27, 2009","Thu, Oct 29, 2009"
3689,Imperial County,Imperial,United States,IPL,KIPL,32.834219,-115.578744,-54,-8,A,"El Centro, CA",62,62,62,62,3.629032258064516,10.870967741935484,10.0,27.0,"Tue, Oct 20, 2009","Sat, Oct 10, 2009"
3857,Long Island MacArthur,Islip,United States,ISP,KISP,40.79525,-73.100222,99,-5,A,"Islip, NY",662,663,662,663,4.104229607250752,8.084464555052786,24.0,24.0,"Fri, Oct 16, 2009","Fri, Oct 16, 2009"
3947,Ithaca Tompkins Regional,Ithaca,United States,ITH,KITH,42.491028,-76.458444,1099,-5,A,"Ithaca/Cortland, NY",55,55,57,57,8.67272727272727,17.50909090909091,12.0,49.0,"Thu, Oct  8, 2009","Fri, Oct  2, 2009"
3415,Hilo International,Hilo,United States,ITO,PHTO,19.721375,-155.048469,38,-10,N,"Hilo, HI",685,683,698,698,5.226277372262772,7.992679355783299,14.0,19.0,"Thu, Oct 22, 2009","Fri, Oct 30, 2009"
7120,Inyokern Airport,Inyokern,United States,IYK,KIYK,35.658889,-117.829444,2455,-8,A,"Inyokern, CA",80,80,85,85,4.499999999999998,10.225,8.0,18.0,"Sun, Oct  4, 2009","Mon, Oct 26, 2009"
4027,Jackson Hole Airport,Jacksn Hole,United States,JAC,KJAC,43.60733333,-110.73775,6451,-7,A,"Jackson, WY",178,176,181,181,3.061797752808989,15.892045454545455,12.0,61.0,"Wed, Oct  7, 2009","Sat, Oct 10, 2009"
3580,Jackson Evers International,Jackson,United States,JAN,KJAN,32.311167,-90.075889,346,-6,A,"Jackson/Vicksburg, MS",1080,1074,1095,1095,4.287962962962958,12.444134078212295,47.0,104.0,"Mon, Oct 12, 2009","Fri, Oct 30, 2009"
3712,Jacksonville International,Jacksonville,United States,JAX,KJAX,30.494056,-81.687861,30,-5,A,"Jacksonville, FL",2400,2397,2407,2406,5.1400000000000095,13.448060075093855,26.0,105.0,"Sat, Oct 10, 2009","Tue, Oct 13, 2009"
3797,John F. Kennedy International,New York,United States,JFK,KJFK,40.639751,-73.778925,13,-5,A,"New York, NY",9478,9492,9523,9523,10.456741928676951,28.520965023177435,71.0,229.0,"Thu, Oct  1, 2009","Sat, Oct  3, 2009"
3492,Juneau International,Juneau,United States,JNU,PAJN,58.354972,-134.576278,21,-9,A,"Juneau, AK",334,332,341,341,4.01197604790419,14.207831325301205,35.0,48.0,"Tue, Oct 20, 2009","Mon, Oct 12, 2009"
3514,Kona International At Keahole,Kona,United States,KOA,PHKO,19.738767,-156.045631,47,-10,N,"Kona, HI",989,989,991,991,4.403437815975736,9.455005055611718,9.0,40.0,"Sun, Oct  4, 2009","Tue, Oct 20, 2009"
3808,Ketchikan International,Ketchikan,United States,KTN,PAKT,55.355556,-131.71375,88,-9,A,"Ketchikan, AK",183,182,186,186,4.16393442622951,12.25274725274725,13.0,49.0,"Wed, Oct 14, 2009","Wed, Oct 14, 2009"
3544,Capital City,Lansing,United States,LAN,KLAN,42.7787,-84.587357,861,-5,A,"Lansing, MI",305,303,309,309,3.0327868852459012,13.64026402640264,9.0,60.0,"Tue, Oct  6, 2009","Thu, Oct 29, 2009"
3877,McCarran International,Las Vegas,United States,LAS,KLAS,36.080056,-115.15225,2141,-8,A,"Las Vegas, NV",12968,12965,13034,13035,6.304595928439224,14.915541843424613,45.0,116.0,"Mon, Oct  5, 2009","Fri, Oct 23, 2009"
4256,Lawton-Fort Sill Regional Airport,Lawton,United States,LAW,KLAW,34.5677144,-98.4166367,1110,-6,A,"Lawton/Fort Sill, OK",30,30,31,31,2.433333333333333,7.566666666666666,4.0,21.0,"Thu, Oct  1, 2009","Tue, Oct 13, 2009"
3484,Los Angeles International,Los Angeles,United States,LAX,KLAX,33.942536,-118.408075,126,-8,A,"Los Angeles, CA",16078,16095,16233,16231,8.46280631919397,14.367878223050623,54.0,151.0,"Tue, Oct 20, 2009","Wed, Oct  7, 2009"
3829,Lubbock Preston Smith International,Lubbock,United States,LBB,KLBB,33.663639,-101.822778,3282,-6,A,"Lubbock, TX",651,652,657,658,3.800307219662059,9.279141104294483,37.0,37.0,"Mon, Oct 19, 2009","Tue, Oct 13, 2009"
3513,Lake Charles Regional,Lake Charles,United States,LCH,KLCH,30.126112,-93.223335,15,-6,A,"Lake Charles, LA",124,124,132,132,4.459677419354838,10.056451612903224,7.0,25.0,"Fri, Oct 30, 2009","Sat, Oct 10, 2009"
4017,Blue Grass,Lexington KY,United States,LEX,KLEX,38.0365,-84.605889,979,-5,A,"Lexington, KY",629,630,632,634,4.2623211446740825,13.72380952380953,15.0,83.0,"Fri, Oct  9, 2009","Wed, Oct  7, 2009"
3493,Lafayette Regional,Lafayette,United States,LFT,KLFT,30.205278,-91.987611,43,-6,A,"Lafayette, LA",513,514,526,527,5.306042884990251,12.848249027237355,46.0,65.0,"Mon, Oct 26, 2009","Thu, Oct 22, 2009"
3697,LaGuardia Airport,New York,United States,LGA,KLGA,40.777245,-73.872608,22,-5,A,"New York, NY",8136,8154,8282,8289,7.522738446411016,24.566715722344842,69.0,139.0,"Fri, Oct 30, 2009","Sun, Oct 18, 2009"
3582,Long Beach,Long Beach,United States,LGB,KLGB,33.817722,-118.151611,60,-8,A,"Long Beach, CA",1186,1188,1188,1189,4.8895446880269775,13.508417508417514,36.0,73.0,"Fri, Oct 30, 2009","Sun, Oct  4, 2009"
3602,Lihue,Lihue,United States,LIH,PHLI,21.975983,-159.338958,153,-10,N,"Lihue, HI",1024,1023,1035,1035,5.122070312499998,8.006842619745878,22.0,92.0,"Mon, Oct 12, 2009","Thu, Oct 22, 2009"
3660,Adams Field,Little Rock,United States,LIT,KLIT,34.729444,-92.224306,262,-6,A,"Little Rock, AR",1682,1679,1697,1698,5.4387633769322195,12.918999404407367,46.0,107.0,"Thu, Oct  8, 2009","Fri, Oct 23, 2009"
5750,Klamath Falls Airport,Klamath Falls,United States,LMT,KLMT,42.1561,-121.733,4095,-8,A,"Klamath Falls, OR",115,113,124,124,3.1478260869565218,9.088495575221243,7.0,25.0,"Sat, Oct  3, 2009","Sat, Oct 31, 2009"
3543,Lincoln,Lincoln,United States,LNK,KLNK,40.850971,-96.75925,1219,-6,A,"Lincoln, NE",230,229,237,237,4.634782608695657,11.95633187772926,25.0,77.0,"Wed, Oct 28, 2009","Fri, Oct 23, 2009"
3691,Laredo International,Laredo,United States,LRD,KLRD,27.54375,-99.461556,508,-6,A,"Laredo, TX",214,213,221,221,3.3457943925233633,10.694835680751169,7.0,35.0,"Fri, Oct 23, 2009","Thu, Oct  1, 2009"
4044,LaCrosse Municipal,LaCrosse,United States,LSE,KLSE,43.878986,-91.256711,654,-6,A,"La Crosse, WI",275,277,292,294,3.7818181818181817,12.98194945848376,17.0,136.0,"Thu, Oct 22, 2009","Thu, Oct  1, 2009"
3945,Lewiston Nez Perce County,Lewiston,United States,LWS,KLWS,46.3745,-117.015389,1442,-8,A,"Lewiston, ID",53,53,53,53,4.471698113207546,9.528301886792454,6.0,29.0,"Fri, Oct  2, 2009","Sun, Oct 25, 2009"
5753,Lynchburg Regional-Preston Glenn Field,Lynchburg,United States,LYH,KLYH,37.3267,-79.2004,938,-5,A,"Lynchburg, VA",79,79,80,80,3.050632911392405,13.341772151898734,7.0,54.0,"Thu, Oct  1, 2009","Mon, Oct  5, 2009"
3652,Midland International,Midland,United States,MAF,KMAF,31.942528,-102.201914,2871,-6,A,"Midland/Odessa, TX",515,515,523,524,3.850485436893204,9.8,24.0,89.0,"Thu, Oct 29, 2009","Thu, Oct 29, 2009"
4128,MBS International,Saginaw,United States,MBS,KMBS,43.532913,-84.079647,668,-5,A,"Saginaw/Bay City/Midland, MI",285,283,292,291,3.515789473684211,14.240282685512366,7.0,64.0,"Tue, Oct 20, 2009","Tue, Oct  6, 2009"
3458,Kansas City International,Kansas City,United States,MCI,KMCI,39.297606,-94.713905,1026,-6,A,"Kansas City, MO",4168,4159,4196,4192,5.596689059500954,12.112527049771588,41.0,129.0,"Thu, Oct  8, 2009","Thu, Oct  1, 2009"
3878,Orlando International,Orlando,United States,MCO,KMCO,28.429394,-81.308994,96,-5,A,"Orlando, FL",9388,9373,9403,9396,6.903813378781426,12.431131974821316,38.0,129.0,"Sat, Oct 10, 2009","Thu, Oct 15, 2009"
3542,Harrisburg International,Harrisburg,United States,MDT,KMDT,40.193494,-76.763403,310,-5,A,"Harrisburg, PA",406,406,406,407,4.376847290640391,14.12807881773399,17.0,85.0,"Wed, Oct 28, 2009","Fri, Oct 23, 2009"
3747,Chicago Midway International,Chicago,United States,MDW,KMDW,41.785972,-87.752417,620,-6,A,"Chicago, IL",7192,7200,7231,7228,5.201056729699668,11.119305555555544,39.0,127.0,"Thu, Oct 22, 2009","Thu, Oct  1, 2009"
4335,Key Field,Meridian,United States,MEI,KMEI,32.332624,-88.751868,297,-6,A,"Meridian, MS",57,57,57,57,3.543859649122807,13.877192982456139,5.0,59.0,"Fri, Oct  9, 2009","Mon, Oct  5, 2009"
3473,Memphis International,Memphis,United States,MEM,KMEM,35.042417,-89.976667,341,-6,A,"Memphis, TN",5769,5779,5838,5830,7.262783844687121,18.39176328084446,50.0,110.0,"Sun, Oct 18, 2009","Sun, Oct  4, 2009"
3826,McAllen Miller International,Mcallen,United States,MFE,KMFE,26.175833,-98.238611,107,-6,A,"Mission/McAllen/Edinburg, TX",351,350,354,354,4.0,11.32285714285714,10.0,66.0,"Mon, Oct 26, 2009","Thu, Oct  1, 2009"
4101,Rogue Valley International Medford,Medford,United States,MFR,KMFR,42.374228,-122.8735,1335,-8,A,"Medford, OR",319,317,326,325,3.3260188087774294,10.15772870662461,7.0,29.0,"Sun, Oct 25, 2009","Tue, Oct 20, 2009"
4115,Montgomery Regional Airport ,MONTGOMERY,United States,MGM,KMGM,32.3006389,-86.3939722,221,-6,A,"Montgomery, AL",380,382,384,385,3.331578947368421,16.69371727748692,18.0,81.0,"Thu, Oct 15, 2009","Fri, Oct  9, 2009"
4050,Manhattan Regional,Manhattan,United States,MHK,KMHK,39.140972,-96.670833,1057,-6,A,"Manhattan/Ft. Riley, KS",62,62,62,62,4.096774193548385,11.548387096774194,9.0,48.0,"Sat, Oct 10, 2009","Sat, Oct 24, 2009"
4011,Manchester Regional Airport,Manchester NH,United States,MHT,KMHT,42.932556,-71.435667,266,-5,A,"Manchester, NH",1158,1159,1163,1164,4.47322970639033,11.688524590163945,14.0,133.0,"Fri, Oct 23, 2009","Sun, Oct 11, 2009"
3576,Miami International,Miami,United States,MIA,KMIA,25.79325,-80.290556,8,-5,A,"Miami, FL",5034,5035,5057,5058,7.506356773937224,15.666137040714995,53.0,114.0,"Fri, Oct 23, 2009","Sat, Oct 31, 2009"
3717,General Mitchell International,Milwaukee,United States,MKE,KMKE,42.947222,-87.896583,723,-6,A,"Milwaukee, WI",3463,3462,3504,3502,5.256136298007507,13.879549393414209,35.0,123.0,"Thu, Oct  1, 2009","Wed, Oct 21, 2009"
3671,Melbourne International,Melbourne,United States,MLB,KMLB,28.102753,-80.645258,33,-5,A,"Melbourne, FL",124,124,124,124,3.8870967741935485,15.661290322580646,9.0,82.0,"Sun, Oct 18, 2009","Mon, Oct 12, 2009"
4072,Quad City International,Moline,United States,MLI,KMLI,41.448528,-90.507539,590,-6,A,"Moline, IL",634,633,642,642,3.6608832807570977,11.82464454976304,13.0,65.0,"Sat, Oct  3, 2009","Thu, Oct  1, 2009"
3732,Monroe Regional,Monroe,United States,MLU,KMLU,32.510864,-92.037689,79,-6,A,"Monroe, LA",195,194,199,201,3.497435897435898,10.092783505154635,9.0,34.0,"Thu, Oct 29, 2009","Tue, Oct 27, 2009"
3782,Mobile Regional,Mobile,United States,MOB,KMOB,30.691231,-88.242814,219,-6,A,"Mobile, AL",615,613,631,630,3.8991869918699193,11.7699836867863,15.0,94.0,"Wed, Oct  7, 2009","Fri, Oct  9, 2009"
3816,Modesto City County Harry Sham,Modesto,United States,MOD,KMOD,37.625817,-120.954422,97,-8,A,"Modesto, CA",136,136,146,146,2.7132352941176467,9.691176470588239,6.0,36.0,"Wed, Oct 21, 2009","Mon, Oct 19, 2009"
3498,Minot International,Minot,United States,MOT,KMOT,48.259378,-101.280333,1716,-6,A,"Minot, ND",27,27,31,31,4.888888888888889,15.222222222222221,8.0,45.0,"Thu, Oct  8, 2009","Tue, Oct  6, 2009"
6838,Sawyer International Airport,Marquette,United States,MQT,KMQT,46.353611,-87.395278,1221,-5,A,"Marquette, MI",111,111,114,114,4.279279279279277,11.153153153153156,9.0,68.0,"Mon, Oct  5, 2009","Wed, Oct 28, 2009"
3948,Monterey Peninsula,Monterey,United States,MRY,KMRY,36.587,-121.842944,257,-8,A,"Monterey, CA",493,495,508,509,3.3346855983772823,10.608080808080809,9.0,65.0,"Thu, Oct 22, 2009","Tue, Oct 13, 2009"
3459,Dane County Regional-Truax Field,Madison,United States,MSN,KMSN,43.139858,-89.337514,887,-6,A,"Madison, WI",1054,1053,1066,1065,4.732447817836815,14.435897435897436,47.0,123.0,"Mon, Oct  5, 2009","Thu, Oct 29, 2009"
4216,Missoula International,Missoula,United States,MSO,KMSO,46.916306,-114.090556,3205,-7,A,"Missoula, MT",220,222,224,225,4.409090909090909,11.396396396396396,8.0,66.0,"Tue, Oct 13, 2009","Thu, Oct 29, 2009"
3858,Minneapolis St. Paul International,Minneapolis,United States,MSP,KMSP,44.881956,-93.221767,841,-6,A,"Minneapolis, MN",9404,9448,9755,9759,9.50116971501492,21.232112616426765,52.0,151.0,"Mon, Oct 12, 2009","Fri, Oct  9, 2009"
3861,Louis Armstrong New Orleans International,New Orleans,United States,MSY,KMSY,29.993389,-90.258028,4,-6,A,"New Orleans, LA",2919,2915,2924,2921,4.633778691332652,11.75814751286449,40.0,98.0,"Sat, Oct 24, 2009","Thu, Oct  1, 2009"
6880,Montrose Regional Airport,Montrose CO,United States,MTJ,KMTJ,38.509794,-107.894242,5759,-7,A,"Montrose/Delta, CO",134,134,141,141,2.4402985074626855,8.522388059701491,7.0,28.0,"Thu, Oct 15, 2009","Thu, Oct 29, 2009"
3605,Grant County International,Grant County Airport,United States,MWH,KMWH,47.207708,-119.32019,1185,-8,A,"Moses Lake, WA",59,61,60,61,4.610169491525422,10.163934426229508,8.0,22.0,"Mon, Oct  5, 2009","Sun, Oct 25, 2009"
3515,Myrtle Beach International,Myrtle Beach,United States,MYR,KMYR,33.67975,-78.928333,25,-5,A,"Myrtle Beach, SC",351,349,352,353,3.54985754985755,16.773638968481404,33.0,83.0,"Sun, Oct 25, 2009","Mon, Oct  5, 2009"
4386,Albert J. Ellis,Jacksonville NC,United States,OAJ,KOAJ,34.829164,-77.612139,94,-5,A,"Jacksonville/Camp Lejeune, NC",124,124,124,124,2.4596774193548385,12.580645161290322,7.0,64.0,"Thu, Oct 29, 2009","Mon, Oct  5, 2009"
3453,Metropolitan Oakland International,Oakland,United States,OAK,KOAK,37.721278,-122.220722,9,-8,A,"Oakland, CA",4083,4090,4129,4131,5.428116580945382,9.179217603911988,32.0,59.0,"Wed, Oct  7, 2009","Tue, Oct 27, 2009"
3456,Kahului,Kahului,United States,OGG,PHOG,20.89865,-156.430458,54,-10,N,"Kahului, HI",1688,1686,1699,1699,5.286137440758296,7.825029655990498,46.0,27.0,"Thu, Oct  8, 2009","Sat, Oct  3, 2009"
3863,Will Rogers World,Oklahoma City,United States,OKC,KOKC,35.393089,-97.600733,1295,-6,A,"Oklahoma City, OK",1830,1827,1849,1849,4.462295081967215,11.684729064039423,31.0,77.0,"Tue, Oct 20, 2009","Mon, Oct  5, 2009"
3454,Eppley Airfield,Omaha,United States,OMA,KOMA,41.303167,-95.894069,984,-6,A,"Omaha, NE",2053,2049,2085,2087,4.988796882610817,12.807223035627135,44.0,133.0,"Mon, Oct 26, 2009","Sat, Oct 10, 2009"
3615,Nome,Nome,United States,OME,PAOM,64.512203,-165.445247,37,-9,A,"Nome, AK",90,92,93,93,3.6333333333333333,4.923913043478263,6.0,18.0,"Thu, Oct 15, 2009","Sat, Oct 31, 2009"
3734,Ontario International,Ontario,United States,ONT,KONT,34.056,-117.601194,944,-8,A,"Ontario, CA",2120,2119,2132,2133,4.385377358490566,10.229353468617276,19.0,107.0,"Sat, Oct 17, 2009","Mon, Oct 26, 2009"
3830,Chicago O'Hare International,Chicago,United States,ORD,KORD,41.978603,-87.904842,668,-6,A,"Chicago, IL",26373,26472,26759,26789,9.050316611686263,16.954026896343187,68.0,168.0,"Fri, Oct 23, 2009","Thu, Oct 15, 2009"
3611,Norfolk International,Norfolk,United States,ORF,KORF,36.894611,-76.201222,26,-5,A,"Norfolk, VA",1337,1334,1345,1347,4.305160807778608,13.192653673163397,18.0,112.0,"Sun, Oct 18, 2009","Thu, Oct 15, 2009"
5757,Southwest Oregon Regional Airport,North Bend,United States,OTH,KOTH,43.4171,-124.246,17,-8,A,"North Bend/Coos Bay, OR",98,97,98,98,3.010204081632653,9.75257731958763,5.0,34.0,"Wed, Oct  7, 2009","Sat, Oct 17, 2009"
3693,Ralph Wien Memorial,Kotzebue,United States,OTZ,PAOT,66.884678,-162.59855,11,-9,A,"Kotzebue, AK",90,91,93,93,4.1,5.494505494505495,7.0,75.0,"Wed, Oct 21, 2009","Sat, Oct 31, 2009"
6961,Oxnard - Ventura County,Oxnard,United States,OXR,KOXR,34.200833,-119.207222,15,-8,A,"Oxnard/Ventura, CA",86,86,88,88,3.2906976744186047,10.302325581395346,6.0,28.0,"Mon, Oct 26, 2009","Wed, Oct  7, 2009"
3722,Palm Beach International,West Palm Beach,United States,PBI,KPBI,26.683161,-80.095589,19,-5,A,"West Palm Beach/Palm Beach, FL",1790,1788,1793,1792,4.610614525139668,12.55984340044742,21.0,84.0,"Thu, Oct  1, 2009","Sun, Oct 18, 2009"
3720,Portland International,Portland,United States,PDX,KPDX,45.588722,-122.5975,30,-8,A,"Portland, OR",4283,4289,4301,4306,4.400420266168593,13.469340172534384,33.0,82.0,"Mon, Oct 26, 2009","Tue, Oct 13, 2009"
4073,Panama City Bay County International,Panama City,United States,PFN,KPFN,30.212083,-85.682806,20,-6,A,"Panama City, FL",323,323,323,323,2.9411764705882346,13.19195046439629,8.0,49.0,"Mon, Oct 19, 2009","Mon, Oct  5, 2009"
3633,Newport News Williamsburg International,Newport News,United States,PHF,KPHF,37.131894,-76.492989,43,-5,A,"Newport News/Williamsburg, VA",513,512,517,517,5.019493177387917,11.796875,18.0,88.0,"Tue, Oct  6, 2009","Fri, Oct 30, 2009"
3752,Philadelphia International,Philadelphia,United States,PHL,KPHL,39.871944,-75.241139,36,-5,A,"Philadelphia, PA",7607,7621,7689,7688,7.082818456684635,20.882298910904066,84.0,113.0,"Fri, Oct 30, 2009","Sun, Oct 18, 2009"
3462,Phoenix Sky Harbor International,Phoenix,United States,PHX,KPHX,33.434278,-112.011583,1135,-7,N,"Phoenix, AZ",15000,15033,15127,15117,6.921199999999998,14.878201290494241,84.0,97.0,"Sat, Oct 10, 2009","Mon, Oct 12, 2009"
4046,Peoria Regional,Peoria,United States,PIA,KPIA,40.664203,-89.693258,660,-6,A,"Peoria, IL",353,354,362,361,3.881019830028326,11.951977401129936,13.0,138.0,"Mon, Oct 19, 2009","Thu, Oct  1, 2009"
5760,Pocatello Regional Airport,Pocatello,United States,PIH,KPIH,42.9098,-112.596,4452,-7,A,"Pocatello, ID",123,122,124,124,3.2357723577235773,12.262295081967213,7.0,51.0,"Fri, Oct 30, 2009","Sun, Oct  4, 2009"
5761,Pierre Regional Airport,Pierre,United States,PIR,KPIR,44.3827,-100.286,1742,-6,A,"Pierre, SD",2,2,2,2,7.0,13.0,9.0,14.0,"Tue, Oct  6, 2009","Wed, Oct  7, 2009"
3570,Pittsburgh International,Pittsburgh (pennsylva),United States,PIT,KPIT,40.491467,-80.232872,1204,-5,A,"Pittsburgh, PA",2892,2883,2907,2907,6.016943291839548,13.838362816510594,35.0,142.0,"Mon, Oct 12, 2009","Sat, Oct 24, 2009"
3564,Pensacola Regional,Pensacola,United States,PNS,KPNS,30.473425,-87.186611,121,-6,A,"Pensacola, FL",845,844,858,858,4.301775147928985,13.227488151658772,30.0,80.0,"Fri, Oct 30, 2009","Tue, Oct 27, 2009"
6133,Tri Cities Airport,Pasco,United States,PSC,PSC,46.2647,-119.119,410,-8,A,"Pasco/Kennewick/Richland, WA",295,295,296,296,4.922033898305085,10.094915254237291,11.0,33.0,"Sun, Oct 25, 2009","Sun, Oct 11, 2009"
4147,Petersburg James A. Johnson,Petersburg,United States,PSG,PAPG,56.801667,-132.945278,105,-9,A,"Petersburg, AK",61,61,62,62,3.278688524590164,10.819672131147541,6.0,40.0,"Sat, Oct  3, 2009","Fri, Oct  2, 2009"
3839,Palm Springs International,Palm Springs,United States,PSP,KPSP,33.829667,-116.506694,477,-8,A,"Palm Springs, CA",881,879,888,887,4.828603859250856,12.383390216154725,14.0,81.0,"Sun, Oct 11, 2009","Thu, Oct  1, 2009"
3641,Theodore Francis Green State,Providence,United States,PVD,KPVD,41.732581,-71.420383,55,-5,A,"Providence, RI",1512,1509,1514,1514,4.5244708994709,13.029821073558647,25.0,77.0,"Sat, Oct 17, 2009","Wed, Oct  7, 2009"
3862,Portland International Jetport,Portland,United States,PWM,KPWM,43.646161,-70.309281,77,-5,A,"Portland, ME",593,593,595,595,4.187183811129848,13.610455311973016,26.0,99.0,"Sat, Oct 31, 2009","Sat, Oct 24, 2009"
4087,Rapid City Regional Airport,Rapid City,United States,RAP,KRAP,44.045278,-103.057222,3204,-7,A,"Rapid City, SD",299,300,306,306,4.3511705685618685,12.026666666666667,13.0,68.0,"Thu, Oct 29, 2009","Thu, Oct 22, 2009"
4098,Redding Municipal,Redding,United States,RDD,KRDD,40.509,-122.293389,504,-8,A,"Redding, CA",120,119,124,124,3.816666666666667,9.478991596638656,7.0,21.0,"Sat, Oct 24, 2009","Wed, Oct 21, 2009"
4103,Roberts Field,Redmond-Bend,United States,RDM,KRDM,44.254066,-121.149964,3077,-8,A,"Bend/Redmond, OR",263,264,264,264,3.4790874524714823,11.5,10.0,53.0,"Sat, Oct 17, 2009","Tue, Oct 13, 2009"
3626,Raleigh Durham International,Raleigh-durham,United States,RDU,KRDU,35.877639,-78.787472,435,-5,A,"Raleigh/Durham, NC",4343,4342,4358,4361,4.997697444163027,14.525794564716715,40.0,123.0,"Fri, Oct 16, 2009","Thu, Oct 15, 2009"
3608,Richmond International,Richmond,United States,RIC,KRIC,37.505167,-77.319667,167,-5,A,"Richmond, VA",1416,1414,1419,1420,5.735875706214696,16.115275813295586,17.0,111.0,"Fri, Oct 23, 2009","Sun, Oct 11, 2009"
5766,Rock Springs Sweetwater County Airport,Rock Springs,United States,RKS,KRKS,41.5942,-109.065,6760,-7,A,"Rock Springs, WY",141,142,151,151,2.8156028368794326,12.091549295774652,7.0,58.0,"Sat, Oct 24, 2009","Tue, Oct 20, 2009"
3807,Reno Tahoe International,Reno,United States,RNO,KRNO,39.499108,-119.768108,4415,-8,A,"Reno, NV",1552,1553,1561,1562,4.535438144329909,10.569220862846109,21.0,92.0,"Fri, Oct 23, 2009","Sat, Oct 31, 2009"
4016,Roanoke Regional,Roanoke VA,United States,ROA,KROA,37.325472,-79.975417,1175,-5,A,"Roanoke, VA",299,299,303,303,4.9230769230769225,14.618729096989966,12.0,44.0,"Wed, Oct  7, 2009","Mon, Oct 19, 2009"
3622,Greater Rochester International,Rochester,United States,ROC,KROC,43.118866,-77.672389,559,-5,A,"Rochester, NY",1183,1183,1189,1191,5.71597633136095,14.40490278951818,23.0,75.0,"Tue, Oct 13, 2009","Mon, Oct 19, 2009"
3736,Roswell International Air Center,Roswell,United States,ROW,KROW,33.301556,-104.530556,3671,-7,A,"Roswell, NM",105,104,106,105,4.028571428571432,10.701923076923078,8.0,115.0,"Fri, Oct 23, 2009","Thu, Oct  1, 2009"
4048,Rochester,Rochester,United States,RST,KRST,43.908283,-92.500014,1317,-6,A,"Rochester, MN",198,199,209,209,3.545454545454545,11.522613065326638,24.0,50.0,"Thu, Oct  8, 2009","Thu, Oct  1, 2009"
3793,Southwest Florida International,Fort Myers,United States,RSW,KRSW,26.536167,-81.755167,30,-5,A,"Fort Myers, FL",1660,1653,1660,1654,4.446385542168665,11.852389594676358,39.0,105.0,"Sat, Oct 17, 2009","Sat, Oct 31, 2009"
3784,Santa Fe Municipal,Santa Fe,United States,SAF,KSAF,35.617108,-106.089422,6348,-7,A,"Santa Fe, NM",30,30,31,31,7.633333333333335,11.766666666666667,13.0,28.0,"Mon, Oct 19, 2009","Sun, Oct  4, 2009"
3731,San Diego International,San Diego,United States,SAN,KSAN,32.733556,-117.189667,17,-8,A,"San Diego, CA",6743,6763,6832,6831,3.693756488209989,12.963034156439456,42.0,109.0,"Wed, Oct 14, 2009","Sat, Oct 24, 2009"
3621,San Antonio International,San Antonio,United States,SAT,KSAT,29.533694,-98.469778,809,-6,A,"San Antonio, TX",3185,3185,3196,3199,4.054317111459976,11.745054945054948,48.0,127.0,"Sun, Oct  4, 2009","Thu, Oct 29, 2009"
3613,Savannah Hilton Head International,Savannah,United States,SAV,KSAV,32.127583,-81.202139,51,-5,A,"Savannah, GA",902,898,910,910,5.249445676274947,16.36525612472165,23.0,112.0,"Tue, Oct 13, 2009","Fri, Oct 30, 2009"
3949,Santa Barbara Municipal,Santa Barbara,United States,SBA,KSBA,34.426211,-119.840372,10,-8,A,"Santa Barbara, CA",973,974,984,985,4.02158273381294,9.828542094455852,17.0,85.0,"Fri, Oct  2, 2009","Mon, Oct 19, 2009"
4359,South Bend Regional,South Bend,United States,SBN,KSBN,41.708661,-86.31725,799,-5,A,"South Bend, IN",309,310,315,316,4.022653721682848,12.767741935483869,15.0,71.0,"Sat, Oct  3, 2009","Wed, Oct  7, 2009"
5768,San Luis County Regional Airport,San Luis Obispo,United States,SBP,KSBP,35.2368,-120.642,212,-8,A,"San Luis Obispo, CA",355,355,358,358,3.5295774647887326,9.41971830985916,14.0,33.0,"Tue, Oct 20, 2009","Wed, Oct 14, 2009"
3620,Deadhorse,Deadhorse,United States,SCC,PASC,70.19475,-148.465167,64,-9,A,"Deadhorse, AK",59,58,62,62,4.118644067796609,6.431034482758621,14.0,25.0,"Tue, Oct 20, 2009","Tue, Oct 20, 2009"
4318,University Park Airport,State College Pennsylvania,United States,SCE,KUNV,40.849278,-77.848694,1239,-5,A,"State College, PA",86,86,88,88,6.406976744186046,14.034883720930232,11.0,116.0,"Mon, Oct 26, 2009","Sat, Oct  3, 2009"
4014,Louisville International Airport,Louisville,United States,SDF,KSDF,38.1740858,-85.7364989,501,-5,A,"Louisville, KY",1553,1546,1572,1571,6.139729555698652,13.014877102199218,39.0,128.0,"Wed, Oct 21, 2009","Thu, Oct 15, 2009"
3577,Seattle Tacoma International,Seattle,United States,SEA,KSEA,47.449,-122.309306,433,-8,A,"Seattle, WA",8430,8429,8453,8453,6.005219454329776,15.537430300154218,53.0,73.0,"Sun, Oct 25, 2009","Mon, Oct 19, 2009"
3469,San Francisco International,San Francisco,United States,SFO,KSFO,37.618972,-122.374889,13,-8,A,"San Francisco, CA",11482,11486,11663,11654,5.990942344539277,17.29818909977358,57.0,106.0,"Tue, Oct 13, 2009","Tue, Oct 27, 2009"
4348,Springfield Branson National,Springfield,United States,SGF,KSGF,37.245667,-93.388639,1268,-6,A,"Springfield, MO",702,694,713,711,4.666666666666664,14.34726224783862,18.0,133.0,"Tue, Oct  6, 2009","Thu, Oct  1, 2009"
4064,St. George Municipal,Saint George,United States,SGU,KSGU,37.090583,-113.593056,2941,-7,A,"St. George, UT",197,197,198,198,3.6040609137055837,9.096446700507613,7.0,73.0,"Mon, Oct 26, 2009","Tue, Oct 27, 2009"
3609,Shreveport Regional,Shreveport,United States,SHV,KSHV,32.446629,-93.8256,258,-6,A,"Shreveport, LA",405,406,431,428,4.7580246913580275,11.551724137931034,16.0,96.0,"Fri, Oct  9, 2009","Tue, Oct  6, 2009"
3856,Sitka Rocky Gutierrez,Sitka,United States,SIT,PASI,57.047138,-135.361611,21,-9,A,"Sitka, AK",90,91,93,93,4.066666666666666,10.923076923076918,8.0,30.0,"Mon, Oct  5, 2009","Tue, Oct  6, 2009"
3748,Norman Y. Mineta San Jose International,San Jose,United States,SJC,KSJC,37.3626,-121.929022,62,-8,A,"San Jose, CA",3929,3923,3962,3960,4.082463731229328,10.780270201376515,35.0,80.0,"Sat, Oct 17, 2009","Thu, Oct 29, 2009"
3708,San Angelo Regional-Mathis Field,San Angelo,United States,SJT,KSJT,31.35775,-100.496306,1919,-6,A,"San Angelo, TX",61,61,62,62,2.9344262295081966,7.901639344262297,6.0,18.0,"Tue, Oct  6, 2009","Tue, Oct 13, 2009"
3536,Salt Lake City International,Salt Lake City,United States,SLC,KSLC,40.788389,-111.977772,4227,-7,A,"Salt Lake City, UT",10395,10416,10457,10451,6.931794131794129,20.039554531490023,46.0,144.0,"Wed, Oct 14, 2009","Thu, Oct 22, 2009"
3817,Sacramento International,Sacramento,United States,SMF,KSMF,38.695417,-121.590778,27,-8,A,"Sacramento, CA",3839,3839,3877,3880,4.354519406095346,9.853868194842418,34.0,92.0,"Mon, Oct 12, 2009","Sat, Oct 31, 2009"
5772,Santa Maria Public-Captain G. Allan Hancock Airport,Santa Maria,United States,SMX,KSMX,34.8989,-120.457,261,-8,A,"Santa Maria, CA",116,116,117,117,4.137931034482759,9.465517241379313,9.0,23.0,"Mon, Oct  5, 2009","Sun, Oct 25, 2009"
3867,John Wayne Airport Orange County,Santa Ana,United States,SNA,KSNA,33.675667,-117.868222,56,-8,A,"Santa Ana, CA",3835,3837,3864,3868,7.0148631029987,13.256710972113627,58.0,142.0,"Tue, Oct  6, 2009","Fri, Oct  2, 2009"
4336,Abraham Lincoln Capital,Springfield,United States,SPI,KSPI,39.8441,-89.677889,597,-6,A,"Springfield, IL",142,142,145,147,3.6267605633802815,10.866197183098592,32.0,107.0,"Thu, Oct 22, 2009","Thu, Oct  1, 2009"
3680,Sheppard AFB Wichita Falls Municipal,Wichita Falls,United States,SPS,KSPS,33.988797,-98.491894,1019,-6,A,"Wichita Falls, TX",53,53,57,57,7.113207547169812,10.679245283018865,15.0,39.0,"Fri, Oct  2, 2009","Wed, Oct 21, 2009"
4067,Sarasota Bradenton International,Sarasota,United States,SRQ,KSRQ,27.395444,-82.554389,30,-5,A,"Sarasota/Bradenton, FL",372,372,373,373,4.3521505376344125,11.596774193548383,11.0,69.0,"Thu, Oct 15, 2009","Thu, Oct 15, 2009"
3678,Lambert St. Louis International,St. Louis,United States,STL,KSTL,38.748697,-90.370028,618,-6,A,"St. Louis, MO",4851,4844,4875,4875,4.844155844155843,11.78158546655657,45.0,104.0,"Thu, Oct  1, 2009","Thu, Oct 15, 2009"
6494,Friedman Memorial,Hailey,United States,SUN,KSUN,43.504444,-114.296194,5320,-7,A,"Sun Valley/Hailey/Ketchum, ID",163,163,174,174,2.8895705521472395,10.19018404907976,5.0,49.0,"Sun, Oct 18, 2009","Mon, Oct 19, 2009"
3661,Stewart International,Newburgh,United States,SWF,KSWF,41.504094,-74.104839,491,-5,A,"Newburgh/Poughkeepsie, NY",181,179,181,181,5.226519337016576,15.502793296089381,10.0,55.0,"Thu, Oct  1, 2009","Fri, Oct 16, 2009"
3745,Syracuse Hancock International,Syracuse,United States,SYR,KSYR,43.111187,-76.106311,421,-5,A,"Syracuse, NY",754,754,754,756,4.437665782493363,13.704244031830244,35.0,61.0,"Fri, Oct 16, 2009","Thu, Oct 22, 2009"
3698,Tallahassee Regional,Tallahassee,United States,TLH,KTLH,30.396528,-84.350333,81,-5,A,"Tallahassee, FL",603,603,610,610,3.475953565505806,14.681592039801004,38.0,80.0,"Thu, Oct  8, 2009","Tue, Oct 27, 2009"
4040,Toledo,Toledo,United States,TOL,KTOL,41.586806,-83.807833,684,-5,A,"Toledo, OH",85,84,88,88,2.6705882352941175,8.69047619047619,5.0,38.0,"Wed, Oct 21, 2009","Thu, Oct 29, 2009"
3646,Tampa International,Tampa,United States,TPA,KTPA,27.975472,-82.53325,26,-5,A,"Tampa, FL",5359,5346,5363,5358,4.606456428438164,11.930789375233848,33.0,115.0,"Wed, Oct 14, 2009","Sat, Oct 31, 2009"
4116,Tri-Cities Regional Airport,BRISTOL,United States,TRI,KTRI,36.4752222,-82.4074167,1519,-5,A,"Bristol/Johnson City/Kingsport, TN",293,290,295,295,3.720136518771331,13.282758620689652,8.0,74.0,"Fri, Oct 23, 2009","Fri, Oct 30, 2009"
3855,Tulsa International,Tulsa,United States,TUL,KTUL,36.198389,-95.888111,677,-6,A,"Tulsa, OK",1692,1688,1718,1718,4.562647754137122,11.898696682464449,50.0,104.0,"Thu, Oct  8, 2009","Thu, Oct 29, 2009"
3636,Tucson International,Tucson,United States,TUS,KTUS,32.116083,-110.941028,2643,-7,N,"Tucson, AZ",1812,1811,1820,1820,4.40728476821192,10.84152401987852,23.0,113.0,"Sun, Oct 25, 2009","Thu, Oct 29, 2009"
4023,Cherry Capital Airport,Traverse City,United States,TVC,KTVC,44.741445,-85.582235,624,-5,A,"Traverse City, MI",379,380,385,385,3.5382585751978906,13.052631578947368,9.0,59.0,"Sat, Oct 24, 2009","Fri, Oct 30, 2009"
4263,Magic Valley Regional Airport,Twin Falls,United States,TWF,KTWF,42.481803,-114.487733,4151,-7,A,"Twin Falls, ID",123,123,124,124,3.040650406504065,11.642276422764228,5.0,56.0,"Tue, Oct  6, 2009","Tue, Oct 27, 2009"
3770,Texarkana Regional-Webb Field,Texarkana,United States,TXK,KTXK,33.453722,-93.991028,390,-6,A,"Texarkana, AR",108,108,124,124,3.1018518518518516,9.351851851851853,9.0,172.0,"Thu, Oct 29, 2009","Thu, Oct  1, 2009"
3848,Tyler Pounds Regional,Tyler,United States,TYR,KTYR,32.354139,-95.402386,544,-6,A,"Tyler, TX",52,52,62,63,4.403846153846152,8.115384615384615,8.0,46.0,"Sat, Oct 10, 2009","Thu, Oct  1, 2009"
3676,McGhee Tyson,Knoxville,United States,TYS,KTYS,35.810972,-83.994028,981,-5,A,"Knoxville, TN",1165,1161,1174,1173,4.127038626609441,15.318690783807089,42.0,106.0,"Wed, Oct  7, 2009","Wed, Oct  7, 2009"
5776,Valdosta Regional Airport,Valdosta,United States,VLD,KVLD,30.7825,-83.2767,203,-5,A,"Valdosta, GA",88,88,88,88,3.897727272727273,13.25,7.0,73.0,"Fri, Oct  2, 2009","Fri, Oct 30, 2009"
3873,Eglin AFB,Valparaiso,United States,VPS,KVPS,30.48325,-86.5254,87,-6,A,"Valparaiso, FL",683,681,690,690,6.705710102489018,14.374449339207048,24.0,72.0,"Sun, Oct  4, 2009","Mon, Oct  5, 2009"
5969,Wrangell Airport,Wrangell,United States,WRG,PAWG,56.4843,-132.37,44,-9,A,"Wrangell, AK",61,62,62,62,3.8852459016393444,8.951612903225802,5.0,19.0,"Fri, Oct  2, 2009","Sun, Oct 11, 2009"
4356,NW Arkansas Regional,Bentonville,United States,XNA,KXNA,36.2818694,-94.3068111,1287,-6,A,"Fayetteville, AR",1132,1137,1163,1164,5.086572438162543,13.928759894459112,29.0,90.0,"Mon, Oct 12, 2009","Fri, Oct  9, 2009"
6803,Yakutat,Yakutat,United States,YAK,PAYA,59.3012,-139.3937,33,-9,A,"Yakutat, AK",62,62,62,62,3.4193548387096775,7.564516129032258,6.0,26.0,"Sun, Oct  4, 2009","Fri, Oct  9, 2009"
3596,Yuma MCAS Yuma International,Yuma,United States,YUM,KYUM,32.656578,-114.60598,216,-7,N,"Yuma, AZ",330,330,330,330,4.803030303030303,12.57272727272727,18.0,40.0,"Tue, Oct 13, 2009","Fri, Oct 30, 2009"
2883,Cyril E. King,St. Thomas,Virgin Islands,STT,TIST,18.337306,-64.973361,23,-4,U,"Charlotte Amalie, VI",127,127,127,127,5.055118110236222,12.779527559055119,14.0,24.0,"Mon, Oct  5, 2009","Wed, Oct 21, 2009"
2884,Henry E. Rohlsen,St. Croix Island,Virgin Islands,STX,TISX,17.701889,-64.798556,74,-4,U,"Christiansted, VI",31,31,31,31,3.5161290322580645,11.903225806451612,6.0,23.0,"Fri, Oct  2, 2009","Tue, Oct 20, 2009"
2885,Rafael Hernndez,Aguadilla,Puerto Rico,BQN,TJBQ,18.494861,-67.129444,237,-4,U,"Aguadilla, PR",92,91,94,93,4.391304347826086,11.274725274725276,13.0,44.0,"Mon, Oct 26, 2009","Sat, Oct  3, 2009"
2889,Aeropuerto Mercedita,Ponce,Puerto Rico,PSE,TJPS,18.008306,-66.563028,29,-4,U,"Ponce, PR",49,49,51,51,5.30612244897959,10.469387755102042,17.0,25.0,"Sun, Oct  4, 2009","Mon, Oct 26, 2009"
2890,Luis Muoz Marn International,San Juan,Puerto Rico,SJU,TJSJ,18.439417,-66.001833,9,-4,U,"San Juan, PR",1490,1483,1500,1499,5.4825503355704805,12.89548213081591,51.0,58.0,"Sat, Oct 17, 2009","Sat, Oct 17, 2009"
