airport_id,name,city,country,iata_faa,iaco,latitude,longitude,altitude,zone,dst,city_state,avg_able_landings,avg_able_takeoffs,total_landings,total_takeoffs,avg_taxi_in,avg_taxi_out,longest_taxi_in,longest_taxi_out,lng_tx_in_date,lng_tx_out_date
4355,Lehigh Valley International,Allentown,United States,ABE,KABE,40.652083,-75.440806,393,-5,A,"Allentown/Bethlehem/Easton, PA",392,390,397,396,4.10204081632653,12.300000000000004,15.0,71.0,"Tue, Aug 31, 2010","Thu, Aug 12, 2010"
3718,Abilene Regional,Abilene,United States,ABI,KABI,32.411319,-99.681897,1791,-6,A,"Abilene, TX",211,211,213,213,3.293838862559242,7.5260663507109005,10.0,15.0,"Fri, Aug  6, 2010","Sun, Aug 29, 2010"
4019,Albuquerque International Sunport,Albuquerque,United States,ABQ,KABQ,35.0402222,-106.6091944,5355,-7,A,"Albuquerque, NM",2918,2910,2924,2922,5.4386566141192585,10.231958762886608,40.0,94.0,"Mon, Aug 23, 2010","Fri, Aug 13, 2010"
5715,Southwest Georgia Regional Airport,Albany,United States,ABY,KABY,31.5355,-84.1945,197,-5,A,"Albany, GA",89,89,89,89,3.49438202247191,13.0561797752809,7.0,64.0,"Fri, Aug 20, 2010","Mon, Aug 16, 2010"
3517,Nantucket Memorial,Nantucket,United States,ACK,KACK,41.253053,-70.060181,48,-5,A,"Nantucket, MA",113,112,115,115,5.513274336283187,17.285714285714295,22.0,117.0,"Wed, Aug  4, 2010","Sun, Aug 22, 2010"
4384,Arcata,Arcata CA,United States,ACV,KACV,40.978111,-124.108611,221,-8,A,"Arcata/Eureka, CA",262,259,299,296,3.8664122137404577,9.150579150579151,9.0,34.0,"Mon, Aug  2, 2010","Mon, Aug 30, 2010"
3524,Atlantic City International,Atlantic City,United States,ACY,KACY,39.457583,-74.577167,75,-5,A,"Atlantic City, NJ",61,61,62,62,5.114754098360656,13.098360655737705,11.0,99.0,"Mon, Aug 16, 2010","Sun, Aug  1, 2010"
5959,Adak Airport,Adak Island,United States,ADK,PADK,51.878,-176.646,18,-10,A,"Adak Island, AK",8,8,9,9,4.0,5.625,5.0,9.0,"Sun, Aug  1, 2010","Sun, Aug  8, 2010"
3531,Kodiak,Kodiak,United States,ADQ,PADQ,57.749967,-152.493856,78,-9,A,"Kodiak, AK",54,54,58,58,2.962962962962963,6.425925925925926,6.0,25.0,"Sun, Aug 15, 2010","Fri, Aug 13, 2010"
3852,Alexandria International,Alexandria,United States,AEX,KAEX,31.3274,-92.549833,89,-6,A,"Alexandria, LA",304,304,306,306,2.674342105263159,11.276315789473685,6.0,73.0,"Tue, Aug 24, 2010","Mon, Aug  2, 2010"
3658,Augusta Regional At Bush Field,Bush Field,United States,AGS,KAGS,33.369944,-81.9645,144,-5,A,"Augusta, GA",346,345,348,347,3.760115606936416,15.588405797101466,9.0,123.0,"Sat, Aug  7, 2010","Sun, Aug  1, 2010"
3794,King Salmon,King Salmon,United States,AKN,PAKN,58.676778,-156.649278,68,-9,A,"King Salmon, AK",20,20,21,21,3.55,6.65,7.0,15.0,"Sun, Aug 15, 2010","Fri, Aug  6, 2010"
3864,Albany International,Albany,United States,ALB,KALB,42.748267,-73.801692,285,-5,A,"Albany, NY",1010,1012,1016,1017,3.8227722772277226,13.297430830039522,27.0,123.0,"Thu, Aug 12, 2010","Fri, Aug  6, 2010"
3840,Rick Husband Amarillo International,Amarillo,United States,AMA,KAMA,35.219369,-101.705931,3607,-6,A,"Amarillo, TX",665,661,672,672,4.995488721804513,9.66565809379727,15.0,113.0,"Wed, Aug 25, 2010","Mon, Aug 16, 2010"
3774,Ted Stevens Anchorage International,Anchorage,United States,ANC,PANC,61.174361,-149.996361,152,-9,A,"Anchorage, AK",2075,2084,2094,2097,5.034698795180718,12.961132437619964,26.0,43.0,"Mon, Aug  9, 2010","Wed, Aug 18, 2010"
7001,Aspen/Pitkin County-Sardy Field,Aspen,United States,ASE,KASE,39.2232,-106.869,7820,-7,A,"Aspen, CO",323,325,328,330,3.2879256965944275,9.126153846153848,7.0,49.0,"Wed, Aug  4, 2010","Thu, Aug 12, 2010"
3682,Hartsfield Jackson Atlanta International,Atlanta,United States,ATL,KATL,33.636719,-84.428067,1026,-5,A,"Atlanta, GA",35677,35770,36128,36115,12.068503517672456,21.839502376293034,128.0,150.0,"Fri, Aug 20, 2010","Thu, Aug  5, 2010"
4047,Appleton,Appleton,United States,ATW,KATW,44.257526,-88.507576,680,-6,A,"Appleton, WI",421,421,432,432,3.9406175771971466,11.306413301662706,18.0,61.0,"Sun, Aug  1, 2010","Sun, Aug  8, 2010"
3673,Austin Bergstrom International,Austin,United States,AUS,KAUS,30.194528,-97.669889,542,-6,A,"Austin, TX",3689,3685,3697,3700,5.305231770127396,11.173134328358206,41.0,93.0,"Mon, Aug  9, 2010","Sun, Aug  8, 2010"
4007,Asheville Regional Airport,Asheville,United States,AVL,KAVL,35.436194,-82.541806,2165,-5,A,"Asheville, NC",547,545,550,550,3.8043875685557587,16.77247706422017,29.0,109.0,"Mon, Aug 23, 2010","Fri, Aug 13, 2010"
4286,Wilkes Barre Scranton International,Scranton,United States,AVP,KAVP,41.338478,-75.723403,962,-5,A,"Scranton/Wilkes-Barre, PA",214,212,215,215,3.3130841121495327,13.415094339622645,9.0,91.0,"Fri, Aug  6, 2010","Wed, Aug  4, 2010"
4039,Kalamazoo,Kalamazoo,United States,AZO,KAZO,42.234875,-85.552058,874,-5,A,"Kalamazoo, MI",218,215,224,222,4.105504587155963,12.404651162790698,9.0,59.0,"Thu, Aug 19, 2010","Sun, Aug 29, 2010"
3825,Bradley International,Windsor Locks,United States,BDL,KBDL,41.938889,-72.683222,173,-5,A,"Hartford, CT",2134,2135,2152,2157,5.21555763823805,14.63325526932085,35.0,135.0,"Fri, Aug  6, 2010","Thu, Aug  5, 2010"
3599,Bethel,Bethel,United States,BET,PABE,60.779778,-161.838,121,-9,A,"Bethel, AK",88,88,88,88,3.7386363636363638,7.090909090909091,6.0,21.0,"Mon, Aug  9, 2010","Tue, Aug 31, 2010"
3558,Meadows Field,Bakersfield,United States,BFL,KBFL,35.433598,-119.05677,507,-8,A,"Bakersfield, CA",280,280,280,280,4.132142857142857,10.707142857142857,16.0,46.0,"Sun, Aug 29, 2010","Thu, Aug 12, 2010"
4129,Greater Binghamton-Edwin A. Link Field,Binghamton,United States,BGM,KBGM,42.208689,-75.979839,1636,-5,A,"Binghamton, NY",89,89,89,89,3.7865168539325844,12.258426966292133,7.0,38.0,"Tue, Aug 31, 2010","Thu, Aug 12, 2010"
3463,Bangor International,Bangor,United States,BGR,KBGR,44.807444,-68.828139,192,-5,A,"Bangor, ME",113,112,115,114,3.9734513274336285,15.892857142857139,10.0,39.0,"Mon, Aug 23, 2010","Sun, Aug 15, 2010"
3811,Birmingham International,Birmingham,United States,BHM,KBHM,33.562942,-86.75355,644,-6,A,"Birmingham, AL",1834,1833,1843,1845,3.69629225736096,13.554282596835792,32.0,124.0,"Sun, Aug 29, 2010","Tue, Aug 17, 2010"
4021,Billings Logan International Airport,Billings,United States,BIL,KBIL,45.80921,-108.537654,3652,-7,A,"Billings, MT",384,385,385,386,4.140625000000004,10.825974025974016,26.0,68.0,"Wed, Aug 11, 2010","Mon, Aug  9, 2010"
4083,Bismarck Municipal Airport,Bismarck,United States,BIS,KBIS,46.775842,-100.757931,1661,-6,A,"Bismarck/Mandan, ND",375,373,381,381,3.8053333333333335,9.951742627345846,20.0,52.0,"Mon, Aug 23, 2010","Thu, Aug  5, 2010"
4287,Bemidji Regional Airport,Bemidji,United States,BJI,KBJI,47.510722,-94.934722,1391,-6,A,"Bemidji, MN",18,19,18,19,5.666666666666667,11.157894736842104,14.0,21.0,"Mon, Aug 16, 2010","Mon, Aug 16, 2010"
6962,Branson LLC,Branson,United States,BKG,KBBG,36.531994,-93.200556,1302,-6,A,"Branson, MO",159,159,159,159,4.415094339622642,11.823899371069185,11.0,103.0,"Tue, Aug 31, 2010","Sun, Aug  1, 2010"
3777,Bellingham International,Bellingham,United States,BLI,KBLI,48.792694,-122.537528,170,-8,A,"Bellingham, WA",20,20,20,20,6.45,11.4,9.0,24.0,"Sun, Aug 29, 2010","Sat, Aug 28, 2010"
4037,Central Illinois Regional,Bloomington,United States,BMI,KBMI,40.477111,-88.915917,871,-6,A,"Bloomington/Normal, IL",401,400,408,408,4.394014962593517,11.422499999999996,10.0,68.0,"Sun, Aug  8, 2010","Sun, Aug  1, 2010"
3690,Nashville International,Nashville,United States,BNA,KBNA,36.124472,-86.678194,599,-6,A,"Nashville, TN",4742,4730,4782,4778,6.203922395613661,11.431923890063437,53.0,117.0,"Thu, Aug 12, 2010","Wed, Aug  4, 2010"
3495,Boise Air Terminal,Boise,United States,BOI,KBOI,43.564361,-116.222861,2871,-7,A,"Boise, ID",1208,1205,1215,1212,3.698675496688742,10.27219917012447,19.0,59.0,"Mon, Aug 30, 2010","Fri, Aug  6, 2010"
3448,General Edward Lawrence Logan International,Boston,United States,BOS,KBOS,42.364347,-71.005181,19,-5,A,"Boston, MA",10035,10028,10173,10176,6.9914299950174446,19.45093737534903,51.0,113.0,"Sun, Aug  1, 2010","Wed, Aug  4, 2010"
5725,Brunswick Golden Isles Airport,Brunswick,United States,BQK,KBQK,31.2588,-81.4665,26,-5,A,"Brunswick, GA",89,89,89,89,3.191011235955056,13.910112359550562,6.0,55.0,"Fri, Aug  6, 2010","Thu, Aug 19, 2010"
3738,Brownsville South Padre Island International,Brownsville,United States,BRO,KBRO,25.906833,-97.425861,22,-6,A,"Brownsville, TX",205,204,206,206,4.629268292682925,9.936274509803923,11.0,55.0,"Wed, Aug 11, 2010","Mon, Aug 30, 2010"
3571,Wiley Post Will Rogers Memorial,Barrow,United States,BRW,PABR,71.285446,-156.766003,44,-9,A,"Barrow, AK",66,66,70,70,4.924242424242424,6.0606060606060606,17.0,22.0,"Sat, Aug 14, 2010","Fri, Aug 20, 2010"
4022,Bert Mooney Airport,Butte,United States,BTM,KBTM,45.954806,-112.497472,5550,-7,A,"Butte, MT",88,88,89,89,3.897727272727273,8.874999999999998,6.0,22.0,"Sun, Aug  8, 2010","Wed, Aug 18, 2010"
3846,Baton Rouge Metro-Ryan Field,Baton Rouge,United States,BTR,KBTR,30.533167,-91.149639,70,-6,A,"Baton Rouge, LA",800,796,811,814,4.100000000000005,10.958542713567839,48.0,74.0,"Tue, Aug 17, 2010","Thu, Aug  5, 2010"
3711,Burlington International,Burlington,United States,BTV,KBTV,44.471861,-73.153278,335,-5,A,"Burlington, VT",679,676,697,697,4.795287187039763,16.86390532544379,39.0,75.0,"Mon, Aug  2, 2010","Mon, Aug  9, 2010"
3820,Buffalo Niagara International,Buffalo,United States,BUF,KBUF,42.940525,-78.732167,724,-5,A,"Buffalo, NY",2147,2138,2160,2158,4.2692128551467246,12.04303086997194,39.0,69.0,"Tue, Aug  3, 2010","Mon, Aug 23, 2010"
3644,Bob Hope,Burbank,United States,BUR,KBUR,34.200667,-118.358667,778,-8,A,"Burbank, CA",2249,2249,2279,2279,2.8826144953312585,11.349933303690529,33.0,94.0,"Fri, Aug 27, 2010","Fri, Aug 20, 2010"
3849,Baltimore Washington International,Baltimore,United States,BWI,KBWI,39.175361,-76.668333,146,-5,A,"Baltimore, MD",9624,9620,9667,9668,6.211866167913542,13.518918918918915,79.0,164.0,"Wed, Aug 11, 2010","Thu, Aug  5, 2010"
4020,Gallatin Field,Bozeman,United States,BZN,KBZN,45.777643,-111.160151,4500,-7,A,"Bozeman, MT",522,522,523,523,5.206896551724136,13.620689655172415,28.0,93.0,"Sun, Aug 22, 2010","Wed, Aug  4, 2010"
3561,Columbia Metropolitan,Colombia,United States,CAE,KCAE,33.938833,-81.119528,236,-5,A,"Columbia, SC",780,776,790,788,5.182051282051286,15.3221649484536,14.0,89.0,"Sun, Aug  8, 2010","Tue, Aug  3, 2010"
4112,Akron Canton Regional Airport,Akron,United States,CAK,KCAK,40.9160833,-81.4421944,1228,-5,A,"Akron, OH",784,784,791,792,4.23852040816327,11.53188775510204,10.0,46.0,"Sun, Aug 15, 2010","Mon, Aug 30, 2010"
3824,Cedar City Regional,Cedar City,United States,CDC,KCDC,37.700967,-113.098847,5622,-7,A,"Cedar City, UT",53,53,53,53,2.811320754716981,10.471698113207552,4.0,30.0,"Wed, Aug 11, 2010","Thu, Aug 19, 2010"
3610,Merle K. Mudhole Smith,Cordova,United States,CDV,PACV,60.491778,-145.477556,48,-9,A,"Cordova, AK",62,62,62,62,3.3870967741935485,8.387096774193552,5.0,18.0,"Tue, Aug  3, 2010","Fri, Aug 27, 2010"
5727,Del Norte County Airport,Crescent City,United States,CEC,KCEC,41.7802,-124.237,57,-8,A,"Crescent City, CA",83,88,88,89,3.216867469879518,12.238636363636363,6.0,50.0,"Sat, Aug 21, 2010","Wed, Aug 11, 2010"
3578,Lovell Field,Chattanooga,United States,CHA,KCHA,35.035278,-85.203808,683,-5,A,"Chattanooga, TN",420,418,421,421,4.05,16.078947368421083,35.0,87.0,"Wed, Aug 18, 2010","Thu, Aug  5, 2010"
4015,Charlottesville-Albemarle,Charlottesville VA,United States,CHO,KCHO,38.138639,-78.452861,639,-5,A,"Charlottesville, VA",86,86,88,88,2.813953488372093,10.97674418604651,4.0,37.0,"Mon, Aug 16, 2010","Mon, Aug 16, 2010"
3806,Charleston AFB International,Charleston,United States,CHS,KCHS,32.898647,-80.040528,45,-5,A,"Charleston, SC",1123,1116,1142,1141,5.757791629563666,14.948028673835129,45.0,99.0,"Sun, Aug 22, 2010","Sun, Aug 22, 2010"
3710,Chico Municipal,Chico,United States,CIC,KCIC,39.795383,-121.858422,238,-8,A,"Chico, CA",119,119,120,120,3.722689075630252,11.966386554621849,9.0,90.0,"Fri, Aug 13, 2010","Fri, Aug 20, 2010"
4043,Cedar Rapids,Cedar Rapids,United States,CID,KCID,41.884694,-91.710806,869,-6,A,"Cedar Rapids/Iowa City, IA",546,546,561,561,4.496336996336996,10.117216117216115,30.0,72.0,"Fri, Aug 13, 2010","Tue, Aug 10, 2010"
4088,McClellan-Palomar Airport,Carlsbad,United States,CLD,KCRQ,33.0742,-117.1648,328,-8,A,"Carlsbad, CA",170,170,172,172,3.511764705882353,8.852941176470589,6.0,29.0,"Sun, Aug  8, 2010","Sun, Aug 15, 2010"
3486,Cleveland Hopkins International,Cleveland,United States,CLE,KCLE,41.411689,-81.849794,791,-5,A,"Cleveland, OH",5040,5029,5062,5054,5.833134920634921,12.208789023662762,36.0,70.0,"Mon, Aug 16, 2010","Wed, Aug 11, 2010"
3715,Easterwood Field,College Station,United States,CLL,KCLL,30.588583,-96.363833,321,-6,A,"College Station/Bryan, TX",31,31,31,31,4.516129032258063,7.806451612903227,9.0,16.0,"Sun, Aug 22, 2010","Sun, Aug 29, 2010"
3876,Charlotte Douglas International,Charlotte,United States,CLT,KCLT,35.214,-80.943139,748,-5,A,"Charlotte, NC",10915,10943,11033,11035,7.880989464040314,19.156538426391265,60.0,157.0,"Fri, Aug 13, 2010","Wed, Aug  4, 2010"
3759,Port Columbus International,Columbus,United States,CMH,KCMH,39.997972,-82.891889,815,-5,A,"Columbus, OH",2660,2658,2680,2682,4.681954887218037,12.304364183596698,41.0,148.0,"Wed, Aug  4, 2010","Tue, Aug  3, 2010"
4049,Champaign,Champaign,United States,CMI,KCMI,40.03925,-88.278056,754,-6,A,"Champaign/Urbana, IL",212,213,213,214,3.7452830188679256,11.352112676056342,17.0,70.0,"Sun, Aug 22, 2010","Wed, Aug  4, 2010"
5732,Houghton County Memorial Airport,Hancock,United States,CMX,KCMX,47.1684,-88.4891,1095,-5,A,"Hancock/Houghton, MI",61,61,62,62,3.918032786885246,8.52459016393443,7.0,18.0,"Sat, Aug 28, 2010","Mon, Aug 23, 2010"
4344,Yellowstone Regional,Cody,United States,COD,KCOD,44.520194,-109.023806,5102,-7,A,"Cody, WY",153,153,154,154,4.098039215686278,11.549019607843135,9.0,43.0,"Fri, Aug 13, 2010","Wed, Aug  4, 2010"
3819,City Of Colorado Springs Municipal,Colorado Springs,United States,COS,KCOS,38.805805,-104.700778,6187,-7,A,"Colorado Springs, CO",1121,1121,1131,1131,6.547725245316679,14.341659232827832,72.0,76.0,"Sun, Aug  8, 2010","Mon, Aug  2, 2010"
3719,Columbia Regional,Columbia,United States,COU,KCOU,38.818094,-92.219631,889,-6,A,"Columbia, MO",88,88,89,89,6.386363636363637,12.284090909090908,18.0,30.0,"Sun, Aug 29, 2010","Thu, Aug  5, 2010"
3872,Natrona County International,Casper,United States,CPR,KCPR,42.908,-106.464417,5347,-7,A,"Casper, WY",202,201,205,206,4.044554455445543,9.527363184079604,8.0,36.0,"Sat, Aug  7, 2010","Fri, Aug  6, 2010"
3744,Corpus Christi International,Corpus Christi,United States,CRP,KCRP,27.770361,-97.501222,44,-6,A,"Corpus Christi, TX",675,675,682,682,3.9022222222222234,9.346666666666671,21.0,73.0,"Sun, Aug  1, 2010","Mon, Aug 30, 2010"
4285,Yeager,Charleston,United States,CRW,KCRW,38.373147,-81.593189,981,-5,A,"Charleston/Dunbar, WV",426,423,429,428,3.9084507042253533,13.26241134751773,16.0,72.0,"Fri, Aug  6, 2010","Sun, Aug  1, 2010"
4255,Columbus Metropolitan Airport,Columbus,United States,CSG,KCSG,32.5163333,-84.9388611,397,-5,A,"Columbus, GA",181,180,181,181,3.4419889502762433,12.71111111111111,13.0,64.0,"Mon, Aug 23, 2010","Wed, Aug 25, 2010"
3488,Cincinnati Northern Kentucky International,Cincinnati,United States,CVG,KCVG,39.048836,-84.667822,896,-5,A,"Cincinnati, OH",4517,4533,4585,4582,6.550143900819125,14.850650783145813,45.0,155.0,"Sat, Aug 14, 2010","Thu, Aug  5, 2010"
4045,Central Wisconsin,Wassau,United States,CWA,KCWA,44.772726,-89.646635,840,-6,A,"Mosinee, WI",173,173,177,177,3.867052023121387,9.849710982658967,11.0,66.0,"Sat, Aug 28, 2010","Mon, Aug  9, 2010"
3804,Cheyenne Regional-Jerry Olson Field,Cheyenne,United States,CYS,KCYS,41.155722,-104.811839,6156,-7,A,"Cheyenne, WY",60,60,62,62,3.833333333333333,11.3,7.0,63.0,"Tue, Aug 10, 2010","Sat, Aug 28, 2010"
3950,Daytona Beach International,Daytona Beach,United States,DAB,KDAB,29.179917,-81.058056,34,-5,A,"Daytona Beach, FL",144,143,144,144,3.4305555555555545,17.496503496503493,15.0,91.0,"Fri, Aug  6, 2010","Fri, Aug  6, 2010"
3502,Dallas Love Field,Dallas,United States,DAL,KDAL,32.847111,-96.851778,487,-6,A,"Dallas, TX",3939,3944,3973,3970,4.012185833968012,9.346095334685584,28.0,49.0,"Mon, Aug 30, 2010","Mon, Aug  2, 2010"
3627,James M. Cox Dayton International,Dayton,United States,DAY,KDAY,39.902375,-84.219375,1009,-5,A,"Dayton, OH",1272,1272,1284,1287,5.09827044025157,12.931603773584904,27.0,127.0,"Thu, Aug 12, 2010","Fri, Aug 20, 2010"
4388,Dubuque Regional,Dubuque IA,United States,DBQ,KDBQ,42.402,-90.709472,1076,-6,A,"Dubuque, IA",87,87,89,89,3.7126436781609193,10.42528735632184,7.0,53.0,"Sun, Aug 29, 2010","Wed, Aug 11, 2010"
3520,Ronald Reagan Washington National,Washington,United States,DCA,KDCA,38.852083,-77.037722,15,-5,A,"Washington, DC",6485,6481,6637,6639,5.503932151117973,17.713161549143596,94.0,146.0,"Thu, Aug  5, 2010","Thu, Aug  5, 2010"
3751,Denver International,Denver,United States,DEN,KDEN,39.861656,-104.673178,5431,-7,A,"Denver, CO",21327,21369,21473,21480,8.230318375767819,14.414244934250533,89.0,132.0,"Wed, Aug  4, 2010","Mon, Aug  9, 2010"
3670,Dallas Fort Worth International,Dallas-fort Worth,United States,DFW,KDFW,32.896828,-97.037997,607,-6,A,"Dallas/Fort Worth, TX",22901,22919,23108,23104,10.738439369459735,14.880012216937912,79.0,117.0,"Fri, Aug  6, 2010","Fri, Aug  6, 2010"
3739,Dothan Regional,Dothan,United States,DHN,KDHN,31.321339,-85.449628,401,-6,A,"Dothan, AL",118,119,119,120,3.2542372881355934,18.126050420168063,23.0,93.0,"Mon, Aug 16, 2010","Fri, Aug  6, 2010"
3460,Dillingham,Dillingham,United States,DLG,PADL,59.044667,-158.5055,74,-9,A,"Dillingham, AK",20,20,21,21,4.15,8.2,5.0,40.0,"Sun, Aug  1, 2010","Tue, Aug 10, 2010"
3598,Duluth International,Duluth,United States,DLH,KDLH,46.842091,-92.193649,1428,-6,A,"Duluth, MN",284,283,300,300,4.91549295774648,11.681978798586572,28.0,81.0,"Sat, Aug  7, 2010","Wed, Aug  4, 2010"
3713,Durango La Plata County,Durango,United States,DRO,KDRO,37.151516,-107.75377,6685,-7,A,"Durango, CO",302,303,306,306,5.1423841059602635,10.204620462046206,12.0,76.0,"Sun, Aug  1, 2010","Mon, Aug 16, 2010"
3729,Des Moines International,Des Moines,United States,DSM,KDSM,41.533972,-93.663083,958,-6,A,"Des Moines, IA",1140,1139,1157,1156,4.121929824561403,11.243195785776999,47.0,128.0,"Mon, Aug  2, 2010","Wed, Aug  4, 2010"
3645,Detroit Metro Wayne County,Detroit,United States,DTW,KDTW,42.212444,-83.353389,645,-5,A,"Detroit, MI",14007,14044,14267,14258,10.396087670450514,19.489960125320376,53.0,116.0,"Sun, Aug 22, 2010","Sun, Aug 22, 2010"
5735,Chippewa Valley Regional Airport,Eau Claire,United States,EAU,KEAU,44.8658,-91.4843,913,-6,A,"Eau Claire, WI",89,88,89,88,3.606741573033708,11.534090909090912,13.0,50.0,"Tue, Aug 24, 2010","Wed, Aug  4, 2010"
7669,Northwest Florida Beaches International,Panama City,United States,ECP,KECP,30.3417,-85.7973,69,-6,A,"Panama City, FL",566,568,576,576,3.4257950530035335,12.126760563380277,43.0,106.0,"Sat, Aug  7, 2010","Fri, Aug  6, 2010"
4250,Eagle County Regional,Vail,United States,EGE,KEGE,39.642556,-106.917694,6540,-7,A,"Eagle, CO",133,133,134,134,3.9398496240601504,12.61654135338346,6.0,90.0,"Tue, Aug 10, 2010","Tue, Aug 17, 2010"
5736,Elko Regional Airport,Elko,United States,EKO,KEKO,40.8249,-115.792,5140,-8,A,"Elko, NV",123,122,124,124,4.219512195121955,11.057377049180328,9.0,27.0,"Mon, Aug 16, 2010","Fri, Aug  6, 2010"
3946,Elmira Corning Regional,Elmira,United States,ELM,KELM,42.159889,-76.891611,954,-5,A,"Elmira/Corning, NY",120,119,120,120,4.366666666666666,15.68067226890757,14.0,81.0,"Sat, Aug 14, 2010","Wed, Aug 11, 2010"
3559,El Paso International,El Paso,United States,ELP,KELP,31.80725,-106.377583,3958,-7,A,"El Paso, TX",1916,1914,1924,1924,4.150835073068883,10.223615464994783,33.0,81.0,"Sat, Aug 14, 2010","Sat, Aug  7, 2010"
4276,Erie International-Tom Ridge Field,Erie,United States,ERI,KERI,42.082022,-80.176217,733,-5,A,"Erie, PA",119,119,120,120,3.1596638655462184,19.512605042016812,7.0,63.0,"Sat, Aug  7, 2010","Sun, Aug 29, 2010"
4099,Mahlon Sweet Field,Eugene,United States,EUG,KEUG,44.124583,-123.211972,374,-8,A,"Eugene, OR",448,445,452,452,3.7366071428571423,10.597752808988771,17.0,76.0,"Sat, Aug 14, 2010","Thu, Aug 26, 2010"
4018,Evansville Regional,Evansville,United States,EVV,KEVV,38.036997,-87.532364,418,-6,A,"Evansville, IN",443,442,449,448,4.133182844243792,11.798642533936656,15.0,73.0,"Tue, Aug 10, 2010","Wed, Aug  4, 2010"
3730,Craven County Regional,New Bern,United States,EWN,KEWN,35.072972,-77.042944,18,-5,A,"New Bern/Morehead/Beaufort, NC",89,89,89,89,2.7865168539325853,8.764044943820224,8.0,26.0,"Sat, Aug 14, 2010","Wed, Aug 11, 2010"
3494,Newark Liberty International,Newark,United States,EWR,KEWR,40.6925,-74.168667,18,-5,A,"Newark, NJ",9888,9892,9984,9980,8.409385113268621,21.871107966033165,56.0,130.0,"Sun, Aug 22, 2010","Wed, Aug 11, 2010"
3875,Key West International,Key West,United States,EYW,KEYW,24.556111,-81.759556,3,-5,A,"Key West, FL",125,124,125,125,3.96,9.2258064516129,11.0,30.0,"Mon, Aug 23, 2010","Fri, Aug  6, 2010"
3832,Fairbanks International,Fairbanks,United States,FAI,PAFA,64.815114,-147.856267,434,-9,A,"Fairbanks, AK",473,475,476,477,3.763213530655391,11.698947368421054,13.0,41.0,"Sat, Aug 21, 2010","Sat, Aug 14, 2010"
4292,Hector International Airport,Fargo,United States,FAR,KFAR,46.92065,-96.8157639,902,-6,A,"Fargo, ND",501,501,505,506,4.586826347305388,12.706586826347298,31.0,97.0,"Thu, Aug 12, 2010","Wed, Aug  4, 2010"
3687,Fresno Yosemite International,Fresno,United States,FAT,KFAT,36.776194,-119.71814,336,-8,A,"Fresno, CA",1063,1060,1070,1070,4.149576669802445,10.216037735849042,18.0,48.0,"Wed, Aug 25, 2010","Wed, Aug 25, 2010"
5738,Fayetteville Regional-Grannis Field,Fayetteville,United States,FAY,KFAY,34.9912,-78.8803,189,-5,A,"Fayetteville, NC",359,359,361,361,4.445682451253486,12.047353760445688,21.0,34.0,"Mon, Aug 23, 2010","Wed, Aug 11, 2010"
4127,Glacier Park International,Kalispell,United States,FCA,KFCA,48.310472,-114.256,2977,-7,A,"Kalispell, MT",313,313,313,313,4.345047923322683,13.37699680511182,47.0,81.0,"Sat, Aug  7, 2010","Thu, Aug 12, 2010"
4261,Flagstaff Pulliam Airport,Flagstaff,United States,FLG,KFLG,35.140318,-111.6692392,7015,-7,N,"Flagstaff, AZ",182,182,185,185,5.543956043956043,14.835164835164836,20.0,80.0,"Tue, Aug  3, 2010","Tue, Aug 17, 2010"
3533,Fort Lauderdale Hollywood International,Fort Lauderdale,United States,FLL,KFLL,26.072583,-80.15275,9,-5,A,"Fort Lauderdale, FL",4829,4827,4848,4849,4.493683992545038,15.557696291692544,68.0,137.0,"Sat, Aug  7, 2010","Sun, Aug  8, 2010"
3879,Florence Regional,Florence,United States,FLO,KFLO,34.185361,-79.723889,146,-5,A,"Florence, SC",29,29,29,29,4.655172413793103,9.620689655172415,7.0,22.0,"Tue, Aug 31, 2010","Mon, Aug  2, 2010"
4089,Bishop International,Flint,United States,FNT,KFNT,42.965424,-83.743629,782,-5,A,"Flint, MI",373,374,381,381,4.176943699731903,11.104278074866313,11.0,61.0,"Thu, Aug 12, 2010","Fri, Aug 20, 2010"
4009,Sioux Falls,Sioux Falls,United States,FSD,KFSD,43.582014,-96.741914,1429,-6,A,"Sioux Falls, SD",608,607,622,622,4.506578947368422,12.968698517298186,24.0,100.0,"Sat, Aug 21, 2010","Wed, Aug  4, 2010"
3437,Fort Smith Regional,Fort Smith,United States,FSM,KFSM,35.336583,-94.367444,469,-6,A,"Fort Smith, AR",171,171,183,183,4.461988304093566,10.298245614035089,23.0,86.0,"Thu, Aug  5, 2010","Fri, Aug  6, 2010"
4041,Fort Wayne,Fort Wayne,United States,FWA,KFWA,40.978472,-85.195139,815,-5,A,"Fort Wayne, IN",414,409,421,420,4.316425120772943,12.948655256723717,15.0,53.0,"Sat, Aug 21, 2010","Wed, Aug 25, 2010"
4296,Gillette-Campbell County Airport,Gillette,United States,GCC,KGCC,44.3489167,-105.5393611,4365,-7,A,"Gillette, WY",124,123,124,124,4.241935483870969,10.626016260162597,21.0,94.0,"Sun, Aug 22, 2010","Mon, Aug 16, 2010"
3467,Spokane International,Spokane,United States,GEG,KGEG,47.619861,-117.533833,2376,-8,A,"Spokane, WA",1225,1225,1236,1236,4.449795918367343,10.487346938775518,24.0,48.0,"Tue, Aug  3, 2010","Wed, Aug 11, 2010"
3442,Grand Forks International,Grand Forks,United States,GFK,KGFK,47.949256,-97.176111,845,-6,A,"Grand Forks, ND",143,144,161,161,3.762237762237762,10.569444444444445,7.0,25.0,"Tue, Aug 10, 2010","Mon, Aug 30, 2010"
3465,East Texas Regional,Longview,United States,GGG,KGGG,32.384014,-94.711486,365,-6,A,"Longview, TX",31,31,31,31,4.580645161290323,7.0,14.0,11.0,"Sun, Aug 22, 2010","Sat, Aug 28, 2010"
4063,Grand Junction Regional,Grand Junction,United States,GJT,KGJT,39.122413,-108.526735,4858,-7,A,"Grand Junction, CO",468,466,475,475,4.145299145299151,11.15450643776824,15.0,40.0,"Sun, Aug 29, 2010","Wed, Aug  4, 2010"
3472,Gainesville Regional,Gainesville,United States,GNV,KGNV,29.690056,-82.271778,152,-5,A,"Gainesville, FL",201,200,201,201,3.3134328358208953,11.909999999999995,10.0,52.0,"Sun, Aug  1, 2010","Mon, Aug  2, 2010"
4038,Gulfport-Biloxi,Gulfport,United States,GPT,KGPT,30.407278,-89.070111,28,-6,A,"Gulfport/Biloxi, MS",567,565,572,571,4.8835978835978855,12.203539823008843,22.0,71.0,"Sun, Aug  8, 2010","Sun, Aug  1, 2010"
3653,Austin Straubel International,Green Bay,United States,GRB,KGRB,44.485072,-88.129589,695,-6,A,"Green Bay, WI",553,553,567,567,3.562386980108499,10.377938517179016,12.0,125.0,"Sat, Aug  7, 2010","Thu, Aug 12, 2010"
3775,Robert Gray AAF,Killeen,United States,GRK,KGRK,31.06725,-97.828917,1015,-6,A,"Killeen, TX",164,161,165,163,3.9268292682926838,9.385093167701868,29.0,19.0,"Wed, Aug 18, 2010","Tue, Aug 24, 2010"
3685,Gerald R. Ford International,Grand Rapids,United States,GRR,KGRR,42.880833,-85.522806,794,-5,A,"Grand Rapids, MI",1150,1152,1169,1173,4.737391304347832,11.751736111111109,38.0,76.0,"Wed, Aug 11, 2010","Thu, Aug  5, 2010"
4008,Piedmont Triad,Greensboro,United States,GSO,KGSO,36.09775,-79.937306,925,-5,A,"Greensboro/High Point, NC",914,916,933,933,4.3577680525164135,15.86026200873362,59.0,99.0,"Wed, Aug 11, 2010","Sun, Aug  1, 2010"
4034,Greenville-Spartanburg International,Greenville,United States,GSP,KGSP,34.895556,-82.218889,964,-5,A,"Greer, SC",871,868,886,884,3.675086107921929,14.798387096774198,16.0,79.0,"Sun, Aug 29, 2010","Mon, Aug  2, 2010"
5960,Gustavus Airport,Gustavus,United States,GST,PAGS,58.4253,-135.707,34,-9,A,"Gustavus, AK",21,21,21,21,4.142857142857143,6.476190476190476,6.0,13.0,"Sun, Aug  8, 2010","Thu, Aug 12, 2010"
3880,Great Falls International,Great Falls,United States,GTF,KGTF,47.482,-111.370689,3677,-7,A,"Great Falls, MT",181,181,181,181,3.9337016574585637,9.198895027624303,7.0,23.0,"Wed, Aug 18, 2010","Thu, Aug 26, 2010"
4273,Golden Triangle Regional Airport,Columbus Mississippi,United States,GTR,KGTR,33.450333,-88.591361,264,-6,A,"Columbus, MS",60,59,60,60,5.0,11.0,9.0,34.0,"Mon, Aug  2, 2010","Wed, Aug 25, 2010"
7051,Gunnison - Crested Butte,Gunnison,United States,GUC,KGUC,38.533889,-106.933056,7678,-7,A,"Gunnison, CO",54,54,54,54,4.0,11.62962962962963,6.0,47.0,"Tue, Aug  3, 2010","Mon, Aug  9, 2010"
4339,Yampa Valley,Hayden,United States,HDN,KHDN,40.481181,-107.21766,6602,-7,A,"Hayden, CO",84,83,85,85,3.75,11.987951807228914,6.0,64.0,"Fri, Aug  6, 2010","Mon, Aug  9, 2010"
3504,Helena Regional,Helena,United States,HLN,KHLN,46.606806,-111.98275,3877,-7,A,"Helena, MT",151,150,151,151,3.642384105960265,9.306666666666663,7.0,29.0,"Fri, Aug 13, 2010","Tue, Aug 24, 2010"
3728,Honolulu International,Honolulu,United States,HNL,PHNL,21.318681,-157.922428,13,-10,N,"Honolulu, HI",4888,4887,4917,4914,6.091448445171839,13.116431348475551,34.0,50.0,"Sat, Aug  7, 2010","Thu, Aug 19, 2010"
3566,William P. Hobby,Houston,United States,HOU,KHOU,29.645419,-95.278889,46,-6,A,"Houston, TX",4458,4455,4497,4497,6.155675190668461,9.457912457912466,43.0,58.0,"Sun, Aug  8, 2010","Mon, Aug  2, 2010"
3589,Westchester County,White Plains,United States,HPN,KHPN,41.066959,-73.707575,439,-5,A,"White Plains, NY",983,983,990,991,5.891149542217704,15.214649033570701,42.0,117.0,"Sat, Aug 21, 2010","Sun, Aug  1, 2010"
3560,Valley International,Harlingen,United States,HRL,KHRL,26.2285,-97.654389,36,-6,A,"Harlingen/San Benito, TX",436,436,440,440,2.731651376146791,8.01605504587156,19.0,67.0,"Fri, Aug 27, 2010","Sun, Aug  8, 2010"
4113,Huntsville International Airport-Carl T. Jones Field,Huntsville,United States,HSV,KHSV,34.6371944,-86.7750556,629,-6,A,"Huntsville, AL",1038,1032,1047,1045,4.96050096339113,14.337209302325581,23.0,78.0,"Sat, Aug 21, 2010","Wed, Aug  4, 2010"
5742,TriState-Milton J. Ferguson Field,Huntington,United States,HTS,KHTS,38.3667,-82.558,828,-5,A,"Ashland, WV",23,22,23,22,4.91304347826087,11.363636363636363,10.0,24.0,"Wed, Aug 11, 2010","Fri, Aug 27, 2010"
3714,Washington Dulles International,Washington,United States,IAD,KIAD,38.944533,-77.455811,313,-5,A,"Washington, DC",6896,6898,7035,7026,6.48926914153132,17.08799652073074,84.0,164.0,"Thu, Aug  5, 2010","Thu, Aug  5, 2010"
3550,George Bush Intercontinental Houston,Houston,United States,IAH,KIAH,29.984433,-95.341442,97,-6,A,"Houston, TX",15967,15969,16014,16008,7.073526648712973,16.090863548124393,49.0,145.0,"Wed, Aug 25, 2010","Thu, Aug  5, 2010"
3457,Wichita Mid Continent,Wichita,United States,ICT,KICT,37.649944,-97.433056,1333,-6,A,"Wichita, KS",1136,1131,1149,1149,5.282570422535209,11.628647214854116,36.0,82.0,"Mon, Aug  2, 2010","Wed, Aug  4, 2010"
4100,Idaho Falls Regional,Idaho Falls,United States,IDA,KIDA,43.514556,-112.07075,4744,-7,A,"Idaho Falls, ID",272,272,273,273,3.9375,8.610294117647058,7.0,38.0,"Tue, Aug  3, 2010","Wed, Aug  4, 2010"
3845,Wilmington International,Wilmington,United States,ILM,KILM,34.270615,-77.902569,32,-5,A,"Wilmington, NC",367,366,368,368,4.3896457765667565,12.55737704918033,50.0,40.0,"Thu, Aug 19, 2010","Sun, Aug 22, 2010"
3585,Indianapolis International,Indianapolis,United States,IND,KIND,39.717331,-86.294383,797,-5,A,"Indianapolis, IN",3036,3029,3065,3068,5.857048748353098,13.203697589963689,49.0,87.0,"Tue, Aug  3, 2010","Wed, Aug  4, 2010"
3689,Imperial County,Imperial,United States,IPL,KIPL,32.834219,-115.578744,-54,-8,A,"El Centro, CA",62,62,62,62,3.032258064516129,11.096774193548386,5.0,31.0,"Fri, Aug 27, 2010","Thu, Aug 19, 2010"
3857,Long Island MacArthur,Islip,United States,ISP,KISP,40.79525,-73.100222,99,-5,A,"Islip, NY",664,664,664,664,4.161144578313251,9.01957831325301,9.0,102.0,"Sat, Aug 21, 2010","Wed, Aug 11, 2010"
3947,Ithaca Tompkins Regional,Ithaca,United States,ITH,KITH,42.491028,-76.458444,1099,-5,A,"Ithaca/Cortland, NY",90,89,91,91,4.877777777777778,13.51685393258427,11.0,68.0,"Sat, Aug 21, 2010","Wed, Aug 11, 2010"
3415,Hilo International,Hilo,United States,ITO,PHTO,19.721375,-155.048469,38,-10,N,"Hilo, HI",635,634,637,637,5.35433070866142,8.5993690851735,16.0,20.0,"Thu, Aug 12, 2010","Sun, Aug  1, 2010"
7120,Inyokern Airport,Inyokern,United States,IYK,KIYK,35.658889,-117.829444,2455,-8,A,"Inyokern, CA",87,87,88,88,3.4367816091954024,8.850574712643677,7.0,20.0,"Fri, Aug 20, 2010","Fri, Aug 20, 2010"
4027,Jackson Hole Airport,Jacksn Hole,United States,JAC,KJAC,43.60733333,-110.73775,6451,-7,A,"Jackson, WY",470,475,476,479,3.4468085106382977,13.934736842105263,17.0,55.0,"Sat, Aug 28, 2010","Sun, Aug 22, 2010"
3580,Jackson Evers International,Jackson,United States,JAN,KJAN,32.311167,-90.075889,346,-6,A,"Jackson/Vicksburg, MS",1028,1031,1041,1045,4.427042801556412,11.622696411251209,33.0,101.0,"Sat, Aug 21, 2010","Fri, Aug 13, 2010"
3712,Jacksonville International,Jacksonville,United States,JAX,KJAX,30.494056,-81.687861,30,-5,A,"Jacksonville, FL",2548,2542,2567,2567,5.238226059654642,13.237608182533432,43.0,158.0,"Sun, Aug 15, 2010","Thu, Aug 19, 2010"
3797,John F. Kennedy International,New York,United States,JFK,KJFK,40.639751,-73.778925,13,-5,A,"New York, NY",9697,9698,9827,9823,11.332886459729803,30.89750464013199,110.0,162.0,"Fri, Aug  6, 2010","Sun, Aug 22, 2010"
3492,Juneau International,Juneau,United States,JNU,PAJN,58.354972,-134.576278,21,-9,A,"Juneau, AK",455,456,457,458,3.758241758241758,13.572368421052632,10.0,48.0,"Sun, Aug 22, 2010","Wed, Aug 11, 2010"
3514,Kona International At Keahole,Kona,United States,KOA,PHKO,19.738767,-156.045631,47,-10,N,"Kona, HI",1089,1091,1094,1095,4.620752984389345,9.80934922089825,28.0,57.0,"Sat, Aug 21, 2010","Sat, Aug 21, 2010"
3808,Ketchikan International,Ketchikan,United States,KTN,PAKT,55.355556,-131.71375,88,-9,A,"Ketchikan, AK",246,246,248,248,4.17886178861789,11.142276422764231,14.0,42.0,"Tue, Aug 24, 2010","Sun, Aug  8, 2010"
3544,Capital City,Lansing,United States,LAN,KLAN,42.7787,-84.587357,861,-5,A,"Lansing, MI",278,278,281,281,3.2877697841726627,14.147482014388492,10.0,84.0,"Thu, Aug 19, 2010","Tue, Aug 24, 2010"
3877,McCarran International,Las Vegas,United States,LAS,KLAS,36.080056,-115.15225,2141,-8,A,"Las Vegas, NV",12529,12533,12587,12591,6.452310639316782,14.420330327934268,75.0,123.0,"Mon, Aug  9, 2010","Fri, Aug 27, 2010"
3484,Los Angeles International,Los Angeles,United States,LAX,KLAX,33.942536,-118.408075,126,-8,A,"Los Angeles, CA",17685,17697,17828,17828,9.64580152671757,15.223371192857448,94.0,109.0,"Sat, Aug  7, 2010","Mon, Aug 16, 2010"
3829,Lubbock Preston Smith International,Lubbock,United States,LBB,KLBB,33.663639,-101.822778,3282,-6,A,"Lubbock, TX",706,705,710,710,3.3696883852691233,9.825531914893634,24.0,72.0,"Sun, Aug 29, 2010","Mon, Aug 30, 2010"
3513,Lake Charles Regional,Lake Charles,United States,LCH,KLCH,30.126112,-93.223335,15,-6,A,"Lake Charles, LA",63,62,64,63,4.222222222222221,10.177419354838712,14.0,21.0,"Thu, Aug  5, 2010","Wed, Aug 18, 2010"
4017,Blue Grass,Lexington KY,United States,LEX,KLEX,38.0365,-84.605889,979,-5,A,"Lexington, KY",853,852,862,863,4.27667057444315,13.325117370892022,18.0,95.0,"Thu, Aug 19, 2010","Wed, Aug  4, 2010"
3493,Lafayette Regional,Lafayette,United States,LFT,KLFT,30.205278,-91.987611,43,-6,A,"Lafayette, LA",466,462,469,468,4.560085836909876,11.489177489177493,15.0,50.0,"Fri, Aug  6, 2010","Mon, Aug 16, 2010"
3697,LaGuardia Airport,New York,United States,LGA,KLGA,40.777245,-73.872608,22,-5,A,"New York, NY",8707,8719,8950,8950,8.025841277133338,27.358297969950687,80.0,157.0,"Sun, Aug  1, 2010","Wed, Aug 11, 2010"
3582,Long Beach,Long Beach,United States,LGB,KLGB,33.817722,-118.151611,60,-8,A,"Long Beach, CA",1202,1200,1209,1209,5.782861896838601,14.682500000000006,68.0,79.0,"Fri, Aug 27, 2010","Thu, Aug 26, 2010"
3602,Lihue,Lihue,United States,LIH,PHLI,21.975983,-159.338958,153,-10,N,"Lihue, HI",1119,1118,1128,1128,5.428060768543339,8.004472271914144,12.0,25.0,"Fri, Aug 27, 2010","Thu, Aug 12, 2010"
3660,Adams Field,Little Rock,United States,LIT,KLIT,34.729444,-92.224306,262,-6,A,"Little Rock, AR",1696,1692,1711,1711,4.402712264150927,11.37529550827422,27.0,106.0,"Sun, Aug  8, 2010","Fri, Aug 20, 2010"
5750,Klamath Falls Airport,Klamath Falls,United States,LMT,KLMT,42.1561,-121.733,4095,-8,A,"Klamath Falls, OR",123,120,124,124,3.983739837398375,10.233333333333333,7.0,24.0,"Fri, Aug  6, 2010","Mon, Aug 23, 2010"
3543,Lincoln,Lincoln,United States,LNK,KLNK,40.850971,-96.75925,1219,-6,A,"Lincoln, NE",288,288,289,289,3.7847222222222223,9.423611111111109,20.0,96.0,"Sun, Aug  8, 2010","Wed, Aug  4, 2010"
3691,Laredo International,Laredo,United States,LRD,KLRD,27.54375,-99.461556,508,-6,A,"Laredo, TX",226,227,226,227,3.1946902654867246,9.665198237885463,7.0,65.0,"Thu, Aug  5, 2010","Sun, Aug 15, 2010"
4044,LaCrosse Municipal,LaCrosse,United States,LSE,KLSE,43.878986,-91.256711,654,-6,A,"La Crosse, WI",316,316,332,332,3.5474683544303796,12.180379746835445,14.0,60.0,"Thu, Aug 12, 2010","Wed, Aug  4, 2010"
6958,Greenbrier Valley Airport,Lewisburg,United States,LWB,KLWB,37.858333,-80.399444,2302,-5,U,"Lewisburg, WV",60,59,62,62,5.233333333333333,17.423728813559322,14.0,42.0,"Mon, Aug  9, 2010","Wed, Aug 11, 2010"
3945,Lewiston Nez Perce County,Lewiston,United States,LWS,KLWS,46.3745,-117.015389,1442,-8,A,"Lewiston, ID",89,89,89,89,4.460674157303373,8.000000000000002,6.0,20.0,"Fri, Aug 20, 2010","Sat, Aug 28, 2010"
5753,Lynchburg Regional-Preston Glenn Field,Lynchburg,United States,LYH,KLYH,37.3267,-79.2004,938,-5,A,"Lynchburg, VA",91,91,91,91,3.186813186813186,12.219780219780224,67.0,73.0,"Wed, Aug  4, 2010","Sun, Aug  1, 2010"
3652,Midland International,Midland,United States,MAF,KMAF,31.942528,-102.201914,2871,-6,A,"Midland/Odessa, TX",680,679,685,684,3.179411764705882,9.413843888070698,17.0,30.0,"Thu, Aug 12, 2010","Tue, Aug  3, 2010"
4128,MBS International,Saginaw,United States,MBS,KMBS,43.532913,-84.079647,668,-5,A,"Saginaw/Bay City/Midland, MI",345,341,351,350,3.449275362318841,13.95307917888563,25.0,79.0,"Thu, Aug 19, 2010","Wed, Aug 11, 2010"
3458,Kansas City International,Kansas City,United States,MCI,KMCI,39.297606,-94.713905,1026,-6,A,"Kansas City, MO",4424,4426,4449,4450,5.058544303797473,11.68775417984636,32.0,123.0,"Tue, Aug  3, 2010","Fri, Aug 20, 2010"
3878,Orlando International,Orlando,United States,MCO,KMCO,28.429394,-81.308994,96,-5,A,"Orlando, FL",10329,10328,10374,10382,7.291993416594057,13.532532920216857,111.0,145.0,"Sun, Aug  1, 2010","Thu, Aug 12, 2010"
3542,Harrisburg International,Harrisburg,United States,MDT,KMDT,40.193494,-76.763403,310,-5,A,"Harrisburg, PA",588,587,593,594,4.4030612244898,13.126064735945482,20.0,78.0,"Wed, Aug  4, 2010","Fri, Aug  6, 2010"
3747,Chicago Midway International,Chicago,United States,MDW,KMDW,41.785972,-87.752417,620,-6,A,"Chicago, IL",7355,7352,7373,7372,5.344255608429638,10.930631120783435,47.0,118.0,"Wed, Aug  4, 2010","Fri, Aug 13, 2010"
4335,Key Field,Meridian,United States,MEI,KMEI,32.332624,-88.751868,297,-6,A,"Meridian, MS",58,57,58,58,3.6206896551724137,20.403508771929825,6.0,54.0,"Fri, Aug 27, 2010","Mon, Aug 16, 2010"
3473,Memphis International,Memphis,United States,MEM,KMEM,35.042417,-89.976667,341,-6,A,"Memphis, TN",7186,7187,7323,7319,7.372251600333981,17.88520940587174,57.0,122.0,"Sat, Aug  7, 2010","Sun, Aug  1, 2010"
3826,McAllen Miller International,Mcallen,United States,MFE,KMFE,26.175833,-98.238611,107,-6,A,"Mission/McAllen/Edinburg, TX",389,390,393,394,4.34961439588689,10.64102564102564,10.0,56.0,"Sun, Aug 22, 2010","Mon, Aug 30, 2010"
4101,Rogue Valley International Medford,Medford,United States,MFR,KMFR,42.374228,-122.8735,1335,-8,A,"Medford, OR",398,398,405,406,3.5678391959798996,9.4497487437186,10.0,33.0,"Thu, Aug 19, 2010","Sat, Aug 14, 2010"
4115,Montgomery Regional Airport ,MONTGOMERY,United States,MGM,KMGM,32.3006389,-86.3939722,221,-6,A,"Montgomery, AL",407,409,415,415,3.2555282555282554,16.112469437652823,14.0,93.0,"Sun, Aug  8, 2010","Fri, Aug  6, 2010"
4050,Manhattan Regional,Manhattan,United States,MHK,KMHK,39.140972,-96.670833,1057,-6,A,"Manhattan/Ft. Riley, KS",93,93,93,93,3.5268817204301075,9.35483870967742,9.0,38.0,"Wed, Aug  4, 2010","Mon, Aug  9, 2010"
4011,Manchester Regional Airport,Manchester NH,United States,MHT,KMHT,42.932556,-71.435667,266,-5,A,"Manchester, NH",1209,1211,1214,1216,4.4334160463192696,12.475639966969446,29.0,72.0,"Thu, Aug  5, 2010","Thu, Aug 26, 2010"
3576,Miami International,Miami,United States,MIA,KMIA,25.79325,-80.290556,8,-5,A,"Miami, FL",5684,5702,5784,5795,9.02656579873328,17.351280252542928,86.0,104.0,"Sun, Aug 15, 2010","Fri, Aug 13, 2010"
3717,General Mitchell International,Milwaukee,United States,MKE,KMKE,42.947222,-87.896583,723,-6,A,"Milwaukee, WI",3921,3926,3952,3953,5.749298648304,12.479623025980642,43.0,101.0,"Fri, Aug 20, 2010","Thu, Aug  5, 2010"
5754,Muskegon County Airport,Muskegon,United States,MKG,KMKG,43.1695,-86.2382,628,-5,A,"Muskegon, MI",62,63,66,67,4.129032258064515,11.968253968253968,7.0,89.0,"Fri, Aug 20, 2010","Thu, Aug  5, 2010"
3671,Melbourne International,Melbourne,United States,MLB,KMLB,28.102753,-80.645258,33,-5,A,"Melbourne, FL",155,155,155,155,3.9483870967741943,13.348387096774193,16.0,39.0,"Mon, Aug 23, 2010","Thu, Aug  5, 2010"
4072,Quad City International,Moline,United States,MLI,KMLI,41.448528,-90.507539,590,-6,A,"Moline, IL",630,626,635,633,3.673015873015873,10.805111821086257,12.0,80.0,"Sun, Aug  1, 2010","Sat, Aug 14, 2010"
3732,Monroe Regional,Monroe,United States,MLU,KMLU,32.510864,-92.037689,79,-6,A,"Monroe, LA",269,270,273,274,3.6951672862453533,10.366666666666665,9.0,39.0,"Tue, Aug  3, 2010","Fri, Aug  6, 2010"
3782,Mobile Regional,Mobile,United States,MOB,KMOB,30.691231,-88.242814,219,-6,A,"Mobile, AL",599,602,605,606,3.8280467445742987,11.607973421926909,39.0,78.0,"Sat, Aug 14, 2010","Fri, Aug 13, 2010"
3816,Modesto City County Harry Sham,Modesto,United States,MOD,KMOD,37.625817,-120.954422,97,-8,A,"Modesto, CA",141,140,151,151,2.680851063829787,9.499999999999998,5.0,54.0,"Thu, Aug 19, 2010","Mon, Aug 30, 2010"
3498,Minot International,Minot,United States,MOT,KMOT,48.259378,-101.280333,1716,-6,A,"Minot, ND",178,178,180,180,4.550561797752809,12.033707865168545,12.0,27.0,"Sat, Aug  7, 2010","Mon, Aug 23, 2010"
6838,Sawyer International Airport,Marquette,United States,MQT,KMQT,46.353611,-87.395278,1221,-5,A,"Marquette, MI",101,101,101,101,4.475247524752476,9.762376237623767,13.0,33.0,"Wed, Aug 18, 2010","Wed, Aug  4, 2010"
3948,Monterey Peninsula,Monterey,United States,MRY,KMRY,36.587,-121.842944,257,-8,A,"Monterey, CA",461,460,468,468,3.5704989154013007,11.373913043478266,23.0,91.0,"Sun, Aug  8, 2010","Fri, Aug 20, 2010"
3459,Dane County Regional-Truax Field,Madison,United States,MSN,KMSN,43.139858,-89.337514,887,-6,A,"Madison, WI",857,856,872,873,5.227537922987161,13.558411214953276,24.0,97.0,"Fri, Aug 13, 2010","Sun, Aug  8, 2010"
4216,Missoula International,Missoula,United States,MSO,KMSO,46.916306,-114.090556,3205,-7,A,"Missoula, MT",348,348,348,349,4.916666666666664,10.482758620689653,24.0,52.0,"Mon, Aug  2, 2010","Thu, Aug 26, 2010"
3858,Minneapolis St. Paul International,Minneapolis,United States,MSP,KMSP,44.881956,-93.221767,841,-6,A,"Minneapolis, MN",11551,11584,11780,11782,8.390528958531696,17.768214779005547,74.0,150.0,"Fri, Aug 13, 2010","Tue, Aug 10, 2010"
3861,Louis Armstrong New Orleans International,New Orleans,United States,MSY,KMSY,29.993389,-90.258028,4,-6,A,"New Orleans, LA",3222,3217,3257,3256,4.8916821849782695,11.001865091700344,41.0,93.0,"Mon, Aug  2, 2010","Fri, Aug 20, 2010"
6880,Montrose Regional Airport,Montrose CO,United States,MTJ,KMTJ,38.509794,-107.894242,5759,-7,A,"Montrose/Delta, CO",242,242,244,244,4.148760330578513,11.26859504132231,19.0,77.0,"Tue, Aug 17, 2010","Wed, Aug  4, 2010"
3515,Myrtle Beach International,Myrtle Beach,United States,MYR,KMYR,33.67975,-78.928333,25,-5,A,"Myrtle Beach, SC",361,359,364,364,5.1357340720221645,14.938718662952642,40.0,137.0,"Sat, Aug 21, 2010","Fri, Aug  6, 2010"
4386,Albert J. Ellis,Jacksonville NC,United States,OAJ,KOAJ,34.829164,-77.612139,94,-5,A,"Jacksonville/Camp Lejeune, NC",126,126,126,126,2.6349206349206353,10.682539682539682,16.0,55.0,"Sat, Aug 21, 2010","Sat, Aug 21, 2010"
3453,Metropolitan Oakland International,Oakland,United States,OAK,KOAK,37.721278,-122.220722,9,-8,A,"Oakland, CA",4102,4100,4130,4130,5.5648464163822515,9.186829268292673,39.0,48.0,"Fri, Aug  6, 2010","Thu, Aug 26, 2010"
3456,Kahului,Kahului,United States,OGG,PHOG,20.89865,-156.430458,54,-10,N,"Kahului, HI",2003,1969,2014,1982,5.665002496255611,8.932453021838489,41.0,69.0,"Wed, Aug 18, 2010","Wed, Aug 25, 2010"
3863,Will Rogers World,Oklahoma City,United States,OKC,KOKC,35.393089,-97.600733,1295,-6,A,"Oklahoma City, OK",1891,1885,1901,1899,4.812797461660494,10.692307692307686,38.0,117.0,"Thu, Aug 12, 2010","Wed, Aug  4, 2010"
3454,Eppley Airfield,Omaha,United States,OMA,KOMA,41.303167,-95.894069,984,-6,A,"Omaha, NE",2175,2177,2203,2204,3.97609195402299,11.310519062930638,34.0,98.0,"Thu, Aug 19, 2010","Tue, Aug 10, 2010"
3615,Nome,Nome,United States,OME,PAOM,64.512203,-165.445247,37,-9,A,"Nome, AK",88,91,93,93,3.4545454545454546,5.637362637362638,6.0,23.0,"Wed, Aug 25, 2010","Mon, Aug 16, 2010"
3734,Ontario International,Ontario,United States,ONT,KONT,34.056,-117.601194,944,-8,A,"Ontario, CA",2127,2127,2137,2138,4.309826046074274,9.862247296661966,18.0,63.0,"Sun, Aug 29, 2010","Thu, Aug 26, 2010"
3830,Chicago O'Hare International,Chicago,United States,ORD,KORD,41.978603,-87.904842,668,-6,A,"Chicago, IL",27433,27495,27822,27833,9.075347209565104,16.749154391707677,87.0,147.0,"Thu, Aug 19, 2010","Fri, Aug 13, 2010"
3611,Norfolk International,Norfolk,United States,ORF,KORF,36.894611,-76.201222,26,-5,A,"Norfolk, VA",1374,1367,1383,1381,4.672489082969439,11.94586686174104,83.0,78.0,"Thu, Aug  5, 2010","Mon, Aug  9, 2010"
5757,Southwest Oregon Regional Airport,North Bend,United States,OTH,KOTH,43.4171,-124.246,17,-8,A,"North Bend/Coos Bay, OR",154,153,155,155,2.876623376623378,9.666666666666664,9.0,30.0,"Sun, Aug 15, 2010","Thu, Aug  5, 2010"
3693,Ralph Wien Memorial,Kotzebue,United States,OTZ,PAOT,66.884678,-162.59855,11,-9,A,"Kotzebue, AK",90,89,93,93,3.911111111111112,6.101123595505618,7.0,19.0,"Sun, Aug 15, 2010","Tue, Aug 10, 2010"
4117,Barkley Regional Airport,PADUCAH,United States,PAH,KPAH,37.0602875,-88.7729583,410,-6,A,"Paducah, KY",61,61,62,62,4.262295081967213,9.901639344262295,6.0,40.0,"Tue, Aug  3, 2010","Thu, Aug  5, 2010"
3722,Palm Beach International,West Palm Beach,United States,PBI,KPBI,26.683161,-80.095589,19,-5,A,"West Palm Beach/Palm Beach, FL",1785,1786,1797,1798,4.791596638655451,12.986562150055999,23.0,96.0,"Sun, Aug  1, 2010","Fri, Aug  6, 2010"
3720,Portland International,Portland,United States,PDX,KPDX,45.588722,-122.5975,30,-8,A,"Portland, OR",4895,4892,4919,4917,4.488049029622062,12.860384300899423,39.0,60.0,"Sat, Aug  7, 2010","Wed, Aug 11, 2010"
3633,Newport News Williamsburg International,Newport News,United States,PHF,KPHF,37.131894,-76.492989,43,-5,A,"Newport News/Williamsburg, VA",521,519,524,524,5.838771593090215,11.633911368015415,16.0,61.0,"Sat, Aug 28, 2010","Tue, Aug 24, 2010"
3752,Philadelphia International,Philadelphia,United States,PHL,KPHL,39.871944,-75.241139,36,-5,A,"Philadelphia, PA",7762,7764,7808,7810,7.669672764751354,24.755151983513638,80.0,140.0,"Sun, Aug 22, 2010","Sun, Aug 22, 2010"
3462,Phoenix Sky Harbor International,Phoenix,United States,PHX,KPHX,33.434278,-112.011583,1135,-7,N,"Phoenix, AZ",15155,15182,15264,15267,7.5326294952161,14.974443419839245,64.0,90.0,"Fri, Aug 13, 2010","Sun, Aug 15, 2010"
4046,Peoria Regional,Peoria,United States,PIA,KPIA,40.664203,-89.693258,660,-6,A,"Peoria, IL",327,326,336,336,4.125382262996938,11.800613496932527,17.0,48.0,"Mon, Aug  2, 2010","Fri, Aug 13, 2010"
5760,Pocatello Regional Airport,Pocatello,United States,PIH,KPIH,42.9098,-112.596,4452,-7,A,"Pocatello, ID",124,124,124,124,3.411290322580645,9.137096774193557,7.0,18.0,"Tue, Aug 24, 2010","Tue, Aug 31, 2010"
3570,Pittsburgh International,Pittsburgh (pennsylva),United States,PIT,KPIT,40.491467,-80.232872,1204,-5,A,"Pittsburgh, PA",3292,3281,3317,3315,5.702612393681654,13.067357512953368,126.0,84.0,"Wed, Aug  4, 2010","Mon, Aug 16, 2010"
5762,Pellston Regional Airport of Emmet County Airport,Pellston,United States,PLN,KPLN,45.5709,-84.7967,720,-5,A,"Pellston, MI",57,57,60,60,5.719298245614036,17.912280701754383,15.0,43.0,"Wed, Aug  4, 2010","Tue, Aug 31, 2010"
3564,Pensacola Regional,Pensacola,United States,PNS,KPNS,30.473425,-87.186611,121,-6,A,"Pensacola, FL",962,959,971,970,4.509355509355504,12.998957247132429,34.0,95.0,"Tue, Aug 17, 2010","Mon, Aug  2, 2010"
6133,Tri Cities Airport,Pasco,United States,PSC,PSC,46.2647,-119.119,410,-8,A,"Pasco/Kennewick/Richland, WA",325,326,327,328,4.584615384615389,9.564417177914109,15.0,70.0,"Wed, Aug  4, 2010","Sun, Aug  1, 2010"
4147,Petersburg James A. Johnson,Petersburg,United States,PSG,PAPG,56.801667,-132.945278,105,-9,A,"Petersburg, AK",61,61,62,62,3.6065573770491803,9.81967213114754,6.0,28.0,"Sun, Aug 15, 2010","Tue, Aug 24, 2010"
3839,Palm Springs International,Palm Springs,United States,PSP,KPSP,33.829667,-116.506694,477,-8,A,"Palm Springs, CA",734,731,739,738,4.619891008174387,11.549931600547216,13.0,54.0,"Fri, Aug 20, 2010","Thu, Aug 26, 2010"
3641,Theodore Francis Green State,Providence,United States,PVD,KPVD,41.732581,-71.420383,55,-5,A,"Providence, RI",1749,1746,1760,1759,4.520869068038896,13.574455899198176,27.0,115.0,"Sun, Aug  8, 2010","Thu, Aug 12, 2010"
3862,Portland International Jetport,Portland,United States,PWM,KPWM,43.646161,-70.309281,77,-5,A,"Portland, ME",762,760,781,777,4.292650918635173,14.557894736842098,46.0,91.0,"Sat, Aug 21, 2010","Wed, Aug 11, 2010"
4087,Rapid City Regional Airport,Rapid City,United States,RAP,KRAP,44.045278,-103.057222,3204,-7,A,"Rapid City, SD",599,599,608,608,4.262103505843068,10.355592654424031,23.0,74.0,"Fri, Aug 27, 2010","Mon, Aug 16, 2010"
4098,Redding Municipal,Redding,United States,RDD,KRDD,40.509,-122.293389,504,-8,A,"Redding, CA",120,121,124,125,3.6166666666666667,11.545454545454543,7.0,67.0,"Sat, Aug 28, 2010","Sat, Aug 28, 2010"
4103,Roberts Field,Redmond-Bend,United States,RDM,KRDM,44.254066,-121.149964,3077,-8,A,"Bend/Redmond, OR",269,267,271,270,3.609665427509294,9.056179775280896,7.0,39.0,"Fri, Aug 20, 2010","Thu, Aug  5, 2010"
3626,Raleigh Durham International,Raleigh-durham,United States,RDU,KRDU,35.877639,-78.787472,435,-5,A,"Raleigh/Durham, NC",4139,4133,4190,4189,4.695820246436351,14.319138640212916,85.0,127.0,"Wed, Aug  4, 2010","Thu, Aug  5, 2010"
3608,Richmond International,Richmond,United States,RIC,KRIC,37.505167,-77.319667,167,-5,A,"Richmond, VA",1447,1446,1456,1458,5.511402902557012,14.629322268326417,47.0,123.0,"Thu, Aug  5, 2010","Thu, Aug  5, 2010"
5766,Rock Springs Sweetwater County Airport,Rock Springs,United States,RKS,KRKS,41.5942,-109.065,6760,-7,A,"Rock Springs, WY",153,151,155,154,3.339869281045752,9.788079470198678,7.0,24.0,"Sun, Aug 22, 2010","Tue, Aug 24, 2010"
3807,Reno Tahoe International,Reno,United States,RNO,KRNO,39.499108,-119.768108,4415,-8,A,"Reno, NV",1858,1859,1868,1870,4.300322927879439,10.750403442711146,28.0,118.0,"Sat, Aug 21, 2010","Sat, Aug 21, 2010"
4016,Roanoke Regional,Roanoke VA,United States,ROA,KROA,37.325472,-79.975417,1175,-5,A,"Roanoke, VA",280,281,285,285,4.849999999999998,14.348754448398576,12.0,51.0,"Wed, Aug 25, 2010","Wed, Aug  4, 2010"
3622,Greater Rochester International,Rochester,United States,ROC,KROC,43.118866,-77.672389,559,-5,A,"Rochester, NY",1238,1234,1247,1244,5.559773828756057,13.145056726094008,21.0,85.0,"Thu, Aug 12, 2010","Mon, Aug 16, 2010"
3736,Roswell International Air Center,Roswell,United States,ROW,KROW,33.301556,-104.530556,3671,-7,A,"Roswell, NM",108,108,109,109,4.749999999999998,7.777777777777778,12.0,18.0,"Thu, Aug  5, 2010","Mon, Aug 30, 2010"
4048,Rochester,Rochester,United States,RST,KRST,43.908283,-92.500014,1317,-6,A,"Rochester, MN",296,292,308,306,3.8175675675675675,11.085616438356164,10.0,63.0,"Wed, Aug 25, 2010","Tue, Aug 10, 2010"
3793,Southwest Florida International,Fort Myers,United States,RSW,KRSW,26.536167,-81.755167,30,-5,A,"Fort Myers, FL",1775,1772,1788,1789,4.444507042253519,11.46275395033858,33.0,81.0,"Sat, Aug  7, 2010","Fri, Aug 20, 2010"
3784,Santa Fe Municipal,Santa Fe,United States,SAF,KSAF,35.617108,-106.089422,6348,-7,A,"Santa Fe, NM",115,116,115,116,4.295652173913042,10.267241379310347,10.0,34.0,"Sat, Aug  7, 2010","Fri, Aug 20, 2010"
3731,San Diego International,San Diego,United States,SAN,KSAN,32.733556,-117.189667,17,-8,A,"San Diego, CA",6966,6966,6991,6997,3.6724088429514814,13.386304909560732,85.0,74.0,"Tue, Aug 10, 2010","Sun, Aug  1, 2010"
3621,San Antonio International,San Antonio,United States,SAT,KSAT,29.533694,-98.469778,809,-6,A,"San Antonio, TX",3491,3489,3505,3505,4.015181896304786,10.698767555173404,58.0,80.0,"Fri, Aug 13, 2010","Sun, Aug  1, 2010"
3613,Savannah Hilton Head International,Savannah,United States,SAV,KSAV,32.127583,-81.202139,51,-5,A,"Savannah, GA",968,962,987,988,5.639462809917355,14.254677754677752,33.0,70.0,"Fri, Aug  6, 2010","Sun, Aug 22, 2010"
3949,Santa Barbara Municipal,Santa Barbara,United States,SBA,KSBA,34.426211,-119.840372,10,-8,A,"Santa Barbara, CA",906,908,917,918,4.140176600441493,9.882158590308366,30.0,75.0,"Sun, Aug 22, 2010","Sat, Aug 28, 2010"
4359,South Bend Regional,South Bend,United States,SBN,KSBN,41.708661,-86.31725,799,-5,A,"South Bend, IN",422,419,427,427,3.7867298578199042,12.62291169451074,18.0,64.0,"Tue, Aug 24, 2010","Mon, Aug  9, 2010"
5768,San Luis County Regional Airport,San Luis Obispo,United States,SBP,KSBP,35.2368,-120.642,212,-8,A,"San Luis Obispo, CA",416,415,421,422,3.485576923076923,10.368674698795182,13.0,47.0,"Sun, Aug 15, 2010","Mon, Aug 30, 2010"
3620,Deadhorse,Deadhorse,United States,SCC,PASC,70.19475,-148.465167,64,-9,A,"Deadhorse, AK",59,59,59,59,3.5254237288135593,5.830508474576271,7.0,14.0,"Mon, Aug  2, 2010","Fri, Aug 20, 2010"
4318,University Park Airport,State College Pennsylvania,United States,SCE,KUNV,40.849278,-77.848694,1239,-5,A,"State College, PA",92,92,93,93,5.978260869565215,14.08695652173913,12.0,58.0,"Sun, Aug 15, 2010","Mon, Aug  9, 2010"
4014,Louisville International Airport,Louisville,United States,SDF,KSDF,38.1740858,-85.7364989,501,-5,A,"Louisville, KY",1625,1623,1644,1645,6.069538461538465,12.240295748613692,56.0,93.0,"Sun, Aug 22, 2010","Wed, Aug 25, 2010"
3577,Seattle Tacoma International,Seattle,United States,SEA,KSEA,47.449,-122.309306,433,-8,A,"Seattle, WA",9446,9445,9473,9473,7.055790810925257,15.59025939650605,50.0,101.0,"Sun, Aug  8, 2010","Wed, Aug 11, 2010"
3469,San Francisco International,San Francisco,United States,SFO,KSFO,37.618972,-122.374889,13,-8,A,"San Francisco, CA",12379,12400,12557,12555,6.13369415946362,16.427822580645113,56.0,96.0,"Sun, Aug  1, 2010","Tue, Aug 31, 2010"
4348,Springfield Branson National,Springfield,United States,SGF,KSGF,37.245667,-93.388639,1268,-6,A,"Springfield, MO",792,791,809,811,4.814393939393934,13.266750948166871,26.0,97.0,"Thu, Aug  5, 2010","Wed, Aug  4, 2010"
4064,St. George Municipal,Saint George,United States,SGU,KSGU,37.090583,-113.593056,2941,-7,A,"St. George, UT",199,198,199,199,3.71356783919598,7.5606060606060606,7.0,30.0,"Thu, Aug 26, 2010","Mon, Aug  9, 2010"
3609,Shreveport Regional,Shreveport,United States,SHV,KSHV,32.446629,-93.8256,258,-6,A,"Shreveport, LA",371,367,374,372,5.070080862533692,8.724795640326974,22.0,34.0,"Fri, Aug  6, 2010","Fri, Aug 20, 2010"
3856,Sitka Rocky Gutierrez,Sitka,United States,SIT,PASI,57.047138,-135.361611,21,-9,A,"Sitka, AK",149,149,150,150,3.9798657718120807,11.08724832214765,10.0,45.0,"Fri, Aug 27, 2010","Wed, Aug 11, 2010"
3748,Norman Y. Mineta San Jose International,San Jose,United States,SJC,KSJC,37.3626,-121.929022,62,-8,A,"San Jose, CA",3461,3457,3478,3478,3.5934700953481653,10.459936361006655,26.0,53.0,"Thu, Aug  5, 2010","Sun, Aug  1, 2010"
3708,San Angelo Regional-Mathis Field,San Angelo,United States,SJT,KSJT,31.35775,-100.496306,1919,-6,A,"San Angelo, TX",8,8,8,8,3.625,7.375,10.0,11.0,"Tue, Aug 24, 2010","Tue, Aug 24, 2010"
3536,Salt Lake City International,Salt Lake City,United States,SLC,KSLC,40.788389,-111.977772,4227,-7,A,"Salt Lake City, UT",11297,11312,11371,11365,6.709126316721246,18.21066124469604,94.0,101.0,"Thu, Aug  5, 2010","Fri, Aug 27, 2010"
3817,Sacramento International,Sacramento,United States,SMF,KSMF,38.695417,-121.590778,27,-8,A,"Sacramento, CA",3843,3875,3876,3908,4.4517304189435425,9.774967741935457,45.0,56.0,"Mon, Aug  2, 2010","Tue, Aug  3, 2010"
5772,Santa Maria Public-Captain G. Allan Hancock Airport,Santa Maria,United States,SMX,KSMX,34.8989,-120.457,261,-8,A,"Santa Maria, CA",119,119,120,120,3.773109243697479,11.319327731092438,7.0,58.0,"Sun, Aug 29, 2010","Tue, Aug  3, 2010"
3867,John Wayne Airport Orange County,Santa Ana,United States,SNA,KSNA,33.675667,-117.868222,56,-8,A,"Santa Ana, CA",3607,3608,3634,3630,6.232880510119206,12.09368070953438,46.0,93.0,"Sun, Aug 29, 2010","Wed, Aug 18, 2010"
4336,Abraham Lincoln Capital,Springfield,United States,SPI,KSPI,39.8441,-89.677889,597,-6,A,"Springfield, IL",148,147,151,150,4.148648648648651,9.53061224489796,7.0,25.0,"Tue, Aug  3, 2010","Sun, Aug  8, 2010"
3680,Sheppard AFB Wichita Falls Municipal,Wichita Falls,United States,SPS,KSPS,33.988797,-98.491894,1019,-6,A,"Wichita Falls, TX",22,22,23,23,6.863636363636363,11.590909090909092,12.0,24.0,"Tue, Aug 17, 2010","Mon, Aug  9, 2010"
4067,Sarasota Bradenton International,Sarasota,United States,SRQ,KSRQ,27.395444,-82.554389,30,-5,A,"Sarasota/Bradenton, FL",338,338,341,342,4.639053254437872,11.437869822485206,14.0,61.0,"Sun, Aug  1, 2010","Fri, Aug 20, 2010"
3678,Lambert St. Louis International,St. Louis,United States,STL,KSTL,38.748697,-90.370028,618,-6,A,"St. Louis, MO",4960,4950,4996,4992,4.870967741935503,10.460808080808075,52.0,125.0,"Fri, Aug 20, 2010","Wed, Aug  4, 2010"
6494,Friedman Memorial,Hailey,United States,SUN,KSUN,43.504444,-114.296194,5320,-7,A,"Sun Valley/Hailey/Ketchum, ID",247,247,248,248,2.9635627530364372,9.437246963562757,10.0,37.0,"Sat, Aug  7, 2010","Thu, Aug 19, 2010"
3753,Sioux Gateway-Colonel Bud Day Field,Sioux City,United States,SUX,KSUX,42.402603,-96.384367,1098,-6,A,"Sioux City, IA",46,46,46,46,2.891304347826087,10.10869565217391,7.0,19.0,"Sat, Aug 21, 2010","Mon, Aug 30, 2010"
3661,Stewart International,Newburgh,United States,SWF,KSWF,41.504094,-74.104839,491,-5,A,"Newburgh/Poughkeepsie, NY",181,181,182,182,4.88950276243094,14.187845303867404,10.0,41.0,"Mon, Aug  2, 2010","Thu, Aug  5, 2010"
3745,Syracuse Hancock International,Syracuse,United States,SYR,KSYR,43.111187,-76.106311,421,-5,A,"Syracuse, NY",972,969,986,985,4.993827160493826,14.172342621259041,31.0,93.0,"Mon, Aug  9, 2010","Sun, Aug 22, 2010"
3698,Tallahassee Regional,Tallahassee,United States,TLH,KTLH,30.396528,-84.350333,81,-5,A,"Tallahassee, FL",472,470,474,475,3.7097457627118646,14.470212765957447,19.0,73.0,"Fri, Aug 20, 2010","Thu, Aug 26, 2010"
4040,Toledo,Toledo,United States,TOL,KTOL,41.586806,-83.807833,684,-5,A,"Toledo, OH",87,87,89,89,2.7241379310344835,12.160919540229882,6.0,54.0,"Sat, Aug  7, 2010","Wed, Aug  4, 2010"
3646,Tampa International,Tampa,United States,TPA,KTPA,27.975472,-82.53325,26,-5,A,"Tampa, FL",5537,5522,5559,5557,4.684305580639338,12.5554147048171,48.0,84.0,"Fri, Aug 27, 2010","Wed, Aug  4, 2010"
4116,Tri-Cities Regional Airport,BRISTOL,United States,TRI,KTRI,36.4752222,-82.4074167,1519,-5,A,"Bristol/Johnson City/Kingsport, TN",350,347,355,355,4.1257142857142854,12.974063400576364,26.0,81.0,"Mon, Aug  2, 2010","Mon, Aug  9, 2010"
3855,Tulsa International,Tulsa,United States,TUL,KTUL,36.198389,-95.888111,677,-6,A,"Tulsa, OK",1782,1783,1788,1788,4.326038159371502,11.366236679753221,32.0,74.0,"Wed, Aug 18, 2010","Sun, Aug  1, 2010"
3636,Tucson International,Tucson,United States,TUS,KTUS,32.116083,-110.941028,2643,-7,N,"Tucson, AZ",1842,1838,1848,1848,4.596091205211724,10.699129488574542,47.0,81.0,"Sat, Aug 28, 2010","Sat, Aug 28, 2010"
4023,Cherry Capital Airport,Traverse City,United States,TVC,KTVC,44.741445,-85.582235,624,-5,A,"Traverse City, MI",571,574,579,580,4.0262697022767,12.233449477351918,27.0,136.0,"Sat, Aug 28, 2010","Sun, Aug 22, 2010"
4263,Magic Valley Regional Airport,Twin Falls,United States,TWF,KTWF,42.481803,-114.487733,4151,-7,A,"Twin Falls, ID",124,124,124,124,3.120967741935484,8.862903225806448,5.0,22.0,"Fri, Aug  6, 2010","Thu, Aug 26, 2010"
3770,Texarkana Regional-Webb Field,Texarkana,United States,TXK,KTXK,33.453722,-93.991028,390,-6,A,"Texarkana, AR",89,89,93,93,3.202247191011236,8.73033707865169,11.0,70.0,"Fri, Aug  6, 2010","Fri, Aug  6, 2010"
3848,Tyler Pounds Regional,Tyler,United States,TYR,KTYR,32.354139,-95.402386,544,-6,A,"Tyler, TX",61,61,62,62,3.4262295081967213,7.983606557377054,7.0,19.0,"Fri, Aug 27, 2010","Mon, Aug  9, 2010"
3676,McGhee Tyson,Knoxville,United States,TYS,KTYS,35.810972,-83.994028,981,-5,A,"Knoxville, TN",1289,1284,1303,1302,4.0131885182311855,13.318535825545183,26.0,92.0,"Sun, Aug  1, 2010","Mon, Aug  9, 2010"
7827,Tunica Municipal Airport,Tunica,United States,UTM,KUTA,34.681,-90.3467,194,-6,A,"Tunica, MS",18,18,18,18,3.611111111111111,11.777777777777779,6.0,26.0,"Fri, Aug 13, 2010","Sun, Aug  1, 2010"
5776,Valdosta Regional Airport,Valdosta,United States,VLD,KVLD,30.7825,-83.2767,203,-5,A,"Valdosta, GA",91,91,91,91,4.549450549450549,10.527472527472526,8.0,61.0,"Mon, Aug  2, 2010","Wed, Aug 18, 2010"
3873,Eglin AFB,Valparaiso,United States,VPS,KVPS,30.48325,-86.5254,87,-6,A,"Valparaiso, FL",685,684,690,691,7.595620437956204,16.87719298245613,23.0,98.0,"Mon, Aug 16, 2010","Sun, Aug 22, 2010"
5969,Wrangell Airport,Wrangell,United States,WRG,PAWG,56.4843,-132.37,44,-9,A,"Wrangell, AK",61,62,62,62,3.7049180327868854,9.645161290322578,6.0,33.0,"Tue, Aug 31, 2010","Tue, Aug 31, 2010"
7072,Yellowstone Airport,West Yellowstone,United States,WYS,KWYS,44.688333,-111.1175,6644,-7,A,"West Yellowstone, MT",71,70,71,71,3.4225352112676055,8.571428571428568,8.0,19.0,"Sat, Aug 14, 2010","Wed, Aug 11, 2010"
4356,NW Arkansas Regional,Bentonville,United States,XNA,KXNA,36.2818694,-94.3068111,1287,-6,A,"Fayetteville, AR",1212,1209,1227,1226,4.471122112211219,13.301075268817215,36.0,109.0,"Sun, Aug 15, 2010","Mon, Aug 16, 2010"
6803,Yakutat,Yakutat,United States,YAK,PAYA,59.3012,-139.3937,33,-9,A,"Yakutat, AK",62,62,62,62,3.8870967741935485,8.822580645161292,7.0,19.0,"Wed, Aug 25, 2010","Fri, Aug 20, 2010"
3596,Yuma MCAS Yuma International,Yuma,United States,YUM,KYUM,32.656578,-114.60598,216,-7,N,"Yuma, AZ",321,320,324,324,4.682242990654203,11.17499999999999,17.0,32.0,"Wed, Aug 11, 2010","Mon, Aug 30, 2010"
2883,Cyril E. King,St. Thomas,Virgin Islands,STT,TIST,18.337306,-64.973361,23,-4,U,"Charlotte Amalie, VI",217,216,221,222,4.903225806451612,14.592592592592595,17.0,72.0,"Sun, Aug 29, 2010","Sat, Aug 21, 2010"
2884,Henry E. Rohlsen,St. Croix Island,Virgin Islands,STX,TISX,17.701889,-64.798556,74,-4,U,"Christiansted, VI",32,32,33,33,3.96875,9.875,10.0,15.0,"Mon, Aug 16, 2010","Wed, Aug  4, 2010"
2885,Rafael Hernndez,Aguadilla,Puerto Rico,BQN,TJBQ,18.494861,-67.129444,237,-4,U,"Aguadilla, PR",144,145,145,146,4.368055555555556,11.289655172413793,10.0,30.0,"Thu, Aug 26, 2010","Tue, Aug 31, 2010"
2889,Aeropuerto Mercedita,Ponce,Puerto Rico,PSE,TJPS,18.008306,-66.563028,29,-4,U,"Ponce, PR",64,65,67,68,4.218749999999998,10.953846153846154,13.0,40.0,"Fri, Aug  6, 2010","Sat, Aug 14, 2010"
2890,Luis Muoz Marn International,San Juan,Puerto Rico,SJU,TJSJ,18.439417,-66.001833,9,-4,U,"San Juan, PR",1876,1879,1901,1910,6.868336886993603,14.117083555082495,61.0,73.0,"Mon, Aug 16, 2010","Sun, Aug  1, 2010"
