airport_id,name,city,country,iata_faa,iaco,latitude,longitude,altitude,zone,dst,city_state,avg_able_landings,avg_able_takeoffs,total_landings,total_takeoffs,avg_taxi_in,avg_taxi_out,longest_taxi_in,longest_taxi_out,lng_tx_in_date,lng_tx_out_date
4355,Lehigh Valley International,Allentown,United States,ABE,KABE,40.652083,-75.440806,393,-5,A,"Allentown/Bethlehem/Easton, PA",347,345,353,352,3.861671469740634,12.072463768115941,16.0,74.0,"Sat, May  8, 2010","Fri, May  7, 2010"
3718,Abilene Regional,Abilene,United States,ABI,KABI,32.411319,-99.681897,1791,-6,A,"Abilene, TX",205,205,211,211,4.019512195121954,7.863414634146341,17.0,28.0,"Wed, May 19, 2010","Wed, May 12, 2010"
4019,Albuquerque International Sunport,Albuquerque,United States,ABQ,KABQ,35.0402222,-106.6091944,5355,-7,A,"Albuquerque, NM",2838,2835,2849,2850,5.0461592670894975,10.089594356261024,37.0,51.0,"Sun, May  2, 2010","Mon, May 17, 2010"
5715,Southwest Georgia Regional Airport,Albany,United States,ABY,KABY,31.5355,-84.1945,197,-5,A,"Albany, GA",87,86,87,87,3.32183908045977,13.011627906976742,6.0,93.0,"Tue, May 11, 2010","Mon, May  3, 2010"
3517,Nantucket Memorial,Nantucket,United States,ACK,KACK,41.253053,-70.060181,48,-5,A,"Nantucket, MA",5,5,5,5,4.2,13.0,7.0,21.0,"Fri, May 28, 2010","Mon, May 31, 2010"
4384,Arcata,Arcata CA,United States,ACV,KACV,40.978111,-124.108611,221,-8,A,"Arcata/Eureka, CA",254,254,259,259,4.1496062992126,8.877952755905515,37.0,65.0,"Tue, May 11, 2010","Mon, May 10, 2010"
3524,Atlantic City International,Atlantic City,United States,ACY,KACY,39.457583,-74.577167,75,-5,A,"Atlantic City, NJ",74,74,75,75,4.513513513513513,11.41891891891892,9.0,23.0,"Sun, May  9, 2010","Fri, May 28, 2010"
5959,Adak Airport,Adak Island,United States,ADK,PADK,51.878,-176.646,18,-10,A,"Adak Island, AK",9,9,9,9,4.777777777777778,6.888888888888889,7.0,15.0,"Sun, May 16, 2010","Sun, May 16, 2010"
3531,Kodiak,Kodiak,United States,ADQ,PADQ,57.749967,-152.493856,78,-9,A,"Kodiak, AK",49,49,57,57,2.938775510204082,5.73469387755102,5.0,26.0,"Thu, May  6, 2010","Sat, May 29, 2010"
3852,Alexandria International,Alexandria,United States,AEX,KAEX,31.3274,-92.549833,89,-6,A,"Alexandria, LA",288,288,292,292,2.5694444444444438,11.263888888888888,7.0,45.0,"Fri, May 28, 2010","Mon, May 24, 2010"
3658,Augusta Regional At Bush Field,Bush Field,United States,AGS,KAGS,33.369944,-81.9645,144,-5,A,"Augusta, GA",282,284,285,285,3.3120567375886534,14.809859154929578,7.0,55.0,"Sun, May  2, 2010","Thu, May  6, 2010"
3864,Albany International,Albany,United States,ALB,KALB,42.748267,-73.801692,285,-5,A,"Albany, NY",1112,1110,1117,1117,4.063848920863306,12.839639639639634,33.0,70.0,"Sat, May 29, 2010","Fri, May  7, 2010"
5718,Waterloo Regional Airport,Waterloo,United States,ALO,KALO,42.5571,-92.4003,873,-6,A,"Waterloo, IA",26,26,26,26,3.3461538461538463,14.423076923076923,5.0,23.0,"Wed, May 12, 2010","Tue, May 11, 2010"
3840,Rick Husband Amarillo International,Amarillo,United States,AMA,KAMA,35.219369,-101.705931,3607,-6,A,"Amarillo, TX",586,583,599,598,4.65699658703072,8.653516295025721,11.0,30.0,"Fri, May 14, 2010","Fri, May  7, 2010"
3774,Ted Stevens Anchorage International,Anchorage,United States,ANC,PANC,61.174361,-149.996361,152,-9,A,"Anchorage, AK",1504,1505,1518,1514,4.637632978723399,12.114285714285717,71.0,42.0,"Sun, May 23, 2010","Mon, May 10, 2010"
7001,Aspen/Pitkin County-Sardy Field,Aspen,United States,ASE,KASE,39.2232,-106.869,7820,-7,A,"Aspen, CO",169,168,176,176,3.3491124260355027,8.839285714285714,7.0,41.0,"Fri, May 28, 2010","Tue, May  4, 2010"
3682,Hartsfield Jackson Atlanta International,Atlanta,United States,ATL,KATL,33.636719,-84.428067,1026,-5,A,"Atlanta, GA",34363,34469,34856,34851,11.712801559817226,21.36873712611324,156.0,182.0,"Fri, May 28, 2010","Fri, May 28, 2010"
4047,Appleton,Appleton,United States,ATW,KATW,44.257526,-88.507576,680,-6,A,"Appleton, WI",358,360,371,372,3.6871508379888267,10.963888888888887,13.0,55.0,"Tue, May 18, 2010","Wed, May 19, 2010"
3673,Austin Bergstrom International,Austin,United States,AUS,KAUS,30.194528,-97.669889,542,-6,A,"Austin, TX",3590,3590,3613,3614,5.111699164345398,11.276323119777155,37.0,84.0,"Mon, May  3, 2010","Wed, May 26, 2010"
4007,Asheville Regional Airport,Asheville,United States,AVL,KAVL,35.436194,-82.541806,2165,-5,A,"Asheville, NC",549,545,555,555,3.4098360655737703,15.744954128440394,17.0,77.0,"Wed, May 12, 2010","Mon, May  3, 2010"
4286,Wilkes Barre Scranton International,Scranton,United States,AVP,KAVP,41.338478,-75.723403,962,-5,A,"Scranton/Wilkes-Barre, PA",147,146,149,149,3.571428571428572,12.63013698630137,8.0,33.0,"Sat, May  8, 2010","Fri, May 14, 2010"
4039,Kalamazoo,Kalamazoo,United States,AZO,KAZO,42.234875,-85.552058,874,-5,A,"Kalamazoo, MI",235,231,241,240,4.340425531914897,13.285714285714286,14.0,87.0,"Fri, May 14, 2010","Thu, May 13, 2010"
3825,Bradley International,Windsor Locks,United States,BDL,KBDL,41.938889,-72.683222,173,-5,A,"Hartford, CT",1926,1926,1942,1942,5.029075804776734,14.12980269989615,39.0,105.0,"Fri, May 28, 2010","Mon, May  3, 2010"
3599,Bethel,Bethel,United States,BET,PABE,60.779778,-161.838,121,-9,A,"Bethel, AK",86,86,87,87,3.6511627906976742,6.209302325581394,8.0,18.0,"Fri, May  7, 2010","Tue, May 18, 2010"
3558,Meadows Field,Bakersfield,United States,BFL,KBFL,35.433598,-119.05677,507,-8,A,"Bakersfield, CA",296,296,302,302,3.949324324324326,9.817567567567561,14.0,22.0,"Mon, May 24, 2010","Tue, May 25, 2010"
4129,Greater Binghamton-Edwin A. Link Field,Binghamton,United States,BGM,KBGM,42.208689,-75.979839,1636,-5,A,"Binghamton, NY",84,84,87,87,4.154761904761904,12.297619047619047,8.0,44.0,"Tue, May 25, 2010","Sat, May  8, 2010"
3463,Bangor International,Bangor,United States,BGR,KBGR,44.807444,-68.828139,192,-5,A,"Bangor, ME",150,153,154,155,5.060000000000003,14.699346405228756,10.0,48.0,"Tue, May 11, 2010","Thu, May 27, 2010"
3811,Birmingham International,Birmingham,United States,BHM,KBHM,33.562942,-86.75355,644,-6,A,"Birmingham, AL",1853,1851,1868,1867,3.6033459255261753,13.045921123716901,30.0,99.0,"Fri, May 21, 2010","Sat, May 29, 2010"
4021,Billings Logan International Airport,Billings,United States,BIL,KBIL,45.80921,-108.537654,3652,-7,A,"Billings, MT",279,279,283,284,3.652329749103943,10.824372759856628,16.0,41.0,"Sun, May 16, 2010","Thu, May 20, 2010"
4083,Bismarck Municipal Airport,Bismarck,United States,BIS,KBIS,46.775842,-100.757931,1661,-6,A,"Bismarck/Mandan, ND",347,347,352,351,3.838616714697406,10.227665706051877,7.0,42.0,"Tue, May 18, 2010","Mon, May 24, 2010"
6962,Branson LLC,Branson,United States,BKG,KBBG,36.531994,-93.200556,1302,-6,A,"Branson, MO",63,63,67,67,4.984126984126985,13.047619047619047,10.0,97.0,"Thu, May  6, 2010","Sat, May 29, 2010"
3777,Bellingham International,Bellingham,United States,BLI,KBLI,48.792694,-122.537528,170,-8,A,"Bellingham, WA",13,13,13,13,6.769230769230769,11.23076923076923,10.0,22.0,"Fri, May 14, 2010","Fri, May 21, 2010"
4037,Central Illinois Regional,Bloomington,United States,BMI,KBMI,40.477111,-88.915917,871,-6,A,"Bloomington/Normal, IL",341,340,346,346,3.9090909090909065,10.800000000000002,9.0,50.0,"Sat, May 29, 2010","Fri, May 21, 2010"
3690,Nashville International,Nashville,United States,BNA,KBNA,36.124472,-86.678194,599,-6,A,"Nashville, TN",4694,4693,4793,4794,6.36855560289731,11.908800340933288,54.0,101.0,"Mon, May 24, 2010","Fri, May 21, 2010"
3495,Boise Air Terminal,Boise,United States,BOI,KBOI,43.564361,-116.222861,2871,-7,A,"Boise, ID",1186,1185,1188,1189,3.6332209106239466,9.750210970464135,19.0,54.0,"Fri, May 21, 2010","Wed, May 12, 2010"
3448,General Edward Lawrence Logan International,Boston,United States,BOS,KBOS,42.364347,-71.005181,19,-5,A,"Boston, MA",9258,9265,9360,9364,6.417260747461649,19.059255261737725,51.0,141.0,"Sat, May 29, 2010","Fri, May 21, 2010"
5725,Brunswick Golden Isles Airport,Brunswick,United States,BQK,KBQK,31.2588,-81.4665,26,-5,A,"Brunswick, GA",83,83,83,83,2.97590361445783,12.903614457831322,5.0,51.0,"Tue, May 25, 2010","Wed, May  5, 2010"
3738,Brownsville South Padre Island International,Brownsville,United States,BRO,KBRO,25.906833,-97.425861,22,-6,A,"Brownsville, TX",200,200,203,203,4.129999999999999,10.114999999999991,8.0,47.0,"Thu, May 27, 2010","Mon, May 24, 2010"
3571,Wiley Post Will Rogers Memorial,Barrow,United States,BRW,PABR,71.285446,-156.766003,44,-9,A,"Barrow, AK",71,71,71,71,4.140845070422536,4.633802816901411,6.0,13.0,"Fri, May  7, 2010","Mon, May 24, 2010"
4022,Bert Mooney Airport,Butte,United States,BTM,KBTM,45.954806,-112.497472,5550,-7,A,"Butte, MT",56,56,56,56,3.8214285714285716,9.678571428571429,5.0,31.0,"Tue, May 11, 2010","Sun, May 23, 2010"
3846,Baton Rouge Metro-Ryan Field,Baton Rouge,United States,BTR,KBTR,30.533167,-91.149639,70,-6,A,"Baton Rouge, LA",765,767,777,778,4.4222222222222225,11.455019556714472,34.0,87.0,"Wed, May 19, 2010","Mon, May  3, 2010"
3711,Burlington International,Burlington,United States,BTV,KBTV,44.471861,-73.153278,335,-5,A,"Burlington, VT",524,526,538,537,4.770992366412211,17.378326996197714,20.0,70.0,"Tue, May 25, 2010","Tue, May  4, 2010"
3820,Buffalo Niagara International,Buffalo,United States,BUF,KBUF,42.940525,-78.732167,724,-5,A,"Buffalo, NY",2203,2198,2224,2222,4.316386745347258,12.278434940855327,55.0,109.0,"Tue, May 11, 2010","Mon, May 31, 2010"
3644,Bob Hope,Burbank,United States,BUR,KBUR,34.200667,-118.358667,778,-8,A,"Burbank, CA",2234,2234,2274,2274,3.0716204118173698,11.029095792300815,31.0,94.0,"Tue, May 25, 2010","Sun, May  9, 2010"
3849,Baltimore Washington International,Baltimore,United States,BWI,KBWI,39.175361,-76.668333,146,-5,A,"Baltimore, MD",9114,9111,9154,9152,5.464779460171142,13.205136648007889,64.0,140.0,"Fri, May 21, 2010","Fri, May 14, 2010"
4020,Gallatin Field,Bozeman,United States,BZN,KBZN,45.777643,-111.160151,4500,-7,A,"Bozeman, MT",242,241,242,242,4.3264462809917354,11.593360995850622,20.0,38.0,"Mon, May  3, 2010","Fri, May 28, 2010"
3561,Columbia Metropolitan,Colombia,United States,CAE,KCAE,33.938833,-81.119528,236,-5,A,"Columbia, SC",727,728,744,744,5.2173314993122455,14.784340659340659,36.0,112.0,"Mon, May 31, 2010","Wed, May  5, 2010"
4112,Akron Canton Regional Airport,Akron,United States,CAK,KCAK,40.9160833,-81.4421944,1228,-5,A,"Akron, OH",843,841,856,857,4.527876631079477,13.927467300832335,17.0,131.0,"Tue, May 11, 2010","Sun, May 23, 2010"
3824,Cedar City Regional,Cedar City,United States,CDC,KCDC,37.700967,-113.098847,5622,-7,A,"Cedar City, UT",52,52,52,52,3.076923076923077,8.750000000000007,5.0,16.0,"Thu, May  6, 2010","Tue, May 25, 2010"
3610,Merle K. Mudhole Smith,Cordova,United States,CDV,PACV,60.491778,-145.477556,48,-9,A,"Cordova, AK",62,62,62,62,3.3225806451612905,7.935483870967742,5.0,23.0,"Wed, May  5, 2010","Sat, May 15, 2010"
5727,Del Norte County Airport,Crescent City,United States,CEC,KCEC,41.7802,-124.237,57,-8,A,"Crescent City, CA",81,78,82,82,3.691358024691358,13.0,6.0,84.0,"Fri, May  7, 2010","Sun, May  9, 2010"
3578,Lovell Field,Chattanooga,United States,CHA,KCHA,35.035278,-85.203808,683,-5,A,"Chattanooga, TN",400,398,402,402,3.565,14.140703517587939,22.0,64.0,"Sun, May 30, 2010","Mon, May 31, 2010"
4015,Charlottesville-Albemarle,Charlottesville VA,United States,CHO,KCHO,38.138639,-78.452861,639,-5,A,"Charlottesville, VA",117,116,118,118,3.3675213675213667,12.008620689655173,9.0,49.0,"Sun, May 30, 2010","Sat, May 22, 2010"
3806,Charleston AFB International,Charleston,United States,CHS,KCHS,32.898647,-80.040528,45,-5,A,"Charleston, SC",1089,1086,1113,1113,5.769513314967862,15.98342541436464,34.0,97.0,"Sat, May 22, 2010","Tue, May 18, 2010"
3710,Chico Municipal,Chico,United States,CIC,KCIC,39.795383,-121.858422,238,-8,A,"Chico, CA",116,116,118,118,3.2844827586206895,10.508620689655173,6.0,31.0,"Mon, May 17, 2010","Tue, May 25, 2010"
4043,Cedar Rapids,Cedar Rapids,United States,CID,KCID,41.884694,-91.710806,869,-6,A,"Cedar Rapids/Iowa City, IA",539,539,552,551,4.089053803339516,10.866419294990719,16.0,85.0,"Tue, May 18, 2010","Fri, May  7, 2010"
4088,McClellan-Palomar Airport,Carlsbad,United States,CLD,KCRQ,33.0742,-117.1648,328,-8,A,"Carlsbad, CA",91,88,92,89,3.7252747252747254,9.340909090909095,6.0,35.0,"Wed, May 19, 2010","Fri, May  7, 2010"
3486,Cleveland Hopkins International,Cleveland,United States,CLE,KCLE,41.411689,-81.849794,791,-5,A,"Cleveland, OH",4717,4722,4767,4763,5.824252702989179,12.607793307920375,49.0,110.0,"Sat, May  1, 2010","Wed, May 26, 2010"
3715,Easterwood Field,College Station,United States,CLL,KCLL,30.588583,-96.363833,321,-6,A,"College Station/Bryan, TX",89,88,93,93,4.258426966292133,7.8977272727272725,11.0,21.0,"Thu, May 13, 2010","Fri, May 21, 2010"
3876,Charlotte Douglas International,Charlotte,United States,CLT,KCLT,35.214,-80.943139,748,-5,A,"Charlotte, NC",10279,10288,10352,10349,7.7874306839186636,19.41689346811817,68.0,141.0,"Fri, May 28, 2010","Sat, May 29, 2010"
3759,Port Columbus International,Columbus,United States,CMH,KCMH,39.997972,-82.891889,815,-5,A,"Columbus, OH",2376,2370,2403,2402,4.338804713804706,12.239240506329118,47.0,97.0,"Fri, May 21, 2010","Thu, May 20, 2010"
4049,Champaign,Champaign,United States,CMI,KCMI,40.03925,-88.278056,754,-6,A,"Champaign/Urbana, IL",206,207,212,212,4.21844660194175,13.560386473429952,10.0,95.0,"Thu, May 27, 2010","Thu, May 13, 2010"
5732,Houghton County Memorial Airport,Hancock,United States,CMX,KCMX,47.1684,-88.4891,1095,-5,A,"Hancock/Houghton, MI",60,59,62,62,4.200000000000002,11.322033898305085,6.0,130.0,"Sat, May  8, 2010","Fri, May  7, 2010"
4344,Yellowstone Regional,Cody,United States,COD,KCOD,44.520194,-109.023806,5102,-7,A,"Cody, WY",92,91,93,92,3.891304347826087,13.263736263736261,12.0,39.0,"Sat, May 15, 2010","Tue, May  4, 2010"
3819,City Of Colorado Springs Municipal,Colorado Springs,United States,COS,KCOS,38.805805,-104.700778,6187,-7,A,"Colorado Springs, CO",1012,1012,1028,1029,6.653162055335969,14.794466403162051,52.0,95.0,"Tue, May 18, 2010","Wed, May 12, 2010"
3719,Columbia Regional,Columbia,United States,COU,KCOU,38.818094,-92.219631,889,-6,A,"Columbia, MO",87,87,88,88,7.620689655172414,13.137931034482758,18.0,34.0,"Thu, May 20, 2010","Fri, May 28, 2010"
3872,Natrona County International,Casper,United States,CPR,KCPR,42.908,-106.464417,5347,-7,A,"Casper, WY",171,171,173,173,4.3508771929824555,11.204678362573102,8.0,61.0,"Fri, May  7, 2010","Mon, May 17, 2010"
3744,Corpus Christi International,Corpus Christi,United States,CRP,KCRP,27.770361,-97.501222,44,-6,A,"Corpus Christi, TX",648,647,657,656,4.120370370370362,9.451313755795981,25.0,46.0,"Mon, May 24, 2010","Mon, May 10, 2010"
4285,Yeager,Charleston,United States,CRW,KCRW,38.373147,-81.593189,981,-5,A,"Charleston/Dunbar, WV",410,411,417,417,3.9829268292682976,12.97323600973236,14.0,97.0,"Tue, May 25, 2010","Wed, May 26, 2010"
4255,Columbus Metropolitan Airport,Columbus,United States,CSG,KCSG,32.5163333,-84.9388611,397,-5,A,"Columbus, GA",122,123,124,124,3.0655737704918034,11.707317073170735,5.0,44.0,"Fri, May 14, 2010","Mon, May  3, 2010"
3488,Cincinnati Northern Kentucky International,Cincinnati,United States,CVG,KCVG,39.048836,-84.667822,896,-5,A,"Cincinnati, OH",3609,3619,3665,3662,6.6536436686062626,15.205305332964912,51.0,113.0,"Mon, May 31, 2010","Fri, May 28, 2010"
4045,Central Wisconsin,Wassau,United States,CWA,KCWA,44.772726,-89.646635,840,-6,A,"Mosinee, WI",190,190,199,199,3.9894736842105267,9.415789473684207,11.0,30.0,"Wed, May 26, 2010","Wed, May 12, 2010"
3950,Daytona Beach International,Daytona Beach,United States,DAB,KDAB,29.179917,-81.058056,34,-5,A,"Daytona Beach, FL",201,201,201,202,3.3134328358208953,15.890547263681592,11.0,44.0,"Thu, May  6, 2010","Sat, May 15, 2010"
3502,Dallas Love Field,Dallas,United States,DAL,KDAL,32.847111,-96.851778,487,-6,A,"Dallas, TX",3848,3856,3921,3923,4.1364345114345396,9.287085062240676,53.0,52.0,"Fri, May 14, 2010","Fri, May 14, 2010"
3627,James M. Cox Dayton International,Dayton,United States,DAY,KDAY,39.902375,-84.219375,1009,-5,A,"Dayton, OH",1273,1272,1300,1301,4.974862529457979,13.003930817610057,23.0,113.0,"Wed, May  5, 2010","Fri, May 21, 2010"
4388,Dubuque Regional,Dubuque IA,United States,DBQ,KDBQ,42.402,-90.709472,1076,-6,A,"Dubuque, IA",84,84,87,87,3.5952380952380953,9.880952380952383,8.0,35.0,"Tue, May  4, 2010","Sun, May 16, 2010"
3520,Ronald Reagan Washington National,Washington,United States,DCA,KDCA,38.852083,-77.037722,15,-5,A,"Washington, DC",6450,6435,6562,6564,5.397209302325594,17.572027972028117,57.0,153.0,"Mon, May  3, 2010","Thu, May 27, 2010"
3751,Denver International,Denver,United States,DEN,KDEN,39.861656,-104.673178,5431,-7,A,"Denver, CO",19654,19671,19890,19874,8.455988602828919,14.427888770270952,116.0,150.0,"Tue, May 18, 2010","Wed, May 12, 2010"
3670,Dallas Fort Worth International,Dallas-fort Worth,United States,DFW,KDFW,32.896828,-97.037997,607,-6,A,"Dallas/Fort Worth, TX",22169,22189,22669,22667,9.457530786233134,15.281490828789028,60.0,134.0,"Thu, May 13, 2010","Fri, May 14, 2010"
3739,Dothan Regional,Dothan,United States,DHN,KDHN,31.321339,-85.449628,401,-6,A,"Dothan, AL",117,116,117,117,3.2735042735042734,15.681034482758623,10.0,51.0,"Sat, May 29, 2010","Mon, May 10, 2010"
3598,Duluth International,Duluth,United States,DLH,KDLH,46.842091,-92.193649,1428,-6,A,"Duluth, MN",288,288,295,295,4.472222222222218,12.579861111111112,16.0,108.0,"Sun, May 30, 2010","Thu, May 13, 2010"
3713,Durango La Plata County,Durango,United States,DRO,KDRO,37.151516,-107.75377,6685,-7,A,"Durango, CO",285,284,294,294,5.280701754385961,10.450704225352114,12.0,61.0,"Sun, May 30, 2010","Tue, May  4, 2010"
3729,Des Moines International,Des Moines,United States,DSM,KDSM,41.533972,-93.663083,958,-6,A,"Des Moines, IA",1072,1068,1088,1088,4.109141791044786,11.680711610486886,20.0,79.0,"Mon, May  3, 2010","Wed, May 26, 2010"
3645,Detroit Metro Wayne County,Detroit,United States,DTW,KDTW,42.212444,-83.353389,645,-5,A,"Detroit, MI",13147,13204,13376,13381,10.808473415988411,21.691002726446577,66.0,168.0,"Wed, May  5, 2010","Fri, May  7, 2010"
5735,Chippewa Valley Regional Airport,Eau Claire,United States,EAU,KEAU,44.8658,-91.4843,913,-6,A,"Eau Claire, WI",87,87,88,88,3.735632183908046,11.839080459770113,6.0,47.0,"Tue, May 25, 2010","Fri, May  7, 2010"
7669,Northwest Florida Beaches International,Panama City,United States,ECP,KECP,30.3417,-85.7973,69,-6,A,"Panama City, FL",165,162,169,165,3.9272727272727237,12.518518518518519,21.0,69.0,"Fri, May 28, 2010","Sun, May 30, 2010"
4250,Eagle County Regional,Vail,United States,EGE,KEGE,39.642556,-106.917694,6540,-7,A,"Eagle, CO",52,52,62,62,3.9423076923076925,9.80769230769231,6.0,34.0,"Tue, May 18, 2010","Tue, May 11, 2010"
5736,Elko Regional Airport,Elko,United States,EKO,KEKO,40.8249,-115.792,5140,-8,A,"Elko, NV",118,117,119,119,4.194915254237286,11.478632478632482,7.0,31.0,"Wed, May 19, 2010","Thu, May 27, 2010"
3946,Elmira Corning Regional,Elmira,United States,ELM,KELM,42.159889,-76.891611,954,-5,A,"Elmira/Corning, NY",111,110,113,112,6.054054054054053,18.590909090909093,13.0,90.0,"Tue, May 11, 2010","Fri, May  7, 2010"
3559,El Paso International,El Paso,United States,ELP,KELP,31.80725,-106.377583,3958,-7,A,"El Paso, TX",1839,1841,1856,1858,3.9108210984230554,10.868549701249341,40.0,106.0,"Thu, May 27, 2010","Wed, May 26, 2010"
4276,Erie International-Tom Ridge Field,Erie,United States,ERI,KERI,42.082022,-80.176217,733,-5,A,"Erie, PA",106,106,109,109,5.339622641509434,18.89622641509433,10.0,87.0,"Wed, May  5, 2010","Fri, May  7, 2010"
4099,Mahlon Sweet Field,Eugene,United States,EUG,KEUG,44.124583,-123.211972,374,-8,A,"Eugene, OR",396,396,405,405,3.856060606060608,10.77525252525252,13.0,83.0,"Mon, May 24, 2010","Sun, May  9, 2010"
4018,Evansville Regional,Evansville,United States,EVV,KEVV,38.036997,-87.532364,418,-6,A,"Evansville, IN",393,392,403,402,4.063613231552164,11.528061224489793,15.0,66.0,"Fri, May 28, 2010","Wed, May 12, 2010"
3730,Craven County Regional,New Bern,United States,EWN,KEWN,35.072972,-77.042944,18,-5,A,"New Bern/Morehead/Beaufort, NC",87,87,87,87,2.7241379310344835,8.988505747126439,7.0,77.0,"Fri, May  7, 2010","Fri, May 28, 2010"
3494,Newark Liberty International,Newark,United States,EWR,KEWR,40.6925,-74.168667,18,-5,A,"Newark, NJ",9224,9217,9350,9345,8.59800520381614,20.44157534989686,67.0,119.0,"Mon, May 17, 2010","Thu, May 27, 2010"
3875,Key West International,Key West,United States,EYW,KEYW,24.556111,-81.759556,3,-5,A,"Key West, FL",112,112,113,113,3.9107142857142856,9.821428571428568,10.0,57.0,"Thu, May 13, 2010","Fri, May 21, 2010"
3832,Fairbanks International,Fairbanks,United States,FAI,PAFA,64.815114,-147.856267,434,-9,A,"Fairbanks, AK",385,381,386,385,3.457142857142858,10.900262467191599,11.0,31.0,"Fri, May 28, 2010","Thu, May  6, 2010"
4292,Hector International Airport,Fargo,United States,FAR,KFAR,46.92065,-96.8157639,902,-6,A,"Fargo, ND",421,418,430,430,4.349168646080765,13.313397129186605,16.0,154.0,"Mon, May  3, 2010","Mon, May 31, 2010"
3687,Fresno Yosemite International,Fresno,United States,FAT,KFAT,36.776194,-119.71814,336,-8,A,"Fresno, CA",1071,1069,1075,1075,4.183006535947711,10.792329279700654,19.0,40.0,"Mon, May 31, 2010","Sat, May  8, 2010"
5738,Fayetteville Regional-Grannis Field,Fayetteville,United States,FAY,KFAY,34.9912,-78.8803,189,-5,A,"Fayetteville, NC",259,260,265,265,4.324324324324324,12.138461538461538,51.0,54.0,"Sun, May 16, 2010","Wed, May  5, 2010"
4127,Glacier Park International,Kalispell,United States,FCA,KFCA,48.310472,-114.256,2977,-7,A,"Kalispell, MT",147,148,149,149,3.6666666666666665,11.43918918918919,6.0,37.0,"Tue, May 11, 2010","Sun, May 23, 2010"
4261,Flagstaff Pulliam Airport,Flagstaff,United States,FLG,KFLG,35.140318,-111.6692392,7015,-7,N,"Flagstaff, AZ",154,153,154,153,5.694805194805194,13.647058823529411,22.0,29.0,"Sat, May 29, 2010","Fri, May 21, 2010"
3533,Fort Lauderdale Hollywood International,Fort Lauderdale,United States,FLL,KFLL,26.072583,-80.15275,9,-5,A,"Fort Lauderdale, FL",4947,4954,4971,4977,4.364867596523167,14.585789261203074,65.0,93.0,"Fri, May 14, 2010","Fri, May 28, 2010"
3879,Florence Regional,Florence,United States,FLO,KFLO,34.185361,-79.723889,146,-5,A,"Florence, SC",24,24,24,25,4.083333333333333,8.874999999999998,6.0,24.0,"Fri, May 21, 2010","Fri, May 28, 2010"
4089,Bishop International,Flint,United States,FNT,KFNT,42.965424,-83.743629,782,-5,A,"Flint, MI",469,469,481,481,4.087420042643924,12.196162046908315,25.0,66.0,"Sun, May 23, 2010","Sun, May  2, 2010"
4009,Sioux Falls,Sioux Falls,United States,FSD,KFSD,43.582014,-96.741914,1429,-6,A,"Sioux Falls, SD",629,627,641,640,4.399046104928458,13.213716108452948,37.0,90.0,"Sun, May 23, 2010","Wed, May 12, 2010"
3437,Fort Smith Regional,Fort Smith,United States,FSM,KFSM,35.336583,-94.367444,469,-6,A,"Fort Smith, AR",152,152,154,154,4.118421052631581,9.631578947368421,10.0,29.0,"Sun, May 23, 2010","Wed, May  5, 2010"
4041,Fort Wayne,Fort Wayne,United States,FWA,KFWA,40.978472,-85.195139,815,-5,A,"Fort Wayne, IN",390,384,402,403,4.4615384615384635,14.294270833333334,15.0,83.0,"Sat, May 15, 2010","Thu, May 13, 2010"
4296,Gillette-Campbell County Airport,Gillette,United States,GCC,KGCC,44.3489167,-105.5393611,4365,-7,A,"Gillette, WY",123,122,124,124,4.105691056910569,12.04918032786885,14.0,63.0,"Wed, May 12, 2010","Wed, May 12, 2010"
3467,Spokane International,Spokane,United States,GEG,KGEG,47.619861,-117.533833,2376,-8,A,"Spokane, WA",1130,1126,1142,1143,4.282300884955749,10.195381882770866,31.0,59.0,"Tue, May 11, 2010","Tue, May 11, 2010"
3442,Grand Forks International,Grand Forks,United States,GFK,KGFK,47.949256,-97.176111,845,-6,A,"Grand Forks, ND",147,145,149,149,4.088435374149658,10.03448275862069,9.0,35.0,"Wed, May 12, 2010","Thu, May 13, 2010"
3465,East Texas Regional,Longview,United States,GGG,KGGG,32.384014,-94.711486,365,-6,A,"Longview, TX",59,59,62,62,4.508474576271185,8.372881355932208,10.0,17.0,"Sun, May  9, 2010","Wed, May 19, 2010"
4063,Grand Junction Regional,Grand Junction,United States,GJT,KGJT,39.122413,-108.526735,4858,-7,A,"Grand Junction, CO",433,434,441,441,4.1316397228637385,10.739631336405532,13.0,49.0,"Mon, May 17, 2010","Tue, May  4, 2010"
3472,Gainesville Regional,Gainesville,United States,GNV,KGNV,29.690056,-82.271778,152,-5,A,"Gainesville, FL",202,201,205,205,3.297029702970296,12.059701492537311,10.0,50.0,"Thu, May 27, 2010","Wed, May 19, 2010"
4038,Gulfport-Biloxi,Gulfport,United States,GPT,KGPT,30.407278,-89.070111,28,-6,A,"Gulfport/Biloxi, MS",581,580,588,589,5.20998278829604,12.779310344827582,25.0,119.0,"Fri, May 21, 2010","Thu, May  6, 2010"
3653,Austin Straubel International,Green Bay,United States,GRB,KGRB,44.485072,-88.129589,695,-6,A,"Green Bay, WI",509,509,527,526,3.8349705304518658,10.504911591355599,12.0,76.0,"Mon, May 31, 2010","Wed, May 12, 2010"
3775,Robert Gray AAF,Killeen,United States,GRK,KGRK,31.06725,-97.828917,1015,-6,A,"Killeen, TX",175,174,180,180,3.7714285714285714,9.229885057471261,14.0,38.0,"Fri, May 21, 2010","Wed, May  5, 2010"
3685,Gerald R. Ford International,Grand Rapids,United States,GRR,KGRR,42.880833,-85.522806,794,-5,A,"Grand Rapids, MI",1132,1127,1149,1147,4.852473498233215,12.15261756876664,29.0,71.0,"Fri, May  7, 2010","Fri, May 21, 2010"
4008,Piedmont Triad,Greensboro,United States,GSO,KGSO,36.09775,-79.937306,925,-5,A,"Greensboro/High Point, NC",762,764,776,775,4.192913385826771,15.456806282722516,35.0,73.0,"Sat, May 15, 2010","Fri, May 28, 2010"
4034,Greenville-Spartanburg International,Greenville,United States,GSP,KGSP,34.895556,-82.218889,964,-5,A,"Greer, SC",790,794,810,811,3.4430379746835453,14.520151133501257,16.0,80.0,"Mon, May  3, 2010","Mon, May 17, 2010"
3880,Great Falls International,Great Falls,United States,GTF,KGTF,47.482,-111.370689,3677,-7,A,"Great Falls, MT",168,168,170,170,3.886904761904762,10.779761904761912,6.0,62.0,"Sun, May 16, 2010","Fri, May 14, 2010"
4273,Golden Triangle Regional Airport,Columbus Mississippi,United States,GTR,KGTR,33.450333,-88.591361,264,-6,A,"Columbus, MS",31,29,31,31,3.6774193548387095,15.137931034482763,6.0,39.0,"Sun, May  2, 2010","Thu, May  6, 2010"
7051,Gunnison - Crested Butte,Gunnison,United States,GUC,KGUC,38.533889,-106.933056,7678,-7,A,"Gunnison, CO",31,31,31,31,3.5483870967741935,9.580645161290322,6.0,27.0,"Tue, May 25, 2010","Wed, May 26, 2010"
4339,Yampa Valley,Hayden,United States,HDN,KHDN,40.481181,-107.21766,6602,-7,A,"Hayden, CO",61,61,62,62,3.7540983606557377,13.62295081967213,8.0,62.0,"Fri, May 21, 2010","Tue, May  4, 2010"
3504,Helena Regional,Helena,United States,HLN,KHLN,46.606806,-111.98275,3877,-7,A,"Helena, MT",144,142,144,144,3.611111111111111,10.647887323943657,11.0,50.0,"Tue, May 18, 2010","Sun, May  2, 2010"
3728,Honolulu International,Honolulu,United States,HNL,PHNL,21.318681,-157.922428,13,-10,N,"Honolulu, HI",4370,4368,4383,4383,6.346224256292903,13.481456043956038,43.0,78.0,"Tue, May 25, 2010","Sun, May  9, 2010"
3566,William P. Hobby,Houston,United States,HOU,KHOU,29.645419,-95.278889,46,-6,A,"Houston, TX",4398,4397,4479,4481,6.398135516143701,9.221514669092546,73.0,139.0,"Fri, May 14, 2010","Sat, May 15, 2010"
3589,Westchester County,White Plains,United States,HPN,KHPN,41.066959,-73.707575,439,-5,A,"White Plains, NY",895,895,907,907,5.416759776536314,15.6268156424581,63.0,155.0,"Fri, May 14, 2010","Thu, May 27, 2010"
3560,Valley International,Harlingen,United States,HRL,KHRL,26.2285,-97.654389,36,-6,A,"Harlingen/San Benito, TX",433,434,443,443,2.6789838337182426,8.062211981566819,6.0,29.0,"Sat, May  1, 2010","Wed, May  5, 2010"
4113,Huntsville International Airport-Carl T. Jones Field,Huntsville,United States,HSV,KHSV,34.6371944,-86.7750556,629,-6,A,"Huntsville, AL",917,914,940,939,4.862595419847328,14.305251641137856,15.0,72.0,"Tue, May  4, 2010","Thu, May 13, 2010"
3714,Washington Dulles International,Washington,United States,IAD,KIAD,38.944533,-77.455811,313,-5,A,"Washington, DC",6437,6439,6528,6527,7.385738698151317,18.678055598695472,128.0,152.0,"Thu, May 27, 2010","Fri, May 14, 2010"
3550,George Bush Intercontinental Houston,Houston,United States,IAH,KIAH,29.984433,-95.341442,97,-6,A,"Houston, TX",15175,15199,15321,15325,7.31064250411862,15.404434502269817,44.0,149.0,"Fri, May 14, 2010","Fri, May 14, 2010"
3457,Wichita Mid Continent,Wichita,United States,ICT,KICT,37.649944,-97.433056,1333,-6,A,"Wichita, KS",1039,1036,1066,1065,5.098171318575546,11.75289575289576,48.0,74.0,"Wed, May 12, 2010","Thu, May 27, 2010"
4100,Idaho Falls Regional,Idaho Falls,United States,IDA,KIDA,43.514556,-112.07075,4744,-7,A,"Idaho Falls, ID",223,223,226,226,3.9237668161434978,10.367713004484305,7.0,28.0,"Fri, May 28, 2010","Sun, May 30, 2010"
3845,Wilmington International,Wilmington,United States,ILM,KILM,34.270615,-77.902569,32,-5,A,"Wilmington, NC",281,282,284,285,4.11743772241993,11.397163120567376,12.0,43.0,"Sun, May  9, 2010","Thu, May 27, 2010"
3585,Indianapolis International,Indianapolis,United States,IND,KIND,39.717331,-86.294383,797,-5,A,"Indianapolis, IN",3137,3133,3168,3168,6.04016576346828,13.07468879668049,55.0,95.0,"Thu, May 27, 2010","Sun, May  9, 2010"
3689,Imperial County,Imperial,United States,IPL,KIPL,32.834219,-115.578744,-54,-8,A,"El Centro, CA",62,61,62,62,3.096774193548387,9.868852459016397,6.0,30.0,"Sat, May 15, 2010","Sat, May  8, 2010"
3857,Long Island MacArthur,Islip,United States,ISP,KISP,40.79525,-73.100222,99,-5,A,"Islip, NY",712,715,714,715,4.042134831460681,8.418181818181813,10.0,68.0,"Fri, May  7, 2010","Wed, May 12, 2010"
3947,Ithaca Tompkins Regional,Ithaca,United States,ITH,KITH,42.491028,-76.458444,1099,-5,A,"Ithaca/Cortland, NY",87,84,87,87,7.574712643678161,16.321428571428566,13.0,40.0,"Fri, May 28, 2010","Wed, May  5, 2010"
3415,Hilo International,Hilo,United States,ITO,PHTO,19.721375,-155.048469,38,-10,N,"Hilo, HI",597,597,597,597,5.303182579564495,8.648241206030153,13.0,22.0,"Mon, May 10, 2010","Tue, May  4, 2010"
7120,Inyokern Airport,Inyokern,United States,IYK,KIYK,35.658889,-117.829444,2455,-8,A,"Inyokern, CA",81,80,82,82,3.925925925925926,9.75,7.0,26.0,"Wed, May 12, 2010","Sun, May 16, 2010"
4027,Jackson Hole Airport,Jacksn Hole,United States,JAC,KJAC,43.60733333,-110.73775,6451,-7,A,"Jackson, WY",199,198,201,202,3.5376884422110555,12.994949494949495,8.0,74.0,"Fri, May 21, 2010","Tue, May  4, 2010"
3580,Jackson Evers International,Jackson,United States,JAN,KJAN,32.311167,-90.075889,346,-6,A,"Jackson/Vicksburg, MS",1019,1015,1037,1036,4.3071638861629,12.105418719211823,41.0,52.0,"Sat, May 15, 2010","Sun, May 30, 2010"
3712,Jacksonville International,Jacksonville,United States,JAX,KJAX,30.494056,-81.687861,30,-5,A,"Jacksonville, FL",2586,2579,2612,2613,5.228538283062637,13.054672353625442,30.0,88.0,"Mon, May 31, 2010","Wed, May 12, 2010"
3797,John F. Kennedy International,New York,United States,JFK,KJFK,40.639751,-73.778925,13,-5,A,"New York, NY",9028,9029,9244,9244,11.342933097031459,32.58810499501603,106.0,158.0,"Fri, May 28, 2010","Sun, May  9, 2010"
3492,Juneau International,Juneau,United States,JNU,PAJN,58.354972,-134.576278,21,-9,A,"Juneau, AK",336,335,336,335,3.4791666666666665,12.125373134328356,8.0,38.0,"Mon, May  3, 2010","Sun, May 30, 2010"
3514,Kona International At Keahole,Kona,United States,KOA,PHKO,19.738767,-156.045631,47,-10,N,"Kona, HI",939,937,941,941,4.599574014909484,9.83030949839914,16.0,29.0,"Sat, May 22, 2010","Sun, May  9, 2010"
3808,Ketchikan International,Ketchikan,United States,KTN,PAKT,55.355556,-131.71375,88,-9,A,"Ketchikan, AK",185,184,185,185,3.864864864864865,10.309782608695652,8.0,22.0,"Sun, May  2, 2010","Sat, May 22, 2010"
3544,Capital City,Lansing,United States,LAN,KLAN,42.7787,-84.587357,861,-5,A,"Lansing, MI",334,333,347,347,3.356287425149699,13.70870870870871,11.0,101.0,"Thu, May 27, 2010","Fri, May  7, 2010"
3877,McCarran International,Las Vegas,United States,LAS,KLAS,36.080056,-115.15225,2141,-8,A,"Las Vegas, NV",12423,12424,12477,12485,6.293004910247134,14.430537669027684,90.0,80.0,"Wed, May 19, 2010","Fri, May 21, 2010"
3484,Los Angeles International,Los Angeles,United States,LAX,KLAX,33.942536,-118.408075,126,-8,A,"Los Angeles, CA",16771,16782,16926,16926,8.689940969530694,14.019604337981173,65.0,112.0,"Sun, May  9, 2010","Wed, May 26, 2010"
3829,Lubbock Preston Smith International,Lubbock,United States,LBB,KLBB,33.663639,-101.822778,3282,-6,A,"Lubbock, TX",699,696,720,719,3.4864091559370523,9.23563218390805,26.0,33.0,"Mon, May 24, 2010","Sat, May 29, 2010"
3513,Lake Charles Regional,Lake Charles,United States,LCH,KLCH,30.126112,-93.223335,15,-6,A,"Lake Charles, LA",60,61,62,62,3.9,10.262295081967213,6.0,32.0,"Thu, May  6, 2010","Mon, May 10, 2010"
4017,Blue Grass,Lexington KY,United States,LEX,KLEX,38.0365,-84.605889,979,-5,A,"Lexington, KY",851,851,868,872,4.520564042303171,13.714453584018806,21.0,117.0,"Mon, May 31, 2010","Fri, May  7, 2010"
3493,Lafayette Regional,Lafayette,United States,LFT,KLFT,30.205278,-91.987611,43,-6,A,"Lafayette, LA",481,481,490,490,4.671517671517666,12.405405405405405,36.0,55.0,"Mon, May 17, 2010","Mon, May 24, 2010"
3697,LaGuardia Airport,New York,United States,LGA,KLGA,40.777245,-73.872608,22,-5,A,"New York, NY",8820,8812,9031,9030,9.036961451247157,29.181230140717183,129.0,151.0,"Fri, May 14, 2010","Thu, May 27, 2010"
3582,Long Beach,Long Beach,United States,LGB,KLGB,33.817722,-118.151611,60,-8,A,"Long Beach, CA",1159,1156,1167,1164,5.201035375323559,14.714532871972322,36.0,86.0,"Fri, May 28, 2010","Tue, May 25, 2010"
3602,Lihue,Lihue,United States,LIH,PHLI,21.975983,-159.338958,153,-10,N,"Lihue, HI",950,949,952,952,5.424210526315788,8.186512118018952,15.0,30.0,"Sat, May  8, 2010","Sat, May  1, 2010"
3660,Adams Field,Little Rock,United States,LIT,KLIT,34.729444,-92.224306,262,-6,A,"Little Rock, AR",1604,1595,1632,1630,4.519950124688288,11.277742946708466,44.0,101.0,"Wed, May 26, 2010","Fri, May 21, 2010"
5750,Klamath Falls Airport,Klamath Falls,United States,LMT,KLMT,42.1561,-121.733,4095,-8,A,"Klamath Falls, OR",123,123,124,124,3.2439024390243905,10.276422764227643,7.0,44.0,"Tue, May 25, 2010","Tue, May 25, 2010"
3543,Lincoln,Lincoln,United States,LNK,KLNK,40.850971,-96.75925,1219,-6,A,"Lincoln, NE",254,251,257,257,4.157480314960626,10.223107569721117,15.0,103.0,"Wed, May 19, 2010","Mon, May 31, 2010"
3691,Laredo International,Laredo,United States,LRD,KLRD,27.54375,-99.461556,508,-6,A,"Laredo, TX",244,244,248,248,3.3688524590163924,9.573770491803284,8.0,40.0,"Sat, May  1, 2010","Thu, May 13, 2010"
4044,LaCrosse Municipal,LaCrosse,United States,LSE,KLSE,43.878986,-91.256711,654,-6,A,"La Crosse, WI",321,319,329,329,3.713395638629285,11.802507836990596,12.0,66.0,"Tue, May 11, 2010","Sun, May 23, 2010"
3945,Lewiston Nez Perce County,Lewiston,United States,LWS,KLWS,46.3745,-117.015389,1442,-8,A,"Lewiston, ID",56,56,56,56,4.4821428571428585,9.0,6.0,18.0,"Fri, May 28, 2010","Mon, May  3, 2010"
5753,Lynchburg Regional-Preston Glenn Field,Lynchburg,United States,LYH,KLYH,37.3267,-79.2004,938,-5,A,"Lynchburg, VA",87,86,87,87,2.9655172413793096,11.220930232558137,8.0,54.0,"Thu, May  6, 2010","Sat, May 29, 2010"
3652,Midland International,Midland,United States,MAF,KMAF,31.942528,-102.201914,2871,-6,A,"Midland/Odessa, TX",661,659,676,675,3.42662632375189,8.96358118361153,18.0,37.0,"Fri, May 14, 2010","Mon, May 31, 2010"
4128,MBS International,Saginaw,United States,MBS,KMBS,43.532913,-84.079647,668,-5,A,"Saginaw/Bay City/Midland, MI",336,334,348,348,3.5714285714285716,13.158682634730539,12.0,126.0,"Fri, May 21, 2010","Sun, May 23, 2010"
3458,Kansas City International,Kansas City,United States,MCI,KMCI,39.297606,-94.713905,1026,-6,A,"Kansas City, MO",4199,4197,4235,4234,5.359609430816856,11.610436025732657,87.0,124.0,"Wed, May 12, 2010","Wed, May 26, 2010"
3878,Orlando International,Orlando,United States,MCO,KMCO,28.429394,-81.308994,96,-5,A,"Orlando, FL",10433,10437,10471,10473,7.242308060960417,12.418894318290707,79.0,101.0,"Thu, May  6, 2010","Fri, May 28, 2010"
3542,Harrisburg International,Harrisburg,United States,MDT,KMDT,40.193494,-76.763403,310,-5,A,"Harrisburg, PA",517,513,525,523,4.429400386847194,14.105263157894736,14.0,118.0,"Thu, May 13, 2010","Wed, May 26, 2010"
3747,Chicago Midway International,Chicago,United States,MDW,KMDW,41.785972,-87.752417,620,-6,A,"Chicago, IL",7360,7359,7386,7389,4.767934782608701,11.68596276668025,41.0,150.0,"Mon, May 31, 2010","Fri, May 21, 2010"
4335,Key Field,Meridian,United States,MEI,KMEI,32.332624,-88.751868,297,-6,A,"Meridian, MS",57,57,57,57,3.789473684210526,16.631578947368418,7.0,94.0,"Sat, May 22, 2010","Fri, May 21, 2010"
3473,Memphis International,Memphis,United States,MEM,KMEM,35.042417,-89.976667,341,-6,A,"Memphis, TN",6313,6314,6400,6399,7.200696974497067,17.55527399429845,105.0,107.0,"Fri, May 14, 2010","Fri, May 21, 2010"
3826,McAllen Miller International,Mcallen,United States,MFE,KMFE,26.175833,-98.238611,107,-6,A,"Mission/McAllen/Edinburg, TX",341,341,345,345,4.199413489736067,10.697947214076256,12.0,34.0,"Tue, May 18, 2010","Thu, May 20, 2010"
4101,Rogue Valley International Medford,Medford,United States,MFR,KMFR,42.374228,-122.8735,1335,-8,A,"Medford, OR",347,346,353,353,3.521613832853026,10.037572254335265,8.0,45.0,"Thu, May 27, 2010","Mon, May 10, 2010"
4115,Montgomery Regional Airport ,MONTGOMERY,United States,MGM,KMGM,32.3006389,-86.3939722,221,-6,A,"Montgomery, AL",395,394,405,405,3.1215189873417746,13.982233502538069,9.0,86.0,"Thu, May  6, 2010","Mon, May 17, 2010"
4050,Manhattan Regional,Manhattan,United States,MHK,KMHK,39.140972,-96.670833,1057,-6,A,"Manhattan/Ft. Riley, KS",90,91,93,93,3.2444444444444445,8.758241758241763,8.0,29.0,"Sun, May 16, 2010","Thu, May 13, 2010"
4011,Manchester Regional Airport,Manchester NH,United States,MHT,KMHT,42.932556,-71.435667,266,-5,A,"Manchester, NH",1225,1223,1232,1232,4.416326530612245,12.25674570727719,12.0,115.0,"Fri, May 14, 2010","Tue, May  4, 2010"
3576,Miami International,Miami,United States,MIA,KMIA,25.79325,-80.290556,8,-5,A,"Miami, FL",5844,5847,5916,5919,8.597364818617402,19.43680519924746,112.0,113.0,"Mon, May 17, 2010","Sat, May  8, 2010"
3717,General Mitchell International,Milwaukee,United States,MKE,KMKE,42.947222,-87.896583,723,-6,A,"Milwaukee, WI",3661,3656,3697,3694,5.134389511062559,12.544310722100649,39.0,111.0,"Mon, May 31, 2010","Mon, May  3, 2010"
5754,Muskegon County Airport,Muskegon,United States,MKG,KMKG,43.1695,-86.2382,628,-5,A,"Muskegon, MI",58,59,65,65,3.8275862068965516,11.694915254237289,5.0,54.0,"Mon, May 24, 2010","Thu, May  6, 2010"
3671,Melbourne International,Melbourne,United States,MLB,KMLB,28.102753,-80.645258,33,-5,A,"Melbourne, FL",177,176,180,180,3.5536723163841804,14.568181818181818,7.0,61.0,"Thu, May 27, 2010","Sun, May 16, 2010"
4072,Quad City International,Moline,United States,MLI,KMLI,41.448528,-90.507539,590,-6,A,"Moline, IL",570,565,580,579,3.7070175438596493,10.704424778761057,8.0,77.0,"Sun, May 16, 2010","Wed, May  5, 2010"
3732,Monroe Regional,Monroe,United States,MLU,KMLU,32.510864,-92.037689,79,-6,A,"Monroe, LA",270,268,273,272,3.5555555555555554,9.72388059701493,11.0,70.0,"Thu, May 27, 2010","Thu, May 20, 2010"
3782,Mobile Regional,Mobile,United States,MOB,KMOB,30.691231,-88.242814,219,-6,A,"Mobile, AL",552,552,558,558,3.755434782608697,12.26630434782609,12.0,64.0,"Sun, May 16, 2010","Mon, May  3, 2010"
3816,Modesto City County Harry Sham,Modesto,United States,MOD,KMOD,37.625817,-120.954422,97,-8,A,"Modesto, CA",140,139,147,147,2.7,10.223021582733812,5.0,32.0,"Thu, May 27, 2010","Sun, May  9, 2010"
3498,Minot International,Minot,United States,MOT,KMOT,48.259378,-101.280333,1716,-6,A,"Minot, ND",90,88,90,88,4.700000000000001,13.568181818181818,10.0,36.0,"Thu, May 27, 2010","Fri, May  7, 2010"
6838,Sawyer International Airport,Marquette,United States,MQT,KMQT,46.353611,-87.395278,1221,-5,A,"Marquette, MI",56,57,57,57,4.660714285714285,8.43859649122807,16.0,34.0,"Tue, May 18, 2010","Tue, May 11, 2010"
3948,Monterey Peninsula,Monterey,United States,MRY,KMRY,36.587,-121.842944,257,-8,A,"Monterey, CA",477,474,492,492,3.348008385744235,10.32067510548523,17.0,41.0,"Sat, May  1, 2010","Sat, May 22, 2010"
3459,Dane County Regional-Truax Field,Madison,United States,MSN,KMSN,43.139858,-89.337514,887,-6,A,"Madison, WI",717,717,726,727,4.2887029288703,12.986052998605295,27.0,115.0,"Tue, May 25, 2010","Fri, May  7, 2010"
4216,Missoula International,Missoula,United States,MSO,KMSO,46.916306,-114.090556,3205,-7,A,"Missoula, MT",235,235,236,236,4.65106382978723,10.199999999999996,8.0,25.0,"Sun, May 16, 2010","Thu, May 27, 2010"
3858,Minneapolis St. Paul International,Minneapolis,United States,MSP,KMSP,44.881956,-93.221767,841,-6,A,"Minneapolis, MN",10224,10244,10318,10315,7.572085289514867,17.22305739945334,55.0,113.0,"Sat, May 22, 2010","Tue, May 25, 2010"
3861,Louis Armstrong New Orleans International,New Orleans,United States,MSY,KMSY,29.993389,-90.258028,4,-6,A,"New Orleans, LA",3315,3314,3333,3332,4.8892911010558056,11.724502112251054,66.0,116.0,"Fri, May 14, 2010","Sun, May 30, 2010"
6880,Montrose Regional Airport,Montrose CO,United States,MTJ,KMTJ,38.509794,-107.894242,5759,-7,A,"Montrose/Delta, CO",96,93,97,97,4.270833333333332,13.290322580645162,8.0,76.0,"Thu, May 20, 2010","Tue, May 18, 2010"
3605,Grant County International,Grant County Airport,United States,MWH,KMWH,47.207708,-119.32019,1185,-8,A,"Moses Lake, WA",52,51,52,52,4.403846153846152,10.254901960784318,8.0,30.0,"Mon, May 24, 2010","Mon, May 24, 2010"
3515,Myrtle Beach International,Myrtle Beach,United States,MYR,KMYR,33.67975,-78.928333,25,-5,A,"Myrtle Beach, SC",390,390,399,398,4.600000000000002,15.061538461538467,37.0,115.0,"Sun, May 16, 2010","Fri, May 28, 2010"
4386,Albert J. Ellis,Jacksonville NC,United States,OAJ,KOAJ,34.829164,-77.612139,94,-5,A,"Jacksonville/Camp Lejeune, NC",113,113,119,118,2.7256637168141604,9.238938053097343,5.0,25.0,"Fri, May 14, 2010","Mon, May  3, 2010"
3453,Metropolitan Oakland International,Oakland,United States,OAK,KOAK,37.721278,-122.220722,9,-8,A,"Oakland, CA",3984,3989,4034,4035,5.192771084337346,9.11306091752321,28.0,53.0,"Thu, May 13, 2010","Tue, May  4, 2010"
3456,Kahului,Kahului,United States,OGG,PHOG,20.89865,-156.430458,54,-10,N,"Kahului, HI",1663,1630,1667,1636,5.467829224293444,8.460736196319,34.0,29.0,"Thu, May 27, 2010","Tue, May 11, 2010"
3863,Will Rogers World,Oklahoma City,United States,OKC,KOKC,35.393089,-97.600733,1295,-6,A,"Oklahoma City, OK",1904,1901,1928,1928,4.948529411764711,11.370857443450815,50.0,119.0,"Sun, May  9, 2010","Thu, May 13, 2010"
3454,Eppley Airfield,Omaha,United States,OMA,KOMA,41.303167,-95.894069,984,-6,A,"Omaha, NE",2090,2089,2106,2108,4.045454545454553,11.59214935375778,27.0,110.0,"Sat, May 15, 2010","Wed, May 12, 2010"
3615,Nome,Nome,United States,OME,PAOM,64.512203,-165.445247,37,-9,A,"Nome, AK",85,91,92,92,3.976470588235294,5.406593406593407,7.0,20.0,"Sun, May  2, 2010","Thu, May 20, 2010"
3734,Ontario International,Ontario,United States,ONT,KONT,34.056,-117.601194,944,-8,A,"Ontario, CA",2119,2117,2134,2132,4.281264747522425,9.289560699102507,15.0,42.0,"Fri, May  7, 2010","Sun, May 23, 2010"
3830,Chicago O'Hare International,Chicago,United States,ORD,KORD,41.978603,-87.904842,668,-6,A,"Chicago, IL",25757,25820,26479,26497,8.83592809721628,17.363245546088173,92.0,157.0,"Wed, May 19, 2010","Mon, May 31, 2010"
3611,Norfolk International,Norfolk,United States,ORF,KORF,36.894611,-76.201222,26,-5,A,"Norfolk, VA",1260,1260,1276,1276,4.6349206349206336,12.618253968253962,30.0,150.0,"Wed, May 12, 2010","Fri, May 28, 2010"
5757,Southwest Oregon Regional Airport,North Bend,United States,OTH,KOTH,43.4171,-124.246,17,-8,A,"North Bend/Coos Bay, OR",93,92,93,93,2.967741935483871,9.228260869565217,6.0,96.0,"Sun, May 16, 2010","Wed, May 26, 2010"
3693,Ralph Wien Memorial,Kotzebue,United States,OTZ,PAOT,66.884678,-162.59855,11,-9,A,"Kotzebue, AK",85,85,92,92,3.7058823529411766,5.305882352941175,6.0,17.0,"Thu, May  6, 2010","Thu, May 20, 2010"
6961,Oxnard - Ventura County,Oxnard,United States,OXR,KOXR,34.200833,-119.207222,15,-8,A,"Oxnard/Ventura, CA",86,85,86,86,3.302325581395349,8.16470588235294,7.0,15.0,"Thu, May  6, 2010","Wed, May 19, 2010"
4117,Barkley Regional Airport,PADUCAH,United States,PAH,KPAH,37.0602875,-88.7729583,410,-6,A,"Paducah, KY",62,61,63,62,4.338709677419354,10.24590163934426,6.0,56.0,"Sat, May  1, 2010","Tue, May 11, 2010"
3722,Palm Beach International,West Palm Beach,United States,PBI,KPBI,26.683161,-80.095589,19,-5,A,"West Palm Beach/Palm Beach, FL",2027,2033,2036,2040,4.6941292550567395,12.439252336448597,67.0,92.0,"Wed, May 19, 2010","Mon, May 17, 2010"
3720,Portland International,Portland,United States,PDX,KPDX,45.588722,-122.5975,30,-8,A,"Portland, OR",4471,4476,4503,4503,3.914113173786633,11.495531724754255,30.0,65.0,"Fri, May 21, 2010","Tue, May 25, 2010"
4073,Panama City Bay County International,Panama City,United States,PFN,KPFN,30.212083,-85.682806,20,-6,A,"Panama City, FL",237,241,238,242,3.016877637130801,14.755186721991702,8.0,90.0,"Fri, May  7, 2010","Fri, May 21, 2010"
3633,Newport News Williamsburg International,Newport News,United States,PHF,KPHF,37.131894,-76.492989,43,-5,A,"Newport News/Williamsburg, VA",489,489,492,492,4.871165644171781,11.366053169734151,11.0,83.0,"Mon, May  3, 2010","Wed, May 19, 2010"
3752,Philadelphia International,Philadelphia,United States,PHL,KPHL,39.871944,-75.241139,36,-5,A,"Philadelphia, PA",7363,7364,7424,7417,7.167730544614971,22.936990765888133,150.0,159.0,"Fri, May 14, 2010","Fri, May 14, 2010"
3462,Phoenix Sky Harbor International,Phoenix,United States,PHX,KPHX,33.434278,-112.011583,1135,-7,N,"Phoenix, AZ",15306,15354,15419,15421,7.5714099046125645,14.542399374755746,73.0,120.0,"Thu, May 27, 2010","Fri, May 21, 2010"
4046,Peoria Regional,Peoria,United States,PIA,KPIA,40.664203,-89.693258,660,-6,A,"Peoria, IL",281,283,292,293,4.494661921708188,11.7243816254417,13.0,92.0,"Fri, May 21, 2010","Thu, May 13, 2010"
5760,Pocatello Regional Airport,Pocatello,United States,PIH,KPIH,42.9098,-112.596,4452,-7,A,"Pocatello, ID",117,117,119,119,3.034188034188034,8.427350427350424,6.0,20.0,"Sun, May 30, 2010","Thu, May  6, 2010"
3570,Pittsburgh International,Pittsburgh (pennsylva),United States,PIT,KPIT,40.491467,-80.232872,1204,-5,A,"Pittsburgh, PA",2939,2936,2960,2959,5.507655665192247,13.619550408719338,80.0,107.0,"Mon, May 31, 2010","Fri, May 14, 2010"
5762,Pellston Regional Airport of Emmet County Airport,Pellston,United States,PLN,KPLN,45.5709,-84.7967,720,-5,A,"Pellston, MI",26,26,26,26,5.269230769230769,14.73076923076923,10.0,34.0,"Sat, May 29, 2010","Mon, May 24, 2010"
3564,Pensacola Regional,Pensacola,United States,PNS,KPNS,30.473425,-87.186611,121,-6,A,"Pensacola, FL",997,997,1008,1009,4.764292878635908,12.906720160481449,23.0,136.0,"Sun, May 23, 2010","Fri, May 21, 2010"
6133,Tri Cities Airport,Pasco,United States,PSC,PSC,46.2647,-119.119,410,-8,A,"Pasco/Kennewick/Richland, WA",266,266,266,267,4.522556390977445,9.657894736842106,12.0,48.0,"Tue, May  4, 2010","Mon, May 10, 2010"
4147,Petersburg James A. Johnson,Petersburg,United States,PSG,PAPG,56.801667,-132.945278,105,-9,A,"Petersburg, AK",62,62,62,62,3.370967741935484,8.322580645161294,6.0,19.0,"Tue, May 18, 2010","Tue, May 18, 2010"
3839,Palm Springs International,Palm Springs,United States,PSP,KPSP,33.829667,-116.506694,477,-8,A,"Palm Springs, CA",1020,1018,1029,1029,4.8362745098039195,11.040275049115916,16.0,41.0,"Thu, May 27, 2010","Thu, May 27, 2010"
3641,Theodore Francis Green State,Providence,United States,PVD,KPVD,41.732581,-71.420383,55,-5,A,"Providence, RI",1574,1572,1584,1582,4.534307496823374,12.535623409669215,31.0,106.0,"Tue, May 11, 2010","Mon, May  3, 2010"
3862,Portland International Jetport,Portland,United States,PWM,KPWM,43.646161,-70.309281,77,-5,A,"Portland, ME",621,619,631,630,4.1771336553945275,14.710823909531491,15.0,93.0,"Fri, May 21, 2010","Mon, May  3, 2010"
4087,Rapid City Regional Airport,Rapid City,United States,RAP,KRAP,44.045278,-103.057222,3204,-7,A,"Rapid City, SD",529,527,537,537,4.01134215500945,10.242884250474383,20.0,115.0,"Thu, May 27, 2010","Wed, May 12, 2010"
4098,Redding Municipal,Redding,United States,RDD,KRDD,40.509,-122.293389,504,-8,A,"Redding, CA",116,114,118,118,3.6293103448275867,10.210526315789474,8.0,38.0,"Thu, May 27, 2010","Sat, May 22, 2010"
4103,Roberts Field,Redmond-Bend,United States,RDM,KRDM,44.254066,-121.149964,3077,-8,A,"Bend/Redmond, OR",266,266,267,267,3.443609022556392,9.218045112781951,17.0,25.0,"Thu, May 27, 2010","Sun, May 23, 2010"
3626,Raleigh Durham International,Raleigh-durham,United States,RDU,KRDU,35.877639,-78.787472,435,-5,A,"Raleigh/Durham, NC",4032,4032,4077,4077,4.812251984126986,14.492311507936511,36.0,147.0,"Mon, May 10, 2010","Tue, May 18, 2010"
3608,Richmond International,Richmond,United States,RIC,KRIC,37.505167,-77.319667,167,-5,A,"Richmond, VA",1482,1484,1501,1503,5.477732793522266,15.304582210242588,46.0,98.0,"Sun, May  2, 2010","Sat, May  8, 2010"
5766,Rock Springs Sweetwater County Airport,Rock Springs,United States,RKS,KRKS,41.5942,-109.065,6760,-7,A,"Rock Springs, WY",149,151,155,155,3.322147651006712,9.668874172185433,6.0,31.0,"Wed, May 12, 2010","Sat, May 22, 2010"
3807,Reno Tahoe International,Reno,United States,RNO,KRNO,39.499108,-119.768108,4415,-8,A,"Reno, NV",1685,1683,1691,1691,4.140059347181002,10.180035650623873,37.0,87.0,"Tue, May 18, 2010","Fri, May  7, 2010"
4016,Roanoke Regional,Roanoke VA,United States,ROA,KROA,37.325472,-79.975417,1175,-5,A,"Roanoke, VA",287,285,292,292,5.017421602787455,14.845614035087719,15.0,72.0,"Wed, May 26, 2010","Mon, May  3, 2010"
3622,Greater Rochester International,Rochester,United States,ROC,KROC,43.118866,-77.672389,559,-5,A,"Rochester, NY",1223,1220,1241,1241,5.255110384300898,14.086065573770492,35.0,83.0,"Tue, May 11, 2010","Mon, May 10, 2010"
3736,Roswell International Air Center,Roswell,United States,ROW,KROW,33.301556,-104.530556,3671,-7,A,"Roswell, NM",112,112,114,114,5.142857142857143,9.044642857142852,12.0,33.0,"Thu, May 20, 2010","Sat, May 22, 2010"
4048,Rochester,Rochester,United States,RST,KRST,43.908283,-92.500014,1317,-6,A,"Rochester, MN",334,332,343,343,3.3473053892215567,9.933734939759047,15.0,71.0,"Sat, May  1, 2010","Fri, May  7, 2010"
3793,Southwest Florida International,Fort Myers,United States,RSW,KRSW,26.536167,-81.755167,30,-5,A,"Fort Myers, FL",2112,2115,2131,2136,4.5568181818181746,11.931914893617025,39.0,133.0,"Sun, May 16, 2010","Fri, May 14, 2010"
3784,Santa Fe Municipal,Santa Fe,United States,SAF,KSAF,35.617108,-106.089422,6348,-7,A,"Santa Fe, NM",122,122,124,124,4.491803278688524,10.049180327868854,13.0,34.0,"Sun, May 23, 2010","Mon, May  3, 2010"
3731,San Diego International,San Diego,United States,SAN,KSAN,32.733556,-117.189667,17,-8,A,"San Diego, CA",6899,6894,6953,6953,3.5318162052471385,12.608210037713942,31.0,71.0,"Wed, May 19, 2010","Mon, May 31, 2010"
3621,San Antonio International,San Antonio,United States,SAT,KSAT,29.533694,-98.469778,809,-6,A,"San Antonio, TX",3138,3133,3160,3159,4.05704270235818,10.6281519310565,89.0,99.0,"Fri, May 14, 2010","Fri, May 14, 2010"
3613,Savannah Hilton Head International,Savannah,United States,SAV,KSAV,32.127583,-81.202139,51,-5,A,"Savannah, GA",984,986,1007,1008,5.487804878048783,15.575050709939166,44.0,102.0,"Fri, May 21, 2010","Wed, May 19, 2010"
3949,Santa Barbara Municipal,Santa Barbara,United States,SBA,KSBA,34.426211,-119.840372,10,-8,A,"Santa Barbara, CA",1021,1022,1033,1033,3.973555337904026,9.097847358121328,17.0,51.0,"Thu, May 13, 2010","Sun, May  9, 2010"
4359,South Bend Regional,South Bend,United States,SBN,KSBN,41.708661,-86.31725,799,-5,A,"South Bend, IN",388,383,397,397,3.9510309278350517,11.728459530026107,18.0,63.0,"Fri, May 21, 2010","Sun, May 16, 2010"
5768,San Luis County Regional Airport,San Luis Obispo,United States,SBP,KSBP,35.2368,-120.642,212,-8,A,"San Luis Obispo, CA",401,397,406,406,3.2693266832917707,9.304785894206555,16.0,34.0,"Fri, May 21, 2010","Tue, May 18, 2010"
3620,Deadhorse,Deadhorse,United States,SCC,PASC,70.19475,-148.465167,64,-9,A,"Deadhorse, AK",58,58,58,58,3.6724137931034484,6.293103448275862,6.0,18.0,"Fri, May 28, 2010","Tue, May 11, 2010"
4318,University Park Airport,State College Pennsylvania,United States,SCE,KUNV,40.849278,-77.848694,1239,-5,A,"State College, PA",37,38,37,38,6.351351351351352,12.236842105263158,10.0,33.0,"Fri, May 14, 2010","Mon, May 31, 2010"
4014,Louisville International Airport,Louisville,United States,SDF,KSDF,38.1740858,-85.7364989,501,-5,A,"Louisville, KY",1539,1539,1550,1554,6.353476283300845,12.906432748538007,43.0,126.0,"Sun, May  9, 2010","Sat, May 29, 2010"
3577,Seattle Tacoma International,Seattle,United States,SEA,KSEA,47.449,-122.309306,433,-8,A,"Seattle, WA",8377,8377,8400,8406,5.650471529187059,14.220365285901874,41.0,113.0,"Sat, May  1, 2010","Mon, May 31, 2010"
3469,San Francisco International,San Francisco,United States,SFO,KSFO,37.618972,-122.374889,13,-8,A,"San Francisco, CA",11540,11557,11738,11727,6.079202772963598,16.69741282339711,55.0,86.0,"Sat, May 15, 2010","Wed, May 12, 2010"
4348,Springfield Branson National,Springfield,United States,SGF,KSGF,37.245667,-93.388639,1268,-6,A,"Springfield, MO",660,659,680,680,4.8939393939394,12.90136570561457,15.0,134.0,"Mon, May  3, 2010","Fri, May 14, 2010"
4064,St. George Municipal,Saint George,United States,SGU,KSGU,37.090583,-113.593056,2941,-7,A,"St. George, UT",197,197,197,197,3.563451776649746,7.18781725888325,7.0,20.0,"Sun, May 16, 2010","Mon, May 17, 2010"
3609,Shreveport Regional,Shreveport,United States,SHV,KSHV,32.446629,-93.8256,258,-6,A,"Shreveport, LA",352,351,358,359,4.190340909090912,8.606837606837596,11.0,53.0,"Mon, May 31, 2010","Mon, May 17, 2010"
3856,Sitka Rocky Gutierrez,Sitka,United States,SIT,PASI,57.047138,-135.361611,21,-9,A,"Sitka, AK",94,94,94,94,4.063829787234045,10.893617021276599,9.0,24.0,"Wed, May  5, 2010","Fri, May 28, 2010"
3748,Norman Y. Mineta San Jose International,San Jose,United States,SJC,KSJC,37.3626,-121.929022,62,-8,A,"San Jose, CA",3629,3623,3662,3661,3.7801047120418847,10.257245376759576,54.0,80.0,"Sun, May 16, 2010","Wed, May 12, 2010"
3536,Salt Lake City International,Salt Lake City,United States,SLC,KSLC,40.788389,-111.977772,4227,-7,A,"Salt Lake City, UT",10202,10227,10277,10279,6.16232111350717,16.66754669013394,49.0,90.0,"Mon, May 24, 2010","Mon, May 31, 2010"
3817,Sacramento International,Sacramento,United States,SMF,KSMF,38.695417,-121.590778,27,-8,A,"Sacramento, CA",3783,3810,3809,3839,4.250594766058703,9.620734908136473,27.0,75.0,"Mon, May 17, 2010","Mon, May 10, 2010"
5772,Santa Maria Public-Captain G. Allan Hancock Airport,Santa Maria,United States,SMX,KSMX,34.8989,-120.457,261,-8,A,"Santa Maria, CA",117,117,117,117,3.752136752136752,9.350427350427351,6.0,25.0,"Sun, May  2, 2010","Sat, May 22, 2010"
3867,John Wayne Airport Orange County,Santa Ana,United States,SNA,KSNA,33.675667,-117.868222,56,-8,A,"Santa Ana, CA",3438,3435,3477,3476,6.516288539848734,11.915574963609885,41.0,93.0,"Sun, May  2, 2010","Tue, May 25, 2010"
4336,Abraham Lincoln Capital,Springfield,United States,SPI,KSPI,39.8441,-89.677889,597,-6,A,"Springfield, IL",166,166,179,179,3.861445783132529,9.3855421686747,6.0,55.0,"Wed, May 26, 2010","Tue, May 25, 2010"
3680,Sheppard AFB Wichita Falls Municipal,Wichita Falls,United States,SPS,KSPS,33.988797,-98.491894,1019,-6,A,"Wichita Falls, TX",30,30,31,31,7.666666666666668,10.5,15.0,18.0,"Sat, May  8, 2010","Mon, May 10, 2010"
4067,Sarasota Bradenton International,Sarasota,United States,SRQ,KSRQ,27.395444,-82.554389,30,-5,A,"Sarasota/Bradenton, FL",511,511,514,515,4.477495107632095,11.227005870841483,14.0,52.0,"Thu, May  6, 2010","Sat, May 29, 2010"
3678,Lambert St. Louis International,St. Louis,United States,STL,KSTL,38.748697,-90.370028,618,-6,A,"St. Louis, MO",4796,4803,4827,4828,5.528148457047527,11.143035602748279,70.0,117.0,"Mon, May 24, 2010","Fri, May 21, 2010"
6494,Friedman Memorial,Hailey,United States,SUN,KSUN,43.504444,-114.296194,5320,-7,A,"Sun Valley/Hailey/Ketchum, ID",149,149,150,150,2.859060402684564,7.550335570469799,6.0,23.0,"Sun, May  9, 2010","Fri, May 28, 2010"
3661,Stewart International,Newburgh,United States,SWF,KSWF,41.504094,-74.104839,491,-5,A,"Newburgh/Poughkeepsie, NY",180,179,180,180,5.166666666666665,13.675977653631286,17.0,41.0,"Tue, May 11, 2010","Mon, May 31, 2010"
3745,Syracuse Hancock International,Syracuse,United States,SYR,KSYR,43.111187,-76.106311,421,-5,A,"Syracuse, NY",929,931,944,946,4.782561894510224,16.517722878625154,32.0,130.0,"Sun, May 16, 2010","Fri, May 28, 2010"
3698,Tallahassee Regional,Tallahassee,United States,TLH,KTLH,30.396528,-84.350333,81,-5,A,"Tallahassee, FL",551,550,565,565,3.6315789473684217,13.86727272727272,43.0,109.0,"Thu, May 27, 2010","Fri, May 28, 2010"
4040,Toledo,Toledo,United States,TOL,KTOL,41.586806,-83.807833,684,-5,A,"Toledo, OH",82,82,87,87,2.792682926829268,12.036585365853659,6.0,56.0,"Thu, May  6, 2010","Fri, May 21, 2010"
3646,Tampa International,Tampa,United States,TPA,KTPA,27.975472,-82.53325,26,-5,A,"Tampa, FL",5909,5909,5943,5947,4.978338128278915,13.06261634794382,71.0,87.0,"Fri, May 21, 2010","Fri, May 21, 2010"
4116,Tri-Cities Regional Airport,BRISTOL,United States,TRI,KTRI,36.4752222,-82.4074167,1519,-5,A,"Bristol/Johnson City/Kingsport, TN",225,225,228,228,3.755555555555555,15.186666666666667,9.0,50.0,"Fri, May 28, 2010","Tue, May  4, 2010"
3855,Tulsa International,Tulsa,United States,TUL,KTUL,36.198389,-95.888111,677,-6,A,"Tulsa, OK",1743,1742,1775,1776,4.64371772805508,11.38231917336395,42.0,94.0,"Thu, May 13, 2010","Mon, May 31, 2010"
3636,Tucson International,Tucson,United States,TUS,KTUS,32.116083,-110.941028,2643,-7,N,"Tucson, AZ",1941,1936,1951,1950,4.435342606903663,10.604855371900818,27.0,52.0,"Wed, May 12, 2010","Fri, May 14, 2010"
4023,Cherry Capital Airport,Traverse City,United States,TVC,KTVC,44.741445,-85.582235,624,-5,A,"Traverse City, MI",331,331,343,343,3.525679758308157,11.867069486404837,10.0,106.0,"Mon, May 10, 2010","Thu, May 13, 2010"
4263,Magic Valley Regional Airport,Twin Falls,United States,TWF,KTWF,42.481803,-114.487733,4151,-7,A,"Twin Falls, ID",123,121,124,124,3.1951219512195124,8.793388429752065,6.0,21.0,"Tue, May 18, 2010","Fri, May  7, 2010"
3770,Texarkana Regional-Webb Field,Texarkana,United States,TXK,KTXK,33.453722,-93.991028,390,-6,A,"Texarkana, AR",118,118,124,124,3.0254237288135597,7.389830508474576,6.0,22.0,"Thu, May 27, 2010","Sat, May  1, 2010"
3848,Tyler Pounds Regional,Tyler,United States,TYR,KTYR,32.354139,-95.402386,544,-6,A,"Tyler, TX",61,61,62,62,3.639344262295082,9.9344262295082,8.0,79.0,"Mon, May 17, 2010","Thu, May 20, 2010"
3676,McGhee Tyson,Knoxville,United States,TYS,KTYS,35.810972,-83.994028,981,-5,A,"Knoxville, TN",1266,1266,1297,1295,4.259083728278046,13.902843601895741,35.0,79.0,"Thu, May  6, 2010","Mon, May  3, 2010"
7827,Tunica Municipal Airport,Tunica,United States,UTM,KUTA,34.681,-90.3467,194,-6,A,"Tunica, MS",16,16,16,16,4.25,14.0625,8.0,33.0,"Mon, May 10, 2010","Fri, May 21, 2010"
5776,Valdosta Regional Airport,Valdosta,United States,VLD,KVLD,30.7825,-83.2767,203,-5,A,"Valdosta, GA",87,86,87,87,4.160919540229885,12.976744186046512,7.0,47.0,"Mon, May  3, 2010","Sun, May 16, 2010"
3873,Eglin AFB,Valparaiso,United States,VPS,KVPS,30.48325,-86.5254,87,-6,A,"Valparaiso, FL",694,691,701,700,7.582132564841499,16.97973950795947,19.0,71.0,"Thu, May 20, 2010","Sat, May 29, 2010"
5969,Wrangell Airport,Wrangell,United States,WRG,PAWG,56.4843,-132.37,44,-9,A,"Wrangell, AK",62,62,62,62,3.6129032258064515,7.274193548387097,6.0,19.0,"Fri, May  7, 2010","Wed, May  5, 2010"
4356,NW Arkansas Regional,Bentonville,United States,XNA,KXNA,36.2818694,-94.3068111,1287,-6,A,"Fayetteville, AR",1109,1104,1144,1144,4.50676284941389,12.560688405797102,50.0,77.0,"Tue, May 18, 2010","Tue, May 25, 2010"
6803,Yakutat,Yakutat,United States,YAK,PAYA,59.3012,-139.3937,33,-9,A,"Yakutat, AK",62,62,62,62,3.7419354838709675,7.951612903225806,7.0,20.0,"Sat, May 15, 2010","Mon, May  3, 2010"
3596,Yuma MCAS Yuma International,Yuma,United States,YUM,KYUM,32.656578,-114.60598,216,-7,N,"Yuma, AZ",330,329,332,332,4.460606060606057,11.045592705167175,21.0,31.0,"Sat, May  1, 2010","Fri, May 28, 2010"
2883,Cyril E. King,St. Thomas,Virgin Islands,STT,TIST,18.337306,-64.973361,23,-4,U,"Charlotte Amalie, VI",233,232,233,233,5.227467811158796,12.46551724137931,23.0,31.0,"Sat, May  1, 2010","Fri, May  7, 2010"
2884,Henry E. Rohlsen,St. Croix Island,Virgin Islands,STX,TISX,17.701889,-64.798556,74,-4,U,"Christiansted, VI",38,38,38,38,3.8947368421052633,11.842105263157896,7.0,21.0,"Sun, May 30, 2010","Wed, May 26, 2010"
2885,Rafael Hernndez,Aguadilla,Puerto Rico,BQN,TJBQ,18.494861,-67.129444,237,-4,U,"Aguadilla, PR",135,135,136,136,4.288888888888889,10.651851851851854,9.0,25.0,"Sun, May 23, 2010","Fri, May 14, 2010"
2889,Aeropuerto Mercedita,Ponce,Puerto Rico,PSE,TJPS,18.008306,-66.563028,29,-4,U,"Ponce, PR",61,62,62,63,4.639344262295079,11.854838709677422,19.0,20.0,"Sun, May 30, 2010","Fri, May  7, 2010"
2890,Luis Muoz Marn International,San Juan,Puerto Rico,SJU,TJSJ,18.439417,-66.001833,9,-4,U,"San Juan, PR",1839,1837,1845,1845,6.690048939641108,13.074033750680462,79.0,59.0,"Sun, May 23, 2010","Sat, May 29, 2010"
