airport_id,name,city,country,iata_faa,iaco,latitude,longitude,altitude,zone,dst,city_state,avg_able_landings,avg_able_takeoffs,total_landings,total_takeoffs,avg_taxi_in,avg_taxi_out,longest_taxi_in,longest_taxi_out,lng_tx_in_date,lng_tx_out_date
4355,Lehigh Valley International,Allentown,United States,ABE,KABE,40.652083,-75.440806,393,-5,A,"Allentown/Bethlehem/Easton, PA",362,361,362,363,4.049723756906074,12.17174515235456,20.0,56.0,"Tue, Sep 14, 2010","Thu, Sep 16, 2010"
3718,Abilene Regional,Abilene,United States,ABI,KABI,32.411319,-99.681897,1791,-6,A,"Abilene, TX",201,200,205,205,3.4129353233830844,8.459999999999994,18.0,64.0,"Wed, Sep  8, 2010","Sat, Sep 25, 2010"
4019,Albuquerque International Sunport,Albuquerque,United States,ABQ,KABQ,35.0402222,-106.6091944,5355,-7,A,"Albuquerque, NM",2755,2754,2758,2760,5.30018148820327,10.140522875816982,46.0,106.0,"Thu, Sep 30, 2010","Sat, Sep 25, 2010"
5715,Southwest Georgia Regional Airport,Albany,United States,ABY,KABY,31.5355,-84.1945,197,-5,A,"Albany, GA",84,84,84,84,3.4047619047619055,10.333333333333332,8.0,40.0,"Tue, Sep  7, 2010","Wed, Sep 29, 2010"
3517,Nantucket Memorial,Nantucket,United States,ACK,KACK,41.253053,-70.060181,48,-5,A,"Nantucket, MA",38,38,41,41,5.105263157894736,15.710526315789474,13.0,69.0,"Wed, Sep  1, 2010","Fri, Sep  3, 2010"
4384,Arcata,Arcata CA,United States,ACV,KACV,40.978111,-124.108611,221,-8,A,"Arcata/Eureka, CA",204,203,295,288,3.892156862745098,8.31034482758621,9.0,23.0,"Sat, Sep 18, 2010","Sat, Sep 25, 2010"
3524,Atlantic City International,Atlantic City,United States,ACY,KACY,39.457583,-74.577167,75,-5,A,"Atlantic City, NJ",58,58,58,58,4.827586206896552,11.310344827586206,11.0,20.0,"Wed, Sep 22, 2010","Sun, Sep 26, 2010"
5959,Adak Airport,Adak Island,United States,ADK,PADK,51.878,-176.646,18,-10,A,"Adak Island, AK",9,9,9,9,4.111111111111111,6.888888888888889,5.0,18.0,"Sun, Sep 26, 2010","Thu, Sep 30, 2010"
3531,Kodiak,Kodiak,United States,ADQ,PADQ,57.749967,-152.493856,78,-9,A,"Kodiak, AK",53,53,56,56,3.2264150943396226,6.169811320754717,6.0,17.0,"Sat, Sep 11, 2010","Sun, Sep 26, 2010"
3852,Alexandria International,Alexandria,United States,AEX,KAEX,31.3274,-92.549833,89,-6,A,"Alexandria, LA",315,313,318,318,2.90793650793651,11.530351437699677,18.0,35.0,"Fri, Sep 17, 2010","Wed, Sep  8, 2010"
3658,Augusta Regional At Bush Field,Bush Field,United States,AGS,KAGS,33.369944,-81.9645,144,-5,A,"Augusta, GA",333,332,333,333,3.531531531531531,13.219879518072284,10.0,50.0,"Fri, Sep 10, 2010","Mon, Sep 13, 2010"
3864,Albany International,Albany,United States,ALB,KALB,42.748267,-73.801692,285,-5,A,"Albany, NY",963,963,969,968,3.775700934579442,13.06957424714434,17.0,80.0,"Tue, Sep 21, 2010","Thu, Sep 30, 2010"
3840,Rick Husband Amarillo International,Amarillo,United States,AMA,KAMA,35.219369,-101.705931,3607,-6,A,"Amarillo, TX",569,568,573,572,4.980667838312834,9.42605633802817,19.0,122.0,"Fri, Sep 10, 2010","Sat, Sep 25, 2010"
3774,Ted Stevens Anchorage International,Anchorage,United States,ANC,PANC,61.174361,-149.996361,152,-9,A,"Anchorage, AK",1522,1529,1541,1545,4.710906701708276,12.052321778940488,23.0,31.0,"Sat, Sep  4, 2010","Fri, Sep 17, 2010"
7001,Aspen/Pitkin County-Sardy Field,Aspen,United States,ASE,KASE,39.2232,-106.869,7820,-7,A,"Aspen, CO",223,223,232,232,3.242152466367713,8.600896860986552,5.0,62.0,"Mon, Sep 13, 2010","Tue, Sep 21, 2010"
3682,Hartsfield Jackson Atlanta International,Atlanta,United States,ATL,KATL,33.636719,-84.428067,1026,-5,A,"Atlanta, GA",33992,34072,34266,34277,11.786685102377046,21.2089105423808,95.0,156.0,"Mon, Sep 27, 2010","Thu, Sep 16, 2010"
4047,Appleton,Appleton,United States,ATW,KATW,44.257526,-88.507576,680,-6,A,"Appleton, WI",422,422,429,428,4.2203791469194325,12.234597156398104,55.0,69.0,"Wed, Sep 22, 2010","Mon, Sep  6, 2010"
3673,Austin Bergstrom International,Austin,United States,AUS,KAUS,30.194528,-97.669889,542,-6,A,"Austin, TX",3455,3449,3463,3460,5.283068017366148,11.970136271383014,38.0,87.0,"Thu, Sep 23, 2010","Thu, Sep 16, 2010"
4007,Asheville Regional Airport,Asheville,United States,AVL,KAVL,35.436194,-82.541806,2165,-5,A,"Asheville, NC",489,486,495,494,3.6523517382413093,15.545267489711938,38.0,72.0,"Mon, Sep  6, 2010","Sun, Sep 26, 2010"
4286,Wilkes Barre Scranton International,Scranton,United States,AVP,KAVP,41.338478,-75.723403,962,-5,A,"Scranton/Wilkes-Barre, PA",203,203,206,206,3.2807881773399004,12.40886699507389,9.0,89.0,"Wed, Sep  1, 2010","Sat, Sep 18, 2010"
4039,Kalamazoo,Kalamazoo,United States,AZO,KAZO,42.234875,-85.552058,874,-5,A,"Kalamazoo, MI",208,208,209,209,4.250000000000004,11.822115384615385,11.0,65.0,"Fri, Sep  3, 2010","Wed, Sep 29, 2010"
3825,Bradley International,Windsor Locks,United States,BDL,KBDL,41.938889,-72.683222,173,-5,A,"Hartford, CT",1917,1910,1923,1923,5.013562858633276,13.991099476439786,26.0,70.0,"Wed, Sep 22, 2010","Thu, Sep  2, 2010"
3599,Bethel,Bethel,United States,BET,PABE,60.779778,-161.838,121,-9,A,"Bethel, AK",81,81,85,85,3.8518518518518525,7.172839506172839,7.0,23.0,"Tue, Sep  7, 2010","Tue, Sep  7, 2010"
3558,Meadows Field,Bakersfield,United States,BFL,KBFL,35.433598,-119.05677,507,-8,A,"Bakersfield, CA",265,264,266,266,4.275471698113207,10.428030303030301,20.0,42.0,"Wed, Sep 15, 2010","Tue, Sep  7, 2010"
4129,Greater Binghamton-Edwin A. Link Field,Binghamton,United States,BGM,KBGM,42.208689,-75.979839,1636,-5,A,"Binghamton, NY",84,83,84,84,4.309523809523811,13.759036144578314,9.0,48.0,"Fri, Sep 24, 2010","Mon, Sep  6, 2010"
3463,Bangor International,Bangor,United States,BGR,KBGR,44.807444,-68.828139,192,-5,A,"Bangor, ME",53,54,54,55,4.188679245283022,15.62962962962963,12.0,29.0,"Sat, Sep  4, 2010","Thu, Sep  2, 2010"
3811,Birmingham International,Birmingham,United States,BHM,KBHM,33.562942,-86.75355,644,-6,A,"Birmingham, AL",1696,1695,1704,1704,3.5949292452830184,12.752212389380531,28.0,74.0,"Mon, Sep 13, 2010","Mon, Sep 27, 2010"
4021,Billings Logan International Airport,Billings,United States,BIL,KBIL,45.80921,-108.537654,3652,-7,A,"Billings, MT",291,293,300,301,3.9072164948453607,10.163822525597267,12.0,42.0,"Sat, Sep 11, 2010","Sat, Sep 18, 2010"
4083,Bismarck Municipal Airport,Bismarck,United States,BIS,KBIS,46.775842,-100.757931,1661,-6,A,"Bismarck/Mandan, ND",356,358,356,358,3.7640449438202284,10.24301675977654,42.0,52.0,"Wed, Sep 15, 2010","Tue, Sep  7, 2010"
4287,Bemidji Regional Airport,Bemidji,United States,BJI,KBJI,47.510722,-94.934722,1391,-6,A,"Bemidji, MN",2,2,2,2,4.0,8.0,4.0,10.0,"Sat, Sep  4, 2010","Sun, Sep  5, 2010"
6962,Branson LLC,Branson,United States,BKG,KBBG,36.531994,-93.200556,1302,-6,A,"Branson, MO",192,191,193,192,4.06770833333333,11.031413612565444,12.0,35.0,"Wed, Sep 29, 2010","Thu, Sep  2, 2010"
3777,Bellingham International,Bellingham,United States,BLI,KBLI,48.792694,-122.537528,170,-8,A,"Bellingham, WA",8,7,8,8,5.125,10.142857142857142,8.0,18.0,"Wed, Sep 22, 2010","Thu, Sep 30, 2010"
4037,Central Illinois Regional,Bloomington,United States,BMI,KBMI,40.477111,-88.915917,871,-6,A,"Bloomington/Normal, IL",369,370,371,372,4.533875338753384,9.900000000000007,20.0,61.0,"Thu, Sep 23, 2010","Thu, Sep 16, 2010"
3690,Nashville International,Nashville,United States,BNA,KBNA,36.124472,-86.678194,599,-6,A,"Nashville, TN",4490,4484,4515,4516,5.729621380846323,11.902988403211426,37.0,101.0,"Sun, Sep 26, 2010","Fri, Sep 24, 2010"
3495,Boise Air Terminal,Boise,United States,BOI,KBOI,43.564361,-116.222861,2871,-7,A,"Boise, ID",1156,1157,1157,1162,3.7551903114186853,10.19878997407087,22.0,61.0,"Thu, Sep 23, 2010","Tue, Sep 14, 2010"
3448,General Edward Lawrence Logan International,Boston,United States,BOS,KBOS,42.364347,-71.005181,19,-5,A,"Boston, MA",9273,9277,9417,9416,6.652323951256339,19.770615500700647,48.0,145.0,"Wed, Sep  8, 2010","Wed, Sep 22, 2010"
5725,Brunswick Golden Isles Airport,Brunswick,United States,BQK,KBQK,31.2588,-81.4665,26,-5,A,"Brunswick, GA",84,84,85,85,3.1666666666666674,17.916666666666675,5.0,56.0,"Sat, Sep 11, 2010","Wed, Sep 22, 2010"
3738,Brownsville South Padre Island International,Brownsville,United States,BRO,KBRO,25.906833,-97.425861,22,-6,A,"Brownsville, TX",188,187,197,197,3.452127659574468,11.090909090909088,8.0,39.0,"Wed, Sep  1, 2010","Sun, Sep 12, 2010"
3571,Wiley Post Will Rogers Memorial,Barrow,United States,BRW,PABR,71.285446,-156.766003,44,-9,A,"Barrow, AK",67,67,69,69,4.9701492537313445,6.104477611940299,7.0,13.0,"Thu, Sep  2, 2010","Tue, Sep  7, 2010"
4022,Bert Mooney Airport,Butte,United States,BTM,KBTM,45.954806,-112.497472,5550,-7,A,"Butte, MT",76,76,78,78,3.789473684210526,8.776315789473687,6.0,25.0,"Mon, Sep  6, 2010","Sat, Sep 11, 2010"
3846,Baton Rouge Metro-Ryan Field,Baton Rouge,United States,BTR,KBTR,30.533167,-91.149639,70,-6,A,"Baton Rouge, LA",751,745,758,758,3.8868175765645807,10.978523489932899,14.0,56.0,"Tue, Sep 14, 2010","Mon, Sep 27, 2010"
3711,Burlington International,Burlington,United States,BTV,KBTV,44.471861,-73.153278,335,-5,A,"Burlington, VT",574,572,585,585,4.818815331010455,15.924825174825168,23.0,101.0,"Sun, Sep 12, 2010","Fri, Sep  3, 2010"
3820,Buffalo Niagara International,Buffalo,United States,BUF,KBUF,42.940525,-78.732167,724,-5,A,"Buffalo, NY",1995,1989,2003,2004,4.149874686716781,12.341880341880342,37.0,130.0,"Thu, Sep  2, 2010","Thu, Sep 16, 2010"
3644,Bob Hope,Burbank,United States,BUR,KBUR,34.200667,-118.358667,778,-8,A,"Burbank, CA",2110,2108,2133,2133,2.824170616113744,11.15512333965844,35.0,53.0,"Mon, Sep 20, 2010","Fri, Sep 17, 2010"
3849,Baltimore Washington International,Baltimore,United States,BWI,KBWI,39.175361,-76.668333,146,-5,A,"Baltimore, MD",8720,8722,8774,8776,5.713876146788986,12.236872277000694,70.0,89.0,"Sat, Sep 11, 2010","Wed, Sep 22, 2010"
4020,Gallatin Field,Bozeman,United States,BZN,KBZN,45.777643,-111.160151,4500,-7,A,"Bozeman, MT",444,445,445,447,4.85135135135135,13.141573033707868,32.0,110.0,"Mon, Sep 27, 2010","Fri, Sep 17, 2010"
3561,Columbia Metropolitan,Colombia,United States,CAE,KCAE,33.938833,-81.119528,236,-5,A,"Columbia, SC",708,710,720,721,5.0847457627118615,14.36056338028169,20.0,105.0,"Thu, Sep 23, 2010","Tue, Sep  7, 2010"
4112,Akron Canton Regional Airport,Akron,United States,CAK,KCAK,40.9160833,-81.4421944,1228,-5,A,"Akron, OH",715,716,721,722,4.226573426573425,11.884078212290502,13.0,51.0,"Fri, Sep  3, 2010","Wed, Sep 29, 2010"
3824,Cedar City Regional,Cedar City,United States,CDC,KCDC,37.700967,-113.098847,5622,-7,A,"Cedar City, UT",52,52,52,52,3.076923076923077,15.557692307692308,5.0,45.0,"Mon, Sep  6, 2010","Thu, Sep 23, 2010"
3610,Merle K. Mudhole Smith,Cordova,United States,CDV,PACV,60.491778,-145.477556,48,-9,A,"Cordova, AK",60,60,60,60,3.4833333333333334,8.65,7.0,23.0,"Thu, Sep  2, 2010","Wed, Sep 22, 2010"
5727,Del Norte County Airport,Crescent City,United States,CEC,KCEC,41.7802,-124.237,57,-8,A,"Crescent City, CA",72,80,87,86,3.3194444444444446,11.4875,5.0,40.0,"Wed, Sep  8, 2010","Wed, Sep  8, 2010"
3578,Lovell Field,Chattanooga,United States,CHA,KCHA,35.035278,-85.203808,683,-5,A,"Chattanooga, TN",418,418,422,422,4.375598086124403,13.260765550239238,29.0,54.0,"Sat, Sep 25, 2010","Sun, Sep 19, 2010"
4015,Charlottesville-Albemarle,Charlottesville VA,United States,CHO,KCHO,38.138639,-78.452861,639,-5,A,"Charlottesville, VA",84,84,84,84,3.119047619047618,10.416666666666666,27.0,32.0,"Wed, Sep  1, 2010","Wed, Sep 22, 2010"
3806,Charleston AFB International,Charleston,United States,CHS,KCHS,32.898647,-80.040528,45,-5,A,"Charleston, SC",1010,1006,1021,1021,5.894059405940597,14.833996023856862,20.0,99.0,"Sat, Sep 18, 2010","Mon, Sep  6, 2010"
3710,Chico Municipal,Chico,United States,CIC,KCIC,39.795383,-121.858422,238,-8,A,"Chico, CA",110,109,114,114,3.4,9.58715596330275,13.0,36.0,"Sun, Sep 19, 2010","Wed, Sep  8, 2010"
4043,Cedar Rapids,Cedar Rapids,United States,CID,KCID,41.884694,-91.710806,869,-6,A,"Cedar Rapids/Iowa City, IA",473,472,493,493,4.706131078224101,10.41101694915253,17.0,70.0,"Mon, Sep 20, 2010","Thu, Sep  2, 2010"
4088,McClellan-Palomar Airport,Carlsbad,United States,CLD,KCRQ,33.0742,-117.1648,328,-8,A,"Carlsbad, CA",155,155,157,157,3.6516129032258067,9.399999999999999,10.0,26.0,"Fri, Sep 10, 2010","Wed, Sep 15, 2010"
3486,Cleveland Hopkins International,Cleveland,United States,CLE,KCLE,41.411689,-81.849794,791,-5,A,"Cleveland, OH",4528,4531,4557,4560,5.920715547703185,12.22003972632974,31.0,135.0,"Tue, Sep  7, 2010","Mon, Sep 13, 2010"
3715,Easterwood Field,College Station,United States,CLL,KCLL,30.588583,-96.363833,321,-6,A,"College Station/Bryan, TX",30,30,30,30,3.8,7.8,5.0,17.0,"Wed, Sep  1, 2010","Thu, Sep 23, 2010"
3876,Charlotte Douglas International,Charlotte,United States,CLT,KCLT,35.214,-80.943139,748,-5,A,"Charlotte, NC",10689,10712,10757,10758,7.810927121339693,18.56992158327112,50.0,146.0,"Mon, Sep 27, 2010","Thu, Sep 16, 2010"
3759,Port Columbus International,Columbus,United States,CMH,KCMH,39.997972,-82.891889,815,-5,A,"Columbus, OH",2366,2360,2380,2380,4.7371090448013575,11.53813559322033,39.0,95.0,"Tue, Sep 28, 2010","Mon, Sep 13, 2010"
4049,Champaign,Champaign,United States,CMI,KCMI,40.03925,-88.278056,754,-6,A,"Champaign/Urbana, IL",172,172,175,175,3.9593023255813935,9.430232558139528,11.0,64.0,"Fri, Sep 17, 2010","Wed, Sep 22, 2010"
5732,Houghton County Memorial Airport,Hancock,United States,CMX,KCMX,47.1684,-88.4891,1095,-5,A,"Hancock/Houghton, MI",57,57,60,60,4.017543859649125,8.035087719298248,11.0,14.0,"Mon, Sep 27, 2010","Wed, Sep  8, 2010"
4344,Yellowstone Regional,Cody,United States,COD,KCOD,44.520194,-109.023806,5102,-7,A,"Cody, WY",119,119,121,121,4.025210084033614,11.268907563025207,7.0,28.0,"Thu, Sep  2, 2010","Wed, Sep 22, 2010"
3819,City Of Colorado Springs Municipal,Colorado Springs,United States,COS,KCOS,38.805805,-104.700778,6187,-7,A,"Colorado Springs, CO",1054,1053,1060,1060,6.112903225806457,13.857549857549857,23.0,52.0,"Wed, Sep 15, 2010","Mon, Sep 20, 2010"
3719,Columbia Regional,Columbia,United States,COU,KCOU,38.818094,-92.219631,889,-6,A,"Columbia, MO",85,85,86,86,6.317647058823529,9.870588235294118,11.0,21.0,"Thu, Sep 23, 2010","Wed, Sep  1, 2010"
3872,Natrona County International,Casper,United States,CPR,KCPR,42.908,-106.464417,5347,-7,A,"Casper, WY",177,176,177,177,4.242937853107343,9.744318181818176,12.0,37.0,"Wed, Sep 22, 2010","Wed, Sep  8, 2010"
3744,Corpus Christi International,Corpus Christi,United States,CRP,KCRP,27.770361,-97.501222,44,-6,A,"Corpus Christi, TX",621,621,641,641,4.223832528180367,11.119162640901768,34.0,116.0,"Sun, Sep  5, 2010","Sat, Sep 25, 2010"
4285,Yeager,Charleston,United States,CRW,KCRW,38.373147,-81.593189,981,-5,A,"Charleston/Dunbar, WV",403,404,408,410,3.7766749379652604,12.321782178217822,20.0,69.0,"Sat, Sep 18, 2010","Mon, Sep 20, 2010"
4255,Columbus Metropolitan Airport,Columbus,United States,CSG,KCSG,32.5163333,-84.9388611,397,-5,A,"Columbus, GA",171,171,175,175,3.128654970760234,11.345029239766085,9.0,54.0,"Tue, Sep 21, 2010","Thu, Sep 30, 2010"
3488,Cincinnati Northern Kentucky International,Cincinnati,United States,CVG,KCVG,39.048836,-84.667822,896,-5,A,"Cincinnati, OH",4279,4272,4334,4332,6.2825426501519095,14.293773408239703,38.0,125.0,"Mon, Sep 27, 2010","Wed, Sep 22, 2010"
4045,Central Wisconsin,Wassau,United States,CWA,KCWA,44.772726,-89.646635,840,-6,A,"Mosinee, WI",155,154,160,159,3.9935483870967725,8.987012987012985,10.0,22.0,"Fri, Sep 10, 2010","Wed, Sep 15, 2010"
3804,Cheyenne Regional-Jerry Olson Field,Cheyenne,United States,CYS,KCYS,41.155722,-104.811839,6156,-7,A,"Cheyenne, WY",58,58,60,60,3.3275862068965516,10.586206896551724,6.0,30.0,"Tue, Sep 14, 2010","Fri, Sep 24, 2010"
3950,Daytona Beach International,Daytona Beach,United States,DAB,KDAB,29.179917,-81.058056,34,-5,A,"Daytona Beach, FL",122,122,122,122,3.598360655737705,15.278688524590164,7.0,44.0,"Mon, Sep 27, 2010","Wed, Sep 22, 2010"
3502,Dallas Love Field,Dallas,United States,DAL,KDAL,32.847111,-96.851778,487,-6,A,"Dallas, TX",3690,3688,3725,3725,4.354200542005435,10.133405639913196,36.0,94.0,"Tue, Sep  7, 2010","Wed, Sep  1, 2010"
3627,James M. Cox Dayton International,Dayton,United States,DAY,KDAY,39.902375,-84.219375,1009,-5,A,"Dayton, OH",1207,1204,1219,1218,5.263463131731566,12.58056478405316,24.0,54.0,"Sat, Sep  4, 2010","Thu, Sep  9, 2010"
4388,Dubuque Regional,Dubuque IA,United States,DBQ,KDBQ,42.402,-90.709472,1076,-6,A,"Dubuque, IA",85,84,85,85,3.552941176470588,10.94047619047619,6.0,128.0,"Sat, Sep 11, 2010","Sat, Sep 18, 2010"
3520,Ronald Reagan Washington National,Washington,United States,DCA,KDCA,38.852083,-77.037722,15,-5,A,"Washington, DC",6192,6193,6298,6298,5.176841085271323,16.626675278540432,52.0,129.0,"Wed, Sep 22, 2010","Thu, Sep 16, 2010"
3751,Denver International,Denver,United States,DEN,KDEN,39.861656,-104.673178,5431,-7,A,"Denver, CO",19718,19744,19817,19812,7.988893396896256,13.87094813614262,67.0,100.0,"Tue, Sep 28, 2010","Mon, Sep 20, 2010"
3670,Dallas Fort Worth International,Dallas-fort Worth,United States,DFW,KDFW,32.896828,-97.037997,607,-6,A,"Dallas/Fort Worth, TX",21648,21678,21935,21933,9.092664449371743,14.791539809945562,74.0,132.0,"Fri, Sep 10, 2010","Tue, Sep  7, 2010"
3739,Dothan Regional,Dothan,United States,DHN,KDHN,31.321339,-85.449628,401,-6,A,"Dothan, AL",114,114,115,115,3.0789473684210527,14.324561403508772,7.0,64.0,"Fri, Sep 10, 2010","Wed, Sep 29, 2010"
3598,Duluth International,Duluth,United States,DLH,KDLH,46.842091,-92.193649,1428,-6,A,"Duluth, MN",220,218,227,227,5.190909090909093,11.798165137614681,17.0,55.0,"Sun, Sep 26, 2010","Sun, Sep 26, 2010"
3713,Durango La Plata County,Durango,United States,DRO,KDRO,37.151516,-107.75377,6685,-7,A,"Durango, CO",253,253,255,255,5.288537549407115,10.284584980237147,10.0,43.0,"Wed, Sep 29, 2010","Sat, Sep 18, 2010"
3729,Des Moines International,Des Moines,United States,DSM,KDSM,41.533972,-93.663083,958,-6,A,"Des Moines, IA",1114,1112,1120,1121,4.406642728904843,11.409172661870501,26.0,90.0,"Thu, Sep  2, 2010","Wed, Sep 22, 2010"
3645,Detroit Metro Wayne County,Detroit,United States,DTW,KDTW,42.212444,-83.353389,645,-5,A,"Detroit, MI",13382,13418,13542,13533,10.087131968315601,20.346251304218285,74.0,123.0,"Sat, Sep 25, 2010","Thu, Sep 16, 2010"
5735,Chippewa Valley Regional Airport,Eau Claire,United States,EAU,KEAU,44.8658,-91.4843,913,-6,A,"Eau Claire, WI",83,84,85,85,3.63855421686747,13.5,6.0,61.0,"Fri, Sep 24, 2010","Thu, Sep  2, 2010"
7669,Northwest Florida Beaches International,Panama City,United States,ECP,KECP,30.3417,-85.7973,69,-6,A,"Panama City, FL",563,565,567,568,3.122557726465365,11.240707964601768,19.0,54.0,"Tue, Sep  7, 2010","Sun, Sep 12, 2010"
4250,Eagle County Regional,Vail,United States,EGE,KEGE,39.642556,-106.917694,6540,-7,A,"Eagle, CO",116,117,116,117,3.9051724137931036,9.692307692307692,7.0,28.0,"Sun, Sep 26, 2010","Sun, Sep  5, 2010"
5736,Elko Regional Airport,Elko,United States,EKO,KEKO,40.8249,-115.792,5140,-8,A,"Elko, NV",116,114,116,116,4.198275862068967,15.078947368421057,8.0,57.0,"Sat, Sep 11, 2010","Thu, Sep  9, 2010"
3946,Elmira Corning Regional,Elmira,United States,ELM,KELM,42.159889,-76.891611,954,-5,A,"Elmira/Corning, NY",114,114,114,114,5.37719298245614,19.096491228070178,15.0,116.0,"Sat, Sep 25, 2010","Thu, Sep 16, 2010"
3559,El Paso International,El Paso,United States,ELP,KELP,31.80725,-106.377583,3958,-7,A,"El Paso, TX",1794,1792,1803,1803,4.191192865105915,10.099888392857121,43.0,62.0,"Sun, Sep  5, 2010","Tue, Sep  7, 2010"
4276,Erie International-Tom Ridge Field,Erie,United States,ERI,KERI,42.082022,-80.176217,733,-5,A,"Erie, PA",89,89,91,91,3.5505617977528097,22.078651685393258,12.0,69.0,"Sun, Sep 12, 2010","Tue, Sep  7, 2010"
4099,Mahlon Sweet Field,Eugene,United States,EUG,KEUG,44.124583,-123.211972,374,-8,A,"Eugene, OR",409,405,413,413,4.273838630806844,10.701234567901244,20.0,56.0,"Tue, Sep 21, 2010","Sun, Sep 19, 2010"
4018,Evansville Regional,Evansville,United States,EVV,KEVV,38.036997,-87.532364,418,-6,A,"Evansville, IN",347,347,348,350,4.170028818443803,11.302593659942369,15.0,42.0,"Wed, Sep 15, 2010","Sun, Sep 26, 2010"
3730,Craven County Regional,New Bern,United States,EWN,KEWN,35.072972,-77.042944,18,-5,A,"New Bern/Morehead/Beaufort, NC",83,83,84,84,2.8072289156626504,8.373493975903619,13.0,23.0,"Thu, Sep 30, 2010","Thu, Sep 23, 2010"
3494,Newark Liberty International,Newark,United States,EWR,KEWR,40.6925,-74.168667,18,-5,A,"Newark, NJ",8781,8792,8941,8945,8.299738070834783,20.573475887170183,60.0,171.0,"Mon, Sep  6, 2010","Wed, Sep 22, 2010"
3875,Key West International,Key West,United States,EYW,KEYW,24.556111,-81.759556,3,-5,A,"Key West, FL",106,105,109,109,3.59433962264151,8.523809523809524,9.0,25.0,"Fri, Sep  3, 2010","Sun, Sep 19, 2010"
3832,Fairbanks International,Fairbanks,United States,FAI,PAFA,64.815114,-147.856267,434,-9,A,"Fairbanks, AK",369,373,371,373,3.466124661246612,10.84450402144772,22.0,58.0,"Mon, Sep 27, 2010","Sat, Sep 18, 2010"
4292,Hector International Airport,Fargo,United States,FAR,KFAR,46.92065,-96.8157639,902,-6,A,"Fargo, ND",540,538,545,543,4.2166666666666694,11.284386617100372,11.0,56.0,"Fri, Sep 17, 2010","Sat, Sep 18, 2010"
3687,Fresno Yosemite International,Fresno,United States,FAT,KFAT,36.776194,-119.71814,336,-8,A,"Fresno, CA",983,984,991,992,4.03560528992879,10.304878048780491,14.0,61.0,"Mon, Sep 27, 2010","Tue, Sep 14, 2010"
5738,Fayetteville Regional-Grannis Field,Fayetteville,United States,FAY,KFAY,34.9912,-78.8803,189,-5,A,"Fayetteville, NC",337,334,338,337,4.228486646884272,12.092814371257486,18.0,51.0,"Sun, Sep  5, 2010","Mon, Sep 27, 2010"
4127,Glacier Park International,Kalispell,United States,FCA,KFCA,48.310472,-114.256,2977,-7,A,"Kalispell, MT",206,206,206,207,4.0048543689320395,12.189320388349518,17.0,45.0,"Sat, Sep 25, 2010","Wed, Sep 22, 2010"
4261,Flagstaff Pulliam Airport,Flagstaff,United States,FLG,KFLG,35.140318,-111.6692392,7015,-7,N,"Flagstaff, AZ",179,177,179,179,5.731843575418992,15.209039548022599,14.0,58.0,"Mon, Sep 20, 2010","Wed, Sep 22, 2010"
3533,Fort Lauderdale Hollywood International,Fort Lauderdale,United States,FLL,KFLL,26.072583,-80.15275,9,-5,A,"Fort Lauderdale, FL",4280,4276,4307,4306,4.1081775700934635,14.618334892422826,35.0,125.0,"Sun, Sep  5, 2010","Fri, Sep 24, 2010"
3879,Florence Regional,Florence,United States,FLO,KFLO,34.185361,-79.723889,146,-5,A,"Florence, SC",25,25,25,25,3.92,10.8,6.0,31.0,"Tue, Sep  7, 2010","Thu, Sep 30, 2010"
4089,Bishop International,Flint,United States,FNT,KFNT,42.965424,-83.743629,782,-5,A,"Flint, MI",360,360,361,361,4.266666666666674,11.12222222222222,12.0,70.0,"Fri, Sep 10, 2010","Thu, Sep 16, 2010"
4009,Sioux Falls,Sioux Falls,United States,FSD,KFSD,43.582014,-96.741914,1429,-6,A,"Sioux Falls, SD",561,562,569,569,4.450980392156861,12.834519572953738,27.0,82.0,"Tue, Sep  7, 2010","Thu, Sep  2, 2010"
3437,Fort Smith Regional,Fort Smith,United States,FSM,KFSM,35.336583,-94.367444,469,-6,A,"Fort Smith, AR",175,173,178,178,4.30857142857143,10.289017341040463,9.0,85.0,"Tue, Sep  7, 2010","Wed, Sep  1, 2010"
4041,Fort Wayne,Fort Wayne,United States,FWA,KFWA,40.978472,-85.195139,815,-5,A,"Fort Wayne, IN",373,373,375,376,4.573726541554963,13.67024128686327,11.0,102.0,"Thu, Sep 23, 2010","Thu, Sep 16, 2010"
4296,Gillette-Campbell County Airport,Gillette,United States,GCC,KGCC,44.3489167,-105.5393611,4365,-7,A,"Gillette, WY",119,117,119,119,4.176470588235294,10.393162393162395,15.0,42.0,"Wed, Sep 22, 2010","Sat, Sep 18, 2010"
3467,Spokane International,Spokane,United States,GEG,KGEG,47.619861,-117.533833,2376,-8,A,"Spokane, WA",1217,1212,1220,1218,4.450287592440426,10.945544554455454,27.0,59.0,"Sun, Sep 19, 2010","Thu, Sep 30, 2010"
3442,Grand Forks International,Grand Forks,United States,GFK,KGFK,47.949256,-97.176111,845,-6,A,"Grand Forks, ND",178,177,184,184,3.8426966292134837,10.355932203389832,7.0,26.0,"Thu, Sep 16, 2010","Thu, Sep 23, 2010"
3465,East Texas Regional,Longview,United States,GGG,KGGG,32.384014,-94.711486,365,-6,A,"Longview, TX",30,30,30,30,4.2,9.599999999999998,11.0,44.0,"Thu, Sep 30, 2010","Sat, Sep 25, 2010"
4063,Grand Junction Regional,Grand Junction,United States,GJT,KGJT,39.122413,-108.526735,4858,-7,A,"Grand Junction, CO",467,467,469,469,4.134903640256958,11.942184154175589,13.0,69.0,"Thu, Sep  9, 2010","Thu, Sep  9, 2010"
3472,Gainesville Regional,Gainesville,United States,GNV,KGNV,29.690056,-82.271778,152,-5,A,"Gainesville, FL",183,182,186,186,3.530054644808743,11.626373626373626,8.0,43.0,"Wed, Sep  8, 2010","Sun, Sep 26, 2010"
4038,Gulfport-Biloxi,Gulfport,United States,GPT,KGPT,30.407278,-89.070111,28,-6,A,"Gulfport/Biloxi, MS",545,542,548,548,5.1633027522935855,11.481549815498157,38.0,55.0,"Wed, Sep  1, 2010","Mon, Sep 13, 2010"
3653,Austin Straubel International,Green Bay,United States,GRB,KGRB,44.485072,-88.129589,695,-6,A,"Green Bay, WI",552,551,556,555,3.9438405797101366,10.14519056261343,24.0,86.0,"Sun, Sep  5, 2010","Sat, Sep 18, 2010"
3775,Robert Gray AAF,Killeen,United States,GRK,KGRK,31.06725,-97.828917,1015,-6,A,"Killeen, TX",309,309,316,317,3.822006472491909,9.647249190938508,35.0,133.0,"Tue, Sep  7, 2010","Wed, Sep  8, 2010"
3685,Gerald R. Ford International,Grand Rapids,United States,GRR,KGRR,42.880833,-85.522806,794,-5,A,"Grand Rapids, MI",1045,1042,1051,1050,4.563636363636369,11.735124760076777,34.0,71.0,"Sun, Sep 19, 2010","Mon, Sep  6, 2010"
4008,Piedmont Triad,Greensboro,United States,GSO,KGSO,36.09775,-79.937306,925,-5,A,"Greensboro/High Point, NC",845,846,857,858,4.77159763313609,14.927895981087467,22.0,92.0,"Fri, Sep 17, 2010","Sun, Sep 12, 2010"
4034,Greenville-Spartanburg International,Greenville,United States,GSP,KGSP,34.895556,-82.218889,964,-5,A,"Greer, SC",871,873,882,882,3.7267508610792204,14.524627720504013,25.0,103.0,"Sat, Sep 25, 2010","Sun, Sep 26, 2010"
3880,Great Falls International,Great Falls,United States,GTF,KGTF,47.482,-111.370689,3677,-7,A,"Great Falls, MT",165,165,166,166,4.048484848484849,9.587878787878791,7.0,44.0,"Thu, Sep 23, 2010","Tue, Sep 28, 2010"
4273,Golden Triangle Regional Airport,Columbus Mississippi,United States,GTR,KGTR,33.450333,-88.591361,264,-6,A,"Columbus, MS",60,59,61,60,5.0,12.627118644067796,9.0,38.0,"Thu, Sep  2, 2010","Tue, Sep  7, 2010"
7051,Gunnison - Crested Butte,Gunnison,United States,GUC,KGUC,38.533889,-106.933056,7678,-7,A,"Gunnison, CO",30,30,30,30,4.1,10.066666666666666,8.0,22.0,"Wed, Sep  8, 2010","Sun, Sep 12, 2010"
4339,Yampa Valley,Hayden,United States,HDN,KHDN,40.481181,-107.21766,6602,-7,A,"Hayden, CO",60,60,60,60,3.8833333333333333,10.916666666666666,5.0,24.0,"Thu, Sep  2, 2010","Wed, Sep 22, 2010"
3504,Helena Regional,Helena,United States,HLN,KHLN,46.606806,-111.98275,3877,-7,A,"Helena, MT",140,140,140,140,3.5,8.978571428571435,7.0,31.0,"Fri, Sep 10, 2010","Mon, Sep 20, 2010"
3728,Honolulu International,Honolulu,United States,HNL,PHNL,21.318681,-157.922428,13,-10,N,"Honolulu, HI",4211,4208,4241,4240,6.113037283305631,13.071768060836503,30.0,44.0,"Sat, Sep 25, 2010","Tue, Sep 28, 2010"
3566,William P. Hobby,Houston,United States,HOU,KHOU,29.645419,-95.278889,46,-6,A,"Houston, TX",4154,4158,4200,4199,5.794896485315361,9.601250601250582,52.0,84.0,"Wed, Sep  1, 2010","Wed, Sep  1, 2010"
3589,Westchester County,White Plains,United States,HPN,KHPN,41.066959,-73.707575,439,-5,A,"White Plains, NY",872,873,882,882,5.388761467889905,13.534936998854525,44.0,115.0,"Mon, Sep 13, 2010","Wed, Sep 22, 2010"
3560,Valley International,Harlingen,United States,HRL,KHRL,26.2285,-97.654389,36,-6,A,"Harlingen/San Benito, TX",396,395,402,402,2.8535353535353547,8.774683544303794,7.0,71.0,"Wed, Sep 29, 2010","Mon, Sep  6, 2010"
4113,Huntsville International Airport-Carl T. Jones Field,Huntsville,United States,HSV,KHSV,34.6371944,-86.7750556,629,-6,A,"Huntsville, AL",962,959,973,973,5.011434511434512,13.190823774765374,15.0,54.0,"Fri, Sep 24, 2010","Mon, Sep  6, 2010"
5742,TriState-Milton J. Ferguson Field,Huntington,United States,HTS,KHTS,38.3667,-82.558,828,-5,A,"Ashland, WV",54,54,55,55,4.629629629629629,9.962962962962967,9.0,25.0,"Fri, Sep  3, 2010","Fri, Sep 10, 2010"
3714,Washington Dulles International,Washington,United States,IAD,KIAD,38.944533,-77.455811,313,-5,A,"Washington, DC",6415,6419,6482,6475,7.057989088074829,17.560679233525434,71.0,130.0,"Wed, Sep 22, 2010","Thu, Sep 16, 2010"
3550,George Bush Intercontinental Houston,Houston,United States,IAH,KIAH,29.984433,-95.341442,97,-6,A,"Houston, TX",14238,14253,14316,14321,7.740202275600524,15.194906335508277,52.0,93.0,"Sat, Sep  4, 2010","Mon, Sep 27, 2010"
3457,Wichita Mid Continent,Wichita,United States,ICT,KICT,37.649944,-97.433056,1333,-6,A,"Wichita, KS",1069,1063,1074,1072,4.95977549111319,11.031044214487302,26.0,96.0,"Wed, Sep 15, 2010","Wed, Sep  8, 2010"
4100,Idaho Falls Regional,Idaho Falls,United States,IDA,KIDA,43.514556,-112.07075,4744,-7,A,"Idaho Falls, ID",250,249,250,249,4.136000000000002,12.248995983935739,15.0,55.0,"Wed, Sep 29, 2010","Thu, Sep 16, 2010"
3845,Wilmington International,Wilmington,United States,ILM,KILM,34.270615,-77.902569,32,-5,A,"Wilmington, NC",374,374,376,376,3.935828877005348,13.28342245989305,18.0,58.0,"Fri, Sep 24, 2010","Mon, Sep 27, 2010"
3585,Indianapolis International,Indianapolis,United States,IND,KIND,39.717331,-86.294383,797,-5,A,"Indianapolis, IN",2856,2851,2876,2875,5.689425770308114,12.8958260259558,41.0,76.0,"Tue, Sep 21, 2010","Sun, Sep 26, 2010"
3689,Imperial County,Imperial,United States,IPL,KIPL,32.834219,-115.578744,-54,-8,A,"El Centro, CA",60,60,60,60,2.6333333333333324,10.533333333333331,5.0,24.0,"Tue, Sep  7, 2010","Fri, Sep 17, 2010"
3857,Long Island MacArthur,Islip,United States,ISP,KISP,40.79525,-73.100222,99,-5,A,"Islip, NY",573,580,602,602,4.118673647469457,8.610344827586196,10.0,83.0,"Thu, Sep 23, 2010","Thu, Sep 16, 2010"
3947,Ithaca Tompkins Regional,Ithaca,United States,ITH,KITH,42.491028,-76.458444,1099,-5,A,"Ithaca/Cortland, NY",84,85,85,85,4.988095238095238,16.870588235294118,11.0,104.0,"Sat, Sep 25, 2010","Thu, Sep 16, 2010"
3415,Hilo International,Hilo,United States,ITO,PHTO,19.721375,-155.048469,38,-10,N,"Hilo, HI",581,583,590,590,5.330464716006885,8.447684391080625,10.0,28.0,"Sat, Sep  4, 2010","Fri, Sep 17, 2010"
7120,Inyokern Airport,Inyokern,United States,IYK,KIYK,35.658889,-117.829444,2455,-8,A,"Inyokern, CA",78,78,80,80,4.166666666666665,8.98717948717949,8.0,18.0,"Sun, Sep 26, 2010","Sun, Sep 19, 2010"
4027,Jackson Hole Airport,Jacksn Hole,United States,JAC,KJAC,43.60733333,-110.73775,6451,-7,A,"Jackson, WY",330,333,330,333,3.3878787878787886,15.750750750750743,8.0,55.0,"Wed, Sep 29, 2010","Thu, Sep 16, 2010"
3580,Jackson Evers International,Jackson,United States,JAN,KJAN,32.311167,-90.075889,346,-6,A,"Jackson/Vicksburg, MS",965,962,973,973,4.879792746113982,11.858627858627854,39.0,82.0,"Sun, Sep 12, 2010","Mon, Sep 27, 2010"
3712,Jacksonville International,Jacksonville,United States,JAX,KJAX,30.494056,-81.687861,30,-5,A,"Jacksonville, FL",2386,2383,2396,2396,5.277870913663031,12.737305916911446,46.0,95.0,"Mon, Sep 27, 2010","Sun, Sep 26, 2010"
3797,John F. Kennedy International,New York,United States,JFK,KJFK,40.639751,-73.778925,13,-5,A,"New York, NY",8618,8631,8859,8864,9.937572522627084,30.213300892133027,100.0,159.0,"Wed, Sep 22, 2010","Wed, Sep 22, 2010"
3492,Juneau International,Juneau,United States,JNU,PAJN,58.354972,-134.576278,21,-9,A,"Juneau, AK",352,352,353,353,3.8749999999999987,12.721590909090908,19.0,44.0,"Fri, Sep  3, 2010","Thu, Sep  2, 2010"
3514,Kona International At Keahole,Kona,United States,KOA,PHKO,19.738767,-156.045631,47,-10,N,"Kona, HI",910,909,920,920,4.571428571428574,9.378437843784363,10.0,37.0,"Wed, Sep 15, 2010","Thu, Sep 30, 2010"
3808,Ketchikan International,Ketchikan,United States,KTN,PAKT,55.355556,-131.71375,88,-9,A,"Ketchikan, AK",201,201,204,204,4.174129353233828,10.656716417910452,15.0,34.0,"Mon, Sep 13, 2010","Thu, Sep  2, 2010"
3544,Capital City,Lansing,United States,LAN,KLAN,42.7787,-84.587357,861,-5,A,"Lansing, MI",265,263,273,272,3.4905660377358494,13.847908745247148,18.0,139.0,"Mon, Sep 20, 2010","Tue, Sep 21, 2010"
3877,McCarran International,Las Vegas,United States,LAS,KLAS,36.080056,-115.15225,2141,-8,A,"Las Vegas, NV",12161,12154,12200,12197,6.122276128607864,14.179776205364488,58.0,104.0,"Mon, Sep 13, 2010","Sun, Sep 19, 2010"
3484,Los Angeles International,Los Angeles,United States,LAX,KLAX,33.942536,-118.408075,126,-8,A,"Los Angeles, CA",16193,16203,16301,16299,8.932563453344004,14.5228044189347,72.0,109.0,"Thu, Sep  2, 2010","Wed, Sep  8, 2010"
3829,Lubbock Preston Smith International,Lubbock,United States,LBB,KLBB,33.663639,-101.822778,3282,-6,A,"Lubbock, TX",615,616,620,620,3.5300813008130083,9.396103896103899,22.0,80.0,"Mon, Sep  6, 2010","Tue, Sep 14, 2010"
3513,Lake Charles Regional,Lake Charles,United States,LCH,KLCH,30.126112,-93.223335,15,-6,A,"Lake Charles, LA",82,82,85,85,4.243902439024389,10.475609756097562,10.0,46.0,"Wed, Sep 22, 2010","Fri, Sep  3, 2010"
4017,Blue Grass,Lexington KY,United States,LEX,KLEX,38.0365,-84.605889,979,-5,A,"Lexington, KY",891,890,902,900,4.804713804713802,14.305617977528092,25.0,105.0,"Mon, Sep 27, 2010","Mon, Sep 27, 2010"
3493,Lafayette Regional,Lafayette,United States,LFT,KLFT,30.205278,-91.987611,43,-6,A,"Lafayette, LA",441,439,444,444,4.854875283446712,13.410022779043276,36.0,139.0,"Tue, Sep  7, 2010","Mon, Sep 27, 2010"
3697,LaGuardia Airport,New York,United States,LGA,KLGA,40.777245,-73.872608,22,-5,A,"New York, NY",8493,8507,8745,8743,8.289414812198261,27.54531562242859,109.0,163.0,"Wed, Sep 22, 2010","Wed, Sep 22, 2010"
3582,Long Beach,Long Beach,United States,LGB,KLGB,33.817722,-118.151611,60,-8,A,"Long Beach, CA",1147,1147,1151,1149,5.546643417611155,15.275501307759372,57.0,77.0,"Thu, Sep  2, 2010","Wed, Sep 15, 2010"
3602,Lihue,Lihue,United States,LIH,PHLI,21.975983,-159.338958,153,-10,N,"Lihue, HI",910,908,916,916,5.462637362637357,7.88546255506608,23.0,24.0,"Fri, Sep  3, 2010","Fri, Sep  3, 2010"
3660,Adams Field,Little Rock,United States,LIT,KLIT,34.729444,-92.224306,262,-6,A,"Little Rock, AR",1603,1597,1619,1619,4.5795383655645585,11.266123982467136,44.0,102.0,"Thu, Sep 16, 2010","Sat, Sep 25, 2010"
5750,Klamath Falls Airport,Klamath Falls,United States,LMT,KLMT,42.1561,-121.733,4095,-8,A,"Klamath Falls, OR",116,118,118,118,4.284482758620692,9.77118644067796,8.0,50.0,"Sun, Sep 26, 2010","Mon, Sep 13, 2010"
3543,Lincoln,Lincoln,United States,LNK,KLNK,40.850971,-96.75925,1219,-6,A,"Lincoln, NE",261,260,264,263,4.00766283524904,10.830769230769233,27.0,118.0,"Tue, Sep 14, 2010","Sat, Sep 25, 2010"
3691,Laredo International,Laredo,United States,LRD,KLRD,27.54375,-99.461556,508,-6,A,"Laredo, TX",211,210,215,214,3.578199052132701,10.904761904761905,8.0,42.0,"Thu, Sep 23, 2010","Thu, Sep 16, 2010"
4044,LaCrosse Municipal,LaCrosse,United States,LSE,KLSE,43.878986,-91.256711,654,-6,A,"La Crosse, WI",235,235,240,240,3.7872340425531905,12.340425531914898,13.0,52.0,"Fri, Sep  3, 2010","Thu, Sep 23, 2010"
6958,Greenbrier Valley Airport,Lewisburg,United States,LWB,KLWB,37.858333,-80.399444,2302,-5,U,"Lewisburg, WV",58,59,59,59,4.53448275862069,17.033898305084755,14.0,49.0,"Sat, Sep  4, 2010","Wed, Sep 15, 2010"
3945,Lewiston Nez Perce County,Lewiston,United States,LWS,KLWS,46.3745,-117.015389,1442,-8,A,"Lewiston, ID",64,64,64,64,4.8125,9.250000000000005,12.0,24.0,"Fri, Sep 17, 2010","Wed, Sep 15, 2010"
5753,Lynchburg Regional-Preston Glenn Field,Lynchburg,United States,LYH,KLYH,37.3267,-79.2004,938,-5,A,"Lynchburg, VA",77,76,77,77,3.1818181818181817,8.934210526315788,8.0,22.0,"Thu, Sep 23, 2010","Fri, Sep  3, 2010"
3652,Midland International,Midland,United States,MAF,KMAF,31.942528,-102.201914,2871,-6,A,"Midland/Odessa, TX",609,609,617,617,3.4729064039408866,9.674876847290637,37.0,104.0,"Sun, Sep 26, 2010","Tue, Sep  7, 2010"
4128,MBS International,Saginaw,United States,MBS,KMBS,43.532913,-84.079647,668,-5,A,"Saginaw/Bay City/Midland, MI",328,328,332,332,3.4542682926829267,14.600609756097562,7.0,72.0,"Tue, Sep 28, 2010","Thu, Sep 16, 2010"
3458,Kansas City International,Kansas City,United States,MCI,KMCI,39.297606,-94.713905,1026,-6,A,"Kansas City, MO",4022,4017,4036,4038,5.009945300845347,10.899178491411504,39.0,103.0,"Wed, Sep  1, 2010","Thu, Sep  2, 2010"
3878,Orlando International,Orlando,United States,MCO,KMCO,28.429394,-81.308994,96,-5,A,"Orlando, FL",8787,8776,8824,8822,6.734835552520767,12.504102096627166,97.0,111.0,"Tue, Sep 28, 2010","Mon, Sep 27, 2010"
3542,Harrisburg International,Harrisburg,United States,MDT,KMDT,40.193494,-76.763403,310,-5,A,"Harrisburg, PA",547,545,550,549,4.638025594149908,12.922935779816507,15.0,83.0,"Thu, Sep 23, 2010","Wed, Sep 22, 2010"
3747,Chicago Midway International,Chicago,United States,MDW,KMDW,41.785972,-87.752417,620,-6,A,"Chicago, IL",6907,6901,6929,6927,4.958303170696398,11.300391247645274,38.0,135.0,"Mon, Sep 20, 2010","Tue, Sep 21, 2010"
4335,Key Field,Meridian,United States,MEI,KMEI,32.332624,-88.751868,297,-6,A,"Meridian, MS",54,54,56,56,4.0,12.833333333333334,7.0,45.0,"Sat, Sep 11, 2010","Mon, Sep  6, 2010"
3473,Memphis International,Memphis,United States,MEM,KMEM,35.042417,-89.976667,341,-6,A,"Memphis, TN",6629,6637,6705,6710,7.08734349072259,17.602983275576232,44.0,98.0,"Fri, Sep 10, 2010","Tue, Sep 28, 2010"
3826,McAllen Miller International,Mcallen,United States,MFE,KMFE,26.175833,-98.238611,107,-6,A,"Mission/McAllen/Edinburg, TX",358,358,365,365,4.243016759776537,11.569832402234637,17.0,82.0,"Fri, Sep  3, 2010","Fri, Sep  3, 2010"
4101,Rogue Valley International Medford,Medford,United States,MFR,KMFR,42.374228,-122.8735,1335,-8,A,"Medford, OR",368,367,372,372,3.6222826086956528,10.002724795640331,10.0,22.0,"Sun, Sep 26, 2010","Sat, Sep 25, 2010"
4115,Montgomery Regional Airport ,MONTGOMERY,United States,MGM,KMGM,32.3006389,-86.3939722,221,-6,A,"Montgomery, AL",388,388,393,393,3.1623711340206184,14.028350515463918,13.0,60.0,"Sun, Sep 26, 2010","Thu, Sep 23, 2010"
4050,Manhattan Regional,Manhattan,United States,MHK,KMHK,39.140972,-96.670833,1057,-6,A,"Manhattan/Ft. Riley, KS",88,88,90,90,3.5000000000000004,8.090909090909095,12.0,22.0,"Thu, Sep  9, 2010","Fri, Sep  3, 2010"
4011,Manchester Regional Airport,Manchester NH,United States,MHT,KMHT,42.932556,-71.435667,266,-5,A,"Manchester, NH",1116,1114,1124,1123,4.347670250896054,12.228904847396768,20.0,62.0,"Mon, Sep 13, 2010","Thu, Sep 30, 2010"
3576,Miami International,Miami,United States,MIA,KMIA,25.79325,-80.290556,8,-5,A,"Miami, FL",5321,5319,5370,5368,7.903401616237545,16.468321112991177,93.0,115.0,"Sat, Sep  4, 2010","Wed, Sep  8, 2010"
3717,General Mitchell International,Milwaukee,United States,MKE,KMKE,42.947222,-87.896583,723,-6,A,"Milwaukee, WI",3562,3560,3583,3580,5.4402021336327975,12.389044943820224,47.0,89.0,"Tue, Sep 21, 2010","Thu, Sep 16, 2010"
5754,Muskegon County Airport,Muskegon,United States,MKG,KMKG,43.1695,-86.2382,628,-5,A,"Muskegon, MI",62,62,64,64,4.258064516129032,9.91935483870968,6.0,23.0,"Sat, Sep 11, 2010","Fri, Sep 17, 2010"
3671,Melbourne International,Melbourne,United States,MLB,KMLB,28.102753,-80.645258,33,-5,A,"Melbourne, FL",125,125,125,125,4.135999999999998,13.648,11.0,45.0,"Mon, Sep 27, 2010","Tue, Sep 28, 2010"
4072,Quad City International,Moline,United States,MLI,KMLI,41.448528,-90.507539,590,-6,A,"Moline, IL",540,539,542,542,3.694444444444445,10.50834879406307,12.0,133.0,"Thu, Sep 23, 2010","Thu, Sep 16, 2010"
3732,Monroe Regional,Monroe,United States,MLU,KMLU,32.510864,-92.037689,79,-6,A,"Monroe, LA",231,230,235,235,3.883116883116883,10.652173913043475,10.0,61.0,"Tue, Sep  7, 2010","Sun, Sep 26, 2010"
3782,Mobile Regional,Mobile,United States,MOB,KMOB,30.691231,-88.242814,219,-6,A,"Mobile, AL",542,542,547,547,3.594095940959411,11.583025830258308,16.0,76.0,"Fri, Sep  3, 2010","Tue, Sep  7, 2010"
3816,Modesto City County Harry Sham,Modesto,United States,MOD,KMOD,37.625817,-120.954422,97,-8,A,"Modesto, CA",131,131,142,142,2.717557251908397,9.335877862595419,6.0,38.0,"Fri, Sep 10, 2010","Tue, Sep  7, 2010"
3498,Minot International,Minot,United States,MOT,KMOT,48.259378,-101.280333,1716,-6,A,"Minot, ND",192,190,194,194,4.614583333333336,11.468421052631578,15.0,32.0,"Mon, Sep  6, 2010","Sat, Sep 18, 2010"
6838,Sawyer International Airport,Marquette,United States,MQT,KMQT,46.353611,-87.395278,1221,-5,A,"Marquette, MI",82,82,82,82,4.21951219512195,8.268292682926829,18.0,15.0,"Thu, Sep  2, 2010","Wed, Sep 22, 2010"
3948,Monterey Peninsula,Monterey,United States,MRY,KMRY,36.587,-121.842944,257,-8,A,"Monterey, CA",431,431,444,444,3.4408352668213467,10.756380510440833,10.0,38.0,"Thu, Sep 16, 2010","Fri, Sep 24, 2010"
3459,Dane County Regional-Truax Field,Madison,United States,MSN,KMSN,43.139858,-89.337514,887,-6,A,"Madison, WI",817,813,820,819,5.110159118727054,13.11070110701107,36.0,95.0,"Sun, Sep 19, 2010","Thu, Sep 16, 2010"
4216,Missoula International,Missoula,United States,MSO,KMSO,46.916306,-114.090556,3205,-7,A,"Missoula, MT",322,322,323,323,4.782608695652172,10.385093167701863,14.0,41.0,"Wed, Sep 29, 2010","Fri, Sep  3, 2010"
3858,Minneapolis St. Paul International,Minneapolis,United States,MSP,KMSP,44.881956,-93.221767,841,-6,A,"Minneapolis, MN",10549,10585,10674,10672,8.0318513603185,17.024468587624124,71.0,129.0,"Wed, Sep 15, 2010","Thu, Sep 16, 2010"
3861,Louis Armstrong New Orleans International,New Orleans,United States,MSY,KMSY,29.993389,-90.258028,4,-6,A,"New Orleans, LA",2978,2977,2989,2990,4.5648085963734255,10.94961370507223,31.0,80.0,"Mon, Sep 27, 2010","Thu, Sep 30, 2010"
6880,Montrose Regional Airport,Montrose CO,United States,MTJ,KMTJ,38.509794,-107.894242,5759,-7,A,"Montrose/Delta, CO",187,187,188,188,4.048128342245988,10.877005347593583,21.0,43.0,"Sat, Sep 25, 2010","Mon, Sep 20, 2010"
3515,Myrtle Beach International,Myrtle Beach,United States,MYR,KMYR,33.67975,-78.928333,25,-5,A,"Myrtle Beach, SC",349,348,352,352,4.223495702005726,12.931034482758621,20.0,50.0,"Sat, Sep  4, 2010","Thu, Sep  9, 2010"
4386,Albert J. Ellis,Jacksonville NC,United States,OAJ,KOAJ,34.829164,-77.612139,94,-5,A,"Jacksonville/Camp Lejeune, NC",111,110,112,112,2.6036036036036037,9.290909090909095,5.0,24.0,"Sat, Sep  4, 2010","Sun, Sep 12, 2010"
3453,Metropolitan Oakland International,Oakland,United States,OAK,KOAK,37.721278,-122.220722,9,-8,A,"Oakland, CA",3748,3751,3780,3780,5.460245464247609,8.93068515062651,34.0,91.0,"Sat, Sep 18, 2010","Sat, Sep 18, 2010"
3456,Kahului,Kahului,United States,OGG,PHOG,20.89865,-156.430458,54,-10,N,"Kahului, HI",1609,1576,1624,1593,5.406463642013667,8.373096446700503,19.0,28.0,"Sat, Sep  4, 2010","Mon, Sep  6, 2010"
3863,Will Rogers World,Oklahoma City,United States,OKC,KOKC,35.393089,-97.600733,1295,-6,A,"Oklahoma City, OK",1893,1890,1899,1897,4.491811938721618,10.404761904761916,28.0,76.0,"Thu, Sep  2, 2010","Thu, Sep  2, 2010"
3454,Eppley Airfield,Omaha,United States,OMA,KOMA,41.303167,-95.894069,984,-6,A,"Omaha, NE",2046,2036,2054,2053,3.8944281524926665,11.370825147347734,31.0,93.0,"Fri, Sep  3, 2010","Sat, Sep 18, 2010"
3615,Nome,Nome,United States,OME,PAOM,64.512203,-165.445247,37,-9,A,"Nome, AK",89,89,89,89,3.157303370786517,5.483146067415731,6.0,21.0,"Wed, Sep 29, 2010","Fri, Sep  3, 2010"
3734,Ontario International,Ontario,United States,ONT,KONT,34.056,-117.601194,944,-8,A,"Ontario, CA",1929,1928,1935,1934,4.283566614826331,10.014522821576762,25.0,103.0,"Fri, Sep 17, 2010","Fri, Sep 17, 2010"
3830,Chicago O'Hare International,Chicago,United States,ORD,KORD,41.978603,-87.904842,668,-6,A,"Chicago, IL",26087,26124,26339,26348,8.815003641660589,16.076825907211727,82.0,150.0,"Thu, Sep  2, 2010","Thu, Sep  2, 2010"
3611,Norfolk International,Norfolk,United States,ORF,KORF,36.894611,-76.201222,26,-5,A,"Norfolk, VA",1444,1433,1474,1473,4.662742382271475,12.70969993021633,34.0,108.0,"Wed, Sep  8, 2010","Thu, Sep 30, 2010"
5757,Southwest Oregon Regional Airport,North Bend,United States,OTH,KOTH,43.4171,-124.246,17,-8,A,"North Bend/Coos Bay, OR",148,147,150,150,2.9256756756756754,10.421768707482991,11.0,58.0,"Thu, Sep  9, 2010","Wed, Sep 29, 2010"
3693,Ralph Wien Memorial,Kotzebue,United States,OTZ,PAOT,66.884678,-162.59855,11,-9,A,"Kotzebue, AK",89,89,89,89,4.0898876404494375,5.483146067415728,9.0,18.0,"Fri, Sep 10, 2010","Tue, Sep  7, 2010"
4117,Barkley Regional Airport,PADUCAH,United States,PAH,KPAH,37.0602875,-88.7729583,410,-6,A,"Paducah, KY",60,60,60,60,4.516666666666667,10.316666666666668,12.0,25.0,"Sat, Sep 11, 2010","Fri, Sep 10, 2010"
3722,Palm Beach International,West Palm Beach,United States,PBI,KPBI,26.683161,-80.095589,19,-5,A,"West Palm Beach/Palm Beach, FL",1620,1620,1643,1643,4.455555555555553,12.023456790123445,47.0,100.0,"Fri, Sep  3, 2010","Wed, Sep 22, 2010"
3720,Portland International,Portland,United States,PDX,KPDX,45.588722,-122.5975,30,-8,A,"Portland, OR",4488,4490,4496,4498,4.505570409982171,12.740757238307355,31.0,59.0,"Sat, Sep 25, 2010","Tue, Sep 28, 2010"
3633,Newport News Williamsburg International,Newport News,United States,PHF,KPHF,37.131894,-76.492989,43,-5,A,"Newport News/Williamsburg, VA",484,484,488,488,5.646694214876033,11.931818181818182,11.0,92.0,"Sun, Sep 12, 2010","Thu, Sep 16, 2010"
3752,Philadelphia International,Philadelphia,United States,PHL,KPHL,39.871944,-75.241139,36,-5,A,"Philadelphia, PA",7287,7282,7352,7350,7.5295732125703285,23.309118374073,89.0,164.0,"Wed, Sep 22, 2010","Thu, Sep 30, 2010"
3462,Phoenix Sky Harbor International,Phoenix,United States,PHX,KPHX,33.434278,-112.011583,1135,-7,N,"Phoenix, AZ",14500,14522,14565,14558,6.605586206896554,15.91612725519907,59.0,91.0,"Sun, Sep 26, 2010","Sat, Sep 18, 2010"
4046,Peoria Regional,Peoria,United States,PIA,KPIA,40.664203,-89.693258,660,-6,A,"Peoria, IL",288,289,292,293,4.270833333333336,11.726643598615913,11.0,48.0,"Fri, Sep 10, 2010","Tue, Sep  7, 2010"
5760,Pocatello Regional Airport,Pocatello,United States,PIH,KPIH,42.9098,-112.596,4452,-7,A,"Pocatello, ID",117,117,117,117,3.2991452991452994,11.803418803418804,7.0,57.0,"Sun, Sep 26, 2010","Thu, Sep  9, 2010"
3570,Pittsburgh International,Pittsburgh (pennsylva),United States,PIT,KPIT,40.491467,-80.232872,1204,-5,A,"Pittsburgh, PA",3094,3090,3120,3121,5.32449903038139,13.222977346278302,100.0,108.0,"Wed, Sep 22, 2010","Mon, Sep 13, 2010"
5762,Pellston Regional Airport of Emmet County Airport,Pellston,United States,PLN,KPLN,45.5709,-84.7967,720,-5,A,"Pellston, MI",10,11,10,11,5.1,20.90909090909091,9.0,52.0,"Thu, Sep  2, 2010","Fri, Sep  3, 2010"
3564,Pensacola Regional,Pensacola,United States,PNS,KPNS,30.473425,-87.186611,121,-6,A,"Pensacola, FL",890,889,897,897,4.4179775280898905,12.445444319460064,27.0,69.0,"Tue, Sep  7, 2010","Sun, Sep 26, 2010"
6133,Tri Cities Airport,Pasco,United States,PSC,PSC,46.2647,-119.119,410,-8,A,"Pasco/Kennewick/Richland, WA",277,274,278,278,4.570397111913352,9.576642335766413,10.0,82.0,"Fri, Sep 17, 2010","Tue, Sep  7, 2010"
4147,Petersburg James A. Johnson,Petersburg,United States,PSG,PAPG,56.801667,-132.945278,105,-9,A,"Petersburg, AK",60,60,60,60,3.6166666666666667,8.883333333333333,7.0,23.0,"Fri, Sep  3, 2010","Sat, Sep 25, 2010"
3839,Palm Springs International,Palm Springs,United States,PSP,KPSP,33.829667,-116.506694,477,-8,A,"Palm Springs, CA",784,787,792,793,4.7933673469387745,11.8894536213469,18.0,57.0,"Thu, Sep 23, 2010","Sat, Sep 25, 2010"
3641,Theodore Francis Green State,Providence,United States,PVD,KPVD,41.732581,-71.420383,55,-5,A,"Providence, RI",1673,1676,1693,1694,4.395098625224146,12.897971360381867,32.0,66.0,"Wed, Sep  8, 2010","Tue, Sep 14, 2010"
3862,Portland International Jetport,Portland,United States,PWM,KPWM,43.646161,-70.309281,77,-5,A,"Portland, ME",683,689,698,699,4.229868228404105,14.25834542815675,20.0,70.0,"Fri, Sep  3, 2010","Mon, Sep 13, 2010"
4087,Rapid City Regional Airport,Rapid City,United States,RAP,KRAP,44.045278,-103.057222,3204,-7,A,"Rapid City, SD",524,522,532,531,4.083969465648859,9.739463601532568,11.0,52.0,"Thu, Sep  2, 2010","Thu, Sep  9, 2010"
4098,Redding Municipal,Redding,United States,RDD,KRDD,40.509,-122.293389,504,-8,A,"Redding, CA",115,122,118,126,4.14782608695652,10.647540983606554,8.0,36.0,"Tue, Sep 21, 2010","Tue, Sep 21, 2010"
4103,Roberts Field,Redmond-Bend,United States,RDM,KRDM,44.254066,-121.149964,3077,-8,A,"Bend/Redmond, OR",238,236,238,238,3.46218487394958,9.385593220338983,8.0,74.0,"Tue, Sep  7, 2010","Tue, Sep  7, 2010"
3626,Raleigh Durham International,Raleigh-durham,United States,RDU,KRDU,35.877639,-78.787472,435,-5,A,"Raleigh/Durham, NC",3828,3820,3869,3869,4.555120167189122,13.965706806282686,40.0,136.0,"Fri, Sep 24, 2010","Mon, Sep 13, 2010"
3608,Richmond International,Richmond,United States,RIC,KRIC,37.505167,-77.319667,167,-5,A,"Richmond, VA",1406,1402,1430,1427,5.42247510668563,14.430099857346647,22.0,109.0,"Fri, Sep 17, 2010","Sun, Sep 26, 2010"
5766,Rock Springs Sweetwater County Airport,Rock Springs,United States,RKS,KRKS,41.5942,-109.065,6760,-7,A,"Rock Springs, WY",148,148,150,150,3.358108108108108,10.26351351351352,7.0,36.0,"Fri, Sep 10, 2010","Fri, Sep 10, 2010"
3807,Reno Tahoe International,Reno,United States,RNO,KRNO,39.499108,-119.768108,4415,-8,A,"Reno, NV",1742,1741,1747,1748,4.53960964408726,10.298678920160826,20.0,126.0,"Sat, Sep  4, 2010","Wed, Sep  8, 2010"
4016,Roanoke Regional,Roanoke VA,United States,ROA,KROA,37.325472,-79.975417,1175,-5,A,"Roanoke, VA",316,316,318,318,4.389240506329113,13.028481012658222,17.0,51.0,"Thu, Sep 23, 2010","Mon, Sep 27, 2010"
3622,Greater Rochester International,Rochester,United States,ROC,KROC,43.118866,-77.672389,559,-5,A,"Rochester, NY",1123,1119,1139,1138,5.777382012466609,13.019660411081322,30.0,96.0,"Mon, Sep  6, 2010","Fri, Sep 24, 2010"
3736,Roswell International Air Center,Roswell,United States,ROW,KROW,33.301556,-104.530556,3671,-7,A,"Roswell, NM",86,86,86,86,4.465116279069768,10.197674418604652,10.0,100.0,"Fri, Sep  3, 2010","Sat, Sep 25, 2010"
4048,Rochester,Rochester,United States,RST,KRST,43.908283,-92.500014,1317,-6,A,"Rochester, MN",274,273,281,280,3.602189781021898,10.897435897435903,9.0,46.0,"Wed, Sep 29, 2010","Sun, Sep  5, 2010"
3793,Southwest Florida International,Fort Myers,United States,RSW,KRSW,26.536167,-81.755167,30,-5,A,"Fort Myers, FL",1565,1556,1570,1568,4.419169329073488,11.023778920308473,22.0,58.0,"Fri, Sep  3, 2010","Thu, Sep 30, 2010"
3784,Santa Fe Municipal,Santa Fe,United States,SAF,KSAF,35.617108,-106.089422,6348,-7,A,"Santa Fe, NM",90,89,90,90,5.311111111111112,9.382022471910112,29.0,33.0,"Wed, Sep  8, 2010","Wed, Sep 22, 2010"
3731,San Diego International,San Diego,United States,SAN,KSAN,32.733556,-117.189667,17,-8,A,"San Diego, CA",6239,6225,6262,6262,3.547844205802213,13.184096385542164,48.0,77.0,"Thu, Sep 30, 2010","Tue, Sep 21, 2010"
3621,San Antonio International,San Antonio,United States,SAT,KSAT,29.533694,-98.469778,809,-6,A,"San Antonio, TX",3178,3177,3196,3196,4.020138451856533,11.926975133773992,56.0,107.0,"Thu, Sep 30, 2010","Wed, Sep  1, 2010"
3613,Savannah Hilton Head International,Savannah,United States,SAV,KSAV,32.127583,-81.202139,51,-5,A,"Savannah, GA",895,890,910,909,5.32960893854749,15.080898876404497,42.0,63.0,"Mon, Sep 27, 2010","Sun, Sep 26, 2010"
3949,Santa Barbara Municipal,Santa Barbara,United States,SBA,KSBA,34.426211,-119.840372,10,-8,A,"Santa Barbara, CA",812,814,826,827,4.022167487684729,10.138820638820647,63.0,87.0,"Sun, Sep  5, 2010","Sat, Sep  4, 2010"
4359,South Bend Regional,South Bend,United States,SBN,KSBN,41.708661,-86.31725,799,-5,A,"South Bend, IN",442,440,447,448,3.683257918552035,13.581818181818182,21.0,77.0,"Thu, Sep  2, 2010","Tue, Sep 21, 2010"
5768,San Luis County Regional Airport,San Luis Obispo,United States,SBP,KSBP,35.2368,-120.642,212,-8,A,"San Luis Obispo, CA",384,383,388,388,3.3515624999999982,9.744125326370748,11.0,43.0,"Mon, Sep  6, 2010","Fri, Sep 17, 2010"
3620,Deadhorse,Deadhorse,United States,SCC,PASC,70.19475,-148.465167,64,-9,A,"Deadhorse, AK",57,57,57,57,3.7017543859649122,5.649122807017545,7.0,20.0,"Sat, Sep 25, 2010","Mon, Sep 20, 2010"
4318,University Park Airport,State College Pennsylvania,United States,SCE,KUNV,40.849278,-77.848694,1239,-5,A,"State College, PA",85,85,86,86,5.588235294117647,12.117647058823529,10.0,32.0,"Tue, Sep 14, 2010","Thu, Sep 16, 2010"
4014,Louisville International Airport,Louisville,United States,SDF,KSDF,38.1740858,-85.7364989,501,-5,A,"Louisville, KY",1505,1500,1514,1514,5.868438538205988,12.125999999999996,32.0,77.0,"Mon, Sep 13, 2010","Fri, Sep  3, 2010"
3577,Seattle Tacoma International,Seattle,United States,SEA,KSEA,47.449,-122.309306,433,-8,A,"Seattle, WA",8478,8474,8496,8497,6.323661240858696,15.662025017701204,39.0,87.0,"Tue, Sep  7, 2010","Thu, Sep  9, 2010"
3469,San Francisco International,San Francisco,United States,SFO,KSFO,37.618972,-122.374889,13,-8,A,"San Francisco, CA",11462,11521,11675,11678,6.068748909439864,16.00694384168042,53.0,87.0,"Sun, Sep 12, 2010","Mon, Sep 27, 2010"
4348,Springfield Branson National,Springfield,United States,SGF,KSGF,37.245667,-93.388639,1268,-6,A,"Springfield, MO",649,647,654,654,4.913713405238826,13.021638330757341,23.0,110.0,"Mon, Sep 27, 2010","Wed, Sep  1, 2010"
4064,St. George Municipal,Saint George,United States,SGU,KSGU,37.090583,-113.593056,2941,-7,A,"St. George, UT",191,190,191,191,3.8010471204188483,8.357894736842113,6.0,51.0,"Fri, Sep  3, 2010","Thu, Sep  9, 2010"
3609,Shreveport Regional,Shreveport,United States,SHV,KSHV,32.446629,-93.8256,258,-6,A,"Shreveport, LA",412,411,420,420,5.160194174757281,8.70559610705596,24.0,32.0,"Sat, Sep 18, 2010","Thu, Sep 23, 2010"
3856,Sitka Rocky Gutierrez,Sitka,United States,SIT,PASI,57.047138,-135.361611,21,-9,A,"Sitka, AK",112,112,113,113,3.9732142857142856,9.999999999999996,8.0,28.0,"Wed, Sep  1, 2010","Fri, Sep 10, 2010"
3748,Norman Y. Mineta San Jose International,San Jose,United States,SJC,KSJC,37.3626,-121.929022,62,-8,A,"San Jose, CA",3223,3218,3233,3230,3.518461061123177,10.584213797389674,20.0,47.0,"Tue, Sep 21, 2010","Wed, Sep  1, 2010"
3708,San Angelo Regional-Mathis Field,San Angelo,United States,SJT,KSJT,31.35775,-100.496306,1919,-6,A,"San Angelo, TX",29,29,30,30,2.7586206896551717,6.724137931034483,4.0,11.0,"Mon, Sep  6, 2010","Wed, Sep  8, 2010"
3536,Salt Lake City International,Salt Lake City,United States,SLC,KSLC,40.788389,-111.977772,4227,-7,A,"Salt Lake City, UT",10032,10055,10082,10079,7.202551834130776,19.63669816011936,62.0,66.0,"Sun, Sep  5, 2010","Thu, Sep  2, 2010"
3817,Sacramento International,Sacramento,United States,SMF,KSMF,38.695417,-121.590778,27,-8,A,"Sacramento, CA",3503,3544,3535,3567,4.384813017413659,9.771444695259593,20.0,56.0,"Tue, Sep  7, 2010","Thu, Sep  2, 2010"
5772,Santa Maria Public-Captain G. Allan Hancock Airport,Santa Maria,United States,SMX,KSMX,34.8989,-120.457,261,-8,A,"Santa Maria, CA",110,110,114,114,3.8272727272727276,9.718181818181819,7.0,22.0,"Tue, Sep  7, 2010","Mon, Sep 13, 2010"
3867,John Wayne Airport Orange County,Santa Ana,United States,SNA,KSNA,33.675667,-117.868222,56,-8,A,"Santa Ana, CA",3423,3426,3436,3436,6.134969325153376,12.199649737302977,49.0,90.0,"Mon, Sep 13, 2010","Wed, Sep  1, 2010"
4336,Abraham Lincoln Capital,Springfield,United States,SPI,KSPI,39.8441,-89.677889,597,-6,A,"Springfield, IL",138,138,144,144,3.8260869565217392,8.956521739130437,6.0,20.0,"Tue, Sep 28, 2010","Sun, Sep 12, 2010"
4067,Sarasota Bradenton International,Sarasota,United States,SRQ,KSRQ,27.395444,-82.554389,30,-5,A,"Sarasota/Bradenton, FL",279,278,279,278,4.154121863799282,11.017985611510792,10.0,26.0,"Sat, Sep 11, 2010","Sun, Sep 19, 2010"
3678,Lambert St. Louis International,St. Louis,United States,STL,KSTL,38.748697,-90.370028,618,-6,A,"St. Louis, MO",4655,4652,4686,4683,4.6751879699248065,10.343938091143608,82.0,127.0,"Sat, Sep 18, 2010","Wed, Sep  8, 2010"
6494,Friedman Memorial,Hailey,United States,SUN,KSUN,43.504444,-114.296194,5320,-7,A,"Sun Valley/Hailey/Ketchum, ID",168,168,168,168,2.9642857142857144,9.55357142857143,6.0,37.0,"Mon, Sep  6, 2010","Thu, Sep  9, 2010"
3753,Sioux Gateway-Colonel Bud Day Field,Sioux City,United States,SUX,KSUX,42.402603,-96.384367,1098,-6,A,"Sioux City, IA",52,53,56,57,3.25,12.471698113207546,6.0,63.0,"Fri, Sep 17, 2010","Tue, Sep  7, 2010"
3661,Stewart International,Newburgh,United States,SWF,KSWF,41.504094,-74.104839,491,-5,A,"Newburgh/Poughkeepsie, NY",170,171,175,175,5.111764705882356,13.976608187134502,9.0,55.0,"Thu, Sep 16, 2010","Thu, Sep  9, 2010"
3745,Syracuse Hancock International,Syracuse,United States,SYR,KSYR,43.111187,-76.106311,421,-5,A,"Syracuse, NY",910,911,924,926,4.856043956043952,13.724478594950606,25.0,128.0,"Sun, Sep 12, 2010","Thu, Sep 16, 2010"
3698,Tallahassee Regional,Tallahassee,United States,TLH,KTLH,30.396528,-84.350333,81,-5,A,"Tallahassee, FL",426,427,429,429,3.6666666666666665,14.955503512880561,21.0,78.0,"Sun, Sep 26, 2010","Wed, Sep 22, 2010"
4040,Toledo,Toledo,United States,TOL,KTOL,41.586806,-83.807833,684,-5,A,"Toledo, OH",85,85,86,86,2.9647058823529413,13.235294117647058,6.0,78.0,"Sat, Sep 25, 2010","Wed, Sep 22, 2010"
3646,Tampa International,Tampa,United States,TPA,KTPA,27.975472,-82.53325,26,-5,A,"Tampa, FL",4959,4952,4977,4977,4.565638233514817,12.157108239095306,41.0,88.0,"Wed, Sep  8, 2010","Mon, Sep 27, 2010"
4116,Tri-Cities Regional Airport,BRISTOL,United States,TRI,KTRI,36.4752222,-82.4074167,1519,-5,A,"Bristol/Johnson City/Kingsport, TN",327,326,329,329,4.2232415902140685,11.312883435582824,17.0,42.0,"Mon, Sep 27, 2010","Mon, Sep 27, 2010"
3855,Tulsa International,Tulsa,United States,TUL,KTUL,36.198389,-95.888111,677,-6,A,"Tulsa, OK",1674,1671,1682,1682,4.421744324970125,11.08497905445842,33.0,107.0,"Thu, Sep 23, 2010","Sat, Sep 18, 2010"
3636,Tucson International,Tucson,United States,TUS,KTUS,32.116083,-110.941028,2643,-7,N,"Tucson, AZ",1762,1761,1764,1765,4.526106696935292,10.820556501987504,62.0,62.0,"Fri, Sep  3, 2010","Wed, Sep 22, 2010"
4023,Cherry Capital Airport,Traverse City,United States,TVC,KTVC,44.741445,-85.582235,624,-5,A,"Traverse City, MI",387,388,391,393,3.462532299741602,11.407216494845365,14.0,49.0,"Fri, Sep 17, 2010","Wed, Sep 29, 2010"
4263,Magic Valley Regional Airport,Twin Falls,United States,TWF,KTWF,42.481803,-114.487733,4151,-7,A,"Twin Falls, ID",120,120,120,120,3.325,10.783333333333333,6.0,49.0,"Sun, Sep 12, 2010","Thu, Sep  9, 2010"
3770,Texarkana Regional-Webb Field,Texarkana,United States,TXK,KTXK,33.453722,-93.991028,390,-6,A,"Texarkana, AR",87,87,90,90,2.7931034482758625,7.793103448275862,6.0,18.0,"Thu, Sep  2, 2010","Tue, Sep  7, 2010"
3848,Tyler Pounds Regional,Tyler,United States,TYR,KTYR,32.354139,-95.402386,544,-6,A,"Tyler, TX",57,56,60,60,3.9473684210526314,8.571428571428573,8.0,45.0,"Thu, Sep  2, 2010","Sat, Sep 25, 2010"
3676,McGhee Tyson,Knoxville,United States,TYS,KTYS,35.810972,-83.994028,981,-5,A,"Knoxville, TN",1223,1221,1241,1242,4.06623058053965,13.193284193284192,25.0,95.0,"Mon, Sep 27, 2010","Mon, Sep 27, 2010"
7827,Tunica Municipal Airport,Tunica,United States,UTM,KUTA,34.681,-90.3467,194,-6,A,"Tunica, MS",17,17,17,17,4.117647058823529,12.176470588235293,8.0,34.0,"Mon, Sep 13, 2010","Thu, Sep 30, 2010"
5776,Valdosta Regional Airport,Valdosta,United States,VLD,KVLD,30.7825,-83.2767,203,-5,A,"Valdosta, GA",85,85,85,85,4.08235294117647,11.788235294117644,7.0,43.0,"Sat, Sep 11, 2010","Wed, Sep 29, 2010"
3873,Eglin AFB,Valparaiso,United States,VPS,KVPS,30.48325,-86.5254,87,-6,A,"Valparaiso, FL",623,624,630,630,6.802568218298551,12.689102564102566,26.0,52.0,"Thu, Sep  9, 2010","Thu, Sep 23, 2010"
5969,Wrangell Airport,Wrangell,United States,WRG,PAWG,56.4843,-132.37,44,-9,A,"Wrangell, AK",59,59,60,60,3.6271186440677967,7.966101694915257,6.0,21.0,"Sun, Sep 19, 2010","Sun, Sep 12, 2010"
7072,Yellowstone Airport,West Yellowstone,United States,WYS,KWYS,44.688333,-111.1175,6644,-7,A,"West Yellowstone, MT",69,69,69,69,3.1884057971014492,8.376811594202902,5.0,24.0,"Mon, Sep 13, 2010","Thu, Sep  9, 2010"
4356,NW Arkansas Regional,Bentonville,United States,XNA,KXNA,36.2818694,-94.3068111,1287,-6,A,"Fayetteville, AR",1172,1173,1197,1196,4.406996587030718,12.456947996589953,35.0,87.0,"Mon, Sep  6, 2010","Tue, Sep 28, 2010"
6803,Yakutat,Yakutat,United States,YAK,PAYA,59.3012,-139.3937,33,-9,A,"Yakutat, AK",60,60,60,60,3.716666666666667,9.933333333333334,6.0,36.0,"Thu, Sep  2, 2010","Wed, Sep  8, 2010"
3596,Yuma MCAS Yuma International,Yuma,United States,YUM,KYUM,32.656578,-114.60598,216,-7,N,"Yuma, AZ",293,292,296,297,4.443686006825941,12.147260273972597,14.0,51.0,"Fri, Sep 17, 2010","Mon, Sep  6, 2010"
2883,Cyril E. King,St. Thomas,Virgin Islands,STT,TIST,18.337306,-64.973361,23,-4,U,"Charlotte Amalie, VI",111,111,114,114,4.216216216216216,13.288288288288289,8.0,39.0,"Sun, Sep 19, 2010","Mon, Sep 13, 2010"
2884,Henry E. Rohlsen,St. Croix Island,Virgin Islands,STX,TISX,17.701889,-64.798556,74,-4,U,"Christiansted, VI",30,30,30,30,3.933333333333333,10.8,9.0,24.0,"Sun, Sep 19, 2010","Tue, Sep  7, 2010"
2885,Rafael Hernndez,Aguadilla,Puerto Rico,BQN,TJBQ,18.494861,-67.129444,237,-4,U,"Aguadilla, PR",97,98,97,98,4.175257731958762,12.081632653061224,7.0,36.0,"Wed, Sep  1, 2010","Thu, Sep  9, 2010"
2889,Aeropuerto Mercedita,Ponce,Puerto Rico,PSE,TJPS,18.008306,-66.563028,29,-4,U,"Ponce, PR",58,57,60,59,4.655172413793103,11.631578947368421,11.0,24.0,"Tue, Sep 21, 2010","Thu, Sep 30, 2010"
2890,Luis Muoz Marn International,San Juan,Puerto Rico,SJU,TJSJ,18.439417,-66.001833,9,-4,U,"San Juan, PR",1368,1368,1370,1371,5.747807017543866,13.38888888888889,37.0,59.0,"Sat, Sep  4, 2010","Sat, Sep 11, 2010"
