airport_id,name,city,country,iata_faa,iaco,latitude,longitude,altitude,zone,dst,city_state,avg_able_landings,avg_able_takeoffs,total_landings,total_takeoffs,avg_taxi_in,avg_taxi_out,longest_taxi_in,longest_taxi_out,lng_tx_in_date,lng_tx_out_date
4355,Lehigh Valley International,Allentown,United States,ABE,KABE,40.652083,-75.440806,393,-5,A,"Allentown/Bethlehem/Easton, PA",291,328,305,342,4.013745704467354,15.884146341463417,20.0,69.0,"Wed, Dec 15, 2010","Sun, Dec 26, 2010"
3718,Abilene Regional,Abilene,United States,ABI,KABI,32.411319,-99.681897,1791,-6,A,"Abilene, TX",209,207,211,211,3.2679425837320575,9.101449275362317,6.0,28.0,"Wed, Dec 29, 2010","Sat, Dec 25, 2010"
4019,Albuquerque International Sunport,Albuquerque,United States,ABQ,KABQ,35.0402222,-106.6091944,5355,-7,A,"Albuquerque, NM",2777,2773,2800,2799,5.497659344616489,10.22610890732058,41.0,87.0,"Tue, Dec 28, 2010","Sat, Dec 11, 2010"
5714,Aberdeen Regional Airport,Aberdeen,United States,ABR,KABR,45.4491,-98.4218,1302,-6,A,"Aberdeen, SD",1,1,2,2,9.0,35.0,9.0,35.0,"Sat, Dec  4, 2010","Sun, Dec  5, 2010"
5715,Southwest Georgia Regional Airport,Albany,United States,ABY,KABY,31.5355,-84.1945,197,-5,A,"Albany, GA",83,83,87,87,3.433734939759036,9.85542168674699,6.0,30.0,"Wed, Dec 22, 2010","Fri, Dec  3, 2010"
3700,Waco Regional,Waco,United States,ACT,KACT,31.611289,-97.230519,516,-6,A,"Waco, TX",58,59,59,60,3.6206896551724137,8.220338983050848,8.0,19.0,"Sun, Dec  5, 2010","Thu, Dec  2, 2010"
4384,Arcata,Arcata CA,United States,ACV,KACV,40.978111,-124.108611,221,-8,A,"Arcata/Eureka, CA",276,276,295,296,3.9130434782608696,9.905797101449275,21.0,40.0,"Sun, Dec 19, 2010","Mon, Dec 27, 2010"
3524,Atlantic City International,Atlantic City,United States,ACY,KACY,39.457583,-74.577167,75,-5,A,"Atlantic City, NJ",59,59,62,62,5.0508474576271185,13.94915254237288,9.0,48.0,"Mon, Dec  6, 2010","Thu, Dec 16, 2010"
5959,Adak Airport,Adak Island,United States,ADK,PADK,51.878,-176.646,18,-10,A,"Adak Island, AK",9,9,9,9,4.555555555555555,7.333333333333333,6.0,19.0,"Sun, Dec 12, 2010","Sun, Dec 12, 2010"
3531,Kodiak,Kodiak,United States,ADQ,PADQ,57.749967,-152.493856,78,-9,A,"Kodiak, AK",51,51,56,56,3.2941176470588234,7.078431372549019,7.0,21.0,"Tue, Dec 14, 2010","Tue, Dec 28, 2010"
3852,Alexandria International,Alexandria,United States,AEX,KAEX,31.3274,-92.549833,89,-6,A,"Alexandria, LA",279,280,284,286,2.9856630824372767,12.828571428571433,14.0,46.0,"Wed, Dec  1, 2010","Wed, Dec 29, 2010"
3658,Augusta Regional At Bush Field,Bush Field,United States,AGS,KAGS,33.369944,-81.9645,144,-5,A,"Augusta, GA",311,309,322,322,3.0707395498392285,15.605177993527509,22.0,159.0,"Fri, Dec 24, 2010","Sun, Dec 12, 2010"
3864,Albany International,Albany,United States,ALB,KALB,42.748267,-73.801692,285,-5,A,"Albany, NY",888,900,940,951,4.104729729729732,15.43222222222222,45.0,66.0,"Tue, Dec 28, 2010","Fri, Dec 17, 2010"
3840,Rick Husband Amarillo International,Amarillo,United States,AMA,KAMA,35.219369,-101.705931,3607,-6,A,"Amarillo, TX",482,480,482,482,5.080912863070538,9.906250000000007,14.0,49.0,"Wed, Dec 22, 2010","Fri, Dec 17, 2010"
3774,Ted Stevens Anchorage International,Anchorage,United States,ANC,PANC,61.174361,-149.996361,152,-9,A,"Anchorage, AK",1290,1300,1311,1307,4.55426356589147,15.298461538461533,26.0,59.0,"Wed, Dec  1, 2010","Sat, Dec  4, 2010"
7001,Aspen/Pitkin County-Sardy Field,Aspen,United States,ASE,KASE,39.2232,-106.869,7820,-7,A,"Aspen, CO",430,429,461,458,3.6930232558139533,13.958041958041958,13.0,67.0,"Sat, Dec 18, 2010","Thu, Dec 30, 2010"
3682,Hartsfield Jackson Atlanta International,Atlanta,United States,ATL,KATL,33.636719,-84.428067,1026,-5,A,"Atlanta, GA",32848,32992,34440,34449,10.998873599610347,21.064894519883648,78.0,176.0,"Sun, Dec 26, 2010","Sat, Dec 25, 2010"
4047,Appleton,Appleton,United States,ATW,KATW,44.257526,-88.507576,680,-6,A,"Appleton, WI",331,334,371,378,4.737160120845923,14.859281437125759,25.0,89.0,"Fri, Dec 31, 2010","Sun, Dec 26, 2010"
3673,Austin Bergstrom International,Austin,United States,AUS,KAUS,30.194528,-97.669889,542,-6,A,"Austin, TX",3611,3607,3655,3654,5.225145389088888,12.135846964236201,60.0,154.0,"Wed, Dec 15, 2010","Sun, Dec 12, 2010"
4007,Asheville Regional Airport,Asheville,United States,AVL,KAVL,35.436194,-82.541806,2165,-5,A,"Asheville, NC",404,402,427,426,4.249999999999997,18.333333333333325,32.0,110.0,"Mon, Dec 13, 2010","Sat, Dec 25, 2010"
4286,Wilkes Barre Scranton International,Scranton,United States,AVP,KAVP,41.338478,-75.723403,962,-5,A,"Scranton/Wilkes-Barre, PA",196,188,208,199,3.3520408163265305,17.244680851063826,8.0,54.0,"Tue, Dec  7, 2010","Wed, Dec  1, 2010"
4039,Kalamazoo,Kalamazoo,United States,AZO,KAZO,42.234875,-85.552058,874,-5,A,"Kalamazoo, MI",222,218,241,243,5.027027027027024,19.513761467889907,21.0,95.0,"Thu, Dec  2, 2010","Mon, Dec 13, 2010"
3825,Bradley International,Windsor Locks,United States,BDL,KBDL,41.938889,-72.683222,173,-5,A,"Hartford, CT",2151,2145,2281,2280,5.630404463040436,15.105827505827502,42.0,126.0,"Mon, Dec 13, 2010","Sun, Dec 12, 2010"
3599,Bethel,Bethel,United States,BET,PABE,60.779778,-161.838,121,-9,A,"Bethel, AK",83,83,84,84,3.9036144578313254,7.506024096385542,7.0,22.0,"Wed, Dec  1, 2010","Mon, Dec 13, 2010"
3558,Meadows Field,Bakersfield,United States,BFL,KBFL,35.433598,-119.05677,507,-8,A,"Bakersfield, CA",260,263,275,276,4.55,11.216730038022813,25.0,37.0,"Sat, Dec  4, 2010","Tue, Dec 21, 2010"
4129,Greater Binghamton-Edwin A. Link Field,Binghamton,United States,BGM,KBGM,42.208689,-75.979839,1636,-5,A,"Binghamton, NY",69,68,74,74,4.028985507246376,29.441176470588232,10.0,67.0,"Fri, Dec 10, 2010","Mon, Dec  6, 2010"
3463,Bangor International,Bangor,United States,BGR,KBGR,44.807444,-68.828139,192,-5,A,"Bangor, ME",30,30,32,32,5.166666666666667,27.666666666666668,10.0,80.0,"Wed, Dec 29, 2010","Mon, Dec  6, 2010"
3811,Birmingham International,Birmingham,United States,BHM,KBHM,33.562942,-86.75355,644,-6,A,"Birmingham, AL",1737,1713,1778,1756,3.8710420264824443,13.84938704028021,32.0,75.0,"Tue, Dec 28, 2010","Thu, Dec 16, 2010"
4021,Billings Logan International Airport,Billings,United States,BIL,KBIL,45.80921,-108.537654,3652,-7,A,"Billings, MT",295,294,306,306,3.7084745762711866,13.615646258503402,16.0,60.0,"Thu, Dec 23, 2010","Sat, Dec  4, 2010"
4083,Bismarck Municipal Airport,Bismarck,United States,BIS,KBIS,46.775842,-100.757931,1661,-6,A,"Bismarck/Mandan, ND",307,306,324,324,4.306188925081434,16.67647058823531,30.0,106.0,"Thu, Dec 23, 2010","Fri, Dec  3, 2010"
6962,Branson LLC,Branson,United States,BKG,KBBG,36.531994,-93.200556,1302,-6,A,"Branson, MO",60,60,60,60,4.500000000000002,11.900000000000002,7.0,23.0,"Thu, Dec  9, 2010","Sun, Dec  5, 2010"
3777,Bellingham International,Bellingham,United States,BLI,KBLI,48.792694,-122.537528,170,-8,A,"Bellingham, WA",26,26,26,26,5.730769230769231,10.692307692307692,7.0,25.0,"Wed, Dec  1, 2010","Mon, Dec 20, 2010"
4037,Central Illinois Regional,Bloomington,United States,BMI,KBMI,40.477111,-88.915917,871,-6,A,"Bloomington/Normal, IL",383,379,405,405,4.728459530026106,12.707124010554102,38.0,78.0,"Thu, Dec  9, 2010","Thu, Dec  9, 2010"
3690,Nashville International,Nashville,United States,BNA,KBNA,36.124472,-86.678194,599,-6,A,"Nashville, TN",4134,4192,4300,4353,5.813981615868407,13.89026717557252,43.0,109.0,"Sat, Dec 25, 2010","Sun, Dec 12, 2010"
3495,Boise Air Terminal,Boise,United States,BOI,KBOI,43.564361,-116.222861,2871,-7,A,"Boise, ID",1193,1193,1208,1208,3.879295892707454,12.735959765297569,37.0,106.0,"Sun, Dec 19, 2010","Fri, Dec 17, 2010"
3448,General Edward Lawrence Logan International,Boston,United States,BOS,KBOS,42.364347,-71.005181,19,-5,A,"Boston, MA",8751,8756,9429,9439,6.621414695463368,21.87185929648245,66.0,153.0,"Thu, Dec 23, 2010","Mon, Dec 20, 2010"
5725,Brunswick Golden Isles Airport,Brunswick,United States,BQK,KBQK,31.2588,-81.4665,26,-5,A,"Brunswick, GA",84,83,87,87,3.1785714285714284,18.554216867469883,6.0,51.0,"Thu, Dec 30, 2010","Tue, Dec 21, 2010"
3738,Brownsville South Padre Island International,Brownsville,United States,BRO,KBRO,25.906833,-97.425861,22,-6,A,"Brownsville, TX",206,206,207,207,4.1747572815533935,10.37864077669903,8.0,39.0,"Fri, Dec  3, 2010","Thu, Dec 23, 2010"
3571,Wiley Post Will Rogers Memorial,Barrow,United States,BRW,PABR,71.285446,-156.766003,44,-9,A,"Barrow, AK",68,68,68,68,5.779411764705882,5.735294117647059,9.0,18.0,"Fri, Dec 31, 2010","Tue, Dec 28, 2010"
4022,Bert Mooney Airport,Butte,United States,BTM,KBTM,45.954806,-112.497472,5550,-7,A,"Butte, MT",52,52,60,60,4.3269230769230775,13.75,8.0,39.0,"Tue, Dec  7, 2010","Fri, Dec 17, 2010"
3846,Baton Rouge Metro-Ryan Field,Baton Rouge,United States,BTR,KBTR,30.533167,-91.149639,70,-6,A,"Baton Rouge, LA",724,725,738,738,3.9226519337016588,11.776551724137931,21.0,62.0,"Thu, Dec 23, 2010","Mon, Dec  6, 2010"
3711,Burlington International,Burlington,United States,BTV,KBTV,44.471861,-73.153278,335,-5,A,"Burlington, VT",485,483,523,523,5.115463917525771,22.459627329192546,45.0,162.0,"Wed, Dec  1, 2010","Thu, Dec 23, 2010"
3820,Buffalo Niagara International,Buffalo,United States,BUF,KBUF,42.940525,-78.732167,724,-5,A,"Buffalo, NY",1867,1837,1970,1938,5.706480985538303,18.61513336962437,77.0,75.0,"Mon, Dec  6, 2010","Wed, Dec  1, 2010"
3644,Bob Hope,Burbank,United States,BUR,KBUR,34.200667,-118.358667,778,-8,A,"Burbank, CA",2101,2104,2146,2147,3.062827225130889,10.961026615969562,43.0,79.0,"Mon, Dec 27, 2010","Fri, Dec 17, 2010"
3849,Baltimore Washington International,Baltimore,United States,BWI,KBWI,39.175361,-76.668333,146,-5,A,"Baltimore, MD",8267,8284,8557,8565,6.246522317648475,12.775832930951236,66.0,143.0,"Wed, Dec 22, 2010","Mon, Dec 20, 2010"
4020,Gallatin Field,Bozeman,United States,BZN,KBZN,45.777643,-111.160151,4500,-7,A,"Bozeman, MT",345,348,357,359,5.055072463768117,18.795977011494266,35.0,90.0,"Sun, Dec 26, 2010","Fri, Dec 31, 2010"
3561,Columbia Metropolitan,Colombia,United States,CAE,KCAE,33.938833,-81.119528,236,-5,A,"Columbia, SC",656,649,687,683,3.568597560975608,14.939907550077042,12.0,98.0,"Tue, Dec 28, 2010","Sun, Dec 26, 2010"
4112,Akron Canton Regional Airport,Akron,United States,CAK,KCAK,40.9160833,-81.4421944,1228,-5,A,"Akron, OH",726,739,746,759,4.520661157024796,22.7401894451962,14.0,105.0,"Mon, Dec  6, 2010","Sun, Dec  5, 2010"
3824,Cedar City Regional,Cedar City,United States,CDC,KCDC,37.700967,-113.098847,5622,-7,A,"Cedar City, UT",53,54,54,55,3.018867924528302,12.259259259259258,8.0,59.0,"Thu, Dec 30, 2010","Wed, Dec 29, 2010"
3610,Merle K. Mudhole Smith,Cordova,United States,CDV,PACV,60.491778,-145.477556,48,-9,A,"Cordova, AK",56,56,57,57,3.392857142857143,9.428571428571429,6.0,57.0,"Mon, Dec  6, 2010","Fri, Dec  3, 2010"
5727,Del Norte County Airport,Crescent City,United States,CEC,KCEC,41.7802,-124.237,57,-8,A,"Crescent City, CA",80,79,89,88,3.5375000000000005,12.556962025316457,6.0,41.0,"Sat, Dec  4, 2010","Wed, Dec  8, 2010"
3578,Lovell Field,Chattanooga,United States,CHA,KCHA,35.035278,-85.203808,683,-5,A,"Chattanooga, TN",348,347,363,363,3.5143678160919554,14.452449567723344,32.0,67.0,"Wed, Dec  1, 2010","Sun, Dec 26, 2010"
4015,Charlottesville-Albemarle,Charlottesville VA,United States,CHO,KCHO,38.138639,-78.452861,639,-5,A,"Charlottesville, VA",84,84,87,87,2.7499999999999996,10.749999999999996,5.0,24.0,"Thu, Dec 16, 2010","Thu, Dec 16, 2010"
3806,Charleston AFB International,Charleston,United States,CHS,KCHS,32.898647,-80.040528,45,-5,A,"Charleston, SC",946,947,1001,1007,6.041226215644818,16.138331573389642,24.0,90.0,"Sun, Dec  5, 2010","Wed, Dec 22, 2010"
3710,Chico Municipal,Chico,United States,CIC,KCIC,39.795383,-121.858422,238,-8,A,"Chico, CA",106,106,120,120,3.358490566037736,11.792452830188678,12.0,41.0,"Wed, Dec 22, 2010","Tue, Dec 28, 2010"
4043,Cedar Rapids,Cedar Rapids,United States,CID,KCID,41.884694,-91.710806,869,-6,A,"Cedar Rapids/Iowa City, IA",443,442,477,477,4.9571106094808135,13.990950226244346,30.0,58.0,"Thu, Dec 23, 2010","Sat, Dec 11, 2010"
4088,McClellan-Palomar Airport,Carlsbad,United States,CLD,KCRQ,33.0742,-117.1648,328,-8,A,"Carlsbad, CA",157,157,163,163,3.751592356687898,9.643312101910825,7.0,24.0,"Wed, Dec 29, 2010","Sun, Dec 19, 2010"
3486,Cleveland Hopkins International,Cleveland,United States,CLE,KCLE,41.411689,-81.849794,791,-5,A,"Cleveland, OH",4562,4623,4730,4783,6.80688294607628,17.853990914990256,64.0,109.0,"Mon, Dec 13, 2010","Sat, Dec  4, 2010"
3715,Easterwood Field,College Station,United States,CLL,KCLL,30.588583,-96.363833,321,-6,A,"College Station/Bryan, TX",31,31,31,31,4.387096774193548,7.516129032258065,8.0,12.0,"Thu, Dec  9, 2010","Wed, Dec  8, 2010"
3876,Charlotte Douglas International,Charlotte,United States,CLT,KCLT,35.214,-80.943139,748,-5,A,"Charlotte, NC",10860,10894,11132,11133,8.82145488029464,19.88902147971352,68.0,163.0,"Sat, Dec 18, 2010","Sun, Dec 26, 2010"
3759,Port Columbus International,Columbus,United States,CMH,KCMH,39.997972,-82.891889,815,-5,A,"Columbus, OH",2531,2538,2652,2657,5.344132753852243,15.966903073286058,49.0,120.0,"Mon, Dec 13, 2010","Sat, Dec  4, 2010"
4049,Champaign,Champaign,United States,CMI,KCMI,40.03925,-88.278056,754,-6,A,"Champaign/Urbana, IL",166,165,179,179,4.5421686746987975,14.115151515151512,29.0,43.0,"Mon, Dec 13, 2010","Wed, Dec 22, 2010"
5732,Houghton County Memorial Airport,Hancock,United States,CMX,KCMX,47.1684,-88.4891,1095,-5,A,"Hancock/Houghton, MI",57,58,62,62,4.368421052631578,18.775862068965512,7.0,113.0,"Tue, Dec 21, 2010","Tue, Dec 21, 2010"
4344,Yellowstone Regional,Cody,United States,COD,KCOD,44.520194,-109.023806,5102,-7,A,"Cody, WY",90,89,93,93,3.8111111111111122,17.764044943820213,6.0,44.0,"Fri, Dec 31, 2010","Fri, Dec 31, 2010"
3819,City Of Colorado Springs Municipal,Colorado Springs,United States,COS,KCOS,38.805805,-104.700778,6187,-7,A,"Colorado Springs, CO",996,998,1029,1031,6.0783132530120465,16.664328657314645,57.0,93.0,"Fri, Dec 31, 2010","Wed, Dec 22, 2010"
3719,Columbia Regional,Columbia,United States,COU,KCOU,38.818094,-92.219631,889,-6,A,"Columbia, MO",84,84,89,89,7.321428571428571,15.940476190476184,16.0,98.0,"Sun, Dec  5, 2010","Fri, Dec 24, 2010"
3872,Natrona County International,Casper,United States,CPR,KCPR,42.908,-106.464417,5347,-7,A,"Casper, WY",171,171,176,176,3.9999999999999996,11.871345029239764,11.0,141.0,"Sat, Dec 18, 2010","Wed, Dec 15, 2010"
3744,Corpus Christi International,Corpus Christi,United States,CRP,KCRP,27.770361,-97.501222,44,-6,A,"Corpus Christi, TX",686,684,689,689,3.9431486880466444,9.945906432748533,22.0,48.0,"Sun, Dec 26, 2010","Thu, Dec 23, 2010"
4285,Yeager,Charleston,United States,CRW,KCRW,38.373147,-81.593189,981,-5,A,"Charleston/Dunbar, WV",360,364,390,391,4.108333333333336,20.277472527472543,29.0,124.0,"Wed, Dec  8, 2010","Thu, Dec  9, 2010"
4255,Columbus Metropolitan Airport,Columbus,United States,CSG,KCSG,32.5163333,-84.9388611,397,-5,A,"Columbus, GA",172,171,179,179,3.5697674418604644,12.988304093567251,10.0,65.0,"Tue, Dec 28, 2010","Wed, Dec 29, 2010"
3488,Cincinnati Northern Kentucky International,Cincinnati,United States,CVG,KCVG,39.048836,-84.667822,896,-5,A,"Cincinnati, OH",4456,4471,4713,4708,6.975763016157993,20.61775889062851,44.0,168.0,"Fri, Dec 17, 2010","Sat, Dec  4, 2010"
4045,Central Wisconsin,Wassau,United States,CWA,KCWA,44.772726,-89.646635,840,-6,A,"Mosinee, WI",125,124,141,141,3.9680000000000013,12.379032258064512,10.0,54.0,"Thu, Dec 30, 2010","Sat, Dec  4, 2010"
3804,Cheyenne Regional-Jerry Olson Field,Cheyenne,United States,CYS,KCYS,41.155722,-104.811839,6156,-7,A,"Cheyenne, WY",31,31,31,31,3.6451612903225805,9.516129032258064,13.0,23.0,"Sat, Dec 11, 2010","Fri, Dec  3, 2010"
3950,Daytona Beach International,Daytona Beach,United States,DAB,KDAB,29.179917,-81.058056,34,-5,A,"Daytona Beach, FL",127,127,135,135,4.551181102362206,17.13385826771653,10.0,45.0,"Sat, Dec  4, 2010","Sat, Dec 11, 2010"
3502,Dallas Love Field,Dallas,United States,DAL,KDAL,32.847111,-96.851778,487,-6,A,"Dallas, TX",3789,3803,3835,3838,3.877012404328318,9.159873783854856,37.0,57.0,"Wed, Dec 29, 2010","Thu, Dec 16, 2010"
3627,James M. Cox Dayton International,Dayton,United States,DAY,KDAY,39.902375,-84.219375,1009,-5,A,"Dayton, OH",1197,1193,1244,1244,5.551378446115285,20.589270746018443,29.0,112.0,"Mon, Dec 27, 2010","Thu, Dec  9, 2010"
4388,Dubuque Regional,Dubuque IA,United States,DBQ,KDBQ,42.402,-90.709472,1076,-6,A,"Dubuque, IA",21,21,27,27,4.38095238095238,12.952380952380953,10.0,25.0,"Tue, Dec 21, 2010","Fri, Dec 10, 2010"
3520,Ronald Reagan Washington National,Washington,United States,DCA,KDCA,38.852083,-77.037722,15,-5,A,"Washington, DC",6592,6598,7068,7073,6.034587378640789,17.634737799333216,160.0,138.0,"Thu, Dec 16, 2010","Thu, Dec 16, 2010"
3751,Denver International,Denver,United States,DEN,KDEN,39.861656,-104.673178,5431,-7,A,"Denver, CO",19502,19551,19848,19843,8.094400574300082,14.506214515881558,72.0,145.0,"Thu, Dec 16, 2010","Tue, Dec  7, 2010"
3670,Dallas Fort Worth International,Dallas-fort Worth,United States,DFW,KDFW,32.896828,-97.037997,607,-6,A,"Dallas/Fort Worth, TX",21843,21885,22153,22154,8.58961681087764,14.091706648389291,109.0,100.0,"Sat, Dec 25, 2010","Thu, Dec  9, 2010"
3739,Dothan Regional,Dothan,United States,DHN,KDHN,31.321339,-85.449628,401,-6,A,"Dothan, AL",113,113,118,118,3.1769911504424786,13.469026548672568,6.0,45.0,"Thu, Dec  2, 2010","Sun, Dec 12, 2010"
3598,Duluth International,Duluth,United States,DLH,KDLH,46.842091,-92.193649,1428,-6,A,"Duluth, MN",206,206,223,224,6.631067961165049,20.91747572815534,28.0,58.0,"Fri, Dec 31, 2010","Fri, Dec 31, 2010"
3713,Durango La Plata County,Durango,United States,DRO,KDRO,37.151516,-107.75377,6685,-7,A,"Durango, CO",287,287,291,291,4.641114982578397,13.836236933797911,19.0,54.0,"Sat, Dec  4, 2010","Thu, Dec 16, 2010"
3729,Des Moines International,Des Moines,United States,DSM,KDSM,41.533972,-93.663083,958,-6,A,"Des Moines, IA",1010,1010,1050,1050,4.923762376237622,15.647524752475272,37.0,82.0,"Thu, Dec 30, 2010","Tue, Dec 21, 2010"
3645,Detroit Metro Wayne County,Detroit,United States,DTW,KDTW,42.212444,-83.353389,645,-5,A,"Detroit, MI",12480,12542,13146,13136,11.425801282051268,23.896029341412923,162.0,169.0,"Sun, Dec 12, 2010","Sun, Dec 12, 2010"
5735,Chippewa Valley Regional Airport,Eau Claire,United States,EAU,KEAU,44.8658,-91.4843,913,-6,A,"Eau Claire, WI",81,82,89,89,4.469135802469136,18.20731707317074,24.0,54.0,"Sun, Dec 12, 2010","Thu, Dec 30, 2010"
7669,Northwest Florida Beaches International,Panama City,United States,ECP,KECP,30.3417,-85.7973,69,-6,A,"Panama City, FL",562,563,580,580,3.329181494661922,11.088809946714031,41.0,44.0,"Tue, Dec 21, 2010","Mon, Dec  6, 2010"
4250,Eagle County Regional,Vail,United States,EGE,KEGE,39.642556,-106.917694,6540,-7,A,"Eagle, CO",249,243,262,260,5.228915662650603,19.20164609053498,37.0,151.0,"Wed, Dec 29, 2010","Sun, Dec 26, 2010"
5736,Elko Regional Airport,Elko,United States,EKO,KEKO,40.8249,-115.792,5140,-8,A,"Elko, NV",100,98,116,116,4.05,11.387755102040813,8.0,46.0,"Mon, Dec 20, 2010","Thu, Dec 16, 2010"
3946,Elmira Corning Regional,Elmira,United States,ELM,KELM,42.159889,-76.891611,954,-5,A,"Elmira/Corning, NY",104,104,104,104,3.5961538461538463,18.61538461538461,8.0,54.0,"Fri, Dec 10, 2010","Sun, Dec 26, 2010"
3559,El Paso International,El Paso,United States,ELP,KELP,31.80725,-106.377583,3958,-7,A,"El Paso, TX",1810,1806,1818,1818,4.034254143646409,11.4451827242525,45.0,106.0,"Mon, Dec 27, 2010","Mon, Dec 20, 2010"
4276,Erie International-Tom Ridge Field,Erie,United States,ERI,KERI,42.082022,-80.176217,733,-5,A,"Erie, PA",72,71,74,74,3.2916666666666665,23.422535211267604,7.0,73.0,"Fri, Dec 24, 2010","Fri, Dec 17, 2010"
4099,Mahlon Sweet Field,Eugene,United States,EUG,KEUG,44.124583,-123.211972,374,-8,A,"Eugene, OR",410,410,418,419,3.2780487804878047,11.982926829268292,11.0,72.0,"Thu, Dec 23, 2010","Sun, Dec 12, 2010"
4018,Evansville Regional,Evansville,United States,EVV,KEVV,38.036997,-87.532364,418,-6,A,"Evansville, IN",331,333,348,350,4.450151057401813,13.05105105105105,17.0,60.0,"Mon, Dec 13, 2010","Sun, Dec 12, 2010"
3730,Craven County Regional,New Bern,United States,EWN,KEWN,35.072972,-77.042944,18,-5,A,"New Bern/Morehead/Beaufort, NC",69,67,74,74,2.4347826086956523,10.70149253731343,11.0,50.0,"Mon, Dec  6, 2010","Sun, Dec 26, 2010"
3494,Newark Liberty International,Newark,United States,EWR,KEWR,40.6925,-74.168667,18,-5,A,"Newark, NJ",8673,8683,9670,9673,9.448057188977284,20.74801335943793,73.0,155.0,"Tue, Dec 28, 2010","Wed, Dec  1, 2010"
3875,Key West International,Key West,United States,EYW,KEYW,24.556111,-81.759556,3,-5,A,"Key West, FL",114,113,126,126,4.254385964912279,10.513274336283185,10.0,61.0,"Sat, Dec 18, 2010","Fri, Dec  3, 2010"
3832,Fairbanks International,Fairbanks,United States,FAI,PAFA,64.815114,-147.856267,434,-9,A,"Fairbanks, AK",327,326,329,329,3.45565749235474,12.914110429447858,20.0,43.0,"Thu, Dec 16, 2010","Wed, Dec 22, 2010"
4292,Hector International Airport,Fargo,United States,FAR,KFAR,46.92065,-96.8157639,902,-6,A,"Fargo, ND",439,444,489,490,5.0774487471526175,18.565315315315306,38.0,99.0,"Sat, Dec 11, 2010","Tue, Dec 21, 2010"
3687,Fresno Yosemite International,Fresno,United States,FAT,KFAT,36.776194,-119.71814,336,-8,A,"Fresno, CA",954,958,971,971,4.131027253668759,11.102296450939468,16.0,47.0,"Fri, Dec 17, 2010","Wed, Dec  1, 2010"
5738,Fayetteville Regional-Grannis Field,Fayetteville,United States,FAY,KFAY,34.9912,-78.8803,189,-5,A,"Fayetteville, NC",319,313,338,338,4.815047021943575,14.115015974440892,30.0,70.0,"Thu, Dec 23, 2010","Sun, Dec 26, 2010"
4127,Glacier Park International,Kalispell,United States,FCA,KFCA,48.310472,-114.256,2977,-7,A,"Kalispell, MT",157,158,161,161,3.961783439490446,14.816455696202532,10.0,41.0,"Sun, Dec 26, 2010","Wed, Dec 29, 2010"
4261,Flagstaff Pulliam Airport,Flagstaff,United States,FLG,KFLG,35.140318,-111.6692392,7015,-7,N,"Flagstaff, AZ",191,192,219,219,5.5340314136125635,14.09375,35.0,71.0,"Sat, Dec  4, 2010","Wed, Dec 22, 2010"
3533,Fort Lauderdale Hollywood International,Fort Lauderdale,United States,FLL,KFLL,26.072583,-80.15275,9,-5,A,"Fort Lauderdale, FL",5594,5588,5812,5807,5.499642474079365,16.18754473872587,57.0,93.0,"Thu, Dec 30, 2010","Sat, Dec 18, 2010"
3879,Florence Regional,Florence,United States,FLO,KFLO,34.185361,-79.723889,146,-5,A,"Florence, SC",15,15,18,18,3.8,11.466666666666667,5.0,35.0,"Sat, Dec 18, 2010","Thu, Dec 16, 2010"
4089,Bishop International,Flint,United States,FNT,KFNT,42.965424,-83.743629,782,-5,A,"Flint, MI",418,416,431,431,4.834928229665073,16.752403846153875,17.0,53.0,"Mon, Dec 20, 2010","Sun, Dec 12, 2010"
4009,Sioux Falls,Sioux Falls,United States,FSD,KFSD,43.582014,-96.741914,1429,-6,A,"Sioux Falls, SD",475,472,520,517,4.688421052631578,18.014830508474592,23.0,131.0,"Tue, Dec 28, 2010","Fri, Dec 31, 2010"
3437,Fort Smith Regional,Fort Smith,United States,FSM,KFSM,35.336583,-94.367444,469,-6,A,"Fort Smith, AR",158,158,162,162,4.613924050632911,10.506329113924053,20.0,37.0,"Thu, Dec 23, 2010","Tue, Dec 28, 2010"
4041,Fort Wayne,Fort Wayne,United States,FWA,KFWA,40.978472,-85.195139,815,-5,A,"Fort Wayne, IN",420,420,448,449,4.711904761904758,18.066666666666663,18.0,96.0,"Sun, Dec  5, 2010","Sat, Dec 18, 2010"
4296,Gillette-Campbell County Airport,Gillette,United States,GCC,KGCC,44.3489167,-105.5393611,4365,-7,A,"Gillette, WY",116,118,124,124,4.112068965517244,16.966101694915253,12.0,138.0,"Fri, Dec 10, 2010","Thu, Dec 30, 2010"
3467,Spokane International,Spokane,United States,GEG,KGEG,47.619861,-117.533833,2376,-8,A,"Spokane, WA",1051,1051,1059,1060,4.076117982873455,14.45765937202664,30.0,158.0,"Sun, Dec 12, 2010","Wed, Dec 29, 2010"
3442,Grand Forks International,Grand Forks,United States,GFK,KGFK,47.949256,-97.176111,845,-6,A,"Grand Forks, ND",190,188,206,206,4.294736842105266,14.882978723404246,30.0,93.0,"Mon, Dec 20, 2010","Tue, Dec 21, 2010"
3465,East Texas Regional,Longview,United States,GGG,KGGG,32.384014,-94.711486,365,-6,A,"Longview, TX",31,31,31,31,4.645161290322581,7.548387096774195,17.0,11.0,"Tue, Dec 21, 2010","Sat, Dec  4, 2010"
4063,Grand Junction Regional,Grand Junction,United States,GJT,KGJT,39.122413,-108.526735,4858,-7,A,"Grand Junction, CO",467,466,470,469,4.021413276231262,13.761802575107295,14.0,92.0,"Fri, Dec 31, 2010","Thu, Dec 30, 2010"
3472,Gainesville Regional,Gainesville,United States,GNV,KGNV,29.690056,-82.271778,152,-5,A,"Gainesville, FL",186,187,194,194,2.913978494623656,13.3475935828877,7.0,47.0,"Mon, Dec 27, 2010","Thu, Dec 16, 2010"
4038,Gulfport-Biloxi,Gulfport,United States,GPT,KGPT,30.407278,-89.070111,28,-6,A,"Gulfport/Biloxi, MS",491,488,501,502,4.099796334012223,13.235655737704914,20.0,100.0,"Wed, Dec  1, 2010","Mon, Dec  6, 2010"
3653,Austin Straubel International,Green Bay,United States,GRB,KGRB,44.485072,-88.129589,695,-6,A,"Green Bay, WI",492,499,532,541,4.186991869918699,14.228456913827653,41.0,76.0,"Sat, Dec 25, 2010","Sat, Dec 11, 2010"
3775,Robert Gray AAF,Killeen,United States,GRK,KGRK,31.06725,-97.828917,1015,-6,A,"Killeen, TX",263,263,267,267,4.581749049429658,10.209125475285173,32.0,38.0,"Thu, Dec 23, 2010","Sat, Dec 18, 2010"
3685,Gerald R. Ford International,Grand Rapids,United States,GRR,KGRR,42.880833,-85.522806,794,-5,A,"Grand Rapids, MI",973,972,1010,1015,5.077081192189106,17.3652263374485,53.0,98.0,"Tue, Dec 21, 2010","Sat, Dec 11, 2010"
4008,Piedmont Triad,Greensboro,United States,GSO,KGSO,36.09775,-79.937306,925,-5,A,"Greensboro/High Point, NC",826,829,872,871,4.812348668280875,17.515078407720125,63.0,146.0,"Thu, Dec 16, 2010","Fri, Dec 17, 2010"
4034,Greenville-Spartanburg International,Greenville,United States,GSP,KGSP,34.895556,-82.218889,964,-5,A,"Greer, SC",752,753,791,790,3.5757978723404253,15.72908366533866,21.0,62.0,"Wed, Dec 29, 2010","Tue, Dec 28, 2010"
3880,Great Falls International,Great Falls,United States,GTF,KGTF,47.482,-111.370689,3677,-7,A,"Great Falls, MT",145,144,147,147,4.413793103448275,14.715277777777779,7.0,50.0,"Mon, Dec 20, 2010","Wed, Dec 29, 2010"
4273,Golden Triangle Regional Airport,Columbus Mississippi,United States,GTR,KGTR,33.450333,-88.591361,264,-6,A,"Columbus, MS",58,58,61,61,4.0344827586206895,14.724137931034488,8.0,50.0,"Fri, Dec  3, 2010","Thu, Dec 23, 2010"
7051,Gunnison - Crested Butte,Gunnison,United States,GUC,KGUC,38.533889,-106.933056,7678,-7,A,"Gunnison, CO",85,87,95,95,4.376470588235295,16.942528735632187,9.0,65.0,"Thu, Dec 23, 2010","Sat, Dec 18, 2010"
4339,Yampa Valley,Hayden,United States,HDN,KHDN,40.481181,-107.21766,6602,-7,A,"Hayden, CO",148,148,158,158,4.5878378378378395,21.959459459459456,13.0,62.0,"Thu, Dec 23, 2010","Mon, Dec 20, 2010"
3504,Helena Regional,Helena,United States,HLN,KHLN,46.606806,-111.98275,3877,-7,A,"Helena, MT",143,143,145,145,3.4965034965034967,17.426573426573434,8.0,58.0,"Sun, Dec  5, 2010","Wed, Dec 29, 2010"
3728,Honolulu International,Honolulu,United States,HNL,PHNL,21.318681,-157.922428,13,-10,N,"Honolulu, HI",4435,4436,4453,4454,6.058399098083432,13.445897204688912,59.0,50.0,"Wed, Dec 22, 2010","Sun, Dec 19, 2010"
3566,William P. Hobby,Houston,United States,HOU,KHOU,29.645419,-95.278889,46,-6,A,"Houston, TX",4335,4336,4419,4420,5.4539792387543224,9.006918819188176,63.0,119.0,"Wed, Dec 29, 2010","Wed, Dec 29, 2010"
3589,Westchester County,White Plains,United States,HPN,KHPN,41.066959,-73.707575,439,-5,A,"White Plains, NY",749,751,815,816,6.6568758344459305,14.026631158455393,64.0,106.0,"Thu, Dec 30, 2010","Sun, Dec 26, 2010"
3560,Valley International,Harlingen,United States,HRL,KHRL,26.2285,-97.654389,36,-6,A,"Harlingen/San Benito, TX",409,409,412,412,2.970660146699267,8.60880195599022,16.0,59.0,"Fri, Dec  3, 2010","Wed, Dec 22, 2010"
4113,Huntsville International Airport-Carl T. Jones Field,Huntsville,United States,HSV,KHSV,34.6371944,-86.7750556,629,-6,A,"Huntsville, AL",856,826,876,849,5.095794392523362,15.882566585956377,15.0,110.0,"Thu, Dec  9, 2010","Sat, Dec 25, 2010"
5742,TriState-Milton J. Ferguson Field,Huntington,United States,HTS,KHTS,38.3667,-82.558,828,-5,A,"Ashland, WV",52,52,57,57,4.692307692307692,12.307692307692308,10.0,40.0,"Thu, Dec 30, 2010","Thu, Dec 16, 2010"
3714,Washington Dulles International,Washington,United States,IAD,KIAD,38.944533,-77.455811,313,-5,A,"Washington, DC",6334,6303,6565,6528,6.7025576255131,16.92797080755191,82.0,123.0,"Thu, Dec 16, 2010","Sat, Dec 25, 2010"
3550,George Bush Intercontinental Houston,Houston,United States,IAH,KIAH,29.984433,-95.341442,97,-6,A,"Houston, TX",15650,15676,15819,15821,7.935846645367437,15.771115080377728,64.0,135.0,"Thu, Dec 30, 2010","Wed, Dec 29, 2010"
3457,Wichita Mid Continent,Wichita,United States,ICT,KICT,37.649944,-97.433056,1333,-6,A,"Wichita, KS",954,949,979,978,4.786163522012577,12.505795574288724,25.0,49.0,"Fri, Dec 17, 2010","Fri, Dec 31, 2010"
4100,Idaho Falls Regional,Idaho Falls,United States,IDA,KIDA,43.514556,-112.07075,4744,-7,A,"Idaho Falls, ID",208,212,220,224,4.447115384615386,16.551886792452834,8.0,71.0,"Tue, Dec 14, 2010","Sun, Dec  5, 2010"
3845,Wilmington International,Wilmington,United States,ILM,KILM,34.270615,-77.902569,32,-5,A,"Wilmington, NC",306,305,317,317,4.2679738562091485,13.6688524590164,17.0,50.0,"Wed, Dec 22, 2010","Sun, Dec 26, 2010"
3585,Indianapolis International,Indianapolis,United States,IND,KIND,39.717331,-86.294383,797,-5,A,"Indianapolis, IN",3053,3010,3167,3135,6.353095316082539,18.529568106312286,65.0,163.0,"Sun, Dec 12, 2010","Mon, Dec 20, 2010"
3689,Imperial County,Imperial,United States,IPL,KIPL,32.834219,-115.578744,-54,-8,A,"El Centro, CA",62,61,62,62,2.903225806451613,11.62295081967213,7.0,25.0,"Tue, Dec  7, 2010","Wed, Dec 22, 2010"
3857,Long Island MacArthur,Islip,United States,ISP,KISP,40.79525,-73.100222,99,-5,A,"Islip, NY",585,584,631,631,4.59145299145299,8.652397260273979,36.0,73.0,"Fri, Dec 31, 2010","Sun, Dec 26, 2010"
3947,Ithaca Tompkins Regional,Ithaca,United States,ITH,KITH,42.491028,-76.458444,1099,-5,A,"Ithaca/Cortland, NY",68,68,75,75,7.0,29.176470588235297,16.0,132.0,"Wed, Dec 22, 2010","Wed, Dec  1, 2010"
3415,Hilo International,Hilo,United States,ITO,PHTO,19.721375,-155.048469,38,-10,N,"Hilo, HI",604,604,604,604,5.3046357615894015,8.574503311258274,18.0,17.0,"Sun, Dec 26, 2010","Mon, Dec 27, 2010"
7120,Inyokern Airport,Inyokern,United States,IYK,KIYK,35.658889,-117.829444,2455,-8,A,"Inyokern, CA",80,80,86,86,4.3625,10.0,8.0,19.0,"Wed, Dec 29, 2010","Wed, Dec  8, 2010"
4027,Jackson Hole Airport,Jacksn Hole,United States,JAC,KJAC,43.60733333,-110.73775,6451,-7,A,"Jackson, WY",222,220,252,250,4.13963963963964,24.050000000000004,45.0,109.0,"Wed, Dec 29, 2010","Sat, Dec 18, 2010"
3580,Jackson Evers International,Jackson,United States,JAN,KJAN,32.311167,-90.075889,346,-6,A,"Jackson/Vicksburg, MS",958,958,985,985,4.437369519832978,12.063674321503132,38.0,53.0,"Sun, Dec 12, 2010","Wed, Dec  1, 2010"
3712,Jacksonville International,Jacksonville,United States,JAX,KJAX,30.494056,-81.687861,30,-5,A,"Jacksonville, FL",2656,2645,2739,2738,4.800075301204816,13.6102079395085,44.0,85.0,"Mon, Dec  6, 2010","Mon, Dec 20, 2010"
3797,John F. Kennedy International,New York,United States,JFK,KJFK,40.639751,-73.778925,13,-5,A,"New York, NY",8444,8457,9490,9496,10.034343912837478,27.531394111387044,159.0,129.0,"Mon, Dec 27, 2010","Sun, Dec 26, 2010"
3492,Juneau International,Juneau,United States,JNU,PAJN,58.354972,-134.576278,21,-9,A,"Juneau, AK",295,293,296,295,4.074576271186439,16.051194539249142,11.0,44.0,"Fri, Dec 24, 2010","Fri, Dec 24, 2010"
3514,Kona International At Keahole,Kona,United States,KOA,PHKO,19.738767,-156.045631,47,-10,N,"Kona, HI",1000,998,1001,1001,4.629000000000006,10.176352705410812,15.0,47.0,"Sat, Dec  4, 2010","Mon, Dec 27, 2010"
3808,Ketchikan International,Ketchikan,United States,KTN,PAKT,55.355556,-131.71375,88,-9,A,"Ketchikan, AK",175,176,178,178,4.342857142857144,15.011363636363637,12.0,70.0,"Thu, Dec  2, 2010","Mon, Dec 13, 2010"
3544,Capital City,Lansing,United States,LAN,KLAN,42.7787,-84.587357,861,-5,A,"Lansing, MI",245,244,262,262,3.726530612244898,19.06967213114754,13.0,94.0,"Wed, Dec  1, 2010","Sat, Dec 25, 2010"
3877,McCarran International,Las Vegas,United States,LAS,KLAS,36.080056,-115.15225,2141,-8,A,"Las Vegas, NV",11767,11774,11918,11918,6.356505481431124,13.974010531679992,70.0,129.0,"Tue, Dec 21, 2010","Fri, Dec 10, 2010"
3484,Los Angeles International,Los Angeles,United States,LAX,KLAX,33.942536,-118.408075,126,-8,A,"Los Angeles, CA",16346,16361,16656,16657,9.454423100452635,15.422101338548968,87.0,132.0,"Fri, Dec 17, 2010","Wed, Dec  1, 2010"
3829,Lubbock Preston Smith International,Lubbock,United States,LBB,KLBB,33.663639,-101.822778,3282,-6,A,"Lubbock, TX",620,618,623,622,3.622580645161291,10.019417475728147,10.0,45.0,"Fri, Dec 31, 2010","Wed, Dec  8, 2010"
3513,Lake Charles Regional,Lake Charles,United States,LCH,KLCH,30.126112,-93.223335,15,-6,A,"Lake Charles, LA",88,89,89,90,3.920454545454544,11.808988764044944,10.0,33.0,"Fri, Dec 31, 2010","Wed, Dec  1, 2010"
4017,Blue Grass,Lexington KY,United States,LEX,KLEX,38.0365,-84.605889,979,-5,A,"Lexington, KY",767,755,801,801,5.053455019556715,20.499337748344377,27.0,85.0,"Wed, Dec  8, 2010","Wed, Dec 15, 2010"
3493,Lafayette Regional,Lafayette,United States,LFT,KLFT,30.205278,-91.987611,43,-6,A,"Lafayette, LA",424,427,433,434,4.695754716981132,12.962529274004684,25.0,45.0,"Tue, Dec 21, 2010","Tue, Dec 28, 2010"
3697,LaGuardia Airport,New York,United States,LGA,KLGA,40.777245,-73.872608,22,-5,A,"New York, NY",7655,7685,8549,8547,8.545525800130651,23.80156148340927,164.0,168.0,"Tue, Dec 28, 2010","Mon, Dec 13, 2010"
3582,Long Beach,Long Beach,United States,LGB,KLGB,33.817722,-118.151611,60,-8,A,"Long Beach, CA",1096,1097,1126,1126,4.987226277372269,14.503190519598908,37.0,129.0,"Mon, Dec 20, 2010","Fri, Dec 10, 2010"
3602,Lihue,Lihue,United States,LIH,PHLI,21.975983,-159.338958,153,-10,N,"Lihue, HI",932,931,936,936,5.245708154506437,8.912996777658428,31.0,39.0,"Fri, Dec 24, 2010","Sun, Dec 19, 2010"
3660,Adams Field,Little Rock,United States,LIT,KLIT,34.729444,-92.224306,262,-6,A,"Little Rock, AR",1540,1534,1572,1572,4.406493506493508,11.832464146023485,36.0,104.0,"Fri, Dec 10, 2010","Mon, Dec 20, 2010"
5750,Klamath Falls Airport,Klamath Falls,United States,LMT,KLMT,42.1561,-121.733,4095,-8,A,"Klamath Falls, OR",88,86,93,93,3.6931818181818183,14.151162790697674,8.0,45.0,"Fri, Dec 10, 2010","Wed, Dec 29, 2010"
3543,Lincoln,Lincoln,United States,LNK,KLNK,40.850971,-96.75925,1219,-6,A,"Lincoln, NE",198,203,205,210,4.106060606060605,12.931034482758623,25.0,69.0,"Mon, Dec 27, 2010","Tue, Dec 21, 2010"
3691,Laredo International,Laredo,United States,LRD,KLRD,27.54375,-99.461556,508,-6,A,"Laredo, TX",224,224,224,224,3.5848214285714284,10.924107142857148,18.0,56.0,"Fri, Dec 17, 2010","Sun, Dec 26, 2010"
4044,LaCrosse Municipal,LaCrosse,United States,LSE,KLSE,43.878986,-91.256711,654,-6,A,"La Crosse, WI",125,123,135,135,3.8720000000000003,17.284552845528456,19.0,93.0,"Fri, Dec 31, 2010","Tue, Dec 21, 2010"
6958,Greenbrier Valley Airport,Lewisburg,United States,LWB,KLWB,37.858333,-80.399444,2302,-5,U,"Lewisburg, WV",46,44,62,62,5.0,15.772727272727273,10.0,39.0,"Sun, Dec 12, 2010","Thu, Dec 30, 2010"
3945,Lewiston Nez Perce County,Lewiston,United States,LWS,KLWS,46.3745,-117.015389,1442,-8,A,"Lewiston, ID",56,55,57,57,4.642857142857143,12.89090909090909,14.0,57.0,"Thu, Dec 30, 2010","Mon, Dec 20, 2010"
5753,Lynchburg Regional-Preston Glenn Field,Lynchburg,United States,LYH,KLYH,37.3267,-79.2004,938,-5,A,"Lynchburg, VA",56,55,59,59,2.9107142857142856,9.563636363636364,10.0,29.0,"Thu, Dec 23, 2010","Sun, Dec  5, 2010"
3652,Midland International,Midland,United States,MAF,KMAF,31.942528,-102.201914,2871,-6,A,"Midland/Odessa, TX",583,583,587,587,3.857632933104631,9.614065180102921,26.0,40.0,"Thu, Dec 23, 2010","Sat, Dec 25, 2010"
4128,MBS International,Saginaw,United States,MBS,KMBS,43.532913,-84.079647,668,-5,A,"Saginaw/Bay City/Midland, MI",287,287,309,310,3.7282229965156795,18.156794425087117,14.0,80.0,"Tue, Dec  7, 2010","Sun, Dec 12, 2010"
3458,Kansas City International,Kansas City,United States,MCI,KMCI,39.297606,-94.713905,1026,-6,A,"Kansas City, MO",4160,4146,4250,4237,5.203124999999995,12.014954172696601,51.0,145.0,"Mon, Dec 20, 2010","Fri, Dec 31, 2010"
3878,Orlando International,Orlando,United States,MCO,KMCO,28.429394,-81.308994,96,-5,A,"Orlando, FL",10346,10342,10605,10596,7.13676783297894,13.446528717849555,54.0,146.0,"Thu, Dec 16, 2010","Wed, Dec 29, 2010"
3542,Harrisburg International,Harrisburg,United States,MDT,KMDT,40.193494,-76.763403,310,-5,A,"Harrisburg, PA",518,513,535,529,5.0193050193050235,15.71929824561403,32.0,82.0,"Wed, Dec 29, 2010","Wed, Dec 29, 2010"
3747,Chicago Midway International,Chicago,United States,MDW,KMDW,41.785972,-87.752417,620,-6,A,"Chicago, IL",6680,6700,7102,7103,6.624401197604784,13.231492537313438,68.0,107.0,"Mon, Dec 20, 2010","Sun, Dec 26, 2010"
4335,Key Field,Meridian,United States,MEI,KMEI,32.332624,-88.751868,297,-6,A,"Meridian, MS",57,56,58,58,3.526315789473684,14.857142857142858,6.0,66.0,"Wed, Dec 22, 2010","Sun, Dec 12, 2010"
3473,Memphis International,Memphis,United States,MEM,KMEM,35.042417,-89.976667,341,-6,A,"Memphis, TN",6235,6260,6450,6450,7.082758620689657,18.323162939297077,75.0,119.0,"Sat, Dec 25, 2010","Sun, Dec 26, 2010"
3826,McAllen Miller International,Mcallen,United States,MFE,KMFE,26.175833,-98.238611,107,-6,A,"Mission/McAllen/Edinburg, TX",378,375,380,379,4.285714285714285,11.133333333333338,18.0,43.0,"Mon, Dec 13, 2010","Sun, Dec  5, 2010"
4101,Rogue Valley International Medford,Medford,United States,MFR,KMFR,42.374228,-122.8735,1335,-8,A,"Medford, OR",353,355,361,361,3.087818696883853,12.107042253521128,10.0,41.0,"Wed, Dec 29, 2010","Thu, Dec 30, 2010"
4115,Montgomery Regional Airport ,MONTGOMERY,United States,MGM,KMGM,32.3006389,-86.3939722,221,-6,A,"Montgomery, AL",380,372,388,388,3.236842105263158,13.51881720430108,10.0,89.0,"Mon, Dec 13, 2010","Fri, Dec 24, 2010"
4050,Manhattan Regional,Manhattan,United States,MHK,KMHK,39.140972,-96.670833,1057,-6,A,"Manhattan/Ft. Riley, KS",121,121,123,123,3.3388429752066116,14.115702479338843,14.0,88.0,"Tue, Dec 21, 2010","Fri, Dec 31, 2010"
4011,Manchester Regional Airport,Manchester NH,United States,MHT,KMHT,42.932556,-71.435667,266,-5,A,"Manchester, NH",1011,1011,1067,1066,4.499505440158265,12.446092977250258,29.0,60.0,"Mon, Dec  6, 2010","Wed, Dec 15, 2010"
3576,Miami International,Miami,United States,MIA,KMIA,25.79325,-80.290556,8,-5,A,"Miami, FL",6562,6551,6720,6716,8.754495580615663,15.909326820332776,82.0,115.0,"Sun, Dec 26, 2010","Mon, Dec 20, 2010"
3717,General Mitchell International,Milwaukee,United States,MKE,KMKE,42.947222,-87.896583,723,-6,A,"Milwaukee, WI",3933,3930,4070,4068,6.175947114162226,15.982188295165406,61.0,132.0,"Fri, Dec 24, 2010","Sat, Dec  4, 2010"
5754,Muskegon County Airport,Muskegon,United States,MKG,KMKG,43.1695,-86.2382,628,-5,A,"Muskegon, MI",61,60,67,66,4.393442622950822,14.216666666666667,8.0,44.0,"Sun, Dec  5, 2010","Sun, Dec  5, 2010"
3671,Melbourne International,Melbourne,United States,MLB,KMLB,28.102753,-80.645258,33,-5,A,"Melbourne, FL",133,133,138,138,5.150375939849626,12.729323308270677,10.0,36.0,"Tue, Dec  7, 2010","Sun, Dec 12, 2010"
4072,Quad City International,Moline,United States,MLI,KMLI,41.448528,-90.507539,590,-6,A,"Moline, IL",426,424,447,445,3.931924882629108,15.466981132075471,14.0,80.0,"Sat, Dec 18, 2010","Thu, Dec 16, 2010"
3732,Monroe Regional,Monroe,United States,MLU,KMLU,32.510864,-92.037689,79,-6,A,"Monroe, LA",171,168,172,172,3.690058479532164,13.857142857142858,11.0,139.0,"Mon, Dec 13, 2010","Thu, Dec  9, 2010"
7081,Mammoth Yosemite Airport,Mammoth Lakes,United States,MMH,KMMH,37.624049,-118.837772,7128,-8,A,"Mammoth Lakes, CA",7,7,16,16,12.142857142857142,13.0,60.0,18.0,"Sun, Dec 26, 2010","Thu, Dec 23, 2010"
3782,Mobile Regional,Mobile,United States,MOB,KMOB,30.691231,-88.242814,219,-6,A,"Mobile, AL",546,547,562,562,3.935897435897431,10.535648994515546,16.0,69.0,"Tue, Dec  7, 2010","Sat, Dec 25, 2010"
3816,Modesto City County Harry Sham,Modesto,United States,MOD,KMOD,37.625817,-120.954422,97,-8,A,"Modesto, CA",114,113,144,144,2.771929824561404,11.265486725663719,12.0,75.0,"Thu, Dec 16, 2010","Mon, Dec 13, 2010"
3498,Minot International,Minot,United States,MOT,KMOT,48.259378,-101.280333,1716,-6,A,"Minot, ND",154,154,164,164,5.779220779220778,18.43506493506493,82.0,65.0,"Mon, Dec 20, 2010","Tue, Dec  7, 2010"
6838,Sawyer International Airport,Marquette,United States,MQT,KMQT,46.353611,-87.395278,1221,-5,A,"Marquette, MI",97,97,106,106,5.103092783505153,17.23711340206187,12.0,122.0,"Tue, Dec 14, 2010","Sun, Dec 12, 2010"
3948,Monterey Peninsula,Monterey,United States,MRY,KMRY,36.587,-121.842944,257,-8,A,"Monterey, CA",413,412,451,451,3.5714285714285716,11.031553398058257,20.0,48.0,"Mon, Dec 27, 2010","Sat, Dec 11, 2010"
3459,Dane County Regional-Truax Field,Madison,United States,MSN,KMSN,43.139858,-89.337514,887,-6,A,"Madison, WI",737,734,801,800,4.781546811397552,16.046321525885574,24.0,134.0,"Tue, Dec 21, 2010","Mon, Dec 20, 2010"
4216,Missoula International,Missoula,United States,MSO,KMSO,46.916306,-114.090556,3205,-7,A,"Missoula, MT",273,272,283,283,4.8205128205128185,17.202205882352935,27.0,98.0,"Fri, Dec 24, 2010","Thu, Dec  9, 2010"
3858,Minneapolis St. Paul International,Minneapolis,United States,MSP,KMSP,44.881956,-93.221767,841,-6,A,"Minneapolis, MN",9548,9609,10181,10166,9.238688730624245,24.13289624310542,84.0,145.0,"Mon, Dec 20, 2010","Mon, Dec 20, 2010"
3861,Louis Armstrong New Orleans International,New Orleans,United States,MSY,KMSY,29.993389,-90.258028,4,-6,A,"New Orleans, LA",3331,3326,3401,3400,5.085559891924356,10.488574864702354,51.0,81.0,"Mon, Dec 13, 2010","Wed, Dec 29, 2010"
6880,Montrose Regional Airport,Montrose CO,United States,MTJ,KMTJ,38.509794,-107.894242,5759,-7,A,"Montrose/Delta, CO",181,179,183,183,4.232044198895023,14.53631284916201,23.0,61.0,"Wed, Dec 29, 2010","Sun, Dec 26, 2010"
3515,Myrtle Beach International,Myrtle Beach,United States,MYR,KMYR,33.67975,-78.928333,25,-5,A,"Myrtle Beach, SC",269,269,280,280,3.996282527881043,15.193308550185874,12.0,46.0,"Sun, Dec 12, 2010","Wed, Dec 22, 2010"
4386,Albert J. Ellis,Jacksonville NC,United States,OAJ,KOAJ,34.829164,-77.612139,94,-5,A,"Jacksonville/Camp Lejeune, NC",129,127,135,135,2.3255813953488373,12.307086614173228,6.0,71.0,"Sat, Dec 18, 2010","Mon, Dec 27, 2010"
3453,Metropolitan Oakland International,Oakland,United States,OAK,KOAK,37.721278,-122.220722,9,-8,A,"Oakland, CA",3727,3732,3781,3783,5.540917628119118,10.021168274383722,41.0,78.0,"Thu, Dec 16, 2010","Sun, Dec  5, 2010"
3456,Kahului,Kahului,United States,OGG,PHOG,20.89865,-156.430458,54,-10,N,"Kahului, HI",1787,1757,1803,1772,5.302182428651373,9.39214570290267,45.0,37.0,"Wed, Dec 29, 2010","Fri, Dec 31, 2010"
3863,Will Rogers World,Oklahoma City,United States,OKC,KOKC,35.393089,-97.600733,1295,-6,A,"Oklahoma City, OK",1881,1876,1908,1906,4.390217969165347,11.260660980810242,40.0,137.0,"Fri, Dec  3, 2010","Sat, Dec  4, 2010"
3454,Eppley Airfield,Omaha,United States,OMA,KOMA,41.303167,-95.894069,984,-6,A,"Omaha, NE",1912,1904,1971,1971,4.27562761506276,14.776260504201689,78.0,89.0,"Sat, Dec 11, 2010","Tue, Dec 21, 2010"
3615,Nome,Nome,United States,OME,PAOM,64.512203,-165.445247,37,-9,A,"Nome, AK",80,81,90,90,4.15,5.839506172839507,8.0,15.0,"Wed, Dec 22, 2010","Fri, Dec 17, 2010"
3734,Ontario International,Ontario,United States,ONT,KONT,34.056,-117.601194,944,-8,A,"Ontario, CA",1925,1925,1943,1944,4.5625974025973965,9.648311688311681,24.0,65.0,"Sun, Dec 12, 2010","Wed, Dec 22, 2010"
3830,Chicago O'Hare International,Chicago,United States,ORD,KORD,41.978603,-87.904842,668,-6,A,"Chicago, IL",23304,23360,24870,24822,9.78896326810849,17.87988013698627,85.0,137.0,"Tue, Dec 21, 2010","Sat, Dec  4, 2010"
3611,Norfolk International,Norfolk,United States,ORF,KORF,36.894611,-76.201222,26,-5,A,"Norfolk, VA",1309,1308,1418,1419,4.997708174178769,16.06498470948011,54.0,139.0,"Mon, Dec 27, 2010","Sun, Dec 26, 2010"
5757,Southwest Oregon Regional Airport,North Bend,United States,OTH,KOTH,43.4171,-124.246,17,-8,A,"North Bend/Coos Bay, OR",90,89,93,93,3.0333333333333328,7.797752808988764,12.0,20.0,"Mon, Dec 13, 2010","Sat, Dec 11, 2010"
3693,Ralph Wien Memorial,Kotzebue,United States,OTZ,PAOT,66.884678,-162.59855,11,-9,A,"Kotzebue, AK",80,83,90,90,4.9875000000000025,6.325301204819277,9.0,32.0,"Fri, Dec  3, 2010","Wed, Dec 15, 2010"
4117,Barkley Regional Airport,PADUCAH,United States,PAH,KPAH,37.0602875,-88.7729583,410,-6,A,"Paducah, KY",59,59,62,62,4.135593220338983,18.13559322033899,11.0,128.0,"Sat, Dec 25, 2010","Sat, Dec 11, 2010"
3722,Palm Beach International,West Palm Beach,United States,PBI,KPBI,26.683161,-80.095589,19,-5,A,"West Palm Beach/Palm Beach, FL",2259,2253,2388,2385,4.54360336432049,12.679982245894367,32.0,111.0,"Tue, Dec 28, 2010","Thu, Dec 16, 2010"
3720,Portland International,Portland,United States,PDX,KPDX,45.588722,-122.5975,30,-8,A,"Portland, OR",4229,4234,4274,4274,4.147316150390166,11.249409541804443,97.0,89.0,"Thu, Dec 16, 2010","Fri, Dec 17, 2010"
3633,Newport News Williamsburg International,Newport News,United States,PHF,KPHF,37.131894,-76.492989,43,-5,A,"Newport News/Williamsburg, VA",431,432,453,455,5.361948955916472,14.86111111111111,24.0,155.0,"Mon, Dec 13, 2010","Sun, Dec 26, 2010"
3752,Philadelphia International,Philadelphia,United States,PHL,KPHL,39.871944,-75.241139,36,-5,A,"Philadelphia, PA",7097,7096,7478,7480,6.587994927434128,20.106116121758767,49.0,143.0,"Sun, Dec 26, 2010","Sun, Dec 26, 2010"
3462,Phoenix Sky Harbor International,Phoenix,United States,PHX,KPHX,33.434278,-112.011583,1135,-7,N,"Phoenix, AZ",15324,15369,15558,15557,7.017032106499605,14.182380115817557,72.0,72.0,"Sun, Dec 26, 2010","Mon, Dec 20, 2010"
4046,Peoria Regional,Peoria,United States,PIA,KPIA,40.664203,-89.693258,660,-6,A,"Peoria, IL",240,238,250,250,4.133333333333331,16.95378151260504,10.0,102.0,"Fri, Dec 24, 2010","Sun, Dec 12, 2010"
3617,St. Petersburg Clearwater International,St. Petersburg,United States,PIE,KPIE,27.910167,-82.687389,10,-5,A,"St. Petersburg, FL",23,23,23,23,6.086956521739131,12.26086956521739,8.0,27.0,"Thu, Dec 30, 2010","Fri, Dec 31, 2010"
5760,Pocatello Regional Airport,Pocatello,United States,PIH,KPIH,42.9098,-112.596,4452,-7,A,"Pocatello, ID",106,107,113,113,3.6226415094339623,12.80373831775701,19.0,52.0,"Fri, Dec 10, 2010","Wed, Dec 29, 2010"
3570,Pittsburgh International,Pittsburgh (pennsylva),United States,PIT,KPIT,40.491467,-80.232872,1204,-5,A,"Pittsburgh, PA",3165,3161,3270,3265,6.014849921011055,20.567225561531128,66.0,121.0,"Wed, Dec 29, 2010","Wed, Dec  1, 2010"
5762,Pellston Regional Airport of Emmet County Airport,Pellston,United States,PLN,KPLN,45.5709,-84.7967,720,-5,A,"Pellston, MI",23,24,32,32,8.130434782608695,26.291666666666668,15.0,50.0,"Fri, Dec 10, 2010","Wed, Dec 15, 2010"
3564,Pensacola Regional,Pensacola,United States,PNS,KPNS,30.473425,-87.186611,121,-6,A,"Pensacola, FL",808,809,829,829,4.249999999999997,12.611866501854145,36.0,52.0,"Sun, Dec  5, 2010","Sun, Dec 19, 2010"
6133,Tri Cities Airport,Pasco,United States,PSC,PSC,46.2647,-119.119,410,-8,A,"Pasco/Kennewick/Richland, WA",257,257,278,277,4.785992217898831,13.120622568093385,9.0,44.0,"Tue, Dec 28, 2010","Mon, Dec 20, 2010"
4147,Petersburg James A. Johnson,Petersburg,United States,PSG,PAPG,56.801667,-132.945278,105,-9,A,"Petersburg, AK",57,57,59,59,3.789473684210526,10.947368421052632,5.0,55.0,"Thu, Dec  2, 2010","Mon, Dec 27, 2010"
3839,Palm Springs International,Palm Springs,United States,PSP,KPSP,33.829667,-116.506694,477,-8,A,"Palm Springs, CA",985,990,1024,1026,5.063959390862944,12.054545454545455,32.0,69.0,"Sun, Dec 26, 2010","Sun, Dec  5, 2010"
3641,Theodore Francis Green State,Providence,United States,PVD,KPVD,41.732581,-71.420383,55,-5,A,"Providence, RI",1450,1456,1539,1543,4.334482758620681,14.066620879120885,41.0,160.0,"Mon, Dec 27, 2010","Thu, Dec 16, 2010"
3862,Portland International Jetport,Portland,United States,PWM,KPWM,43.646161,-70.309281,77,-5,A,"Portland, ME",472,471,516,516,3.936440677966101,17.93418259023356,36.0,76.0,"Sat, Dec 11, 2010","Thu, Dec 23, 2010"
4087,Rapid City Regional Airport,Rapid City,United States,RAP,KRAP,44.045278,-103.057222,3204,-7,A,"Rapid City, SD",402,403,422,421,4.728855721393032,14.54590570719603,60.0,117.0,"Thu, Dec 23, 2010","Thu, Dec 23, 2010"
4098,Redding Municipal,Redding,United States,RDD,KRDD,40.509,-122.293389,504,-8,A,"Redding, CA",110,110,120,120,4.190909090909091,11.63636363636364,26.0,37.0,"Thu, Dec 16, 2010","Thu, Dec 30, 2010"
4103,Roberts Field,Redmond-Bend,United States,RDM,KRDM,44.254066,-121.149964,3077,-8,A,"Bend/Redmond, OR",258,258,271,272,3.3255813953488373,13.108527131782944,9.0,71.0,"Tue, Dec 21, 2010","Tue, Dec 21, 2010"
3626,Raleigh Durham International,Raleigh-durham,United States,RDU,KRDU,35.877639,-78.787472,435,-5,A,"Raleigh/Durham, NC",3888,3893,4147,4159,5.195473251028806,16.33187772925767,51.0,160.0,"Sun, Dec  5, 2010","Thu, Dec 16, 2010"
3608,Richmond International,Richmond,United States,RIC,KRIC,37.505167,-77.319667,167,-5,A,"Richmond, VA",1477,1467,1554,1556,5.610697359512526,18.053169734151286,33.0,158.0,"Mon, Dec 20, 2010","Sun, Dec 26, 2010"
5766,Rock Springs Sweetwater County Airport,Rock Springs,United States,RKS,KRKS,41.5942,-109.065,6760,-7,A,"Rock Springs, WY",137,135,155,155,3.54014598540146,15.511111111111108,8.0,87.0,"Wed, Dec  1, 2010","Sat, Dec 18, 2010"
3807,Reno Tahoe International,Reno,United States,RNO,KRNO,39.499108,-119.768108,4415,-8,A,"Reno, NV",1679,1680,1709,1708,4.861822513400829,11.97619047619048,48.0,86.0,"Thu, Dec 23, 2010","Sun, Dec 19, 2010"
4016,Roanoke Regional,Roanoke VA,United States,ROA,KROA,37.325472,-79.975417,1175,-5,A,"Roanoke, VA",277,291,292,307,4.270758122743687,16.367697594501717,15.0,121.0,"Thu, Dec 16, 2010","Thu, Dec 16, 2010"
3622,Greater Rochester International,Rochester,United States,ROC,KROC,43.118866,-77.672389,559,-5,A,"Rochester, NY",1111,1115,1185,1190,7.2358235823582335,21.56591928251122,40.0,126.0,"Wed, Dec  1, 2010","Tue, Dec 14, 2010"
3736,Roswell International Air Center,Roswell,United States,ROW,KROW,33.301556,-104.530556,3671,-7,A,"Roswell, NM",85,85,87,87,4.223529411764704,8.305882352941177,13.0,17.0,"Tue, Dec 28, 2010","Fri, Dec 10, 2010"
4048,Rochester,Rochester,United States,RST,KRST,43.908283,-92.500014,1317,-6,A,"Rochester, MN",146,147,166,168,4.054794520547945,20.517006802721088,12.0,166.0,"Fri, Dec 24, 2010","Sun, Dec 12, 2010"
3793,Southwest Florida International,Fort Myers,United States,RSW,KRSW,26.536167,-81.755167,30,-5,A,"Fort Myers, FL",2619,2614,2719,2717,5.139747995418101,12.66067329762816,59.0,139.0,"Tue, Dec 28, 2010","Tue, Dec 28, 2010"
3784,Santa Fe Municipal,Santa Fe,United States,SAF,KSAF,35.617108,-106.089422,6348,-7,A,"Santa Fe, NM",91,91,92,92,3.9450549450549453,12.219780219780219,10.0,79.0,"Sun, Dec 19, 2010","Wed, Dec 15, 2010"
3731,San Diego International,San Diego,United States,SAN,KSAN,32.733556,-117.189667,17,-8,A,"San Diego, CA",6224,6236,6372,6370,3.9799164524421604,13.704457985888386,76.0,139.0,"Fri, Dec 10, 2010","Fri, Dec 17, 2010"
3621,San Antonio International,San Antonio,United States,SAT,KSAT,29.533694,-98.469778,809,-6,A,"San Antonio, TX",3228,3236,3267,3272,4.45229244114002,11.154202719406697,36.0,64.0,"Sun, Dec 19, 2010","Sat, Dec 11, 2010"
3613,Savannah Hilton Head International,Savannah,United States,SAV,KSAV,32.127583,-81.202139,51,-5,A,"Savannah, GA",744,744,779,783,5.16263440860215,15.645161290322587,37.0,55.0,"Sat, Dec 11, 2010","Sun, Dec 12, 2010"
3949,Santa Barbara Municipal,Santa Barbara,United States,SBA,KSBA,34.426211,-119.840372,10,-8,A,"Santa Barbara, CA",791,792,827,827,3.997471554993674,10.54671717171718,17.0,65.0,"Tue, Dec 21, 2010","Tue, Dec 28, 2010"
4359,South Bend Regional,South Bend,United States,SBN,KSBN,41.708661,-86.31725,799,-5,A,"South Bend, IN",391,390,427,428,4.91815856777494,20.079487179487174,56.0,87.0,"Sun, Dec 12, 2010","Tue, Dec 14, 2010"
5768,San Luis County Regional Airport,San Luis Obispo,United States,SBP,KSBP,35.2368,-120.642,212,-8,A,"San Luis Obispo, CA",381,381,407,406,3.3097112860892377,10.36482939632544,10.0,41.0,"Sat, Dec 25, 2010","Thu, Dec  9, 2010"
3620,Deadhorse,Deadhorse,United States,SCC,PASC,70.19475,-148.465167,64,-9,A,"Deadhorse, AK",56,56,56,56,4.589285714285714,5.125,8.0,15.0,"Tue, Dec 21, 2010","Wed, Dec 15, 2010"
4318,University Park Airport,State College Pennsylvania,United States,SCE,KUNV,40.849278,-77.848694,1239,-5,A,"State College, PA",81,80,87,87,5.8888888888888875,18.112500000000004,11.0,50.0,"Tue, Dec 28, 2010","Thu, Dec  2, 2010"
4014,Louisville International Airport,Louisville,United States,SDF,KSDF,38.1740858,-85.7364989,501,-5,A,"Louisville, KY",1362,1363,1408,1411,5.937591776798822,16.223771093176822,45.0,151.0,"Sun, Dec 26, 2010","Sun, Dec 12, 2010"
3577,Seattle Tacoma International,Seattle,United States,SEA,KSEA,47.449,-122.309306,433,-8,A,"Seattle, WA",7960,7958,8042,8038,5.929396984924625,15.224930887157578,64.0,103.0,"Thu, Dec 30, 2010","Wed, Dec 29, 2010"
3469,San Francisco International,San Francisco,United States,SFO,KSFO,37.618972,-122.374889,13,-8,A,"San Francisco, CA",11311,11339,11792,11786,6.450534877552806,16.70006173383898,70.0,99.0,"Mon, Dec 27, 2010","Fri, Dec 10, 2010"
4348,Springfield Branson National,Springfield,United States,SGF,KSGF,37.245667,-93.388639,1268,-6,A,"Springfield, MO",601,599,623,621,4.201331114808653,15.23539232053422,15.0,64.0,"Wed, Dec 29, 2010","Fri, Dec 24, 2010"
4064,St. George Municipal,Saint George,United States,SGU,KSGU,37.090583,-113.593056,2941,-7,A,"St. George, UT",177,178,192,192,3.5875706214689265,8.90449438202247,8.0,49.0,"Wed, Dec 22, 2010","Sun, Dec  5, 2010"
3609,Shreveport Regional,Shreveport,United States,SHV,KSHV,32.446629,-93.8256,258,-6,A,"Shreveport, LA",389,389,397,397,4.267352185089977,9.383033419023143,24.0,40.0,"Sat, Dec 18, 2010","Thu, Dec 16, 2010"
3856,Sitka Rocky Gutierrez,Sitka,United States,SIT,PASI,57.047138,-135.361611,21,-9,A,"Sitka, AK",88,89,88,89,4.454545454545457,12.59550561797753,8.0,31.0,"Mon, Dec 20, 2010","Mon, Dec 27, 2010"
3748,Norman Y. Mineta San Jose International,San Jose,United States,SJC,KSJC,37.3626,-121.929022,62,-8,A,"San Jose, CA",3322,3326,3357,3357,3.9139072847682077,10.376428141912218,35.0,91.0,"Wed, Dec 29, 2010","Wed, Dec 29, 2010"
3708,San Angelo Regional-Mathis Field,San Angelo,United States,SJT,KSJT,31.35775,-100.496306,1919,-6,A,"San Angelo, TX",15,15,15,15,3.7333333333333334,10.533333333333333,20.0,19.0,"Wed, Dec 15, 2010","Sat, Dec  4, 2010"
3536,Salt Lake City International,Salt Lake City,United States,SLC,KSLC,40.788389,-111.977772,4227,-7,A,"Salt Lake City, UT",10111,10206,10486,10473,6.631094847196135,20.70615324319035,51.0,131.0,"Wed, Dec 15, 2010","Mon, Dec 20, 2010"
3817,Sacramento International,Sacramento,United States,SMF,KSMF,38.695417,-121.590778,27,-8,A,"Sacramento, CA",3420,3449,3473,3504,4.592982456140354,10.245288489417261,43.0,104.0,"Thu, Dec 16, 2010","Fri, Dec 31, 2010"
5772,Santa Maria Public-Captain G. Allan Hancock Airport,Santa Maria,United States,SMX,KSMX,34.8989,-120.457,261,-8,A,"Santa Maria, CA",113,113,120,120,4.079646017699114,10.31858407079646,8.0,33.0,"Sat, Dec 18, 2010","Thu, Dec 30, 2010"
3867,John Wayne Airport Orange County,Santa Ana,United States,SNA,KSNA,33.675667,-117.868222,56,-8,A,"Santa Ana, CA",3485,3477,3535,3535,6.463701578192244,12.264020707506475,58.0,134.0,"Fri, Dec 17, 2010","Sat, Dec 11, 2010"
4336,Abraham Lincoln Capital,Springfield,United States,SPI,KSPI,39.8441,-89.677889,597,-6,A,"Springfield, IL",152,151,174,174,4.046052631578945,11.761589403973508,9.0,45.0,"Fri, Dec 24, 2010","Thu, Dec  9, 2010"
3680,Sheppard AFB Wichita Falls Municipal,Wichita Falls,United States,SPS,KSPS,33.988797,-98.491894,1019,-6,A,"Wichita Falls, TX",42,42,46,46,7.0476190476190474,10.30952380952381,12.0,24.0,"Fri, Dec 10, 2010","Tue, Dec  7, 2010"
4067,Sarasota Bradenton International,Sarasota,United States,SRQ,KSRQ,27.395444,-82.554389,30,-5,A,"Sarasota/Bradenton, FL",497,497,514,513,4.410462776659957,11.418511066398395,13.0,81.0,"Sun, Dec 26, 2010","Wed, Dec 29, 2010"
3678,Lambert St. Louis International,St. Louis,United States,STL,KSTL,38.748697,-90.370028,618,-6,A,"St. Louis, MO",4903,4909,5034,5031,5.731388945543538,13.32287634956202,61.0,122.0,"Wed, Dec 15, 2010","Sun, Dec 12, 2010"
6494,Friedman Memorial,Hailey,United States,SUN,KSUN,43.504444,-114.296194,5320,-7,A,"Sun Valley/Hailey/Ketchum, ID",130,127,193,193,3.1153846153846154,12.023622047244093,8.0,44.0,"Thu, Dec 30, 2010","Fri, Dec 31, 2010"
3661,Stewart International,Newburgh,United States,SWF,KSWF,41.504094,-74.104839,491,-5,A,"Newburgh/Poughkeepsie, NY",164,164,181,181,5.323170731707318,19.14024390243903,10.0,49.0,"Sun, Dec 26, 2010","Sun, Dec 26, 2010"
3745,Syracuse Hancock International,Syracuse,United States,SYR,KSYR,43.111187,-76.106311,421,-5,A,"Syracuse, NY",870,865,918,917,5.503448275862075,25.60578034682082,71.0,120.0,"Sun, Dec 26, 2010","Mon, Dec  6, 2010"
4084,Telluride,Telluride,United States,TEX,KTEX,37.953759,-107.90848,9078,-7,A,"Telluride, CO",20,20,27,27,5.65,31.25,10.0,148.0,"Mon, Dec 20, 2010","Sun, Dec 26, 2010"
3698,Tallahassee Regional,Tallahassee,United States,TLH,KTLH,30.396528,-84.350333,81,-5,A,"Tallahassee, FL",420,417,432,431,3.2952380952380946,12.712230215827338,23.0,47.0,"Tue, Dec 14, 2010","Thu, Dec 30, 2010"
4040,Toledo,Toledo,United States,TOL,KTOL,41.586806,-83.807833,684,-5,A,"Toledo, OH",24,23,27,27,3.125,11.043478260869565,5.0,34.0,"Sun, Dec 19, 2010","Fri, Dec 31, 2010"
3646,Tampa International,Tampa,United States,TPA,KTPA,27.975472,-82.53325,26,-5,A,"Tampa, FL",5938,5938,6086,6085,4.529808016167054,11.967160660154947,43.0,138.0,"Mon, Dec 13, 2010","Tue, Dec 28, 2010"
4116,Tri-Cities Regional Airport,BRISTOL,United States,TRI,KTRI,36.4752222,-82.4074167,1519,-5,A,"Bristol/Johnson City/Kingsport, TN",298,294,313,313,4.372483221476509,16.496598639455776,36.0,117.0,"Mon, Dec 13, 2010","Sat, Dec  4, 2010"
3855,Tulsa International,Tulsa,United States,TUL,KTUL,36.198389,-95.888111,677,-6,A,"Tulsa, OK",1625,1629,1656,1664,4.363692307692301,11.337630448127673,38.0,76.0,"Sun, Dec 26, 2010","Wed, Dec 29, 2010"
3636,Tucson International,Tucson,United States,TUS,KTUS,32.116083,-110.941028,2643,-7,N,"Tucson, AZ",1846,1848,1862,1862,4.505958829902482,10.529220779220784,36.0,89.0,"Wed, Dec 22, 2010","Tue, Dec 21, 2010"
4023,Cherry Capital Airport,Traverse City,United States,TVC,KTVC,44.741445,-85.582235,624,-5,A,"Traverse City, MI",251,252,275,277,3.6892430278884443,22.051587301587304,10.0,84.0,"Mon, Dec 13, 2010","Fri, Dec 10, 2010"
4263,Magic Valley Regional Airport,Twin Falls,United States,TWF,KTWF,42.481803,-114.487733,4151,-7,A,"Twin Falls, ID",114,114,120,121,3.219298245614035,14.280701754385962,7.0,43.0,"Sun, Dec 26, 2010","Fri, Dec  3, 2010"
3770,Texarkana Regional-Webb Field,Texarkana,United States,TXK,KTXK,33.453722,-93.991028,390,-6,A,"Texarkana, AR",76,76,77,77,3.0,8.407894736842104,8.0,18.0,"Tue, Dec 28, 2010","Thu, Dec  9, 2010"
3848,Tyler Pounds Regional,Tyler,United States,TYR,KTYR,32.354139,-95.402386,544,-6,A,"Tyler, TX",60,60,60,60,3.933333333333333,7.8,8.0,14.0,"Wed, Dec 29, 2010","Thu, Dec  9, 2010"
3676,McGhee Tyson,Knoxville,United States,TYS,KTYS,35.810972,-83.994028,981,-5,A,"Knoxville, TN",1144,1152,1192,1205,4.533216783216781,17.27170138888887,57.0,167.0,"Sun, Dec 26, 2010","Thu, Dec 16, 2010"
7827,Tunica Municipal Airport,Tunica,United States,UTM,KUTA,34.681,-90.3467,194,-6,A,"Tunica, MS",18,18,18,18,3.111111111111111,13.5,5.0,28.0,"Mon, Dec 13, 2010","Fri, Dec 31, 2010"
5776,Valdosta Regional Airport,Valdosta,United States,VLD,KVLD,30.7825,-83.2767,203,-5,A,"Valdosta, GA",84,84,87,87,4.035714285714285,11.119047619047619,23.0,30.0,"Sun, Dec 12, 2010","Tue, Dec 14, 2010"
3873,Eglin AFB,Valparaiso,United States,VPS,KVPS,30.48325,-86.5254,87,-6,A,"Valparaiso, FL",625,619,633,633,5.665600000000002,14.407108239095312,22.0,62.0,"Wed, Dec 29, 2010","Tue, Dec 14, 2010"
5969,Wrangell Airport,Wrangell,United States,WRG,PAWG,56.4843,-132.37,44,-9,A,"Wrangell, AK",56,56,59,59,3.7857142857142856,10.035714285714283,6.0,43.0,"Sat, Dec  4, 2010","Mon, Dec 13, 2010"
4356,NW Arkansas Regional,Bentonville,United States,XNA,KXNA,36.2818694,-94.3068111,1287,-6,A,"Fayetteville, AR",1074,1073,1123,1128,4.689013035381746,13.6430568499534,23.0,111.0,"Wed, Dec 15, 2010","Wed, Dec 29, 2010"
6803,Yakutat,Yakutat,United States,YAK,PAYA,59.3012,-139.3937,33,-9,A,"Yakutat, AK",57,57,57,57,4.140350877192981,8.052631578947368,8.0,19.0,"Sun, Dec 26, 2010","Sun, Dec 19, 2010"
3596,Yuma MCAS Yuma International,Yuma,United States,YUM,KYUM,32.656578,-114.60598,216,-7,N,"Yuma, AZ",333,333,338,338,4.975975975975979,12.429429429429424,15.0,41.0,"Tue, Dec  7, 2010","Sat, Dec 11, 2010"
2883,Cyril E. King,St. Thomas,Virgin Islands,STT,TIST,18.337306,-64.973361,23,-4,U,"Charlotte Amalie, VI",239,239,245,244,4.5564853556485385,13.933054393305438,11.0,67.0,"Mon, Dec 13, 2010","Tue, Dec 28, 2010"
2884,Henry E. Rohlsen,St. Croix Island,Virgin Islands,STX,TISX,17.701889,-64.798556,74,-4,U,"Christiansted, VI",45,46,45,46,3.3555555555555556,10.521739130434783,5.0,23.0,"Wed, Dec  1, 2010","Sat, Dec 25, 2010"
2246,Guam International,Agana,Guam,GUM,PGUM,13.48345,144.795983,298,10,U,"Guam, TT",10,10,10,10,5.4,11.3,7.0,13.0,"Tue, Dec 28, 2010","Sun, Dec 26, 2010"
2885,Rafael Hernndez,Aguadilla,Puerto Rico,BQN,TJBQ,18.494861,-67.129444,237,-4,U,"Aguadilla, PR",128,127,138,137,4.671875000000003,12.188976377952756,11.0,41.0,"Sun, Dec 12, 2010","Thu, Dec  9, 2010"
2889,Aeropuerto Mercedita,Ponce,Puerto Rico,PSE,TJPS,18.008306,-66.563028,29,-4,U,"Ponce, PR",58,58,62,62,4.344827586206897,11.293103448275861,9.0,35.0,"Thu, Dec  2, 2010","Wed, Dec 15, 2010"
2890,Luis Muoz Marn International,San Juan,Puerto Rico,SJU,TJSJ,18.439417,-66.001833,9,-4,U,"San Juan, PR",1847,1833,1903,1895,6.6426637791012455,13.796508456082924,75.0,77.0,"Thu, Dec 30, 2010","Sun, Dec 26, 2010"
