airport_id,name,city,country,iata_faa,iaco,latitude,longitude,altitude,zone,dst,city_state,avg_able_landings,avg_able_takeoffs,total_landings,total_takeoffs,avg_taxi_in,avg_taxi_out,longest_taxi_in,longest_taxi_out,lng_tx_in_date,lng_tx_out_date
4355,Lehigh Valley International,Allentown,United States,ABE,KABE,40.652083,-75.440806,393,-5,A,"Allentown/Bethlehem/Easton, PA",285,319,286,320,3.536842105263158,15.608150470219433,10.0,71.0,"Tue, Nov 23, 2010","Sat, Nov 13, 2010"
3718,Abilene Regional,Abilene,United States,ABI,KABI,32.411319,-99.681897,1791,-6,A,"Abilene, TX",205,204,205,205,3.3804878048780487,8.284313725490186,10.0,23.0,"Sun, Nov 21, 2010","Sat, Nov 13, 2010"
4019,Albuquerque International Sunport,Albuquerque,United States,ABQ,KABQ,35.0402222,-106.6091944,5355,-7,A,"Albuquerque, NM",2715,2716,2718,2720,5.28434622467771,10.114506627393238,34.0,58.0,"Sat, Nov 20, 2010","Fri, Nov 19, 2010"
5714,Aberdeen Regional Airport,Aberdeen,United States,ABR,KABR,45.4491,-98.4218,1302,-6,A,"Aberdeen, SD",3,3,3,3,4.666666666666667,33.0,6.0,42.0,"Sat, Nov 13, 2010","Sun, Nov 14, 2010"
5715,Southwest Georgia Regional Airport,Albany,United States,ABY,KABY,31.5355,-84.1945,197,-5,A,"Albany, GA",84,84,84,84,3.5595238095238093,9.952380952380949,6.0,38.0,"Mon, Nov 15, 2010","Sun, Nov 21, 2010"
3700,Waco Regional,Waco,United States,ACT,KACT,31.611289,-97.230519,516,-6,A,"Waco, TX",26,25,26,25,3.730769230769231,9.639999999999999,9.0,38.0,"Mon, Nov 29, 2010","Sat, Nov 27, 2010"
4384,Arcata,Arcata CA,United States,ACV,KACV,40.978111,-124.108611,221,-8,A,"Arcata/Eureka, CA",267,267,283,283,4.097378277153558,9.494382022471914,10.0,61.0,"Wed, Nov 10, 2010","Wed, Nov 17, 2010"
3524,Atlantic City International,Atlantic City,United States,ACY,KACY,39.457583,-74.577167,75,-5,A,"Atlantic City, NJ",59,59,59,59,4.3728813559322015,12.627118644067796,8.0,42.0,"Sun, Nov 14, 2010","Mon, Nov 29, 2010"
5959,Adak Airport,Adak Island,United States,ADK,PADK,51.878,-176.646,18,-10,A,"Adak Island, AK",7,7,7,7,3.857142857142857,5.0,4.0,6.0,"Thu, Nov  4, 2010","Thu, Nov 18, 2010"
3531,Kodiak,Kodiak,United States,ADQ,PADQ,57.749967,-152.493856,78,-9,A,"Kodiak, AK",51,51,53,53,3.137254901960784,6.784313725490196,5.0,23.0,"Fri, Nov  5, 2010","Mon, Nov  8, 2010"
3852,Alexandria International,Alexandria,United States,AEX,KAEX,31.3274,-92.549833,89,-6,A,"Alexandria, LA",282,283,284,284,2.8085106382978724,12.265017667844523,15.0,51.0,"Sat, Nov 13, 2010","Mon, Nov 29, 2010"
3658,Augusta Regional At Bush Field,Bush Field,United States,AGS,KAGS,33.369944,-81.9645,144,-5,A,"Augusta, GA",326,326,331,331,3.190184049079754,13.757668711656441,8.0,63.0,"Mon, Nov 29, 2010","Mon, Nov 29, 2010"
3864,Albany International,Albany,United States,ALB,KALB,42.748267,-73.801692,285,-5,A,"Albany, NY",863,869,866,874,4.307068366164545,13.369390103567314,32.0,82.0,"Mon, Nov  8, 2010","Mon, Nov  8, 2010"
3840,Rick Husband Amarillo International,Amarillo,United States,AMA,KAMA,35.219369,-101.705931,3607,-6,A,"Amarillo, TX",544,546,548,550,5.147058823529411,10.223443223443219,23.0,75.0,"Fri, Nov 12, 2010","Fri, Nov 12, 2010"
3774,Ted Stevens Anchorage International,Anchorage,United States,ANC,PANC,61.174361,-149.996361,152,-9,A,"Anchorage, AK",1217,1231,1241,1242,4.507806080525886,15.633631194151096,17.0,56.0,"Thu, Nov  4, 2010","Mon, Nov 22, 2010"
7001,Aspen/Pitkin County-Sardy Field,Aspen,United States,ASE,KASE,39.2232,-106.869,7820,-7,A,"Aspen, CO",124,124,152,152,3.467741935483871,12.411290322580646,6.0,91.0,"Fri, Nov 26, 2010","Mon, Nov 15, 2010"
3682,Hartsfield Jackson Atlanta International,Atlanta,United States,ATL,KATL,33.636719,-84.428067,1026,-5,A,"Atlanta, GA",33519,33576,33850,33848,11.067424445836743,19.957350488444014,75.0,125.0,"Sat, Nov 13, 2010","Tue, Nov 30, 2010"
4047,Appleton,Appleton,United States,ATW,KATW,44.257526,-88.507576,680,-6,A,"Appleton, WI",355,353,360,360,4.630985915492958,12.43909348441926,15.0,45.0,"Wed, Nov 24, 2010","Mon, Nov 29, 2010"
3673,Austin Bergstrom International,Austin,United States,AUS,KAUS,30.194528,-97.669889,542,-6,A,"Austin, TX",3536,3530,3538,3538,5.18976244343891,12.21643059490085,52.0,141.0,"Tue, Nov 16, 2010","Tue, Nov 30, 2010"
4007,Asheville Regional Airport,Asheville,United States,AVL,KAVL,35.436194,-82.541806,2165,-5,A,"Asheville, NC",430,431,435,436,4.011627906976743,16.222737819025557,37.0,78.0,"Sun, Nov 14, 2010","Tue, Nov 30, 2010"
4286,Wilkes Barre Scranton International,Scranton,United States,AVP,KAVP,41.338478,-75.723403,962,-5,A,"Scranton/Wilkes-Barre, PA",204,176,204,177,3.2892156862745097,14.386363636363637,8.0,70.0,"Sat, Nov 20, 2010","Sun, Nov 21, 2010"
4039,Kalamazoo,Kalamazoo,United States,AZO,KAZO,42.234875,-85.552058,874,-5,A,"Kalamazoo, MI",236,234,240,240,4.83898305084746,15.709401709401702,19.0,50.0,"Mon, Nov 22, 2010","Wed, Nov 24, 2010"
3825,Bradley International,Windsor Locks,United States,BDL,KBDL,41.938889,-72.683222,173,-5,A,"Hartford, CT",2068,2059,2072,2066,5.601547388781431,14.148615832928607,33.0,90.0,"Mon, Nov 29, 2010","Tue, Nov 30, 2010"
3599,Bethel,Bethel,United States,BET,PABE,60.779778,-161.838,121,-9,A,"Bethel, AK",80,80,83,83,3.7375,7.0875,7.0,21.0,"Mon, Nov 22, 2010","Sat, Nov 13, 2010"
3558,Meadows Field,Bakersfield,United States,BFL,KBFL,35.433598,-119.05677,507,-8,A,"Bakersfield, CA",263,262,266,266,4.3726235741444865,11.797709923664119,30.0,66.0,"Sat, Nov 20, 2010","Wed, Nov  3, 2010"
4129,Greater Binghamton-Edwin A. Link Field,Binghamton,United States,BGM,KBGM,42.208689,-75.979839,1636,-5,A,"Binghamton, NY",83,82,84,84,3.7590361445783134,14.195121951219512,9.0,39.0,"Fri, Nov 19, 2010","Tue, Nov  2, 2010"
3463,Bangor International,Bangor,United States,BGR,KBGR,44.807444,-68.828139,192,-5,A,"Bangor, ME",29,29,29,29,4.241379310344828,19.20689655172414,7.0,43.0,"Sat, Nov 13, 2010","Sat, Nov 27, 2010"
3811,Birmingham International,Birmingham,United States,BHM,KBHM,33.562942,-86.75355,644,-6,A,"Birmingham, AL",1701,1693,1711,1704,3.6649029982363306,13.183697578263446,29.0,123.0,"Mon, Nov  8, 2010","Mon, Nov 29, 2010"
4021,Billings Logan International Airport,Billings,United States,BIL,KBIL,45.80921,-108.537654,3652,-7,A,"Billings, MT",283,283,284,284,3.8091872791519434,13.791519434628977,21.0,44.0,"Wed, Nov  3, 2010","Sat, Nov 20, 2010"
4083,Bismarck Municipal Airport,Bismarck,United States,BIS,KBIS,46.775842,-100.757931,1661,-6,A,"Bismarck/Mandan, ND",300,299,304,304,3.84,15.237458193979936,18.0,85.0,"Mon, Nov 29, 2010","Mon, Nov 22, 2010"
6962,Branson LLC,Branson,United States,BKG,KBBG,36.531994,-93.200556,1302,-6,A,"Branson, MO",77,77,77,77,5.155844155844157,13.584415584415584,9.0,38.0,"Wed, Nov 17, 2010","Tue, Nov  2, 2010"
3777,Bellingham International,Bellingham,United States,BLI,KBLI,48.792694,-122.537528,170,-8,A,"Bellingham, WA",23,23,24,24,5.565217391304348,11.695652173913043,10.0,33.0,"Wed, Nov 17, 2010","Wed, Nov 17, 2010"
4037,Central Illinois Regional,Bloomington,United States,BMI,KBMI,40.477111,-88.915917,871,-6,A,"Bloomington/Normal, IL",410,410,414,413,4.456097560975606,10.185365853658539,17.0,59.0,"Wed, Nov  3, 2010","Mon, Nov  1, 2010"
3690,Nashville International,Nashville,United States,BNA,KBNA,36.124472,-86.678194,599,-6,A,"Nashville, TN",4252,4312,4270,4330,5.908748824082786,12.336734693877556,42.0,135.0,"Tue, Nov  2, 2010","Mon, Nov 22, 2010"
3495,Boise Air Terminal,Boise,United States,BOI,KBOI,43.564361,-116.222861,2871,-7,A,"Boise, ID",1200,1201,1204,1206,3.7583333333333324,11.789342214820985,18.0,96.0,"Thu, Nov 18, 2010","Tue, Nov 23, 2010"
3448,General Edward Lawrence Logan International,Boston,United States,BOS,KBOS,42.364347,-71.005181,19,-5,A,"Boston, MA",9458,9462,9558,9560,6.8649820257982554,18.717501585288414,45.0,116.0,"Mon, Nov 22, 2010","Tue, Nov 30, 2010"
3612,Southeast Texas Regional,Beaumont,United States,BPT,KBPT,29.950833,-94.020694,15,-6,A,"Beaumont/Port Arthur, TX",3,3,3,3,3.6666666666666665,10.666666666666666,5.0,19.0,"Sat, Nov 27, 2010","Sat, Nov 27, 2010"
5725,Brunswick Golden Isles Airport,Brunswick,United States,BQK,KBQK,31.2588,-81.4665,26,-5,A,"Brunswick, GA",83,83,83,83,3.036144578313253,18.83132530120482,7.0,76.0,"Tue, Nov  9, 2010","Wed, Nov  3, 2010"
3738,Brownsville South Padre Island International,Brownsville,United States,BRO,KBRO,25.906833,-97.425861,22,-6,A,"Brownsville, TX",196,196,196,196,4.10204081632653,10.724489795918371,8.0,38.0,"Fri, Nov 12, 2010","Mon, Nov 15, 2010"
3571,Wiley Post Will Rogers Memorial,Barrow,United States,BRW,PABR,71.285446,-156.766003,44,-9,A,"Barrow, AK",61,62,65,65,6.180327868852459,7.387096774193548,9.0,22.0,"Wed, Nov  3, 2010","Wed, Nov 10, 2010"
4022,Bert Mooney Airport,Butte,United States,BTM,KBTM,45.954806,-112.497472,5550,-7,A,"Butte, MT",51,50,58,58,3.980392156862746,12.26,6.0,43.0,"Tue, Nov 23, 2010","Sat, Nov 27, 2010"
3846,Baton Rouge Metro-Ryan Field,Baton Rouge,United States,BTR,KBTR,30.533167,-91.149639,70,-6,A,"Baton Rouge, LA",732,729,734,735,3.8101092896174875,11.70781893004115,16.0,88.0,"Fri, Nov 12, 2010","Wed, Nov 10, 2010"
3711,Burlington International,Burlington,United States,BTV,KBTV,44.471861,-73.153278,335,-5,A,"Burlington, VT",573,568,580,575,4.354275741710304,17.834507042253527,30.0,124.0,"Fri, Nov 19, 2010","Thu, Nov  4, 2010"
3820,Buffalo Niagara International,Buffalo,United States,BUF,KBUF,42.940525,-78.732167,724,-5,A,"Buffalo, NY",1956,1953,1964,1963,4.783742331288339,13.004096262160783,38.0,136.0,"Sat, Nov 13, 2010","Mon, Nov 22, 2010"
3644,Bob Hope,Burbank,United States,BUR,KBUR,34.200667,-118.358667,778,-8,A,"Burbank, CA",2068,2067,2091,2090,3.0323984526112198,10.513304305757137,38.0,48.0,"Mon, Nov  8, 2010","Tue, Nov 23, 2010"
3849,Baltimore Washington International,Baltimore,United States,BWI,KBWI,39.175361,-76.668333,146,-5,A,"Baltimore, MD",8414,8414,8447,8446,5.690515806988357,12.145115284050384,56.0,108.0,"Fri, Nov  5, 2010","Thu, Nov  4, 2010"
4020,Gallatin Field,Bozeman,United States,BZN,KBZN,45.777643,-111.160151,4500,-7,A,"Bozeman, MT",317,318,319,320,4.583596214511038,17.85534591194968,15.0,77.0,"Sat, Nov 20, 2010","Tue, Nov 23, 2010"
3561,Columbia Metropolitan,Colombia,United States,CAE,KCAE,33.938833,-81.119528,236,-5,A,"Columbia, SC",676,690,682,696,4.686390532544377,14.546376811594206,11.0,142.0,"Mon, Nov  1, 2010","Tue, Nov 30, 2010"
4112,Akron Canton Regional Airport,Akron,United States,CAK,KCAK,40.9160833,-81.4421944,1228,-5,A,"Akron, OH",675,668,677,671,4.0859259259259275,13.61676646706587,16.0,54.0,"Tue, Nov 16, 2010","Mon, Nov 22, 2010"
3824,Cedar City Regional,Cedar City,United States,CDC,KCDC,37.700967,-113.098847,5622,-7,A,"Cedar City, UT",49,49,52,52,3.306122448979592,13.142857142857142,7.0,33.0,"Mon, Nov 29, 2010","Wed, Nov 10, 2010"
3610,Merle K. Mudhole Smith,Cordova,United States,CDV,PACV,60.491778,-145.477556,48,-9,A,"Cordova, AK",55,56,58,58,3.4909090909090907,9.714285714285714,5.0,36.0,"Wed, Nov 10, 2010","Wed, Nov  3, 2010"
5727,Del Norte County Airport,Crescent City,United States,CEC,KCEC,41.7802,-124.237,57,-8,A,"Crescent City, CA",80,80,85,85,3.537499999999999,11.8875,9.0,26.0,"Thu, Nov  4, 2010","Sun, Nov 21, 2010"
3578,Lovell Field,Chattanooga,United States,CHA,KCHA,35.035278,-85.203808,683,-5,A,"Chattanooga, TN",365,364,368,368,3.775342465753424,15.230769230769235,27.0,95.0,"Tue, Nov  2, 2010","Sun, Nov 21, 2010"
4015,Charlottesville-Albemarle,Charlottesville VA,United States,CHO,KCHO,38.138639,-78.452861,639,-5,A,"Charlottesville, VA",82,81,84,84,2.73170731707317,9.765432098765432,10.0,26.0,"Wed, Nov 24, 2010","Tue, Nov 16, 2010"
3806,Charleston AFB International,Charleston,United States,CHS,KCHS,32.898647,-80.040528,45,-5,A,"Charleston, SC",1012,1012,1023,1025,6.013833992094861,14.462450592885377,31.0,110.0,"Sat, Nov 27, 2010","Sat, Nov 27, 2010"
3710,Chico Municipal,Chico,United States,CIC,KCIC,39.795383,-121.858422,238,-8,A,"Chico, CA",110,109,114,114,3.290909090909091,10.55045871559633,13.0,23.0,"Fri, Nov 19, 2010","Sun, Nov  7, 2010"
4043,Cedar Rapids,Cedar Rapids,United States,CID,KCID,41.884694,-91.710806,869,-6,A,"Cedar Rapids/Iowa City, IA",450,449,453,454,4.444444444444444,11.122494432071267,20.0,74.0,"Thu, Nov 25, 2010","Mon, Nov 22, 2010"
4088,McClellan-Palomar Airport,Carlsbad,United States,CLD,KCRQ,33.0742,-117.1648,328,-8,A,"Carlsbad, CA",153,153,158,158,3.3398692810457518,9.509803921568624,7.0,28.0,"Fri, Nov 12, 2010","Fri, Nov 19, 2010"
3486,Cleveland Hopkins International,Cleveland,United States,CLE,KCLE,41.411689,-81.849794,791,-5,A,"Cleveland, OH",4312,4403,4335,4428,5.918367346938773,12.725187372246195,28.0,119.0,"Wed, Nov 10, 2010","Sun, Nov 21, 2010"
3715,Easterwood Field,College Station,United States,CLL,KCLL,30.588583,-96.363833,321,-6,A,"College Station/Bryan, TX",30,30,30,30,4.933333333333334,7.833333333333333,10.0,14.0,"Sun, Nov 14, 2010","Fri, Nov 12, 2010"
3876,Charlotte Douglas International,Charlotte,United States,CLT,KCLT,35.214,-80.943139,748,-5,A,"Charlotte, NC",11094,11103,11151,11150,8.181539570939242,19.14275421057366,59.0,123.0,"Sun, Nov 21, 2010","Tue, Nov 16, 2010"
3759,Port Columbus International,Columbus,United States,CMH,KCMH,39.997972,-82.891889,815,-5,A,"Columbus, OH",2528,2530,2547,2549,4.7907436708860756,12.975494071146246,68.0,139.0,"Sat, Nov 13, 2010","Mon, Nov 22, 2010"
4049,Champaign,Champaign,United States,CMI,KCMI,40.03925,-88.278056,754,-6,A,"Champaign/Urbana, IL",172,171,174,174,4.1162790697674385,11.549707602339181,16.0,80.0,"Sun, Nov 21, 2010","Wed, Nov 24, 2010"
5732,Houghton County Memorial Airport,Hancock,United States,CMX,KCMX,47.1684,-88.4891,1095,-5,A,"Hancock/Houghton, MI",54,54,59,59,4.277777777777779,11.88888888888889,6.0,39.0,"Wed, Nov 10, 2010","Fri, Nov 26, 2010"
4344,Yellowstone Regional,Cody,United States,COD,KCOD,44.520194,-109.023806,5102,-7,A,"Cody, WY",83,83,90,90,3.7710843373493974,16.771084337349397,11.0,43.0,"Fri, Nov 12, 2010","Sun, Nov 21, 2010"
3819,City Of Colorado Springs Municipal,Colorado Springs,United States,COS,KCOS,38.805805,-104.700778,6187,-7,A,"Colorado Springs, CO",1021,1024,1029,1031,6.127326150832515,15.01953125,30.0,94.0,"Fri, Nov 26, 2010","Mon, Nov 22, 2010"
3719,Columbia Regional,Columbia,United States,COU,KCOU,38.818094,-92.219631,889,-6,A,"Columbia, MO",84,83,85,85,7.083333333333335,11.072289156626505,14.0,25.0,"Mon, Nov  8, 2010","Fri, Nov 26, 2010"
3872,Natrona County International,Casper,United States,CPR,KCPR,42.908,-106.464417,5347,-7,A,"Casper, WY",164,162,168,168,4.121951219512199,11.83950617283951,8.0,28.0,"Mon, Nov 22, 2010","Tue, Nov  9, 2010"
3744,Corpus Christi International,Corpus Christi,United States,CRP,KCRP,27.770361,-97.501222,44,-6,A,"Corpus Christi, TX",651,651,653,653,3.924731182795701,11.070660522273432,14.0,53.0,"Fri, Nov 12, 2010","Wed, Nov  3, 2010"
4285,Yeager,Charleston,United States,CRW,KCRW,38.373147,-81.593189,981,-5,A,"Charleston/Dunbar, WV",404,402,407,407,4.230198019801982,12.786069651741293,27.0,79.0,"Tue, Nov 30, 2010","Sat, Nov 13, 2010"
4255,Columbus Metropolitan Airport,Columbus,United States,CSG,KCSG,32.5163333,-84.9388611,397,-5,A,"Columbus, GA",172,171,172,172,3.5988372093023258,13.181286549707602,7.0,134.0,"Tue, Nov  9, 2010","Sat, Nov  6, 2010"
3488,Cincinnati Northern Kentucky International,Cincinnati,United States,CVG,KCVG,39.048836,-84.667822,896,-5,A,"Cincinnati, OH",4372,4371,4416,4404,6.555809698078682,15.439487531457326,50.0,117.0,"Sun, Nov  7, 2010","Mon, Nov 22, 2010"
4045,Central Wisconsin,Wassau,United States,CWA,KCWA,44.772726,-89.646635,840,-6,A,"Mosinee, WI",134,134,138,138,3.9999999999999973,10.126865671641792,9.0,70.0,"Mon, Nov 29, 2010","Mon, Nov 15, 2010"
3804,Cheyenne Regional-Jerry Olson Field,Cheyenne,United States,CYS,KCYS,41.155722,-104.811839,6156,-7,A,"Cheyenne, WY",47,47,47,48,3.297872340425532,11.76595744680851,6.0,30.0,"Tue, Nov 16, 2010","Fri, Nov  5, 2010"
3950,Daytona Beach International,Daytona Beach,United States,DAB,KDAB,29.179917,-81.058056,34,-5,A,"Daytona Beach, FL",117,116,119,119,4.299145299145297,17.370689655172402,8.0,49.0,"Tue, Nov 16, 2010","Tue, Nov 30, 2010"
3502,Dallas Love Field,Dallas,United States,DAL,KDAL,32.847111,-96.851778,487,-6,A,"Dallas, TX",3698,3699,3726,3726,3.9148188209843147,9.77507434441743,31.0,52.0,"Tue, Nov 23, 2010","Sat, Nov 20, 2010"
3627,James M. Cox Dayton International,Dayton,United States,DAY,KDAY,39.902375,-84.219375,1009,-5,A,"Dayton, OH",1160,1159,1163,1165,4.9284482758620705,14.14840379637618,20.0,113.0,"Sun, Nov 21, 2010","Mon, Nov 22, 2010"
4388,Dubuque Regional,Dubuque IA,United States,DBQ,KDBQ,42.402,-90.709472,1076,-6,A,"Dubuque, IA",59,60,60,61,3.406779661016949,9.333333333333337,5.0,32.0,"Sat, Nov  6, 2010","Sun, Nov 21, 2010"
3520,Ronald Reagan Washington National,Washington,United States,DCA,KDCA,38.852083,-77.037722,15,-5,A,"Washington, DC",6939,6936,7002,7002,5.789306816544175,17.1221164936563,64.0,123.0,"Fri, Nov  5, 2010","Tue, Nov 30, 2010"
3751,Denver International,Denver,United States,DEN,KDEN,39.861656,-104.673178,5431,-7,A,"Denver, CO",19025,19055,19148,19149,8.007516425755647,14.997428496457626,62.0,139.0,"Wed, Nov 17, 2010","Tue, Nov  9, 2010"
3670,Dallas Fort Worth International,Dallas-fort Worth,United States,DFW,KDFW,32.896828,-97.037997,607,-6,A,"Dallas/Fort Worth, TX",21505,21535,21617,21619,8.762148337596006,14.324355700023224,61.0,143.0,"Tue, Nov  2, 2010","Tue, Nov 30, 2010"
3739,Dothan Regional,Dothan,United States,DHN,KDHN,31.321339,-85.449628,401,-6,A,"Dothan, AL",111,111,113,113,3.027027027027027,13.864864864864865,11.0,49.0,"Sun, Nov 21, 2010","Tue, Nov 16, 2010"
3598,Duluth International,Duluth,United States,DLH,KDLH,46.842091,-92.193649,1428,-6,A,"Duluth, MN",235,234,240,240,6.085106382978722,17.679487179487168,25.0,76.0,"Sun, Nov 14, 2010","Tue, Nov 30, 2010"
3713,Durango La Plata County,Durango,United States,DRO,KDRO,37.151516,-107.75377,6685,-7,A,"Durango, CO",251,251,255,255,4.94820717131474,13.0,14.0,72.0,"Sat, Nov  6, 2010","Tue, Nov 16, 2010"
3729,Des Moines International,Des Moines,United States,DSM,KDSM,41.533972,-93.663083,958,-6,A,"Des Moines, IA",1078,1077,1086,1085,4.521335807050091,12.207056638811514,32.0,72.0,"Tue, Nov  2, 2010","Mon, Nov 29, 2010"
3645,Detroit Metro Wayne County,Detroit,United States,DTW,KDTW,42.212444,-83.353389,645,-5,A,"Detroit, MI",12926,12960,13047,13046,9.84117282995516,18.97692901234567,50.0,92.0,"Tue, Nov 16, 2010","Tue, Nov 16, 2010"
5735,Chippewa Valley Regional Airport,Eau Claire,United States,EAU,KEAU,44.8658,-91.4843,913,-6,A,"Eau Claire, WI",85,85,85,85,3.835294117647059,15.70588235294117,7.0,89.0,"Mon, Nov 29, 2010","Sun, Nov 21, 2010"
7669,Northwest Florida Beaches International,Panama City,United States,ECP,KECP,30.3417,-85.7973,69,-6,A,"Panama City, FL",548,547,557,557,3.4489051094890506,11.444241316270565,46.0,73.0,"Tue, Nov 30, 2010","Sat, Nov  6, 2010"
4250,Eagle County Regional,Vail,United States,EGE,KEGE,39.642556,-106.917694,6540,-7,A,"Eagle, CO",73,73,75,75,4.041095890410958,13.67123287671233,7.0,64.0,"Mon, Nov 22, 2010","Sat, Nov  6, 2010"
5736,Elko Regional Airport,Elko,United States,EKO,KEKO,40.8249,-115.792,5140,-8,A,"Elko, NV",106,106,114,114,4.160377358490567,11.31132075471698,10.0,34.0,"Wed, Nov 10, 2010","Tue, Nov 30, 2010"
3946,Elmira Corning Regional,Elmira,United States,ELM,KELM,42.159889,-76.891611,954,-5,A,"Elmira/Corning, NY",88,89,88,89,3.920454545454544,17.87640449438202,10.0,88.0,"Tue, Nov  9, 2010","Sat, Nov 27, 2010"
3559,El Paso International,El Paso,United States,ELP,KELP,31.80725,-106.377583,3958,-7,A,"El Paso, TX",1752,1748,1757,1757,4.029109589041097,10.585812356979392,49.0,85.0,"Fri, Nov  5, 2010","Tue, Nov 30, 2010"
4276,Erie International-Tom Ridge Field,Erie,United States,ERI,KERI,42.082022,-80.176217,733,-5,A,"Erie, PA",81,79,83,83,3.654320987654321,20.050632911392405,11.0,54.0,"Mon, Nov  8, 2010","Mon, Nov  1, 2010"
4099,Mahlon Sweet Field,Eugene,United States,EUG,KEUG,44.124583,-123.211972,374,-8,A,"Eugene, OR",390,393,398,398,3.3333333333333335,11.460559796437654,9.0,48.0,"Sat, Nov 20, 2010","Tue, Nov 23, 2010"
4018,Evansville Regional,Evansville,United States,EVV,KEVV,38.036997,-87.532364,418,-6,A,"Evansville, IN",336,333,337,337,4.449404761904764,11.576576576576581,13.0,71.0,"Mon, Nov 29, 2010","Sun, Nov 21, 2010"
3730,Craven County Regional,New Bern,United States,EWN,KEWN,35.072972,-77.042944,18,-5,A,"New Bern/Morehead/Beaufort, NC",81,82,83,83,2.5925925925925917,9.756097560975608,6.0,34.0,"Thu, Nov 25, 2010","Sun, Nov 28, 2010"
3494,Newark Liberty International,Newark,United States,EWR,KEWR,40.6925,-74.168667,18,-5,A,"Newark, NJ",9409,9414,9504,9502,8.463704963332946,19.82834076906739,45.0,124.0,"Mon, Nov  1, 2010","Tue, Nov  9, 2010"
3875,Key West International,Key West,United States,EYW,KEYW,24.556111,-81.759556,3,-5,A,"Key West, FL",118,118,124,124,3.8559322033898313,11.152542372881353,9.0,44.0,"Sat, Nov 13, 2010","Tue, Nov 30, 2010"
3832,Fairbanks International,Fairbanks,United States,FAI,PAFA,64.815114,-147.856267,434,-9,A,"Fairbanks, AK",311,310,317,317,3.556270096463021,15.712903225806452,15.0,64.0,"Mon, Nov 22, 2010","Sat, Nov 20, 2010"
4292,Hector International Airport,Fargo,United States,FAR,KFAR,46.92065,-96.8157639,902,-6,A,"Fargo, ND",546,525,551,534,4.690476190476189,15.820952380952377,26.0,58.0,"Mon, Nov 29, 2010","Mon, Nov 29, 2010"
3687,Fresno Yosemite International,Fresno,United States,FAT,KFAT,36.776194,-119.71814,336,-8,A,"Fresno, CA",935,934,943,943,4.118716577540107,10.831905781584577,15.0,47.0,"Fri, Nov  5, 2010","Thu, Nov 25, 2010"
5738,Fayetteville Regional-Grannis Field,Fayetteville,United States,FAY,KFAY,34.9912,-78.8803,189,-5,A,"Fayetteville, NC",332,334,336,336,4.569277108433735,13.544910179640718,21.0,140.0,"Tue, Nov  2, 2010","Mon, Nov 22, 2010"
4127,Glacier Park International,Kalispell,United States,FCA,KFCA,48.310472,-114.256,2977,-7,A,"Kalispell, MT",167,165,169,169,3.7784431137724552,15.533333333333333,7.0,38.0,"Tue, Nov 30, 2010","Thu, Nov 25, 2010"
4261,Flagstaff Pulliam Airport,Flagstaff,United States,FLG,KFLG,35.140318,-111.6692392,7015,-7,N,"Flagstaff, AZ",199,199,206,206,5.402010050251255,14.708542713567839,15.0,54.0,"Wed, Nov 17, 2010","Sun, Nov 21, 2010"
3533,Fort Lauderdale Hollywood International,Fort Lauderdale,United States,FLL,KFLL,26.072583,-80.15275,9,-5,A,"Fort Lauderdale, FL",5106,5111,5117,5119,4.745593419506457,15.437096458618688,42.0,85.0,"Sat, Nov 27, 2010","Tue, Nov 30, 2010"
3879,Florence Regional,Florence,United States,FLO,KFLO,34.185361,-79.723889,146,-5,A,"Florence, SC",25,25,26,26,3.88,9.0,8.0,28.0,"Thu, Nov 18, 2010","Sat, Nov 27, 2010"
4089,Bishop International,Flint,United States,FNT,KFNT,42.965424,-83.743629,782,-5,A,"Flint, MI",396,396,397,397,4.348484848484848,11.941919191919187,20.0,68.0,"Fri, Nov  5, 2010","Tue, Nov  9, 2010"
4009,Sioux Falls,Sioux Falls,United States,FSD,KFSD,43.582014,-96.741914,1429,-6,A,"Sioux Falls, SD",526,527,528,529,4.66920152091255,14.829222011385204,33.0,91.0,"Sun, Nov 21, 2010","Wed, Nov 24, 2010"
3437,Fort Smith Regional,Fort Smith,United States,FSM,KFSM,35.336583,-94.367444,469,-6,A,"Fort Smith, AR",174,174,175,175,4.229885057471263,9.678160919540225,10.0,30.0,"Mon, Nov  1, 2010","Thu, Nov 18, 2010"
4041,Fort Wayne,Fort Wayne,United States,FWA,KFWA,40.978472,-85.195139,815,-5,A,"Fort Wayne, IN",391,389,397,396,4.457800511508956,14.228791773778925,42.0,73.0,"Wed, Nov 24, 2010","Mon, Nov 22, 2010"
4296,Gillette-Campbell County Airport,Gillette,United States,GCC,KGCC,44.3489167,-105.5393611,4365,-7,A,"Gillette, WY",118,118,118,118,4.364406779661015,16.5677966101695,20.0,51.0,"Sat, Nov 20, 2010","Sat, Nov 20, 2010"
3467,Spokane International,Spokane,United States,GEG,KGEG,47.619861,-117.533833,2376,-8,A,"Spokane, WA",1003,1003,1013,1014,4.274177467597209,14.064805583250251,29.0,96.0,"Tue, Nov 30, 2010","Fri, Nov 26, 2010"
3442,Grand Forks International,Grand Forks,United States,GFK,KGFK,47.949256,-97.176111,845,-6,A,"Grand Forks, ND",186,185,194,194,3.8763440860215055,12.902702702702703,8.0,41.0,"Sun, Nov 21, 2010","Tue, Nov 30, 2010"
3465,East Texas Regional,Longview,United States,GGG,KGGG,32.384014,-94.711486,365,-6,A,"Longview, TX",30,30,30,30,4.066666666666667,12.4,6.0,149.0,"Mon, Nov  8, 2010","Fri, Nov 12, 2010"
4063,Grand Junction Regional,Grand Junction,United States,GJT,KGJT,39.122413,-108.526735,4858,-7,A,"Grand Junction, CO",452,450,459,459,4.004424778761066,13.15555555555556,13.0,56.0,"Sun, Nov 14, 2010","Sat, Nov 20, 2010"
3472,Gainesville Regional,Gainesville,United States,GNV,KGNV,29.690056,-82.271778,152,-5,A,"Gainesville, FL",197,196,197,197,3.274111675126904,12.760204081632653,7.0,81.0,"Fri, Nov 12, 2010","Mon, Nov 29, 2010"
4038,Gulfport-Biloxi,Gulfport,United States,GPT,KGPT,30.407278,-89.070111,28,-6,A,"Gulfport/Biloxi, MS",519,519,521,521,4.556840077071291,12.483622350674374,23.0,93.0,"Mon, Nov 29, 2010","Sat, Nov 27, 2010"
3653,Austin Straubel International,Green Bay,United States,GRB,KGRB,44.485072,-88.129589,695,-6,A,"Green Bay, WI",458,456,466,465,3.720524017467248,10.495614035087716,18.0,75.0,"Mon, Nov  8, 2010","Sun, Nov 21, 2010"
3775,Robert Gray AAF,Killeen,United States,GRK,KGRK,31.06725,-97.828917,1015,-6,A,"Killeen, TX",309,309,310,310,4.546925566343046,10.245954692556635,20.0,58.0,"Mon, Nov 29, 2010","Tue, Nov  2, 2010"
3685,Gerald R. Ford International,Grand Rapids,United States,GRR,KGRR,42.880833,-85.522806,794,-5,A,"Grand Rapids, MI",1054,1053,1061,1060,4.913662239089187,13.22602089268756,32.0,127.0,"Wed, Nov 24, 2010","Mon, Nov 22, 2010"
4008,Piedmont Triad,Greensboro,United States,GSO,KGSO,36.09775,-79.937306,925,-5,A,"Greensboro/High Point, NC",852,833,862,843,4.401408450704236,16.151260504201673,17.0,112.0,"Mon, Nov  8, 2010","Wed, Nov 24, 2010"
4034,Greenville-Spartanburg International,Greenville,United States,GSP,KGSP,34.895556,-82.218889,964,-5,A,"Greer, SC",832,833,841,842,3.501201923076922,14.510204081632661,16.0,97.0,"Tue, Nov 30, 2010","Mon, Nov  8, 2010"
3880,Great Falls International,Great Falls,United States,GTF,KGTF,47.482,-111.370689,3677,-7,A,"Great Falls, MT",139,140,140,140,4.25179856115108,14.057142857142857,9.0,53.0,"Sun, Nov 14, 2010","Sat, Nov 20, 2010"
4273,Golden Triangle Regional Airport,Columbus Mississippi,United States,GTR,KGTR,33.450333,-88.591361,264,-6,A,"Columbus, MS",57,57,58,58,4.2105263157894735,14.824561403508772,8.0,60.0,"Thu, Nov 11, 2010","Mon, Nov 29, 2010"
7051,Gunnison - Crested Butte,Gunnison,United States,GUC,KGUC,38.533889,-106.933056,7678,-7,A,"Gunnison, CO",29,28,31,30,4.379310344827588,18.107142857142854,8.0,27.0,"Tue, Nov 16, 2010","Mon, Nov 29, 2010"
4339,Yampa Valley,Hayden,United States,HDN,KHDN,40.481181,-107.21766,6602,-7,A,"Hayden, CO",58,58,60,60,3.896551724137931,20.689655172413797,7.0,49.0,"Mon, Nov 29, 2010","Tue, Nov  9, 2010"
3504,Helena Regional,Helena,United States,HLN,KHLN,46.606806,-111.98275,3877,-7,A,"Helena, MT",135,133,135,135,3.5111111111111115,15.353383458646615,12.0,34.0,"Sun, Nov 21, 2010","Tue, Nov 16, 2010"
3728,Honolulu International,Honolulu,United States,HNL,PHNL,21.318681,-157.922428,13,-10,N,"Honolulu, HI",4180,4179,4191,4189,5.934928229665068,12.922948073701837,35.0,64.0,"Mon, Nov 29, 2010","Fri, Nov  5, 2010"
3566,William P. Hobby,Houston,United States,HOU,KHOU,29.645419,-95.278889,46,-6,A,"Houston, TX",4190,4186,4224,4223,5.437470167064433,9.332537028189197,54.0,131.0,"Sat, Nov 27, 2010","Tue, Nov 30, 2010"
3589,Westchester County,White Plains,United States,HPN,KHPN,41.066959,-73.707575,439,-5,A,"White Plains, NY",894,892,903,903,5.829977628635353,13.761210762331835,40.0,55.0,"Fri, Nov  5, 2010","Fri, Nov 19, 2010"
3560,Valley International,Harlingen,United States,HRL,KHRL,26.2285,-97.654389,36,-6,A,"Harlingen/San Benito, TX",394,395,396,396,3.0152284263959386,8.815189873417724,24.0,70.0,"Thu, Nov 18, 2010","Tue, Nov 16, 2010"
4113,Huntsville International Airport-Carl T. Jones Field,Huntsville,United States,HSV,KHSV,34.6371944,-86.7750556,629,-6,A,"Huntsville, AL",861,838,866,843,5.025551684088271,14.540572792362768,67.0,69.0,"Tue, Nov 30, 2010","Mon, Nov 15, 2010"
5742,TriState-Milton J. Ferguson Field,Huntington,United States,HTS,KHTS,38.3667,-82.558,828,-5,A,"Ashland, WV",54,54,55,55,4.796296296296298,8.462962962962958,10.0,16.0,"Thu, Nov  4, 2010","Tue, Nov 16, 2010"
3714,Washington Dulles International,Washington,United States,IAD,KIAD,38.944533,-77.455811,313,-5,A,"Washington, DC",6212,6165,6256,6198,6.3578557630392885,15.749716139497162,50.0,111.0,"Sat, Nov 20, 2010","Mon, Nov 22, 2010"
3550,George Bush Intercontinental Houston,Houston,United States,IAH,KIAH,29.984433,-95.341442,97,-6,A,"Houston, TX",14539,14546,14557,14557,8.14093128825915,16.267496218891818,46.0,94.0,"Tue, Nov 30, 2010","Mon, Nov 22, 2010"
3457,Wichita Mid Continent,Wichita,United States,ICT,KICT,37.649944,-97.433056,1333,-6,A,"Wichita, KS",953,951,958,955,4.864637985309539,11.842271293375388,26.0,79.0,"Sun, Nov  7, 2010","Tue, Nov  2, 2010"
4100,Idaho Falls Regional,Idaho Falls,United States,IDA,KIDA,43.514556,-112.07075,4744,-7,A,"Idaho Falls, ID",239,241,248,250,4.26778242677825,14.390041493775936,9.0,79.0,"Sat, Nov 20, 2010","Sun, Nov 21, 2010"
3845,Wilmington International,Wilmington,United States,ILM,KILM,34.270615,-77.902569,32,-5,A,"Wilmington, NC",393,393,397,397,4.241730279898224,13.773536895674296,13.0,43.0,"Mon, Nov  8, 2010","Mon, Nov 29, 2010"
3585,Indianapolis International,Indianapolis,United States,IND,KIND,39.717331,-86.294383,797,-5,A,"Indianapolis, IN",2933,2910,2945,2925,5.711558131605857,13.783161512027506,44.0,135.0,"Tue, Nov 30, 2010","Wed, Nov 24, 2010"
3689,Imperial County,Imperial,United States,IPL,KIPL,32.834219,-115.578744,-54,-8,A,"El Centro, CA",60,59,60,60,3.0833333333333335,11.694915254237289,6.0,23.0,"Mon, Nov  8, 2010","Mon, Nov 15, 2010"
3857,Long Island MacArthur,Islip,United States,ISP,KISP,40.79525,-73.100222,99,-5,A,"Islip, NY",606,605,606,605,4.204620462046202,8.266115702479349,15.0,24.0,"Sat, Nov  6, 2010","Sun, Nov 28, 2010"
3947,Ithaca Tompkins Regional,Ithaca,United States,ITH,KITH,42.491028,-76.458444,1099,-5,A,"Ithaca/Cortland, NY",84,83,85,85,7.214285714285714,15.771084337349395,13.0,66.0,"Fri, Nov  5, 2010","Wed, Nov  3, 2010"
3415,Hilo International,Hilo,United States,ITO,PHTO,19.721375,-155.048469,38,-10,N,"Hilo, HI",581,580,585,585,5.3734939759036155,8.532758620689657,23.0,20.0,"Fri, Nov 19, 2010","Sun, Nov 14, 2010"
7120,Inyokern Airport,Inyokern,United States,IYK,KIYK,35.658889,-117.829444,2455,-8,A,"Inyokern, CA",75,75,78,78,3.9466666666666668,10.359999999999998,8.0,19.0,"Thu, Nov  4, 2010","Tue, Nov  9, 2010"
4027,Jackson Hole Airport,Jacksn Hole,United States,JAC,KJAC,43.60733333,-110.73775,6451,-7,A,"Jackson, WY",132,131,145,145,3.734848484848485,22.72519083969466,10.0,159.0,"Mon, Nov 22, 2010","Wed, Nov 24, 2010"
3580,Jackson Evers International,Jackson,United States,JAN,KJAN,32.311167,-90.075889,346,-6,A,"Jackson/Vicksburg, MS",953,950,963,963,4.732423924449106,12.204210526315793,34.0,75.0,"Sat, Nov 20, 2010","Tue, Nov 30, 2010"
3712,Jacksonville International,Jacksonville,United States,JAX,KJAX,30.494056,-81.687861,30,-5,A,"Jacksonville, FL",2613,2616,2631,2633,4.928817451205505,13.048165137614696,35.0,103.0,"Thu, Nov 11, 2010","Thu, Nov  4, 2010"
3797,John F. Kennedy International,New York,United States,JFK,KJFK,40.639751,-73.778925,13,-5,A,"New York, NY",8750,8761,8816,8818,9.501257142857165,24.489555986759537,94.0,100.0,"Thu, Nov 11, 2010","Thu, Nov 25, 2010"
3492,Juneau International,Juneau,United States,JNU,PAJN,58.354972,-134.576278,21,-9,A,"Juneau, AK",288,289,298,299,3.993055555555557,14.899653979238751,8.0,53.0,"Tue, Nov  9, 2010","Mon, Nov 29, 2010"
3514,Kona International At Keahole,Kona,United States,KOA,PHKO,19.738767,-156.045631,47,-10,N,"Kona, HI",936,935,936,936,4.626068376068374,9.671657754010702,14.0,37.0,"Tue, Nov 23, 2010","Mon, Nov 22, 2010"
3808,Ketchikan International,Ketchikan,United States,KTN,PAKT,55.355556,-131.71375,88,-9,A,"Ketchikan, AK",171,171,176,176,4.152046783625732,12.982456140350877,27.0,33.0,"Fri, Nov 19, 2010","Tue, Nov 23, 2010"
3544,Capital City,Lansing,United States,LAN,KLAN,42.7787,-84.587357,861,-5,A,"Lansing, MI",285,279,288,284,4.217543859649129,16.218637992831518,21.0,76.0,"Sun, Nov  7, 2010","Wed, Nov 10, 2010"
3877,McCarran International,Las Vegas,United States,LAS,KLAS,36.080056,-115.15225,2141,-8,A,"Las Vegas, NV",11690,11690,11730,11731,6.385799828913599,14.0071856287425,52.0,90.0,"Mon, Nov 15, 2010","Tue, Nov 23, 2010"
3484,Los Angeles International,Los Angeles,United States,LAX,KLAX,33.942536,-118.408075,126,-8,A,"Los Angeles, CA",15812,15827,15932,15930,8.789463698456876,14.147153598281415,74.0,76.0,"Mon, Nov 15, 2010","Fri, Nov 19, 2010"
3829,Lubbock Preston Smith International,Lubbock,United States,LBB,KLBB,33.663639,-101.822778,3282,-6,A,"Lubbock, TX",603,603,604,604,3.5373134328358224,9.726368159203973,26.0,43.0,"Sun, Nov 14, 2010","Mon, Nov  1, 2010"
3513,Lake Charles Regional,Lake Charles,United States,LCH,KLCH,30.126112,-93.223335,15,-6,A,"Lake Charles, LA",87,87,87,87,4.1149425287356305,11.333333333333329,9.0,52.0,"Thu, Nov 11, 2010","Sun, Nov 21, 2010"
4017,Blue Grass,Lexington KY,United States,LEX,KLEX,38.0365,-84.605889,979,-5,A,"Lexington, KY",773,770,775,774,4.523932729624844,15.11948051948052,25.0,78.0,"Wed, Nov  3, 2010","Mon, Nov 15, 2010"
3493,Lafayette Regional,Lafayette,United States,LFT,KLFT,30.205278,-91.987611,43,-6,A,"Lafayette, LA",418,418,419,419,4.638755980861241,13.22248803827751,18.0,65.0,"Sun, Nov 14, 2010","Tue, Nov 30, 2010"
3697,LaGuardia Airport,New York,United States,LGA,KLGA,40.777245,-73.872608,22,-5,A,"New York, NY",8241,8246,8359,8357,7.651134571047201,26.159956342469048,63.0,138.0,"Thu, Nov  4, 2010","Mon, Nov 22, 2010"
3582,Long Beach,Long Beach,United States,LGB,KLGB,33.817722,-118.151611,60,-8,A,"Long Beach, CA",1063,1062,1067,1069,4.862652869238008,13.88512241054614,47.0,71.0,"Sun, Nov 28, 2010","Thu, Nov 18, 2010"
3602,Lihue,Lihue,United States,LIH,PHLI,21.975983,-159.338958,153,-10,N,"Lihue, HI",893,892,894,894,5.370660694288918,8.282511210762328,11.0,28.0,"Tue, Nov 16, 2010","Sun, Nov 14, 2010"
3660,Adams Field,Little Rock,United States,LIT,KLIT,34.729444,-92.224306,262,-6,A,"Little Rock, AR",1557,1555,1567,1567,4.680796403339758,11.688745980707381,41.0,131.0,"Fri, Nov 19, 2010","Tue, Nov  2, 2010"
5750,Klamath Falls Airport,Klamath Falls,United States,LMT,KLMT,42.1561,-121.733,4095,-8,A,"Klamath Falls, OR",89,86,89,89,3.752808988764045,15.546511627906977,7.0,106.0,"Tue, Nov 23, 2010","Sun, Nov 21, 2010"
3543,Lincoln,Lincoln,United States,LNK,KLNK,40.850971,-96.75925,1219,-6,A,"Lincoln, NE",237,225,241,228,4.059071729957805,10.377777777777782,22.0,60.0,"Thu, Nov 11, 2010","Sat, Nov 13, 2010"
3691,Laredo International,Laredo,United States,LRD,KLRD,27.54375,-99.461556,508,-6,A,"Laredo, TX",205,206,206,207,3.3073170731707315,11.407766990291266,8.0,41.0,"Fri, Nov 12, 2010","Tue, Nov 30, 2010"
4044,LaCrosse Municipal,LaCrosse,United States,LSE,KLSE,43.878986,-91.256711,654,-6,A,"La Crosse, WI",189,192,191,192,3.7354497354497362,13.8125,11.0,112.0,"Thu, Nov 11, 2010","Mon, Nov 22, 2010"
6958,Greenbrier Valley Airport,Lewisburg,United States,LWB,KLWB,37.858333,-80.399444,2302,-5,U,"Lewisburg, WV",60,60,60,60,4.516666666666668,16.61666666666666,11.0,44.0,"Sun, Nov 28, 2010","Thu, Nov  4, 2010"
3945,Lewiston Nez Perce County,Lewiston,United States,LWS,KLWS,46.3745,-117.015389,1442,-8,A,"Lewiston, ID",55,55,55,55,4.872727272727275,12.636363636363637,14.0,43.0,"Mon, Nov 29, 2010","Tue, Nov 23, 2010"
5753,Lynchburg Regional-Preston Glenn Field,Lynchburg,United States,LYH,KLYH,37.3267,-79.2004,938,-5,A,"Lynchburg, VA",58,58,58,58,2.8620689655172415,12.46551724137931,6.0,33.0,"Wed, Nov  3, 2010","Fri, Nov 12, 2010"
3652,Midland International,Midland,United States,MAF,KMAF,31.942528,-102.201914,2871,-6,A,"Midland/Odessa, TX",589,589,593,592,3.7979626485568763,9.244482173174882,20.0,25.0,"Sat, Nov 13, 2010","Tue, Nov 16, 2010"
4128,MBS International,Saginaw,United States,MBS,KMBS,43.532913,-84.079647,668,-5,A,"Saginaw/Bay City/Midland, MI",326,323,329,328,3.871165644171779,14.93498452012385,10.0,96.0,"Tue, Nov 30, 2010","Thu, Nov 11, 2010"
3458,Kansas City International,Kansas City,United States,MCI,KMCI,39.297606,-94.713905,1026,-6,A,"Kansas City, MO",4176,4154,4185,4169,4.954022988505756,10.925613866153085,33.0,139.0,"Thu, Nov 11, 2010","Tue, Nov 30, 2010"
3878,Orlando International,Orlando,United States,MCO,KMCO,28.429394,-81.308994,96,-5,A,"Orlando, FL",9871,9868,9887,9889,6.91682706919259,12.605695176327508,57.0,104.0,"Tue, Nov 30, 2010","Tue, Nov 30, 2010"
3542,Harrisburg International,Harrisburg,United States,MDT,KMDT,40.193494,-76.763403,310,-5,A,"Harrisburg, PA",543,543,544,545,4.922651933701654,14.714548802946593,20.0,96.0,"Tue, Nov  2, 2010","Mon, Nov 22, 2010"
3747,Chicago Midway International,Chicago,United States,MDW,KMDW,41.785972,-87.752417,620,-6,A,"Chicago, IL",6889,6896,6919,6919,5.665989258237772,11.280452436194844,69.0,110.0,"Mon, Nov 22, 2010","Mon, Nov 22, 2010"
4335,Key Field,Meridian,United States,MEI,KMEI,32.332624,-88.751868,297,-6,A,"Meridian, MS",55,55,56,56,3.8181818181818183,15.254545454545454,6.0,57.0,"Mon, Nov 22, 2010","Wed, Nov 17, 2010"
3473,Memphis International,Memphis,United States,MEM,KMEM,35.042417,-89.976667,341,-6,A,"Memphis, TN",6252,6248,6307,6305,7.002719129878439,18.1266005121639,56.0,92.0,"Sat, Nov  6, 2010","Thu, Nov 25, 2010"
3826,McAllen Miller International,Mcallen,United States,MFE,KMFE,26.175833,-98.238611,107,-6,A,"Mission/McAllen/Edinburg, TX",356,356,361,361,4.205056179775279,11.879213483146057,12.0,40.0,"Wed, Nov 24, 2010","Fri, Nov 19, 2010"
4101,Rogue Valley International Medford,Medford,United States,MFR,KMFR,42.374228,-122.8735,1335,-8,A,"Medford, OR",342,341,350,350,3.289473684210526,11.217008797653964,8.0,37.0,"Thu, Nov 11, 2010","Tue, Nov 23, 2010"
4115,Montgomery Regional Airport ,MONTGOMERY,United States,MGM,KMGM,32.3006389,-86.3939722,221,-6,A,"Montgomery, AL",354,354,358,358,3.0423728813559334,13.220338983050848,12.0,57.0,"Tue, Nov 23, 2010","Tue, Nov 16, 2010"
4050,Manhattan Regional,Manhattan,United States,MHK,KMHK,39.140972,-96.670833,1057,-6,A,"Manhattan/Ft. Riley, KS",102,101,102,101,3.372549019607843,12.524752475247524,20.0,140.0,"Wed, Nov 10, 2010","Mon, Nov 22, 2010"
4011,Manchester Regional Airport,Manchester NH,United States,MHT,KMHT,42.932556,-71.435667,266,-5,A,"Manchester, NH",1105,1104,1108,1108,4.621719457013577,11.896739130434787,22.0,60.0,"Fri, Nov 19, 2010","Sat, Nov 27, 2010"
3576,Miami International,Miami,United States,MIA,KMIA,25.79325,-80.290556,8,-5,A,"Miami, FL",5814,5803,5839,5831,7.9790161678706495,16.020334309839754,84.0,107.0,"Tue, Nov  9, 2010","Tue, Nov 30, 2010"
3717,General Mitchell International,Milwaukee,United States,MKE,KMKE,42.947222,-87.896583,723,-6,A,"Milwaukee, WI",3841,3839,3869,3869,5.739130434782618,12.553008595988537,52.0,123.0,"Mon, Nov 22, 2010","Mon, Nov 22, 2010"
5754,Muskegon County Airport,Muskegon,United States,MKG,KMKG,43.1695,-86.2382,628,-5,A,"Muskegon, MI",62,62,64,64,4.032258064516129,10.790322580645162,6.0,34.0,"Mon, Nov 15, 2010","Wed, Nov  3, 2010"
3671,Melbourne International,Melbourne,United States,MLB,KMLB,28.102753,-80.645258,33,-5,A,"Melbourne, FL",141,141,143,143,4.460992907801419,13.120567375886525,9.0,29.0,"Sat, Nov 13, 2010","Fri, Nov 19, 2010"
4072,Quad City International,Moline,United States,MLI,KMLI,41.448528,-90.507539,590,-6,A,"Moline, IL",498,497,499,500,3.678714859437751,10.94969818913481,19.0,45.0,"Sat, Nov 27, 2010","Sat, Nov 27, 2010"
3732,Monroe Regional,Monroe,United States,MLU,KMLU,32.510864,-92.037689,79,-6,A,"Monroe, LA",198,199,200,201,3.621212121212121,11.195979899497479,9.0,57.0,"Tue, Nov 30, 2010","Sun, Nov 21, 2010"
3782,Mobile Regional,Mobile,United States,MOB,KMOB,30.691231,-88.242814,219,-6,A,"Mobile, AL",542,542,551,550,3.7158671586715872,11.321033210332104,26.0,51.0,"Wed, Nov 24, 2010","Tue, Nov 30, 2010"
3816,Modesto City County Harry Sham,Modesto,United States,MOD,KMOD,37.625817,-120.954422,97,-8,A,"Modesto, CA",133,133,141,141,2.744360902255638,9.451127819548871,7.0,31.0,"Tue, Nov  9, 2010","Fri, Nov 19, 2010"
3498,Minot International,Minot,United States,MOT,KMOT,48.259378,-101.280333,1716,-6,A,"Minot, ND",139,139,146,146,4.741007194244604,15.899280575539569,8.0,68.0,"Sun, Nov 21, 2010","Sun, Nov 21, 2010"
6838,Sawyer International Airport,Marquette,United States,MQT,KMQT,46.353611,-87.395278,1221,-5,A,"Marquette, MI",116,116,119,119,5.732758620689657,13.327586206896552,25.0,37.0,"Mon, Nov 15, 2010","Tue, Nov  9, 2010"
3948,Monterey Peninsula,Monterey,United States,MRY,KMRY,36.587,-121.842944,257,-8,A,"Monterey, CA",426,423,435,435,3.593896713615023,11.037825059101662,14.0,48.0,"Fri, Nov 19, 2010","Tue, Nov 23, 2010"
3459,Dane County Regional-Truax Field,Madison,United States,MSN,KMSN,43.139858,-89.337514,887,-6,A,"Madison, WI",725,735,728,740,4.246896551724135,12.995918367346938,35.0,67.0,"Tue, Nov 30, 2010","Sun, Nov  7, 2010"
4216,Missoula International,Missoula,United States,MSO,KMSO,46.916306,-114.090556,3205,-7,A,"Missoula, MT",262,261,263,263,4.721374045801529,13.99233716475096,11.0,52.0,"Fri, Nov 19, 2010","Wed, Nov 24, 2010"
3858,Minneapolis St. Paul International,Minneapolis,United States,MSP,KMSP,44.881956,-93.221767,841,-6,A,"Minneapolis, MN",10170,10183,10344,10339,8.038053097345134,19.804674457429055,133.0,171.0,"Sat, Nov 20, 2010","Sat, Nov 13, 2010"
3861,Louis Armstrong New Orleans International,New Orleans,United States,MSY,KMSY,29.993389,-90.258028,4,-6,A,"New Orleans, LA",3342,3337,3351,3348,4.923997606223822,11.013784836679664,48.0,69.0,"Sun, Nov 21, 2010","Tue, Nov 30, 2010"
6880,Montrose Regional Airport,Montrose CO,United States,MTJ,KMTJ,38.509794,-107.894242,5759,-7,A,"Montrose/Delta, CO",94,94,95,95,3.765957446808511,12.042553191489366,6.0,32.0,"Mon, Nov 29, 2010","Mon, Nov  1, 2010"
3515,Myrtle Beach International,Myrtle Beach,United States,MYR,KMYR,33.67975,-78.928333,25,-5,A,"Myrtle Beach, SC",311,311,313,313,3.7588424437299066,14.504823151125402,11.0,80.0,"Thu, Nov 18, 2010","Thu, Nov  4, 2010"
4386,Albert J. Ellis,Jacksonville NC,United States,OAJ,KOAJ,34.829164,-77.612139,94,-5,A,"Jacksonville/Camp Lejeune, NC",143,143,143,143,2.5314685314685317,12.356643356643357,6.0,80.0,"Mon, Nov 29, 2010","Tue, Nov 30, 2010"
3453,Metropolitan Oakland International,Oakland,United States,OAK,KOAK,37.721278,-122.220722,9,-8,A,"Oakland, CA",3646,3644,3669,3669,5.875205704882065,9.124039517014278,36.0,74.0,"Tue, Nov  2, 2010","Sat, Nov 20, 2010"
3456,Kahului,Kahului,United States,OGG,PHOG,20.89865,-156.430458,54,-10,N,"Kahului, HI",1686,1653,1689,1659,5.390865954922897,8.75862068965517,51.0,72.0,"Mon, Nov 29, 2010","Fri, Nov 12, 2010"
3863,Will Rogers World,Oklahoma City,United States,OKC,KOKC,35.393089,-97.600733,1295,-6,A,"Oklahoma City, OK",1761,1740,1764,1745,4.651334469051668,11.218390804597721,46.0,79.0,"Fri, Nov 19, 2010","Sun, Nov 21, 2010"
3454,Eppley Airfield,Omaha,United States,OMA,KOMA,41.303167,-95.894069,984,-6,A,"Omaha, NE",1950,1947,1957,1962,4.013333333333345,12.861325115562403,31.0,123.0,"Fri, Nov 12, 2010","Fri, Nov 12, 2010"
3615,Nome,Nome,United States,OME,PAOM,64.512203,-165.445247,37,-9,A,"Nome, AK",82,84,87,87,3.6219512195121952,5.821428571428571,8.0,32.0,"Wed, Nov 10, 2010","Tue, Nov  9, 2010"
3734,Ontario International,Ontario,United States,ONT,KONT,34.056,-117.601194,944,-8,A,"Ontario, CA",1908,1907,1915,1916,4.279350104821826,9.877294179339257,15.0,49.0,"Fri, Nov 19, 2010","Tue, Nov  2, 2010"
3830,Chicago O'Hare International,Chicago,United States,ORD,KORD,41.978603,-87.904842,668,-6,A,"Chicago, IL",24286,24314,24538,24506,8.635304290537817,15.826272929176604,73.0,136.0,"Mon, Nov 22, 2010","Mon, Nov 22, 2010"
3611,Norfolk International,Norfolk,United States,ORF,KORF,36.894611,-76.201222,26,-5,A,"Norfolk, VA",1296,1295,1301,1304,4.222222222222217,12.771428571428592,23.0,77.0,"Wed, Nov 10, 2010","Thu, Nov  4, 2010"
5757,Southwest Oregon Regional Airport,North Bend,United States,OTH,KOTH,43.4171,-124.246,17,-8,A,"North Bend/Coos Bay, OR",88,87,90,90,3.1704545454545463,9.39080459770115,8.0,49.0,"Tue, Nov 30, 2010","Tue, Nov 23, 2010"
3693,Ralph Wien Memorial,Kotzebue,United States,OTZ,PAOT,66.884678,-162.59855,11,-9,A,"Kotzebue, AK",82,82,87,87,4.512195121951218,5.560975609756095,12.0,23.0,"Sat, Nov 20, 2010","Fri, Nov  5, 2010"
4117,Barkley Regional Airport,PADUCAH,United States,PAH,KPAH,37.0602875,-88.7729583,410,-6,A,"Paducah, KY",58,58,59,59,4.189655172413793,12.793103448275861,6.0,41.0,"Wed, Nov  3, 2010","Fri, Nov 26, 2010"
3722,Palm Beach International,West Palm Beach,United States,PBI,KPBI,26.683161,-80.095589,19,-5,A,"West Palm Beach/Palm Beach, FL",2088,2082,2093,2090,4.560823754789273,12.542747358309304,29.0,73.0,"Fri, Nov 12, 2010","Sun, Nov 28, 2010"
3720,Portland International,Portland,United States,PDX,KPDX,45.588722,-122.5975,30,-8,A,"Portland, OR",4086,4093,4111,4111,4.2369065100342445,11.680674322013214,75.0,65.0,"Tue, Nov 23, 2010","Mon, Nov 29, 2010"
3633,Newport News Williamsburg International,Newport News,United States,PHF,KPHF,37.131894,-76.492989,43,-5,A,"Newport News/Williamsburg, VA",437,437,444,444,5.6201372997711605,12.050343249427922,12.0,68.0,"Mon, Nov 29, 2010","Wed, Nov  3, 2010"
3752,Philadelphia International,Philadelphia,United States,PHL,KPHL,39.871944,-75.241139,36,-5,A,"Philadelphia, PA",7173,7185,7220,7223,6.5260002788233615,19.541823242867068,47.0,122.0,"Sun, Nov 14, 2010","Mon, Nov 22, 2010"
3462,Phoenix Sky Harbor International,Phoenix,United States,PHX,KPHX,33.434278,-112.011583,1135,-7,N,"Phoenix, AZ",14709,14738,14800,14793,7.379223604595838,15.377866739041929,68.0,101.0,"Sat, Nov  6, 2010","Fri, Nov 12, 2010"
4046,Peoria Regional,Peoria,United States,PIA,KPIA,40.664203,-89.693258,660,-6,A,"Peoria, IL",291,289,292,292,4.127147766323023,13.726643598615928,14.0,77.0,"Wed, Nov 24, 2010","Sat, Nov 13, 2010"
3617,St. Petersburg Clearwater International,St. Petersburg,United States,PIE,KPIE,27.910167,-82.687389,10,-5,A,"St. Petersburg, FL",11,11,11,11,5.909090909090909,13.454545454545455,12.0,25.0,"Thu, Nov 18, 2010","Fri, Nov 19, 2010"
5760,Pocatello Regional Airport,Pocatello,United States,PIH,KPIH,42.9098,-112.596,4452,-7,A,"Pocatello, ID",111,111,114,114,3.3423423423423424,13.252252252252251,8.0,46.0,"Tue, Nov 23, 2010","Sun, Nov 28, 2010"
3570,Pittsburgh International,Pittsburgh (pennsylva),United States,PIT,KPIT,40.491467,-80.232872,1204,-5,A,"Pittsburgh, PA",3167,3160,3184,3184,5.2125039469529595,14.308227848101268,42.0,101.0,"Thu, Nov 11, 2010","Sat, Nov 13, 2010"
5762,Pellston Regional Airport of Emmet County Airport,Pellston,United States,PLN,KPLN,45.5709,-84.7967,720,-5,A,"Pellston, MI",4,4,4,4,5.75,20.25,10.0,30.0,"Sat, Nov  6, 2010","Sun, Nov  7, 2010"
3564,Pensacola Regional,Pensacola,United States,PNS,KPNS,30.473425,-87.186611,121,-6,A,"Pensacola, FL",891,890,895,895,4.582491582491593,12.886516853932584,27.0,90.0,"Sat, Nov  6, 2010","Wed, Nov  3, 2010"
6133,Tri Cities Airport,Pasco,United States,PSC,PSC,46.2647,-119.119,410,-8,A,"Pasco/Kennewick/Richland, WA",265,266,279,280,5.041509433962262,13.763157894736842,20.0,86.0,"Sun, Nov 28, 2010","Mon, Nov 22, 2010"
4147,Petersburg James A. Johnson,Petersburg,United States,PSG,PAPG,56.801667,-132.945278,105,-9,A,"Petersburg, AK",58,58,58,58,3.1551724137931036,9.379310344827585,5.0,47.0,"Thu, Nov 18, 2010","Thu, Nov  4, 2010"
3839,Palm Springs International,Palm Springs,United States,PSP,KPSP,33.829667,-116.506694,477,-8,A,"Palm Springs, CA",984,978,987,986,4.941056910569112,12.216768916155415,20.0,42.0,"Thu, Nov 18, 2010","Mon, Nov 22, 2010"
3641,Theodore Francis Green State,Providence,United States,PVD,KPVD,41.732581,-71.420383,55,-5,A,"Providence, RI",1537,1537,1542,1543,4.201691607026669,13.269355888093681,23.0,75.0,"Mon, Nov 15, 2010","Tue, Nov 16, 2010"
3862,Portland International Jetport,Portland,United States,PWM,KPWM,43.646161,-70.309281,77,-5,A,"Portland, ME",486,484,489,490,3.5534979423868305,15.200413223140494,22.0,65.0,"Thu, Nov 18, 2010","Wed, Nov 24, 2010"
4087,Rapid City Regional Airport,Rapid City,United States,RAP,KRAP,44.045278,-103.057222,3204,-7,A,"Rapid City, SD",425,424,430,431,4.4564705882353,12.62028301886792,21.0,101.0,"Sun, Nov 28, 2010","Mon, Nov 22, 2010"
4098,Redding Municipal,Redding,United States,RDD,KRDD,40.509,-122.293389,504,-8,A,"Redding, CA",114,114,117,117,3.710526315789474,10.736842105263158,8.0,34.0,"Sat, Nov 27, 2010","Sun, Nov 28, 2010"
4103,Roberts Field,Redmond-Bend,United States,RDM,KRDM,44.254066,-121.149964,3077,-8,A,"Bend/Redmond, OR",251,247,253,253,3.250996015936255,11.61943319838057,7.0,43.0,"Thu, Nov 18, 2010","Wed, Nov 24, 2010"
3626,Raleigh Durham International,Raleigh-durham,United States,RDU,KRDU,35.877639,-78.787472,435,-5,A,"Raleigh/Durham, NC",4124,4132,4153,4170,4.957807953443265,15.117134559535323,43.0,113.0,"Sun, Nov 28, 2010","Mon, Nov  8, 2010"
3608,Richmond International,Richmond,United States,RIC,KRIC,37.505167,-77.319667,167,-5,A,"Richmond, VA",1479,1473,1486,1485,5.41108857336038,14.995247793618466,25.0,112.0,"Wed, Nov 17, 2010","Sun, Nov  7, 2010"
5766,Rock Springs Sweetwater County Airport,Rock Springs,United States,RKS,KRKS,41.5942,-109.065,6760,-7,A,"Rock Springs, WY",147,149,149,149,3.3673469387755093,13.570469798657717,6.0,87.0,"Mon, Nov 15, 2010","Sun, Nov 28, 2010"
3807,Reno Tahoe International,Reno,United States,RNO,KRNO,39.499108,-119.768108,4415,-8,A,"Reno, NV",1653,1652,1666,1667,4.460980036297649,11.359564164648893,61.0,102.0,"Tue, Nov 23, 2010","Tue, Nov 23, 2010"
4016,Roanoke Regional,Roanoke VA,United States,ROA,KROA,37.325472,-79.975417,1175,-5,A,"Roanoke, VA",303,304,312,314,4.297029702970296,13.13486842105263,11.0,53.0,"Thu, Nov  4, 2010","Mon, Nov 29, 2010"
3622,Greater Rochester International,Rochester,United States,ROC,KROC,43.118866,-77.672389,559,-5,A,"Rochester, NY",1125,1121,1128,1126,5.484444444444452,14.654772524531662,19.0,60.0,"Tue, Nov 30, 2010","Mon, Nov  8, 2010"
3736,Roswell International Air Center,Roswell,United States,ROW,KROW,33.301556,-104.530556,3671,-7,A,"Roswell, NM",86,86,86,86,4.604651162790697,9.058139534883718,22.0,25.0,"Sat, Nov 27, 2010","Thu, Nov 11, 2010"
4048,Rochester,Rochester,United States,RST,KRST,43.908283,-92.500014,1317,-6,A,"Rochester, MN",259,258,264,266,3.4826254826254828,13.286821705426359,11.0,80.0,"Sat, Nov 13, 2010","Mon, Nov 22, 2010"
3793,Southwest Florida International,Fort Myers,United States,RSW,KRSW,26.536167,-81.755167,30,-5,A,"Fort Myers, FL",2282,2276,2286,2282,4.881244522348821,11.947275922671345,29.0,88.0,"Sun, Nov 28, 2010","Tue, Nov 30, 2010"
3784,Santa Fe Municipal,Santa Fe,United States,SAF,KSAF,35.617108,-106.089422,6348,-7,A,"Santa Fe, NM",89,89,89,89,4.089887640449438,9.876404494382022,11.0,35.0,"Tue, Nov  9, 2010","Mon, Nov 22, 2010"
3731,San Diego International,San Diego,United States,SAN,KSAN,32.733556,-117.189667,17,-8,A,"San Diego, CA",6064,6089,6149,6148,3.5112137203166216,12.678272294301204,26.0,91.0,"Sun, Nov 21, 2010","Sun, Nov 21, 2010"
3621,San Antonio International,San Antonio,United States,SAT,KSAT,29.533694,-98.469778,809,-6,A,"San Antonio, TX",3203,3202,3209,3209,4.581330003122081,10.975952529668941,52.0,144.0,"Tue, Nov 30, 2010","Tue, Nov 30, 2010"
3613,Savannah Hilton Head International,Savannah,United States,SAV,KSAV,32.127583,-81.202139,51,-5,A,"Savannah, GA",821,819,826,825,5.204628501827034,15.263736263736265,33.0,51.0,"Wed, Nov 24, 2010","Tue, Nov 30, 2010"
3949,Santa Barbara Municipal,Santa Barbara,United States,SBA,KSBA,34.426211,-119.840372,10,-8,A,"Santa Barbara, CA",785,784,794,794,4.145222929936304,10.155612244897956,24.0,70.0,"Wed, Nov 10, 2010","Tue, Nov  9, 2010"
4359,South Bend Regional,South Bend,United States,SBN,KSBN,41.708661,-86.31725,799,-5,A,"South Bend, IN",388,385,392,392,4.20103092783505,14.935064935064942,21.0,61.0,"Sun, Nov 14, 2010","Thu, Nov 25, 2010"
5768,San Luis County Regional Airport,San Luis Obispo,United States,SBP,KSBP,35.2368,-120.642,212,-8,A,"San Luis Obispo, CA",382,380,395,395,3.2984293193717282,9.902631578947371,12.0,36.0,"Sun, Nov 28, 2010","Tue, Nov 30, 2010"
3620,Deadhorse,Deadhorse,United States,SCC,PASC,70.19475,-148.465167,64,-9,A,"Deadhorse, AK",48,49,54,54,4.625,5.877551020408164,7.0,14.0,"Wed, Nov 17, 2010","Tue, Nov 30, 2010"
4318,University Park Airport,State College Pennsylvania,United States,SCE,KUNV,40.849278,-77.848694,1239,-5,A,"State College, PA",74,74,75,75,6.594594594594596,16.41891891891892,21.0,49.0,"Fri, Nov 12, 2010","Mon, Nov 29, 2010"
4014,Louisville International Airport,Louisville,United States,SDF,KSDF,38.1740858,-85.7364989,501,-5,A,"Louisville, KY",1383,1382,1391,1392,5.871294287780194,13.213458755426933,36.0,101.0,"Mon, Nov 22, 2010","Tue, Nov 30, 2010"
3577,Seattle Tacoma International,Seattle,United States,SEA,KSEA,47.449,-122.309306,433,-8,A,"Seattle, WA",7691,7692,7733,7731,6.152255883500195,15.969188767550701,87.0,104.0,"Mon, Nov 22, 2010","Mon, Nov 22, 2010"
3469,San Francisco International,San Francisco,United States,SFO,KSFO,37.618972,-122.374889,13,-8,A,"San Francisco, CA",11269,11296,11396,11398,6.437660839471105,15.87199008498584,87.0,71.0,"Sat, Nov 20, 2010","Sun, Nov 28, 2010"
4348,Springfield Branson National,Springfield,United States,SGF,KSGF,37.245667,-93.388639,1268,-6,A,"Springfield, MO",650,647,657,660,4.493846153846149,13.90262751159196,20.0,128.0,"Tue, Nov 30, 2010","Sun, Nov 21, 2010"
4064,St. George Municipal,Saint George,United States,SGU,KSGU,37.090583,-113.593056,2941,-7,A,"St. George, UT",184,182,189,189,3.733695652173913,7.8571428571428585,9.0,37.0,"Fri, Nov 12, 2010","Fri, Nov 19, 2010"
3609,Shreveport Regional,Shreveport,United States,SHV,KSHV,32.446629,-93.8256,258,-6,A,"Shreveport, LA",399,399,402,402,4.406015037593981,9.112781954887215,19.0,82.0,"Fri, Nov  5, 2010","Wed, Nov  3, 2010"
3856,Sitka Rocky Gutierrez,Sitka,United States,SIT,PASI,57.047138,-135.361611,21,-9,A,"Sitka, AK",86,89,89,89,4.325581395348837,11.49438202247191,10.0,31.0,"Sat, Nov 27, 2010","Sat, Nov  6, 2010"
3748,Norman Y. Mineta San Jose International,San Jose,United States,SJC,KSJC,37.3626,-121.929022,62,-8,A,"San Jose, CA",3249,3245,3259,3259,3.6943674976915983,10.541756548536183,32.0,103.0,"Thu, Nov 25, 2010","Thu, Nov 25, 2010"
3708,San Angelo Regional-Mathis Field,San Angelo,United States,SJT,KSJT,31.35775,-100.496306,1919,-6,A,"San Angelo, TX",28,28,29,29,3.142857142857143,8.71428571428571,7.0,19.0,"Thu, Nov 25, 2010","Fri, Nov  5, 2010"
3536,Salt Lake City International,Salt Lake City,United States,SLC,KSLC,40.788389,-111.977772,4227,-7,A,"Salt Lake City, UT",9693,9740,9856,9852,6.372330547818012,19.586755646817277,52.0,144.0,"Sun, Nov 28, 2010","Tue, Nov 23, 2010"
3817,Sacramento International,Sacramento,United States,SMF,KSMF,38.695417,-121.590778,27,-8,A,"Sacramento, CA",3406,3433,3422,3452,4.428655314151493,10.049519370812686,22.0,60.0,"Tue, Nov  2, 2010","Sat, Nov 20, 2010"
5772,Santa Maria Public-Captain G. Allan Hancock Airport,Santa Maria,United States,SMX,KSMX,34.8989,-120.457,261,-8,A,"Santa Maria, CA",104,105,111,111,4.134615384615383,9.895238095238097,14.0,46.0,"Sun, Nov 14, 2010","Thu, Nov 25, 2010"
3867,John Wayne Airport Orange County,Santa Ana,United States,SNA,KSNA,33.675667,-117.868222,56,-8,A,"Santa Ana, CA",3360,3357,3381,3379,6.073809523809511,12.556449210604693,44.0,141.0,"Thu, Nov 18, 2010","Sat, Nov 13, 2010"
4336,Abraham Lincoln Capital,Springfield,United States,SPI,KSPI,39.8441,-89.677889,597,-6,A,"Springfield, IL",147,147,150,150,3.8299319727891157,11.272108843537413,6.0,51.0,"Mon, Nov 15, 2010","Wed, Nov 24, 2010"
3680,Sheppard AFB Wichita Falls Municipal,Wichita Falls,United States,SPS,KSPS,33.988797,-98.491894,1019,-6,A,"Wichita Falls, TX",25,25,25,25,7.88,12.24,19.0,20.0,"Sun, Nov 28, 2010","Tue, Nov 30, 2010"
4067,Sarasota Bradenton International,Sarasota,United States,SRQ,KSRQ,27.395444,-82.554389,30,-5,A,"Sarasota/Bradenton, FL",447,447,449,450,4.360178970917231,11.071588366890387,19.0,39.0,"Thu, Nov  4, 2010","Mon, Nov 29, 2010"
3678,Lambert St. Louis International,St. Louis,United States,STL,KSTL,38.748697,-90.370028,618,-6,A,"St. Louis, MO",4930,4929,4950,4950,4.912576064908731,10.620815581253815,73.0,107.0,"Wed, Nov 24, 2010","Fri, Nov 12, 2010"
6494,Friedman Memorial,Hailey,United States,SUN,KSUN,43.504444,-114.296194,5320,-7,A,"Sun Valley/Hailey/Ketchum, ID",118,118,144,143,2.8559322033898304,10.51694915254237,5.0,53.0,"Fri, Nov  5, 2010","Tue, Nov 23, 2010"
3661,Stewart International,Newburgh,United States,SWF,KSWF,41.504094,-74.104839,491,-5,A,"Newburgh/Poughkeepsie, NY",164,163,166,166,4.884146341463416,16.33742331288345,11.0,51.0,"Mon, Nov 15, 2010","Sun, Nov 28, 2010"
3745,Syracuse Hancock International,Syracuse,United States,SYR,KSYR,43.111187,-76.106311,421,-5,A,"Syracuse, NY",893,886,897,890,4.565509518477043,16.042889390519207,17.0,67.0,"Tue, Nov  9, 2010","Wed, Nov 24, 2010"
3698,Tallahassee Regional,Tallahassee,United States,TLH,KTLH,30.396528,-84.350333,81,-5,A,"Tallahassee, FL",395,396,398,399,3.5949367088607596,13.068181818181817,34.0,54.0,"Fri, Nov 12, 2010","Mon, Nov 29, 2010"
4040,Toledo,Toledo,United States,TOL,KTOL,41.586806,-83.807833,684,-5,A,"Toledo, OH",60,61,60,61,2.716666666666667,14.426229508196721,5.0,154.0,"Fri, Nov  5, 2010","Thu, Nov 11, 2010"
3646,Tampa International,Tampa,United States,TPA,KTPA,27.975472,-82.53325,26,-5,A,"Tampa, FL",5593,5589,5604,5604,4.637225102807077,11.810162819824656,36.0,120.0,"Tue, Nov 23, 2010","Tue, Nov 30, 2010"
4116,Tri-Cities Regional Airport,BRISTOL,United States,TRI,KTRI,36.4752222,-82.4074167,1519,-5,A,"Bristol/Johnson City/Kingsport, TN",303,303,307,307,3.9768976897689776,13.531353135313525,12.0,67.0,"Thu, Nov  4, 2010","Sun, Nov 21, 2010"
3855,Tulsa International,Tulsa,United States,TUL,KTUL,36.198389,-95.888111,677,-6,A,"Tulsa, OK",1596,1616,1605,1627,4.401629072681705,11.151608910891085,33.0,56.0,"Mon, Nov  1, 2010","Thu, Nov 25, 2010"
3636,Tucson International,Tucson,United States,TUS,KTUS,32.116083,-110.941028,2643,-7,N,"Tucson, AZ",1774,1766,1777,1776,4.411499436302138,10.50566251415627,28.0,57.0,"Mon, Nov 29, 2010","Sun, Nov  7, 2010"
4023,Cherry Capital Airport,Traverse City,United States,TVC,KTVC,44.741445,-85.582235,624,-5,A,"Traverse City, MI",316,341,318,343,3.2468354430379747,12.439882697947214,10.0,62.0,"Tue, Nov 30, 2010","Fri, Nov 19, 2010"
4263,Magic Valley Regional Airport,Twin Falls,United States,TWF,KTWF,42.481803,-114.487733,4151,-7,A,"Twin Falls, ID",117,119,119,120,3.4957264957264957,12.268907563025207,7.0,64.0,"Tue, Nov 23, 2010","Wed, Nov 24, 2010"
3770,Texarkana Regional-Webb Field,Texarkana,United States,TXK,KTXK,33.453722,-93.991028,390,-6,A,"Texarkana, AR",89,89,89,89,3.157303370786517,8.550561797752808,9.0,47.0,"Mon, Nov 29, 2010","Fri, Nov 26, 2010"
3848,Tyler Pounds Regional,Tyler,United States,TYR,KTYR,32.354139,-95.402386,544,-6,A,"Tyler, TX",58,58,59,59,3.9482758620689653,8.120689655172407,8.0,15.0,"Thu, Nov  4, 2010","Sat, Nov  6, 2010"
3676,McGhee Tyson,Knoxville,United States,TYS,KTYS,35.810972,-83.994028,981,-5,A,"Knoxville, TN",1108,1108,1114,1116,4.083935018050539,14.316787003610107,23.0,111.0,"Tue, Nov  9, 2010","Thu, Nov  4, 2010"
7827,Tunica Municipal Airport,Tunica,United States,UTM,KUTA,34.681,-90.3467,194,-6,A,"Tunica, MS",17,17,17,17,3.764705882352941,15.470588235294118,7.0,57.0,"Sun, Nov  7, 2010","Mon, Nov 29, 2010"
5776,Valdosta Regional Airport,Valdosta,United States,VLD,KVLD,30.7825,-83.2767,203,-5,A,"Valdosta, GA",83,83,83,83,3.783132530120482,13.02409638554217,7.0,59.0,"Mon, Nov 15, 2010","Wed, Nov  3, 2010"
3873,Eglin AFB,Valparaiso,United States,VPS,KVPS,30.48325,-86.5254,87,-6,A,"Valparaiso, FL",605,605,617,617,6.09586776859504,13.879338842975201,20.0,67.0,"Tue, Nov 30, 2010","Wed, Nov  3, 2010"
5969,Wrangell Airport,Wrangell,United States,WRG,PAWG,56.4843,-132.37,44,-9,A,"Wrangell, AK",58,58,58,58,3.7758620689655173,7.9655172413793105,6.0,22.0,"Wed, Nov 17, 2010","Mon, Nov  1, 2010"
4356,NW Arkansas Regional,Bentonville,United States,XNA,KXNA,36.2818694,-94.3068111,1287,-6,A,"Fayetteville, AR",1105,1101,1109,1114,4.58009049773756,12.992733878292462,28.0,140.0,"Tue, Nov 30, 2010","Mon, Nov 22, 2010"
6803,Yakutat,Yakutat,United States,YAK,PAYA,59.3012,-139.3937,33,-9,A,"Yakutat, AK",56,56,58,58,4.160714285714286,10.821428571428571,7.0,26.0,"Fri, Nov  5, 2010","Fri, Nov  5, 2010"
3596,Yuma MCAS Yuma International,Yuma,United States,YUM,KYUM,32.656578,-114.60598,216,-7,N,"Yuma, AZ",314,314,317,317,4.837579617834394,12.999999999999998,15.0,57.0,"Tue, Nov  2, 2010","Tue, Nov 16, 2010"
2883,Cyril E. King,St. Thomas,Virgin Islands,STT,TIST,18.337306,-64.973361,23,-4,U,"Charlotte Amalie, VI",169,168,169,169,4.420118343195266,13.642857142857137,9.0,52.0,"Wed, Nov 10, 2010","Sun, Nov  7, 2010"
2884,Henry E. Rohlsen,St. Croix Island,Virgin Islands,STX,TISX,17.701889,-64.798556,74,-4,U,"Christiansted, VI",34,33,34,33,3.4411764705882355,10.878787878787879,6.0,19.0,"Sun, Nov 21, 2010","Tue, Nov  9, 2010"
2885,Rafael Hernndez,Aguadilla,Puerto Rico,BQN,TJBQ,18.494861,-67.129444,237,-4,U,"Aguadilla, PR",112,112,112,113,4.99107142857143,11.321428571428571,38.0,24.0,"Wed, Nov 10, 2010","Thu, Nov 11, 2010"
2889,Aeropuerto Mercedita,Ponce,Puerto Rico,PSE,TJPS,18.008306,-66.563028,29,-4,U,"Ponce, PR",60,60,60,60,4.649999999999998,11.833333333333334,11.0,40.0,"Thu, Nov  4, 2010","Fri, Nov 26, 2010"
2890,Luis Muoz Marn International,San Juan,Puerto Rico,SJU,TJSJ,18.439417,-66.001833,9,-4,U,"San Juan, PR",1499,1497,1501,1500,6.16410940627085,13.198396793587179,58.0,59.0,"Sun, Nov  7, 2010","Mon, Nov 22, 2010"
