airport_id,name,city,country,iata_faa,iaco,latitude,longitude,altitude,zone,dst,city_state,avg_able_landings,avg_able_takeoffs,total_landings,total_takeoffs,avg_taxi_in,avg_taxi_out,longest_taxi_in,longest_taxi_out,lng_tx_in_date,lng_tx_out_date
4355,Lehigh Valley International,Allentown,United States,ABE,KABE,40.652083,-75.440806,393,-5,A,"Allentown/Bethlehem/Easton, PA",424,423,439,440,4.601415094339627,12.950354609929082,35.0,149.0,"Fri, Jul 22, 2011","Fri, Jul 29, 2011"
3718,Abilene Regional,Abilene,United States,ABI,KABI,32.411319,-99.681897,1791,-6,A,"Abilene, TX",209,207,210,210,3.54066985645933,8.874396135265695,16.0,39.0,"Sun, Jul 10, 2011","Wed, Jul  6, 2011"
4019,Albuquerque International Sunport,Albuquerque,United States,ABQ,KABQ,35.0402222,-106.6091944,5355,-7,A,"Albuquerque, NM",3012,3004,3035,3034,5.2519920318725255,10.911784287616516,59.0,93.0,"Sun, Jul 24, 2011","Tue, Jul 12, 2011"
5715,Southwest Georgia Regional Airport,Albany,United States,ABY,KABY,31.5355,-84.1945,197,-5,A,"Albany, GA",84,84,85,85,3.6666666666666665,12.214285714285714,11.0,33.0,"Thu, Jul 28, 2011","Thu, Jul  7, 2011"
3517,Nantucket Memorial,Nantucket,United States,ACK,KACK,41.253053,-70.060181,48,-5,A,"Nantucket, MA",77,77,79,79,3.987012987012987,11.116883116883116,11.0,59.0,"Fri, Jul  8, 2011","Mon, Jul  4, 2011"
3700,Waco Regional,Waco,United States,ACT,KACT,31.611289,-97.230519,516,-6,A,"Waco, TX",30,30,31,31,4.233333333333331,8.866666666666667,7.0,15.0,"Fri, Jul  1, 2011","Sun, Jul 24, 2011"
4384,Arcata,Arcata CA,United States,ACV,KACV,40.978111,-124.108611,221,-8,A,"Arcata/Eureka, CA",269,270,286,285,4.011152416356878,10.262962962962963,8.0,63.0,"Sun, Jul 31, 2011","Wed, Jul 13, 2011"
3524,Atlantic City International,Atlantic City,United States,ACY,KACY,39.457583,-74.577167,75,-5,A,"Atlantic City, NJ",62,62,62,62,3.8870967741935485,10.612903225806454,7.0,22.0,"Tue, Jul 26, 2011","Tue, Jul 19, 2011"
5959,Adak Airport,Adak Island,United States,ADK,PADK,51.878,-176.646,18,-10,A,"Adak Island, AK",8,8,9,9,4.625,5.375,6.0,7.0,"Thu, Jul 28, 2011","Sun, Jul 10, 2011"
3531,Kodiak,Kodiak,United States,ADQ,PADQ,57.749967,-152.493856,78,-9,A,"Kodiak, AK",56,56,56,56,3.1607142857142856,5.571428571428571,6.0,16.0,"Tue, Jul 26, 2011","Wed, Jul  6, 2011"
3852,Alexandria International,Alexandria,United States,AEX,KAEX,31.3274,-92.549833,89,-6,A,"Alexandria, LA",264,264,270,270,2.6136363636363664,12.06439393939394,9.0,49.0,"Sat, Jul  2, 2011","Tue, Jul 12, 2011"
3658,Augusta Regional At Bush Field,Bush Field,United States,AGS,KAGS,33.369944,-81.9645,144,-5,A,"Augusta, GA",307,306,314,314,4.08469055374593,16.385620915032685,22.0,112.0,"Fri, Jul 29, 2011","Fri, Jul 15, 2011"
3794,King Salmon,King Salmon,United States,AKN,PAKN,58.676778,-156.649278,68,-9,A,"King Salmon, AK",31,31,31,31,4.0,5.161290322580645,8.0,11.0,"Fri, Jul 29, 2011","Tue, Jul 12, 2011"
3864,Albany International,Albany,United States,ALB,KALB,42.748267,-73.801692,285,-5,A,"Albany, NY",867,869,878,878,3.944636678200693,11.326812428078247,24.0,83.0,"Thu, Jul  7, 2011","Mon, Jul 25, 2011"
3840,Rick Husband Amarillo International,Amarillo,United States,AMA,KAMA,35.219369,-101.705931,3607,-6,A,"Amarillo, TX",643,645,650,650,4.82892690513219,8.83875968992249,29.0,38.0,"Wed, Jul 20, 2011","Fri, Jul 15, 2011"
3774,Ted Stevens Anchorage International,Anchorage,United States,ANC,PANC,61.174361,-149.996361,152,-9,A,"Anchorage, AK",2136,2138,2148,2147,5.18960674157303,12.424228250701592,44.0,72.0,"Fri, Jul 29, 2011","Thu, Jul  7, 2011"
7001,Aspen/Pitkin County-Sardy Field,Aspen,United States,ASE,KASE,39.2232,-106.869,7820,-7,A,"Aspen, CO",367,365,386,382,3.4604904632152587,10.249315068493143,10.0,107.0,"Sat, Jul  9, 2011","Tue, Jul  5, 2011"
3682,Hartsfield Jackson Atlanta International,Atlanta,United States,ATL,KATL,33.636719,-84.428067,1026,-5,A,"Atlanta, GA",34504,34591,35052,35046,11.043936934848139,21.92457575669975,88.0,154.0,"Thu, Jul 14, 2011","Fri, Jul  8, 2011"
4047,Appleton,Appleton,United States,ATW,KATW,44.257526,-88.507576,680,-6,A,"Appleton, WI",295,296,316,316,3.8779661016949154,10.706081081081082,12.0,77.0,"Mon, Jul 18, 2011","Tue, Jul 19, 2011"
3673,Austin Bergstrom International,Austin,United States,AUS,KAUS,30.194528,-97.669889,542,-6,A,"Austin, TX",3755,3753,3778,3778,5.622902796271646,11.028510524913415,47.0,114.0,"Sun, Jul 10, 2011","Mon, Jul 25, 2011"
4007,Asheville Regional Airport,Asheville,United States,AVL,KAVL,35.436194,-82.541806,2165,-5,A,"Asheville, NC",504,502,514,514,3.6547619047619047,16.760956175298816,31.0,117.0,"Sun, Jul 10, 2011","Wed, Jul 20, 2011"
4286,Wilkes Barre Scranton International,Scranton,United States,AVP,KAVP,41.338478,-75.723403,962,-5,A,"Scranton/Wilkes-Barre, PA",135,133,138,138,3.237037037037038,11.285714285714288,13.0,53.0,"Tue, Jul 12, 2011","Thu, Jul 28, 2011"
4039,Kalamazoo,Kalamazoo,United States,AZO,KAZO,42.234875,-85.552058,874,-5,A,"Kalamazoo, MI",52,53,57,58,3.269230769230769,12.245283018867925,13.0,41.0,"Mon, Jul 18, 2011","Sat, Jul  2, 2011"
3825,Bradley International,Windsor Locks,United States,BDL,KBDL,41.938889,-72.683222,173,-5,A,"Hartford, CT",1895,1893,1925,1926,5.320844327176782,13.333333333333341,38.0,93.0,"Sat, Jul  2, 2011","Mon, Jul 11, 2011"
3599,Bethel,Bethel,United States,BET,PABE,60.779778,-161.838,121,-9,A,"Bethel, AK",86,86,87,87,3.9767441860465116,6.662790697674419,6.0,16.0,"Fri, Jul  1, 2011","Thu, Jul  7, 2011"
3558,Meadows Field,Bakersfield,United States,BFL,KBFL,35.433598,-119.05677,507,-8,A,"Bakersfield, CA",320,318,326,326,3.9218750000000027,11.707547169811319,17.0,43.0,"Mon, Jul 11, 2011","Fri, Jul 29, 2011"
3463,Bangor International,Bangor,United States,BGR,KBGR,44.807444,-68.828139,192,-5,A,"Bangor, ME",119,119,123,123,4.218487394957986,12.647058823529411,8.0,36.0,"Tue, Jul  5, 2011","Mon, Jul 11, 2011"
3811,Birmingham International,Birmingham,United States,BHM,KBHM,33.562942,-86.75355,644,-6,A,"Birmingham, AL",1553,1557,1567,1567,3.6175144880875725,12.843288375080283,44.0,120.0,"Mon, Jul  4, 2011","Fri, Jul 29, 2011"
4021,Billings Logan International Airport,Billings,United States,BIL,KBIL,45.80921,-108.537654,3652,-7,A,"Billings, MT",436,435,441,441,4.355504587155966,12.418390804597705,26.0,78.0,"Sat, Jul  2, 2011","Tue, Jul 12, 2011"
4083,Bismarck Municipal Airport,Bismarck,United States,BIS,KBIS,46.775842,-100.757931,1661,-6,A,"Bismarck/Mandan, ND",293,289,312,312,4.372013651877131,10.567474048442909,13.0,81.0,"Sat, Jul  9, 2011","Thu, Jul 14, 2011"
6962,Branson LLC,Branson,United States,BKG,KBBG,36.531994,-93.200556,1302,-6,A,"Branson, MO",138,138,139,139,4.644927536231886,10.318840579710145,10.0,35.0,"Thu, Jul 14, 2011","Sat, Jul 16, 2011"
3777,Bellingham International,Bellingham,United States,BLI,KBLI,48.792694,-122.537528,170,-8,A,"Bellingham, WA",62,62,62,62,5.016129032258065,13.435483870967742,23.0,24.0,"Sat, Jul 30, 2011","Fri, Jul 29, 2011"
4037,Central Illinois Regional,Bloomington,United States,BMI,KBMI,40.477111,-88.915917,871,-6,A,"Bloomington/Normal, IL",276,275,285,285,3.5760869565217392,8.378181818181817,9.0,54.0,"Tue, Jul 19, 2011","Wed, Jul 20, 2011"
3690,Nashville International,Nashville,United States,BNA,KBNA,36.124472,-86.678194,599,-6,A,"Nashville, TN",4666,4660,4718,4719,5.8808401200171545,11.419313304721035,42.0,106.0,"Tue, Jul  5, 2011","Sat, Jul 23, 2011"
3495,Boise Air Terminal,Boise,United States,BOI,KBOI,43.564361,-116.222861,2871,-7,A,"Boise, ID",1333,1334,1347,1346,3.830457614403603,10.574212893553227,25.0,67.0,"Thu, Jul 21, 2011","Wed, Jul  6, 2011"
3448,General Edward Lawrence Logan International,Boston,United States,BOS,KBOS,42.364347,-71.005181,19,-5,A,"Boston, MA",9688,9685,9896,9897,7.422997522708503,19.007434176561695,51.0,168.0,"Mon, Jul 25, 2011","Wed, Jul 13, 2011"
5725,Brunswick Golden Isles Airport,Brunswick,United States,BQK,KBQK,31.2588,-81.4665,26,-5,A,"Brunswick, GA",85,85,86,86,3.1176470588235285,13.729411764705882,5.0,37.0,"Fri, Jul 15, 2011","Thu, Jul 21, 2011"
3738,Brownsville South Padre Island International,Brownsville,United States,BRO,KBRO,25.906833,-97.425861,22,-6,A,"Brownsville, TX",207,206,210,210,4.497584541062803,10.165048543689318,9.0,29.0,"Mon, Jul 11, 2011","Fri, Jul 29, 2011"
3571,Wiley Post Will Rogers Memorial,Barrow,United States,BRW,PABR,71.285446,-156.766003,44,-9,A,"Barrow, AK",69,69,70,70,5.028985507246375,5.956521739130435,8.0,26.0,"Fri, Jul  1, 2011","Tue, Jul 26, 2011"
4022,Bert Mooney Airport,Butte,United States,BTM,KBTM,45.954806,-112.497472,5550,-7,A,"Butte, MT",57,57,57,57,4.2105263157894735,9.070175438596488,6.0,36.0,"Thu, Jul 28, 2011","Tue, Jul 12, 2011"
3846,Baton Rouge Metro-Ryan Field,Baton Rouge,United States,BTR,KBTR,30.533167,-91.149639,70,-6,A,"Baton Rouge, LA",716,712,730,730,4.952513966480445,12.473314606741562,21.0,86.0,"Fri, Jul 22, 2011","Fri, Jul 22, 2011"
3711,Burlington International,Burlington,United States,BTV,KBTV,44.471861,-73.153278,335,-5,A,"Burlington, VT",396,396,410,410,4.156565656565654,16.901515151515138,20.0,85.0,"Sat, Jul 16, 2011","Thu, Jul 21, 2011"
3820,Buffalo Niagara International,Buffalo,United States,BUF,KBUF,42.940525,-78.732167,724,-5,A,"Buffalo, NY",2015,2010,2037,2037,3.986104218362283,11.278606965174127,60.0,114.0,"Wed, Jul  6, 2011","Tue, Jul 19, 2011"
3644,Bob Hope,Burbank,United States,BUR,KBUR,34.200667,-118.358667,778,-8,A,"Burbank, CA",2230,2227,2281,2281,2.7852017937219693,11.152671755725194,43.0,66.0,"Mon, Jul 11, 2011","Wed, Jul 13, 2011"
3849,Baltimore Washington International,Baltimore,United States,BWI,KBWI,39.175361,-76.668333,146,-5,A,"Baltimore, MD",9544,9540,9625,9625,5.963537300922051,13.599685534591192,58.0,158.0,"Mon, Jul 25, 2011","Thu, Jul  7, 2011"
4020,Gallatin Field,Bozeman,United States,BZN,KBZN,45.777643,-111.160151,4500,-7,A,"Bozeman, MT",478,477,482,482,5.228033472803347,13.867924528301886,38.0,84.0,"Thu, Jul 28, 2011","Mon, Jul 11, 2011"
3561,Columbia Metropolitan,Colombia,United States,CAE,KCAE,33.938833,-81.119528,236,-5,A,"Columbia, SC",647,645,657,657,3.867078825347759,13.480620155038752,12.0,86.0,"Sat, Jul 30, 2011","Mon, Jul  4, 2011"
4112,Akron Canton Regional Airport,Akron,United States,CAK,KCAK,40.9160833,-81.4421944,1228,-5,A,"Akron, OH",717,714,726,726,5.032078103207807,10.962184873949587,16.0,116.0,"Fri, Jul  8, 2011","Sat, Jul 30, 2011"
3824,Cedar City Regional,Cedar City,United States,CDC,KCDC,37.700967,-113.098847,5622,-7,A,"Cedar City, UT",57,55,57,57,3.4210526315789473,10.818181818181818,7.0,23.0,"Wed, Jul 20, 2011","Sun, Jul 31, 2011"
3610,Merle K. Mudhole Smith,Cordova,United States,CDV,PACV,60.491778,-145.477556,48,-9,A,"Cordova, AK",62,62,62,62,3.161290322580645,6.5,5.0,18.0,"Sun, Jul  3, 2011","Tue, Jul 19, 2011"
5727,Del Norte County Airport,Crescent City,United States,CEC,KCEC,41.7802,-124.237,57,-8,A,"Crescent City, CA",81,81,87,87,3.234567901234568,12.123456790123454,7.0,49.0,"Sat, Jul 23, 2011","Mon, Jul 11, 2011"
3578,Lovell Field,Chattanooga,United States,CHA,KCHA,35.035278,-85.203808,683,-5,A,"Chattanooga, TN",353,351,360,360,3.9490084985835696,15.472934472934483,13.0,88.0,"Thu, Jul 14, 2011","Sun, Jul 24, 2011"
4015,Charlottesville-Albemarle,Charlottesville VA,United States,CHO,KCHO,38.138639,-78.452861,639,-5,A,"Charlottesville, VA",143,143,148,148,3.3776223776223775,12.062937062937062,10.0,58.0,"Tue, Jul 19, 2011","Mon, Jul 25, 2011"
3806,Charleston AFB International,Charleston,United States,CHS,KCHS,32.898647,-80.040528,45,-5,A,"Charleston, SC",1144,1136,1170,1170,5.513111888111888,14.475352112676052,57.0,65.0,"Thu, Jul 14, 2011","Mon, Jul  4, 2011"
3710,Chico Municipal,Chico,United States,CIC,KCIC,39.795383,-121.858422,238,-8,A,"Chico, CA",108,108,115,115,3.1018518518518516,11.527777777777773,6.0,35.0,"Fri, Jul 22, 2011","Tue, Jul 19, 2011"
4043,Cedar Rapids,Cedar Rapids,United States,CID,KCID,41.884694,-91.710806,869,-6,A,"Cedar Rapids/Iowa City, IA",592,587,617,615,4.413851351351353,10.185689948892668,36.0,60.0,"Mon, Jul 11, 2011","Thu, Jul 28, 2011"
4088,McClellan-Palomar Airport,Carlsbad,United States,CLD,KCRQ,33.0742,-117.1648,328,-8,A,"Carlsbad, CA",193,193,193,193,3.6321243523316062,9.93782383419689,7.0,31.0,"Thu, Jul 21, 2011","Fri, Jul  8, 2011"
3486,Cleveland Hopkins International,Cleveland,United States,CLE,KCLE,41.411689,-81.849794,791,-5,A,"Cleveland, OH",4147,4150,4209,4206,6.0004822763443455,12.707710843373505,49.0,100.0,"Sat, Jul  2, 2011","Mon, Jul 18, 2011"
3715,Easterwood Field,College Station,United States,CLL,KCLL,30.588583,-96.363833,321,-6,A,"College Station/Bryan, TX",29,29,30,30,4.620689655172415,7.896551724137933,8.0,16.0,"Sat, Jul 30, 2011","Sat, Jul  2, 2011"
3876,Charlotte Douglas International,Charlotte,United States,CLT,KCLT,35.214,-80.943139,748,-5,A,"Charlotte, NC",10894,10929,11127,11129,9.93519368459698,20.033488882788998,98.0,152.0,"Sat, Jul  9, 2011","Fri, Jul  8, 2011"
3759,Port Columbus International,Columbus,United States,CMH,KCMH,39.997972,-82.891889,815,-5,A,"Columbus, OH",2416,2407,2450,2451,5.193294701986754,11.499792272538432,126.0,87.0,"Sat, Jul 23, 2011","Wed, Jul 20, 2011"
4049,Champaign,Champaign,United States,CMI,KCMI,40.03925,-88.278056,754,-6,A,"Champaign/Urbana, IL",188,188,199,199,3.7180851063829787,12.579787234042561,16.0,98.0,"Sun, Jul 10, 2011","Mon, Jul 11, 2011"
5732,Houghton County Memorial Airport,Hancock,United States,CMX,KCMX,47.1684,-88.4891,1095,-5,A,"Hancock/Houghton, MI",61,61,62,62,4.2131147540983624,7.590163934426229,18.0,14.0,"Tue, Jul  5, 2011","Tue, Jul  5, 2011"
4344,Yellowstone Regional,Cody,United States,COD,KCOD,44.520194,-109.023806,5102,-7,A,"Cody, WY",115,115,123,123,3.8869565217391306,13.130434782608695,7.0,111.0,"Mon, Jul 18, 2011","Mon, Jul 11, 2011"
3819,City Of Colorado Springs Municipal,Colorado Springs,United States,COS,KCOS,38.805805,-104.700778,6187,-7,A,"Colorado Springs, CO",1072,1071,1106,1105,6.177238805970145,16.136321195144742,102.0,129.0,"Wed, Jul 13, 2011","Tue, Jul 12, 2011"
3872,Natrona County International,Casper,United States,CPR,KCPR,42.908,-106.464417,5347,-7,A,"Casper, WY",175,175,182,182,3.857142857142857,10.097142857142853,13.0,38.0,"Sat, Jul 16, 2011","Wed, Jul 13, 2011"
3744,Corpus Christi International,Corpus Christi,United States,CRP,KCRP,27.770361,-97.501222,44,-6,A,"Corpus Christi, TX",635,633,645,645,3.968503937007881,9.227488151658772,20.0,62.0,"Wed, Jul 20, 2011","Wed, Jul  6, 2011"
4285,Yeager,Charleston,United States,CRW,KCRW,38.373147,-81.593189,981,-5,A,"Charleston/Dunbar, WV",323,321,334,334,4.0030959752321955,13.000000000000004,18.0,54.0,"Mon, Jul  4, 2011","Thu, Jul 21, 2011"
4255,Columbus Metropolitan Airport,Columbus,United States,CSG,KCSG,32.5163333,-84.9388611,397,-5,A,"Columbus, GA",204,202,209,209,3.411764705882352,11.004950495049505,15.0,58.0,"Mon, Jul 25, 2011","Thu, Jul 14, 2011"
3488,Cincinnati Northern Kentucky International,Cincinnati,United States,CVG,KCVG,39.048836,-84.667822,896,-5,A,"Cincinnati, OH",2294,2296,2354,2357,6.051002615518738,13.983013937282236,60.0,81.0,"Fri, Jul 29, 2011","Sat, Jul  2, 2011"
4045,Central Wisconsin,Wassau,United States,CWA,KCWA,44.772726,-89.646635,840,-6,A,"Mosinee, WI",133,133,147,147,3.4962406015037595,9.28571428571429,19.0,71.0,"Fri, Jul 15, 2011","Mon, Jul 11, 2011"
3804,Cheyenne Regional-Jerry Olson Field,Cheyenne,United States,CYS,KCYS,41.155722,-104.811839,6156,-7,A,"Cheyenne, WY",31,31,31,31,4.419354838709676,9.67741935483871,16.0,21.0,"Sat, Jul  2, 2011","Fri, Jul  1, 2011"
3950,Daytona Beach International,Daytona Beach,United States,DAB,KDAB,29.179917,-81.058056,34,-5,A,"Daytona Beach, FL",165,166,165,166,5.581818181818185,17.75903614457832,13.0,66.0,"Wed, Jul  6, 2011","Wed, Jul 20, 2011"
3502,Dallas Love Field,Dallas,United States,DAL,KDAL,32.847111,-96.851778,487,-6,A,"Dallas, TX",3778,3781,3818,3818,4.033615669666493,8.726262893414468,40.0,82.0,"Mon, Jul  4, 2011","Tue, Jul 12, 2011"
3627,James M. Cox Dayton International,Dayton,United States,DAY,KDAY,39.902375,-84.219375,1009,-5,A,"Dayton, OH",1167,1170,1203,1204,5.273350471293909,12.979487179487185,60.0,117.0,"Mon, Jul 11, 2011","Fri, Jul  8, 2011"
4388,Dubuque Regional,Dubuque IA,United States,DBQ,KDBQ,42.402,-90.709472,1076,-6,A,"Dubuque, IA",46,46,50,50,4.217391304347827,10.391304347826086,22.0,19.0,"Fri, Jul 22, 2011","Thu, Jul  7, 2011"
3520,Ronald Reagan Washington National,Washington,United States,DCA,KDCA,38.852083,-77.037722,15,-5,A,"Washington, DC",5828,5828,6051,6052,6.1247426218256615,18.408030199039086,140.0,147.0,"Wed, Jul 13, 2011","Thu, Jul  7, 2011"
3751,Denver International,Denver,United States,DEN,KDEN,39.861656,-104.673178,5431,-7,A,"Denver, CO",21884,21879,22447,22457,8.571193566075701,14.853878147995779,107.0,147.0,"Thu, Jul  7, 2011","Fri, Jul  8, 2011"
3670,Dallas Fort Worth International,Dallas-fort Worth,United States,DFW,KDFW,32.896828,-97.037997,607,-6,A,"Dallas/Fort Worth, TX",22479,22514,22869,22870,9.563681658436678,14.237452251932144,90.0,146.0,"Thu, Jul 14, 2011","Mon, Jul 25, 2011"
3739,Dothan Regional,Dothan,United States,DHN,KDHN,31.321339,-85.449628,401,-6,A,"Dothan, AL",105,105,107,107,3.123809523809524,14.36190476190476,6.0,89.0,"Sat, Jul 23, 2011","Mon, Jul  4, 2011"
3460,Dillingham,Dillingham,United States,DLG,PADL,59.044667,-158.5055,74,-9,A,"Dillingham, AK",31,31,31,31,4.290322580645161,7.0,7.0,14.0,"Thu, Jul  7, 2011","Fri, Jul  1, 2011"
3598,Duluth International,Duluth,United States,DLH,KDLH,46.842091,-92.193649,1428,-6,A,"Duluth, MN",62,62,63,63,5.016129032258063,11.564516129032258,8.0,38.0,"Sun, Jul 24, 2011","Thu, Jul 28, 2011"
3713,Durango La Plata County,Durango,United States,DRO,KDRO,37.151516,-107.75377,6685,-7,A,"Durango, CO",331,329,343,342,5.217522658610274,11.732522796352583,17.0,95.0,"Mon, Jul  4, 2011","Fri, Jul  8, 2011"
3729,Des Moines International,Des Moines,United States,DSM,KDSM,41.533972,-93.663083,958,-6,A,"Des Moines, IA",1086,1079,1115,1115,4.159300184162069,11.088971269694158,30.0,74.0,"Fri, Jul 22, 2011","Tue, Jul 26, 2011"
3645,Detroit Metro Wayne County,Detroit,United States,DTW,KDTW,42.212444,-83.353389,645,-5,A,"Detroit, MI",8583,8598,8712,8708,8.630548759175081,17.348569434752225,81.0,148.0,"Sat, Jul  2, 2011","Mon, Jul 18, 2011"
5735,Chippewa Valley Regional Airport,Eau Claire,United States,EAU,KEAU,44.8658,-91.4843,913,-6,A,"Eau Claire, WI",58,58,62,62,3.6551724137931036,14.03448275862069,10.0,89.0,"Thu, Jul 28, 2011","Fri, Jul  1, 2011"
7669,Northwest Florida Beaches International,Panama City,United States,ECP,KECP,30.3417,-85.7973,69,-6,A,"Panama City, FL",549,551,555,555,3.581056466302368,11.773139745916515,44.0,108.0,"Tue, Jul 12, 2011","Wed, Jul 20, 2011"
4250,Eagle County Regional,Vail,United States,EGE,KEGE,39.642556,-106.917694,6540,-7,A,"Eagle, CO",127,126,134,134,4.055118110236219,10.079365079365076,7.0,22.0,"Wed, Jul 13, 2011","Fri, Jul  1, 2011"
5736,Elko Regional Airport,Elko,United States,EKO,KEKO,40.8249,-115.792,5140,-8,A,"Elko, NV",124,123,124,124,4.61290322580645,11.560975609756094,11.0,46.0,"Fri, Jul  8, 2011","Tue, Jul  5, 2011"
3946,Elmira Corning Regional,Elmira,United States,ELM,KELM,42.159889,-76.891611,954,-5,A,"Elmira/Corning, NY",92,92,92,92,3.402173913043479,10.641304347826086,6.0,50.0,"Tue, Jul 12, 2011","Mon, Jul 11, 2011"
3559,El Paso International,El Paso,United States,ELP,KELP,31.80725,-106.377583,3958,-7,A,"El Paso, TX",1900,1899,1921,1921,4.122105263157908,11.393364928909953,47.0,80.0,"Tue, Jul 26, 2011","Mon, Jul 11, 2011"
4099,Mahlon Sweet Field,Eugene,United States,EUG,KEUG,44.124583,-123.211972,374,-8,A,"Eugene, OR",463,464,476,476,3.872570194384449,10.877155172413797,12.0,51.0,"Thu, Jul 28, 2011","Wed, Jul 13, 2011"
4018,Evansville Regional,Evansville,United States,EVV,KEVV,38.036997,-87.532364,418,-6,A,"Evansville, IN",301,300,316,316,3.7009966777408647,11.053333333333324,13.0,48.0,"Fri, Jul 22, 2011","Fri, Jul 15, 2011"
3730,Craven County Regional,New Bern,United States,EWN,KEWN,35.072972,-77.042944,18,-5,A,"New Bern/Morehead/Beaufort, NC",83,81,83,83,3.4457831325301207,9.209876543209875,22.0,25.0,"Tue, Jul  5, 2011","Thu, Jul 14, 2011"
3494,Newark Liberty International,Newark,United States,EWR,KEWR,40.6925,-74.168667,18,-5,A,"Newark, NJ",9805,9808,10081,10081,9.693013768485494,23.71319331158242,77.0,136.0,"Fri, Jul 29, 2011","Fri, Jul  8, 2011"
3875,Key West International,Key West,United States,EYW,KEYW,24.556111,-81.759556,3,-5,A,"Key West, FL",155,155,156,156,3.2516129032258045,8.387096774193548,10.0,37.0,"Thu, Jul  7, 2011","Sat, Jul  2, 2011"
3832,Fairbanks International,Fairbanks,United States,FAI,PAFA,64.815114,-147.856267,434,-9,A,"Fairbanks, AK",478,477,478,478,3.8096234309623442,10.366876310272549,22.0,24.0,"Wed, Jul 20, 2011","Sat, Jul 23, 2011"
4292,Hector International Airport,Fargo,United States,FAR,KFAR,46.92065,-96.8157639,902,-6,A,"Fargo, ND",510,509,525,525,4.739215686274512,12.447937131630649,33.0,79.0,"Fri, Jul 15, 2011","Fri, Jul  1, 2011"
3687,Fresno Yosemite International,Fresno,United States,FAT,KFAT,36.776194,-119.71814,336,-8,A,"Fresno, CA",1047,1045,1057,1057,4.186246418338105,11.488038277511968,61.0,70.0,"Thu, Jul 21, 2011","Wed, Jul 20, 2011"
5738,Fayetteville Regional-Grannis Field,Fayetteville,United States,FAY,KFAY,34.9912,-78.8803,189,-5,A,"Fayetteville, NC",309,309,311,311,4.02588996763754,12.983818770226543,19.0,82.0,"Thu, Jul 14, 2011","Sun, Jul 10, 2011"
4127,Glacier Park International,Kalispell,United States,FCA,KFCA,48.310472,-114.256,2977,-7,A,"Kalispell, MT",324,322,331,330,4.413580246913579,12.975155279503106,24.0,44.0,"Fri, Jul 15, 2011","Sun, Jul 24, 2011"
4261,Flagstaff Pulliam Airport,Flagstaff,United States,FLG,KFLG,35.140318,-111.6692392,7015,-7,N,"Flagstaff, AZ",185,185,197,197,5.854054054054052,12.448648648648648,25.0,28.0,"Fri, Jul 29, 2011","Tue, Jul 19, 2011"
3533,Fort Lauderdale Hollywood International,Fort Lauderdale,United States,FLL,KFLL,26.072583,-80.15275,9,-5,A,"Fort Lauderdale, FL",5298,5301,5335,5335,4.485843714609295,16.490096208262603,45.0,133.0,"Mon, Jul 25, 2011","Mon, Jul 25, 2011"
4089,Bishop International,Flint,United States,FNT,KFNT,42.965424,-83.743629,782,-5,A,"Flint, MI",247,247,248,248,4.651821862348181,9.206477732793518,13.0,39.0,"Mon, Jul  4, 2011","Mon, Jul  4, 2011"
4009,Sioux Falls,Sioux Falls,United States,FSD,KFSD,43.582014,-96.741914,1429,-6,A,"Sioux Falls, SD",449,449,461,461,4.839643652561251,13.285077951002226,46.0,132.0,"Thu, Jul  7, 2011","Sun, Jul 24, 2011"
3437,Fort Smith Regional,Fort Smith,United States,FSM,KFSM,35.336583,-94.367444,469,-6,A,"Fort Smith, AR",31,31,31,31,3.774193548387097,8.741935483870968,18.0,21.0,"Sun, Jul  3, 2011","Wed, Jul 20, 2011"
4041,Fort Wayne,Fort Wayne,United States,FWA,KFWA,40.978472,-85.195139,815,-5,A,"Fort Wayne, IN",329,327,345,345,3.820668693009117,10.954128440366972,15.0,58.0,"Sun, Jul 24, 2011","Tue, Jul 12, 2011"
4296,Gillette-Campbell County Airport,Gillette,United States,GCC,KGCC,44.3489167,-105.5393611,4365,-7,A,"Gillette, WY",120,121,124,124,4.3666666666666645,10.925619834710744,30.0,22.0,"Mon, Jul 25, 2011","Fri, Jul  8, 2011"
3467,Spokane International,Spokane,United States,GEG,KGEG,47.619861,-117.533833,2376,-8,A,"Spokane, WA",1047,1040,1056,1056,4.59121298949379,11.072115384615381,26.0,42.0,"Sun, Jul  3, 2011","Wed, Jul  6, 2011"
3442,Grand Forks International,Grand Forks,United States,GFK,KGFK,47.949256,-97.176111,845,-6,A,"Grand Forks, ND",88,88,93,93,4.125,9.80681818181818,6.0,23.0,"Wed, Jul 27, 2011","Wed, Jul 13, 2011"
4063,Grand Junction Regional,Grand Junction,United States,GJT,KGJT,39.122413,-108.526735,4858,-7,A,"Grand Junction, CO",532,529,548,548,4.015037593984967,12.379962192816631,21.0,99.0,"Mon, Jul  4, 2011","Tue, Jul 12, 2011"
3472,Gainesville Regional,Gainesville,United States,GNV,KGNV,29.690056,-82.271778,152,-5,A,"Gainesville, FL",228,226,232,232,3.4605263157894743,12.230088495575226,11.0,37.0,"Tue, Jul 19, 2011","Mon, Jul 25, 2011"
4038,Gulfport-Biloxi,Gulfport,United States,GPT,KGPT,30.407278,-89.070111,28,-6,A,"Gulfport/Biloxi, MS",495,492,501,501,4.410101010101006,11.920731707317069,24.0,83.0,"Fri, Jul  1, 2011","Fri, Jul 29, 2011"
3653,Austin Straubel International,Green Bay,United States,GRB,KGRB,44.485072,-88.129589,695,-6,A,"Green Bay, WI",398,397,417,416,3.7964824120603025,8.984886649874053,40.0,32.0,"Tue, Jul  5, 2011","Tue, Jul 26, 2011"
5740,Central Nebraska Regional Airport,Grand Island,United States,GRI,KGRI,40.9675,-98.3096,1847,-6,A,"Grand Island, NE",56,56,57,57,3.517857142857143,9.875,9.0,29.0,"Sun, Jul 10, 2011","Mon, Jul 11, 2011"
3775,Robert Gray AAF,Killeen,United States,GRK,KGRK,31.06725,-97.828917,1015,-6,A,"Killeen, TX",59,59,61,61,3.2711864406779663,9.474576271186441,10.0,34.0,"Sat, Jul  9, 2011","Sat, Jul 30, 2011"
3685,Gerald R. Ford International,Grand Rapids,United States,GRR,KGRR,42.880833,-85.522806,794,-5,A,"Grand Rapids, MI",982,979,997,997,4.817718940936865,11.893769152196116,52.0,82.0,"Thu, Jul  7, 2011","Mon, Jul 25, 2011"
4008,Piedmont Triad,Greensboro,United States,GSO,KGSO,36.09775,-79.937306,925,-5,A,"Greensboro/High Point, NC",601,599,614,614,4.272878535773714,14.504173622704508,27.0,87.0,"Mon, Jul  4, 2011","Tue, Jul 19, 2011"
4034,Greenville-Spartanburg International,Greenville,United States,GSP,KGSP,34.895556,-82.218889,964,-5,A,"Greer, SC",885,884,896,896,3.8124293785310734,12.031674208144793,47.0,55.0,"Sat, Jul 23, 2011","Sat, Jul  9, 2011"
5960,Gustavus Airport,Gustavus,United States,GST,PAGS,58.4253,-135.707,34,-9,A,"Gustavus, AK",31,31,31,31,4.451612903225805,8.032258064516128,9.0,22.0,"Tue, Jul 12, 2011","Sun, Jul 24, 2011"
3880,Great Falls International,Great Falls,United States,GTF,KGTF,47.482,-111.370689,3677,-7,A,"Great Falls, MT",175,174,182,182,4.125714285714285,10.58045977011494,8.0,53.0,"Wed, Jul 20, 2011","Tue, Jul 12, 2011"
4273,Golden Triangle Regional Airport,Columbus Mississippi,United States,GTR,KGTR,33.450333,-88.591361,264,-6,A,"Columbus, MS",83,82,86,86,3.3012048192771086,11.31707317073171,6.0,35.0,"Tue, Jul 26, 2011","Fri, Jul 15, 2011"
7051,Gunnison - Crested Butte,Gunnison,United States,GUC,KGUC,38.533889,-106.933056,7678,-7,A,"Gunnison, CO",68,68,72,72,3.8088235294117645,14.455882352941172,6.0,143.0,"Sat, Jul 23, 2011","Thu, Jul 14, 2011"
4339,Yampa Valley,Hayden,United States,HDN,KHDN,40.481181,-107.21766,6602,-7,A,"Hayden, CO",118,117,123,123,4.135593220338983,12.94871794871795,8.0,44.0,"Sun, Jul  3, 2011","Sun, Jul 31, 2011"
3504,Helena Regional,Helena,United States,HLN,KHLN,46.606806,-111.98275,3877,-7,A,"Helena, MT",144,144,145,145,3.6597222222222223,10.979166666666664,9.0,57.0,"Sun, Jul 17, 2011","Mon, Jul 25, 2011"
3728,Honolulu International,Honolulu,United States,HNL,PHNL,21.318681,-157.922428,13,-10,N,"Honolulu, HI",4665,4666,4683,4685,6.1273311897106035,13.271753107586813,44.0,67.0,"Thu, Jul 14, 2011","Thu, Jul  7, 2011"
3749,Lea County Regional,Hobbs,United States,HOB,KHOB,32.687528,-103.217028,3661,-7,A,"Hobbs, NM",54,54,56,56,4.870370370370369,7.685185185185185,8.0,25.0,"Tue, Jul 26, 2011","Thu, Jul 28, 2011"
3566,William P. Hobby,Houston,United States,HOU,KHOU,29.645419,-95.278889,46,-6,A,"Houston, TX",4476,4475,4519,4519,6.025245755138507,8.666815642458106,48.0,65.0,"Tue, Jul 12, 2011","Mon, Jul 25, 2011"
3589,Westchester County,White Plains,United States,HPN,KHPN,41.066959,-73.707575,439,-5,A,"White Plains, NY",806,803,824,824,6.115384615384618,16.687422166874217,49.0,129.0,"Wed, Jul  6, 2011","Fri, Jul 29, 2011"
3560,Valley International,Harlingen,United States,HRL,KHRL,26.2285,-97.654389,36,-6,A,"Harlingen/San Benito, TX",426,426,434,434,2.7370892018779336,8.291079812206567,6.0,29.0,"Sun, Jul 31, 2011","Tue, Jul 12, 2011"
4113,Huntsville International Airport-Carl T. Jones Field,Huntsville,United States,HSV,KHSV,34.6371944,-86.7750556,629,-6,A,"Huntsville, AL",876,874,901,902,4.878995433789957,13.3421052631579,36.0,103.0,"Fri, Jul 22, 2011","Fri, Jul  8, 2011"
3714,Washington Dulles International,Washington,United States,IAD,KIAD,38.944533,-77.455811,313,-5,A,"Washington, DC",6575,6578,6733,6732,7.060988593155892,16.966099118273025,108.0,148.0,"Wed, Jul 13, 2011","Thu, Jul  7, 2011"
3550,George Bush Intercontinental Houston,Houston,United States,IAH,KIAH,29.984433,-95.341442,97,-6,A,"Houston, TX",15884,15914,16035,16029,7.4176529841349685,16.79144149805206,80.0,135.0,"Sat, Jul  2, 2011","Sat, Jul  2, 2011"
3457,Wichita Mid Continent,Wichita,United States,ICT,KICT,37.649944,-97.433056,1333,-6,A,"Wichita, KS",906,902,933,932,4.986754966887418,11.1219512195122,29.0,81.0,"Sat, Jul 23, 2011","Wed, Jul 20, 2011"
4100,Idaho Falls Regional,Idaho Falls,United States,IDA,KIDA,43.514556,-112.07075,4744,-7,A,"Idaho Falls, ID",286,284,295,295,4.076923076923071,11.218309859154932,20.0,111.0,"Sun, Jul 31, 2011","Wed, Jul  6, 2011"
3845,Wilmington International,Wilmington,United States,ILM,KILM,34.270615,-77.902569,32,-5,A,"Wilmington, NC",367,367,375,374,3.1389645776566746,13.961852861035426,21.0,110.0,"Sat, Jul  2, 2011","Wed, Jul 20, 2011"
3585,Indianapolis International,Indianapolis,United States,IND,KIND,39.717331,-86.294383,797,-5,A,"Indianapolis, IN",2634,2630,2677,2678,5.451025056947618,11.769961977186355,58.0,107.0,"Mon, Jul 25, 2011","Thu, Jul  7, 2011"
3689,Imperial County,Imperial,United States,IPL,KIPL,32.834219,-115.578744,-54,-8,A,"El Centro, CA",62,62,62,62,3.193548387096774,13.209677419354838,8.0,36.0,"Thu, Jul  7, 2011","Sun, Jul 10, 2011"
3857,Long Island MacArthur,Islip,United States,ISP,KISP,40.79525,-73.100222,99,-5,A,"Islip, NY",675,676,677,677,4.198518518518518,9.081360946745566,18.0,79.0,"Sat, Jul 30, 2011","Wed, Jul  6, 2011"
3415,Hilo International,Hilo,United States,ITO,PHTO,19.721375,-155.048469,38,-10,N,"Hilo, HI",629,629,632,632,5.3386327503974575,8.788553259141501,14.0,23.0,"Thu, Jul 21, 2011","Sat, Jul 30, 2011"
7120,Inyokern Airport,Inyokern,United States,IYK,KIYK,35.658889,-117.829444,2455,-8,A,"Inyokern, CA",85,84,85,85,3.9529411764705884,12.440476190476193,7.0,25.0,"Tue, Jul 19, 2011","Mon, Jul 25, 2011"
4027,Jackson Hole Airport,Jacksn Hole,United States,JAC,KJAC,43.60733333,-110.73775,6451,-7,A,"Jackson, WY",447,450,459,458,3.5704697986577183,14.613333333333332,25.0,109.0,"Mon, Jul 25, 2011","Thu, Jul 14, 2011"
3580,Jackson Evers International,Jackson,United States,JAN,KJAN,32.311167,-90.075889,346,-6,A,"Jackson/Vicksburg, MS",895,888,911,911,5.131843575418995,11.52927927927928,51.0,79.0,"Sun, Jul 10, 2011","Sun, Jul 24, 2011"
3712,Jacksonville International,Jacksonville,United States,JAX,KJAX,30.494056,-81.687861,30,-5,A,"Jacksonville, FL",2350,2344,2366,2365,5.065106382978726,13.049061433447108,53.0,149.0,"Thu, Jul 14, 2011","Mon, Jul  4, 2011"
3797,John F. Kennedy International,New York,United States,JFK,KJFK,40.639751,-73.778925,13,-5,A,"New York, NY",8461,8464,8608,8606,10.188393806878615,29.91068052930057,119.0,158.0,"Tue, Jul 19, 2011","Mon, Jul 18, 2011"
3492,Juneau International,Juneau,United States,JNU,PAJN,58.354972,-134.576278,21,-9,A,"Juneau, AK",482,483,485,485,3.7385892116182573,12.658385093167704,11.0,34.0,"Thu, Jul 28, 2011","Tue, Jul 26, 2011"
3514,Kona International At Keahole,Kona,United States,KOA,PHKO,19.738767,-156.045631,47,-10,N,"Kona, HI",1121,1117,1125,1123,4.594112399643178,9.708146821844226,12.0,45.0,"Thu, Jul 21, 2011","Thu, Jul 28, 2011"
3808,Ketchikan International,Ketchikan,United States,KTN,PAKT,55.355556,-131.71375,88,-9,A,"Ketchikan, AK",245,245,246,246,4.265306122448981,11.628571428571428,21.0,53.0,"Sat, Jul 16, 2011","Fri, Jul 22, 2011"
3544,Capital City,Lansing,United States,LAN,KLAN,42.7787,-84.587357,861,-5,A,"Lansing, MI",97,97,104,104,3.670103092783505,9.783505154639172,7.0,57.0,"Mon, Jul  4, 2011","Fri, Jul  1, 2011"
3877,McCarran International,Las Vegas,United States,LAS,KLAS,36.080056,-115.15225,2141,-8,A,"Las Vegas, NV",12824,12826,12902,12900,6.712882096069862,14.921253703414934,99.0,148.0,"Sun, Jul  3, 2011","Sun, Jul  3, 2011"
3484,Los Angeles International,Los Angeles,United States,LAX,KLAX,33.942536,-118.408075,126,-8,A,"Los Angeles, CA",19102,19105,19337,19334,10.202282483509578,16.045066736456384,93.0,136.0,"Sun, Jul  3, 2011","Wed, Jul 13, 2011"
3829,Lubbock Preston Smith International,Lubbock,United States,LBB,KLBB,33.663639,-101.822778,3282,-6,A,"Lubbock, TX",689,691,701,701,3.6894049346879534,9.725036179450072,17.0,83.0,"Mon, Jul 25, 2011","Fri, Jul 29, 2011"
3513,Lake Charles Regional,Lake Charles,United States,LCH,KLCH,30.126112,-93.223335,15,-6,A,"Lake Charles, LA",89,89,91,91,4.213483146067419,10.40449438202247,9.0,27.0,"Fri, Jul 15, 2011","Tue, Jul 12, 2011"
4017,Blue Grass,Lexington KY,United States,LEX,KLEX,38.0365,-84.605889,979,-5,A,"Lexington, KY",633,633,651,651,4.439178515007892,13.609794628751974,25.0,66.0,"Tue, Jul 12, 2011","Mon, Jul 11, 2011"
3493,Lafayette Regional,Lafayette,United States,LFT,KLFT,30.205278,-91.987611,43,-6,A,"Lafayette, LA",446,445,453,453,4.612107623318388,12.247191011235959,15.0,128.0,"Sat, Jul 16, 2011","Mon, Jul 25, 2011"
3697,LaGuardia Airport,New York,United States,LGA,KLGA,40.777245,-73.872608,22,-5,A,"New York, NY",8072,8087,8439,8446,8.52316650148658,28.585383949548664,100.0,168.0,"Tue, Jul 26, 2011","Mon, Jul 25, 2011"
3582,Long Beach,Long Beach,United States,LGB,KLGB,33.817722,-118.151611,60,-8,A,"Long Beach, CA",1318,1318,1328,1328,4.566009104704101,13.475720789074334,37.0,59.0,"Sat, Jul 23, 2011","Sun, Jul  3, 2011"
3602,Lihue,Lihue,United States,LIH,PHLI,21.975983,-159.338958,153,-10,N,"Lihue, HI",1086,1080,1088,1087,5.470534069981585,8.38055555555556,17.0,23.0,"Mon, Jul 18, 2011","Fri, Jul 22, 2011"
3660,Adams Field,Little Rock,United States,LIT,KLIT,34.729444,-92.224306,262,-6,A,"Little Rock, AR",1462,1458,1489,1490,4.639534883720937,10.777777777777786,34.0,106.0,"Sun, Jul 31, 2011","Mon, Jul 25, 2011"
5750,Klamath Falls Airport,Klamath Falls,United States,LMT,KLMT,42.1561,-121.733,4095,-8,A,"Klamath Falls, OR",93,92,93,93,3.3763440860215055,9.152173913043484,7.0,29.0,"Wed, Jul  6, 2011","Thu, Jul 21, 2011"
3543,Lincoln,Lincoln,United States,LNK,KLNK,40.850971,-96.75925,1219,-6,A,"Lincoln, NE",197,197,206,207,4.147208121827408,11.152284263959386,20.0,82.0,"Fri, Jul  8, 2011","Tue, Jul 26, 2011"
3691,Laredo International,Laredo,United States,LRD,KLRD,27.54375,-99.461556,508,-6,A,"Laredo, TX",220,220,223,223,3.5636363636363635,10.068181818181815,10.0,31.0,"Sat, Jul 16, 2011","Sun, Jul  3, 2011"
4044,LaCrosse Municipal,LaCrosse,United States,LSE,KLSE,43.878986,-91.256711,654,-6,A,"La Crosse, WI",29,29,32,32,3.896551724137931,10.827586206896552,6.0,17.0,"Wed, Jul 13, 2011","Sun, Jul 17, 2011"
6958,Greenbrier Valley Airport,Lewisburg,United States,LWB,KLWB,37.858333,-80.399444,2302,-5,U,"Lewisburg, WV",31,31,31,31,3.129032258064516,12.225806451612904,4.0,32.0,"Mon, Jul 18, 2011","Fri, Jul 29, 2011"
3945,Lewiston Nez Perce County,Lewiston,United States,LWS,KLWS,46.3745,-117.015389,1442,-8,A,"Lewiston, ID",61,61,61,61,4.475409836065574,9.967213114754099,6.0,27.0,"Sat, Jul  9, 2011","Sun, Jul 17, 2011"
3652,Midland International,Midland,United States,MAF,KMAF,31.942528,-102.201914,2871,-6,A,"Midland/Odessa, TX",643,643,649,649,2.92379471228616,10.219284603421459,19.0,35.0,"Sat, Jul 30, 2011","Wed, Jul 27, 2011"
4128,MBS International,Saginaw,United States,MBS,KMBS,43.532913,-84.079647,668,-5,A,"Saginaw/Bay City/Midland, MI",83,84,90,90,4.216867469879516,13.857142857142858,8.0,37.0,"Wed, Jul 13, 2011","Fri, Jul  1, 2011"
3458,Kansas City International,Kansas City,United States,MCI,KMCI,39.297606,-94.713905,1026,-6,A,"Kansas City, MO",4396,4390,4442,4442,4.978616924476792,11.000683371298422,70.0,78.0,"Tue, Jul 12, 2011","Thu, Jul 14, 2011"
3878,Orlando International,Orlando,United States,MCO,KMCO,28.429394,-81.308994,96,-5,A,"Orlando, FL",11170,11169,11238,11238,8.103581020590838,13.707314889426119,158.0,125.0,"Fri, Jul 15, 2011","Tue, Jul 12, 2011"
3542,Harrisburg International,Harrisburg,United States,MDT,KMDT,40.193494,-76.763403,310,-5,A,"Harrisburg, PA",452,448,465,465,5.207964601769909,12.381696428571432,50.0,74.0,"Mon, Jul 25, 2011","Fri, Jul 22, 2011"
3747,Chicago Midway International,Chicago,United States,MDW,KMDW,41.785972,-87.752417,620,-6,A,"Chicago, IL",7916,7922,7942,7943,5.004547751389603,11.300302953799555,46.0,106.0,"Fri, Jul 29, 2011","Fri, Jul 22, 2011"
4335,Key Field,Meridian,United States,MEI,KMEI,32.332624,-88.751868,297,-6,A,"Meridian, MS",53,54,57,57,3.8867924528301887,15.351851851851851,11.0,76.0,"Mon, Jul 11, 2011","Wed, Jul  6, 2011"
3473,Memphis International,Memphis,United States,MEM,KMEM,35.042417,-89.976667,341,-6,A,"Memphis, TN",4075,4077,4160,4160,6.152883435582824,15.924454255580104,51.0,88.0,"Tue, Jul  5, 2011","Tue, Jul 12, 2011"
3826,McAllen Miller International,Mcallen,United States,MFE,KMFE,26.175833,-98.238611,107,-6,A,"Mission/McAllen/Edinburg, TX",282,282,293,294,4.202127659574466,10.347517730496458,15.0,68.0,"Wed, Jul  6, 2011","Sun, Jul  3, 2011"
4101,Rogue Valley International Medford,Medford,United States,MFR,KMFR,42.374228,-122.8735,1335,-8,A,"Medford, OR",364,366,382,382,3.673076923076923,10.363387978142072,12.0,49.0,"Mon, Jul  4, 2011","Fri, Jul 15, 2011"
4115,Montgomery Regional Airport ,MONTGOMERY,United States,MGM,KMGM,32.3006389,-86.3939722,221,-6,A,"Montgomery, AL",351,350,357,357,3.4814814814814823,13.234285714285717,14.0,76.0,"Tue, Jul 12, 2011","Wed, Jul 20, 2011"
4050,Manhattan Regional,Manhattan,United States,MHK,KMHK,39.140972,-96.670833,1057,-6,A,"Manhattan/Ft. Riley, KS",121,120,122,122,3.8264462809917354,9.349999999999998,51.0,21.0,"Wed, Jul 27, 2011","Mon, Jul 11, 2011"
4011,Manchester Regional Airport,Manchester NH,United States,MHT,KMHT,42.932556,-71.435667,266,-5,A,"Manchester, NH",1070,1069,1084,1084,4.585981308411217,11.54069223573433,45.0,124.0,"Mon, Jul 25, 2011","Sun, Jul 24, 2011"
3576,Miami International,Miami,United States,MIA,KMIA,25.79325,-80.290556,8,-5,A,"Miami, FL",6505,6512,6621,6621,8.108531898539598,17.738022113022225,138.0,115.0,"Sun, Jul 17, 2011","Fri, Jul  8, 2011"
3717,General Mitchell International,Milwaukee,United States,MKE,KMKE,42.947222,-87.896583,723,-6,A,"Milwaukee, WI",3731,3732,3774,3776,5.452961672473882,12.411843515541271,39.0,142.0,"Fri, Jul 29, 2011","Mon, Jul 11, 2011"
5754,Muskegon County Airport,Muskegon,United States,MKG,KMKG,43.1695,-86.2382,628,-5,A,"Muskegon, MI",56,56,62,62,4.124999999999999,9.696428571428571,6.0,24.0,"Thu, Jul 14, 2011","Sun, Jul  3, 2011"
3671,Melbourne International,Melbourne,United States,MLB,KMLB,28.102753,-80.645258,33,-5,A,"Melbourne, FL",122,122,123,123,4.327868852459017,18.393442622950815,10.0,86.0,"Tue, Jul 19, 2011","Wed, Jul 20, 2011"
4072,Quad City International,Moline,United States,MLI,KMLI,41.448528,-90.507539,590,-6,A,"Moline, IL",522,518,548,546,6.038314176245213,11.389961389961387,12.0,121.0,"Fri, Jul 22, 2011","Sun, Jul 24, 2011"
3732,Monroe Regional,Monroe,United States,MLU,KMLU,32.510864,-92.037689,79,-6,A,"Monroe, LA",138,140,142,142,4.1739130434782625,9.9,36.0,29.0,"Wed, Jul 13, 2011","Fri, Jul 29, 2011"
3782,Mobile Regional,Mobile,United States,MOB,KMOB,30.691231,-88.242814,219,-6,A,"Mobile, AL",572,573,581,581,4.0926573426573505,12.174520069808025,24.0,82.0,"Mon, Jul  4, 2011","Mon, Jul  4, 2011"
3816,Modesto City County Harry Sham,Modesto,United States,MOD,KMOD,37.625817,-120.954422,97,-8,A,"Modesto, CA",112,111,121,121,2.625,9.882882882882887,5.0,36.0,"Sun, Jul 17, 2011","Wed, Jul  6, 2011"
3498,Minot International,Minot,United States,MOT,KMOT,48.259378,-101.280333,1716,-6,A,"Minot, ND",226,223,237,237,5.057522123893805,11.73991031390134,21.0,37.0,"Fri, Jul 15, 2011","Thu, Jul 28, 2011"
6838,Sawyer International Airport,Marquette,United States,MQT,KMQT,46.353611,-87.395278,1221,-5,A,"Marquette, MI",39,41,40,42,4.051282051282051,9.926829268292678,11.0,33.0,"Sun, Jul  3, 2011","Fri, Jul  1, 2011"
3948,Monterey Peninsula,Monterey,United States,MRY,KMRY,36.587,-121.842944,257,-8,A,"Monterey, CA",437,436,458,458,3.585812356979405,12.392201834862387,9.0,39.0,"Thu, Jul  7, 2011","Sun, Jul 17, 2011"
3459,Dane County Regional-Truax Field,Madison,United States,MSN,KMSN,43.139858,-89.337514,887,-6,A,"Madison, WI",736,732,758,759,3.9538043478260914,11.657103825136602,69.0,70.0,"Thu, Jul 14, 2011","Mon, Jul 18, 2011"
4216,Missoula International,Missoula,United States,MSO,KMSO,46.916306,-114.090556,3205,-7,A,"Missoula, MT",384,384,394,394,4.893229166666666,11.320312500000009,27.0,97.0,"Sun, Jul 10, 2011","Wed, Jul  6, 2011"
3858,Minneapolis St. Paul International,Minneapolis,United States,MSP,KMSP,44.881956,-93.221767,841,-6,A,"Minneapolis, MN",9755,9787,9903,9907,7.946694003075373,17.559926433023477,102.0,153.0,"Fri, Jul 15, 2011","Fri, Jul 15, 2011"
3861,Louis Armstrong New Orleans International,New Orleans,United States,MSY,KMSY,29.993389,-90.258028,4,-6,A,"New Orleans, LA",3257,3252,3279,3279,4.7580595640159755,11.196801968019681,49.0,106.0,"Mon, Jul  4, 2011","Wed, Jul  6, 2011"
6880,Montrose Regional Airport,Montrose CO,United States,MTJ,KMTJ,38.509794,-107.894242,5759,-7,A,"Montrose/Delta, CO",198,198,214,214,4.080808080808085,9.93434343434343,8.0,55.0,"Wed, Jul  6, 2011","Mon, Jul 11, 2011"
4265,Martha's Vineyard,Vineyard Haven MA,United States,MVY,KMVY,41.391667,-70.615278,67,-5,A,"Martha's Vineyard, MA",31,31,31,31,3.483870967741935,11.516129032258066,9.0,25.0,"Sat, Jul  2, 2011","Sun, Jul 24, 2011"
3515,Myrtle Beach International,Myrtle Beach,United States,MYR,KMYR,33.67975,-78.928333,25,-5,A,"Myrtle Beach, SC",257,257,262,262,4.891050583657589,14.439688715953308,26.0,57.0,"Sat, Jul  2, 2011","Fri, Jul 15, 2011"
4386,Albert J. Ellis,Jacksonville NC,United States,OAJ,KOAJ,34.829164,-77.612139,94,-5,A,"Jacksonville/Camp Lejeune, NC",170,170,171,171,2.8588235294117643,14.600000000000005,6.0,49.0,"Tue, Jul 19, 2011","Wed, Jul 20, 2011"
3453,Metropolitan Oakland International,Oakland,United States,OAK,KOAK,37.721278,-122.220722,9,-8,A,"Oakland, CA",3855,3854,3911,3912,5.444876783398186,9.157758173326444,28.0,47.0,"Fri, Jul 22, 2011","Mon, Jul 11, 2011"
3456,Kahului,Kahului,United States,OGG,PHOG,20.89865,-156.430458,54,-10,N,"Kahului, HI",1860,1854,1863,1863,5.4999999999999964,9.118122977346276,39.0,41.0,"Tue, Jul 26, 2011","Tue, Jul 12, 2011"
3863,Will Rogers World,Oklahoma City,United States,OKC,KOKC,35.393089,-97.600733,1295,-6,A,"Oklahoma City, OK",1863,1860,1888,1889,4.703703703703698,10.709677419354858,69.0,107.0,"Tue, Jul 12, 2011","Fri, Jul 29, 2011"
3454,Eppley Airfield,Omaha,United States,OMA,KOMA,41.303167,-95.894069,984,-6,A,"Omaha, NE",1906,1904,1933,1934,3.862539349422875,11.869747899159664,40.0,108.0,"Mon, Jul 18, 2011","Tue, Jul 26, 2011"
3615,Nome,Nome,United States,OME,PAOM,64.512203,-165.445247,37,-9,A,"Nome, AK",88,90,91,91,4.000000000000001,5.977777777777776,7.0,25.0,"Mon, Jul 11, 2011","Thu, Jul 14, 2011"
3734,Ontario International,Ontario,United States,ONT,KONT,34.056,-117.601194,944,-8,A,"Ontario, CA",2124,2121,2161,2161,4.415254237288134,9.916077322017907,29.0,104.0,"Fri, Jul 22, 2011","Sun, Jul 24, 2011"
3830,Chicago O'Hare International,Chicago,United States,ORD,KORD,41.978603,-87.904842,668,-6,A,"Chicago, IL",27264,27366,28508,28510,9.134499706572765,17.508148797778457,173.0,146.0,"Thu, Jul 28, 2011","Fri, Jul  8, 2011"
3611,Norfolk International,Norfolk,United States,ORF,KORF,36.894611,-76.201222,26,-5,A,"Norfolk, VA",1264,1267,1287,1287,4.654272151898735,11.820047355958964,46.0,90.0,"Fri, Jul  8, 2011","Sat, Jul 23, 2011"
5757,Southwest Oregon Regional Airport,North Bend,United States,OTH,KOTH,43.4171,-124.246,17,-8,A,"North Bend/Coos Bay, OR",120,119,123,123,2.7,8.882352941176471,9.0,30.0,"Sat, Jul  2, 2011","Thu, Jul 21, 2011"
3693,Ralph Wien Memorial,Kotzebue,United States,OTZ,PAOT,66.884678,-162.59855,11,-9,A,"Kotzebue, AK",87,87,91,91,4.160919540229885,6.988505747126437,7.0,19.0,"Sat, Jul 16, 2011","Sun, Jul  3, 2011"
4117,Barkley Regional Airport,PADUCAH,United States,PAH,KPAH,37.0602875,-88.7729583,410,-6,A,"Paducah, KY",57,57,62,62,4.5964912280701755,8.66666666666667,11.0,23.0,"Tue, Jul 26, 2011","Thu, Jul 28, 2011"
3722,Palm Beach International,West Palm Beach,United States,PBI,KPBI,26.683161,-80.095589,19,-5,A,"West Palm Beach/Palm Beach, FL",1825,1825,1843,1843,4.568219178082188,12.468493150684935,41.0,55.0,"Fri, Jul  8, 2011","Fri, Jul  1, 2011"
3720,Portland International,Portland,United States,PDX,KPDX,45.588722,-122.5975,30,-8,A,"Portland, OR",4930,4927,4950,4948,4.071399594320488,13.235031459305848,32.0,62.0,"Sun, Jul 24, 2011","Wed, Jul 13, 2011"
3633,Newport News Williamsburg International,Newport News,United States,PHF,KPHF,37.131894,-76.492989,43,-5,A,"Newport News/Williamsburg, VA",409,409,411,411,5.606356968215158,12.70660146699266,18.0,61.0,"Wed, Jul  6, 2011","Sun, Jul 17, 2011"
3752,Philadelphia International,Philadelphia,United States,PHL,KPHL,39.871944,-75.241139,36,-5,A,"Philadelphia, PA",7464,7481,7598,7595,6.76701500535905,23.082609276834607,135.0,162.0,"Sat, Jul  2, 2011","Thu, Jul  7, 2011"
3462,Phoenix Sky Harbor International,Phoenix,United States,PHX,KPHX,33.434278,-112.011583,1135,-7,N,"Phoenix, AZ",16233,16289,16455,16457,7.421055873837253,14.190128307446754,74.0,119.0,"Mon, Jul 11, 2011","Sun, Jul  3, 2011"
4046,Peoria Regional,Peoria,United States,PIA,KPIA,40.664203,-89.693258,660,-6,A,"Peoria, IL",256,256,268,268,3.62109375,10.23046875,17.0,57.0,"Sun, Jul 24, 2011","Fri, Jul  1, 2011"
5760,Pocatello Regional Airport,Pocatello,United States,PIH,KPIH,42.9098,-112.596,4452,-7,A,"Pocatello, ID",122,121,124,124,3.2540983606557377,9.347107438016527,6.0,25.0,"Tue, Jul 12, 2011","Wed, Jul  6, 2011"
3570,Pittsburgh International,Pittsburgh (pennsylva),United States,PIT,KPIT,40.491467,-80.232872,1204,-5,A,"Pittsburgh, PA",2920,2915,2954,2954,5.421232876712325,12.781475128644946,61.0,130.0,"Mon, Jul 18, 2011","Mon, Jul  4, 2011"
3564,Pensacola Regional,Pensacola,United States,PNS,KPNS,30.473425,-87.186611,121,-6,A,"Pensacola, FL",911,908,917,917,4.0757409440175625,12.866740088105727,13.0,97.0,"Sun, Jul  3, 2011","Fri, Jul 29, 2011"
6133,Tri Cities Airport,Pasco,United States,PSC,PSC,46.2647,-119.119,410,-8,A,"Pasco/Kennewick/Richland, WA",292,294,297,298,4.479452054794519,10.023809523809522,13.0,29.0,"Sun, Jul 31, 2011","Tue, Jul 12, 2011"
4147,Petersburg James A. Johnson,Petersburg,United States,PSG,PAPG,56.801667,-132.945278,105,-9,A,"Petersburg, AK",61,61,62,62,3.622950819672131,10.393442622950818,6.0,27.0,"Wed, Jul 13, 2011","Wed, Jul 27, 2011"
3839,Palm Springs International,Palm Springs,United States,PSP,KPSP,33.829667,-116.506694,477,-8,A,"Palm Springs, CA",604,606,613,613,4.7400662251655685,12.372937293729374,15.0,48.0,"Sun, Jul 17, 2011","Sun, Jul 10, 2011"
3641,Theodore Francis Green State,Providence,United States,PVD,KPVD,41.732581,-71.420383,55,-5,A,"Providence, RI",1587,1584,1609,1607,4.711405166981719,12.750631313131313,33.0,102.0,"Thu, Jul 21, 2011","Tue, Jul 26, 2011"
3862,Portland International Jetport,Portland,United States,PWM,KPWM,43.646161,-70.309281,77,-5,A,"Portland, ME",645,643,662,662,3.97984496124031,12.743390357698278,26.0,95.0,"Mon, Jul 25, 2011","Fri, Jul 22, 2011"
4087,Rapid City Regional Airport,Rapid City,United States,RAP,KRAP,44.045278,-103.057222,3204,-7,A,"Rapid City, SD",619,614,631,632,4.465266558966075,11.001628664495122,42.0,83.0,"Wed, Jul 27, 2011","Sun, Jul 24, 2011"
4098,Redding Municipal,Redding,United States,RDD,KRDD,40.509,-122.293389,504,-8,A,"Redding, CA",138,139,147,147,3.789855072463768,11.848920863309353,10.0,31.0,"Fri, Jul 29, 2011","Fri, Jul 29, 2011"
4103,Roberts Field,Redmond-Bend,United States,RDM,KRDM,44.254066,-121.149964,3077,-8,A,"Bend/Redmond, OR",267,268,272,272,3.651685393258427,10.14179104477612,8.0,39.0,"Tue, Jul 12, 2011","Tue, Jul 12, 2011"
3626,Raleigh Durham International,Raleigh-durham,United States,RDU,KRDU,35.877639,-78.787472,435,-5,A,"Raleigh/Durham, NC",3696,3680,3764,3760,4.79897186147186,14.636141304347825,69.0,131.0,"Mon, Jul  4, 2011","Wed, Jul  6, 2011"
3608,Richmond International,Richmond,United States,RIC,KRIC,37.505167,-77.319667,167,-5,A,"Richmond, VA",1475,1472,1500,1500,4.791186440677969,13.935461956521735,50.0,123.0,"Wed, Jul  6, 2011","Wed, Jul 20, 2011"
5766,Rock Springs Sweetwater County Airport,Rock Springs,United States,RKS,KRKS,41.5942,-109.065,6760,-7,A,"Rock Springs, WY",175,170,183,183,3.4,10.78235294117647,7.0,26.0,"Mon, Jul  4, 2011","Sun, Jul 17, 2011"
3807,Reno Tahoe International,Reno,United States,RNO,KRNO,39.499108,-119.768108,4415,-8,A,"Reno, NV",1968,1962,1982,1982,4.4756097560975725,10.656982670744128,38.0,85.0,"Fri, Jul  1, 2011","Sun, Jul 17, 2011"
4016,Roanoke Regional,Roanoke VA,United States,ROA,KROA,37.325472,-79.975417,1175,-5,A,"Roanoke, VA",260,261,266,266,5.003846153846154,15.923371647509581,19.0,71.0,"Tue, Jul 12, 2011","Mon, Jul  4, 2011"
3622,Greater Rochester International,Rochester,United States,ROC,KROC,43.118866,-77.672389,559,-5,A,"Rochester, NY",846,845,861,861,4.927895981087469,12.13491124260355,14.0,92.0,"Mon, Jul  4, 2011","Mon, Jul 18, 2011"
3736,Roswell International Air Center,Roswell,United States,ROW,KROW,33.301556,-104.530556,3671,-7,A,"Roswell, NM",117,117,117,117,4.393162393162395,8.350427350427351,12.0,22.0,"Sun, Jul 24, 2011","Thu, Jul 28, 2011"
4048,Rochester,Rochester,United States,RST,KRST,43.908283,-92.500014,1317,-6,A,"Rochester, MN",129,129,138,138,3.705426356589147,11.046511627906973,9.0,30.0,"Fri, Jul 29, 2011","Tue, Jul 26, 2011"
3793,Southwest Florida International,Fort Myers,United States,RSW,KRSW,26.536167,-81.755167,30,-5,A,"Fort Myers, FL",1768,1769,1776,1776,4.858031674208145,11.842849067269649,57.0,112.0,"Sun, Jul 17, 2011","Sun, Jul 17, 2011"
3784,Santa Fe Municipal,Santa Fe,United States,SAF,KSAF,35.617108,-106.089422,6348,-7,A,"Santa Fe, NM",153,152,154,154,5.156862745098039,10.677631578947368,40.0,51.0,"Mon, Jul 11, 2011","Sat, Jul  9, 2011"
3731,San Diego International,San Diego,United States,SAN,KSAN,32.733556,-117.189667,17,-8,A,"San Diego, CA",6797,6788,6865,6864,3.6015889362954283,13.463317619328208,41.0,105.0,"Mon, Jul 11, 2011","Sat, Jul 16, 2011"
3621,San Antonio International,San Antonio,United States,SAT,KSAT,29.533694,-98.469778,809,-6,A,"San Antonio, TX",3378,3370,3397,3397,3.8525754884547068,12.11810089020771,42.0,106.0,"Tue, Jul 19, 2011","Wed, Jul  6, 2011"
3613,Savannah Hilton Head International,Savannah,United States,SAV,KSAV,32.127583,-81.202139,51,-5,A,"Savannah, GA",847,846,867,867,5.506493506493511,13.756501182033102,26.0,73.0,"Sat, Jul 30, 2011","Tue, Jul 19, 2011"
3949,Santa Barbara Municipal,Santa Barbara,United States,SBA,KSBA,34.426211,-119.840372,10,-8,A,"Santa Barbara, CA",894,893,916,916,4.242729306487694,10.488241881298997,68.0,52.0,"Mon, Jul 25, 2011","Mon, Jul 11, 2011"
4359,South Bend Regional,South Bend,United States,SBN,KSBN,41.708661,-86.31725,799,-5,A,"South Bend, IN",194,193,208,208,3.381443298969072,8.217616580310882,23.0,22.0,"Mon, Jul 11, 2011","Wed, Jul 20, 2011"
5768,San Luis County Regional Airport,San Luis Obispo,United States,SBP,KSBP,35.2368,-120.642,212,-8,A,"San Luis Obispo, CA",405,403,411,411,3.1382716049382715,10.297766749379662,11.0,38.0,"Sat, Jul  2, 2011","Sat, Jul  2, 2011"
3620,Deadhorse,Deadhorse,United States,SCC,PASC,70.19475,-148.465167,64,-9,A,"Deadhorse, AK",57,57,57,57,4.105263157894737,5.491228070175438,7.0,13.0,"Thu, Jul 21, 2011","Sat, Jul  2, 2011"
4014,Louisville International Airport,Louisville,United States,SDF,KSDF,38.1740858,-85.7364989,501,-5,A,"Louisville, KY",1499,1495,1514,1514,5.782521681120741,11.732441471571892,42.0,110.0,"Fri, Jul 22, 2011","Mon, Jul 25, 2011"
3577,Seattle Tacoma International,Seattle,United States,SEA,KSEA,47.449,-122.309306,433,-8,A,"Seattle, WA",9785,9781,9825,9828,6.531016862544717,15.186381760556175,48.0,85.0,"Tue, Jul 26, 2011","Mon, Jul 11, 2011"
3469,San Francisco International,San Francisco,United States,SFO,KSFO,37.618972,-122.374889,13,-8,A,"San Francisco, CA",12598,12626,12953,12956,6.447134465788228,17.030730239188976,69.0,132.0,"Tue, Jul 19, 2011","Mon, Jul 25, 2011"
4348,Springfield Branson National,Springfield,United States,SGF,KSGF,37.245667,-93.388639,1268,-6,A,"Springfield, MO",647,642,668,668,4.791344667697068,14.372274143302175,24.0,69.0,"Sun, Jul 31, 2011","Sat, Jul 23, 2011"
4064,St. George Municipal,Saint George,United States,SGU,KSGU,37.090583,-113.593056,2941,-7,A,"St. George, UT",171,170,171,171,3.538011695906433,10.629411764705875,7.0,24.0,"Mon, Jul  4, 2011","Sun, Jul 10, 2011"
3609,Shreveport Regional,Shreveport,United States,SHV,KSHV,32.446629,-93.8256,258,-6,A,"Shreveport, LA",289,286,292,292,4.698961937716262,9.90909090909091,20.0,71.0,"Wed, Jul 27, 2011","Wed, Jul 20, 2011"
3856,Sitka Rocky Gutierrez,Sitka,United States,SIT,PASI,57.047138,-135.361611,21,-9,A,"Sitka, AK",152,151,153,153,3.9342105263157894,10.834437086092715,8.0,28.0,"Fri, Jul  8, 2011","Mon, Jul 18, 2011"
3748,Norman Y. Mineta San Jose International,San Jose,United States,SJC,KSJC,37.3626,-121.929022,62,-8,A,"San Jose, CA",3582,3576,3607,3607,3.8062534896705724,10.657158836689025,29.0,87.0,"Sat, Jul 16, 2011","Sun, Jul 10, 2011"
3536,Salt Lake City International,Salt Lake City,United States,SLC,KSLC,40.788389,-111.977772,4227,-7,A,"Salt Lake City, UT",10902,10921,11002,11004,6.230416437350939,17.56084607636669,46.0,128.0,"Sun, Jul 17, 2011","Thu, Jul  7, 2011"
3817,Sacramento International,Sacramento,United States,SMF,KSMF,38.695417,-121.590778,27,-8,A,"Sacramento, CA",4024,4023,4078,4078,4.429174950298202,10.298036291324864,37.0,83.0,"Thu, Jul 21, 2011","Fri, Jul  8, 2011"
5772,Santa Maria Public-Captain G. Allan Hancock Airport,Santa Maria,United States,SMX,KSMX,34.8989,-120.457,261,-8,A,"Santa Maria, CA",116,116,117,117,3.586206896551724,10.034482758620687,7.0,22.0,"Thu, Jul 14, 2011","Sun, Jul 10, 2011"
3867,John Wayne Airport Orange County,Santa Ana,United States,SNA,KSNA,33.675667,-117.868222,56,-8,A,"Santa Ana, CA",3439,3436,3489,3488,6.194533294562371,11.96711292200232,48.0,73.0,"Wed, Jul 13, 2011","Tue, Jul 12, 2011"
4336,Abraham Lincoln Capital,Springfield,United States,SPI,KSPI,39.8441,-89.677889,597,-6,A,"Springfield, IL",174,174,182,182,3.787356321839081,10.683908045977013,6.0,110.0,"Thu, Jul  7, 2011","Sun, Jul 24, 2011"
4067,Sarasota Bradenton International,Sarasota,United States,SRQ,KSRQ,27.395444,-82.554389,30,-5,A,"Sarasota/Bradenton, FL",302,302,302,302,4.933774834437084,11.867549668874176,30.0,58.0,"Fri, Jul  8, 2011","Wed, Jul 20, 2011"
3678,Lambert St. Louis International,St. Louis,United States,STL,KSTL,38.748697,-90.370028,618,-6,A,"St. Louis, MO",5140,5143,5200,5200,5.421984435797669,11.125413182967133,98.0,139.0,"Tue, Jul 12, 2011","Thu, Jul  7, 2011"
6494,Friedman Memorial,Hailey,United States,SUN,KSUN,43.504444,-114.296194,5320,-7,A,"Sun Valley/Hailey/Ketchum, ID",221,221,223,223,3.126696832579185,9.29411764705883,6.0,29.0,"Wed, Jul 20, 2011","Wed, Jul 13, 2011"
3661,Stewart International,Newburgh,United States,SWF,KSWF,41.504094,-74.104839,491,-5,A,"Newburgh/Poughkeepsie, NY",149,149,154,154,5.469798657718121,14.711409395973154,14.0,95.0,"Fri, Jul 29, 2011","Fri, Jul 29, 2011"
3745,Syracuse Hancock International,Syracuse,United States,SYR,KSYR,43.111187,-76.106311,421,-5,A,"Syracuse, NY",634,628,651,651,4.435331230283913,12.699044585987265,38.0,145.0,"Sun, Jul 24, 2011","Sun, Jul  3, 2011"
3698,Tallahassee Regional,Tallahassee,United States,TLH,KTLH,30.396528,-84.350333,81,-5,A,"Tallahassee, FL",406,404,410,410,3.6206896551724155,13.405940594059405,26.0,73.0,"Wed, Jul 13, 2011","Sun, Jul 10, 2011"
4040,Toledo,Toledo,United States,TOL,KTOL,41.586806,-83.807833,684,-5,A,"Toledo, OH",23,23,25,25,2.5652173913043477,10.73913043478261,5.0,19.0,"Wed, Jul  6, 2011","Fri, Jul 15, 2011"
3646,Tampa International,Tampa,United States,TPA,KTPA,27.975472,-82.53325,26,-5,A,"Tampa, FL",5878,5875,5910,5911,4.55920381082001,12.476085106382996,78.0,110.0,"Sat, Jul 23, 2011","Fri, Jul 29, 2011"
4116,Tri-Cities Regional Airport,BRISTOL,United States,TRI,KTRI,36.4752222,-82.4074167,1519,-5,A,"Bristol/Johnson City/Kingsport, TN",307,307,314,313,3.9120521172638436,12.853420195439737,24.0,79.0,"Sun, Jul 24, 2011","Fri, Jul 15, 2011"
3855,Tulsa International,Tulsa,United States,TUL,KTUL,36.198389,-95.888111,677,-6,A,"Tulsa, OK",1696,1691,1716,1716,4.351415094339619,11.892371377882903,47.0,108.0,"Wed, Jul 13, 2011","Sat, Jul 23, 2011"
3636,Tucson International,Tucson,United States,TUS,KTUS,32.116083,-110.941028,2643,-7,N,"Tucson, AZ",1865,1867,1888,1888,4.286327077747975,11.222817354043924,34.0,133.0,"Sat, Jul 23, 2011","Sun, Jul 31, 2011"
4023,Cherry Capital Airport,Traverse City,United States,TVC,KTVC,44.741445,-85.582235,624,-5,A,"Traverse City, MI",314,313,329,328,3.726114649681527,10.884984025559113,17.0,50.0,"Sat, Jul  9, 2011","Sun, Jul 24, 2011"
4263,Magic Valley Regional Airport,Twin Falls,United States,TWF,KTWF,42.481803,-114.487733,4151,-7,A,"Twin Falls, ID",123,124,124,124,3.3902439024390243,8.774193548387096,6.0,20.0,"Sat, Jul 16, 2011","Sat, Jul  9, 2011"
3770,Texarkana Regional-Webb Field,Texarkana,United States,TXK,KTXK,33.453722,-93.991028,390,-6,A,"Texarkana, AR",59,59,60,60,3.169491525423729,8.220338983050851,9.0,19.0,"Fri, Jul  8, 2011","Sat, Jul 23, 2011"
3848,Tyler Pounds Regional,Tyler,United States,TYR,KTYR,32.354139,-95.402386,544,-6,A,"Tyler, TX",92,92,92,92,3.380434782608696,10.043478260869565,10.0,26.0,"Sat, Jul  2, 2011","Thu, Jul 28, 2011"
3676,McGhee Tyson,Knoxville,United States,TYS,KTYS,35.810972,-83.994028,981,-5,A,"Knoxville, TN",972,970,996,994,3.983539094650194,12.183505154639171,36.0,116.0,"Fri, Jul 15, 2011","Sun, Jul 24, 2011"
5776,Valdosta Regional Airport,Valdosta,United States,VLD,KVLD,30.7825,-83.2767,203,-5,A,"Valdosta, GA",91,90,92,92,4.428571428571427,11.711111111111109,9.0,88.0,"Tue, Jul  5, 2011","Mon, Jul 25, 2011"
3873,Eglin AFB,Valparaiso,United States,VPS,KVPS,30.48325,-86.5254,87,-6,A,"Valparaiso, FL",629,625,641,641,8.659777424483323,19.027200000000008,107.0,123.0,"Tue, Jul 26, 2011","Tue, Jul 12, 2011"
5969,Wrangell Airport,Wrangell,United States,WRG,PAWG,56.4843,-132.37,44,-9,A,"Wrangell, AK",62,62,62,62,3.7096774193548385,9.516129032258064,5.0,26.0,"Thu, Jul  7, 2011","Wed, Jul  6, 2011"
7072,Yellowstone Airport,West Yellowstone,United States,WYS,KWYS,44.688333,-111.1175,6644,-7,A,"West Yellowstone, MT",72,72,72,72,3.25,8.26388888888889,6.0,13.0,"Sat, Jul 30, 2011","Wed, Jul 20, 2011"
4356,NW Arkansas Regional,Bentonville,United States,XNA,KXNA,36.2818694,-94.3068111,1287,-6,A,"Fayetteville, AR",1092,1085,1120,1119,3.9826007326007344,12.405529953917052,28.0,68.0,"Wed, Jul 13, 2011","Thu, Jul 21, 2011"
6803,Yakutat,Yakutat,United States,YAK,PAYA,59.3012,-139.3937,33,-9,A,"Yakutat, AK",62,62,62,62,3.564516129032258,6.951612903225806,6.0,18.0,"Sun, Jul 24, 2011","Sat, Jul  9, 2011"
3596,Yuma MCAS Yuma International,Yuma,United States,YUM,KYUM,32.656578,-114.60598,216,-7,N,"Yuma, AZ",290,291,307,307,4.996551724137929,11.099656357388316,18.0,48.0,"Fri, Jul  1, 2011","Wed, Jul  6, 2011"
2883,Cyril E. King,St. Thomas,Virgin Islands,STT,TIST,18.337306,-64.973361,23,-4,U,"Charlotte Amalie, VI",292,291,292,292,4.691780821917811,14.364261168384882,10.0,43.0,"Tue, Jul  5, 2011","Sun, Jul  3, 2011"
2884,Henry E. Rohlsen,St. Croix Island,Virgin Islands,STX,TISX,17.701889,-64.798556,74,-4,U,"Christiansted, VI",81,81,81,81,3.814814814814815,13.876543209876543,11.0,29.0,"Fri, Jul  1, 2011","Mon, Jul 18, 2011"
2246,Guam International,Agana,Guam,GUM,PGUM,13.48345,144.795983,298,10,U,"Guam, TT",33,33,33,33,5.696969696969697,11.272727272727272,10.0,14.0,"Mon, Jul 11, 2011","Sat, Jul 23, 2011"
2885,Rafael Hernndez,Aguadilla,Puerto Rico,BQN,TJBQ,18.494861,-67.129444,237,-4,U,"Aguadilla, PR",177,176,178,178,5.050847457627118,11.801136363636362,19.0,31.0,"Wed, Jul  6, 2011","Thu, Jul 21, 2011"
2889,Aeropuerto Mercedita,Ponce,Puerto Rico,PSE,TJPS,18.008306,-66.563028,29,-4,U,"Ponce, PR",101,101,101,101,4.405940594059405,11.693069306930694,14.0,28.0,"Wed, Jul 13, 2011","Sun, Jul 24, 2011"
2890,Luis Muoz Marn International,San Juan,Puerto Rico,SJU,TJSJ,18.439417,-66.001833,9,-4,U,"San Juan, PR",2218,2216,2220,2221,7.255184851217315,15.05731046931408,63.0,83.0,"Mon, Jul 18, 2011","Wed, Jul  6, 2011"
2244,Francisco C. Ada Saipan International,Saipan,Northern Mariana Islands,SPN,PGSN,15.119003,145.729356,215,10,U,"Saipan, TT",2,2,2,2,6.0,8.5,7.0,10.0,"Wed, Jul 13, 2011","Sun, Jul 10, 2011"
