airport_id,name,city,country,iata_faa,iaco,latitude,longitude,altitude,zone,dst,city_state,avg_able_landings,avg_able_takeoffs,total_landings,total_takeoffs,avg_taxi_in,avg_taxi_out,longest_taxi_in,longest_taxi_out,lng_tx_in_date,lng_tx_out_date
4355,Lehigh Valley International,Allentown,United States,ABE,KABE,40.652083,-75.440806,393,-5,A,"Allentown/Bethlehem/Easton, PA",285,283,301,299,3.7929824561403507,11.964664310954067,11.0,78.0,"Wed, May  4, 2011","Fri, May 13, 2011"
3718,Abilene Regional,Abilene,United States,ABI,KABI,32.411319,-99.681897,1791,-6,A,"Abilene, TX",198,197,211,211,3.8585858585858586,9.309644670050758,15.0,156.0,"Tue, May 24, 2011","Mon, May 23, 2011"
4019,Albuquerque International Sunport,Albuquerque,United States,ABQ,KABQ,35.0402222,-106.6091944,5355,-7,A,"Albuquerque, NM",2902,2894,2943,2943,4.869055823569949,10.58984105044922,32.0,57.0,"Fri, May 20, 2011","Tue, May 24, 2011"
5715,Southwest Georgia Regional Airport,Albany,United States,ABY,KABY,31.5355,-84.1945,197,-5,A,"Albany, GA",85,86,86,86,4.21176470588235,12.430232558139535,17.0,52.0,"Mon, May  2, 2011","Tue, May 10, 2011"
3517,Nantucket Memorial,Nantucket,United States,ACK,KACK,41.253053,-70.060181,48,-5,A,"Nantucket, MA",12,12,13,13,4.166666666666667,15.166666666666666,7.0,49.0,"Mon, May 23, 2011","Sun, May 22, 2011"
3700,Waco Regional,Waco,United States,ACT,KACT,31.611289,-97.230519,516,-6,A,"Waco, TX",28,28,31,31,4.321428571428571,8.714285714285715,8.0,15.0,"Wed, May  4, 2011","Thu, May  5, 2011"
4384,Arcata,Arcata CA,United States,ACV,KACV,40.978111,-124.108611,221,-8,A,"Arcata/Eureka, CA",254,252,255,254,4.023622047244093,9.646825396825397,9.0,29.0,"Tue, May 24, 2011","Fri, May 27, 2011"
3524,Atlantic City International,Atlantic City,United States,ACY,KACY,39.457583,-74.577167,75,-5,A,"Atlantic City, NJ",60,60,60,60,3.8666666666666667,10.45,8.0,37.0,"Fri, May 20, 2011","Thu, May 26, 2011"
5959,Adak Airport,Adak Island,United States,ADK,PADK,51.878,-176.646,18,-10,A,"Adak Island, AK",9,9,9,9,4.888888888888889,6.333333333333333,7.0,10.0,"Sun, May  1, 2011","Sun, May  8, 2011"
3531,Kodiak,Kodiak,United States,ADQ,PADQ,57.749967,-152.493856,78,-9,A,"Kodiak, AK",55,55,58,58,3.4909090909090907,5.527272727272727,7.0,16.0,"Thu, May 12, 2011","Sun, May  1, 2011"
3852,Alexandria International,Alexandria,United States,AEX,KAEX,31.3274,-92.549833,89,-6,A,"Alexandria, LA",293,292,300,299,2.979522184300341,11.979452054794521,22.0,49.0,"Sun, May 15, 2011","Wed, May  4, 2011"
3658,Augusta Regional At Bush Field,Bush Field,United States,AGS,KAGS,33.369944,-81.9645,144,-5,A,"Augusta, GA",343,342,355,354,3.682215743440233,12.912280701754383,15.0,56.0,"Sat, May 28, 2011","Tue, May  3, 2011"
3864,Albany International,Albany,United States,ALB,KALB,42.748267,-73.801692,285,-5,A,"Albany, NY",832,827,846,844,3.637019230769231,11.905683192261199,38.0,84.0,"Sun, May 15, 2011","Thu, May 19, 2011"
3840,Rick Husband Amarillo International,Amarillo,United States,AMA,KAMA,35.219369,-101.705931,3607,-6,A,"Amarillo, TX",617,615,644,645,4.797406807131282,9.180487804878041,29.0,105.0,"Wed, May 25, 2011","Fri, May 20, 2011"
3774,Ted Stevens Anchorage International,Anchorage,United States,ANC,PANC,61.174361,-149.996361,152,-9,A,"Anchorage, AK",1556,1563,1569,1565,4.602185089974298,12.13499680102367,17.0,47.0,"Wed, May 25, 2011","Sun, May 22, 2011"
7001,Aspen/Pitkin County-Sardy Field,Aspen,United States,ASE,KASE,39.2232,-106.869,7820,-7,A,"Aspen, CO",141,114,155,127,3.283687943262411,10.096491228070175,4.0,77.0,"Sun, May  1, 2011","Mon, May 30, 2011"
3682,Hartsfield Jackson Atlanta International,Atlanta,United States,ATL,KATL,33.636719,-84.428067,1026,-5,A,"Atlanta, GA",33663,33696,34077,34035,11.038469536286195,21.073658594491846,104.0,168.0,"Mon, May  9, 2011","Thu, May 26, 2011"
4047,Appleton,Appleton,United States,ATW,KATW,44.257526,-88.507576,680,-6,A,"Appleton, WI",169,168,189,189,3.1420118343195274,8.54166666666667,8.0,39.0,"Mon, May  9, 2011","Fri, May 27, 2011"
3673,Austin Bergstrom International,Austin,United States,AUS,KAUS,30.194528,-97.669889,542,-6,A,"Austin, TX",3498,3503,3564,3564,5.391938250428814,11.953468455609459,65.0,139.0,"Tue, May 10, 2011","Thu, May 12, 2011"
4007,Asheville Regional Airport,Asheville,United States,AVL,KAVL,35.436194,-82.541806,2165,-5,A,"Asheville, NC",372,373,381,381,3.6881720430107525,15.506702412868625,30.0,52.0,"Tue, May 17, 2011","Wed, May 18, 2011"
4286,Wilkes Barre Scranton International,Scranton,United States,AVP,KAVP,41.338478,-75.723403,962,-5,A,"Scranton/Wilkes-Barre, PA",139,140,147,148,3.539568345323741,11.414285714285718,24.0,101.0,"Thu, May 26, 2011","Sun, May 29, 2011"
4039,Kalamazoo,Kalamazoo,United States,AZO,KAZO,42.234875,-85.552058,874,-5,A,"Kalamazoo, MI",52,52,60,60,3.019230769230769,12.923076923076923,9.0,43.0,"Sat, May 14, 2011","Thu, May 26, 2011"
3825,Bradley International,Windsor Locks,United States,BDL,KBDL,41.938889,-72.683222,173,-5,A,"Hartford, CT",1902,1897,1936,1932,5.37381703470031,13.811808118081181,38.0,125.0,"Fri, May 20, 2011","Sun, May 29, 2011"
3599,Bethel,Bethel,United States,BET,PABE,60.779778,-161.838,121,-9,A,"Bethel, AK",88,88,88,88,3.602272727272728,6.329545454545454,5.0,17.0,"Mon, May  2, 2011","Thu, May 26, 2011"
3558,Meadows Field,Bakersfield,United States,BFL,KBFL,35.433598,-119.05677,507,-8,A,"Bakersfield, CA",322,321,325,324,3.813664596273295,11.040498442367598,11.0,39.0,"Tue, May  3, 2011","Thu, May 12, 2011"
3811,Birmingham International,Birmingham,United States,BHM,KBHM,33.562942,-86.75355,644,-6,A,"Birmingham, AL",1487,1486,1515,1516,3.470073974445192,12.242934051144006,23.0,115.0,"Sun, May  1, 2011","Thu, May 12, 2011"
4021,Billings Logan International Airport,Billings,United States,BIL,KBIL,45.80921,-108.537654,3652,-7,A,"Billings, MT",288,287,291,290,3.7604166666666665,10.867595818815328,7.0,30.0,"Wed, May 11, 2011","Wed, May  4, 2011"
4083,Bismarck Municipal Airport,Bismarck,United States,BIS,KBIS,46.775842,-100.757931,1661,-6,A,"Bismarck/Mandan, ND",236,233,248,246,4.122881355932203,9.300429184549353,14.0,39.0,"Sun, May 22, 2011","Mon, May  2, 2011"
6962,Branson LLC,Branson,United States,BKG,KBBG,36.531994,-93.200556,1302,-6,A,"Branson, MO",102,102,102,102,5.274509803921568,11.303921568627448,10.0,24.0,"Mon, May 30, 2011","Mon, May 16, 2011"
3777,Bellingham International,Bellingham,United States,BLI,KBLI,48.792694,-122.537528,170,-8,A,"Bellingham, WA",62,62,62,62,4.951612903225806,8.838709677419358,9.0,18.0,"Thu, May  5, 2011","Wed, May 11, 2011"
4037,Central Illinois Regional,Bloomington,United States,BMI,KBMI,40.477111,-88.915917,871,-6,A,"Bloomington/Normal, IL",279,276,290,290,3.695340501792115,7.815217391304351,21.0,54.0,"Thu, May 12, 2011","Wed, May 11, 2011"
3690,Nashville International,Nashville,United States,BNA,KBNA,36.124472,-86.678194,599,-6,A,"Nashville, TN",4531,4526,4616,4614,5.765393952769811,11.294299602297809,47.0,93.0,"Sun, May 29, 2011","Fri, May 27, 2011"
3495,Boise Air Terminal,Boise,United States,BOI,KBOI,43.564361,-116.222861,2871,-7,A,"Boise, ID",1276,1217,1286,1228,3.596394984326019,10.26705012325391,16.0,100.0,"Tue, May 31, 2011","Mon, May 16, 2011"
3448,General Edward Lawrence Logan International,Boston,United States,BOS,KBOS,42.364347,-71.005181,19,-5,A,"Boston, MA",9344,9336,9542,9539,7.305650684931513,18.678663239074552,50.0,149.0,"Thu, May  5, 2011","Sat, May 21, 2011"
5725,Brunswick Golden Isles Airport,Brunswick,United States,BQK,KBQK,31.2588,-81.4665,26,-5,A,"Brunswick, GA",86,87,87,87,3.3488372093023258,12.965517241379308,5.0,46.0,"Sun, May  1, 2011","Sat, May 14, 2011"
3738,Brownsville South Padre Island International,Brownsville,United States,BRO,KBRO,25.906833,-97.425861,22,-6,A,"Brownsville, TX",191,190,203,202,4.193717277486914,9.731578947368428,8.0,20.0,"Sun, May  1, 2011","Thu, May 12, 2011"
3571,Wiley Post Will Rogers Memorial,Barrow,United States,BRW,PABR,71.285446,-156.766003,44,-9,A,"Barrow, AK",64,67,70,70,4.984375,5.373134328358209,7.0,22.0,"Fri, May 13, 2011","Mon, May  9, 2011"
4022,Bert Mooney Airport,Butte,United States,BTM,KBTM,45.954806,-112.497472,5550,-7,A,"Butte, MT",57,57,57,57,3.9473684210526314,10.31578947368421,6.0,32.0,"Tue, May 17, 2011","Mon, May 30, 2011"
3846,Baton Rouge Metro-Ryan Field,Baton Rouge,United States,BTR,KBTR,30.533167,-91.149639,70,-6,A,"Baton Rouge, LA",722,719,745,743,4.412742382271473,11.23504867872044,33.0,131.0,"Thu, May 12, 2011","Thu, May 12, 2011"
3711,Burlington International,Burlington,United States,BTV,KBTV,44.471861,-73.153278,335,-5,A,"Burlington, VT",295,296,308,310,4.474576271186439,13.41891891891892,34.0,105.0,"Thu, May  5, 2011","Thu, May 26, 2011"
3820,Buffalo Niagara International,Buffalo,United States,BUF,KBUF,42.940525,-78.732167,724,-5,A,"Buffalo, NY",1912,1911,1941,1942,4.254184100418406,11.613814756671895,65.0,100.0,"Wed, May 25, 2011","Mon, May 30, 2011"
3644,Bob Hope,Burbank,United States,BUR,KBUR,34.200667,-118.358667,778,-8,A,"Burbank, CA",2157,2153,2208,2207,2.8595271210013955,11.122155132373436,34.0,64.0,"Tue, May 24, 2011","Wed, May 11, 2011"
3849,Baltimore Washington International,Baltimore,United States,BWI,KBWI,39.175361,-76.668333,146,-5,A,"Baltimore, MD",9246,9239,9307,9306,5.61940298507463,13.478190280333388,103.0,158.0,"Sun, May  8, 2011","Sun, May 15, 2011"
4020,Gallatin Field,Bozeman,United States,BZN,KBZN,45.777643,-111.160151,4500,-7,A,"Bozeman, MT",232,232,234,233,4.224137931034485,11.94827586206896,9.0,53.0,"Wed, May 18, 2011","Mon, May 30, 2011"
3561,Columbia Metropolitan,Colombia,United States,CAE,KCAE,33.938833,-81.119528,236,-5,A,"Columbia, SC",599,598,622,621,3.8964941569282177,13.98494983277592,25.0,119.0,"Tue, May  3, 2011","Mon, May 16, 2011"
4112,Akron Canton Regional Airport,Akron,United States,CAK,KCAK,40.9160833,-81.4421944,1228,-5,A,"Akron, OH",732,732,748,749,4.786885245901639,11.595628415300556,12.0,114.0,"Tue, May 24, 2011","Thu, May 26, 2011"
3824,Cedar City Regional,Cedar City,United States,CDC,KCDC,37.700967,-113.098847,5622,-7,A,"Cedar City, UT",58,57,58,57,3.2413793103448274,10.561403508771928,6.0,33.0,"Fri, May 20, 2011","Tue, May 10, 2011"
3610,Merle K. Mudhole Smith,Cordova,United States,CDV,PACV,60.491778,-145.477556,48,-9,A,"Cordova, AK",62,62,62,62,3.629032258064516,7.032258064516129,15.0,22.0,"Mon, May  2, 2011","Tue, May 31, 2011"
5727,Del Norte County Airport,Crescent City,United States,CEC,KCEC,41.7802,-124.237,57,-8,A,"Crescent City, CA",80,82,83,84,3.4625,10.853658536585364,6.0,27.0,"Wed, May 11, 2011","Wed, May 11, 2011"
3578,Lovell Field,Chattanooga,United States,CHA,KCHA,35.035278,-85.203808,683,-5,A,"Chattanooga, TN",393,394,405,405,4.015267175572517,14.40862944162437,24.0,101.0,"Thu, May 12, 2011","Sat, May 28, 2011"
4015,Charlottesville-Albemarle,Charlottesville VA,United States,CHO,KCHO,38.138639,-78.452861,639,-5,A,"Charlottesville, VA",86,86,88,88,2.744186046511629,10.453488372093021,4.0,58.0,"Sun, May 15, 2011","Fri, May 13, 2011"
3806,Charleston AFB International,Charleston,United States,CHS,KCHS,32.898647,-80.040528,45,-5,A,"Charleston, SC",1214,1213,1238,1239,5.186161449752879,13.859027205276174,46.0,93.0,"Sat, May 14, 2011","Mon, May 16, 2011"
3710,Chico Municipal,Chico,United States,CIC,KCIC,39.795383,-121.858422,238,-8,A,"Chico, CA",112,109,117,117,3.1964285714285716,9.55963302752294,8.0,27.0,"Tue, May  3, 2011","Tue, May 17, 2011"
4043,Cedar Rapids,Cedar Rapids,United States,CID,KCID,41.884694,-91.710806,869,-6,A,"Cedar Rapids/Iowa City, IA",455,455,481,480,4.2461538461538435,10.230769230769226,19.0,120.0,"Sat, May 14, 2011","Sun, May 29, 2011"
4088,McClellan-Palomar Airport,Carlsbad,United States,CLD,KCRQ,33.0742,-117.1648,328,-8,A,"Carlsbad, CA",182,185,184,187,3.598901098901099,10.475675675675674,9.0,31.0,"Tue, May 24, 2011","Sun, May 22, 2011"
3486,Cleveland Hopkins International,Cleveland,United States,CLE,KCLE,41.411689,-81.849794,791,-5,A,"Cleveland, OH",4295,4290,4379,4379,6.03236321303842,12.780419580419581,46.0,125.0,"Wed, May 18, 2011","Thu, May 12, 2011"
3715,Easterwood Field,College Station,United States,CLL,KCLL,30.588583,-96.363833,321,-6,A,"College Station/Bryan, TX",26,26,31,31,3.923076923076923,6.730769230769231,6.0,9.0,"Sun, May  8, 2011","Tue, May  3, 2011"
3876,Charlotte Douglas International,Charlotte,United States,CLT,KCLT,35.214,-80.943139,748,-5,A,"Charlotte, NC",10850,10881,11024,11019,9.55751152073733,20.22608216156607,89.0,143.0,"Fri, May 27, 2011","Tue, May  3, 2011"
3759,Port Columbus International,Columbus,United States,CMH,KCMH,39.997972,-82.891889,815,-5,A,"Columbus, OH",2153,2149,2213,2216,5.001393404551789,11.564448580735236,46.0,134.0,"Fri, May 13, 2011","Sun, May 29, 2011"
4049,Champaign,Champaign,United States,CMI,KCMI,40.03925,-88.278056,754,-6,A,"Champaign/Urbana, IL",191,191,203,203,4.183246073298429,11.586387434554979,15.0,76.0,"Sun, May 15, 2011","Sat, May 28, 2011"
5732,Houghton County Memorial Airport,Hancock,United States,CMX,KCMX,47.1684,-88.4891,1095,-5,A,"Hancock/Houghton, MI",56,56,62,62,3.8035714285714293,12.839285714285714,5.0,113.0,"Tue, May 10, 2011","Sun, May 22, 2011"
4344,Yellowstone Regional,Cody,United States,COD,KCOD,44.520194,-109.023806,5102,-7,A,"Cody, WY",88,87,93,93,3.8636363636363638,13.850574712643677,9.0,37.0,"Mon, May 16, 2011","Fri, May 13, 2011"
3819,City Of Colorado Springs Municipal,Colorado Springs,United States,COS,KCOS,38.805805,-104.700778,6187,-7,A,"Colorado Springs, CO",986,975,1018,1011,6.103448275862069,15.37948717948718,36.0,70.0,"Thu, May 19, 2011","Wed, May 11, 2011"
3872,Natrona County International,Casper,United States,CPR,KCPR,42.908,-106.464417,5347,-7,A,"Casper, WY",169,167,172,173,4.254437869822483,10.227544910179635,7.0,24.0,"Sun, May 29, 2011","Tue, May  3, 2011"
3744,Corpus Christi International,Corpus Christi,United States,CRP,KCRP,27.770361,-97.501222,44,-6,A,"Corpus Christi, TX",607,608,640,640,4.0543657331136735,9.896381578947372,31.0,47.0,"Sun, May 15, 2011","Sun, May 29, 2011"
4285,Yeager,Charleston,United States,CRW,KCRW,38.373147,-81.593189,981,-5,A,"Charleston/Dunbar, WV",318,316,329,329,3.5723270440251573,11.174050632911392,12.0,74.0,"Fri, May 20, 2011","Tue, May 10, 2011"
4255,Columbus Metropolitan Airport,Columbus,United States,CSG,KCSG,32.5163333,-84.9388611,397,-5,A,"Columbus, GA",173,172,179,179,3.052023121387283,10.575581395348834,11.0,45.0,"Fri, May 27, 2011","Mon, May 16, 2011"
3488,Cincinnati Northern Kentucky International,Cincinnati,United States,CVG,KCVG,39.048836,-84.667822,896,-5,A,"Cincinnati, OH",2307,2309,2369,2371,6.034677069787594,14.162841056734505,93.0,97.0,"Mon, May 23, 2011","Thu, May 26, 2011"
4045,Central Wisconsin,Wassau,United States,CWA,KCWA,44.772726,-89.646635,840,-6,A,"Mosinee, WI",129,130,144,145,4.062015503875968,11.069230769230767,17.0,79.0,"Mon, May  9, 2011","Thu, May 12, 2011"
3804,Cheyenne Regional-Jerry Olson Field,Cheyenne,United States,CYS,KCYS,41.155722,-104.811839,6156,-7,A,"Cheyenne, WY",30,30,31,31,3.2333333333333334,10.966666666666669,9.0,43.0,"Fri, May 13, 2011","Sun, May 15, 2011"
3950,Daytona Beach International,Daytona Beach,United States,DAB,KDAB,29.179917,-81.058056,34,-5,A,"Daytona Beach, FL",156,156,156,156,6.102564102564103,18.397435897435898,14.0,40.0,"Sun, May  1, 2011","Sat, May 14, 2011"
3502,Dallas Love Field,Dallas,United States,DAL,KDAL,32.847111,-96.851778,487,-6,A,"Dallas, TX",3772,3770,3854,3853,4.426033934252383,9.832891246684342,49.0,116.0,"Wed, May 11, 2011","Thu, May 12, 2011"
3627,James M. Cox Dayton International,Dayton,United States,DAY,KDAY,39.902375,-84.219375,1009,-5,A,"Dayton, OH",966,969,1005,1008,5.316770186335402,12.767801857585134,24.0,93.0,"Thu, May 12, 2011","Thu, May 26, 2011"
4388,Dubuque Regional,Dubuque IA,United States,DBQ,KDBQ,42.402,-90.709472,1076,-6,A,"Dubuque, IA",48,48,54,54,3.1458333333333335,12.833333333333334,6.0,75.0,"Sun, May  1, 2011","Wed, May 11, 2011"
3520,Ronald Reagan Washington National,Washington,United States,DCA,KDCA,38.852083,-77.037722,15,-5,A,"Washington, DC",6019,6026,6180,6183,5.908954975909608,18.563391968138163,90.0,153.0,"Mon, May 23, 2011","Thu, May 12, 2011"
3751,Denver International,Denver,United States,DEN,KDEN,39.861656,-104.673178,5431,-7,A,"Denver, CO",19923,19973,20188,20207,8.130000501932447,14.394132078305717,114.0,182.0,"Wed, May 11, 2011","Wed, May 11, 2011"
3670,Dallas Fort Worth International,Dallas-fort Worth,United States,DFW,KDFW,32.896828,-97.037997,607,-6,A,"Dallas/Fort Worth, TX",20749,20767,22265,22256,9.101498867415241,15.125583859007085,138.0,160.0,"Mon, May 23, 2011","Sun, May 22, 2011"
3739,Dothan Regional,Dothan,United States,DHN,KDHN,31.321339,-85.449628,401,-6,A,"Dothan, AL",111,109,112,113,3.4054054054054053,13.605504587155963,7.0,41.0,"Mon, May  9, 2011","Mon, May 16, 2011"
3598,Duluth International,Duluth,United States,DLH,KDLH,46.842091,-92.193649,1428,-6,A,"Duluth, MN",56,54,62,60,4.339285714285713,15.518518518518519,13.0,76.0,"Mon, May  9, 2011","Sun, May 22, 2011"
3713,Durango La Plata County,Durango,United States,DRO,KDRO,37.151516,-107.75377,6685,-7,A,"Durango, CO",288,287,294,294,5.208333333333336,10.738675958188153,18.0,38.0,"Thu, May  5, 2011","Fri, May 20, 2011"
3729,Des Moines International,Des Moines,United States,DSM,KDSM,41.533972,-93.663083,958,-6,A,"Des Moines, IA",908,917,950,957,4.120044052863444,11.773173391494002,38.0,71.0,"Sun, May 15, 2011","Sun, May 15, 2011"
3645,Detroit Metro Wayne County,Detroit,United States,DTW,KDTW,42.212444,-83.353389,645,-5,A,"Detroit, MI",7241,7284,7389,7421,8.311421074437293,18.1790225151016,66.0,147.0,"Mon, May 23, 2011","Thu, May 26, 2011"
5735,Chippewa Valley Regional Airport,Eau Claire,United States,EAU,KEAU,44.8658,-91.4843,913,-6,A,"Eau Claire, WI",61,60,62,62,4.311475409836065,13.433333333333334,8.0,49.0,"Sun, May 29, 2011","Sun, May 15, 2011"
7669,Northwest Florida Beaches International,Panama City,United States,ECP,KECP,30.3417,-85.7973,69,-6,A,"Panama City, FL",579,579,584,584,3.609671848013816,11.770293609671839,40.0,132.0,"Sat, May 14, 2011","Mon, May 23, 2011"
4250,Eagle County Regional,Vail,United States,EGE,KEGE,39.642556,-106.917694,6540,-7,A,"Eagle, CO",61,61,62,62,3.7868852459016393,9.950819672131148,5.0,36.0,"Thu, May 26, 2011","Wed, May 11, 2011"
5736,Elko Regional Airport,Elko,United States,EKO,KEKO,40.8249,-115.792,5140,-8,A,"Elko, NV",119,119,120,120,4.26890756302521,10.798319327731093,7.0,29.0,"Sun, May 15, 2011","Tue, May 10, 2011"
3946,Elmira Corning Regional,Elmira,United States,ELM,KELM,42.159889,-76.891611,954,-5,A,"Elmira/Corning, NY",92,92,93,93,3.5652173913043477,10.793478260869566,8.0,60.0,"Fri, May 20, 2011","Mon, May 23, 2011"
3559,El Paso International,El Paso,United States,ELP,KELP,31.80725,-106.377583,3958,-7,A,"El Paso, TX",1851,1849,1890,1890,3.927066450567261,11.644672796106008,29.0,63.0,"Wed, May 11, 2011","Wed, May 11, 2011"
4099,Mahlon Sweet Field,Eugene,United States,EUG,KEUG,44.124583,-123.211972,374,-8,A,"Eugene, OR",400,387,405,393,3.4075000000000006,10.927648578811365,7.0,77.0,"Tue, May 24, 2011","Thu, May  5, 2011"
4018,Evansville Regional,Evansville,United States,EVV,KEVV,38.036997,-87.532364,418,-6,A,"Evansville, IN",269,267,285,285,3.7323420074349443,11.198501872659174,10.0,43.0,"Tue, May 10, 2011","Wed, May 25, 2011"
3730,Craven County Regional,New Bern,United States,EWN,KEWN,35.072972,-77.042944,18,-5,A,"New Bern/Morehead/Beaufort, NC",61,61,62,62,2.967213114754098,7.131147540983606,6.0,14.0,"Tue, May  3, 2011","Tue, May 24, 2011"
3494,Newark Liberty International,Newark,United States,EWR,KEWR,40.6925,-74.168667,18,-5,A,"Newark, NJ",8982,8983,9205,9202,8.694277443776386,20.81665367917176,69.0,153.0,"Fri, May 27, 2011","Fri, May 27, 2011"
3875,Key West International,Key West,United States,EYW,KEYW,24.556111,-81.759556,3,-5,A,"Key West, FL",154,154,155,155,4.175324675324675,9.006493506493507,21.0,22.0,"Sat, May  7, 2011","Sat, May 21, 2011"
3832,Fairbanks International,Fairbanks,United States,FAI,PAFA,64.815114,-147.856267,434,-9,A,"Fairbanks, AK",406,404,408,407,3.5024630541871917,9.871287128712874,9.0,49.0,"Fri, May 20, 2011","Mon, May 23, 2011"
4292,Hector International Airport,Fargo,United States,FAR,KFAR,46.92065,-96.8157639,902,-6,A,"Fargo, ND",470,469,491,491,4.391489361702126,12.117270788912572,20.0,97.0,"Sun, May  1, 2011","Wed, May 11, 2011"
3687,Fresno Yosemite International,Fresno,United States,FAT,KFAT,36.776194,-119.71814,336,-8,A,"Fresno, CA",1001,1002,1011,1011,4.065934065934065,11.108782435129744,17.0,52.0,"Sat, May  7, 2011","Tue, May 31, 2011"
5738,Fayetteville Regional-Grannis Field,Fayetteville,United States,FAY,KFAY,34.9912,-78.8803,189,-5,A,"Fayetteville, NC",327,326,329,329,3.9174311926605503,12.496932515337432,40.0,36.0,"Sat, May 21, 2011","Fri, May 27, 2011"
4127,Glacier Park International,Kalispell,United States,FCA,KFCA,48.310472,-114.256,2977,-7,A,"Kalispell, MT",146,147,147,148,3.904109589041094,11.5578231292517,7.0,24.0,"Thu, May 12, 2011","Sun, May  1, 2011"
4261,Flagstaff Pulliam Airport,Flagstaff,United States,FLG,KFLG,35.140318,-111.6692392,7015,-7,N,"Flagstaff, AZ",202,202,203,203,5.707920792079208,12.029702970297029,19.0,26.0,"Sun, May 29, 2011","Mon, May  9, 2011"
3533,Fort Lauderdale Hollywood International,Fort Lauderdale,United States,FLL,KFLL,26.072583,-80.15275,9,-5,A,"Fort Lauderdale, FL",5328,5326,5357,5365,5.4740990990991065,17.211040180247885,49.0,91.0,"Thu, May  5, 2011","Sat, May 14, 2011"
4089,Bishop International,Flint,United States,FNT,KFNT,42.965424,-83.743629,782,-5,A,"Flint, MI",259,259,263,263,3.9305019305019306,10.007722007722007,12.0,42.0,"Mon, May 30, 2011","Sat, May 14, 2011"
4009,Sioux Falls,Sioux Falls,United States,FSD,KFSD,43.582014,-96.741914,1429,-6,A,"Sioux Falls, SD",464,462,488,487,4.299568965517239,12.73376623376623,28.0,78.0,"Tue, May 24, 2011","Mon, May 30, 2011"
3437,Fort Smith Regional,Fort Smith,United States,FSM,KFSM,35.336583,-94.367444,469,-6,A,"Fort Smith, AR",25,25,31,31,3.0,9.12,6.0,17.0,"Thu, May  5, 2011","Wed, May  4, 2011"
4041,Fort Wayne,Fort Wayne,United States,FWA,KFWA,40.978472,-85.195139,815,-5,A,"Fort Wayne, IN",240,239,264,264,3.733333333333334,11.786610878661092,22.0,91.0,"Mon, May 23, 2011","Sun, May 22, 2011"
4296,Gillette-Campbell County Airport,Gillette,United States,GCC,KGCC,44.3489167,-105.5393611,4365,-7,A,"Gillette, WY",124,124,124,124,4.427419354838713,12.032258064516125,32.0,63.0,"Tue, May 31, 2011","Tue, May 10, 2011"
3467,Spokane International,Spokane,United States,GEG,KGEG,47.619861,-117.533833,2376,-8,A,"Spokane, WA",958,959,960,960,4.441544885177459,10.673618352450477,10.0,55.0,"Mon, May  2, 2011","Sun, May 29, 2011"
3442,Grand Forks International,Grand Forks,United States,GFK,KGFK,47.949256,-97.176111,845,-6,A,"Grand Forks, ND",59,59,65,65,3.9152542372881354,11.11864406779661,6.0,41.0,"Mon, May 30, 2011","Sat, May 14, 2011"
3465,East Texas Regional,Longview,United States,GGG,KGGG,32.384014,-94.711486,365,-6,A,"Longview, TX",31,31,31,31,4.774193548387096,8.903225806451609,10.0,29.0,"Sun, May  8, 2011","Mon, May  2, 2011"
4063,Grand Junction Regional,Grand Junction,United States,GJT,KGJT,39.122413,-108.526735,4858,-7,A,"Grand Junction, CO",502,501,517,520,3.898406374501993,12.497005988023952,17.0,68.0,"Thu, May  5, 2011","Mon, May 30, 2011"
3472,Gainesville Regional,Gainesville,United States,GNV,KGNV,29.690056,-82.271778,152,-5,A,"Gainesville, FL",201,200,202,202,3.114427860696517,11.84,10.0,33.0,"Tue, May 24, 2011","Wed, May 11, 2011"
4038,Gulfport-Biloxi,Gulfport,United States,GPT,KGPT,30.407278,-89.070111,28,-6,A,"Gulfport/Biloxi, MS",504,501,525,525,4.803571428571429,11.746506986027946,29.0,46.0,"Sat, May 14, 2011","Mon, May 16, 2011"
3653,Austin Straubel International,Green Bay,United States,GRB,KGRB,44.485072,-88.129589,695,-6,A,"Green Bay, WI",337,337,364,365,3.6320474777448064,10.270029673590496,17.0,86.0,"Sun, May 22, 2011","Sat, May 14, 2011"
3775,Robert Gray AAF,Killeen,United States,GRK,KGRK,31.06725,-97.828917,1015,-6,A,"Killeen, TX",61,60,62,62,4.065573770491803,10.216666666666667,8.0,20.0,"Thu, May 12, 2011","Mon, May 16, 2011"
3685,Gerald R. Ford International,Grand Rapids,United States,GRR,KGRR,42.880833,-85.522806,794,-5,A,"Grand Rapids, MI",930,922,952,948,4.7043010752688135,11.70390455531454,34.0,112.0,"Tue, May 31, 2011","Sun, May 15, 2011"
4008,Piedmont Triad,Greensboro,United States,GSO,KGSO,36.09775,-79.937306,925,-5,A,"Greensboro/High Point, NC",559,557,576,576,3.815742397137743,13.815080789946144,16.0,112.0,"Thu, May 19, 2011","Tue, May 17, 2011"
4034,Greenville-Spartanburg International,Greenville,United States,GSP,KGSP,34.895556,-82.218889,964,-5,A,"Greer, SC",873,872,891,893,3.5670103092783516,12.224770642201845,28.0,108.0,"Fri, May 13, 2011","Tue, May  3, 2011"
3880,Great Falls International,Great Falls,United States,GTF,KGTF,47.482,-111.370689,3677,-7,A,"Great Falls, MT",150,150,151,151,3.8466666666666667,10.253333333333336,8.0,26.0,"Tue, May 31, 2011","Tue, May 24, 2011"
4273,Golden Triangle Regional Airport,Columbus Mississippi,United States,GTR,KGTR,33.450333,-88.591361,264,-6,A,"Columbus, MS",86,85,89,89,3.511627906976744,11.423529411764708,5.0,39.0,"Thu, May 19, 2011","Tue, May 17, 2011"
7051,Gunnison - Crested Butte,Gunnison,United States,GUC,KGUC,38.533889,-106.933056,7678,-7,A,"Gunnison, CO",30,30,31,31,3.466666666666667,9.9,5.0,26.0,"Tue, May  3, 2011","Mon, May 23, 2011"
4339,Yampa Valley,Hayden,United States,HDN,KHDN,40.481181,-107.21766,6602,-7,A,"Hayden, CO",59,58,62,61,3.559322033898305,13.965517241379308,7.0,61.0,"Sat, May 14, 2011","Thu, May 19, 2011"
3504,Helena Regional,Helena,United States,HLN,KHLN,46.606806,-111.98275,3877,-7,A,"Helena, MT",145,143,147,147,3.682758620689655,11.006993006993005,8.0,33.0,"Wed, May  4, 2011","Wed, May 11, 2011"
3728,Honolulu International,Honolulu,United States,HNL,PHNL,21.318681,-157.922428,13,-10,N,"Honolulu, HI",4316,4315,4342,4342,6.033364226135306,13.01367323290846,45.0,67.0,"Fri, May  6, 2011","Mon, May  2, 2011"
3566,William P. Hobby,Houston,United States,HOU,KHOU,29.645419,-95.278889,46,-6,A,"Houston, TX",4430,4431,4534,4533,5.978781038374711,9.360640938839984,62.0,107.0,"Thu, May 12, 2011","Fri, May 20, 2011"
3589,Westchester County,White Plains,United States,HPN,KHPN,41.066959,-73.707575,439,-5,A,"White Plains, NY",700,701,720,720,6.078571428571426,14.135520684736093,53.0,79.0,"Sun, May 15, 2011","Wed, May 25, 2011"
3560,Valley International,Harlingen,United States,HRL,KHRL,26.2285,-97.654389,36,-6,A,"Harlingen/San Benito, TX",406,406,422,422,2.8546798029556637,8.413793103448269,10.0,47.0,"Tue, May 17, 2011","Wed, May  4, 2011"
4113,Huntsville International Airport-Carl T. Jones Field,Huntsville,United States,HSV,KHSV,34.6371944,-86.7750556,629,-6,A,"Huntsville, AL",882,876,924,921,4.848072562358277,13.344748858447485,28.0,108.0,"Sun, May 22, 2011","Fri, May 13, 2011"
3714,Washington Dulles International,Washington,United States,IAD,KIAD,38.944533,-77.455811,313,-5,A,"Washington, DC",6881,6881,7034,7034,7.92704548757446,20.408370876326057,70.0,147.0,"Sat, May 28, 2011","Sun, May 15, 2011"
3550,George Bush Intercontinental Houston,Houston,United States,IAH,KIAH,29.984433,-95.341442,97,-6,A,"Houston, TX",14453,14463,14647,14639,7.435065384349268,17.108138007328936,61.0,99.0,"Thu, May 12, 2011","Fri, May 20, 2011"
3457,Wichita Mid Continent,Wichita,United States,ICT,KICT,37.649944,-97.433056,1333,-6,A,"Wichita, KS",881,880,919,918,4.734392735527813,11.448863636363638,24.0,67.0,"Sun, May  1, 2011","Wed, May 25, 2011"
4100,Idaho Falls Regional,Idaho Falls,United States,IDA,KIDA,43.514556,-112.07075,4744,-7,A,"Idaho Falls, ID",224,224,230,230,3.9330357142857144,10.66071428571429,7.0,53.0,"Fri, May 27, 2011","Sun, May 29, 2011"
3845,Wilmington International,Wilmington,United States,ILM,KILM,34.270615,-77.902569,32,-5,A,"Wilmington, NC",293,292,297,296,3.0477815699658684,12.91095890410959,11.0,43.0,"Sun, May 22, 2011","Sat, May  7, 2011"
3585,Indianapolis International,Indianapolis,United States,IND,KIND,39.717331,-86.294383,797,-5,A,"Indianapolis, IN",2649,2648,2694,2700,5.593431483578707,12.369335347432045,61.0,139.0,"Sat, May 21, 2011","Wed, May  4, 2011"
3689,Imperial County,Imperial,United States,IPL,KIPL,32.834219,-115.578744,-54,-8,A,"El Centro, CA",56,60,56,60,3.4642857142857144,12.616666666666667,8.0,25.0,"Tue, May 10, 2011","Thu, May 26, 2011"
3857,Long Island MacArthur,Islip,United States,ISP,KISP,40.79525,-73.100222,99,-5,A,"Islip, NY",642,642,649,649,4.191588785046719,8.423676012461032,16.0,22.0,"Sat, May 14, 2011","Sun, May  1, 2011"
3415,Hilo International,Hilo,United States,ITO,PHTO,19.721375,-155.048469,38,-10,N,"Hilo, HI",582,582,583,583,5.173539518900347,8.474226804123715,21.0,23.0,"Fri, May 20, 2011","Mon, May  2, 2011"
7120,Inyokern Airport,Inyokern,United States,IYK,KIYK,35.658889,-117.829444,2455,-8,A,"Inyokern, CA",80,80,82,82,4.1625000000000005,11.087500000000002,10.0,26.0,"Mon, May 23, 2011","Wed, May  4, 2011"
4027,Jackson Hole Airport,Jacksn Hole,United States,JAC,KJAC,43.60733333,-110.73775,6451,-7,A,"Jackson, WY",190,190,192,192,3.8157894736842106,13.389473684210524,10.0,46.0,"Fri, May 13, 2011","Tue, May 10, 2011"
3580,Jackson Evers International,Jackson,United States,JAN,KJAN,32.311167,-90.075889,346,-6,A,"Jackson/Vicksburg, MS",844,844,867,867,5.009478672985779,10.905213270142175,69.0,67.0,"Mon, May  9, 2011","Thu, May 26, 2011"
3712,Jacksonville International,Jacksonville,United States,JAX,KJAX,30.494056,-81.687861,30,-5,A,"Jacksonville, FL",2437,2433,2463,2460,5.101354123922847,13.200986436498141,133.0,120.0,"Fri, May 27, 2011","Sun, May 29, 2011"
3797,John F. Kennedy International,New York,United States,JFK,KJFK,40.639751,-73.778925,13,-5,A,"New York, NY",7976,7972,8087,8078,9.869358074222657,30.317109884596086,84.0,167.0,"Wed, May 18, 2011","Thu, May 26, 2011"
3492,Juneau International,Juneau,United States,JNU,PAJN,58.354972,-134.576278,21,-9,A,"Juneau, AK",352,351,353,352,3.6505681818181817,11.69515669515669,10.0,33.0,"Thu, May 12, 2011","Wed, May  4, 2011"
3514,Kona International At Keahole,Kona,United States,KOA,PHKO,19.738767,-156.045631,47,-10,N,"Kona, HI",1017,1017,1027,1027,4.645034414945916,9.566371681415934,17.0,27.0,"Mon, May  2, 2011","Sat, May 28, 2011"
3808,Ketchikan International,Ketchikan,United States,KTN,PAKT,55.355556,-131.71375,88,-9,A,"Ketchikan, AK",203,202,203,203,3.8669950738916254,10.603960396039605,11.0,30.0,"Tue, May  3, 2011","Tue, May 17, 2011"
3544,Capital City,Lansing,United States,LAN,KLAN,42.7787,-84.587357,861,-5,A,"Lansing, MI",69,69,80,81,4.115942028985507,11.44927536231884,12.0,63.0,"Sun, May  8, 2011","Sat, May 28, 2011"
3877,McCarran International,Las Vegas,United States,LAS,KLAS,36.080056,-115.15225,2141,-8,A,"Las Vegas, NV",12755,12778,12858,12885,6.259427675421413,14.984504617311021,50.0,100.0,"Fri, May 20, 2011","Fri, May  6, 2011"
3484,Los Angeles International,Los Angeles,United States,LAX,KLAX,33.942536,-118.408075,126,-8,A,"Los Angeles, CA",17865,17874,18085,18080,9.10327455919397,15.177856103837984,70.0,123.0,"Sat, May 21, 2011","Tue, May 17, 2011"
3829,Lubbock Preston Smith International,Lubbock,United States,LBB,KLBB,33.663639,-101.822778,3282,-6,A,"Lubbock, TX",663,663,699,700,4.137254901960788,9.39366515837104,25.0,66.0,"Fri, May 13, 2011","Sun, May  1, 2011"
3513,Lake Charles Regional,Lake Charles,United States,LCH,KLCH,30.126112,-93.223335,15,-6,A,"Lake Charles, LA",91,90,100,99,4.318681318681318,9.466666666666665,11.0,33.0,"Sun, May  8, 2011","Mon, May  2, 2011"
4017,Blue Grass,Lexington KY,United States,LEX,KLEX,38.0365,-84.605889,979,-5,A,"Lexington, KY",651,652,679,681,4.371735791090638,14.164110429447858,41.0,86.0,"Tue, May 24, 2011","Sat, May 14, 2011"
3493,Lafayette Regional,Lafayette,United States,LFT,KLFT,30.205278,-91.987611,43,-6,A,"Lafayette, LA",452,447,468,466,4.811946902654868,12.800894854586126,30.0,54.0,"Fri, May 27, 2011","Fri, May 20, 2011"
3697,LaGuardia Airport,New York,United States,LGA,KLGA,40.777245,-73.872608,22,-5,A,"New York, NY",8085,8091,8400,8396,7.947433518862089,27.16561611667284,89.0,156.0,"Fri, May 27, 2011","Wed, May 11, 2011"
3582,Long Beach,Long Beach,United States,LGB,KLGB,33.817722,-118.151611,60,-8,A,"Long Beach, CA",1210,1206,1214,1212,4.723140495867766,13.39137645107795,44.0,59.0,"Mon, May  9, 2011","Wed, May 25, 2011"
3602,Lihue,Lihue,United States,LIH,PHLI,21.975983,-159.338958,153,-10,N,"Lihue, HI",937,934,939,938,5.352187833511202,8.33832976445397,12.0,35.0,"Sat, May  7, 2011","Sat, May 21, 2011"
3660,Adams Field,Little Rock,United States,LIT,KLIT,34.729444,-92.224306,262,-6,A,"Little Rock, AR",1430,1431,1489,1490,4.726573426573429,11.225017470300509,46.0,129.0,"Sun, May 29, 2011","Sun, May 29, 2011"
5750,Klamath Falls Airport,Klamath Falls,United States,LMT,KLMT,42.1561,-121.733,4095,-8,A,"Klamath Falls, OR",93,91,93,93,2.881720430107527,10.153846153846152,6.0,28.0,"Sat, May 21, 2011","Sat, May 28, 2011"
3543,Lincoln,Lincoln,United States,LNK,KLNK,40.850971,-96.75925,1219,-6,A,"Lincoln, NE",202,202,210,210,4.02970297029703,9.287128712871288,30.0,59.0,"Tue, May 17, 2011","Tue, May 31, 2011"
3691,Laredo International,Laredo,United States,LRD,KLRD,27.54375,-99.461556,508,-6,A,"Laredo, TX",204,204,219,220,3.3186274509803924,10.053921568627452,10.0,36.0,"Mon, May  2, 2011","Wed, May  4, 2011"
4044,LaCrosse Municipal,LaCrosse,United States,LSE,KLSE,43.878986,-91.256711,654,-6,A,"La Crosse, WI",58,59,61,61,3.9999999999999996,11.64406779661017,8.0,67.0,"Fri, May 13, 2011","Mon, May  9, 2011"
6958,Greenbrier Valley Airport,Lewisburg,United States,LWB,KLWB,37.858333,-80.399444,2302,-5,U,"Lewisburg, WV",31,31,31,31,3.2258064516129035,11.612903225806452,10.0,28.0,"Sat, May 21, 2011","Wed, May 18, 2011"
3945,Lewiston Nez Perce County,Lewiston,United States,LWS,KLWS,46.3745,-117.015389,1442,-8,A,"Lewiston, ID",57,57,57,57,4.684210526315791,9.26315789473684,17.0,29.0,"Sun, May 29, 2011","Sun, May  8, 2011"
3652,Midland International,Midland,United States,MAF,KMAF,31.942528,-102.201914,2871,-6,A,"Midland/Odessa, TX",598,596,617,617,3.53846153846154,9.41107382550335,17.0,30.0,"Sat, May 21, 2011","Wed, May 11, 2011"
4128,MBS International,Saginaw,United States,MBS,KMBS,43.532913,-84.079647,668,-5,A,"Saginaw/Bay City/Midland, MI",82,81,90,89,4.609756097560973,13.185185185185185,8.0,35.0,"Thu, May 19, 2011","Mon, May 16, 2011"
3458,Kansas City International,Kansas City,United States,MCI,KMCI,39.297606,-94.713905,1026,-6,A,"Kansas City, MO",4246,4243,4318,4318,4.959491285916168,10.757247230732967,37.0,88.0,"Sat, May 14, 2011","Thu, May 12, 2011"
3878,Orlando International,Orlando,United States,MCO,KMCO,28.429394,-81.308994,96,-5,A,"Orlando, FL",10536,10541,10586,10590,7.397209567198175,13.213547101792988,95.0,148.0,"Fri, May 13, 2011","Sat, May 14, 2011"
3542,Harrisburg International,Harrisburg,United States,MDT,KMDT,40.193494,-76.763403,310,-5,A,"Harrisburg, PA",500,500,520,521,4.380000000000002,12.822,18.0,71.0,"Sun, May  1, 2011","Wed, May 18, 2011"
3747,Chicago Midway International,Chicago,United States,MDW,KMDW,41.785972,-87.752417,620,-6,A,"Chicago, IL",7592,7589,7626,7625,4.968124341412004,12.038476742653842,83.0,134.0,"Wed, May 25, 2011","Thu, May 26, 2011"
4335,Key Field,Meridian,United States,MEI,KMEI,32.332624,-88.751868,297,-6,A,"Meridian, MS",57,57,58,58,4.1228070175438605,12.245614035087717,9.0,38.0,"Sat, May  7, 2011","Mon, May  9, 2011"
3473,Memphis International,Memphis,United States,MEM,KMEM,35.042417,-89.976667,341,-6,A,"Memphis, TN",4378,4377,4467,4465,6.148469620831421,16.106008681745557,54.0,99.0,"Mon, May 16, 2011","Tue, May  3, 2011"
3826,McAllen Miller International,Mcallen,United States,MFE,KMFE,26.175833,-98.238611,107,-6,A,"Mission/McAllen/Edinburg, TX",242,243,261,262,4.0661157024793395,10.448559670781899,15.0,47.0,"Thu, May 19, 2011","Fri, May 20, 2011"
4101,Rogue Valley International Medford,Medford,United States,MFR,KMFR,42.374228,-122.8735,1335,-8,A,"Medford, OR",263,260,267,267,3.5703422053231946,11.038461538461538,7.0,33.0,"Tue, May 10, 2011","Sat, May 28, 2011"
4115,Montgomery Regional Airport ,MONTGOMERY,United States,MGM,KMGM,32.3006389,-86.3939722,221,-6,A,"Montgomery, AL",370,371,380,381,3.445945945945946,13.328840970350404,15.0,104.0,"Sat, May 21, 2011","Fri, May 20, 2011"
4050,Manhattan Regional,Manhattan,United States,MHK,KMHK,39.140972,-96.670833,1057,-6,A,"Manhattan/Ft. Riley, KS",112,112,124,124,3.294642857142857,10.714285714285714,11.0,57.0,"Tue, May  3, 2011","Sat, May 14, 2011"
4011,Manchester Regional Airport,Manchester NH,United States,MHT,KMHT,42.932556,-71.435667,266,-5,A,"Manchester, NH",970,968,980,981,4.427835051546386,11.492768595041317,18.0,99.0,"Sun, May 15, 2011","Thu, May 26, 2011"
3576,Miami International,Miami,United States,MIA,KMIA,25.79325,-80.290556,8,-5,A,"Miami, FL",6326,6334,6405,6405,7.1120771419538364,16.35001578781174,55.0,125.0,"Fri, May 20, 2011","Sun, May 29, 2011"
3717,General Mitchell International,Milwaukee,United States,MKE,KMKE,42.947222,-87.896583,723,-6,A,"Milwaukee, WI",3726,3729,3761,3760,5.075147611379492,12.840439796192014,41.0,95.0,"Sat, May 14, 2011","Wed, May 11, 2011"
5754,Muskegon County Airport,Muskegon,United States,MKG,KMKG,43.1695,-86.2382,628,-5,A,"Muskegon, MI",61,62,66,67,3.721311475409836,9.129032258064516,6.0,24.0,"Tue, May  3, 2011","Tue, May 31, 2011"
3671,Melbourne International,Melbourne,United States,MLB,KMLB,28.102753,-80.645258,33,-5,A,"Melbourne, FL",118,118,119,119,4.754237288135594,15.101694915254237,8.0,29.0,"Mon, May  9, 2011","Wed, May  4, 2011"
4072,Quad City International,Moline,United States,MLI,KMLI,41.448528,-90.507539,590,-6,A,"Moline, IL",452,444,470,469,6.25442477876106,11.876126126126131,18.0,64.0,"Mon, May  2, 2011","Wed, May 11, 2011"
3732,Monroe Regional,Monroe,United States,MLU,KMLU,32.510864,-92.037689,79,-6,A,"Monroe, LA",148,147,150,150,3.5,10.292517006802724,8.0,55.0,"Sat, May 14, 2011","Thu, May 26, 2011"
3782,Mobile Regional,Mobile,United States,MOB,KMOB,30.691231,-88.242814,219,-6,A,"Mobile, AL",533,534,548,549,3.752345215759852,11.265917602996252,23.0,54.0,"Sun, May 15, 2011","Thu, May 26, 2011"
3816,Modesto City County Harry Sham,Modesto,United States,MOD,KMOD,37.625817,-120.954422,97,-8,A,"Modesto, CA",110,109,117,117,2.6727272727272715,10.1651376146789,5.0,30.0,"Mon, May 23, 2011","Fri, May 27, 2011"
3498,Minot International,Minot,United States,MOT,KMOT,48.259378,-101.280333,1716,-6,A,"Minot, ND",164,161,174,174,4.8475609756097535,11.229813664596275,15.0,34.0,"Fri, May 13, 2011","Mon, May  9, 2011"
6838,Sawyer International Airport,Marquette,United States,MQT,KMQT,46.353611,-87.395278,1221,-5,A,"Marquette, MI",79,79,85,84,4.759493670886073,10.569620253164555,23.0,57.0,"Mon, May 23, 2011","Fri, May 13, 2011"
3948,Monterey Peninsula,Monterey,United States,MRY,KMRY,36.587,-121.842944,257,-8,A,"Monterey, CA",455,455,468,468,3.496703296703297,11.857142857142858,20.0,53.0,"Sat, May 21, 2011","Fri, May 13, 2011"
3459,Dane County Regional-Truax Field,Madison,United States,MSN,KMSN,43.139858,-89.337514,887,-6,A,"Madison, WI",688,684,725,724,3.9607558139534875,12.185672514619878,17.0,111.0,"Sun, May 22, 2011","Sun, May 29, 2011"
4216,Missoula International,Missoula,United States,MSO,KMSO,46.916306,-114.090556,3205,-7,A,"Missoula, MT",267,266,269,269,4.509363295880148,10.466165413533835,9.0,31.0,"Sun, May  1, 2011","Mon, May 30, 2011"
3858,Minneapolis St. Paul International,Minneapolis,United States,MSP,KMSP,44.881956,-93.221767,841,-6,A,"Minneapolis, MN",8448,8468,8611,8615,6.704071969696969,16.53637222484655,109.0,123.0,"Sat, May 21, 2011","Sun, May 29, 2011"
3861,Louis Armstrong New Orleans International,New Orleans,United States,MSY,KMSY,29.993389,-90.258028,4,-6,A,"New Orleans, LA",3424,3421,3457,3458,4.648072429906548,11.439345220695701,54.0,156.0,"Wed, May 11, 2011","Thu, May 19, 2011"
6880,Montrose Regional Airport,Montrose CO,United States,MTJ,KMTJ,38.509794,-107.894242,5759,-7,A,"Montrose/Delta, CO",86,86,91,92,3.883720930232558,12.104651162790695,8.0,62.0,"Sat, May 14, 2011","Wed, May 11, 2011"
4265,Martha's Vineyard,Vineyard Haven MA,United States,MVY,KMVY,41.391667,-70.615278,67,-5,A,"Martha's Vineyard, MA",6,6,6,6,3.5,9.666666666666666,5.0,17.0,"Sun, May 29, 2011","Sat, May 28, 2011"
3515,Myrtle Beach International,Myrtle Beach,United States,MYR,KMYR,33.67975,-78.928333,25,-5,A,"Myrtle Beach, SC",266,267,267,268,4.631578947368424,15.074906367041196,20.0,73.0,"Sat, May  7, 2011","Mon, May 16, 2011"
4386,Albert J. Ellis,Jacksonville NC,United States,OAJ,KOAJ,34.829164,-77.612139,94,-5,A,"Jacksonville/Camp Lejeune, NC",146,145,148,147,2.794520547945204,11.682758620689656,7.0,52.0,"Mon, May  9, 2011","Sat, May  7, 2011"
3453,Metropolitan Oakland International,Oakland,United States,OAK,KOAK,37.721278,-122.220722,9,-8,A,"Oakland, CA",3763,3763,3834,3834,5.630613871910719,9.146425724156282,32.0,34.0,"Fri, May 13, 2011","Wed, May 18, 2011"
3456,Kahului,Kahului,United States,OGG,PHOG,20.89865,-156.430458,54,-10,N,"Kahului, HI",1610,1609,1621,1622,5.433540372670812,8.569919204474823,16.0,42.0,"Tue, May 31, 2011","Sat, May 14, 2011"
3863,Will Rogers World,Oklahoma City,United States,OKC,KOKC,35.393089,-97.600733,1295,-6,A,"Oklahoma City, OK",1664,1688,1716,1742,4.516826923076923,10.837677725118473,42.0,100.0,"Fri, May 20, 2011","Thu, May 12, 2011"
3454,Eppley Airfield,Omaha,United States,OMA,KOMA,41.303167,-95.894069,984,-6,A,"Omaha, NE",1954,1955,2006,2010,3.9447287615148463,11.316112531969322,28.0,116.0,"Thu, May 26, 2011","Sun, May 29, 2011"
3615,Nome,Nome,United States,OME,PAOM,64.512203,-165.445247,37,-9,A,"Nome, AK",88,92,93,93,3.9545454545454546,5.51086956521739,8.0,15.0,"Tue, May  3, 2011","Sat, May 14, 2011"
3734,Ontario International,Ontario,United States,ONT,KONT,34.056,-117.601194,944,-8,A,"Ontario, CA",2042,2035,2063,2060,4.3555337904015685,9.768058968058961,32.0,88.0,"Sat, May 28, 2011","Wed, May 11, 2011"
3830,Chicago O'Hare International,Chicago,United States,ORD,KORD,41.978603,-87.904842,668,-6,A,"Chicago, IL",25586,25650,27227,27205,9.603689517704996,17.855438596491034,223.0,158.0,"Sun, May 29, 2011","Sun, May 22, 2011"
3611,Norfolk International,Norfolk,United States,ORF,KORF,36.894611,-76.201222,26,-5,A,"Norfolk, VA",1198,1199,1209,1213,4.491652754590979,12.157631359466214,34.0,137.0,"Mon, May  9, 2011","Mon, May 16, 2011"
5757,Southwest Oregon Regional Airport,North Bend,United States,OTH,KOTH,43.4171,-124.246,17,-8,A,"North Bend/Coos Bay, OR",92,92,93,93,2.695652173913044,7.815217391304348,6.0,21.0,"Fri, May 27, 2011","Fri, May  6, 2011"
3693,Ralph Wien Memorial,Kotzebue,United States,OTZ,PAOT,66.884678,-162.59855,11,-9,A,"Kotzebue, AK",87,86,93,93,3.8275862068965516,5.662790697674419,6.0,17.0,"Sun, May  8, 2011","Wed, May 11, 2011"
4117,Barkley Regional Airport,PADUCAH,United States,PAH,KPAH,37.0602875,-88.7729583,410,-6,A,"Paducah, KY",61,62,62,62,4.278688524590165,12.790322580645162,6.0,42.0,"Tue, May 24, 2011","Wed, May 18, 2011"
3722,Palm Beach International,West Palm Beach,United States,PBI,KPBI,26.683161,-80.095589,19,-5,A,"West Palm Beach/Palm Beach, FL",1959,1962,1972,1978,4.299642674834101,12.648318042813463,14.0,88.0,"Sun, May 15, 2011","Thu, May 19, 2011"
3720,Portland International,Portland,United States,PDX,KPDX,45.588722,-122.5975,30,-8,A,"Portland, OR",4480,4476,4496,4492,4.190625000000003,13.058981233243973,32.0,82.0,"Mon, May 16, 2011","Tue, May 24, 2011"
3633,Newport News Williamsburg International,Newport News,United States,PHF,KPHF,37.131894,-76.492989,43,-5,A,"Newport News/Williamsburg, VA",406,406,407,407,5.519704433497537,12.499999999999995,56.0,59.0,"Wed, May 25, 2011","Tue, May 17, 2011"
3752,Philadelphia International,Philadelphia,United States,PHL,KPHL,39.871944,-75.241139,36,-5,A,"Philadelphia, PA",7188,7201,7304,7307,7.102531997774068,23.717122621858074,98.0,160.0,"Thu, May 19, 2011","Thu, May 26, 2011"
3462,Phoenix Sky Harbor International,Phoenix,United States,PHX,KPHX,33.434278,-112.011583,1135,-7,N,"Phoenix, AZ",16131,16202,16308,16344,7.2373690409769935,13.250648068139753,101.0,124.0,"Mon, May 23, 2011","Sun, May 22, 2011"
4046,Peoria Regional,Peoria,United States,PIA,KPIA,40.664203,-89.693258,660,-6,A,"Peoria, IL",217,216,241,241,3.774193548387097,12.26388888888889,15.0,92.0,"Tue, May 31, 2011","Sun, May 29, 2011"
3617,St. Petersburg Clearwater International,St. Petersburg,United States,PIE,KPIE,27.910167,-82.687389,10,-5,A,"St. Petersburg, FL",2,2,2,2,5.0,11.5,6.0,14.0,"Sun, May  8, 2011","Sun, May  8, 2011"
5760,Pocatello Regional Airport,Pocatello,United States,PIH,KPIH,42.9098,-112.596,4452,-7,A,"Pocatello, ID",119,120,120,120,3.1596638655462184,8.825,8.0,28.0,"Tue, May 31, 2011","Tue, May 31, 2011"
3570,Pittsburgh International,Pittsburgh (pennsylva),United States,PIT,KPIT,40.491467,-80.232872,1204,-5,A,"Pittsburgh, PA",2956,2958,2999,2999,5.738836265223267,13.70588235294118,155.0,144.0,"Thu, May 12, 2011","Wed, May 25, 2011"
3564,Pensacola Regional,Pensacola,United States,PNS,KPNS,30.473425,-87.186611,121,-6,A,"Pensacola, FL",925,925,942,943,4.358918918918912,12.182702702702704,34.0,62.0,"Sun, May  1, 2011","Thu, May 12, 2011"
6133,Tri Cities Airport,Pasco,United States,PSC,PSC,46.2647,-119.119,410,-8,A,"Pasco/Kennewick/Richland, WA",318,318,324,323,4.499999999999999,10.638364779874214,7.0,65.0,"Wed, May 11, 2011","Tue, May 17, 2011"
4147,Petersburg James A. Johnson,Petersburg,United States,PSG,PAPG,56.801667,-132.945278,105,-9,A,"Petersburg, AK",61,61,62,62,3.5245901639344264,8.999999999999996,6.0,17.0,"Thu, May 12, 2011","Wed, May 18, 2011"
3839,Palm Springs International,Palm Springs,United States,PSP,KPSP,33.829667,-116.506694,477,-8,A,"Palm Springs, CA",904,901,919,918,4.8871681415929205,11.788013318534965,83.0,48.0,"Tue, May 17, 2011","Fri, May 20, 2011"
3641,Theodore Francis Green State,Providence,United States,PVD,KPVD,41.732581,-71.420383,55,-5,A,"Providence, RI",1618,1616,1634,1629,4.351050679851673,12.922029702970292,28.0,131.0,"Sat, May 21, 2011","Wed, May 18, 2011"
3862,Portland International Jetport,Portland,United States,PWM,KPWM,43.646161,-70.309281,77,-5,A,"Portland, ME",465,465,475,476,3.739784946236559,12.189247311827957,28.0,44.0,"Sat, May  7, 2011","Sun, May 22, 2011"
4087,Rapid City Regional Airport,Rapid City,United States,RAP,KRAP,44.045278,-103.057222,3204,-7,A,"Rapid City, SD",482,482,507,506,4.661825726141075,11.134854771784228,30.0,44.0,"Mon, May  9, 2011","Mon, May 16, 2011"
4098,Redding Municipal,Redding,United States,RDD,KRDD,40.509,-122.293389,504,-8,A,"Redding, CA",143,142,146,147,3.6853146853146854,10.943661971830986,8.0,31.0,"Thu, May  5, 2011","Sat, May 21, 2011"
4103,Roberts Field,Redmond-Bend,United States,RDM,KRDM,44.254066,-121.149964,3077,-8,A,"Bend/Redmond, OR",268,266,269,267,3.451492537313433,10.052631578947372,9.0,27.0,"Thu, May 19, 2011","Sun, May  1, 2011"
3626,Raleigh Durham International,Raleigh-durham,United States,RDU,KRDU,35.877639,-78.787472,435,-5,A,"Raleigh/Durham, NC",3582,3573,3642,3644,4.68313791178113,14.322138259165962,77.0,110.0,"Fri, May 13, 2011","Sun, May 15, 2011"
3608,Richmond International,Richmond,United States,RIC,KRIC,37.505167,-77.319667,167,-5,A,"Richmond, VA",1305,1307,1333,1335,5.416091954022988,14.19969395562356,114.0,115.0,"Thu, May 19, 2011","Sun, May 29, 2011"
5766,Rock Springs Sweetwater County Airport,Rock Springs,United States,RKS,KRKS,41.5942,-109.065,6760,-7,A,"Rock Springs, WY",149,150,154,154,3.328859060402684,12.066666666666666,6.0,59.0,"Fri, May 13, 2011","Mon, May 30, 2011"
3807,Reno Tahoe International,Reno,United States,RNO,KRNO,39.499108,-119.768108,4415,-8,A,"Reno, NV",1838,1840,1862,1862,4.311207834602829,10.425000000000004,25.0,46.0,"Tue, May 17, 2011","Tue, May 31, 2011"
4016,Roanoke Regional,Roanoke VA,United States,ROA,KROA,37.325472,-79.975417,1175,-5,A,"Roanoke, VA",262,263,275,275,4.5114503816793885,14.201520912547528,11.0,91.0,"Tue, May 31, 2011","Thu, May 12, 2011"
3622,Greater Rochester International,Rochester,United States,ROC,KROC,43.118866,-77.672389,559,-5,A,"Rochester, NY",973,972,1000,1001,5.069886947584782,13.76440329218107,24.0,150.0,"Sun, May 29, 2011","Sun, May 29, 2011"
3736,Roswell International Air Center,Roswell,United States,ROW,KROW,33.301556,-104.530556,3671,-7,A,"Roswell, NM",110,110,119,119,4.354545454545455,9.054545454545451,16.0,27.0,"Sat, May 28, 2011","Mon, May 23, 2011"
4048,Rochester,Rochester,United States,RST,KRST,43.908283,-92.500014,1317,-6,A,"Rochester, MN",77,77,83,83,3.116883116883117,11.883116883116884,12.0,61.0,"Wed, May 11, 2011","Sat, May 14, 2011"
3793,Southwest Florida International,Fort Myers,United States,RSW,KRSW,26.536167,-81.755167,30,-5,A,"Fort Myers, FL",2059,2065,2068,2080,4.626032054395331,12.13946731234866,42.0,87.0,"Tue, May  3, 2011","Wed, May  4, 2011"
3784,Santa Fe Municipal,Santa Fe,United States,SAF,KSAF,35.617108,-106.089422,6348,-7,A,"Santa Fe, NM",118,118,124,124,4.788135593220341,9.999999999999996,17.0,26.0,"Wed, May 25, 2011","Mon, May  2, 2011"
3731,San Diego International,San Diego,United States,SAN,KSAN,32.733556,-117.189667,17,-8,A,"San Diego, CA",6447,6463,6518,6538,3.5100046533271274,12.634844499458449,35.0,89.0,"Mon, May 23, 2011","Sun, May 29, 2011"
3621,San Antonio International,San Antonio,United States,SAT,KSAT,29.533694,-98.469778,809,-6,A,"San Antonio, TX",3309,3310,3365,3366,4.195527349652443,12.394864048338366,77.0,101.0,"Fri, May 20, 2011","Wed, May 11, 2011"
3613,Savannah Hilton Head International,Savannah,United States,SAV,KSAV,32.127583,-81.202139,51,-5,A,"Savannah, GA",909,910,935,936,5.467546754675458,15.214285714285714,36.0,98.0,"Mon, May 16, 2011","Mon, May 16, 2011"
3949,Santa Barbara Municipal,Santa Barbara,United States,SBA,KSBA,34.426211,-119.840372,10,-8,A,"Santa Barbara, CA",835,832,849,849,3.923353293413173,9.967548076923094,14.0,40.0,"Fri, May 27, 2011","Fri, May 20, 2011"
4359,South Bend Regional,South Bend,United States,SBN,KSBN,41.708661,-86.31725,799,-5,A,"South Bend, IN",185,186,204,205,3.5729729729729742,9.27419354838709,27.0,53.0,"Tue, May 24, 2011","Sat, May 28, 2011"
5768,San Luis County Regional Airport,San Luis Obispo,United States,SBP,KSBP,35.2368,-120.642,212,-8,A,"San Luis Obispo, CA",402,403,410,410,3.2064676616915433,9.794044665012411,10.0,37.0,"Fri, May 27, 2011","Sat, May  7, 2011"
3620,Deadhorse,Deadhorse,United States,SCC,PASC,70.19475,-148.465167,64,-9,A,"Deadhorse, AK",55,55,57,57,3.8909090909090915,5.781818181818182,7.0,21.0,"Tue, May  3, 2011","Mon, May 16, 2011"
4014,Louisville International Airport,Louisville,United States,SDF,KSDF,38.1740858,-85.7364989,501,-5,A,"Louisville, KY",1335,1336,1358,1356,5.829213483146067,12.312125748503002,44.0,93.0,"Fri, May 13, 2011","Sun, May 15, 2011"
3577,Seattle Tacoma International,Seattle,United States,SEA,KSEA,47.449,-122.309306,433,-8,A,"Seattle, WA",8502,8492,8537,8537,5.841331451423185,14.542746113989637,46.0,97.0,"Tue, May 17, 2011","Sun, May 22, 2011"
3469,San Francisco International,San Francisco,United States,SFO,KSFO,37.618972,-122.374889,13,-8,A,"San Francisco, CA",11685,11705,11873,11879,6.4173727000427725,17.29542930371647,76.0,94.0,"Thu, May 26, 2011","Wed, May 11, 2011"
4348,Springfield Branson National,Springfield,United States,SGF,KSGF,37.245667,-93.388639,1268,-6,A,"Springfield, MO",630,629,668,667,4.271428571428571,12.79014308426073,25.0,79.0,"Mon, May  2, 2011","Sun, May 15, 2011"
4064,St. George Municipal,Saint George,United States,SGU,KSGU,37.090583,-113.593056,2941,-7,A,"St. George, UT",164,163,164,164,3.4939024390243905,11.239263803680982,8.0,30.0,"Tue, May 17, 2011","Sun, May  8, 2011"
3609,Shreveport Regional,Shreveport,United States,SHV,KSHV,32.446629,-93.8256,258,-6,A,"Shreveport, LA",296,296,300,300,4.243243243243243,9.381756756756758,13.0,22.0,"Sun, May  1, 2011","Fri, May 20, 2011"
3856,Sitka Rocky Gutierrez,Sitka,United States,SIT,PASI,57.047138,-135.361611,21,-9,A,"Sitka, AK",95,94,95,94,4.189473684210526,10.968085106382983,18.0,25.0,"Thu, May  5, 2011","Fri, May 27, 2011"
3748,Norman Y. Mineta San Jose International,San Jose,United States,SJC,KSJC,37.3626,-121.929022,62,-8,A,"San Jose, CA",3437,3440,3495,3497,3.671515856851905,10.466860465116277,28.0,51.0,"Sat, May 14, 2011","Thu, May 26, 2011"
3536,Salt Lake City International,Salt Lake City,United States,SLC,KSLC,40.788389,-111.977772,4227,-7,A,"Salt Lake City, UT",9960,9990,10045,10051,5.869076305220876,16.888388388388442,39.0,113.0,"Fri, May 13, 2011","Thu, May 26, 2011"
3817,Sacramento International,Sacramento,United States,SMF,KSMF,38.695417,-121.590778,27,-8,A,"Sacramento, CA",3864,3859,3893,3891,4.305124223602498,10.253174397512312,47.0,122.0,"Thu, May 12, 2011","Sun, May 22, 2011"
5772,Santa Maria Public-Captain G. Allan Hancock Airport,Santa Maria,United States,SMX,KSMX,34.8989,-120.457,261,-8,A,"Santa Maria, CA",117,116,118,118,3.6153846153846154,10.336206896551728,7.0,25.0,"Fri, May 20, 2011","Fri, May 20, 2011"
3867,John Wayne Airport Orange County,Santa Ana,United States,SNA,KSNA,33.675667,-117.868222,56,-8,A,"Santa Ana, CA",3430,3423,3492,3492,6.026530612244906,12.200408997955021,55.0,113.0,"Thu, May 26, 2011","Sun, May 22, 2011"
4336,Abraham Lincoln Capital,Springfield,United States,SPI,KSPI,39.8441,-89.677889,597,-6,A,"Springfield, IL",136,135,151,150,3.852941176470589,9.918518518518516,7.0,39.0,"Mon, May  9, 2011","Mon, May  9, 2011"
4067,Sarasota Bradenton International,Sarasota,United States,SRQ,KSRQ,27.395444,-82.554389,30,-5,A,"Sarasota/Bradenton, FL",389,388,390,391,4.583547557840616,11.311855670103094,13.0,32.0,"Mon, May  2, 2011","Wed, May  4, 2011"
3678,Lambert St. Louis International,St. Louis,United States,STL,KSTL,38.748697,-90.370028,618,-6,A,"St. Louis, MO",4975,4966,5049,5049,5.517185929648248,10.971808296415634,96.0,99.0,"Wed, May 25, 2011","Thu, May 26, 2011"
6494,Friedman Memorial,Hailey,United States,SUN,KSUN,43.504444,-114.296194,5320,-7,A,"Sun Valley/Hailey/Ketchum, ID",141,141,151,151,3.035460992907802,8.375886524822697,5.0,26.0,"Sat, May 14, 2011","Fri, May 27, 2011"
3661,Stewart International,Newburgh,United States,SWF,KSWF,41.504094,-74.104839,491,-5,A,"Newburgh/Poughkeepsie, NY",118,117,119,119,5.1864406779661,13.264957264957266,15.0,46.0,"Thu, May 19, 2011","Fri, May  6, 2011"
3745,Syracuse Hancock International,Syracuse,United States,SYR,KSYR,43.111187,-76.106311,421,-5,A,"Syracuse, NY",643,641,673,673,4.125972006220837,13.795631825273011,21.0,118.0,"Sun, May 15, 2011","Thu, May  5, 2011"
3698,Tallahassee Regional,Tallahassee,United States,TLH,KTLH,30.396528,-84.350333,81,-5,A,"Tallahassee, FL",401,401,414,414,3.5960099750623438,12.860349127182046,26.0,55.0,"Tue, May 10, 2011","Sat, May 28, 2011"
4040,Toledo,Toledo,United States,TOL,KTOL,41.586806,-83.807833,684,-5,A,"Toledo, OH",21,21,26,26,2.9523809523809526,11.285714285714286,5.0,29.0,"Mon, May 30, 2011","Wed, May 11, 2011"
3646,Tampa International,Tampa,United States,TPA,KTPA,27.975472,-82.53325,26,-5,A,"Tampa, FL",5700,5702,5737,5742,4.441578947368418,12.027534198526828,38.0,101.0,"Fri, May 27, 2011","Sat, May 14, 2011"
4116,Tri-Cities Regional Airport,BRISTOL,United States,TRI,KTRI,36.4752222,-82.4074167,1519,-5,A,"Bristol/Johnson City/Kingsport, TN",250,250,254,255,4.04,12.2,16.0,94.0,"Sat, May 21, 2011","Sun, May 29, 2011"
3855,Tulsa International,Tulsa,United States,TUL,KTUL,36.198389,-95.888111,677,-6,A,"Tulsa, OK",1475,1479,1538,1541,4.3572881355932145,11.530087897227867,50.0,88.0,"Thu, May 19, 2011","Mon, May 30, 2011"
3636,Tucson International,Tucson,United States,TUS,KTUS,32.116083,-110.941028,2643,-7,N,"Tucson, AZ",1944,1945,1976,1975,4.052983539094664,11.207712082262224,32.0,127.0,"Thu, May 12, 2011","Thu, May 12, 2011"
4023,Cherry Capital Airport,Traverse City,United States,TVC,KTVC,44.741445,-85.582235,624,-5,A,"Traverse City, MI",163,163,176,177,3.4049079754601226,10.644171779141113,29.0,74.0,"Sun, May 29, 2011","Sat, May 28, 2011"
4263,Magic Valley Regional Airport,Twin Falls,United States,TWF,KTWF,42.481803,-114.487733,4151,-7,A,"Twin Falls, ID",124,123,124,124,3.2096774193548385,7.520325203252033,6.0,22.0,"Thu, May 12, 2011","Mon, May  9, 2011"
3770,Texarkana Regional-Webb Field,Texarkana,United States,TXK,KTXK,33.453722,-93.991028,390,-6,A,"Texarkana, AR",54,55,60,60,3.6666666666666665,8.727272727272725,8.0,16.0,"Thu, May 12, 2011","Mon, May  2, 2011"
3848,Tyler Pounds Regional,Tyler,United States,TYR,KTYR,32.354139,-95.402386,544,-6,A,"Tyler, TX",87,87,93,93,3.735632183908046,9.183908045977011,8.0,21.0,"Sat, May 21, 2011","Fri, May  6, 2011"
3676,McGhee Tyson,Knoxville,United States,TYS,KTYS,35.810972,-83.994028,981,-5,A,"Knoxville, TN",921,917,962,959,3.7861020629750293,12.560523446019634,34.0,68.0,"Thu, May 26, 2011","Sat, May 28, 2011"
7827,Tunica Municipal Airport,Tunica,United States,UTM,KUTA,34.681,-90.3467,194,-6,A,"Tunica, MS",2,2,2,2,4.5,7.5,5.0,8.0,"Sun, May  1, 2011","Sun, May  1, 2011"
5776,Valdosta Regional Airport,Valdosta,United States,VLD,KVLD,30.7825,-83.2767,203,-5,A,"Valdosta, GA",89,89,89,89,4.292134831460673,9.438202247191011,9.0,25.0,"Tue, May 10, 2011","Thu, May 26, 2011"
3873,Eglin AFB,Valparaiso,United States,VPS,KVPS,30.48325,-86.5254,87,-6,A,"Valparaiso, FL",614,612,626,626,8.25081433224756,17.92320261437912,36.0,104.0,"Sun, May  1, 2011","Tue, May 10, 2011"
5969,Wrangell Airport,Wrangell,United States,WRG,PAWG,56.4843,-132.37,44,-9,A,"Wrangell, AK",62,62,62,62,3.741935483870967,9.209677419354838,6.0,23.0,"Sun, May  1, 2011","Fri, May 27, 2011"
4356,NW Arkansas Regional,Bentonville,United States,XNA,KXNA,36.2818694,-94.3068111,1287,-6,A,"Fayetteville, AR",978,975,1042,1038,4.658486707566466,13.812307692307693,49.0,158.0,"Fri, May 20, 2011","Sun, May 29, 2011"
6803,Yakutat,Yakutat,United States,YAK,PAYA,59.3012,-139.3937,33,-9,A,"Yakutat, AK",62,62,62,62,3.564516129032258,7.806451612903226,6.0,23.0,"Tue, May  3, 2011","Thu, May 19, 2011"
3596,Yuma MCAS Yuma International,Yuma,United States,YUM,KYUM,32.656578,-114.60598,216,-7,N,"Yuma, AZ",321,318,327,326,4.626168224299064,11.87421383647798,22.0,33.0,"Sat, May 21, 2011","Tue, May  3, 2011"
2883,Cyril E. King,St. Thomas,Virgin Islands,STT,TIST,18.337306,-64.973361,23,-4,U,"Charlotte Amalie, VI",187,186,187,187,4.540106951871655,12.876344086021508,14.0,55.0,"Mon, May 16, 2011","Mon, May 16, 2011"
2884,Henry E. Rohlsen,St. Croix Island,Virgin Islands,STX,TISX,17.701889,-64.798556,74,-4,U,"Christiansted, VI",35,35,35,35,3.5714285714285716,12.857142857142858,8.0,32.0,"Sat, May 14, 2011","Thu, May  5, 2011"
2246,Guam International,Agana,Guam,GUM,PGUM,13.48345,144.795983,298,10,U,"Guam, TT",31,32,31,32,4.516129032258067,11.21875,6.0,20.0,"Fri, May 13, 2011","Sat, May  7, 2011"
2885,Rafael Hernndez,Aguadilla,Puerto Rico,BQN,TJBQ,18.494861,-67.129444,237,-4,U,"Aguadilla, PR",142,142,142,142,4.838028169014084,11.718309859154932,13.0,24.0,"Thu, May  5, 2011","Sat, May 28, 2011"
2889,Aeropuerto Mercedita,Ponce,Puerto Rico,PSE,TJPS,18.008306,-66.563028,29,-4,U,"Ponce, PR",61,62,61,62,4.409836065573771,12.661290322580646,10.0,27.0,"Thu, May 19, 2011","Tue, May 17, 2011"
2890,Luis Muoz Marn International,San Juan,Puerto Rico,SJU,TJSJ,18.439417,-66.001833,9,-4,U,"San Juan, PR",1765,1768,1773,1778,7.049291784702548,14.255090497737557,53.0,54.0,"Wed, May 25, 2011","Sun, May  1, 2011"
