airport_id,name,city,country,iata_faa,iaco,latitude,longitude,altitude,zone,dst,city_state,avg_able_landings,avg_able_takeoffs,total_landings,total_takeoffs,avg_taxi_in,avg_taxi_out,longest_taxi_in,longest_taxi_out,lng_tx_in_date,lng_tx_out_date
4355,Lehigh Valley International,Allentown,United States,ABE,KABE,40.652083,-75.440806,393,-5,A,"Allentown/Bethlehem/Easton, PA",341,342,348,347,3.5689149560117297,14.725146198830409,13.0,99.0,"Sun, Mar 13, 2011","Wed, Mar 23, 2011"
3718,Abilene Regional,Abilene,United States,ABI,KABI,32.411319,-99.681897,1791,-6,A,"Abilene, TX",213,212,213,213,3.549295774647888,8.533018867924545,19.0,36.0,"Mon, Mar 21, 2011","Tue, Mar 15, 2011"
4019,Albuquerque International Sunport,Albuquerque,United States,ABQ,KABQ,35.0402222,-106.6091944,5355,-7,A,"Albuquerque, NM",2737,2726,2746,2743,4.697478991596644,10.518341892883333,35.0,72.0,"Mon, Mar  7, 2011","Tue, Mar 22, 2011"
5715,Southwest Georgia Regional Airport,Albany,United States,ABY,KABY,31.5355,-84.1945,197,-5,A,"Albany, GA",84,84,85,85,3.5833333333333335,11.547619047619042,6.0,36.0,"Thu, Mar  3, 2011","Mon, Mar 28, 2011"
3700,Waco Regional,Waco,United States,ACT,KACT,31.611289,-97.230519,516,-6,A,"Waco, TX",57,57,58,58,3.0,7.649122807017544,6.0,19.0,"Tue, Mar 15, 2011","Tue, Mar 15, 2011"
4384,Arcata,Arcata CA,United States,ACV,KACV,40.978111,-124.108611,221,-8,A,"Arcata/Eureka, CA",239,261,248,271,3.778242677824268,10.340996168582375,14.0,59.0,"Sun, Mar 27, 2011","Thu, Mar 24, 2011"
3524,Atlantic City International,Atlantic City,United States,ACY,KACY,39.457583,-74.577167,75,-5,A,"Atlantic City, NJ",62,62,62,62,3.983870967741935,11.306451612903226,6.0,28.0,"Fri, Mar 18, 2011","Wed, Mar  9, 2011"
5959,Adak Airport,Adak Island,United States,ADK,PADK,51.878,-176.646,18,-10,A,"Adak Island, AK",9,9,9,9,3.888888888888889,7.111111111111111,5.0,18.0,"Sun, Mar  6, 2011","Sun, Mar  6, 2011"
3531,Kodiak,Kodiak,United States,ADQ,PADQ,57.749967,-152.493856,78,-9,A,"Kodiak, AK",51,50,58,58,3.1372549019607843,6.139999999999999,5.0,21.0,"Wed, Mar  2, 2011","Sun, Mar 20, 2011"
3852,Alexandria International,Alexandria,United States,AEX,KAEX,31.3274,-92.549833,89,-6,A,"Alexandria, LA",294,294,294,294,2.802721088435375,11.408163265306126,9.0,33.0,"Mon, Mar 14, 2011","Sun, Mar 27, 2011"
3658,Augusta Regional At Bush Field,Bush Field,United States,AGS,KAGS,33.369944,-81.9645,144,-5,A,"Augusta, GA",349,349,352,352,3.260744985673353,14.401146131805158,15.0,67.0,"Sun, Mar 20, 2011","Wed, Mar 30, 2011"
3864,Albany International,Albany,United States,ALB,KALB,42.748267,-73.801692,285,-5,A,"Albany, NY",829,832,850,850,3.860072376357058,13.735576923076918,19.0,90.0,"Mon, Mar  7, 2011","Mon, Mar  7, 2011"
3840,Rick Husband Amarillo International,Amarillo,United States,AMA,KAMA,35.219369,-101.705931,3607,-6,A,"Amarillo, TX",493,494,498,500,4.622718052738337,8.746963562753027,20.0,35.0,"Sun, Mar 13, 2011","Thu, Mar 31, 2011"
3774,Ted Stevens Anchorage International,Anchorage,United States,ANC,PANC,61.174361,-149.996361,152,-9,A,"Anchorage, AK",1315,1320,1332,1332,4.088212927756657,12.456060606060607,22.0,72.0,"Thu, Mar 31, 2011","Thu, Mar 17, 2011"
7001,Aspen/Pitkin County-Sardy Field,Aspen,United States,ASE,KASE,39.2232,-106.869,7820,-7,A,"Aspen, CO",571,564,648,643,3.5604203152364264,11.696808510638292,17.0,90.0,"Sun, Mar 27, 2011","Tue, Mar 22, 2011"
3682,Hartsfield Jackson Atlanta International,Atlanta,United States,ATL,KATL,33.636719,-84.428067,1026,-5,A,"Atlanta, GA",33438,33531,33855,33831,10.915754530773357,20.210491783722457,67.0,154.0,"Wed, Mar 23, 2011","Sat, Mar 26, 2011"
4047,Appleton,Appleton,United States,ATW,KATW,44.257526,-88.507576,680,-6,A,"Appleton, WI",195,196,208,209,3.4461538461538463,9.709183673469388,8.0,37.0,"Fri, Mar 11, 2011","Sun, Mar 20, 2011"
3673,Austin Bergstrom International,Austin,United States,AUS,KAUS,30.194528,-97.669889,542,-6,A,"Austin, TX",3735,3728,3744,3745,5.317001338688087,11.665236051502138,63.0,90.0,"Thu, Mar 17, 2011","Thu, Mar  3, 2011"
4007,Asheville Regional Airport,Asheville,United States,AVL,KAVL,35.436194,-82.541806,2165,-5,A,"Asheville, NC",380,378,392,392,3.139473684210527,15.523809523809536,19.0,75.0,"Thu, Mar 24, 2011","Wed, Mar 30, 2011"
4286,Wilkes Barre Scranton International,Scranton,United States,AVP,KAVP,41.338478,-75.723403,962,-5,A,"Scranton/Wilkes-Barre, PA",126,126,127,128,3.357142857142857,14.38888888888889,10.0,85.0,"Mon, Mar  7, 2011","Mon, Mar  7, 2011"
4039,Kalamazoo,Kalamazoo,United States,AZO,KAZO,42.234875,-85.552058,874,-5,A,"Kalamazoo, MI",90,90,93,93,2.844444444444446,12.166666666666666,7.0,51.0,"Wed, Mar  2, 2011","Thu, Mar 17, 2011"
3825,Bradley International,Windsor Locks,United States,BDL,KBDL,41.938889,-72.683222,173,-5,A,"Hartford, CT",1975,1973,1998,1999,5.37924050632911,13.427774961986822,41.0,109.0,"Wed, Mar 16, 2011","Wed, Mar  9, 2011"
3599,Bethel,Bethel,United States,BET,PABE,60.779778,-161.838,121,-9,A,"Bethel, AK",88,88,89,89,3.5568181818181817,6.681818181818182,9.0,31.0,"Wed, Mar 16, 2011","Sat, Mar 26, 2011"
3558,Meadows Field,Bakersfield,United States,BFL,KBFL,35.433598,-119.05677,507,-8,A,"Bakersfield, CA",270,269,271,271,4.211111111111111,11.03345724907063,12.0,33.0,"Tue, Mar  8, 2011","Tue, Mar  1, 2011"
3811,Birmingham International,Birmingham,United States,BHM,KBHM,33.562942,-86.75355,644,-6,A,"Birmingham, AL",1513,1510,1525,1526,3.3231989424983475,12.252980132450316,28.0,92.0,"Wed, Mar 23, 2011","Wed, Mar 30, 2011"
4021,Billings Logan International Airport,Billings,United States,BIL,KBIL,45.80921,-108.537654,3652,-7,A,"Billings, MT",278,277,279,279,3.6115107913669067,12.584837545126353,8.0,108.0,"Sat, Mar  5, 2011","Fri, Mar  4, 2011"
4083,Bismarck Municipal Airport,Bismarck,United States,BIS,KBIS,46.775842,-100.757931,1661,-6,A,"Bismarck/Mandan, ND",219,217,228,226,4.2602739726027385,12.211981566820272,36.0,73.0,"Sat, Mar  5, 2011","Tue, Mar 22, 2011"
6962,Branson LLC,Branson,United States,BKG,KBBG,36.531994,-93.200556,1302,-6,A,"Branson, MO",35,35,35,35,5.0285714285714285,11.085714285714285,11.0,22.0,"Mon, Mar  7, 2011","Fri, Mar  4, 2011"
3777,Bellingham International,Bellingham,United States,BLI,KBLI,48.792694,-122.537528,170,-8,A,"Bellingham, WA",73,73,73,73,5.465753424657534,9.246575342465754,9.0,23.0,"Mon, Mar 21, 2011","Sun, Mar 13, 2011"
4037,Central Illinois Regional,Bloomington,United States,BMI,KBMI,40.477111,-88.915917,871,-6,A,"Bloomington/Normal, IL",330,329,337,337,3.8636363636363615,8.738601823708198,37.0,87.0,"Thu, Mar  3, 2011","Sun, Mar 27, 2011"
3690,Nashville International,Nashville,United States,BNA,KBNA,36.124472,-86.678194,599,-6,A,"Nashville, TN",4401,4401,4442,4443,5.597818677573279,11.646671211088377,40.0,105.0,"Sun, Mar 27, 2011","Tue, Mar 22, 2011"
3495,Boise Air Terminal,Boise,United States,BOI,KBOI,43.564361,-116.222861,2871,-7,A,"Boise, ID",1117,1115,1126,1127,3.4565801253357207,10.32286995515696,19.0,68.0,"Mon, Mar  7, 2011","Wed, Mar  2, 2011"
3448,General Edward Lawrence Logan International,Boston,United States,BOS,KBOS,42.364347,-71.005181,19,-5,A,"Boston, MA",9347,9346,9501,9501,6.603616133518768,19.54183607960624,52.0,156.0,"Thu, Mar 10, 2011","Wed, Mar 23, 2011"
3612,Southeast Texas Regional,Beaumont,United States,BPT,KBPT,29.950833,-94.020694,15,-6,A,"Beaumont/Port Arthur, TX",2,2,2,2,5.0,18.5,5.0,27.0,"Tue, Mar  1, 2011","Wed, Mar  2, 2011"
5725,Brunswick Golden Isles Airport,Brunswick,United States,BQK,KBQK,31.2588,-81.4665,26,-5,A,"Brunswick, GA",88,88,89,89,3.2613636363636362,15.159090909090907,6.0,48.0,"Tue, Mar 29, 2011","Mon, Mar  7, 2011"
3738,Brownsville South Padre Island International,Brownsville,United States,BRO,KBRO,25.906833,-97.425861,22,-6,A,"Brownsville, TX",205,205,207,207,4.165853658536584,10.317073170731707,9.0,32.0,"Sun, Mar 20, 2011","Mon, Mar 14, 2011"
3571,Wiley Post Will Rogers Memorial,Barrow,United States,BRW,PABR,71.285446,-156.766003,44,-9,A,"Barrow, AK",71,71,71,71,5.154929577464789,5.971830985915492,9.0,17.0,"Fri, Mar  4, 2011","Tue, Mar 29, 2011"
4022,Bert Mooney Airport,Butte,United States,BTM,KBTM,45.954806,-112.497472,5550,-7,A,"Butte, MT",54,55,58,58,3.685185185185185,12.527272727272727,6.0,48.0,"Sun, Mar  6, 2011","Mon, Mar 28, 2011"
3846,Baton Rouge Metro-Ryan Field,Baton Rouge,United States,BTR,KBTR,30.533167,-91.149639,70,-6,A,"Baton Rouge, LA",668,663,673,673,3.69311377245509,11.0316742081448,23.0,62.0,"Sun, Mar 27, 2011","Sun, Mar 27, 2011"
3711,Burlington International,Burlington,United States,BTV,KBTV,44.471861,-73.153278,335,-5,A,"Burlington, VT",398,400,429,430,4.515075376884422,16.802499999999995,35.0,73.0,"Fri, Mar  4, 2011","Mon, Mar 21, 2011"
3820,Buffalo Niagara International,Buffalo,United States,BUF,KBUF,42.940525,-78.732167,724,-5,A,"Buffalo, NY",1975,1970,1990,1990,4.639999999999998,14.252791878172589,58.0,130.0,"Sat, Mar 12, 2011","Tue, Mar 22, 2011"
3644,Bob Hope,Burbank,United States,BUR,KBUR,34.200667,-118.358667,778,-8,A,"Burbank, CA",2092,2079,2163,2150,3.037284894837478,11.030303030303017,65.0,63.0,"Thu, Mar 31, 2011","Mon, Mar  7, 2011"
3849,Baltimore Washington International,Baltimore,United States,BWI,KBWI,39.175361,-76.668333,146,-5,A,"Baltimore, MD",8880,8879,8921,8920,5.415653153153151,12.150129519089973,55.0,136.0,"Fri, Mar 11, 2011","Wed, Mar 23, 2011"
4020,Gallatin Field,Bozeman,United States,BZN,KBZN,45.777643,-111.160151,4500,-7,A,"Bozeman, MT",322,324,324,326,4.313664596273288,16.904320987654334,15.0,97.0,"Sat, Mar 26, 2011","Sun, Mar  6, 2011"
3561,Columbia Metropolitan,Colombia,United States,CAE,KCAE,33.938833,-81.119528,236,-5,A,"Columbia, SC",671,669,679,679,3.782414307004471,13.980568011958141,31.0,107.0,"Sun, Mar 27, 2011","Sun, Mar 27, 2011"
4112,Akron Canton Regional Airport,Akron,United States,CAK,KCAK,40.9160833,-81.4421944,1228,-5,A,"Akron, OH",709,706,715,718,4.524682651621999,14.500000000000005,24.0,108.0,"Thu, Mar 17, 2011","Sun, Mar  6, 2011"
3824,Cedar City Regional,Cedar City,United States,CDC,KCDC,37.700967,-113.098847,5622,-7,A,"Cedar City, UT",54,54,54,54,3.2222222222222223,12.87037037037037,5.0,52.0,"Mon, Mar  7, 2011","Mon, Mar 21, 2011"
3610,Merle K. Mudhole Smith,Cordova,United States,CDV,PACV,60.491778,-145.477556,48,-9,A,"Cordova, AK",62,62,62,62,3.370967741935484,6.854838709677419,5.0,20.0,"Sun, Mar  6, 2011","Wed, Mar 16, 2011"
5727,Del Norte County Airport,Crescent City,United States,CEC,KCEC,41.7802,-124.237,57,-8,A,"Crescent City, CA",81,80,85,85,3.2469135802469142,11.950000000000005,5.0,60.0,"Tue, Mar  1, 2011","Wed, Mar 23, 2011"
3578,Lovell Field,Chattanooga,United States,CHA,KCHA,35.035278,-85.203808,683,-5,A,"Chattanooga, TN",349,350,352,353,3.7822349570200573,15.42857142857142,23.0,84.0,"Sat, Mar 19, 2011","Wed, Mar 30, 2011"
4015,Charlottesville-Albemarle,Charlottesville VA,United States,CHO,KCHO,38.138639,-78.452861,639,-5,A,"Charlottesville, VA",89,89,89,89,2.7752808988764044,11.876404494382022,5.0,37.0,"Sun, Mar 13, 2011","Sun, Mar 27, 2011"
3806,Charleston AFB International,Charleston,United States,CHS,KCHS,32.898647,-80.040528,45,-5,A,"Charleston, SC",1115,1110,1127,1126,6.043946188340807,14.114414414414416,25.0,79.0,"Sat, Mar  5, 2011","Wed, Mar  9, 2011"
3710,Chico Municipal,Chico,United States,CIC,KCIC,39.795383,-121.858422,238,-8,A,"Chico, CA",111,111,121,121,3.1981981981981984,12.621621621621621,8.0,56.0,"Sun, Mar  6, 2011","Sun, Mar  6, 2011"
4043,Cedar Rapids,Cedar Rapids,United States,CID,KCID,41.884694,-91.710806,869,-6,A,"Cedar Rapids/Iowa City, IA",425,424,428,429,4.087058823529407,10.660377358490562,25.0,95.0,"Sun, Mar 20, 2011","Sun, Mar 20, 2011"
4088,McClellan-Palomar Airport,Carlsbad,United States,CLD,KCRQ,33.0742,-117.1648,328,-8,A,"Carlsbad, CA",174,197,177,201,3.781609195402299,9.964467005076141,7.0,40.0,"Wed, Mar  2, 2011","Mon, Mar 21, 2011"
3486,Cleveland Hopkins International,Cleveland,United States,CLE,KCLE,41.411689,-81.849794,791,-5,A,"Cleveland, OH",4516,4509,4609,4611,5.802480070859165,15.288090485695237,50.0,135.0,"Wed, Mar 23, 2011","Mon, Mar 21, 2011"
3715,Easterwood Field,College Station,United States,CLL,KCLL,30.588583,-96.363833,321,-6,A,"College Station/Bryan, TX",31,31,31,31,3.903225806451613,8.225806451612902,7.0,13.0,"Wed, Mar 16, 2011","Tue, Mar 22, 2011"
3876,Charlotte Douglas International,Charlotte,United States,CLT,KCLT,35.214,-80.943139,748,-5,A,"Charlotte, NC",11049,11076,11151,11149,8.674269164630285,18.92226435536285,134.0,158.0,"Sun, Mar  6, 2011","Wed, Mar 23, 2011"
3759,Port Columbus International,Columbus,United States,CMH,KCMH,39.997972,-82.891889,815,-5,A,"Columbus, OH",2520,2510,2541,2540,4.429761904761898,12.823107569721111,31.0,80.0,"Tue, Mar 22, 2011","Wed, Mar  9, 2011"
4049,Champaign,Champaign,United States,CMI,KCMI,40.03925,-88.278056,754,-6,A,"Champaign/Urbana, IL",210,209,213,213,4.009523809523808,11.45933014354068,15.0,59.0,"Wed, Mar  2, 2011","Tue, Mar 22, 2011"
5732,Houghton County Memorial Airport,Hancock,United States,CMX,KCMX,47.1684,-88.4891,1095,-5,A,"Hancock/Houghton, MI",59,59,62,62,4.084745762711866,11.542372881355933,6.0,65.0,"Sat, Mar 19, 2011","Wed, Mar 23, 2011"
4344,Yellowstone Regional,Cody,United States,COD,KCOD,44.520194,-109.023806,5102,-7,A,"Cody, WY",89,89,93,93,3.8764044943820224,16.11235955056179,7.0,33.0,"Sun, Mar 13, 2011","Tue, Mar  8, 2011"
3819,City Of Colorado Springs Municipal,Colorado Springs,United States,COS,KCOS,38.805805,-104.700778,6187,-7,A,"Colorado Springs, CO",1048,1041,1062,1054,6.111641221374048,16.75984630163308,27.0,111.0,"Wed, Mar 16, 2011","Sun, Mar 27, 2011"
3872,Natrona County International,Casper,United States,CPR,KCPR,42.908,-106.464417,5347,-7,A,"Casper, WY",176,176,178,178,3.7556818181818183,11.232954545454547,8.0,45.0,"Thu, Mar  3, 2011","Fri, Mar  4, 2011"
3744,Corpus Christi International,Corpus Christi,United States,CRP,KCRP,27.770361,-97.501222,44,-6,A,"Corpus Christi, TX",650,649,660,660,3.893846153846154,9.721109399075493,21.0,57.0,"Tue, Mar 22, 2011","Tue, Mar  1, 2011"
4285,Yeager,Charleston,United States,CRW,KCRW,38.373147,-81.593189,981,-5,A,"Charleston/Dunbar, WV",323,324,334,334,3.891640866873065,14.472222222222221,18.0,132.0,"Mon, Mar 21, 2011","Sun, Mar  6, 2011"
4255,Columbus Metropolitan Airport,Columbus,United States,CSG,KCSG,32.5163333,-84.9388611,397,-5,A,"Columbus, GA",180,180,181,181,3.0111111111111124,12.266666666666662,7.0,56.0,"Sun, Mar 27, 2011","Thu, Mar 31, 2011"
3488,Cincinnati Northern Kentucky International,Cincinnati,United States,CVG,KCVG,39.048836,-84.667822,896,-5,A,"Cincinnati, OH",2265,2262,2297,2302,5.944370860927148,15.603448275862085,56.0,115.0,"Fri, Mar  4, 2011","Sun, Mar 27, 2011"
4045,Central Wisconsin,Wassau,United States,CWA,KCWA,44.772726,-89.646635,840,-6,A,"Mosinee, WI",108,109,116,116,4.101851851851852,9.394495412844035,8.0,23.0,"Mon, Mar 21, 2011","Wed, Mar  9, 2011"
3804,Cheyenne Regional-Jerry Olson Field,Cheyenne,United States,CYS,KCYS,41.155722,-104.811839,6156,-7,A,"Cheyenne, WY",31,31,31,31,3.6774193548387095,10.290322580645162,11.0,25.0,"Sun, Mar 20, 2011","Tue, Mar  8, 2011"
3950,Daytona Beach International,Daytona Beach,United States,DAB,KDAB,29.179917,-81.058056,34,-5,A,"Daytona Beach, FL",185,184,186,186,4.7945945945945905,18.929347826086936,17.0,63.0,"Sat, Mar 19, 2011","Mon, Mar 28, 2011"
3502,Dallas Love Field,Dallas,United States,DAL,KDAL,32.847111,-96.851778,487,-6,A,"Dallas, TX",3749,3755,3804,3803,3.7060549479861296,8.727296937416805,24.0,51.0,"Thu, Mar 10, 2011","Thu, Mar  3, 2011"
3627,James M. Cox Dayton International,Dayton,United States,DAY,KDAY,39.902375,-84.219375,1009,-5,A,"Dayton, OH",997,1002,1012,1018,4.909729187562692,14.523952095808385,22.0,113.0,"Sun, Mar 20, 2011","Wed, Mar  9, 2011"
4388,Dubuque Regional,Dubuque IA,United States,DBQ,KDBQ,42.402,-90.709472,1076,-6,A,"Dubuque, IA",24,24,27,27,3.625,10.416666666666666,6.0,22.0,"Thu, Mar 17, 2011","Tue, Mar 29, 2011"
3520,Ronald Reagan Washington National,Washington,United States,DCA,KDCA,38.852083,-77.037722,15,-5,A,"Washington, DC",6624,6619,6752,6753,5.1296799516908,17.526212418794344,69.0,149.0,"Wed, Mar 23, 2011","Wed, Mar 23, 2011"
3751,Denver International,Denver,United States,DEN,KDEN,39.861656,-104.673178,5431,-7,A,"Denver, CO",20334,20335,20562,20515,8.008458739057817,13.978509958200133,56.0,101.0,"Sun, Mar 20, 2011","Sun, Mar  6, 2011"
3670,Dallas Fort Worth International,Dallas-fort Worth,United States,DFW,KDFW,32.896828,-97.037997,607,-6,A,"Dallas/Fort Worth, TX",22197,22222,22402,22404,8.545704374465098,13.907074070740707,53.0,109.0,"Thu, Mar 17, 2011","Fri, Mar 18, 2011"
3739,Dothan Regional,Dothan,United States,DHN,KDHN,31.321339,-85.449628,401,-6,A,"Dothan, AL",119,118,120,120,3.1764705882352944,16.737288135593225,10.0,60.0,"Fri, Mar 18, 2011","Tue, Mar  8, 2011"
3598,Duluth International,Duluth,United States,DLH,KDLH,46.842091,-92.193649,1428,-6,A,"Duluth, MN",59,59,62,63,4.898305084745765,16.050847457627118,12.0,57.0,"Sat, Mar 12, 2011","Tue, Mar 22, 2011"
3713,Durango La Plata County,Durango,United States,DRO,KDRO,37.151516,-107.75377,6685,-7,A,"Durango, CO",309,308,315,316,4.999999999999997,11.51298701298701,17.0,73.0,"Sun, Mar 27, 2011","Tue, Mar  8, 2011"
3729,Des Moines International,Des Moines,United States,DSM,KDSM,41.533972,-93.663083,958,-6,A,"Des Moines, IA",810,804,814,813,4.097530864197532,13.519900497512438,16.0,87.0,"Wed, Mar 23, 2011","Sun, Mar 20, 2011"
3645,Detroit Metro Wayne County,Detroit,United States,DTW,KDTW,42.212444,-83.353389,645,-5,A,"Detroit, MI",7186,7235,7305,7334,8.756888394099686,18.76461644782306,56.0,111.0,"Mon, Mar 14, 2011","Fri, Mar 25, 2011"
5735,Chippewa Valley Regional Airport,Eau Claire,United States,EAU,KEAU,44.8658,-91.4843,913,-6,A,"Eau Claire, WI",86,85,89,89,3.9651162790697674,13.282352941176471,14.0,33.0,"Wed, Mar  2, 2011","Wed, Mar  9, 2011"
7669,Northwest Florida Beaches International,Panama City,United States,ECP,KECP,30.3417,-85.7973,69,-6,A,"Panama City, FL",610,609,615,615,3.39672131147541,11.536945812807886,36.0,60.0,"Wed, Mar  9, 2011","Tue, Mar 29, 2011"
4250,Eagle County Regional,Vail,United States,EGE,KEGE,39.642556,-106.917694,6540,-7,A,"Eagle, CO",430,430,445,445,4.790697674418611,16.0953488372093,42.0,70.0,"Sat, Mar  5, 2011","Fri, Mar 18, 2011"
5736,Elko Regional Airport,Elko,United States,EKO,KEKO,40.8249,-115.792,5140,-8,A,"Elko, NV",118,118,120,120,4.161016949152543,11.508474576271183,7.0,30.0,"Mon, Mar 28, 2011","Fri, Mar 11, 2011"
3946,Elmira Corning Regional,Elmira,United States,ELM,KELM,42.159889,-76.891611,954,-5,A,"Elmira/Corning, NY",1,2,1,2,4.0,9.5,4.0,11.0,"Tue, Mar  1, 2011","Tue, Mar  1, 2011"
3559,El Paso International,El Paso,United States,ELP,KELP,31.80725,-106.377583,3958,-7,A,"El Paso, TX",1854,1855,1866,1866,4.12891046386192,11.191913746630732,37.0,86.0,"Sun, Mar 13, 2011","Sat, Mar  5, 2011"
4099,Mahlon Sweet Field,Eugene,United States,EUG,KEUG,44.124583,-123.211972,374,-8,A,"Eugene, OR",412,413,422,422,3.308252427184466,11.372881355932206,13.0,35.0,"Fri, Mar 25, 2011","Fri, Mar 18, 2011"
4018,Evansville Regional,Evansville,United States,EVV,KEVV,38.036997,-87.532364,418,-6,A,"Evansville, IN",280,278,283,283,3.6714285714285713,11.971223021582732,12.0,36.0,"Sat, Mar  5, 2011","Sun, Mar 20, 2011"
3730,Craven County Regional,New Bern,United States,EWN,KEWN,35.072972,-77.042944,18,-5,A,"New Bern/Morehead/Beaufort, NC",61,61,62,62,2.9672131147540983,10.16393442622951,11.0,29.0,"Fri, Mar 18, 2011","Thu, Mar 31, 2011"
3494,Newark Liberty International,Newark,United States,EWR,KEWR,40.6925,-74.168667,18,-5,A,"Newark, NJ",9228,9238,9406,9410,8.932488079757297,21.41426715739336,65.0,141.0,"Thu, Mar 17, 2011","Wed, Mar 23, 2011"
3875,Key West International,Key West,United States,EYW,KEYW,24.556111,-81.759556,3,-5,A,"Key West, FL",144,144,146,146,4.229166666666668,9.4375,9.0,35.0,"Tue, Mar  1, 2011","Mon, Mar 28, 2011"
3832,Fairbanks International,Fairbanks,United States,FAI,PAFA,64.815114,-147.856267,434,-9,A,"Fairbanks, AK",355,355,356,356,3.414084507042253,10.247887323943674,7.0,33.0,"Tue, Mar 29, 2011","Wed, Mar 30, 2011"
4292,Hector International Airport,Fargo,United States,FAR,KFAR,46.92065,-96.8157639,902,-6,A,"Fargo, ND",468,462,480,479,4.574786324786322,15.227272727272723,24.0,66.0,"Sun, Mar  6, 2011","Fri, Mar 25, 2011"
3687,Fresno Yosemite International,Fresno,United States,FAT,KFAT,36.776194,-119.71814,336,-8,A,"Fresno, CA",969,968,978,979,4.120743034055725,11.26962809917355,16.0,66.0,"Tue, Mar  1, 2011","Mon, Mar 14, 2011"
5738,Fayetteville Regional-Grannis Field,Fayetteville,United States,FAY,KFAY,34.9912,-78.8803,189,-5,A,"Fayetteville, NC",355,352,357,357,4.230985915492963,12.497159090909086,22.0,56.0,"Sun, Mar  6, 2011","Mon, Mar 14, 2011"
4127,Glacier Park International,Kalispell,United States,FCA,KFCA,48.310472,-114.256,2977,-7,A,"Kalispell, MT",93,94,93,94,3.924731182795699,12.72340425531915,7.0,27.0,"Thu, Mar  3, 2011","Tue, Mar  1, 2011"
4261,Flagstaff Pulliam Airport,Flagstaff,United States,FLG,KFLG,35.140318,-111.6692392,7015,-7,N,"Flagstaff, AZ",171,171,180,180,5.181286549707601,13.122807017543863,14.0,61.0,"Fri, Mar  4, 2011","Tue, Mar 22, 2011"
3533,Fort Lauderdale Hollywood International,Fort Lauderdale,United States,FLL,KFLL,26.072583,-80.15275,9,-5,A,"Fort Lauderdale, FL",6365,6367,6381,6384,5.035820895522408,18.401130830846558,45.0,133.0,"Thu, Mar 10, 2011","Sun, Mar  6, 2011"
4089,Bishop International,Flint,United States,FNT,KFNT,42.965424,-83.743629,782,-5,A,"Flint, MI",337,335,341,341,3.854599406528189,14.585074626865671,14.0,109.0,"Thu, Mar  3, 2011","Wed, Mar 23, 2011"
4009,Sioux Falls,Sioux Falls,United States,FSD,KFSD,43.582014,-96.741914,1429,-6,A,"Sioux Falls, SD",405,417,411,424,4.392592592592595,14.964028776978424,30.0,96.0,"Mon, Mar 14, 2011","Sat, Mar  5, 2011"
3437,Fort Smith Regional,Fort Smith,United States,FSM,KFSM,35.336583,-94.367444,469,-6,A,"Fort Smith, AR",59,58,62,62,3.1186440677966103,7.137931034482759,6.0,14.0,"Fri, Mar 18, 2011","Sun, Mar  6, 2011"
4041,Fort Wayne,Fort Wayne,United States,FWA,KFWA,40.978472,-85.195139,815,-5,A,"Fort Wayne, IN",240,238,248,248,3.466666666666667,11.735294117647058,10.0,78.0,"Fri, Mar 18, 2011","Wed, Mar  9, 2011"
4296,Gillette-Campbell County Airport,Gillette,United States,GCC,KGCC,44.3489167,-105.5393611,4365,-7,A,"Gillette, WY",124,123,124,124,4.701612903225809,14.691056910569102,52.0,47.0,"Wed, Mar  9, 2011","Wed, Mar 23, 2011"
3467,Spokane International,Spokane,United States,GEG,KGEG,47.619861,-117.533833,2376,-8,A,"Spokane, WA",945,949,954,956,3.7619047619047628,11.99051633298209,9.0,53.0,"Sat, Mar 26, 2011","Tue, Mar  1, 2011"
3442,Grand Forks International,Grand Forks,United States,GFK,KGFK,47.949256,-97.176111,845,-6,A,"Grand Forks, ND",112,113,119,120,3.9285714285714284,13.230088495575222,11.0,71.0,"Sat, Mar 12, 2011","Wed, Mar 23, 2011"
3465,East Texas Regional,Longview,United States,GGG,KGGG,32.384014,-94.711486,365,-6,A,"Longview, TX",31,31,31,31,3.935483870967742,7.741935483870968,8.0,13.0,"Fri, Mar 25, 2011","Sun, Mar 27, 2011"
4063,Grand Junction Regional,Grand Junction,United States,GJT,KGJT,39.122413,-108.526735,4858,-7,A,"Grand Junction, CO",488,486,498,499,3.8668032786885247,12.199588477366255,11.0,48.0,"Wed, Mar 16, 2011","Sun, Mar 13, 2011"
3472,Gainesville Regional,Gainesville,United States,GNV,KGNV,29.690056,-82.271778,152,-5,A,"Gainesville, FL",203,201,204,204,3.2807881773399017,12.422885572139299,7.0,44.0,"Tue, Mar 29, 2011","Sun, Mar  6, 2011"
4038,Gulfport-Biloxi,Gulfport,United States,GPT,KGPT,30.407278,-89.070111,28,-6,A,"Gulfport/Biloxi, MS",459,459,462,463,4.7320261437908595,12.668845315904143,28.0,59.0,"Fri, Mar 18, 2011","Thu, Mar 17, 2011"
3653,Austin Straubel International,Green Bay,United States,GRB,KGRB,44.485072,-88.129589,695,-6,A,"Green Bay, WI",390,390,405,404,3.746153846153846,11.07948717948718,13.0,90.0,"Sun, Mar 20, 2011","Sun, Mar 20, 2011"
3775,Robert Gray AAF,Killeen,United States,GRK,KGRK,31.06725,-97.828917,1015,-6,A,"Killeen, TX",182,179,183,183,4.093406593406595,10.92178770949721,10.0,31.0,"Wed, Mar 30, 2011","Sun, Mar 27, 2011"
3685,Gerald R. Ford International,Grand Rapids,United States,GRR,KGRR,42.880833,-85.522806,794,-5,A,"Grand Rapids, MI",865,884,890,906,4.472832369942202,13.883484162895932,31.0,116.0,"Tue, Mar 22, 2011","Sat, Mar  5, 2011"
4008,Piedmont Triad,Greensboro,United States,GSO,KGSO,36.09775,-79.937306,925,-5,A,"Greensboro/High Point, NC",579,576,585,585,3.5233160621761654,14.541666666666666,27.0,72.0,"Wed, Mar 23, 2011","Sat, Mar  5, 2011"
4034,Greenville-Spartanburg International,Greenville,United States,GSP,KGSP,34.895556,-82.218889,964,-5,A,"Greer, SC",713,709,724,722,3.598877980364657,12.479548660084626,22.0,63.0,"Thu, Mar 10, 2011","Thu, Mar 10, 2011"
3880,Great Falls International,Great Falls,United States,GTF,KGTF,47.482,-111.370689,3677,-7,A,"Great Falls, MT",150,149,151,151,3.973333333333333,12.5503355704698,8.0,34.0,"Wed, Mar  9, 2011","Fri, Mar 25, 2011"
4273,Golden Triangle Regional Airport,Columbus Mississippi,United States,GTR,KGTR,33.450333,-88.591361,264,-6,A,"Columbus, MS",60,61,62,62,3.5,13.40983606557377,10.0,45.0,"Thu, Mar 10, 2011","Tue, Mar 22, 2011"
7051,Gunnison - Crested Butte,Gunnison,United States,GUC,KGUC,38.533889,-106.933056,7678,-7,A,"Gunnison, CO",143,143,151,151,3.867132867132867,13.342657342657342,7.0,51.0,"Thu, Mar 17, 2011","Mon, Mar  7, 2011"
4339,Yampa Valley,Hayden,United States,HDN,KHDN,40.481181,-107.21766,6602,-7,A,"Hayden, CO",245,244,252,252,4.212244897959187,16.42622950819671,14.0,78.0,"Sun, Mar 13, 2011","Sun, Mar 27, 2011"
3504,Helena Regional,Helena,United States,HLN,KHLN,46.606806,-111.98275,3877,-7,A,"Helena, MT",150,149,151,151,3.6133333333333333,14.033557046979865,8.0,57.0,"Mon, Mar 14, 2011","Sun, Mar 27, 2011"
3728,Honolulu International,Honolulu,United States,HNL,PHNL,21.318681,-157.922428,13,-10,N,"Honolulu, HI",4420,4422,4514,4514,6.041628959276021,13.234509271822692,77.0,61.0,"Sun, Mar 13, 2011","Mon, Mar 14, 2011"
3566,William P. Hobby,Houston,United States,HOU,KHOU,29.645419,-95.278889,46,-6,A,"Houston, TX",4489,4487,4546,4544,5.259523279126749,9.083129039447273,51.0,50.0,"Tue, Mar  1, 2011","Mon, Mar 28, 2011"
3589,Westchester County,White Plains,United States,HPN,KHPN,41.066959,-73.707575,439,-5,A,"White Plains, NY",782,779,798,797,5.750639386189257,12.866495507060334,44.0,138.0,"Wed, Mar 23, 2011","Thu, Mar 31, 2011"
3560,Valley International,Harlingen,United States,HRL,KHRL,26.2285,-97.654389,36,-6,A,"Harlingen/San Benito, TX",426,426,431,431,2.809859154929577,8.316901408450702,10.0,26.0,"Mon, Mar 14, 2011","Mon, Mar 21, 2011"
4113,Huntsville International Airport-Carl T. Jones Field,Huntsville,United States,HSV,KHSV,34.6371944,-86.7750556,629,-6,A,"Huntsville, AL",802,799,817,819,4.97630922693267,13.714643304130158,39.0,119.0,"Fri, Mar 18, 2011","Wed, Mar  9, 2011"
3714,Washington Dulles International,Washington,United States,IAD,KIAD,38.944533,-77.455811,313,-5,A,"Washington, DC",6850,6852,6964,6955,6.419854014598525,16.80575014594274,69.0,145.0,"Thu, Mar 10, 2011","Thu, Mar 10, 2011"
3550,George Bush Intercontinental Houston,Houston,United States,IAH,KIAH,29.984433,-95.341442,97,-6,A,"Houston, TX",14783,14824,14920,14926,7.609483866603533,17.10462763086877,88.0,144.0,"Thu, Mar  3, 2011","Mon, Mar 14, 2011"
3457,Wichita Mid Continent,Wichita,United States,ICT,KICT,37.649944,-97.433056,1333,-6,A,"Wichita, KS",864,905,886,930,4.415509259259268,11.308287292817676,21.0,89.0,"Sun, Mar 20, 2011","Sun, Mar 20, 2011"
4100,Idaho Falls Regional,Idaho Falls,United States,IDA,KIDA,43.514556,-112.07075,4744,-7,A,"Idaho Falls, ID",232,232,240,240,3.978448275862069,12.012931034482758,7.0,31.0,"Sun, Mar  6, 2011","Sun, Mar  6, 2011"
3845,Wilmington International,Wilmington,United States,ILM,KILM,34.270615,-77.902569,32,-5,A,"Wilmington, NC",271,272,275,276,4.129151291512915,12.536764705882351,15.0,43.0,"Wed, Mar 16, 2011","Sat, Mar  5, 2011"
3585,Indianapolis International,Indianapolis,United States,IND,KIND,39.717331,-86.294383,797,-5,A,"Indianapolis, IN",2634,2632,2639,2647,5.40546697038725,12.895136778115512,65.0,103.0,"Fri, Mar 25, 2011","Sun, Mar 27, 2011"
3689,Imperial County,Imperial,United States,IPL,KIPL,32.834219,-115.578744,-54,-8,A,"El Centro, CA",58,57,58,58,2.775862068965517,10.543859649122806,4.0,22.0,"Tue, Mar  1, 2011","Thu, Mar  3, 2011"
3857,Long Island MacArthur,Islip,United States,ISP,KISP,40.79525,-73.100222,99,-5,A,"Islip, NY",711,710,713,713,4.34880450070323,8.547887323943657,14.0,57.0,"Sat, Mar 12, 2011","Wed, Mar 23, 2011"
3415,Hilo International,Hilo,United States,ITO,PHTO,19.721375,-155.048469,38,-10,N,"Hilo, HI",595,594,609,609,5.2100840336134455,8.533670033670035,20.0,21.0,"Sat, Mar 19, 2011","Fri, Mar 11, 2011"
7120,Inyokern Airport,Inyokern,United States,IYK,KIYK,35.658889,-117.829444,2455,-8,A,"Inyokern, CA",72,71,84,84,4.2638888888888875,10.633802816901408,7.0,22.0,"Mon, Mar 28, 2011","Thu, Mar 24, 2011"
4027,Jackson Hole Airport,Jacksn Hole,United States,JAC,KJAC,43.60733333,-110.73775,6451,-7,A,"Jackson, WY",322,322,330,330,3.3043478260869557,18.03726708074533,10.0,69.0,"Mon, Mar 28, 2011","Wed, Mar 30, 2011"
3580,Jackson Evers International,Jackson,United States,JAN,KJAN,32.311167,-90.075889,346,-6,A,"Jackson/Vicksburg, MS",867,866,875,874,5.12456747404844,11.758660508083132,53.0,59.0,"Tue, Mar 29, 2011","Wed, Mar 30, 2011"
3712,Jacksonville International,Jacksonville,United States,JAX,KJAX,30.494056,-81.687861,30,-5,A,"Jacksonville, FL",2493,2496,2508,2511,4.689129562775773,13.152644230769225,32.0,146.0,"Thu, Mar  3, 2011","Thu, Mar 31, 2011"
3797,John F. Kennedy International,New York,United States,JFK,KJFK,40.639751,-73.778925,13,-5,A,"New York, NY",8074,8090,8164,8168,8.899801833044306,24.59913473423975,60.0,153.0,"Sun, Mar 27, 2011","Wed, Mar 23, 2011"
3492,Juneau International,Juneau,United States,JNU,PAJN,58.354972,-134.576278,21,-9,A,"Juneau, AK",305,305,310,310,3.8950819672131147,13.121311475409836,9.0,61.0,"Wed, Mar 16, 2011","Fri, Mar  4, 2011"
3514,Kona International At Keahole,Kona,United States,KOA,PHKO,19.738767,-156.045631,47,-10,N,"Kona, HI",1077,1074,1097,1096,4.533890436397399,10.130353817504666,14.0,43.0,"Sat, Mar 26, 2011","Sat, Mar 19, 2011"
3808,Ketchikan International,Ketchikan,United States,KTN,PAKT,55.355556,-131.71375,88,-9,A,"Ketchikan, AK",181,181,186,186,4.027624309392264,13.320441988950277,7.0,61.0,"Wed, Mar  2, 2011","Mon, Mar 14, 2011"
3544,Capital City,Lansing,United States,LAN,KLAN,42.7787,-84.587357,861,-5,A,"Lansing, MI",95,94,102,102,3.831578947368421,14.638297872340425,7.0,109.0,"Wed, Mar 30, 2011","Tue, Mar 22, 2011"
3877,McCarran International,Las Vegas,United States,LAS,KLAS,36.080056,-115.15225,2141,-8,A,"Las Vegas, NV",12669,12669,12751,12744,5.959744257636725,14.34193701160313,45.0,88.0,"Sat, Mar  5, 2011","Thu, Mar 10, 2011"
3484,Los Angeles International,Los Angeles,United States,LAX,KLAX,33.942536,-118.408075,126,-8,A,"Los Angeles, CA",17079,17089,17316,17290,8.820715498565509,14.555210954415008,88.0,112.0,"Sun, Mar 20, 2011","Wed, Mar 23, 2011"
3829,Lubbock Preston Smith International,Lubbock,United States,LBB,KLBB,33.663639,-101.822778,3282,-6,A,"Lubbock, TX",554,554,558,559,3.8862815884476536,9.222021660649826,12.0,21.0,"Wed, Mar  2, 2011","Tue, Mar  8, 2011"
3513,Lake Charles Regional,Lake Charles,United States,LCH,KLCH,30.126112,-93.223335,15,-6,A,"Lake Charles, LA",100,99,102,102,4.06,9.212121212121215,6.0,37.0,"Tue, Mar  8, 2011","Sat, Mar  5, 2011"
4017,Blue Grass,Lexington KY,United States,LEX,KLEX,38.0365,-84.605889,979,-5,A,"Lexington, KY",649,648,660,660,3.776579352850538,14.473765432098766,18.0,114.0,"Fri, Mar  4, 2011","Sun, Mar 27, 2011"
3493,Lafayette Regional,Lafayette,United States,LFT,KLFT,30.205278,-91.987611,43,-6,A,"Lafayette, LA",459,460,464,464,4.64270152505447,12.554347826086957,10.0,105.0,"Sat, Mar 26, 2011","Tue, Mar 22, 2011"
3697,LaGuardia Airport,New York,United States,LGA,KLGA,40.777245,-73.872608,22,-5,A,"New York, NY",8380,8387,8631,8633,7.307637231503577,26.131513055919918,83.0,154.0,"Thu, Mar 31, 2011","Wed, Mar 23, 2011"
3582,Long Beach,Long Beach,United States,LGB,KLGB,33.817722,-118.151611,60,-8,A,"Long Beach, CA",1081,1080,1084,1084,4.62164662349676,13.63425925925926,37.0,64.0,"Fri, Mar 25, 2011","Sat, Mar 26, 2011"
3602,Lihue,Lihue,United States,LIH,PHLI,21.975983,-159.338958,153,-10,N,"Lihue, HI",899,897,919,922,5.49276974416018,8.432552954292074,24.0,40.0,"Sat, Mar 19, 2011","Thu, Mar  3, 2011"
3660,Adams Field,Little Rock,United States,LIT,KLIT,34.729444,-92.224306,262,-6,A,"Little Rock, AR",1603,1597,1612,1610,4.23081721771678,11.107075767063233,26.0,87.0,"Sun, Mar  6, 2011","Wed, Mar 23, 2011"
5750,Klamath Falls Airport,Klamath Falls,United States,LMT,KLMT,42.1561,-121.733,4095,-8,A,"Klamath Falls, OR",93,92,93,93,3.4408602150537635,12.021739130434783,6.0,42.0,"Sat, Mar 12, 2011","Tue, Mar  8, 2011"
3543,Lincoln,Lincoln,United States,LNK,KLNK,40.850971,-96.75925,1219,-6,A,"Lincoln, NE",208,208,210,210,3.764423076923077,11.158653846153843,10.0,73.0,"Wed, Mar 30, 2011","Sun, Mar 20, 2011"
3691,Laredo International,Laredo,United States,LRD,KLRD,27.54375,-99.461556,508,-6,A,"Laredo, TX",221,221,223,222,3.3348416289592766,11.027149321266968,11.0,119.0,"Thu, Mar 31, 2011","Thu, Mar  3, 2011"
4044,LaCrosse Municipal,LaCrosse,United States,LSE,KLSE,43.878986,-91.256711,654,-6,A,"La Crosse, WI",93,93,93,93,4.139784946236559,16.01075268817204,8.0,106.0,"Wed, Mar 23, 2011","Wed, Mar 23, 2011"
6958,Greenbrier Valley Airport,Lewisburg,United States,LWB,KLWB,37.858333,-80.399444,2302,-5,U,"Lewisburg, WV",31,31,31,31,2.7741935483870974,13.0,4.0,42.0,"Tue, Mar 22, 2011","Tue, Mar 29, 2011"
3945,Lewiston Nez Perce County,Lewiston,United States,LWS,KLWS,46.3745,-117.015389,1442,-8,A,"Lewiston, ID",58,58,58,58,4.362068965517242,11.913793103448276,7.0,29.0,"Thu, Mar 10, 2011","Tue, Mar  8, 2011"
3652,Midland International,Midland,United States,MAF,KMAF,31.942528,-102.201914,2871,-6,A,"Midland/Odessa, TX",607,607,617,617,4.084019769357491,9.50411861614498,16.0,100.0,"Thu, Mar 10, 2011","Thu, Mar  3, 2011"
4128,MBS International,Saginaw,United States,MBS,KMBS,43.532913,-84.079647,668,-5,A,"Saginaw/Bay City/Midland, MI",87,87,89,89,4.655172413793102,16.55172413793104,8.0,92.0,"Mon, Mar  7, 2011","Tue, Mar 22, 2011"
3458,Kansas City International,Kansas City,United States,MCI,KMCI,39.297606,-94.713905,1026,-6,A,"Kansas City, MO",3953,3946,3978,3971,4.959271439413101,10.859097820577789,40.0,100.0,"Fri, Mar 25, 2011","Wed, Mar  9, 2011"
3878,Orlando International,Orlando,United States,MCO,KMCO,28.429394,-81.308994,96,-5,A,"Orlando, FL",11500,11491,11547,11546,7.715826086956532,14.13149421286221,110.0,162.0,"Thu, Mar 31, 2011","Thu, Mar 31, 2011"
3542,Harrisburg International,Harrisburg,United States,MDT,KMDT,40.193494,-76.763403,310,-5,A,"Harrisburg, PA",443,440,451,450,4.562076749435668,13.906818181818183,39.0,118.0,"Thu, Mar 10, 2011","Fri, Mar  4, 2011"
3747,Chicago Midway International,Chicago,United States,MDW,KMDW,41.785972,-87.752417,620,-6,A,"Chicago, IL",7295,7301,7324,7324,4.6592186429060884,10.837556499109718,32.0,83.0,"Tue, Mar  1, 2011","Wed, Mar 23, 2011"
4335,Key Field,Meridian,United States,MEI,KMEI,32.332624,-88.751868,297,-6,A,"Meridian, MS",57,57,58,58,3.8421052631578947,15.228070175438596,8.0,79.0,"Fri, Mar  4, 2011","Fri, Mar 11, 2011"
3473,Memphis International,Memphis,United States,MEM,KMEM,35.042417,-89.976667,341,-6,A,"Memphis, TN",4437,4430,4487,4488,6.190894748704081,16.974266365688496,45.0,119.0,"Mon, Mar 14, 2011","Sun, Mar 27, 2011"
3826,McAllen Miller International,Mcallen,United States,MFE,KMFE,26.175833,-98.238611,107,-6,A,"Mission/McAllen/Edinburg, TX",258,257,264,264,4.0658914728682145,10.63424124513619,8.0,43.0,"Wed, Mar 23, 2011","Tue, Mar 29, 2011"
4101,Rogue Valley International Medford,Medford,United States,MFR,KMFR,42.374228,-122.8735,1335,-8,A,"Medford, OR",269,268,275,275,3.4721189591078065,11.973880597014922,9.0,31.0,"Wed, Mar 23, 2011","Thu, Mar 17, 2011"
4115,Montgomery Regional Airport ,MONTGOMERY,United States,MGM,KMGM,32.3006389,-86.3939722,221,-6,A,"Montgomery, AL",376,375,383,383,3.1888297872340425,12.749333333333333,8.0,76.0,"Wed, Mar 16, 2011","Wed, Mar  9, 2011"
4050,Manhattan Regional,Manhattan,United States,MHK,KMHK,39.140972,-96.670833,1057,-6,A,"Manhattan/Ft. Riley, KS",124,123,124,124,3.491935483870967,11.317073170731707,13.0,53.0,"Thu, Mar 31, 2011","Wed, Mar 23, 2011"
4011,Manchester Regional Airport,Manchester NH,United States,MHT,KMHT,42.932556,-71.435667,266,-5,A,"Manchester, NH",992,989,1000,997,4.320564516129036,11.88978766430738,12.0,81.0,"Sun, Mar 13, 2011","Wed, Mar  9, 2011"
3576,Miami International,Miami,United States,MIA,KMIA,25.79325,-80.290556,8,-5,A,"Miami, FL",6607,6616,6896,6897,7.981988799757775,17.341898428053256,62.0,133.0,"Wed, Mar 30, 2011","Wed, Mar 23, 2011"
3717,General Mitchell International,Milwaukee,United States,MKE,KMKE,42.947222,-87.896583,723,-6,A,"Milwaukee, WI",3872,3868,3909,3907,5.248708677685958,14.807135470527404,44.0,152.0,"Wed, Mar  9, 2011","Wed, Mar  9, 2011"
5754,Muskegon County Airport,Muskegon,United States,MKG,KMKG,43.1695,-86.2382,628,-5,A,"Muskegon, MI",64,65,67,68,3.90625,10.384615384615385,7.0,25.0,"Wed, Mar  9, 2011","Fri, Mar 11, 2011"
3671,Melbourne International,Melbourne,United States,MLB,KMLB,28.102753,-80.645258,33,-5,A,"Melbourne, FL",154,152,154,152,4.759740259740264,16.184210526315784,9.0,79.0,"Thu, Mar  3, 2011","Wed, Mar 30, 2011"
4072,Quad City International,Moline,United States,MLI,KMLI,41.448528,-90.507539,590,-6,A,"Moline, IL",468,449,476,457,3.946581196581198,12.073496659242762,17.0,133.0,"Wed, Mar  2, 2011","Wed, Mar 23, 2011"
3732,Monroe Regional,Monroe,United States,MLU,KMLU,32.510864,-92.037689,79,-6,A,"Monroe, LA",176,176,178,178,3.7443181818181817,10.232954545454545,10.0,29.0,"Wed, Mar  2, 2011","Sun, Mar  6, 2011"
7081,Mammoth Yosemite Airport,Mammoth Lakes,United States,MMH,KMMH,37.624049,-118.837772,7128,-8,A,"Mammoth Lakes, CA",21,21,31,31,6.571428571428571,16.61904761904762,22.0,53.0,"Mon, Mar 14, 2011","Tue, Mar 15, 2011"
3782,Mobile Regional,Mobile,United States,MOB,KMOB,30.691231,-88.242814,219,-6,A,"Mobile, AL",584,581,590,590,3.768835616438355,11.462994836488809,29.0,71.0,"Sat, Mar 19, 2011","Wed, Mar  9, 2011"
3816,Modesto City County Harry Sham,Modesto,United States,MOD,KMOD,37.625817,-120.954422,97,-8,A,"Modesto, CA",107,108,120,120,2.925233644859813,10.24074074074074,6.0,34.0,"Wed, Mar  9, 2011","Tue, Mar 15, 2011"
3498,Minot International,Minot,United States,MOT,KMOT,48.259378,-101.280333,1716,-6,A,"Minot, ND",171,170,186,186,5.111111111111109,14.805882352941177,21.0,56.0,"Sun, Mar 13, 2011","Tue, Mar  8, 2011"
6838,Sawyer International Airport,Marquette,United States,MQT,KMQT,46.353611,-87.395278,1221,-5,A,"Marquette, MI",84,85,85,85,5.63095238095238,13.2,21.0,40.0,"Tue, Mar 15, 2011","Sat, Mar  5, 2011"
3948,Monterey Peninsula,Monterey,United States,MRY,KMRY,36.587,-121.842944,257,-8,A,"Monterey, CA",437,436,461,461,3.5583524027459945,11.481651376146788,9.0,99.0,"Fri, Mar  4, 2011","Sat, Mar 19, 2011"
3459,Dane County Regional-Truax Field,Madison,United States,MSN,KMSN,43.139858,-89.337514,887,-6,A,"Madison, WI",660,682,670,694,3.8575757575757588,13.524926686217015,19.0,144.0,"Wed, Mar  9, 2011","Wed, Mar  9, 2011"
4216,Missoula International,Missoula,United States,MSO,KMSO,46.916306,-114.090556,3205,-7,A,"Missoula, MT",242,242,244,244,4.553719008264461,12.520661157024794,11.0,67.0,"Fri, Mar 25, 2011","Wed, Mar  9, 2011"
3858,Minneapolis St. Paul International,Minneapolis,United States,MSP,KMSP,44.881956,-93.221767,841,-6,A,"Minneapolis, MN",7990,8015,8094,8098,7.017021276595747,18.199875233936464,73.0,147.0,"Wed, Mar 23, 2011","Wed, Mar 23, 2011"
3861,Louis Armstrong New Orleans International,New Orleans,United States,MSY,KMSY,29.993389,-90.258028,4,-6,A,"New Orleans, LA",3455,3448,3473,3469,4.681041968162085,10.97621809744779,41.0,119.0,"Sun, Mar 13, 2011","Thu, Mar  3, 2011"
6880,Montrose Regional Airport,Montrose CO,United States,MTJ,KMTJ,38.509794,-107.894242,5759,-7,A,"Montrose/Delta, CO",304,304,309,310,4.526315789473685,12.720394736842104,25.0,70.0,"Mon, Mar 28, 2011","Sat, Mar 12, 2011"
3515,Myrtle Beach International,Myrtle Beach,United States,MYR,KMYR,33.67975,-78.928333,25,-5,A,"Myrtle Beach, SC",308,307,309,309,3.7532467532467533,14.586319218241043,9.0,76.0,"Thu, Mar 10, 2011","Wed, Mar 23, 2011"
4386,Albert J. Ellis,Jacksonville NC,United States,OAJ,KOAJ,34.829164,-77.612139,94,-5,A,"Jacksonville/Camp Lejeune, NC",117,114,119,119,2.4444444444444446,12.114035087719298,5.0,35.0,"Sat, Mar 12, 2011","Sun, Mar 20, 2011"
3453,Metropolitan Oakland International,Oakland,United States,OAK,KOAK,37.721278,-122.220722,9,-8,A,"Oakland, CA",3679,3693,3746,3746,4.9777113346017865,10.034118602761978,37.0,55.0,"Fri, Mar 18, 2011","Fri, Mar 18, 2011"
3456,Kahului,Kahului,United States,OGG,PHOG,20.89865,-156.430458,54,-10,N,"Kahului, HI",1722,1722,1752,1752,5.371660859465737,9.028455284552859,21.0,48.0,"Wed, Mar 23, 2011","Sun, Mar 20, 2011"
3863,Will Rogers World,Oklahoma City,United States,OKC,KOKC,35.393089,-97.600733,1295,-6,A,"Oklahoma City, OK",1721,1742,1728,1754,4.119697850087146,10.371986222732483,34.0,86.0,"Wed, Mar  9, 2011","Wed, Mar 23, 2011"
3454,Eppley Airfield,Omaha,United States,OMA,KOMA,41.303167,-95.894069,984,-6,A,"Omaha, NE",1686,1707,1704,1723,3.7277580071174388,12.428822495606324,19.0,174.0,"Sun, Mar 20, 2011","Fri, Mar 25, 2011"
3615,Nome,Nome,United States,OME,PAOM,64.512203,-165.445247,37,-9,A,"Nome, AK",89,90,93,93,3.9887640449438195,6.044444444444444,9.0,25.0,"Wed, Mar 30, 2011","Tue, Mar 22, 2011"
3734,Ontario International,Ontario,United States,ONT,KONT,34.056,-117.601194,944,-8,A,"Ontario, CA",2021,2020,2034,2034,4.375556655121231,9.939108910891097,17.0,69.0,"Sun, Mar 20, 2011","Thu, Mar 24, 2011"
3830,Chicago O'Hare International,Chicago,United States,ORD,KORD,41.978603,-87.904842,668,-6,A,"Chicago, IL",26689,26719,27287,27240,9.423582749447336,16.270818518657045,111.0,114.0,"Sun, Mar 13, 2011","Sun, Mar  6, 2011"
3611,Norfolk International,Norfolk,United States,ORF,KORF,36.894611,-76.201222,26,-5,A,"Norfolk, VA",1154,1160,1171,1175,4.334488734835344,12.340517241379322,26.0,90.0,"Tue, Mar 22, 2011","Tue, Mar  1, 2011"
5757,Southwest Oregon Regional Airport,North Bend,United States,OTH,KOTH,43.4171,-124.246,17,-8,A,"North Bend/Coos Bay, OR",91,91,93,93,3.032967032967033,8.890109890109894,7.0,81.0,"Sat, Mar 19, 2011","Wed, Mar 23, 2011"
3693,Ralph Wien Memorial,Kotzebue,United States,OTZ,PAOT,66.884678,-162.59855,11,-9,A,"Kotzebue, AK",90,90,92,92,4.622222222222223,6.133333333333334,11.0,30.0,"Mon, Mar 21, 2011","Thu, Mar 10, 2011"
4117,Barkley Regional Airport,PADUCAH,United States,PAH,KPAH,37.0602875,-88.7729583,410,-6,A,"Paducah, KY",61,61,62,62,4.0163934426229515,11.688524590163935,7.0,25.0,"Mon, Mar 21, 2011","Wed, Mar  2, 2011"
3722,Palm Beach International,West Palm Beach,United States,PBI,KPBI,26.683161,-80.095589,19,-5,A,"West Palm Beach/Palm Beach, FL",2759,2757,2765,2763,4.351939108372605,13.65832426550599,20.0,130.0,"Sat, Mar 12, 2011","Thu, Mar 10, 2011"
3720,Portland International,Portland,United States,PDX,KPDX,45.588722,-122.5975,30,-8,A,"Portland, OR",4283,4286,4310,4311,4.018445015176281,10.995100326644897,49.0,65.0,"Tue, Mar 15, 2011","Thu, Mar 31, 2011"
3633,Newport News Williamsburg International,Newport News,United States,PHF,KPHF,37.131894,-76.492989,43,-5,A,"Newport News/Williamsburg, VA",386,387,396,396,5.567357512953368,12.049095607235142,11.0,92.0,"Wed, Mar  9, 2011","Thu, Mar 10, 2011"
3752,Philadelphia International,Philadelphia,United States,PHL,KPHL,39.871944,-75.241139,36,-5,A,"Philadelphia, PA",7472,7471,7531,7530,6.862285867237687,20.0215499933074,66.0,119.0,"Mon, Mar 14, 2011","Fri, Mar 11, 2011"
3462,Phoenix Sky Harbor International,Phoenix,United States,PHX,KPHX,33.434278,-112.011583,1135,-7,N,"Phoenix, AZ",16633,16676,16760,16757,7.030120844105093,13.875989445910289,75.0,79.0,"Mon, Mar 14, 2011","Fri, Mar 18, 2011"
4046,Peoria Regional,Peoria,United States,PIA,KPIA,40.664203,-89.693258,660,-6,A,"Peoria, IL",240,241,244,244,3.629166666666667,10.165975103734443,20.0,90.0,"Sun, Mar  6, 2011","Tue, Mar 22, 2011"
3617,St. Petersburg Clearwater International,St. Petersburg,United States,PIE,KPIE,27.910167,-82.687389,10,-5,A,"St. Petersburg, FL",15,15,15,15,6.0,11.133333333333333,9.0,21.0,"Wed, Mar 30, 2011","Sun, Mar 27, 2011"
5760,Pocatello Regional Airport,Pocatello,United States,PIH,KPIH,42.9098,-112.596,4452,-7,A,"Pocatello, ID",120,120,120,120,3.116666666666667,10.341666666666665,7.0,31.0,"Wed, Mar 23, 2011","Sun, Mar  6, 2011"
3570,Pittsburgh International,Pittsburgh (pennsylva),United States,PIT,KPIT,40.491467,-80.232872,1204,-5,A,"Pittsburgh, PA",2730,2724,2744,2742,5.427472527472525,15.201541850220265,80.0,125.0,"Wed, Mar 23, 2011","Fri, Mar 11, 2011"
3564,Pensacola Regional,Pensacola,United States,PNS,KPNS,30.473425,-87.186611,121,-6,A,"Pensacola, FL",927,924,942,943,4.1618122977346275,12.462121212121213,16.0,42.0,"Thu, Mar 24, 2011","Sun, Mar  6, 2011"
6133,Tri Cities Airport,Pasco,United States,PSC,PSC,46.2647,-119.119,410,-8,A,"Pasco/Kennewick/Richland, WA",327,326,328,328,4.3822629969419,11.41411042944785,8.0,48.0,"Sun, Mar  6, 2011","Mon, Mar 28, 2011"
4147,Petersburg James A. Johnson,Petersburg,United States,PSG,PAPG,56.801667,-132.945278,105,-9,A,"Petersburg, AK",61,61,62,62,3.7704918032786887,9.114754098360658,6.0,36.0,"Mon, Mar 14, 2011","Sat, Mar 12, 2011"
3839,Palm Springs International,Palm Springs,United States,PSP,KPSP,33.829667,-116.506694,477,-8,A,"Palm Springs, CA",1164,1169,1180,1180,5.111683848797256,12.498716852010258,37.0,61.0,"Tue, Mar  8, 2011","Mon, Mar 21, 2011"
3641,Theodore Francis Green State,Providence,United States,PVD,KPVD,41.732581,-71.420383,55,-5,A,"Providence, RI",1558,1556,1570,1569,4.170731707317071,12.816838046272494,24.0,138.0,"Sat, Mar 12, 2011","Wed, Mar 23, 2011"
3862,Portland International Jetport,Portland,United States,PWM,KPWM,43.646161,-70.309281,77,-5,A,"Portland, ME",377,377,381,381,3.6339522546419096,16.236074270557033,9.0,75.0,"Sat, Mar  5, 2011","Thu, Mar 10, 2011"
4087,Rapid City Regional Airport,Rapid City,United States,RAP,KRAP,44.045278,-103.057222,3204,-7,A,"Rapid City, SD",376,384,405,414,4.454787234042553,13.23958333333333,15.0,77.0,"Tue, Mar  8, 2011","Sat, Mar 26, 2011"
4098,Redding Municipal,Redding,United States,RDD,KRDD,40.509,-122.293389,504,-8,A,"Redding, CA",145,144,156,155,3.613793103448276,10.930555555555555,8.0,35.0,"Thu, Mar 10, 2011","Wed, Mar 23, 2011"
4103,Roberts Field,Redmond-Bend,United States,RDM,KRDM,44.254066,-121.149964,3077,-8,A,"Bend/Redmond, OR",274,275,279,279,3.197080291970803,11.370909090909091,6.0,39.0,"Wed, Mar 30, 2011","Sat, Mar 26, 2011"
3626,Raleigh Durham International,Raleigh-durham,United States,RDU,KRDU,35.877639,-78.787472,435,-5,A,"Raleigh/Durham, NC",3430,3425,3473,3473,4.520991253644336,14.308029197080282,62.0,126.0,"Wed, Mar 23, 2011","Wed, Mar 23, 2011"
3608,Richmond International,Richmond,United States,RIC,KRIC,37.505167,-77.319667,167,-5,A,"Richmond, VA",1299,1296,1313,1312,5.264049268668203,14.482253086419753,55.0,128.0,"Sun, Mar 27, 2011","Wed, Mar 23, 2011"
5766,Rock Springs Sweetwater County Airport,Rock Springs,United States,RKS,KRKS,41.5942,-109.065,6760,-7,A,"Rock Springs, WY",153,153,155,155,3.209150326797385,13.68627450980392,8.0,70.0,"Wed, Mar  2, 2011","Thu, Mar  3, 2011"
3807,Reno Tahoe International,Reno,United States,RNO,KRNO,39.499108,-119.768108,4415,-8,A,"Reno, NV",1898,1892,1917,1915,4.606954689146486,11.358879492600419,19.0,110.0,"Mon, Mar  7, 2011","Wed, Mar 23, 2011"
4016,Roanoke Regional,Roanoke VA,United States,ROA,KROA,37.325472,-79.975417,1175,-5,A,"Roanoke, VA",206,206,214,213,4.514563106796113,15.85436893203884,12.0,70.0,"Wed, Mar  2, 2011","Wed, Mar 16, 2011"
3622,Greater Rochester International,Rochester,United States,ROC,KROC,43.118866,-77.672389,559,-5,A,"Rochester, NY",858,856,868,868,5.576923076923075,15.841121495327105,25.0,126.0,"Wed, Mar 23, 2011","Sun, Mar  6, 2011"
3736,Roswell International Air Center,Roswell,United States,ROW,KROW,33.301556,-104.530556,3671,-7,A,"Roswell, NM",89,89,89,89,4.179775280898876,8.69662921348315,12.0,20.0,"Sun, Mar  6, 2011","Sat, Mar 26, 2011"
4048,Rochester,Rochester,United States,RST,KRST,43.908283,-92.500014,1317,-6,A,"Rochester, MN",62,62,62,62,3.225806451612903,11.274193548387096,8.0,23.0,"Sun, Mar  6, 2011","Fri, Mar  4, 2011"
3793,Southwest Florida International,Fort Myers,United States,RSW,KRSW,26.536167,-81.755167,30,-5,A,"Fort Myers, FL",3504,3490,3504,3501,5.194063926940635,13.673925501432665,49.0,95.0,"Thu, Mar 31, 2011","Wed, Mar 23, 2011"
3784,Santa Fe Municipal,Santa Fe,United States,SAF,KSAF,35.617108,-106.089422,6348,-7,A,"Santa Fe, NM",93,92,93,93,5.010752688172043,9.065217391304344,32.0,17.0,"Tue, Mar  8, 2011","Sun, Mar  6, 2011"
3731,San Diego International,San Diego,United States,SAN,KSAN,32.733556,-117.189667,17,-8,A,"San Diego, CA",6441,6437,6532,6533,3.585002328830931,12.702501165139047,39.0,95.0,"Sat, Mar 12, 2011","Fri, Mar 18, 2011"
3621,San Antonio International,San Antonio,United States,SAT,KSAT,29.533694,-98.469778,809,-6,A,"San Antonio, TX",3264,3257,3270,3269,4.204350490196084,10.939514891004006,39.0,94.0,"Tue, Mar 29, 2011","Sun, Mar 27, 2011"
3613,Savannah Hilton Head International,Savannah,United States,SAV,KSAV,32.127583,-81.202139,51,-5,A,"Savannah, GA",768,763,776,775,5.093749999999999,14.728702490170368,20.0,76.0,"Sun, Mar 13, 2011","Wed, Mar  2, 2011"
3949,Santa Barbara Municipal,Santa Barbara,United States,SBA,KSBA,34.426211,-119.840372,10,-8,A,"Santa Barbara, CA",824,822,841,840,3.973300970873784,9.846715328467154,16.0,50.0,"Fri, Mar  4, 2011","Sun, Mar 20, 2011"
4359,South Bend Regional,South Bend,United States,SBN,KSBN,41.708661,-86.31725,799,-5,A,"South Bend, IN",166,166,179,179,2.7409638554216857,8.843373493975907,5.0,54.0,"Wed, Mar  9, 2011","Tue, Mar 22, 2011"
5768,San Luis County Regional Airport,San Luis Obispo,United States,SBP,KSBP,35.2368,-120.642,212,-8,A,"San Luis Obispo, CA",386,385,401,401,3.3730569948186515,10.04675324675325,12.0,54.0,"Sat, Mar 19, 2011","Tue, Mar 22, 2011"
3620,Deadhorse,Deadhorse,United States,SCC,PASC,70.19475,-148.465167,64,-9,A,"Deadhorse, AK",58,58,58,58,3.896551724137931,5.2413793103448265,6.0,22.0,"Wed, Mar 23, 2011","Wed, Mar  9, 2011"
4014,Louisville International Airport,Louisville,United States,SDF,KSDF,38.1740858,-85.7364989,501,-5,A,"Louisville, KY",1349,1346,1362,1363,5.3506300963676745,12.71991084695395,27.0,98.0,"Tue, Mar 15, 2011","Wed, Mar 23, 2011"
3577,Seattle Tacoma International,Seattle,United States,SEA,KSEA,47.449,-122.309306,433,-8,A,"Seattle, WA",7809,7807,7860,7859,5.533230887437571,14.552581017035996,34.0,80.0,"Sat, Mar 26, 2011","Wed, Mar  9, 2011"
3469,San Francisco International,San Francisco,United States,SFO,KSFO,37.618972,-122.374889,13,-8,A,"San Francisco, CA",11651,11658,11968,11958,6.2255600377650016,17.102247383770905,51.0,134.0,"Fri, Mar  4, 2011","Fri, Mar 18, 2011"
4348,Springfield Branson National,Springfield,United States,SGF,KSGF,37.245667,-93.388639,1268,-6,A,"Springfield, MO",647,646,661,661,4.401854714064912,12.930340557275542,30.0,48.0,"Fri, Mar  4, 2011","Thu, Mar 31, 2011"
4064,St. George Municipal,Saint George,United States,SGU,KSGU,37.090583,-113.593056,2941,-7,A,"St. George, UT",162,162,162,162,3.4567901234567895,10.765432098765435,6.0,33.0,"Wed, Mar 23, 2011","Wed, Mar 23, 2011"
3609,Shreveport Regional,Shreveport,United States,SHV,KSHV,32.446629,-93.8256,258,-6,A,"Shreveport, LA",389,388,396,396,4.3393316195372735,9.033505154639162,21.0,86.0,"Tue, Mar 29, 2011","Sun, Mar  6, 2011"
3856,Sitka Rocky Gutierrez,Sitka,United States,SIT,PASI,57.047138,-135.361611,21,-9,A,"Sitka, AK",92,92,93,93,4.282608695652173,11.010869565217389,9.0,41.0,"Mon, Mar 14, 2011","Sat, Mar 12, 2011"
3748,Norman Y. Mineta San Jose International,San Jose,United States,SJC,KSJC,37.3626,-121.929022,62,-8,A,"San Jose, CA",3501,3499,3541,3540,3.784347329334473,10.469562732209175,44.0,53.0,"Fri, Mar 18, 2011","Wed, Mar 23, 2011"
3536,Salt Lake City International,Salt Lake City,United States,SLC,KSLC,40.788389,-111.977772,4227,-7,A,"Salt Lake City, UT",10682,10749,10817,10804,5.974536603632286,18.30681923899899,56.0,157.0,"Fri, Mar 25, 2011","Mon, Mar  7, 2011"
3817,Sacramento International,Sacramento,United States,SMF,KSMF,38.695417,-121.590778,27,-8,A,"Sacramento, CA",3573,3554,3613,3591,4.2580464595578,9.849746764209353,36.0,71.0,"Sat, Mar 26, 2011","Sun, Mar 13, 2011"
5772,Santa Maria Public-Captain G. Allan Hancock Airport,Santa Maria,United States,SMX,KSMX,34.8989,-120.457,261,-8,A,"Santa Maria, CA",113,112,120,120,3.955752212389383,9.705357142857144,12.0,38.0,"Wed, Mar 23, 2011","Sun, Mar 20, 2011"
3867,John Wayne Airport Orange County,Santa Ana,United States,SNA,KSNA,33.675667,-117.868222,56,-8,A,"Santa Ana, CA",3590,3580,3630,3624,6.062116991643454,12.293575418994417,39.0,82.0,"Tue, Mar 29, 2011","Wed, Mar 16, 2011"
4336,Abraham Lincoln Capital,Springfield,United States,SPI,KSPI,39.8441,-89.677889,597,-6,A,"Springfield, IL",138,137,143,143,3.5869565217391304,10.51094890510949,6.0,71.0,"Sun, Mar  6, 2011","Sat, Mar  5, 2011"
3680,Sheppard AFB Wichita Falls Municipal,Wichita Falls,United States,SPS,KSPS,33.988797,-98.491894,1019,-6,A,"Wichita Falls, TX",27,27,27,27,6.703703703703703,11.037037037037036,13.0,21.0,"Sun, Mar  6, 2011","Fri, Mar 18, 2011"
4067,Sarasota Bradenton International,Sarasota,United States,SRQ,KSRQ,27.395444,-82.554389,30,-5,A,"Sarasota/Bradenton, FL",636,633,638,637,4.638364779874216,12.661927330173775,45.0,61.0,"Thu, Mar 24, 2011","Thu, Mar 10, 2011"
3678,Lambert St. Louis International,St. Louis,United States,STL,KSTL,38.748697,-90.370028,618,-6,A,"St. Louis, MO",4837,4836,4893,4896,5.276617738267525,12.637510339123224,148.0,162.0,"Mon, Mar 14, 2011","Mon, Mar 14, 2011"
6494,Friedman Memorial,Hailey,United States,SUN,KSUN,43.504444,-114.296194,5320,-7,A,"Sun Valley/Hailey/Ketchum, ID",158,158,217,215,3.1645569620253156,9.645569620253163,6.0,37.0,"Wed, Mar  2, 2011","Fri, Mar 25, 2011"
3661,Stewart International,Newburgh,United States,SWF,KSWF,41.504094,-74.104839,491,-5,A,"Newburgh/Poughkeepsie, NY",124,124,124,124,5.483870967741938,15.758064516129034,13.0,57.0,"Thu, Mar 10, 2011","Wed, Mar 23, 2011"
3745,Syracuse Hancock International,Syracuse,United States,SYR,KSYR,43.111187,-76.106311,421,-5,A,"Syracuse, NY",696,697,701,703,4.5086206896551735,16.078909612625566,32.0,87.0,"Wed, Mar  9, 2011","Sun, Mar 20, 2011"
4084,Telluride,Telluride,United States,TEX,KTEX,37.953759,-107.90848,9078,-7,A,"Telluride, CO",45,43,51,51,6.311111111111113,19.069767441860467,14.0,91.0,"Mon, Mar  7, 2011","Fri, Mar 25, 2011"
3698,Tallahassee Regional,Tallahassee,United States,TLH,KTLH,30.396528,-84.350333,81,-5,A,"Tallahassee, FL",464,463,478,477,3.7586206896551726,14.079913606911443,13.0,98.0,"Mon, Mar 14, 2011","Sun, Mar 27, 2011"
4040,Toledo,Toledo,United States,TOL,KTOL,41.586806,-83.807833,684,-5,A,"Toledo, OH",24,24,27,27,2.416666666666667,10.958333333333334,4.0,24.0,"Tue, Mar  1, 2011","Thu, Mar 24, 2011"
3646,Tampa International,Tampa,United States,TPA,KTPA,27.975472,-82.53325,26,-5,A,"Tampa, FL",6566,6559,6585,6583,4.647730734084685,13.25689891751791,75.0,131.0,"Thu, Mar 31, 2011","Thu, Mar 31, 2011"
4116,Tri-Cities Regional Airport,BRISTOL,United States,TRI,KTRI,36.4752222,-82.4074167,1519,-5,A,"Bristol/Johnson City/Kingsport, TN",262,263,269,270,3.5801526717557253,13.513307984790874,16.0,90.0,"Sun, Mar 27, 2011","Sun, Mar  6, 2011"
3855,Tulsa International,Tulsa,United States,TUL,KTUL,36.198389,-95.888111,677,-6,A,"Tulsa, OK",1499,1496,1511,1510,3.941961307538355,11.193181818181806,21.0,92.0,"Sat, Mar  5, 2011","Sun, Mar 20, 2011"
3636,Tucson International,Tucson,United States,TUS,KTUS,32.116083,-110.941028,2643,-7,N,"Tucson, AZ",1969,1966,1979,1981,4.613001523616047,11.21668362156664,35.0,67.0,"Wed, Mar 23, 2011","Sun, Mar 20, 2011"
4023,Cherry Capital Airport,Traverse City,United States,TVC,KTVC,44.741445,-85.582235,624,-5,A,"Traverse City, MI",164,164,174,174,3.4451219512195115,11.676829268292677,28.0,69.0,"Wed, Mar 23, 2011","Fri, Mar  4, 2011"
4263,Magic Valley Regional Airport,Twin Falls,United States,TWF,KTWF,42.481803,-114.487733,4151,-7,A,"Twin Falls, ID",124,124,124,125,3.443548387096774,11.758064516129032,6.0,44.0,"Fri, Mar 11, 2011","Mon, Mar 28, 2011"
3770,Texarkana Regional-Webb Field,Texarkana,United States,TXK,KTXK,33.453722,-93.991028,390,-6,A,"Texarkana, AR",62,62,62,62,3.3064516129032255,8.725806451612904,8.0,17.0,"Tue, Mar 29, 2011","Sun, Mar  6, 2011"
3848,Tyler Pounds Regional,Tyler,United States,TYR,KTYR,32.354139,-95.402386,544,-6,A,"Tyler, TX",62,62,62,62,3.629032258064516,8.806451612903226,9.0,19.0,"Wed, Mar 30, 2011","Mon, Mar 21, 2011"
3676,McGhee Tyson,Knoxville,United States,TYS,KTYS,35.810972,-83.994028,981,-5,A,"Knoxville, TN",954,953,969,968,3.646750524109014,12.487932843651626,25.0,113.0,"Wed, Mar  9, 2011","Thu, Mar  3, 2011"
7827,Tunica Municipal Airport,Tunica,United States,UTM,KUTA,34.681,-90.3467,194,-6,A,"Tunica, MS",17,17,17,17,4.705882352941177,18.0,8.0,49.0,"Fri, Mar 11, 2011","Sun, Mar 20, 2011"
5776,Valdosta Regional Airport,Valdosta,United States,VLD,KVLD,30.7825,-83.2767,203,-5,A,"Valdosta, GA",87,87,89,89,3.8735632183908044,13.436781609195402,6.0,37.0,"Sat, Mar 19, 2011","Fri, Mar  4, 2011"
3873,Eglin AFB,Valparaiso,United States,VPS,KVPS,30.48325,-86.5254,87,-6,A,"Valparaiso, FL",639,637,645,645,6.837245696400626,13.676609105180539,27.0,82.0,"Wed, Mar  9, 2011","Sun, Mar 27, 2011"
5969,Wrangell Airport,Wrangell,United States,WRG,PAWG,56.4843,-132.37,44,-9,A,"Wrangell, AK",61,60,62,62,3.8688524590163933,9.18333333333333,6.0,38.0,"Tue, Mar  1, 2011","Fri, Mar 18, 2011"
4356,NW Arkansas Regional,Bentonville,United States,XNA,KXNA,36.2818694,-94.3068111,1287,-6,A,"Fayetteville, AR",978,978,1009,1008,4.303680981595081,13.038854805725975,16.0,93.0,"Mon, Mar 14, 2011","Sat, Mar  5, 2011"
6803,Yakutat,Yakutat,United States,YAK,PAYA,59.3012,-139.3937,33,-9,A,"Yakutat, AK",62,62,62,62,3.9193548387096775,6.903225806451613,8.0,22.0,"Sun, Mar 20, 2011","Mon, Mar  7, 2011"
3596,Yuma MCAS Yuma International,Yuma,United States,YUM,KYUM,32.656578,-114.60598,216,-7,N,"Yuma, AZ",334,336,342,342,4.428143712574853,12.291666666666675,22.0,32.0,"Sat, Mar 12, 2011","Sat, Mar 26, 2011"
2883,Cyril E. King,St. Thomas,Virgin Islands,STT,TIST,18.337306,-64.973361,23,-4,U,"Charlotte Amalie, VI",316,314,319,319,5.202531645569616,14.140127388535031,23.0,72.0,"Sat, Mar 12, 2011","Sat, Mar 12, 2011"
2884,Henry E. Rohlsen,St. Croix Island,Virgin Islands,STX,TISX,17.701889,-64.798556,74,-4,U,"Christiansted, VI",42,42,44,44,3.619047619047619,12.80952380952381,8.0,28.0,"Wed, Mar  9, 2011","Sat, Mar 12, 2011"
2246,Guam International,Agana,Guam,GUM,PGUM,13.48345,144.795983,298,10,U,"Guam, TT",32,32,32,32,4.499999999999999,11.5625,6.0,18.0,"Tue, Mar  8, 2011","Fri, Mar 11, 2011"
2885,Rafael Hernndez,Aguadilla,Puerto Rico,BQN,TJBQ,18.494861,-67.129444,237,-4,U,"Aguadilla, PR",110,110,110,110,4.745454545454548,11.972727272727273,10.0,40.0,"Sun, Mar 27, 2011","Mon, Mar 28, 2011"
2889,Aeropuerto Mercedita,Ponce,Puerto Rico,PSE,TJPS,18.008306,-66.563028,29,-4,U,"Ponce, PR",61,60,62,62,5.229508196721311,12.233333333333333,33.0,27.0,"Mon, Mar 21, 2011","Wed, Mar 30, 2011"
2890,Luis Muoz Marn International,San Juan,Puerto Rico,SJU,TJSJ,18.439417,-66.001833,9,-4,U,"San Juan, PR",1945,1938,1954,1954,6.038046272493575,13.84984520123839,60.0,69.0,"Wed, Mar  2, 2011","Fri, Mar  4, 2011"
2244,Francisco C. Ada Saipan International,Saipan,Northern Mariana Islands,SPN,PGSN,15.119003,145.729356,215,10,U,"Saipan, TT",1,1,1,1,5.0,8.0,5.0,8.0,"Sun, Mar  6, 2011","Thu, Mar  3, 2011"
