airport_id,name,city,country,iata_faa,iaco,latitude,longitude,altitude,zone,dst,city_state,avg_able_landings,avg_able_takeoffs,total_landings,total_takeoffs,avg_taxi_in,avg_taxi_out,longest_taxi_in,longest_taxi_out,lng_tx_in_date,lng_tx_out_date
4355,Lehigh Valley International,Allentown,United States,ABE,KABE,40.652083,-75.440806,393,-5,A,"Allentown/Bethlehem/Easton, PA",214,215,215,216,4.2289719626168205,13.055813953488371,12.0,38.0,"Thu, Mar  1, 2012","Tue, Mar 27, 2012"
3718,Abilene Regional,Abilene,United States,ABI,KABI,32.411319,-99.681897,1791,-6,A,"Abilene, TX",196,195,204,204,3.4183673469387754,8.015384615384614,17.0,32.0,"Wed, Mar 21, 2012","Sat, Mar 10, 2012"
4019,Albuquerque International Sunport,Albuquerque,United States,ABQ,KABQ,35.0402222,-106.6091944,5355,-7,A,"Albuquerque, NM",2669,2661,2693,2693,6.3233420756837715,12.229237128898902,110.0,124.0,"Sun, Mar 18, 2012","Sun, Mar 11, 2012"
5714,Aberdeen Regional Airport,Aberdeen,United States,ABR,KABR,45.4491,-98.4218,1302,-6,A,"Aberdeen, SD",51,50,51,50,5.176470588235293,12.239999999999998,14.0,25.0,"Sat, Mar  3, 2012","Mon, Mar  5, 2012"
5715,Southwest Georgia Regional Airport,Albany,United States,ABY,KABY,31.5355,-84.1945,197,-5,A,"Albany, GA",83,82,83,83,3.8433734939759034,12.463414634146341,17.0,31.0,"Sun, Mar  4, 2012","Mon, Mar 19, 2012"
3700,Waco Regional,Waco,United States,ACT,KACT,31.611289,-97.230519,516,-6,A,"Waco, TX",103,103,106,106,3.466019417475728,8.446601941747568,7.0,19.0,"Sun, Mar 11, 2012","Tue, Mar 13, 2012"
4384,Arcata,Arcata CA,United States,ACV,KACV,40.978111,-124.108611,221,-8,A,"Arcata/Eureka, CA",238,238,260,261,3.7016806722689077,10.756302521008408,13.0,39.0,"Thu, Mar 15, 2012","Thu, Mar 15, 2012"
5959,Adak Airport,Adak Island,United States,ADK,PADK,51.878,-176.646,18,-10,A,"Adak Island, AK",9,9,9,9,4.888888888888889,6.888888888888889,7.0,12.0,"Sun, Mar 11, 2012","Thu, Mar 22, 2012"
3531,Kodiak,Kodiak,United States,ADQ,PADQ,57.749967,-152.493856,78,-9,A,"Kodiak, AK",53,52,57,57,3.2452830188679247,5.75,5.0,17.0,"Thu, Mar  1, 2012","Tue, Mar 20, 2012"
3852,Alexandria International,Alexandria,United States,AEX,KAEX,31.3274,-92.549833,89,-6,A,"Alexandria, LA",262,261,270,269,2.946564885496182,11.873563218390805,9.0,62.0,"Fri, Mar  2, 2012","Tue, Mar 13, 2012"
3658,Augusta Regional At Bush Field,Bush Field,United States,AGS,KAGS,33.369944,-81.9645,144,-5,A,"Augusta, GA",251,249,254,254,3.346613545816733,15.94377510040161,18.0,53.0,"Thu, Mar 15, 2012","Thu, Mar 22, 2012"
3864,Albany International,Albany,United States,ALB,KALB,42.748267,-73.801692,285,-5,A,"Albany, NY",679,678,679,678,3.7569955817378498,11.460176991150453,15.0,82.0,"Sat, Mar 17, 2012","Thu, Mar  1, 2012"
3840,Rick Husband Amarillo International,Amarillo,United States,AMA,KAMA,35.219369,-101.705931,3607,-6,A,"Amarillo, TX",525,526,534,535,4.241904761904757,9.673003802281372,16.0,85.0,"Fri, Mar 23, 2012","Mon, Mar 12, 2012"
3774,Ted Stevens Anchorage International,Anchorage,United States,ANC,PANC,61.174361,-149.996361,152,-9,A,"Anchorage, AK",1291,1296,1305,1307,4.206041828040286,13.451388888888884,30.0,71.0,"Fri, Mar 23, 2012","Tue, Mar  6, 2012"
3838,Watertown International,Watertown,United States,ART,KART,43.991922,-76.021739,325,-5,A,"Watertown, NY",52,52,53,53,5.326923076923079,16.442307692307693,17.0,68.0,"Sun, Mar  4, 2012","Fri, Mar 23, 2012"
7001,Aspen/Pitkin County-Sardy Field,Aspen,United States,ASE,KASE,39.2232,-106.869,7820,-7,A,"Aspen, CO",740,741,786,786,3.4351351351351354,10.755735492577601,14.0,80.0,"Sat, Mar 31, 2012","Thu, Mar  1, 2012"
3682,Hartsfield Jackson Atlanta International,Atlanta,United States,ATL,KATL,33.636719,-84.428067,1026,-5,A,"Atlanta, GA",33484,33582,33669,33691,10.165780671365418,19.22017747602878,56.0,116.0,"Mon, Mar 26, 2012","Thu, Mar 15, 2012"
4047,Appleton,Appleton,United States,ATW,KATW,44.257526,-88.507576,680,-6,A,"Appleton, WI",321,322,329,330,4.087227414330209,10.773291925465836,23.0,53.0,"Sun, Mar 18, 2012","Fri, Mar  2, 2012"
3673,Austin Bergstrom International,Austin,United States,AUS,KAUS,30.194528,-97.669889,542,-6,A,"Austin, TX",3542,3549,3577,3577,5.380293619424054,11.844463229078613,46.0,89.0,"Mon, Mar  5, 2012","Mon, Mar 19, 2012"
4007,Asheville Regional Airport,Asheville,United States,AVL,KAVL,35.436194,-82.541806,2165,-5,A,"Asheville, NC",387,388,394,393,3.6304909560723524,15.36340206185567,25.0,58.0,"Tue, Mar 13, 2012","Mon, Mar  5, 2012"
4286,Wilkes Barre Scranton International,Scranton,United States,AVP,KAVP,41.338478,-75.723403,962,-5,A,"Scranton/Wilkes-Barre, PA",114,113,115,114,3.4649122807017543,11.663716814159292,8.0,38.0,"Sat, Mar 10, 2012","Sun, Mar  4, 2012"
4039,Kalamazoo,Kalamazoo,United States,AZO,KAZO,42.234875,-85.552058,874,-5,A,"Kalamazoo, MI",56,56,58,58,3.392857142857143,13.05357142857143,11.0,36.0,"Thu, Mar  8, 2012","Sun, Mar  4, 2012"
3825,Bradley International,Windsor Locks,United States,BDL,KBDL,41.938889,-72.683222,173,-5,A,"Hartford, CT",1771,1760,1776,1774,5.083568605307739,14.059090909090909,34.0,79.0,"Tue, Mar 13, 2012","Thu, Mar  8, 2012"
3599,Bethel,Bethel,United States,BET,PABE,60.779778,-161.838,121,-9,A,"Bethel, AK",82,82,84,84,3.792682926829268,6.170731707317073,7.0,14.0,"Tue, Mar 20, 2012","Mon, Mar  5, 2012"
3558,Meadows Field,Bakersfield,United States,BFL,KBFL,35.433598,-119.05677,507,-8,A,"Bakersfield, CA",319,315,326,327,4.094043887147332,12.133333333333338,10.0,63.0,"Fri, Mar 16, 2012","Thu, Mar 22, 2012"
3463,Bangor International,Bangor,United States,BGR,KBGR,44.807444,-68.828139,192,-5,A,"Bangor, ME",7,6,7,7,4.142857142857143,15.5,6.0,29.0,"Sat, Mar 31, 2012","Fri, Mar  2, 2012"
3811,Birmingham International,Birmingham,United States,BHM,KBHM,33.562942,-86.75355,644,-6,A,"Birmingham, AL",1569,1565,1580,1578,3.5589547482472903,12.419169329073473,34.0,83.0,"Sun, Mar 25, 2012","Fri, Mar 30, 2012"
4021,Billings Logan International Airport,Billings,United States,BIL,KBIL,45.80921,-108.537654,3652,-7,A,"Billings, MT",265,264,266,267,3.6452830188679246,11.848484848484848,12.0,51.0,"Fri, Mar 16, 2012","Mon, Mar 19, 2012"
4083,Bismarck Municipal Airport,Bismarck,United States,BIS,KBIS,46.775842,-100.757931,1661,-6,A,"Bismarck/Mandan, ND",294,296,295,297,4.044217687074824,11.000000000000004,7.0,47.0,"Mon, Mar  5, 2012","Sun, Mar  4, 2012"
4287,Bemidji Regional Airport,Bemidji,United States,BJI,KBJI,47.510722,-94.934722,1391,-6,A,"Bemidji, MN",50,49,51,50,4.499999999999997,13.224489795918368,18.0,36.0,"Thu, Mar 29, 2012","Tue, Mar  6, 2012"
6962,Branson LLC,Branson,United States,BKG,KBBG,36.531994,-93.200556,1302,-6,A,"Branson, MO",66,66,67,67,5.060606060606062,9.77272727272727,11.0,21.0,"Wed, Mar  7, 2012","Mon, Mar 12, 2012"
3777,Bellingham International,Bellingham,United States,BLI,KBLI,48.792694,-122.537528,170,-8,A,"Bellingham, WA",74,74,74,74,4.135135135135135,13.094594594594595,12.0,53.0,"Tue, Mar  6, 2012","Thu, Mar  1, 2012"
4037,Central Illinois Regional,Bloomington,United States,BMI,KBMI,40.477111,-88.915917,871,-6,A,"Bloomington/Normal, IL",275,274,276,275,3.9709090909090907,8.02919708029197,12.0,99.0,"Thu, Mar  1, 2012","Fri, Mar 30, 2012"
3690,Nashville International,Nashville,United States,BNA,KBNA,36.124472,-86.678194,599,-6,A,"Nashville, TN",4743,4742,4765,4766,5.80033733923678,11.497258540700132,32.0,117.0,"Fri, Mar  9, 2012","Fri, Mar  2, 2012"
3495,Boise Air Terminal,Boise,United States,BOI,KBOI,43.564361,-116.222861,2871,-7,A,"Boise, ID",905,901,910,908,3.594475138121549,10.841287458379579,20.0,76.0,"Sun, Mar  4, 2012","Mon, Mar 26, 2012"
3448,General Edward Lawrence Logan International,Boston,United States,BOS,KBOS,42.364347,-71.005181,19,-5,A,"Boston, MA",8797,8789,8869,8864,6.434238945094923,18.10387984981237,49.0,132.0,"Thu, Mar  1, 2012","Sat, Mar 17, 2012"
5725,Brunswick Golden Isles Airport,Brunswick,United States,BQK,KBQK,31.2588,-81.4665,26,-5,A,"Brunswick, GA",84,83,84,84,3.142857142857143,13.566265060240964,6.0,54.0,"Wed, Mar 14, 2012","Thu, Mar 29, 2012"
3738,Brownsville South Padre Island International,Brownsville,United States,BRO,KBRO,25.906833,-97.425861,22,-6,A,"Brownsville, TX",204,205,208,209,4.313725490196077,10.639024390243902,15.0,83.0,"Thu, Mar  1, 2012","Mon, Mar 12, 2012"
3571,Wiley Post Will Rogers Memorial,Barrow,United States,BRW,PABR,71.285446,-156.766003,44,-9,A,"Barrow, AK",69,70,72,72,4.3768115942028984,5.771428571428571,9.0,17.0,"Fri, Mar 23, 2012","Tue, Mar 27, 2012"
4022,Bert Mooney Airport,Butte,United States,BTM,KBTM,45.954806,-112.497472,5550,-7,A,"Butte, MT",58,58,63,63,3.8103448275862055,10.758620689655176,8.0,22.0,"Sat, Mar 31, 2012","Sun, Mar  4, 2012"
3846,Baton Rouge Metro-Ryan Field,Baton Rouge,United States,BTR,KBTR,30.533167,-91.149639,70,-6,A,"Baton Rouge, LA",621,618,635,634,5.048309178743961,11.794498381877016,32.0,78.0,"Mon, Mar 19, 2012","Fri, Mar 16, 2012"
3711,Burlington International,Burlington,United States,BTV,KBTV,44.471861,-73.153278,335,-5,A,"Burlington, VT",283,281,283,282,4.113074204946991,15.775800711743772,34.0,99.0,"Sun, Mar 18, 2012","Wed, Mar 28, 2012"
3820,Buffalo Niagara International,Buffalo,United States,BUF,KBUF,42.940525,-78.732167,724,-5,A,"Buffalo, NY",1817,1823,1839,1841,4.252614199229504,11.517827756445428,73.0,95.0,"Sat, Mar 31, 2012","Thu, Mar 15, 2012"
3644,Bob Hope,Burbank,United States,BUR,KBUR,34.200667,-118.358667,778,-8,A,"Burbank, CA",2171,2173,2228,2228,3.0907415937356064,10.880349746893698,52.0,74.0,"Tue, Mar 27, 2012","Thu, Mar 22, 2012"
3849,Baltimore Washington International,Baltimore,United States,BWI,KBWI,39.175361,-76.668333,146,-5,A,"Baltimore, MD",8730,8731,8759,8755,5.152462772050393,12.201809643797947,40.0,115.0,"Fri, Mar 23, 2012","Tue, Mar 20, 2012"
4020,Gallatin Field,Bozeman,United States,BZN,KBZN,45.777643,-111.160151,4500,-7,A,"Bozeman, MT",269,269,271,273,4.631970260223045,14.628252788104087,24.0,85.0,"Sat, Mar 17, 2012","Mon, Mar 19, 2012"
3561,Columbia Metropolitan,Colombia,United States,CAE,KCAE,33.938833,-81.119528,236,-5,A,"Columbia, SC",565,563,576,576,3.7309734513274346,14.216696269982242,23.0,61.0,"Sat, Mar 24, 2012","Fri, Mar  9, 2012"
4112,Akron Canton Regional Airport,Akron,United States,CAK,KCAK,40.9160833,-81.4421944,1228,-5,A,"Akron, OH",679,679,685,683,4.805596465390281,12.397643593519879,17.0,75.0,"Tue, Mar 27, 2012","Mon, Mar 19, 2012"
3824,Cedar City Regional,Cedar City,United States,CDC,KCDC,37.700967,-113.098847,5622,-7,A,"Cedar City, UT",54,55,57,58,3.0185185185185186,8.581818181818184,10.0,33.0,"Wed, Mar  7, 2012","Mon, Mar 26, 2012"
3610,Merle K. Mudhole Smith,Cordova,United States,CDV,PACV,60.491778,-145.477556,48,-9,A,"Cordova, AK",59,59,62,62,3.3728813559322033,8.135593220338981,5.0,31.0,"Fri, Mar  2, 2012","Fri, Mar  9, 2012"
5727,Del Norte County Airport,Crescent City,United States,CEC,KCEC,41.7802,-124.237,57,-8,A,"Crescent City, CA",73,72,85,84,3.3835616438356166,12.722222222222221,6.0,35.0,"Sun, Mar 18, 2012","Sun, Mar 18, 2012"
3578,Lovell Field,Chattanooga,United States,CHA,KCHA,35.035278,-85.203808,683,-5,A,"Chattanooga, TN",385,387,392,393,3.8051948051948052,14.953488372093029,16.0,56.0,"Sun, Mar 18, 2012","Sun, Mar 11, 2012"
4015,Charlottesville-Albemarle,Charlottesville VA,United States,CHO,KCHO,38.138639,-78.452861,639,-5,A,"Charlottesville, VA",154,154,155,155,2.844155844155844,11.025974025974028,9.0,38.0,"Wed, Mar 28, 2012","Thu, Mar 22, 2012"
3806,Charleston AFB International,Charleston,United States,CHS,KCHS,32.898647,-80.040528,45,-5,A,"Charleston, SC",1159,1159,1169,1172,5.035375323554793,14.24245038826575,27.0,78.0,"Sun, Mar  4, 2012","Fri, Mar  9, 2012"
3710,Chico Municipal,Chico,United States,CIC,KCIC,39.795383,-121.858422,238,-8,A,"Chico, CA",108,112,119,119,3.4722222222222223,11.276785714285714,21.0,25.0,"Tue, Mar 13, 2012","Thu, Mar  1, 2012"
4043,Cedar Rapids,Cedar Rapids,United States,CID,KCID,41.884694,-91.710806,869,-6,A,"Cedar Rapids/Iowa City, IA",530,531,536,537,4.626415094339623,10.760828625235401,22.0,49.0,"Sat, Mar 24, 2012","Thu, Mar 15, 2012"
4088,McClellan-Palomar Airport,Carlsbad,United States,CLD,KCRQ,33.0742,-117.1648,328,-8,A,"Carlsbad, CA",195,195,198,198,3.6153846153846154,10.794871794871803,7.0,46.0,"Fri, Mar 16, 2012","Sun, Mar 25, 2012"
3486,Cleveland Hopkins International,Cleveland,United States,CLE,KCLE,41.411689,-81.849794,791,-5,A,"Cleveland, OH",4195,4194,4214,4218,6.11704410011919,12.497615641392457,47.0,106.0,"Fri, Mar 30, 2012","Mon, Mar 12, 2012"
3715,Easterwood Field,College Station,United States,CLL,KCLL,30.588583,-96.363833,321,-6,A,"College Station/Bryan, TX",87,87,88,88,4.310344827586207,8.563218390804597,7.0,17.0,"Fri, Mar 30, 2012","Fri, Mar  2, 2012"
3876,Charlotte Douglas International,Charlotte,United States,CLT,KCLT,35.214,-80.943139,748,-5,A,"Charlotte, NC",11771,11800,11853,11849,8.663240166510958,18.244661016949188,69.0,126.0,"Mon, Mar 19, 2012","Fri, Mar 30, 2012"
3759,Port Columbus International,Columbus,United States,CMH,KCMH,39.997972,-82.891889,815,-5,A,"Columbus, OH",2281,2278,2295,2295,4.90968873301184,11.70939420544338,53.0,92.0,"Fri, Mar 30, 2012","Mon, Mar 12, 2012"
4049,Champaign,Champaign,United States,CMI,KCMI,40.03925,-88.278056,754,-6,A,"Champaign/Urbana, IL",166,166,168,168,3.6686746987951806,11.662650602409641,12.0,83.0,"Fri, Mar 30, 2012","Mon, Mar 12, 2012"
5732,Houghton County Memorial Airport,Hancock,United States,CMX,KCMX,47.1684,-88.4891,1095,-5,A,"Hancock/Houghton, MI",58,58,63,62,4.431034482758618,14.03448275862069,8.0,34.0,"Fri, Mar 30, 2012","Mon, Mar 12, 2012"
4344,Yellowstone Regional,Cody,United States,COD,KCOD,44.520194,-109.023806,5102,-7,A,"Cody, WY",62,62,63,63,3.9999999999999996,13.887096774193548,7.0,50.0,"Mon, Mar 19, 2012","Mon, Mar 19, 2012"
3819,City Of Colorado Springs Municipal,Colorado Springs,United States,COS,KCOS,38.805805,-104.700778,6187,-7,A,"Colorado Springs, CO",944,942,958,960,5.906779661016945,15.245222929936306,20.0,91.0,"Fri, Mar  2, 2012","Fri, Mar 30, 2012"
3872,Natrona County International,Casper,United States,CPR,KCPR,42.908,-106.464417,5347,-7,A,"Casper, WY",172,171,173,173,3.744186046511628,11.87134502923977,7.0,43.0,"Sat, Mar 24, 2012","Wed, Mar  7, 2012"
3744,Corpus Christi International,Corpus Christi,United States,CRP,KCRP,27.770361,-97.501222,44,-6,A,"Corpus Christi, TX",619,621,638,640,4.164781906300484,10.045088566827701,38.0,85.0,"Mon, Mar 12, 2012","Thu, Mar  8, 2012"
4285,Yeager,Charleston,United States,CRW,KCRW,38.373147,-81.593189,981,-5,A,"Charleston/Dunbar, WV",317,317,322,323,3.9842271293375395,11.908517350157735,20.0,66.0,"Wed, Mar 21, 2012","Mon, Mar  5, 2012"
4255,Columbus Metropolitan Airport,Columbus,United States,CSG,KCSG,32.5163333,-84.9388611,397,-5,A,"Columbus, GA",192,193,193,194,3.7604166666666665,9.72538860103627,12.0,46.0,"Thu, Mar 22, 2012","Fri, Mar  2, 2012"
3488,Cincinnati Northern Kentucky International,Cincinnati,United States,CVG,KCVG,39.048836,-84.667822,896,-5,A,"Cincinnati, OH",2223,2215,2247,2247,6.342330184435446,13.730925507900682,65.0,110.0,"Thu, Mar 15, 2012","Mon, Mar 12, 2012"
4045,Central Wisconsin,Wassau,United States,CWA,KCWA,44.772726,-89.646635,840,-6,A,"Mosinee, WI",128,128,131,131,3.9765624999999996,10.7265625,13.0,109.0,"Mon, Mar 26, 2012","Fri, Mar 30, 2012"
3804,Cheyenne Regional-Jerry Olson Field,Cheyenne,United States,CYS,KCYS,41.155722,-104.811839,6156,-7,A,"Cheyenne, WY",31,31,31,31,3.7419354838709675,8.709677419354838,8.0,14.0,"Tue, Mar 13, 2012","Wed, Mar  7, 2012"
3950,Daytona Beach International,Daytona Beach,United States,DAB,KDAB,29.179917,-81.058056,34,-5,A,"Daytona Beach, FL",215,216,215,216,3.8651162790697673,15.370370370370374,9.0,63.0,"Sat, Mar 10, 2012","Sat, Mar 24, 2012"
3502,Dallas Love Field,Dallas,United States,DAL,KDAL,32.847111,-96.851778,487,-6,A,"Dallas, TX",3802,3801,3847,3849,4.068122041031055,9.125493291239163,38.0,53.0,"Fri, Mar  9, 2012","Fri, Mar  9, 2012"
3627,James M. Cox Dayton International,Dayton,United States,DAY,KDAY,39.902375,-84.219375,1009,-5,A,"Dayton, OH",1038,1036,1055,1054,4.973988439306354,12.750965250965248,23.0,70.0,"Thu, Mar 29, 2012","Fri, Mar 30, 2012"
4388,Dubuque Regional,Dubuque IA,United States,DBQ,KDBQ,42.402,-90.709472,1076,-6,A,"Dubuque, IA",26,26,26,26,3.923076923076923,12.038461538461538,6.0,55.0,"Wed, Mar  7, 2012","Fri, Mar 30, 2012"
3520,Ronald Reagan Washington National,Washington,United States,DCA,KDCA,38.852083,-77.037722,15,-5,A,"Washington, DC",5739,5737,5829,5828,5.002613695765799,16.903956771831993,72.0,144.0,"Fri, Mar  2, 2012","Tue, Mar 20, 2012"
3751,Denver International,Denver,United States,DEN,KDEN,39.861656,-104.673178,5431,-7,A,"Denver, CO",20236,20250,20347,20342,8.0126013046056,13.207901234567895,68.0,129.0,"Wed, Mar 14, 2012","Fri, Mar  9, 2012"
3670,Dallas Fort Worth International,Dallas-fort Worth,United States,DFW,KDFW,32.896828,-97.037997,607,-6,A,"Dallas/Fort Worth, TX",22512,22550,22998,22990,8.781272210376617,14.11024390243902,69.0,121.0,"Tue, Mar 20, 2012","Sun, Mar 11, 2012"
3739,Dothan Regional,Dothan,United States,DHN,KDHN,31.321339,-85.449628,401,-6,A,"Dothan, AL",115,115,115,115,3.0869565217391304,15.104347826086958,7.0,96.0,"Thu, Mar 15, 2012","Tue, Mar 13, 2012"
3598,Duluth International,Duluth,United States,DLH,KDLH,46.842091,-92.193649,1428,-6,A,"Duluth, MN",166,165,170,170,4.9638554216867465,15.515151515151516,11.0,100.0,"Thu, Mar  8, 2012","Fri, Mar 30, 2012"
3713,Durango La Plata County,Durango,United States,DRO,KDRO,37.151516,-107.75377,6685,-7,A,"Durango, CO",277,278,278,280,5.0072202166065,12.183453237410077,10.0,81.0,"Sun, Mar 11, 2012","Mon, Mar 26, 2012"
3729,Des Moines International,Des Moines,United States,DSM,KDSM,41.533972,-93.663083,958,-6,A,"Des Moines, IA",943,943,953,953,4.445387062566272,11.36373276776246,28.0,69.0,"Fri, Mar  9, 2012","Mon, Mar 12, 2012"
3645,Detroit Metro Wayne County,Detroit,United States,DTW,KDTW,42.212444,-83.353389,645,-5,A,"Detroit, MI",7473,7465,7515,7507,8.633079084704866,17.54601473543196,82.0,152.0,"Fri, Mar 30, 2012","Thu, Mar 15, 2012"
5735,Chippewa Valley Regional Airport,Eau Claire,United States,EAU,KEAU,44.8658,-91.4843,913,-6,A,"Eau Claire, WI",61,61,62,62,3.4262295081967213,15.229508196721312,6.0,66.0,"Mon, Mar 26, 2012","Tue, Mar 13, 2012"
7669,Northwest Florida Beaches International,Panama City,United States,ECP,KECP,30.3417,-85.7973,69,-6,A,"Panama City, FL",519,515,519,518,3.793834296724469,11.031067961165045,38.0,44.0,"Mon, Mar  5, 2012","Tue, Mar 13, 2012"
4250,Eagle County Regional,Vail,United States,EGE,KEGE,39.642556,-106.917694,6540,-7,A,"Eagle, CO",447,448,458,457,4.758389261744967,15.678571428571425,28.0,68.0,"Sun, Mar 18, 2012","Thu, Mar  1, 2012"
5736,Elko Regional Airport,Elko,United States,EKO,KEKO,40.8249,-115.792,5140,-8,A,"Elko, NV",83,82,84,84,4.349397590361442,13.451219512195122,10.0,34.0,"Sat, Mar 24, 2012","Sun, Mar 18, 2012"
3946,Elmira Corning Regional,Elmira,United States,ELM,KELM,42.159889,-76.891611,954,-5,A,"Elmira/Corning, NY",26,25,26,25,3.230769230769231,9.120000000000001,5.0,22.0,"Wed, Mar 28, 2012","Wed, Mar 28, 2012"
3559,El Paso International,El Paso,United States,ELP,KELP,31.80725,-106.377583,3958,-7,A,"El Paso, TX",1760,1760,1773,1774,4.064204545454545,12.31931818181819,32.0,80.0,"Sun, Mar 18, 2012","Mon, Mar 12, 2012"
4099,Mahlon Sweet Field,Eugene,United States,EUG,KEUG,44.124583,-123.211972,374,-8,A,"Eugene, OR",393,396,420,421,3.3893129770992356,13.532828282828282,13.0,171.0,"Wed, Mar 21, 2012","Wed, Mar 21, 2012"
4018,Evansville Regional,Evansville,United States,EVV,KEVV,38.036997,-87.532364,418,-6,A,"Evansville, IN",265,264,267,268,3.792452830188677,12.147727272727277,16.0,103.0,"Sun, Mar 11, 2012","Fri, Mar 30, 2012"
3730,Craven County Regional,New Bern,United States,EWN,KEWN,35.072972,-77.042944,18,-5,A,"New Bern/Morehead/Beaufort, NC",87,87,87,87,2.9195402298850577,8.942528735632187,7.0,30.0,"Fri, Mar 23, 2012","Sat, Mar  3, 2012"
3494,Newark Liberty International,Newark,United States,EWR,KEWR,40.6925,-74.168667,18,-5,A,"Newark, NJ",9701,9709,9822,9814,8.6844655190187,20.913688330415102,71.0,124.0,"Fri, Mar  9, 2012","Fri, Mar 30, 2012"
3875,Key West International,Key West,United States,EYW,KEYW,24.556111,-81.759556,3,-5,A,"Key West, FL",184,184,186,186,3.3043478260869565,9.065217391304348,12.0,28.0,"Wed, Mar 14, 2012","Wed, Mar 21, 2012"
3832,Fairbanks International,Fairbanks,United States,FAI,PAFA,64.815114,-147.856267,434,-9,A,"Fairbanks, AK",359,360,363,363,3.370473537604457,12.180555555555555,12.0,87.0,"Sat, Mar 31, 2012","Sat, Mar 31, 2012"
4292,Hector International Airport,Fargo,United States,FAR,KFAR,46.92065,-96.8157639,902,-6,A,"Fargo, ND",447,446,450,450,4.65324384787472,14.708520179372197,19.0,100.0,"Wed, Mar 28, 2012","Mon, Mar 12, 2012"
3687,Fresno Yosemite International,Fresno,United States,FAT,KFAT,36.776194,-119.71814,336,-8,A,"Fresno, CA",936,935,942,941,4.243589743589737,12.310160427807487,12.0,68.0,"Thu, Mar  8, 2012","Wed, Mar 14, 2012"
5738,Fayetteville Regional-Grannis Field,Fayetteville,United States,FAY,KFAY,34.9912,-78.8803,189,-5,A,"Fayetteville, NC",253,251,254,254,4.486166007905139,12.04382470119522,32.0,60.0,"Sat, Mar  3, 2012","Tue, Mar 13, 2012"
4127,Glacier Park International,Kalispell,United States,FCA,KFCA,48.310472,-114.256,2977,-7,A,"Kalispell, MT",93,94,93,94,4.161290322580645,12.404255319148936,10.0,37.0,"Thu, Mar 29, 2012","Fri, Mar 23, 2012"
4261,Flagstaff Pulliam Airport,Flagstaff,United States,FLG,KFLG,35.140318,-111.6692392,7015,-7,N,"Flagstaff, AZ",218,217,227,227,4.95412844036697,12.046082949308758,14.0,42.0,"Thu, Mar  1, 2012","Sat, Mar 10, 2012"
3533,Fort Lauderdale Hollywood International,Fort Lauderdale,United States,FLL,KFLL,26.072583,-80.15275,9,-5,A,"Fort Lauderdale, FL",6566,6560,6579,6580,4.527870849832473,17.072713414634062,51.0,96.0,"Fri, Mar  9, 2012","Sat, Mar 31, 2012"
4089,Bishop International,Flint,United States,FNT,KFNT,42.965424,-83.743629,782,-5,A,"Flint, MI",396,394,396,395,4.638888888888886,10.75380710659899,15.0,49.0,"Wed, Mar  7, 2012","Fri, Mar 30, 2012"
4009,Sioux Falls,Sioux Falls,United States,FSD,KFSD,43.582014,-96.741914,1429,-6,A,"Sioux Falls, SD",586,586,590,590,4.7662116040955596,14.204778156996587,28.0,99.0,"Sat, Mar 10, 2012","Mon, Mar 12, 2012"
3437,Fort Smith Regional,Fort Smith,United States,FSM,KFSM,35.336583,-94.367444,469,-6,A,"Fort Smith, AR",123,124,126,127,3.7154471544715446,8.564516129032258,8.0,36.0,"Wed, Mar 28, 2012","Fri, Mar  9, 2012"
4041,Fort Wayne,Fort Wayne,United States,FWA,KFWA,40.978472,-85.195139,815,-5,A,"Fort Wayne, IN",304,303,308,308,3.8421052631578934,11.013201320132016,33.0,80.0,"Fri, Mar  2, 2012","Fri, Mar 30, 2012"
4296,Gillette-Campbell County Airport,Gillette,United States,GCC,KGCC,44.3489167,-105.5393611,4365,-7,A,"Gillette, WY",148,147,148,148,4.439189189189189,12.551020408163266,27.0,71.0,"Fri, Mar 16, 2012","Fri, Mar  9, 2012"
3467,Spokane International,Spokane,United States,GEG,KGEG,47.619861,-117.533833,2376,-8,A,"Spokane, WA",868,868,871,870,4.130184331797231,12.42741935483871,35.0,71.0,"Sat, Mar 31, 2012","Thu, Mar 22, 2012"
3442,Grand Forks International,Grand Forks,United States,GFK,KGFK,47.949256,-97.176111,845,-6,A,"Grand Forks, ND",138,138,138,139,4.492753623188406,13.420289855072465,9.0,42.0,"Tue, Mar 20, 2012","Thu, Mar  8, 2012"
3465,East Texas Regional,Longview,United States,GGG,KGGG,32.384014,-94.711486,365,-6,A,"Longview, TX",52,52,54,54,4.576923076923077,6.846153846153846,13.0,11.0,"Mon, Mar 12, 2012","Sun, Mar 18, 2012"
4063,Grand Junction Regional,Grand Junction,United States,GJT,KGJT,39.122413,-108.526735,4858,-7,A,"Grand Junction, CO",425,428,432,434,3.872941176470592,12.490654205607475,24.0,63.0,"Sat, Mar  3, 2012","Fri, Mar  2, 2012"
3472,Gainesville Regional,Gainesville,United States,GNV,KGNV,29.690056,-82.271778,152,-5,A,"Gainesville, FL",267,266,271,271,3.8052434456928843,12.180451127819548,24.0,68.0,"Tue, Mar 20, 2012","Thu, Mar 15, 2012"
4038,Gulfport-Biloxi,Gulfport,United States,GPT,KGPT,30.407278,-89.070111,28,-6,A,"Gulfport/Biloxi, MS",382,381,394,394,4.6020942408377,11.204724409448815,18.0,49.0,"Sat, Mar 17, 2012","Mon, Mar 26, 2012"
3653,Austin Straubel International,Green Bay,United States,GRB,KGRB,44.485072,-88.129589,695,-6,A,"Green Bay, WI",401,399,406,406,3.977556109725683,11.253132832080212,19.0,76.0,"Tue, Mar 20, 2012","Fri, Mar 30, 2012"
5740,Central Nebraska Regional Airport,Grand Island,United States,GRI,KGRI,40.9675,-98.3096,1847,-6,A,"Grand Island, NE",56,56,57,57,3.8392857142857144,9.571428571428571,11.0,19.0,"Sun, Mar 11, 2012","Mon, Mar 26, 2012"
3775,Robert Gray AAF,Killeen,United States,GRK,KGRK,31.06725,-97.828917,1015,-6,A,"Killeen, TX",317,315,327,327,3.9274447949526814,8.971428571428572,51.0,42.0,"Wed, Mar 28, 2012","Tue, Mar 20, 2012"
3685,Gerald R. Ford International,Grand Rapids,United States,GRR,KGRR,42.880833,-85.522806,794,-5,A,"Grand Rapids, MI",894,897,899,902,4.523489932885906,13.383500557413603,26.0,122.0,"Sun, Mar 11, 2012","Fri, Mar 16, 2012"
4008,Piedmont Triad,Greensboro,United States,GSO,KGSO,36.09775,-79.937306,925,-5,A,"Greensboro/High Point, NC",692,693,706,706,3.921965317919086,14.558441558441547,28.0,99.0,"Mon, Mar  5, 2012","Thu, Mar 15, 2012"
4034,Greenville-Spartanburg International,Greenville,United States,GSP,KGSP,34.895556,-82.218889,964,-5,A,"Greer, SC",810,809,815,815,3.612345679012346,12.635352286773793,33.0,103.0,"Sat, Mar 10, 2012","Wed, Mar 28, 2012"
3880,Great Falls International,Great Falls,United States,GTF,KGTF,47.482,-111.370689,3677,-7,A,"Great Falls, MT",141,139,142,142,4.2907801418439755,12.050359712230215,7.0,98.0,"Fri, Mar 16, 2012","Mon, Mar 19, 2012"
4273,Golden Triangle Regional Airport,Columbus Mississippi,United States,GTR,KGTR,33.450333,-88.591361,264,-6,A,"Columbus, MS",86,85,88,89,3.244186046511628,12.94117647058824,9.0,40.0,"Thu, Mar 29, 2012","Fri, Mar  9, 2012"
7051,Gunnison - Crested Butte,Gunnison,United States,GUC,KGUC,38.533889,-106.933056,7678,-7,A,"Gunnison, CO",93,94,98,99,3.763440860215054,14.361702127659575,12.0,37.0,"Sat, Mar 31, 2012","Wed, Mar 14, 2012"
4339,Yampa Valley,Hayden,United States,HDN,KHDN,40.481181,-107.21766,6602,-7,A,"Hayden, CO",258,258,264,264,4.0310077519379846,15.426356589147288,9.0,104.0,"Sat, Mar 31, 2012","Mon, Mar 12, 2012"
3504,Helena Regional,Helena,United States,HLN,KHLN,46.606806,-111.98275,3877,-7,A,"Helena, MT",111,111,111,111,3.4054054054054053,15.486486486486486,6.0,68.0,"Fri, Mar 16, 2012","Tue, Mar  6, 2012"
3728,Honolulu International,Honolulu,United States,HNL,PHNL,21.318681,-157.922428,13,-10,N,"Honolulu, HI",4490,4499,4510,4510,6.2788418708240625,13.449655478995336,42.0,57.0,"Wed, Mar 28, 2012","Thu, Mar 29, 2012"
3749,Lea County Regional,Hobbs,United States,HOB,KHOB,32.687528,-103.217028,3661,-7,A,"Hobbs, NM",48,48,50,50,4.416666666666669,9.083333333333334,8.0,18.0,"Wed, Mar 14, 2012","Fri, Mar 16, 2012"
3566,William P. Hobby,Houston,United States,HOU,KHOU,29.645419,-95.278889,46,-6,A,"Houston, TX",4353,4351,4406,4405,5.712611991729834,8.921857044357626,49.0,85.0,"Fri, Mar  9, 2012","Mon, Mar 19, 2012"
3589,Westchester County,White Plains,United States,HPN,KHPN,41.066959,-73.707575,439,-5,A,"White Plains, NY",779,777,789,788,5.400513478819002,12.438867438867435,36.0,73.0,"Mon, Mar 19, 2012","Mon, Mar 12, 2012"
3560,Valley International,Harlingen,United States,HRL,KHRL,26.2285,-97.654389,36,-6,A,"Harlingen/San Benito, TX",376,377,380,380,3.0824468085106367,8.811671087533155,8.0,36.0,"Thu, Mar 29, 2012","Fri, Mar  9, 2012"
4113,Huntsville International Airport-Carl T. Jones Field,Huntsville,United States,HSV,KHSV,34.6371944,-86.7750556,629,-6,A,"Huntsville, AL",763,759,773,771,5.136304062909571,13.334650856389986,28.0,87.0,"Sat, Mar 31, 2012","Tue, Mar 13, 2012"
3714,Washington Dulles International,Washington,United States,IAD,KIAD,38.944533,-77.455811,313,-5,A,"Washington, DC",6355,6315,6467,6419,6.449724626278518,16.463341250989718,39.0,105.0,"Sat, Mar 17, 2012","Wed, Mar 14, 2012"
3550,George Bush Intercontinental Houston,Houston,United States,IAH,KIAH,29.984433,-95.341442,97,-6,A,"Houston, TX",14360,14371,14601,14589,8.70459610027856,16.576369076612572,141.0,112.0,"Fri, Mar  9, 2012","Sun, Mar 11, 2012"
3457,Wichita Mid Continent,Wichita,United States,ICT,KICT,37.649944,-97.433056,1333,-6,A,"Wichita, KS",843,844,860,860,4.838671411625145,12.286729857819905,20.0,135.0,"Mon, Mar 19, 2012","Thu, Mar  8, 2012"
4100,Idaho Falls Regional,Idaho Falls,United States,IDA,KIDA,43.514556,-112.07075,4744,-7,A,"Idaho Falls, ID",248,248,253,253,4.108870967741935,13.310483870967742,8.0,53.0,"Mon, Mar 26, 2012","Thu, Mar  1, 2012"
3845,Wilmington International,Wilmington,United States,ILM,KILM,34.270615,-77.902569,32,-5,A,"Wilmington, NC",378,378,379,379,3.1746031746031753,12.171957671957665,23.0,41.0,"Sun, Mar 25, 2012","Mon, Mar 19, 2012"
3585,Indianapolis International,Indianapolis,United States,IND,KIND,39.717331,-86.294383,797,-5,A,"Indianapolis, IN",2521,2517,2530,2527,5.675922253074178,12.156138259833131,75.0,102.0,"Fri, Mar 30, 2012","Thu, Mar 15, 2012"
3689,Imperial County,Imperial,United States,IPL,KIPL,32.834219,-115.578744,-54,-8,A,"El Centro, CA",58,57,62,62,3.689655172413793,12.508771929824562,13.0,25.0,"Thu, Mar 22, 2012","Fri, Mar  9, 2012"
3857,Long Island MacArthur,Islip,United States,ISP,KISP,40.79525,-73.100222,99,-5,A,"Islip, NY",581,588,588,589,4.180722891566265,8.404761904761898,19.0,25.0,"Fri, Mar 30, 2012","Tue, Mar 20, 2012"
3415,Hilo International,Hilo,United States,ITO,PHTO,19.721375,-155.048469,38,-10,N,"Hilo, HI",606,606,606,606,5.623762376237621,9.033003300330034,17.0,24.0,"Wed, Mar 21, 2012","Thu, Mar  8, 2012"
7120,Inyokern Airport,Inyokern,United States,IYK,KIYK,35.658889,-117.829444,2455,-8,A,"Inyokern, CA",76,75,79,79,4.197368421052631,12.253333333333334,12.0,24.0,"Sat, Mar  3, 2012","Sun, Mar 25, 2012"
4027,Jackson Hole Airport,Jacksn Hole,United States,JAC,KJAC,43.60733333,-110.73775,6451,-7,A,"Jackson, WY",268,268,268,268,3.2276119402985075,17.287313432835827,7.0,58.0,"Sat, Mar 17, 2012","Sun, Mar 18, 2012"
3580,Jackson Evers International,Jackson,United States,JAN,KJAN,32.311167,-90.075889,346,-6,A,"Jackson/Vicksburg, MS",737,739,751,752,4.896879240162826,11.795669824086593,46.0,39.0,"Wed, Mar 21, 2012","Sat, Mar 24, 2012"
3712,Jacksonville International,Jacksonville,United States,JAX,KJAX,30.494056,-81.687861,30,-5,A,"Jacksonville, FL",2209,2206,2219,2217,5.103214124038023,13.26155938349955,26.0,75.0,"Mon, Mar 26, 2012","Fri, Mar 23, 2012"
3797,John F. Kennedy International,New York,United States,JFK,KJFK,40.639751,-73.778925,13,-5,A,"New York, NY",8200,8208,8252,8256,8.26487804878053,23.483552631578906,55.0,146.0,"Sat, Mar 31, 2012","Mon, Mar 19, 2012"
4354,Joplin Regional,Joplin,United States,JLN,KJLN,37.151814,-94.498269,981,-6,A,"Joplin, MO",60,60,62,62,3.6166666666666667,10.0,8.0,35.0,"Sat, Mar 17, 2012","Tue, Mar 27, 2012"
3492,Juneau International,Juneau,United States,JNU,PAJN,58.354972,-134.576278,21,-9,A,"Juneau, AK",299,304,305,305,3.9163879598662206,13.059210526315791,8.0,35.0,"Tue, Mar 13, 2012","Mon, Mar 26, 2012"
3514,Kona International At Keahole,Kona,United States,KOA,PHKO,19.738767,-156.045631,47,-10,N,"Kona, HI",1140,1137,1141,1141,4.498245614035086,10.1759014951627,16.0,41.0,"Tue, Mar 27, 2012","Sat, Mar 31, 2012"
3808,Ketchikan International,Ketchikan,United States,KTN,PAKT,55.355556,-131.71375,88,-9,A,"Ketchikan, AK",181,184,186,186,4.066298342541433,12.141304347826084,13.0,31.0,"Sat, Mar 24, 2012","Fri, Mar 16, 2012"
3544,Capital City,Lansing,United States,LAN,KLAN,42.7787,-84.587357,861,-5,A,"Lansing, MI",102,103,106,106,3.9705882352941178,11.436893203883491,9.0,37.0,"Sat, Mar  3, 2012","Fri, Mar 23, 2012"
3877,McCarran International,Las Vegas,United States,LAS,KLAS,36.080056,-115.15225,2141,-8,A,"Las Vegas, NV",12120,12110,12211,12208,7.324917491749181,14.703715937241958,63.0,96.0,"Mon, Mar  5, 2012","Thu, Mar  1, 2012"
4256,Lawton-Fort Sill Regional Airport,Lawton,United States,LAW,KLAW,34.5677144,-98.4166367,1110,-6,A,"Lawton/Fort Sill, OK",150,150,155,155,4.966666666666667,7.613333333333333,11.0,19.0,"Tue, Mar 13, 2012","Fri, Mar  2, 2012"
3484,Los Angeles International,Los Angeles,United States,LAX,KLAX,33.942536,-118.408075,126,-8,A,"Los Angeles, CA",18745,18773,18982,18978,10.653987730061349,15.810525755073792,87.0,115.0,"Sat, Mar 17, 2012","Sat, Mar 10, 2012"
3829,Lubbock Preston Smith International,Lubbock,United States,LBB,KLBB,33.663639,-101.822778,3282,-6,A,"Lubbock, TX",631,633,645,644,3.925515055467513,9.3301737756714,19.0,47.0,"Sat, Mar  3, 2012","Thu, Mar 15, 2012"
3513,Lake Charles Regional,Lake Charles,United States,LCH,KLCH,30.126112,-93.223335,15,-6,A,"Lake Charles, LA",61,60,62,62,4.081967213114756,10.666666666666666,6.0,81.0,"Mon, Mar  5, 2012","Thu, Mar 29, 2012"
4017,Blue Grass,Lexington KY,United States,LEX,KLEX,38.0365,-84.605889,979,-5,A,"Lexington, KY",531,528,539,537,4.0960451977401116,14.267045454545451,26.0,134.0,"Mon, Mar 19, 2012","Mon, Mar  5, 2012"
3493,Lafayette Regional,Lafayette,United States,LFT,KLFT,30.205278,-91.987611,43,-6,A,"Lafayette, LA",437,435,459,460,4.588100686498854,12.73103448275862,10.0,123.0,"Wed, Mar 14, 2012","Sun, Mar 11, 2012"
3697,LaGuardia Airport,New York,United States,LGA,KLGA,40.777245,-73.872608,22,-5,A,"New York, NY",8087,8082,8207,8204,7.509335971311979,24.328136599851526,64.0,103.0,"Fri, Mar 16, 2012","Thu, Mar  1, 2012"
3582,Long Beach,Long Beach,United States,LGB,KLGB,33.817722,-118.151611,60,-8,A,"Long Beach, CA",1200,1199,1215,1217,4.154166666666669,12.857381150959123,33.0,52.0,"Sun, Mar 25, 2012","Thu, Mar 22, 2012"
3602,Lihue,Lihue,United States,LIH,PHLI,21.975983,-159.338958,153,-10,N,"Lihue, HI",1067,1064,1073,1073,5.617619493908153,8.780075187969928,20.0,45.0,"Wed, Mar 28, 2012","Tue, Mar 27, 2012"
3660,Adams Field,Little Rock,United States,LIT,KLIT,34.729444,-92.224306,262,-6,A,"Little Rock, AR",1277,1277,1302,1303,4.926389976507436,11.016444792482371,43.0,100.0,"Tue, Mar 20, 2012","Fri, Mar 30, 2012"
5750,Klamath Falls Airport,Klamath Falls,United States,LMT,KLMT,42.1561,-121.733,4095,-8,A,"Klamath Falls, OR",93,87,94,93,3.6559139784946235,12.862068965517242,8.0,49.0,"Thu, Mar 22, 2012","Tue, Mar 20, 2012"
3543,Lincoln,Lincoln,United States,LNK,KLNK,40.850971,-96.75925,1219,-6,A,"Lincoln, NE",191,192,194,194,3.900523560209424,9.651041666666666,14.0,42.0,"Fri, Mar  9, 2012","Mon, Mar 12, 2012"
3691,Laredo International,Laredo,United States,LRD,KLRD,27.54375,-99.461556,508,-6,A,"Laredo, TX",211,211,214,214,3.800947867298578,10.578199052132701,13.0,46.0,"Fri, Mar 23, 2012","Wed, Mar 28, 2012"
4044,LaCrosse Municipal,LaCrosse,United States,LSE,KLSE,43.878986,-91.256711,654,-6,A,"La Crosse, WI",76,76,76,76,4.2368421052631575,12.473684210526315,14.0,36.0,"Thu, Mar 29, 2012","Tue, Mar 13, 2012"
6958,Greenbrier Valley Airport,Lewisburg,United States,LWB,KLWB,37.858333,-80.399444,2302,-5,U,"Lewisburg, WV",44,45,45,45,2.75,12.8,5.0,30.0,"Mon, Mar 19, 2012","Fri, Mar  2, 2012"
3945,Lewiston Nez Perce County,Lewiston,United States,LWS,KLWS,46.3745,-117.015389,1442,-8,A,"Lewiston, ID",57,57,57,57,4.456140350877194,11.333333333333336,7.0,37.0,"Thu, Mar 29, 2012","Sun, Mar 25, 2012"
3652,Midland International,Midland,United States,MAF,KMAF,31.942528,-102.201914,2871,-6,A,"Midland/Odessa, TX",662,661,668,668,3.4954682779456188,10.459909228441742,31.0,68.0,"Mon, Mar  5, 2012","Sat, Mar  3, 2012"
4128,MBS International,Saginaw,United States,MBS,KMBS,43.532913,-84.079647,668,-5,A,"Saginaw/Bay City/Midland, MI",91,91,93,93,4.230769230769226,12.395604395604396,7.0,31.0,"Mon, Mar 26, 2012","Sat, Mar  3, 2012"
3458,Kansas City International,Kansas City,United States,MCI,KMCI,39.297606,-94.713905,1026,-6,A,"Kansas City, MO",4166,4162,4189,4186,4.9447911665866595,11.590341182123984,65.0,161.0,"Sat, Mar 10, 2012","Thu, Mar  8, 2012"
3878,Orlando International,Orlando,United States,MCO,KMCO,28.429394,-81.308994,96,-5,A,"Orlando, FL",11284,11265,11307,11299,7.457727756114852,13.775233022636462,65.0,169.0,"Sat, Mar 24, 2012","Sat, Mar 31, 2012"
3542,Harrisburg International,Harrisburg,United States,MDT,KMDT,40.193494,-76.763403,310,-5,A,"Harrisburg, PA",476,473,479,478,4.54621848739496,13.29175475687104,38.0,40.0,"Thu, Mar  8, 2012","Mon, Mar 12, 2012"
3747,Chicago Midway International,Chicago,United States,MDW,KMDW,41.785972,-87.752417,620,-6,A,"Chicago, IL",7489,7489,7505,7502,5.243423688075847,10.648284150086802,40.0,89.0,"Tue, Mar 27, 2012","Thu, Mar 15, 2012"
4335,Key Field,Meridian,United States,MEI,KMEI,32.332624,-88.751868,297,-6,A,"Meridian, MS",60,60,62,62,4.283333333333334,15.25,14.0,50.0,"Fri, Mar 30, 2012","Tue, Mar 13, 2012"
3473,Memphis International,Memphis,United States,MEM,KMEM,35.042417,-89.976667,341,-6,A,"Memphis, TN",3133,3136,3170,3170,5.7194382381104445,15.063456632653066,42.0,87.0,"Wed, Mar  7, 2012","Fri, Mar 30, 2012"
3826,McAllen Miller International,Mcallen,United States,MFE,KMFE,26.175833,-98.238611,107,-6,A,"Mission/McAllen/Edinburg, TX",247,249,249,251,3.9028340080971637,10.530120481927703,15.0,40.0,"Thu, Mar  8, 2012","Fri, Mar 16, 2012"
4101,Rogue Valley International Medford,Medford,United States,MFR,KMFR,42.374228,-122.8735,1335,-8,A,"Medford, OR",251,255,273,273,3.6414342629482066,13.992156862745098,12.0,47.0,"Sun, Mar  4, 2012","Sun, Mar  4, 2012"
4115,Montgomery Regional Airport ,MONTGOMERY,United States,MGM,KMGM,32.3006389,-86.3939722,221,-6,A,"Montgomery, AL",336,335,342,342,3.008928571428573,14.976119402985072,12.0,78.0,"Fri, Mar 30, 2012","Thu, Mar 15, 2012"
4050,Manhattan Regional,Manhattan,United States,MHK,KMHK,39.140972,-96.670833,1057,-6,A,"Manhattan/Ft. Riley, KS",145,145,147,147,2.9931034482758623,10.296551724137926,8.0,34.0,"Wed, Mar 14, 2012","Thu, Mar  1, 2012"
4011,Manchester Regional Airport,Manchester NH,United States,MHT,KMHT,42.932556,-71.435667,266,-5,A,"Manchester, NH",694,695,695,696,4.4510086455331415,12.105035971223016,27.0,104.0,"Thu, Mar  1, 2012","Thu, Mar  1, 2012"
3576,Miami International,Miami,United States,MIA,KMIA,25.79325,-80.290556,8,-5,A,"Miami, FL",6997,7001,7036,7035,7.807346005430857,16.599057277531795,74.0,96.0,"Wed, Mar 14, 2012","Sat, Mar 31, 2012"
3717,General Mitchell International,Milwaukee,United States,MKE,KMKE,42.947222,-87.896583,723,-6,A,"Milwaukee, WI",3371,3371,3403,3411,5.764758231978647,13.011865915158712,56.0,131.0,"Sun, Mar 18, 2012","Fri, Mar  2, 2012"
5754,Muskegon County Airport,Muskegon,United States,MKG,KMKG,43.1695,-86.2382,628,-5,A,"Muskegon, MI",57,57,62,62,4.561403508771929,9.245614035087716,9.0,26.0,"Sat, Mar 31, 2012","Sat, Mar  3, 2012"
3671,Melbourne International,Melbourne,United States,MLB,KMLB,28.102753,-80.645258,33,-5,A,"Melbourne, FL",124,123,124,124,5.250000000000002,17.764227642276428,10.0,55.0,"Sun, Mar 25, 2012","Thu, Mar 22, 2012"
4072,Quad City International,Moline,United States,MLI,KMLI,41.448528,-90.507539,590,-6,A,"Moline, IL",428,428,432,433,3.749999999999999,11.210280373831772,18.0,78.0,"Thu, Mar 22, 2012","Mon, Mar 12, 2012"
3732,Monroe Regional,Monroe,United States,MLU,KMLU,32.510864,-92.037689,79,-6,A,"Monroe, LA",183,180,188,188,3.366120218579235,10.822222222222214,8.0,54.0,"Fri, Mar  9, 2012","Wed, Mar 21, 2012"
7081,Mammoth Yosemite Airport,Mammoth Lakes,United States,MMH,KMMH,37.624049,-118.837772,7128,-8,A,"Mammoth Lakes, CA",72,71,98,98,4.0277777777777795,15.788732394366194,9.0,51.0,"Thu, Mar 15, 2012","Wed, Mar 14, 2012"
3782,Mobile Regional,Mobile,United States,MOB,KMOB,30.691231,-88.242814,219,-6,A,"Mobile, AL",432,430,442,442,3.6435185185185173,11.632558139534884,9.0,75.0,"Mon, Mar  5, 2012","Fri, Mar  2, 2012"
3816,Modesto City County Harry Sham,Modesto,United States,MOD,KMOD,37.625817,-120.954422,97,-8,A,"Modesto, CA",98,104,119,119,3.2755102040816326,12.163461538461544,6.0,33.0,"Thu, Mar  1, 2012","Sat, Mar 31, 2012"
3498,Minot International,Minot,United States,MOT,KMOT,48.259378,-101.280333,1716,-6,A,"Minot, ND",190,191,190,191,5.147368421052634,13.586387434554979,13.0,60.0,"Sun, Mar 18, 2012","Fri, Mar 23, 2012"
6838,Sawyer International Airport,Marquette,United States,MQT,KMQT,46.353611,-87.395278,1221,-5,A,"Marquette, MI",25,25,26,26,4.48,13.12,7.0,44.0,"Wed, Mar 14, 2012","Fri, Mar 30, 2012"
3948,Monterey Peninsula,Monterey,United States,MRY,KMRY,36.587,-121.842944,257,-8,A,"Monterey, CA",450,449,485,483,3.6755555555555555,13.011135857461028,34.0,46.0,"Sun, Mar 18, 2012","Thu, Mar 22, 2012"
3459,Dane County Regional-Truax Field,Madison,United States,MSN,KMSN,43.139858,-89.337514,887,-6,A,"Madison, WI",768,767,777,777,3.6393229166666665,12.971316818774444,13.0,93.0,"Sat, Mar 17, 2012","Mon, Mar 12, 2012"
4216,Missoula International,Missoula,United States,MSO,KMSO,46.916306,-114.090556,3205,-7,A,"Missoula, MT",218,218,219,219,4.449541284403675,12.247706422018346,7.0,70.0,"Thu, Mar 15, 2012","Mon, Mar 26, 2012"
3858,Minneapolis St. Paul International,Minneapolis,United States,MSP,KMSP,44.881956,-93.221767,841,-6,A,"Minneapolis, MN",9075,9098,9133,9136,6.650578512396699,16.80852934710923,42.0,110.0,"Sat, Mar 31, 2012","Fri, Mar 30, 2012"
3861,Louis Armstrong New Orleans International,New Orleans,United States,MSY,KMSY,29.993389,-90.258028,4,-6,A,"New Orleans, LA",3249,3247,3260,3259,4.544783010156966,11.027717893440089,47.0,80.0,"Thu, Mar 22, 2012","Sat, Mar 24, 2012"
6880,Montrose Regional Airport,Montrose CO,United States,MTJ,KMTJ,38.509794,-107.894242,5759,-7,A,"Montrose/Delta, CO",256,256,260,260,4.378906249999999,12.7734375,22.0,79.0,"Sat, Mar 17, 2012","Mon, Mar 12, 2012"
3515,Myrtle Beach International,Myrtle Beach,United States,MYR,KMYR,33.67975,-78.928333,25,-5,A,"Myrtle Beach, SC",346,346,348,348,3.4364161849710984,14.52312138728324,14.0,112.0,"Fri, Mar 30, 2012","Sat, Mar 24, 2012"
4386,Albert J. Ellis,Jacksonville NC,United States,OAJ,KOAJ,34.829164,-77.612139,94,-5,A,"Jacksonville/Camp Lejeune, NC",156,157,156,157,2.60897435897436,13.26751592356688,6.0,70.0,"Sun, Mar 11, 2012","Tue, Mar 13, 2012"
3453,Metropolitan Oakland International,Oakland,United States,OAK,KOAK,37.721278,-122.220722,9,-8,A,"Oakland, CA",3840,3844,3880,3880,5.695052083333323,10.477107180020827,37.0,70.0,"Sat, Mar 24, 2012","Mon, Mar  5, 2012"
3456,Kahului,Kahului,United States,OGG,PHOG,20.89865,-156.430458,54,-10,N,"Kahului, HI",2039,2037,2043,2044,5.798921039725357,8.966126656848306,40.0,44.0,"Tue, Mar 27, 2012","Wed, Mar 21, 2012"
3863,Will Rogers World,Oklahoma City,United States,OKC,KOKC,35.393089,-97.600733,1295,-6,A,"Oklahoma City, OK",1714,1717,1727,1730,4.512252042007005,10.766453115899822,29.0,91.0,"Mon, Mar 19, 2012","Fri, Mar 30, 2012"
3454,Eppley Airfield,Omaha,United States,OMA,KOMA,41.303167,-95.894069,984,-6,A,"Omaha, NE",1659,1653,1669,1669,3.8999397227245294,11.62492437991532,23.0,99.0,"Sat, Mar 10, 2012","Wed, Mar  7, 2012"
3615,Nome,Nome,United States,OME,PAOM,64.512203,-165.445247,37,-9,A,"Nome, AK",89,89,93,93,4.50561797752809,6.089887640449438,7.0,18.0,"Sat, Mar  3, 2012","Wed, Mar 14, 2012"
3734,Ontario International,Ontario,United States,ONT,KONT,34.056,-117.601194,944,-8,A,"Ontario, CA",1902,1904,1925,1926,4.610410094637226,10.184348739495801,30.0,45.0,"Fri, Mar 16, 2012","Thu, Mar  1, 2012"
3830,Chicago O'Hare International,Chicago,United States,ORD,KORD,41.978603,-87.904842,668,-6,A,"Chicago, IL",25215,25333,25618,25667,8.400951814396262,16.810523822681994,100.0,133.0,"Sun, Mar  4, 2012","Tue, Mar 20, 2012"
3611,Norfolk International,Norfolk,United States,ORF,KORF,36.894611,-76.201222,26,-5,A,"Norfolk, VA",1096,1098,1110,1112,4.11861313868613,12.646630236794172,49.0,80.0,"Sat, Mar 31, 2012","Tue, Mar 20, 2012"
5757,Southwest Oregon Regional Airport,North Bend,United States,OTH,KOTH,43.4171,-124.246,17,-8,A,"North Bend/Coos Bay, OR",55,56,63,63,2.7454545454545456,12.214285714285714,6.0,27.0,"Mon, Mar 12, 2012","Wed, Mar  7, 2012"
3693,Ralph Wien Memorial,Kotzebue,United States,OTZ,PAOT,66.884678,-162.59855,11,-9,A,"Kotzebue, AK",91,90,93,93,4.582417582417582,6.133333333333335,11.0,16.0,"Wed, Mar  7, 2012","Sat, Mar 31, 2012"
4117,Barkley Regional Airport,PADUCAH,United States,PAH,KPAH,37.0602875,-88.7729583,410,-6,A,"Paducah, KY",62,62,62,62,4.129032258064516,8.677419354838717,8.0,53.0,"Sat, Mar 17, 2012","Fri, Mar  2, 2012"
3722,Palm Beach International,West Palm Beach,United States,PBI,KPBI,26.683161,-80.095589,19,-5,A,"West Palm Beach/Palm Beach, FL",2666,2659,2670,2667,4.31057764441109,13.742008273787137,30.0,104.0,"Fri, Mar  9, 2012","Sat, Mar 31, 2012"
3720,Portland International,Portland,United States,PDX,KPDX,45.588722,-122.5975,30,-8,A,"Portland, OR",4253,4254,4274,4274,4.017399482718084,11.513399153737655,42.0,130.0,"Tue, Mar 13, 2012","Sun, Mar 18, 2012"
3633,Newport News Williamsburg International,Newport News,United States,PHF,KPHF,37.131894,-76.492989,43,-5,A,"Newport News/Williamsburg, VA",256,258,257,260,4.777343750000001,12.205426356589147,30.0,47.0,"Sat, Mar  3, 2012","Thu, Mar  1, 2012"
3752,Philadelphia International,Philadelphia,United States,PHL,KPHL,39.871944,-75.241139,36,-5,A,"Philadelphia, PA",6623,6615,6652,6641,6.350747395440139,19.634315948601675,60.0,127.0,"Sun, Mar 25, 2012","Fri, Mar 30, 2012"
3462,Phoenix Sky Harbor International,Phoenix,United States,PHX,KPHX,33.434278,-112.011583,1135,-7,N,"Phoenix, AZ",16507,16554,16593,16598,7.6256739565033325,15.070617373444508,81.0,95.0,"Thu, Mar 22, 2012","Fri, Mar 16, 2012"
4046,Peoria Regional,Peoria,United States,PIA,KPIA,40.664203,-89.693258,660,-6,A,"Peoria, IL",224,225,229,231,3.5625,13.355555555555556,14.0,158.0,"Wed, Mar 21, 2012","Fri, Mar 30, 2012"
5760,Pocatello Regional Airport,Pocatello,United States,PIH,KPIH,42.9098,-112.596,4452,-7,A,"Pocatello, ID",83,83,84,84,3.3012048192771086,9.313253012048193,6.0,26.0,"Wed, Mar 21, 2012","Thu, Mar  1, 2012"
3570,Pittsburgh International,Pittsburgh (pennsylva),United States,PIT,KPIT,40.491467,-80.232872,1204,-5,A,"Pittsburgh, PA",2391,2387,2397,2396,5.290673358427445,13.249685798072893,55.0,82.0,"Fri, Mar 30, 2012","Thu, Mar  8, 2012"
3564,Pensacola Regional,Pensacola,United States,PNS,KPNS,30.473425,-87.186611,121,-6,A,"Pensacola, FL",769,768,783,783,4.205461638491551,12.449218749999991,32.0,40.0,"Thu, Mar 15, 2012","Wed, Mar  7, 2012"
6133,Tri Cities Airport,Pasco,United States,PSC,PSC,46.2647,-119.119,410,-8,A,"Pasco/Kennewick/Richland, WA",274,273,276,276,4.361313868613137,11.091575091575086,8.0,34.0,"Wed, Mar 28, 2012","Thu, Mar 22, 2012"
4147,Petersburg James A. Johnson,Petersburg,United States,PSG,PAPG,56.801667,-132.945278,105,-9,A,"Petersburg, AK",62,62,62,62,3.7903225806451615,7.500000000000001,6.0,18.0,"Sun, Mar 25, 2012","Sat, Mar 10, 2012"
3839,Palm Springs International,Palm Springs,United States,PSP,KPSP,33.829667,-116.506694,477,-8,A,"Palm Springs, CA",1358,1363,1383,1385,4.972754050073641,13.467351430667645,28.0,90.0,"Sat, Mar 31, 2012","Mon, Mar 26, 2012"
3641,Theodore Francis Green State,Providence,United States,PVD,KPVD,41.732581,-71.420383,55,-5,A,"Providence, RI",1259,1261,1267,1271,4.244638602065135,11.681998413957176,21.0,96.0,"Thu, Mar  1, 2012","Fri, Mar  2, 2012"
3862,Portland International Jetport,Portland,United States,PWM,KPWM,43.646161,-70.309281,77,-5,A,"Portland, ME",435,434,437,437,3.6643678160919553,15.42396313364057,19.0,98.0,"Sat, Mar 17, 2012","Thu, Mar  1, 2012"
4087,Rapid City Regional Airport,Rapid City,United States,RAP,KRAP,44.045278,-103.057222,3204,-7,A,"Rapid City, SD",350,351,354,355,4.299999999999996,11.794871794871792,24.0,36.0,"Thu, Mar 15, 2012","Wed, Mar  7, 2012"
4098,Redding Municipal,Redding,United States,RDD,KRDD,40.509,-122.293389,504,-8,A,"Redding, CA",133,133,150,150,3.5789473684210527,11.353383458646615,7.0,39.0,"Sun, Mar 25, 2012","Tue, Mar 27, 2012"
4103,Roberts Field,Redmond-Bend,United States,RDM,KRDM,44.254066,-121.149964,3077,-8,A,"Bend/Redmond, OR",241,240,243,243,3.3609958506224067,11.712500000000004,36.0,55.0,"Mon, Mar  5, 2012","Wed, Mar 21, 2012"
3626,Raleigh Durham International,Raleigh-durham,United States,RDU,KRDU,35.877639,-78.787472,435,-5,A,"Raleigh/Durham, NC",3541,3539,3575,3578,4.380401016661951,14.424696241876253,36.0,103.0,"Mon, Mar 19, 2012","Sat, Mar 17, 2012"
4028,Chicago Rockford International Airport ,Rockford,United States,RFD,KRFD,42.1953611,-89.0972222,742,-6,A,"Rockford, IL",13,12,13,12,5.846153846153846,12.25,10.0,29.0,"Tue, Mar  6, 2012","Mon, Mar  5, 2012"
3608,Richmond International,Richmond,United States,RIC,KRIC,37.505167,-77.319667,167,-5,A,"Richmond, VA",1373,1371,1385,1388,5.407137654770568,15.551422319474844,25.0,119.0,"Thu, Mar 15, 2012","Tue, Mar 20, 2012"
5766,Rock Springs Sweetwater County Airport,Rock Springs,United States,RKS,KRKS,41.5942,-109.065,6760,-7,A,"Rock Springs, WY",183,182,186,186,3.420765027322404,10.648351648351648,8.0,44.0,"Sun, Mar 25, 2012","Sun, Mar 18, 2012"
3807,Reno Tahoe International,Reno,United States,RNO,KRNO,39.499108,-119.768108,4415,-8,A,"Reno, NV",1685,1686,1716,1716,4.475964391691404,11.220047449584833,27.0,86.0,"Sat, Mar 17, 2012","Sat, Mar 17, 2012"
4016,Roanoke Regional,Roanoke VA,United States,ROA,KROA,37.325472,-79.975417,1175,-5,A,"Roanoke, VA",286,286,294,295,4.748251748251747,14.104895104895105,39.0,98.0,"Tue, Mar 20, 2012","Fri, Mar 30, 2012"
3622,Greater Rochester International,Rochester,United States,ROC,KROC,43.118866,-77.672389,559,-5,A,"Rochester, NY",698,695,703,703,4.902578796561597,13.37841726618705,23.0,70.0,"Wed, Mar  7, 2012","Fri, Mar 30, 2012"
3736,Roswell International Air Center,Roswell,United States,ROW,KROW,33.301556,-104.530556,3671,-7,A,"Roswell, NM",87,87,88,88,4.241379310344826,9.022988505747131,10.0,30.0,"Tue, Mar 20, 2012","Sun, Mar 18, 2012"
4048,Rochester,Rochester,United States,RST,KRST,43.908283,-92.500014,1317,-6,A,"Rochester, MN",67,67,70,70,3.970149253731344,14.3134328358209,7.0,45.0,"Sun, Mar 18, 2012","Tue, Mar 27, 2012"
3793,Southwest Florida International,Fort Myers,United States,RSW,KRSW,26.536167,-81.755167,30,-5,A,"Fort Myers, FL",3400,3392,3405,3402,5.316764705882349,12.876768867924524,46.0,109.0,"Wed, Mar 28, 2012","Fri, Mar  9, 2012"
3784,Santa Fe Municipal,Santa Fe,United States,SAF,KSAF,35.617108,-106.089422,6348,-7,A,"Santa Fe, NM",84,84,85,85,3.7738095238095237,10.714285714285714,8.0,56.0,"Wed, Mar  7, 2012","Sat, Mar 10, 2012"
3731,San Diego International,San Diego,United States,SAN,KSAN,32.733556,-117.189667,17,-8,A,"San Diego, CA",6463,6464,6527,6532,3.8500696271081543,14.018873762376247,40.0,90.0,"Mon, Mar 19, 2012","Mon, Mar  5, 2012"
3621,San Antonio International,San Antonio,United States,SAT,KSAT,29.533694,-98.469778,809,-6,A,"San Antonio, TX",3313,3305,3331,3333,4.754603078780571,11.823298033282896,113.0,102.0,"Fri, Mar  9, 2012","Thu, Mar  8, 2012"
3613,Savannah Hilton Head International,Savannah,United States,SAV,KSAV,32.127583,-81.202139,51,-5,A,"Savannah, GA",809,806,819,818,5.069221260815825,14.63275434243177,18.0,90.0,"Thu, Mar 29, 2012","Sat, Mar 24, 2012"
3949,Santa Barbara Municipal,Santa Barbara,United States,SBA,KSBA,34.426211,-119.840372,10,-8,A,"Santa Barbara, CA",834,843,876,877,4.092326139088732,11.072360616844607,18.0,50.0,"Mon, Mar  5, 2012","Thu, Mar  8, 2012"
4359,South Bend Regional,South Bend,United States,SBN,KSBN,41.708661,-86.31725,799,-5,A,"South Bend, IN",268,265,276,274,3.8656716417910446,14.400000000000004,25.0,143.0,"Sat, Mar 10, 2012","Wed, Mar  7, 2012"
5768,San Luis County Regional Airport,San Luis Obispo,United States,SBP,KSBP,35.2368,-120.642,212,-8,A,"San Luis Obispo, CA",403,397,418,419,3.4143920595533497,11.576826196473547,22.0,45.0,"Fri, Mar 30, 2012","Tue, Mar 20, 2012"
3620,Deadhorse,Deadhorse,United States,SCC,PASC,70.19475,-148.465167,64,-9,A,"Deadhorse, AK",66,66,67,67,4.3636363636363615,5.8939393939393945,7.0,16.0,"Sat, Mar 17, 2012","Thu, Mar 22, 2012"
4014,Louisville International Airport,Louisville,United States,SDF,KSDF,38.1740858,-85.7364989,501,-5,A,"Louisville, KY",1308,1305,1314,1314,5.6215596330275215,12.323371647509584,38.0,165.0,"Fri, Mar  2, 2012","Mon, Mar  5, 2012"
3577,Seattle Tacoma International,Seattle,United States,SEA,KSEA,47.449,-122.309306,433,-8,A,"Seattle, WA",7940,7953,7972,7978,5.7050377833753005,15.036087011190748,39.0,99.0,"Sat, Mar 17, 2012","Tue, Mar 13, 2012"
3469,San Francisco International,San Francisco,United States,SFO,KSFO,37.618972,-122.374889,13,-8,A,"San Francisco, CA",13485,13510,14067,14062,7.577456433073786,17.39489267209481,90.0,117.0,"Sat, Mar  3, 2012","Sun, Mar 25, 2012"
4348,Springfield Branson National,Springfield,United States,SGF,KSGF,37.245667,-93.388639,1268,-6,A,"Springfield, MO",635,632,640,641,4.179527559055117,13.46835443037975,20.0,107.0,"Thu, Mar 29, 2012","Fri, Mar 30, 2012"
4064,St. George Municipal,Saint George,United States,SGU,KSGU,37.090583,-113.593056,2941,-7,A,"St. George, UT",172,172,172,172,3.4709302325581395,11.761627906976749,7.0,55.0,"Sun, Mar 11, 2012","Sat, Mar 17, 2012"
3609,Shreveport Regional,Shreveport,United States,SHV,KSHV,32.446629,-93.8256,258,-6,A,"Shreveport, LA",480,480,488,488,4.577083333333333,9.40833333333334,14.0,64.0,"Fri, Mar 23, 2012","Thu, Mar  8, 2012"
3856,Sitka Rocky Gutierrez,Sitka,United States,SIT,PASI,57.047138,-135.361611,21,-9,A,"Sitka, AK",90,91,93,93,4.244444444444444,13.42857142857143,9.0,40.0,"Thu, Mar  1, 2012","Fri, Mar  2, 2012"
3748,Norman Y. Mineta San Jose International,San Jose,United States,SJC,KSJC,37.3626,-121.929022,62,-8,A,"San Jose, CA",3267,3263,3289,3289,3.83195592286501,10.496169169475943,39.0,77.0,"Sun, Mar  4, 2012","Sun, Mar 25, 2012"
3708,San Angelo Regional-Mathis Field,San Angelo,United States,SJT,KSJT,31.35775,-100.496306,1919,-6,A,"San Angelo, TX",117,117,119,119,3.025641025641026,8.82905982905983,14.0,30.0,"Fri, Mar 30, 2012","Fri, Mar 16, 2012"
3536,Salt Lake City International,Salt Lake City,United States,SLC,KSLC,40.788389,-111.977772,4227,-7,A,"Salt Lake City, UT",9737,9782,9833,9829,5.853753722912613,17.199345737068032,42.0,120.0,"Wed, Mar 28, 2012","Thu, Mar  1, 2012"
3817,Sacramento International,Sacramento,United States,SMF,KSMF,38.695417,-121.590778,27,-8,A,"Sacramento, CA",3707,3702,3748,3750,4.552198543296466,10.486493787142097,43.0,59.0,"Sat, Mar  3, 2012","Tue, Mar 13, 2012"
5772,Santa Maria Public-Captain G. Allan Hancock Airport,Santa Maria,United States,SMX,KSMX,34.8989,-120.457,261,-8,A,"Santa Maria, CA",103,101,114,114,3.9223300970873787,11.168316831683171,7.0,52.0,"Mon, Mar 26, 2012","Sun, Mar  4, 2012"
3867,John Wayne Airport Orange County,Santa Ana,United States,SNA,KSNA,33.675667,-117.868222,56,-8,A,"Santa Ana, CA",3294,3294,3337,3342,5.5300546448087395,12.037644201578624,46.0,90.0,"Mon, Mar 19, 2012","Fri, Mar  2, 2012"
4336,Abraham Lincoln Capital,Springfield,United States,SPI,KSPI,39.8441,-89.677889,597,-6,A,"Springfield, IL",174,174,175,176,3.988505747126434,10.919540229885058,9.0,73.0,"Fri, Mar  2, 2012","Mon, Mar 12, 2012"
3680,Sheppard AFB Wichita Falls Municipal,Wichita Falls,United States,SPS,KSPS,33.988797,-98.491894,1019,-6,A,"Wichita Falls, TX",84,84,88,88,7.845238095238095,11.857142857142858,14.0,32.0,"Thu, Mar 22, 2012","Fri, Mar 23, 2012"
4067,Sarasota Bradenton International,Sarasota,United States,SRQ,KSRQ,27.395444,-82.554389,30,-5,A,"Sarasota/Bradenton, FL",664,662,665,663,4.043674698795188,11.850453172205441,15.0,45.0,"Sat, Mar 31, 2012","Wed, Mar  7, 2012"
3678,Lambert St. Louis International,St. Louis,United States,STL,KSTL,38.748697,-90.370028,618,-6,A,"St. Louis, MO",4744,4740,4765,4767,5.832419898819549,10.99767932489451,219.0,120.0,"Sat, Mar 17, 2012","Wed, Mar  7, 2012"
6494,Friedman Memorial,Hailey,United States,SUN,KSUN,43.504444,-114.296194,5320,-7,A,"Sun Valley/Hailey/Ketchum, ID",122,121,156,152,3.2868852459016393,9.785123966942148,20.0,98.0,"Fri, Mar  2, 2012","Sat, Mar 17, 2012"
3661,Stewart International,Newburgh,United States,SWF,KSWF,41.504094,-74.104839,491,-5,A,"Newburgh/Poughkeepsie, NY",150,150,150,150,4.479999999999996,11.753333333333334,11.0,32.0,"Sat, Mar 17, 2012","Sun, Mar 25, 2012"
3745,Syracuse Hancock International,Syracuse,United States,SYR,KSYR,43.111187,-76.106311,421,-5,A,"Syracuse, NY",494,495,500,503,4.1578947368421035,15.759595959595975,30.0,92.0,"Sat, Mar 10, 2012","Mon, Mar 12, 2012"
3698,Tallahassee Regional,Tallahassee,United States,TLH,KTLH,30.396528,-84.350333,81,-5,A,"Tallahassee, FL",393,391,396,396,3.4325699745547062,12.358056265984654,25.0,45.0,"Thu, Mar 22, 2012","Tue, Mar  6, 2012"
4040,Toledo,Toledo,United States,TOL,KTOL,41.586806,-83.807833,684,-5,A,"Toledo, OH",25,25,26,26,2.88,11.599999999999996,5.0,26.0,"Thu, Mar 15, 2012","Mon, Mar 19, 2012"
3646,Tampa International,Tampa,United States,TPA,KTPA,27.975472,-82.53325,26,-5,A,"Tampa, FL",6353,6344,6361,6356,4.6774752085628455,12.341740226986149,68.0,132.0,"Mon, Mar 19, 2012","Sat, Mar 31, 2012"
4116,Tri-Cities Regional Airport,BRISTOL,United States,TRI,KTRI,36.4752222,-82.4074167,1519,-5,A,"Bristol/Johnson City/Kingsport, TN",254,253,255,254,3.6929133858267718,14.66798418972332,20.0,61.0,"Thu, Mar 29, 2012","Thu, Mar 22, 2012"
3855,Tulsa International,Tulsa,United States,TUL,KTUL,36.198389,-95.888111,677,-6,A,"Tulsa, OK",1541,1540,1555,1557,4.097988319273185,11.892857142857133,44.0,104.0,"Sat, Mar  3, 2012","Sun, Mar 11, 2012"
3636,Tucson International,Tucson,United States,TUS,KTUS,32.116083,-110.941028,2643,-7,N,"Tucson, AZ",2109,2110,2120,2122,4.359886201991469,11.489099526066342,43.0,55.0,"Sat, Mar 31, 2012","Sat, Mar  3, 2012"
4023,Cherry Capital Airport,Traverse City,United States,TVC,KTVC,44.741445,-85.582235,624,-5,A,"Traverse City, MI",134,133,142,142,3.253731343283582,11.330827067669173,7.0,54.0,"Thu, Mar 29, 2012","Fri, Mar  9, 2012"
4263,Magic Valley Regional Airport,Twin Falls,United States,TWF,KTWF,42.481803,-114.487733,4151,-7,A,"Twin Falls, ID",93,99,93,99,3.2903225806451624,8.636363636363638,14.0,39.0,"Sun, Mar  4, 2012","Thu, Mar  1, 2012"
3770,Texarkana Regional-Webb Field,Texarkana,United States,TXK,KTXK,33.453722,-93.991028,390,-6,A,"Texarkana, AR",84,84,88,88,3.8214285714285716,8.285714285714288,7.0,16.0,"Sun, Mar 18, 2012","Thu, Mar 22, 2012"
3848,Tyler Pounds Regional,Tyler,United States,TYR,KTYR,32.354139,-95.402386,544,-6,A,"Tyler, TX",111,112,116,116,4.26126126126126,9.214285714285719,10.0,30.0,"Wed, Mar 28, 2012","Fri, Mar 23, 2012"
3676,McGhee Tyson,Knoxville,United States,TYS,KTYS,35.810972,-83.994028,981,-5,A,"Knoxville, TN",896,894,909,907,3.794642857142857,13.126398210290827,23.0,68.0,"Fri, Mar 30, 2012","Fri, Mar  2, 2012"
5776,Valdosta Regional Airport,Valdosta,United States,VLD,KVLD,30.7825,-83.2767,203,-5,A,"Valdosta, GA",87,87,88,88,4.333333333333334,12.91954022988506,8.0,88.0,"Thu, Mar 22, 2012","Tue, Mar 13, 2012"
3873,Eglin AFB,Valparaiso,United States,VPS,KVPS,30.48325,-86.5254,87,-6,A,"Valparaiso, FL",479,480,484,484,8.1356993736952,14.029166666666667,104.0,108.0,"Sat, Mar  3, 2012","Tue, Mar 13, 2012"
5969,Wrangell Airport,Wrangell,United States,WRG,PAWG,56.4843,-132.37,44,-9,A,"Wrangell, AK",61,61,62,62,3.5901639344262297,6.672131147540983,5.0,21.0,"Sun, Mar  4, 2012","Tue, Mar 20, 2012"
4356,NW Arkansas Regional,Bentonville,United States,XNA,KXNA,36.2818694,-94.3068111,1287,-6,A,"Fayetteville, AR",1023,1021,1044,1045,4.003910068426196,12.765915768854065,21.0,87.0,"Mon, Mar 19, 2012","Wed, Mar  7, 2012"
6803,Yakutat,Yakutat,United States,YAK,PAYA,59.3012,-139.3937,33,-9,A,"Yakutat, AK",57,57,62,62,3.9122807017543866,7.140350877192983,6.0,21.0,"Fri, Mar  2, 2012","Fri, Mar  2, 2012"
3596,Yuma MCAS Yuma International,Yuma,United States,YUM,KYUM,32.656578,-114.60598,216,-7,N,"Yuma, AZ",303,302,305,305,3.8382838283828384,13.215231788079468,10.0,61.0,"Sat, Mar 24, 2012","Sun, Mar 25, 2012"
2883,Cyril E. King,St. Thomas,Virgin Islands,STT,TIST,18.337306,-64.973361,23,-4,U,"Charlotte Amalie, VI",414,410,414,414,4.714975845410629,15.143902439024394,21.0,87.0,"Sat, Mar 17, 2012","Sat, Mar 10, 2012"
2884,Henry E. Rohlsen,St. Croix Island,Virgin Islands,STX,TISX,17.701889,-64.798556,74,-4,U,"Christiansted, VI",103,102,103,103,3.2815533980582523,12.049019607843139,10.0,29.0,"Thu, Mar 22, 2012","Sat, Mar 24, 2012"
2246,Guam International,Agana,Guam,GUM,PGUM,13.48345,144.795983,298,10,U,"Guam, TT",31,30,31,31,3.3225806451612905,13.833333333333334,7.0,32.0,"Sat, Mar 31, 2012","Thu, Mar 15, 2012"
2885,Rafael Hernndez,Aguadilla,Puerto Rico,BQN,TJBQ,18.494861,-67.129444,237,-4,U,"Aguadilla, PR",124,124,124,124,4.491935483870968,11.322580645161292,15.0,30.0,"Wed, Mar  7, 2012","Sun, Mar 18, 2012"
2889,Aeropuerto Mercedita,Ponce,Puerto Rico,PSE,TJPS,18.008306,-66.563028,29,-4,U,"Ponce, PR",62,62,62,62,4.645161290322583,12.612903225806456,22.0,29.0,"Tue, Mar 13, 2012","Wed, Mar  7, 2012"
2890,Luis Muoz Marn International,San Juan,Puerto Rico,SJU,TJSJ,18.439417,-66.001833,9,-4,U,"San Juan, PR",2217,2214,2224,2220,5.894000902119986,15.037940379403794,44.0,73.0,"Mon, Mar 12, 2012","Sun, Mar 25, 2012"
