airport_id,name,city,country,iata_faa,iaco,latitude,longitude,altitude,zone,dst,city_state,avg_able_landings,avg_able_takeoffs,total_landings,total_takeoffs,avg_taxi_in,avg_taxi_out,longest_taxi_in,longest_taxi_out,lng_tx_in_date,lng_tx_out_date
4355,Lehigh Valley International,Allentown,United States,ABE,KABE,40.652083,-75.440806,393,-5,A,"Allentown/Bethlehem/Easton, PA",248,246,253,253,4.528225806451616,14.983739837398376,21.0,60.0,"Sat, Jan 21, 2012","Wed, Jan  4, 2012"
3718,Abilene Regional,Abilene,United States,ABI,KABI,32.411319,-99.681897,1791,-6,A,"Abilene, TX",201,199,204,203,3.358208955223881,8.849246231155785,11.0,28.0,"Sun, Jan  8, 2012","Mon, Jan  2, 2012"
4019,Albuquerque International Sunport,Albuquerque,United States,ABQ,KABQ,35.0402222,-106.6091944,5355,-7,A,"Albuquerque, NM",2495,2497,2515,2518,5.054108216432858,11.250300360432517,43.0,81.0,"Mon, Jan  2, 2012","Tue, Jan 31, 2012"
5715,Southwest Georgia Regional Airport,Albany,United States,ABY,KABY,31.5355,-84.1945,197,-5,A,"Albany, GA",85,85,85,85,3.4705882352941178,13.494117647058824,6.0,45.0,"Fri, Jan  6, 2012","Mon, Jan  9, 2012"
3700,Waco Regional,Waco,United States,ACT,KACT,31.611289,-97.230519,516,-6,A,"Waco, TX",3,2,3,2,3.3333333333333335,8.5,5.0,9.0,"Tue, Jan 31, 2012","Tue, Jan 31, 2012"
4384,Arcata,Arcata CA,United States,ACV,KACV,40.978111,-124.108611,221,-8,A,"Arcata/Eureka, CA",242,242,265,266,3.884297520661157,10.173553719008265,8.0,38.0,"Sun, Jan 22, 2012","Fri, Jan 27, 2012"
3524,Atlantic City International,Atlantic City,United States,ACY,KACY,39.457583,-74.577167,75,-5,A,"Atlantic City, NJ",11,12,11,12,4.2727272727272725,12.5,5.0,32.0,"Tue, Jan  3, 2012","Thu, Jan  5, 2012"
5959,Adak Airport,Adak Island,United States,ADK,PADK,51.878,-176.646,18,-10,A,"Adak Island, AK",7,7,9,9,5.428571428571429,7.142857142857143,8.0,12.0,"Sun, Jan 29, 2012","Sun, Jan  1, 2012"
3531,Kodiak,Kodiak,United States,ADQ,PADQ,57.749967,-152.493856,78,-9,A,"Kodiak, AK",43,43,56,56,3.4651162790697674,9.604651162790697,6.0,43.0,"Thu, Jan 12, 2012","Mon, Jan 23, 2012"
3852,Alexandria International,Alexandria,United States,AEX,KAEX,31.3274,-92.549833,89,-6,A,"Alexandria, LA",269,268,272,272,2.925650557620818,12.499999999999998,15.0,76.0,"Wed, Jan 25, 2012","Wed, Jan 25, 2012"
3658,Augusta Regional At Bush Field,Bush Field,United States,AGS,KAGS,33.369944,-81.9645,144,-5,A,"Augusta, GA",298,298,300,301,3.4161073825503347,16.399328859060404,17.0,66.0,"Thu, Jan  5, 2012","Mon, Jan 23, 2012"
3864,Albany International,Albany,United States,ALB,KALB,42.748267,-73.801692,285,-5,A,"Albany, NY",663,657,669,666,3.687782805429865,14.911719939117196,29.0,67.0,"Tue, Jan 17, 2012","Thu, Jan 12, 2012"
3840,Rick Husband Amarillo International,Amarillo,United States,AMA,KAMA,35.219369,-101.705931,3607,-6,A,"Amarillo, TX",553,553,559,558,4.303797468354436,10.253164556962025,23.0,64.0,"Tue, Jan  3, 2012","Sun, Jan  8, 2012"
3774,Ted Stevens Anchorage International,Anchorage,United States,ANC,PANC,61.174361,-149.996361,152,-9,A,"Anchorage, AK",1208,1230,1262,1266,4.620033112582784,16.375609756097543,37.0,66.0,"Wed, Jan  4, 2012","Fri, Jan  6, 2012"
3838,Watertown International,Watertown,United States,ART,KART,43.991922,-76.021739,325,-5,A,"Watertown, NY",48,44,53,53,4.541666666666667,21.40909090909091,10.0,104.0,"Sun, Jan  1, 2012","Sat, Jan 14, 2012"
7001,Aspen/Pitkin County-Sardy Field,Aspen,United States,ASE,KASE,39.2232,-106.869,7820,-7,A,"Aspen, CO",634,633,688,686,3.6261829652996846,11.780410742496048,24.0,57.0,"Sun, Jan  1, 2012","Sun, Jan 22, 2012"
3682,Hartsfield Jackson Atlanta International,Atlanta,United States,ATL,KATL,33.636719,-84.428067,1026,-5,A,"Atlanta, GA",31106,31196,31351,31390,10.154150324696271,19.563245287857495,88.0,125.0,"Sat, Jan 21, 2012","Sat, Jan 21, 2012"
4047,Appleton,Appleton,United States,ATW,KATW,44.257526,-88.507576,680,-6,A,"Appleton, WI",240,240,246,246,3.816666666666666,12.620833333333334,10.0,59.0,"Tue, Jan  3, 2012","Fri, Jan 13, 2012"
3673,Austin Bergstrom International,Austin,United States,AUS,KAUS,30.194528,-97.669889,542,-6,A,"Austin, TX",3251,3254,3276,3276,5.045216856351881,11.803318992009837,39.0,82.0,"Thu, Jan 19, 2012","Wed, Jan 25, 2012"
4007,Asheville Regional Airport,Asheville,United States,AVL,KAVL,35.436194,-82.541806,2165,-5,A,"Asheville, NC",344,342,352,352,3.23546511627907,17.909356725146196,20.0,93.0,"Tue, Jan  3, 2012","Sat, Jan 21, 2012"
4286,Wilkes Barre Scranton International,Scranton,United States,AVP,KAVP,41.338478,-75.723403,962,-5,A,"Scranton/Wilkes-Barre, PA",85,86,89,90,3.8705882352941177,12.686046511627907,14.0,36.0,"Sat, Jan 14, 2012","Fri, Jan 20, 2012"
4039,Kalamazoo,Kalamazoo,United States,AZO,KAZO,42.234875,-85.552058,874,-5,A,"Kalamazoo, MI",59,60,65,65,4.423728813559322,17.56666666666666,27.0,44.0,"Thu, Jan 19, 2012","Mon, Jan  2, 2012"
3825,Bradley International,Windsor Locks,United States,BDL,KBDL,41.938889,-72.683222,173,-5,A,"Hartford, CT",1530,1527,1542,1545,4.998039215686273,14.191879502292071,40.0,86.0,"Mon, Jan  2, 2012","Thu, Jan 12, 2012"
3599,Bethel,Bethel,United States,BET,PABE,60.779778,-161.838,121,-9,A,"Bethel, AK",78,78,82,82,3.6025641025641026,6.282051282051282,7.0,14.0,"Sat, Jan 28, 2012","Wed, Jan  4, 2012"
3558,Meadows Field,Bakersfield,United States,BFL,KBFL,35.433598,-119.05677,507,-8,A,"Bakersfield, CA",311,310,317,316,4.0418006430868125,13.774193548387094,14.0,68.0,"Mon, Jan  9, 2012","Mon, Jan 23, 2012"
3463,Bangor International,Bangor,United States,BGR,KBGR,44.807444,-68.828139,192,-5,A,"Bangor, ME",31,31,31,31,3.7096774193548385,19.451612903225808,7.0,59.0,"Wed, Jan 25, 2012","Sat, Jan 28, 2012"
3811,Birmingham International,Birmingham,United States,BHM,KBHM,33.562942,-86.75355,644,-6,A,"Birmingham, AL",1454,1448,1469,1464,3.515818431911965,13.028314917127082,26.0,88.0,"Thu, Jan 12, 2012","Sun, Jan 22, 2012"
4021,Billings Logan International Airport,Billings,United States,BIL,KBIL,45.80921,-108.537654,3652,-7,A,"Billings, MT",243,241,243,242,3.6666666666666665,12.070539419087138,8.0,39.0,"Wed, Jan 18, 2012","Wed, Jan 18, 2012"
4083,Bismarck Municipal Airport,Bismarck,United States,BIS,KBIS,46.775842,-100.757931,1661,-6,A,"Bismarck/Mandan, ND",268,266,269,268,3.8805970149253732,10.45488721804511,30.0,76.0,"Sun, Jan 29, 2012","Sun, Jan 22, 2012"
6962,Branson LLC,Branson,United States,BKG,KBBG,36.531994,-93.200556,1302,-6,A,"Branson, MO",55,55,58,58,4.018181818181818,9.363636363636363,7.0,25.0,"Mon, Jan 16, 2012","Thu, Jan 12, 2012"
3777,Bellingham International,Bellingham,United States,BLI,KBLI,48.792694,-122.537528,170,-8,A,"Bellingham, WA",61,62,62,62,5.278688524590164,16.37096774193548,26.0,45.0,"Tue, Jan 17, 2012","Mon, Jan 16, 2012"
4037,Central Illinois Regional,Bloomington,United States,BMI,KBMI,40.477111,-88.915917,871,-6,A,"Bloomington/Normal, IL",299,299,302,302,3.9096989966555182,9.675585284280936,10.0,138.0,"Mon, Jan  9, 2012","Sun, Jan 22, 2012"
3690,Nashville International,Nashville,United States,BNA,KBNA,36.124472,-86.678194,599,-6,A,"Nashville, TN",4324,4318,4373,4368,5.743755781683633,11.973598888374244,53.0,87.0,"Sun, Jan  8, 2012","Mon, Jan 23, 2012"
3495,Boise Air Terminal,Boise,United States,BOI,KBOI,43.564361,-116.222861,2871,-7,A,"Boise, ID",935,936,942,944,3.8449197860962565,11.424145299145293,45.0,83.0,"Wed, Jan 18, 2012","Wed, Jan 18, 2012"
3448,General Edward Lawrence Logan International,Boston,United States,BOS,KBOS,42.364347,-71.005181,19,-5,A,"Boston, MA",8120,8118,8228,8225,6.579556650246305,18.943335796994454,43.0,114.0,"Sat, Jan 21, 2012","Sat, Jan 21, 2012"
5725,Brunswick Golden Isles Airport,Brunswick,United States,BQK,KBQK,31.2588,-81.4665,26,-5,A,"Brunswick, GA",77,77,77,77,3.0,12.519480519480517,4.0,38.0,"Tue, Jan  3, 2012","Fri, Jan  6, 2012"
3738,Brownsville South Padre Island International,Brownsville,United States,BRO,KBRO,25.906833,-97.425861,22,-6,A,"Brownsville, TX",198,195,204,203,4.15151515151515,10.102564102564099,8.0,20.0,"Wed, Jan 11, 2012","Wed, Jan 25, 2012"
3571,Wiley Post Will Rogers Memorial,Barrow,United States,BRW,PABR,71.285446,-156.766003,44,-9,A,"Barrow, AK",68,68,68,68,4.514705882352941,7.117647058823529,19.0,26.0,"Mon, Jan 23, 2012","Wed, Jan 11, 2012"
4022,Bert Mooney Airport,Butte,United States,BTM,KBTM,45.954806,-112.497472,5550,-7,A,"Butte, MT",55,54,59,59,3.7818181818181817,11.16666666666667,7.0,36.0,"Wed, Jan  4, 2012","Thu, Jan 12, 2012"
3846,Baton Rouge Metro-Ryan Field,Baton Rouge,United States,BTR,KBTR,30.533167,-91.149639,70,-6,A,"Baton Rouge, LA",630,631,642,641,5.230158730158727,12.394611727416798,28.0,137.0,"Fri, Jan 27, 2012","Sat, Jan 21, 2012"
3711,Burlington International,Burlington,United States,BTV,KBTV,44.471861,-73.153278,335,-5,A,"Burlington, VT",247,249,252,255,4.368421052631579,17.39759036144578,40.0,59.0,"Sat, Jan 21, 2012","Mon, Jan 16, 2012"
3820,Buffalo Niagara International,Buffalo,United States,BUF,KBUF,42.940525,-78.732167,724,-5,A,"Buffalo, NY",1539,1534,1565,1564,4.11890838206628,15.471316818774445,43.0,118.0,"Fri, Jan 13, 2012","Fri, Jan 13, 2012"
3644,Bob Hope,Burbank,United States,BUR,KBUR,34.200667,-118.358667,778,-8,A,"Burbank, CA",2203,2203,2253,2253,3.12437585111212,11.314117113027672,56.0,91.0,"Mon, Jan  9, 2012","Tue, Jan 10, 2012"
3849,Baltimore Washington International,Baltimore,United States,BWI,KBWI,39.175361,-76.668333,146,-5,A,"Baltimore, MD",7826,7820,7883,7883,5.555456171735261,12.457800511508953,43.0,128.0,"Fri, Jan 27, 2012","Fri, Jan 27, 2012"
4020,Gallatin Field,Bozeman,United States,BZN,KBZN,45.777643,-111.160151,4500,-7,A,"Bozeman, MT",287,288,290,291,4.648083623693376,13.930555555555554,29.0,58.0,"Thu, Jan  5, 2012","Mon, Jan 16, 2012"
3561,Columbia Metropolitan,Colombia,United States,CAE,KCAE,33.938833,-81.119528,236,-5,A,"Columbia, SC",541,536,553,548,3.3696857670979674,14.936567164179104,10.0,82.0,"Sat, Jan 21, 2012","Sun, Jan 22, 2012"
4112,Akron Canton Regional Airport,Akron,United States,CAK,KCAK,40.9160833,-81.4421944,1228,-5,A,"Akron, OH",672,676,681,685,5.035714285714288,16.627218934911266,27.0,102.0,"Mon, Jan 23, 2012","Wed, Jan 25, 2012"
3824,Cedar City Regional,Cedar City,United States,CDC,KCDC,37.700967,-113.098847,5622,-7,A,"Cedar City, UT",58,57,59,58,3.103448275862068,12.666666666666666,7.0,34.0,"Sun, Jan 22, 2012","Tue, Jan 24, 2012"
3610,Merle K. Mudhole Smith,Cordova,United States,CDV,PACV,60.491778,-145.477556,48,-9,A,"Cordova, AK",52,53,61,61,3.2884615384615383,7.9245283018867925,5.0,31.0,"Mon, Jan  2, 2012","Thu, Jan  5, 2012"
5727,Del Norte County Airport,Crescent City,United States,CEC,KCEC,41.7802,-124.237,57,-8,A,"Crescent City, CA",76,75,85,86,3.526315789473684,12.680000000000001,6.0,35.0,"Sun, Jan  8, 2012","Sun, Jan 22, 2012"
3578,Lovell Field,Chattanooga,United States,CHA,KCHA,35.035278,-85.203808,683,-5,A,"Chattanooga, TN",368,364,372,369,3.660326086956522,16.780219780219777,23.0,79.0,"Thu, Jan 12, 2012","Mon, Jan 23, 2012"
4015,Charlottesville-Albemarle,Charlottesville VA,United States,CHO,KCHO,38.138639,-78.452861,639,-5,A,"Charlottesville, VA",143,144,150,150,2.8811188811188817,13.277777777777777,6.0,70.0,"Sun, Jan  1, 2012","Sat, Jan 21, 2012"
3806,Charleston AFB International,Charleston,United States,CHS,KCHS,32.898647,-80.040528,45,-5,A,"Charleston, SC",1083,1079,1094,1096,5.39796860572484,14.341056533827615,25.0,84.0,"Thu, Jan  5, 2012","Mon, Jan 23, 2012"
3710,Chico Municipal,Chico,United States,CIC,KCIC,39.795383,-121.858422,238,-8,A,"Chico, CA",110,109,122,120,3.381818181818182,11.816513761467888,14.0,41.0,"Tue, Jan 24, 2012","Mon, Jan 23, 2012"
4043,Cedar Rapids,Cedar Rapids,United States,CID,KCID,41.884694,-91.710806,869,-6,A,"Cedar Rapids/Iowa City, IA",510,508,528,526,5.137254901960788,12.927165354330713,48.0,68.0,"Sun, Jan 22, 2012","Wed, Jan 11, 2012"
4088,McClellan-Palomar Airport,Carlsbad,United States,CLD,KCRQ,33.0742,-117.1648,328,-8,A,"Carlsbad, CA",195,193,200,200,3.646153846153846,10.445595854922287,9.0,44.0,"Thu, Jan  5, 2012","Thu, Jan 19, 2012"
3486,Cleveland Hopkins International,Cleveland,United States,CLE,KCLE,41.411689,-81.849794,791,-5,A,"Cleveland, OH",3561,3566,3615,3613,6.6548722269025555,15.551878855860913,63.0,97.0,"Tue, Jan  3, 2012","Fri, Jan 20, 2012"
3715,Easterwood Field,College Station,United States,CLL,KCLL,30.588583,-96.363833,321,-6,A,"College Station/Bryan, TX",3,2,3,2,5.333333333333333,6.5,8.0,7.0,"Tue, Jan 31, 2012","Tue, Jan 31, 2012"
3876,Charlotte Douglas International,Charlotte,United States,CLT,KCLT,35.214,-80.943139,748,-5,A,"Charlotte, NC",10951,10978,11060,11055,8.332024472650891,17.82291856440147,41.0,109.0,"Sat, Jan 21, 2012","Sun, Jan 22, 2012"
3759,Port Columbus International,Columbus,United States,CMH,KCMH,39.997972,-82.891889,815,-5,A,"Columbus, OH",2066,2065,2092,2090,4.9443368828654375,14.760774818401941,33.0,97.0,"Tue, Jan 10, 2012","Thu, Jan  5, 2012"
4049,Champaign,Champaign,United States,CMI,KCMI,40.03925,-88.278056,754,-6,A,"Champaign/Urbana, IL",161,161,168,168,4.099378881987576,13.366459627329192,15.0,41.0,"Fri, Jan 13, 2012","Sat, Jan 28, 2012"
5732,Houghton County Memorial Airport,Hancock,United States,CMX,KCMX,47.1684,-88.4891,1095,-5,A,"Hancock/Houghton, MI",55,56,63,62,4.49090909090909,18.964285714285722,7.0,76.0,"Wed, Jan 18, 2012","Fri, Jan 20, 2012"
4344,Yellowstone Regional,Cody,United States,COD,KCOD,44.520194,-109.023806,5102,-7,A,"Cody, WY",62,62,62,62,4.338709677419357,16.11290322580645,7.0,60.0,"Tue, Jan 31, 2012","Wed, Jan 11, 2012"
3819,City Of Colorado Springs Municipal,Colorado Springs,United States,COS,KCOS,38.805805,-104.700778,6187,-7,A,"Colorado Springs, CO",945,946,965,960,5.767195767195763,16.005285412262165,40.0,73.0,"Wed, Jan  4, 2012","Mon, Jan  9, 2012"
3872,Natrona County International,Casper,United States,CPR,KCPR,42.908,-106.464417,5347,-7,A,"Casper, WY",164,164,164,164,3.6402439024390243,13.542682926829269,7.0,103.0,"Sun, Jan  1, 2012","Wed, Jan 11, 2012"
3744,Corpus Christi International,Corpus Christi,United States,CRP,KCRP,27.770361,-97.501222,44,-6,A,"Corpus Christi, TX",622,618,634,632,4.128617363344047,9.81229773462782,16.0,41.0,"Mon, Jan  2, 2012","Mon, Jan 23, 2012"
4285,Yeager,Charleston,United States,CRW,KCRW,38.373147,-81.593189,981,-5,A,"Charleston/Dunbar, WV",274,270,278,277,4.580291970802923,13.78148148148148,32.0,46.0,"Sat, Jan 14, 2012","Fri, Jan 13, 2012"
4255,Columbus Metropolitan Airport,Columbus,United States,CSG,KCSG,32.5163333,-84.9388611,397,-5,A,"Columbus, GA",164,163,169,168,3.597560975609756,11.38036809815951,13.0,79.0,"Mon, Jan 23, 2012","Sun, Jan 22, 2012"
3488,Cincinnati Northern Kentucky International,Cincinnati,United States,CVG,KCVG,39.048836,-84.667822,896,-5,A,"Cincinnati, OH",1870,1856,1900,1894,5.887165775401072,16.732758620689665,36.0,134.0,"Thu, Jan 26, 2012","Sat, Jan 21, 2012"
4045,Central Wisconsin,Wassau,United States,CWA,KCWA,44.772726,-89.646635,840,-6,A,"Mosinee, WI",123,123,133,134,3.926829268292683,12.991869918699189,21.0,101.0,"Mon, Jan 23, 2012","Thu, Jan 12, 2012"
3804,Cheyenne Regional-Jerry Olson Field,Cheyenne,United States,CYS,KCYS,41.155722,-104.811839,6156,-7,A,"Cheyenne, WY",29,29,31,31,3.2413793103448274,9.96551724137931,7.0,22.0,"Mon, Jan 16, 2012","Sun, Jan 22, 2012"
3950,Daytona Beach International,Daytona Beach,United States,DAB,KDAB,29.179917,-81.058056,34,-5,A,"Daytona Beach, FL",171,168,171,170,3.9766081871345027,15.291666666666666,11.0,65.0,"Mon, Jan 23, 2012","Thu, Jan  5, 2012"
3502,Dallas Love Field,Dallas,United States,DAL,KDAL,32.847111,-96.851778,487,-6,A,"Dallas, TX",3695,3700,3746,3745,3.9526387009472255,9.206216216216239,122.0,59.0,"Sun, Jan  1, 2012","Tue, Jan 24, 2012"
3627,James M. Cox Dayton International,Dayton,United States,DAY,KDAY,39.902375,-84.219375,1009,-5,A,"Dayton, OH",930,932,950,950,5.392473118279571,16.975321888412036,40.0,129.0,"Thu, Jan 19, 2012","Thu, Jan 12, 2012"
4388,Dubuque Regional,Dubuque IA,United States,DBQ,KDBQ,42.402,-90.709472,1076,-6,A,"Dubuque, IA",24,24,27,27,3.4583333333333335,9.833333333333332,5.0,19.0,"Thu, Jan  5, 2012","Mon, Jan 23, 2012"
3520,Ronald Reagan Washington National,Washington,United States,DCA,KDCA,38.852083,-77.037722,15,-5,A,"Washington, DC",5496,5486,5642,5636,4.78857350800583,16.850528618301105,43.0,140.0,"Mon, Jan  9, 2012","Fri, Jan 27, 2012"
3751,Denver International,Denver,United States,DEN,KDEN,39.861656,-104.673178,5431,-7,A,"Denver, CO",18808,18870,18986,19009,8.216450446618426,14.351775304716481,73.0,117.0,"Wed, Jan 18, 2012","Wed, Jan 11, 2012"
3670,Dallas Fort Worth International,Dallas-fort Worth,United States,DFW,KDFW,32.896828,-97.037997,607,-6,A,"Dallas/Fort Worth, TX",20767,20824,21158,21174,8.757259113015852,14.431569343065693,77.0,100.0,"Tue, Jan 24, 2012","Tue, Jan 24, 2012"
3739,Dothan Regional,Dothan,United States,DHN,KDHN,31.321339,-85.449628,401,-6,A,"Dothan, AL",104,105,105,105,3.2307692307692304,18.247619047619054,8.0,52.0,"Wed, Jan  4, 2012","Tue, Jan 10, 2012"
3598,Duluth International,Duluth,United States,DLH,KDLH,46.842091,-92.193649,1428,-6,A,"Duluth, MN",119,119,121,121,5.630252100840334,18.25210084033614,14.0,57.0,"Fri, Jan 27, 2012","Thu, Jan 19, 2012"
3713,Durango La Plata County,Durango,United States,DRO,KDRO,37.151516,-107.75377,6685,-7,A,"Durango, CO",271,270,281,280,4.78228782287823,12.829629629629629,11.0,53.0,"Tue, Jan 17, 2012","Wed, Jan 25, 2012"
3729,Des Moines International,Des Moines,United States,DSM,KDSM,41.533972,-93.663083,958,-6,A,"Des Moines, IA",956,954,971,972,4.69246861924687,13.643605870020957,38.0,69.0,"Wed, Jan 11, 2012","Wed, Jan 11, 2012"
3645,Detroit Metro Wayne County,Detroit,United States,DTW,KDTW,42.212444,-83.353389,645,-5,A,"Detroit, MI",6822,6837,6901,6908,8.75109938434478,20.645751060406578,129.0,119.0,"Sun, Jan 29, 2012","Fri, Jan 20, 2012"
5735,Chippewa Valley Regional Airport,Eau Claire,United States,EAU,KEAU,44.8658,-91.4843,913,-6,A,"Eau Claire, WI",62,61,62,62,4.467741935483869,21.114754098360656,30.0,51.0,"Fri, Jan 27, 2012","Mon, Jan 23, 2012"
7669,Northwest Florida Beaches International,Panama City,United States,ECP,KECP,30.3417,-85.7973,69,-6,A,"Panama City, FL",471,470,479,478,3.3142250530785553,11.176595744680853,26.0,92.0,"Sun, Jan 22, 2012","Sun, Jan 22, 2012"
4250,Eagle County Regional,Vail,United States,EGE,KEGE,39.642556,-106.917694,6540,-7,A,"Eagle, CO",429,432,444,445,4.841491841491838,17.858796296296298,35.0,125.0,"Sun, Jan  8, 2012","Sat, Jan  7, 2012"
5736,Elko Regional Airport,Elko,United States,EKO,KEKO,40.8249,-115.792,5140,-8,A,"Elko, NV",92,92,92,92,4.119565217391306,10.391304347826082,8.0,29.0,"Sat, Jan 21, 2012","Tue, Jan 24, 2012"
3946,Elmira Corning Regional,Elmira,United States,ELM,KELM,42.159889,-76.891611,954,-5,A,"Elmira/Corning, NY",80,81,80,81,3.2875,18.48148148148148,7.0,49.0,"Sun, Jan  8, 2012","Sat, Jan 21, 2012"
3559,El Paso International,El Paso,United States,ELP,KELP,31.80725,-106.377583,3958,-7,A,"El Paso, TX",1682,1681,1704,1707,4.0523186682520755,11.709101725163585,56.0,59.0,"Sun, Jan  8, 2012","Mon, Jan 23, 2012"
4099,Mahlon Sweet Field,Eugene,United States,EUG,KEUG,44.124583,-123.211972,374,-8,A,"Eugene, OR",390,391,414,414,3.258974358974359,12.396419437340159,7.0,55.0,"Fri, Jan 13, 2012","Fri, Jan 20, 2012"
4018,Evansville Regional,Evansville,United States,EVV,KEVV,38.036997,-87.532364,418,-6,A,"Evansville, IN",267,266,270,269,3.7116104868913857,12.977443609022556,11.0,56.0,"Mon, Jan  2, 2012","Sun, Jan 22, 2012"
3730,Craven County Regional,New Bern,United States,EWN,KEWN,35.072972,-77.042944,18,-5,A,"New Bern/Morehead/Beaufort, NC",59,59,59,59,2.9661016949152543,8.457627118644067,7.0,18.0,"Wed, Jan 25, 2012","Sun, Jan 22, 2012"
3494,Newark Liberty International,Newark,United States,EWR,KEWR,40.6925,-74.168667,18,-5,A,"Newark, NJ",8989,8982,9154,9146,8.975859383691178,18.79826319305286,82.0,152.0,"Sat, Jan 21, 2012","Sat, Jan 21, 2012"
3875,Key West International,Key West,United States,EYW,KEYW,24.556111,-81.759556,3,-5,A,"Key West, FL",179,178,181,181,3.357541899441341,9.000000000000002,8.0,25.0,"Tue, Jan  3, 2012","Mon, Jan 16, 2012"
3832,Fairbanks International,Fairbanks,United States,FAI,PAFA,64.815114,-147.856267,434,-9,A,"Fairbanks, AK",339,338,347,347,3.4985250737463125,14.183431952662723,21.0,56.0,"Mon, Jan  2, 2012","Mon, Jan  2, 2012"
4292,Hector International Airport,Fargo,United States,FAR,KFAR,46.92065,-96.8157639,902,-6,A,"Fargo, ND",447,445,457,457,4.941834451901572,17.233707865168537,44.0,76.0,"Fri, Jan  6, 2012","Mon, Jan 23, 2012"
3687,Fresno Yosemite International,Fresno,United States,FAT,KFAT,36.776194,-119.71814,336,-8,A,"Fresno, CA",910,910,919,918,3.9571428571428573,13.05824175824176,18.0,83.0,"Fri, Jan 13, 2012","Tue, Jan  3, 2012"
5738,Fayetteville Regional-Grannis Field,Fayetteville,United States,FAY,KFAY,34.9912,-78.8803,189,-5,A,"Fayetteville, NC",324,323,325,324,4.098765432098766,13.755417956656357,20.0,143.0,"Fri, Jan  6, 2012","Sat, Jan 21, 2012"
4127,Glacier Park International,Kalispell,United States,FCA,KFCA,48.310472,-114.256,2977,-7,A,"Kalispell, MT",125,126,126,127,4.047999999999999,14.087301587301587,19.0,54.0,"Tue, Jan  3, 2012","Sun, Jan 15, 2012"
4261,Flagstaff Pulliam Airport,Flagstaff,United States,FLG,KFLG,35.140318,-111.6692392,7015,-7,N,"Flagstaff, AZ",212,212,216,216,4.943396226415092,17.7688679245283,13.0,74.0,"Mon, Jan  2, 2012","Wed, Jan 11, 2012"
3533,Fort Lauderdale Hollywood International,Fort Lauderdale,United States,FLL,KFLL,26.072583,-80.15275,9,-5,A,"Fort Lauderdale, FL",5800,5798,5818,5819,5.024999999999998,16.389272162814713,42.0,127.0,"Sun, Jan 22, 2012","Sat, Jan 21, 2012"
4089,Bishop International,Flint,United States,FNT,KFNT,42.965424,-83.743629,782,-5,A,"Flint, MI",263,263,264,264,5.064638783269965,13.182509505703425,14.0,45.0,"Thu, Jan 12, 2012","Fri, Jan 27, 2012"
4009,Sioux Falls,Sioux Falls,United States,FSD,KFSD,43.582014,-96.741914,1429,-6,A,"Sioux Falls, SD",509,506,519,517,5.522593320235757,17.679841897233196,48.0,94.0,"Sat, Jan 21, 2012","Mon, Jan 23, 2012"
3437,Fort Smith Regional,Fort Smith,United States,FSM,KFSM,35.336583,-94.367444,469,-6,A,"Fort Smith, AR",145,144,146,145,4.006896551724138,10.25,7.0,52.0,"Sun, Jan  1, 2012","Mon, Jan  9, 2012"
4041,Fort Wayne,Fort Wayne,United States,FWA,KFWA,40.978472,-85.195139,815,-5,A,"Fort Wayne, IN",280,279,289,289,4.142857142857143,13.444444444444445,11.0,77.0,"Sat, Jan  7, 2012","Sat, Jan 28, 2012"
4296,Gillette-Campbell County Airport,Gillette,United States,GCC,KGCC,44.3489167,-105.5393611,4365,-7,A,"Gillette, WY",121,121,124,124,4.165289256198344,15.462809917355369,16.0,84.0,"Sun, Jan 29, 2012","Sun, Jan 22, 2012"
3467,Spokane International,Spokane,United States,GEG,KGEG,47.619861,-117.533833,2376,-8,A,"Spokane, WA",838,836,846,844,4.081145584725533,13.773923444976077,20.0,87.0,"Thu, Jan 19, 2012","Tue, Jan 17, 2012"
3442,Grand Forks International,Grand Forks,United States,GFK,KGFK,47.949256,-97.176111,845,-6,A,"Grand Forks, ND",141,142,145,146,4.673758865248228,15.408450704225348,8.0,43.0,"Sat, Jan 28, 2012","Fri, Jan 27, 2012"
3465,East Texas Regional,Longview,United States,GGG,KGGG,32.384014,-94.711486,365,-6,A,"Longview, TX",1,1,1,1,6.0,9.0,6.0,9.0,"Tue, Jan 31, 2012","Tue, Jan 31, 2012"
4063,Grand Junction Regional,Grand Junction,United States,GJT,KGJT,39.122413,-108.526735,4858,-7,A,"Grand Junction, CO",428,429,438,438,3.577102803738318,14.979020979020978,12.0,113.0,"Tue, Jan 24, 2012","Fri, Jan 27, 2012"
3472,Gainesville Regional,Gainesville,United States,GNV,KGNV,29.690056,-82.271778,152,-5,A,"Gainesville, FL",260,257,263,259,3.203846153846155,13.898832684824905,9.0,62.0,"Mon, Jan 16, 2012","Sun, Jan  8, 2012"
4038,Gulfport-Biloxi,Gulfport,United States,GPT,KGPT,30.407278,-89.070111,28,-6,A,"Gulfport/Biloxi, MS",378,377,383,383,4.362433862433863,11.71883289124669,41.0,92.0,"Sun, Jan 22, 2012","Fri, Jan  6, 2012"
3653,Austin Straubel International,Green Bay,United States,GRB,KGRB,44.485072,-88.129589,695,-6,A,"Green Bay, WI",393,390,406,405,4.417302798982192,14.351282051282052,32.0,116.0,"Fri, Jan 13, 2012","Fri, Jan 20, 2012"
5740,Central Nebraska Regional Airport,Grand Island,United States,GRI,KGRI,40.9675,-98.3096,1847,-6,A,"Grand Island, NE",58,58,58,58,3.1724137931034484,10.034482758620687,6.0,33.0,"Thu, Jan 12, 2012","Wed, Jan 18, 2012"
3775,Robert Gray AAF,Killeen,United States,GRK,KGRK,31.06725,-97.828917,1015,-6,A,"Killeen, TX",67,67,68,67,3.746268656716418,8.522388059701493,10.0,19.0,"Sun, Jan 22, 2012","Wed, Jan 18, 2012"
3685,Gerald R. Ford International,Grand Rapids,United States,GRR,KGRR,42.880833,-85.522806,794,-5,A,"Grand Rapids, MI",854,853,862,863,5.044496487119435,16.804220398593205,35.0,96.0,"Fri, Jan 20, 2012","Fri, Jan 20, 2012"
4008,Piedmont Triad,Greensboro,United States,GSO,KGSO,36.09775,-79.937306,925,-5,A,"Greensboro/High Point, NC",652,652,663,665,3.843558282208586,14.565950920245399,10.0,86.0,"Sun, Jan  1, 2012","Sun, Jan 22, 2012"
4034,Greenville-Spartanburg International,Greenville,United States,GSP,KGSP,34.895556,-82.218889,964,-5,A,"Greer, SC",777,776,783,783,3.552123552123551,12.412371134020614,26.0,60.0,"Mon, Jan 16, 2012","Wed, Jan 11, 2012"
3880,Great Falls International,Great Falls,United States,GTF,KGTF,47.482,-111.370689,3677,-7,A,"Great Falls, MT",139,137,139,139,4.417266187050361,11.72992700729927,19.0,45.0,"Tue, Jan 17, 2012","Sun, Jan 15, 2012"
4273,Golden Triangle Regional Airport,Columbus Mississippi,United States,GTR,KGTR,33.450333,-88.591361,264,-6,A,"Columbus, MS",82,82,82,82,3.0,12.731707317073173,6.0,50.0,"Sun, Jan 22, 2012","Fri, Jan 20, 2012"
7051,Gunnison - Crested Butte,Gunnison,United States,GUC,KGUC,38.533889,-106.933056,7678,-7,A,"Gunnison, CO",65,66,66,67,4.153846153846155,12.621212121212121,8.0,28.0,"Thu, Jan  5, 2012","Sat, Jan 21, 2012"
4339,Yampa Valley,Hayden,United States,HDN,KHDN,40.481181,-107.21766,6602,-7,A,"Hayden, CO",248,248,252,252,3.879032258064516,14.67741935483871,23.0,47.0,"Sun, Jan 15, 2012","Sat, Jan  7, 2012"
3504,Helena Regional,Helena,United States,HLN,KHLN,46.606806,-111.98275,3877,-7,A,"Helena, MT",111,110,113,113,3.369369369369369,16.78181818181817,6.0,96.0,"Wed, Jan 18, 2012","Thu, Jan 19, 2012"
3728,Honolulu International,Honolulu,United States,HNL,PHNL,21.318681,-157.922428,13,-10,N,"Honolulu, HI",4370,4367,4381,4381,6.249656750572082,13.210441950996108,40.0,67.0,"Tue, Jan 17, 2012","Mon, Jan 16, 2012"
3749,Lea County Regional,Hobbs,United States,HOB,KHOB,32.687528,-103.217028,3661,-7,A,"Hobbs, NM",47,48,49,50,3.8085106382978724,10.833333333333334,6.0,29.0,"Wed, Jan 18, 2012","Sun, Jan  1, 2012"
3566,William P. Hobby,Houston,United States,HOU,KHOU,29.645419,-95.278889,46,-6,A,"Houston, TX",4193,4204,4263,4265,5.728356785118058,9.063510941960029,77.0,84.0,"Mon, Jan  9, 2012","Mon, Jan  9, 2012"
3589,Westchester County,White Plains,United States,HPN,KHPN,41.066959,-73.707575,439,-5,A,"White Plains, NY",705,702,716,714,6.334751773049648,12.457264957264947,46.0,88.0,"Fri, Jan 27, 2012","Sat, Jan 21, 2012"
3560,Valley International,Harlingen,United States,HRL,KHRL,26.2285,-97.654389,36,-6,A,"Harlingen/San Benito, TX",371,372,375,375,3.0808625336927213,8.516129032258071,12.0,100.0,"Mon, Jan 16, 2012","Mon, Jan  9, 2012"
4113,Huntsville International Airport-Carl T. Jones Field,Huntsville,United States,HSV,KHSV,34.6371944,-86.7750556,629,-6,A,"Huntsville, AL",606,602,616,616,5.166666666666669,13.757475083056478,25.0,107.0,"Sun, Jan  8, 2012","Mon, Jan 23, 2012"
3714,Washington Dulles International,Washington,United States,IAD,KIAD,38.944533,-77.455811,313,-5,A,"Washington, DC",5679,5660,5781,5755,6.769325585490406,16.24893992932862,49.0,124.0,"Fri, Jan 20, 2012","Sat, Jan 21, 2012"
3550,George Bush Intercontinental Houston,Houston,United States,IAH,KIAH,29.984433,-95.341442,97,-6,A,"Houston, TX",13497,13518,13663,13654,8.267689116099833,17.90153868915524,66.0,140.0,"Fri, Jan 27, 2012","Mon, Jan  9, 2012"
3457,Wichita Mid Continent,Wichita,United States,ICT,KICT,37.649944,-97.433056,1333,-6,A,"Wichita, KS",846,845,859,859,4.795508274231685,11.82485207100591,37.0,71.0,"Mon, Jan  9, 2012","Mon, Jan  9, 2012"
4100,Idaho Falls Regional,Idaho Falls,United States,IDA,KIDA,43.514556,-112.07075,4744,-7,A,"Idaho Falls, ID",237,237,240,241,4.227848101265824,14.864978902953586,21.0,53.0,"Thu, Jan 26, 2012","Wed, Jan 11, 2012"
3845,Wilmington International,Wilmington,United States,ILM,KILM,34.270615,-77.902569,32,-5,A,"Wilmington, NC",357,356,364,363,3.5966386554621854,14.455056179775276,17.0,114.0,"Mon, Jan  9, 2012","Mon, Jan 23, 2012"
3585,Indianapolis International,Indianapolis,United States,IND,KIND,39.717331,-86.294383,797,-5,A,"Indianapolis, IN",2241,2244,2265,2268,5.721106648817489,14.979500891265598,54.0,109.0,"Wed, Jan 25, 2012","Fri, Jan 20, 2012"
3689,Imperial County,Imperial,United States,IPL,KIPL,32.834219,-115.578744,-54,-8,A,"El Centro, CA",62,62,62,62,2.7580645161290325,14.290322580645162,6.0,82.0,"Mon, Jan 16, 2012","Sun, Jan  1, 2012"
3857,Long Island MacArthur,Islip,United States,ISP,KISP,40.79525,-73.100222,99,-5,A,"Islip, NY",497,499,500,500,4.305835010060358,8.985971943887765,18.0,49.0,"Tue, Jan  3, 2012","Sat, Jan 21, 2012"
3415,Hilo International,Hilo,United States,ITO,PHTO,19.721375,-155.048469,38,-10,N,"Hilo, HI",553,553,554,554,5.444846292947558,8.761301989150091,15.0,23.0,"Sat, Jan  7, 2012","Tue, Jan 24, 2012"
7120,Inyokern Airport,Inyokern,United States,IYK,KIYK,35.658889,-117.829444,2455,-8,A,"Inyokern, CA",60,59,62,62,4.316666666666667,12.64406779661017,7.0,36.0,"Tue, Jan 24, 2012","Mon, Jan 23, 2012"
4027,Jackson Hole Airport,Jacksn Hole,United States,JAC,KJAC,43.60733333,-110.73775,6451,-7,A,"Jackson, WY",244,244,272,273,3.868852459016393,19.475409836065577,13.0,106.0,"Sat, Jan 28, 2012","Sun, Jan 22, 2012"
3580,Jackson Evers International,Jackson,United States,JAN,KJAN,32.311167,-90.075889,346,-6,A,"Jackson/Vicksburg, MS",673,672,683,682,4.298662704309059,12.276785714285708,24.0,59.0,"Wed, Jan  4, 2012","Sun, Jan 22, 2012"
3712,Jacksonville International,Jacksonville,United States,JAX,KJAX,30.494056,-81.687861,30,-5,A,"Jacksonville, FL",2013,2012,2030,2031,4.634376552409346,12.754970178926452,31.0,95.0,"Thu, Jan 26, 2012","Mon, Jan 23, 2012"
3797,John F. Kennedy International,New York,United States,JFK,KJFK,40.639751,-73.778925,13,-5,A,"New York, NY",7556,7545,7607,7593,8.062996294335615,23.377468522200086,60.0,118.0,"Sat, Jan 21, 2012","Sat, Jan 21, 2012"
4354,Joplin Regional,Joplin,United States,JLN,KJLN,37.151814,-94.498269,981,-6,A,"Joplin, MO",2,1,2,1,5.0,7.0,5.0,7.0,"Tue, Jan 31, 2012","Tue, Jan 31, 2012"
3492,Juneau International,Juneau,United States,JNU,PAJN,58.354972,-134.576278,21,-9,A,"Juneau, AK",277,279,301,302,4.028880866425993,17.40501792114695,12.0,106.0,"Tue, Jan 10, 2012","Thu, Jan 26, 2012"
3514,Kona International At Keahole,Kona,United States,KOA,PHKO,19.738767,-156.045631,47,-10,N,"Kona, HI",1049,1048,1049,1049,4.508102955195417,10.138358778625966,12.0,129.0,"Fri, Jan  6, 2012","Sun, Jan  8, 2012"
3808,Ketchikan International,Ketchikan,United States,KTN,PAKT,55.355556,-131.71375,88,-9,A,"Ketchikan, AK",173,173,185,185,4.473988439306355,15.416184971098266,15.0,76.0,"Thu, Jan 26, 2012","Wed, Jan 25, 2012"
3544,Capital City,Lansing,United States,LAN,KLAN,42.7787,-84.587357,861,-5,A,"Lansing, MI",99,100,104,104,4.393939393939393,17.139999999999997,14.0,54.0,"Sun, Jan 22, 2012","Sat, Jan 14, 2012"
3877,McCarran International,Las Vegas,United States,LAS,KLAS,36.080056,-115.15225,2141,-8,A,"Las Vegas, NV",11209,11216,11294,11300,6.653760371130345,14.285574179743238,71.0,114.0,"Sat, Jan 21, 2012","Thu, Jan 26, 2012"
4256,Lawton-Fort Sill Regional Airport,Lawton,United States,LAW,KLAW,34.5677144,-98.4166367,1110,-6,A,"Lawton/Fort Sill, OK",5,4,5,4,4.4,8.0,7.0,8.0,"Tue, Jan 31, 2012","Tue, Jan 31, 2012"
3484,Los Angeles International,Los Angeles,United States,LAX,KLAX,33.942536,-118.408075,126,-8,A,"Los Angeles, CA",17620,17653,17831,17841,9.543757094211164,14.859513963632256,89.0,107.0,"Mon, Jan  2, 2012","Sun, Jan 22, 2012"
3829,Lubbock Preston Smith International,Lubbock,United States,LBB,KLBB,33.663639,-101.822778,3282,-6,A,"Lubbock, TX",554,551,574,573,4.2129963898917016,9.553539019963704,26.0,76.0,"Fri, Jan 13, 2012","Tue, Jan 24, 2012"
3513,Lake Charles Regional,Lake Charles,United States,LCH,KLCH,30.126112,-93.223335,15,-6,A,"Lake Charles, LA",61,61,62,62,3.9508196721311473,11.098360655737705,9.0,27.0,"Sun, Jan  8, 2012","Sun, Jan 15, 2012"
4017,Blue Grass,Lexington KY,United States,LEX,KLEX,38.0365,-84.605889,979,-5,A,"Lexington, KY",499,498,508,507,4.214428857715436,15.397590361445788,45.0,80.0,"Fri, Jan 13, 2012","Fri, Jan 20, 2012"
3493,Lafayette Regional,Lafayette,United States,LFT,KLFT,30.205278,-91.987611,43,-6,A,"Lafayette, LA",348,348,358,359,4.416666666666664,12.387931034482758,12.0,66.0,"Sat, Jan 14, 2012","Wed, Jan 25, 2012"
3697,LaGuardia Airport,New York,United States,LGA,KLGA,40.777245,-73.872608,22,-5,A,"New York, NY",7599,7601,7826,7825,7.120542176602185,22.57834495461126,90.0,137.0,"Sat, Jan 21, 2012","Mon, Jan 23, 2012"
3582,Long Beach,Long Beach,United States,LGB,KLGB,33.817722,-118.151611,60,-8,A,"Long Beach, CA",1179,1173,1186,1184,3.820186598812553,13.700767263427103,30.0,117.0,"Sun, Jan 29, 2012","Mon, Jan  2, 2012"
3602,Lihue,Lihue,United States,LIH,PHLI,21.975983,-159.338958,153,-10,N,"Lihue, HI",1015,1012,1015,1014,5.063054187192113,8.983201581027675,13.0,59.0,"Fri, Jan 27, 2012","Mon, Jan  2, 2012"
3660,Adams Field,Little Rock,United States,LIT,KLIT,34.729444,-92.224306,262,-6,A,"Little Rock, AR",1346,1343,1368,1364,4.555720653789011,11.218912881608365,35.0,98.0,"Fri, Jan  6, 2012","Wed, Jan 18, 2012"
5750,Klamath Falls Airport,Klamath Falls,United States,LMT,KLMT,42.1561,-121.733,4095,-8,A,"Klamath Falls, OR",90,93,94,94,3.6333333333333333,14.580645161290326,7.0,41.0,"Mon, Jan 23, 2012","Tue, Jan  3, 2012"
3543,Lincoln,Lincoln,United States,LNK,KLNK,40.850971,-96.75925,1219,-6,A,"Lincoln, NE",220,220,225,225,3.99090909090909,11.677272727272728,20.0,104.0,"Tue, Jan 17, 2012","Thu, Jan 12, 2012"
3691,Laredo International,Laredo,United States,LRD,KLRD,27.54375,-99.461556,508,-6,A,"Laredo, TX",212,210,216,215,3.693396226415094,11.028571428571425,9.0,77.0,"Sun, Jan  1, 2012","Fri, Jan 20, 2012"
4044,LaCrosse Municipal,LaCrosse,United States,LSE,KLSE,43.878986,-91.256711,654,-6,A,"La Crosse, WI",55,55,57,57,4.254545454545454,15.2,7.0,46.0,"Thu, Jan 12, 2012","Mon, Jan 23, 2012"
6958,Greenbrier Valley Airport,Lewisburg,United States,LWB,KLWB,37.858333,-80.399444,2302,-5,U,"Lewisburg, WV",30,30,31,31,2.7666666666666666,12.266666666666667,5.0,25.0,"Thu, Jan 19, 2012","Thu, Jan 12, 2012"
3945,Lewiston Nez Perce County,Lewiston,United States,LWS,KLWS,46.3745,-117.015389,1442,-8,A,"Lewiston, ID",51,50,52,52,4.313725490196078,13.16,8.0,35.0,"Sun, Jan 29, 2012","Thu, Jan 19, 2012"
3652,Midland International,Midland,United States,MAF,KMAF,31.942528,-102.201914,2871,-6,A,"Midland/Odessa, TX",625,623,649,647,3.6959999999999984,10.149277688603531,26.0,43.0,"Tue, Jan 10, 2012","Sun, Jan 22, 2012"
4128,MBS International,Saginaw,United States,MBS,KMBS,43.532913,-84.079647,668,-5,A,"Saginaw/Bay City/Midland, MI",103,103,108,108,4.300970873786408,14.524271844660198,20.0,37.0,"Sat, Jan 28, 2012","Sat, Jan 28, 2012"
3458,Kansas City International,Kansas City,United States,MCI,KMCI,39.297606,-94.713905,1026,-6,A,"Kansas City, MO",3909,3905,3945,3943,4.942440521872605,11.126248399487833,40.0,77.0,"Mon, Jan  2, 2012","Thu, Jan 12, 2012"
3878,Orlando International,Orlando,United States,MCO,KMCO,28.429394,-81.308994,96,-5,A,"Orlando, FL",9999,10003,10038,10048,7.1438143814381405,12.552734179746071,49.0,87.0,"Sun, Jan 22, 2012","Sun, Jan 22, 2012"
3542,Harrisburg International,Harrisburg,United States,MDT,KMDT,40.193494,-76.763403,310,-5,A,"Harrisburg, PA",419,416,425,425,4.446300715990449,15.33653846153846,18.0,108.0,"Fri, Jan 13, 2012","Sat, Jan 21, 2012"
3747,Chicago Midway International,Chicago,United States,MDW,KMDW,41.785972,-87.752417,620,-6,A,"Chicago, IL",6369,6376,6528,6530,5.91725545611555,11.833437892095326,50.0,123.0,"Thu, Jan 12, 2012","Thu, Jan 12, 2012"
4335,Key Field,Meridian,United States,MEI,KMEI,32.332624,-88.751868,297,-6,A,"Meridian, MS",61,61,62,62,4.295081967213113,14.311475409836065,8.0,38.0,"Sun, Jan  8, 2012","Thu, Jan 12, 2012"
3473,Memphis International,Memphis,United States,MEM,KMEM,35.042417,-89.976667,341,-6,A,"Memphis, TN",3215,3209,3251,3252,5.8727838258164855,15.0121533187909,35.0,78.0,"Wed, Jan 18, 2012","Thu, Jan 12, 2012"
3826,McAllen Miller International,Mcallen,United States,MFE,KMFE,26.175833,-98.238611,107,-6,A,"Mission/McAllen/Edinburg, TX",237,234,238,237,4.181434599156116,10.957264957264957,11.0,86.0,"Mon, Jan 23, 2012","Sun, Jan 22, 2012"
4101,Rogue Valley International Medford,Medford,United States,MFR,KMFR,42.374228,-122.8735,1335,-8,A,"Medford, OR",259,259,281,280,3.548262548262548,13.725868725868724,9.0,55.0,"Sat, Jan  7, 2012","Sat, Jan 28, 2012"
4115,Montgomery Regional Airport ,MONTGOMERY,United States,MGM,KMGM,32.3006389,-86.3939722,221,-6,A,"Montgomery, AL",333,332,336,335,3.207207207207209,15.171686746987962,21.0,51.0,"Thu, Jan 26, 2012","Wed, Jan 11, 2012"
4050,Manhattan Regional,Manhattan,United States,MHK,KMHK,39.140972,-96.670833,1057,-6,A,"Manhattan/Ft. Riley, KS",146,145,147,147,3.232876712328767,15.013793103448275,8.0,87.0,"Sun, Jan  8, 2012","Fri, Jan 20, 2012"
4011,Manchester Regional Airport,Manchester NH,United States,MHT,KMHT,42.932556,-71.435667,266,-5,A,"Manchester, NH",665,665,671,671,4.3714285714285745,13.630075187969926,17.0,58.0,"Fri, Jan 13, 2012","Tue, Jan 17, 2012"
3576,Miami International,Miami,United States,MIA,KMIA,25.79325,-80.290556,8,-5,A,"Miami, FL",6955,6968,7010,7012,8.496046010064706,15.952353616532722,65.0,65.0,"Fri, Jan 27, 2012","Mon, Jan 23, 2012"
3717,General Mitchell International,Milwaukee,United States,MKE,KMKE,42.947222,-87.896583,723,-6,A,"Milwaukee, WI",3236,3239,3273,3272,5.995673671199009,15.732016054337723,50.0,163.0,"Fri, Jan 27, 2012","Fri, Jan 20, 2012"
5754,Muskegon County Airport,Muskegon,United States,MKG,KMKG,43.1695,-86.2382,628,-5,A,"Muskegon, MI",55,53,62,62,4.872727272727275,12.358490566037736,9.0,32.0,"Mon, Jan 16, 2012","Thu, Jan 19, 2012"
3671,Melbourne International,Melbourne,United States,MLB,KMLB,28.102753,-80.645258,33,-5,A,"Melbourne, FL",121,121,122,122,4.710743801652892,15.52892561983471,8.0,51.0,"Mon, Jan  2, 2012","Thu, Jan 12, 2012"
4072,Quad City International,Moline,United States,MLI,KMLI,41.448528,-90.507539,590,-6,A,"Moline, IL",466,465,478,477,3.6373390557939915,12.010752688172053,13.0,84.0,"Thu, Jan 12, 2012","Thu, Jan 12, 2012"
3732,Monroe Regional,Monroe,United States,MLU,KMLU,32.510864,-92.037689,79,-6,A,"Monroe, LA",107,107,107,107,3.1588785046728973,10.355140186915891,10.0,37.0,"Thu, Jan 19, 2012","Sun, Jan 15, 2012"
7081,Mammoth Yosemite Airport,Mammoth Lakes,United States,MMH,KMMH,37.624049,-118.837772,7128,-8,A,"Mammoth Lakes, CA",86,87,98,98,3.5813953488372094,15.816091954022989,12.0,52.0,"Fri, Jan 13, 2012","Fri, Jan 27, 2012"
3782,Mobile Regional,Mobile,United States,MOB,KMOB,30.691231,-88.242814,219,-6,A,"Mobile, AL",426,425,431,429,3.9882629107981207,11.28705882352941,20.0,86.0,"Wed, Jan 18, 2012","Sat, Jan 21, 2012"
3816,Modesto City County Harry Sham,Modesto,United States,MOD,KMOD,37.625817,-120.954422,97,-8,A,"Modesto, CA",103,103,120,120,3.145631067961165,11.825242718446601,7.0,31.0,"Wed, Jan  4, 2012","Sun, Jan 15, 2012"
3498,Minot International,Minot,United States,MOT,KMOT,48.259378,-101.280333,1716,-6,A,"Minot, ND",216,214,217,216,4.791666666666665,17.04672897196262,12.0,66.0,"Mon, Jan 16, 2012","Wed, Jan 18, 2012"
6838,Sawyer International Airport,Marquette,United States,MQT,KMQT,46.353611,-87.395278,1221,-5,A,"Marquette, MI",25,25,27,27,5.32,14.64,11.0,24.0,"Fri, Jan 20, 2012","Sun, Jan  1, 2012"
3948,Monterey Peninsula,Monterey,United States,MRY,KMRY,36.587,-121.842944,257,-8,A,"Monterey, CA",429,428,458,459,3.4755244755244754,12.413551401869164,14.0,50.0,"Fri, Jan 27, 2012","Tue, Jan  3, 2012"
3459,Dane County Regional-Truax Field,Madison,United States,MSN,KMSN,43.139858,-89.337514,887,-6,A,"Madison, WI",684,680,697,694,4.1695906432748515,14.342647058823527,32.0,76.0,"Thu, Jan 19, 2012","Sun, Jan 22, 2012"
4216,Missoula International,Missoula,United States,MSO,KMSO,46.916306,-114.090556,3205,-7,A,"Missoula, MT",200,201,201,203,4.585000000000002,14.81592039800995,13.0,51.0,"Sun, Jan 22, 2012","Wed, Jan 18, 2012"
3858,Minneapolis St. Paul International,Minneapolis,United States,MSP,KMSP,44.881956,-93.221767,841,-6,A,"Minneapolis, MN",8311,8323,8392,8391,7.149560823005657,20.137450438543798,95.0,147.0,"Sun, Jan 22, 2012","Tue, Jan 17, 2012"
3861,Louis Armstrong New Orleans International,New Orleans,United States,MSY,KMSY,29.993389,-90.258028,4,-6,A,"New Orleans, LA",3024,3022,3038,3037,5.109457671957673,10.499007279947056,56.0,82.0,"Sun, Jan 22, 2012","Sat, Jan 21, 2012"
6880,Montrose Regional Airport,Montrose CO,United States,MTJ,KMTJ,38.509794,-107.894242,5759,-7,A,"Montrose/Delta, CO",237,236,241,241,4.383966244725738,12.423728813559322,8.0,75.0,"Sat, Jan 28, 2012","Wed, Jan  4, 2012"
3515,Myrtle Beach International,Myrtle Beach,United States,MYR,KMYR,33.67975,-78.928333,25,-5,A,"Myrtle Beach, SC",247,247,249,250,3.3886639676113366,14.485829959514174,17.0,77.0,"Fri, Jan 13, 2012","Sat, Jan 21, 2012"
4386,Albert J. Ellis,Jacksonville NC,United States,OAJ,KOAJ,34.829164,-77.612139,94,-5,A,"Jacksonville/Camp Lejeune, NC",175,174,175,174,2.634285714285714,12.798850574712644,6.0,44.0,"Mon, Jan 30, 2012","Wed, Jan 11, 2012"
3453,Metropolitan Oakland International,Oakland,United States,OAK,KOAK,37.721278,-122.220722,9,-8,A,"Oakland, CA",3571,3570,3615,3615,5.891346961635397,9.802240896358555,38.0,102.0,"Sun, Jan 15, 2012","Mon, Jan 16, 2012"
3456,Kahului,Kahului,United States,OGG,PHOG,20.89865,-156.430458,54,-10,N,"Kahului, HI",1881,1876,1883,1883,5.338649654439126,9.572494669509595,58.0,39.0,"Sat, Jan  7, 2012","Mon, Jan  2, 2012"
3863,Will Rogers World,Oklahoma City,United States,OKC,KOKC,35.393089,-97.600733,1295,-6,A,"Oklahoma City, OK",1668,1663,1681,1679,4.440047961630697,10.802164762477446,32.0,109.0,"Tue, Jan 24, 2012","Sat, Jan 21, 2012"
3454,Eppley Airfield,Omaha,United States,OMA,KOMA,41.303167,-95.894069,984,-6,A,"Omaha, NE",1595,1590,1607,1605,3.7949843260188088,12.593710691823917,35.0,102.0,"Tue, Jan 31, 2012","Mon, Jan 23, 2012"
3615,Nome,Nome,United States,OME,PAOM,64.512203,-165.445247,37,-9,A,"Nome, AK",85,85,89,89,4.764705882352941,6.882352941176471,8.0,25.0,"Fri, Jan 13, 2012","Sun, Jan 15, 2012"
3734,Ontario International,Ontario,United States,ONT,KONT,34.056,-117.601194,944,-8,A,"Ontario, CA",1878,1878,1898,1899,4.504792332268373,10.753993610223631,23.0,72.0,"Wed, Jan  4, 2012","Mon, Jan 23, 2012"
3830,Chicago O'Hare International,Chicago,United States,ORD,KORD,41.978603,-87.904842,668,-6,A,"Chicago, IL",23880,23968,24791,24792,9.98161641541033,17.763434579439135,99.0,154.0,"Fri, Jan 20, 2012","Fri, Jan 20, 2012"
3611,Norfolk International,Norfolk,United States,ORF,KORF,36.894611,-76.201222,26,-5,A,"Norfolk, VA",1042,1038,1049,1047,4.6046065259116995,12.502890173410409,51.0,78.0,"Mon, Jan  2, 2012","Thu, Jan 26, 2012"
5757,Southwest Oregon Regional Airport,North Bend,United States,OTH,KOTH,43.4171,-124.246,17,-8,A,"North Bend/Coos Bay, OR",86,84,93,93,3.3255813953488373,8.85714285714286,19.0,28.0,"Thu, Jan 19, 2012","Tue, Jan  3, 2012"
3693,Ralph Wien Memorial,Kotzebue,United States,OTZ,PAOT,66.884678,-162.59855,11,-9,A,"Kotzebue, AK",87,86,89,89,5.252873563218389,7.825581395348836,18.0,68.0,"Fri, Jan 13, 2012","Sun, Jan 15, 2012"
4117,Barkley Regional Airport,PADUCAH,United States,PAH,KPAH,37.0602875,-88.7729583,410,-6,A,"Paducah, KY",61,60,62,62,4.44262295081967,11.466666666666667,22.0,31.0,"Sun, Jan 22, 2012","Sun, Jan 22, 2012"
3722,Palm Beach International,West Palm Beach,United States,PBI,KPBI,26.683161,-80.095589,19,-5,A,"West Palm Beach/Palm Beach, FL",2169,2171,2177,2176,4.568464730290464,13.523261169967757,33.0,69.0,"Thu, Jan 12, 2012","Sat, Jan 21, 2012"
3720,Portland International,Portland,United States,PDX,KPDX,45.588722,-122.5975,30,-8,A,"Portland, OR",3895,3913,3953,3959,3.977663671373557,11.472016355737278,35.0,104.0,"Sun, Jan  1, 2012","Tue, Jan  3, 2012"
3633,Newport News Williamsburg International,Newport News,United States,PHF,KPHF,37.131894,-76.492989,43,-5,A,"Newport News/Williamsburg, VA",362,361,364,364,4.914364640883975,12.498614958448758,17.0,86.0,"Fri, Jan  6, 2012","Thu, Jan 12, 2012"
3752,Philadelphia International,Philadelphia,United States,PHL,KPHL,39.871944,-75.241139,36,-5,A,"Philadelphia, PA",6569,6594,6661,6669,6.142182980666755,19.21807703973314,64.0,149.0,"Tue, Jan 24, 2012","Sat, Jan 21, 2012"
3462,Phoenix Sky Harbor International,Phoenix,United States,PHX,KPHX,33.434278,-112.011583,1135,-7,N,"Phoenix, AZ",15224,15293,15370,15373,7.72786389910667,14.827306610867721,73.0,113.0,"Mon, Jan  9, 2012","Sun, Jan 22, 2012"
4046,Peoria Regional,Peoria,United States,PIA,KPIA,40.664203,-89.693258,660,-6,A,"Peoria, IL",236,235,254,250,3.9364406779661016,14.787234042553195,22.0,99.0,"Wed, Jan 25, 2012","Sun, Jan 22, 2012"
5760,Pocatello Regional Airport,Pocatello,United States,PIH,KPIH,42.9098,-112.596,4452,-7,A,"Pocatello, ID",84,84,84,84,3.3571428571428577,12.083333333333336,7.0,27.0,"Mon, Jan 23, 2012","Tue, Jan 10, 2012"
3570,Pittsburgh International,Pittsburgh (pennsylva),United States,PIT,KPIT,40.491467,-80.232872,1204,-5,A,"Pittsburgh, PA",2473,2467,2499,2499,5.3768701981399065,16.556546412646973,32.0,106.0,"Thu, Jan  5, 2012","Sat, Jan 21, 2012"
3564,Pensacola Regional,Pensacola,United States,PNS,KPNS,30.473425,-87.186611,121,-6,A,"Pensacola, FL",819,815,829,828,3.88034188034188,12.986503067484662,24.0,69.0,"Mon, Jan 16, 2012","Wed, Jan 25, 2012"
6133,Tri Cities Airport,Pasco,United States,PSC,PSC,46.2647,-119.119,410,-8,A,"Pasco/Kennewick/Richland, WA",258,257,260,261,4.569767441860463,14.066147859922179,11.0,80.0,"Fri, Jan 20, 2012","Tue, Jan 31, 2012"
4147,Petersburg James A. Johnson,Petersburg,United States,PSG,PAPG,56.801667,-132.945278,105,-9,A,"Petersburg, AK",54,55,61,61,4.333333333333333,8.945454545454547,7.0,35.0,"Thu, Jan 26, 2012","Thu, Jan 26, 2012"
3839,Palm Springs International,Palm Springs,United States,PSP,KPSP,33.829667,-116.506694,477,-8,A,"Palm Springs, CA",1188,1184,1211,1211,5.205387205387202,13.377533783783791,25.0,81.0,"Sat, Jan 28, 2012","Tue, Jan 10, 2012"
3641,Theodore Francis Green State,Providence,United States,PVD,KPVD,41.732581,-71.420383,55,-5,A,"Providence, RI",1046,1045,1053,1053,4.435946462715108,12.062200956937799,35.0,85.0,"Tue, Jan 31, 2012","Sat, Jan 21, 2012"
3862,Portland International Jetport,Portland,United States,PWM,KPWM,43.646161,-70.309281,77,-5,A,"Portland, ME",382,379,391,388,3.473821989528796,18.93667546174143,23.0,150.0,"Sun, Jan  1, 2012","Fri, Jan 20, 2012"
4087,Rapid City Regional Airport,Rapid City,United States,RAP,KRAP,44.045278,-103.057222,3204,-7,A,"Rapid City, SD",352,353,353,355,4.193181818181824,13.38243626062323,13.0,52.0,"Mon, Jan  2, 2012","Thu, Jan 19, 2012"
4098,Redding Municipal,Redding,United States,RDD,KRDD,40.509,-122.293389,504,-8,A,"Redding, CA",140,139,151,151,3.978571428571426,11.697841726618705,18.0,48.0,"Fri, Jan 20, 2012","Thu, Jan 19, 2012"
4103,Roberts Field,Redmond-Bend,United States,RDM,KRDM,44.254066,-121.149964,3077,-8,A,"Bend/Redmond, OR",237,237,241,241,3.2869198312236287,10.616033755274257,9.0,43.0,"Mon, Jan  2, 2012","Wed, Jan 18, 2012"
3626,Raleigh Durham International,Raleigh-durham,United States,RDU,KRDU,35.877639,-78.787472,435,-5,A,"Raleigh/Durham, NC",3494,3486,3531,3530,4.353749284487705,14.116752725186464,40.0,115.0,"Sun, Jan 15, 2012","Mon, Jan 23, 2012"
4028,Chicago Rockford International Airport ,Rockford,United States,RFD,KRFD,42.1953611,-89.0972222,742,-6,A,"Rockford, IL",14,14,14,14,4.857142857142857,12.571428571428571,7.0,29.0,"Thu, Jan 12, 2012","Wed, Jan  4, 2012"
3608,Richmond International,Richmond,United States,RIC,KRIC,37.505167,-77.319667,167,-5,A,"Richmond, VA",1317,1314,1334,1333,5.025056947608208,15.162861491628615,35.0,119.0,"Tue, Jan 24, 2012","Sat, Jan 21, 2012"
5766,Rock Springs Sweetwater County Airport,Rock Springs,United States,RKS,KRKS,41.5942,-109.065,6760,-7,A,"Rock Springs, WY",182,182,186,186,3.2637362637362646,10.52197802197802,9.0,41.0,"Sun, Jan  1, 2012","Sun, Jan 29, 2012"
3807,Reno Tahoe International,Reno,United States,RNO,KRNO,39.499108,-119.768108,4415,-8,A,"Reno, NV",1506,1511,1524,1527,4.624833997343951,11.058239576439458,19.0,82.0,"Sun, Jan 22, 2012","Tue, Jan 10, 2012"
4016,Roanoke Regional,Roanoke VA,United States,ROA,KROA,37.325472,-79.975417,1175,-5,A,"Roanoke, VA",192,191,208,206,4.651041666666666,14.890052356020943,15.0,140.0,"Mon, Jan  9, 2012","Thu, Jan 12, 2012"
3622,Greater Rochester International,Rochester,United States,ROC,KROC,43.118866,-77.672389,559,-5,A,"Rochester, NY",702,704,714,715,5.91880341880342,15.846590909090908,16.0,62.0,"Fri, Jan 13, 2012","Fri, Jan 13, 2012"
3736,Roswell International Air Center,Roswell,United States,ROW,KROW,33.301556,-104.530556,3671,-7,A,"Roswell, NM",88,88,89,89,3.465909090909091,8.863636363636367,7.0,21.0,"Mon, Jan  9, 2012","Tue, Jan 24, 2012"
4048,Rochester,Rochester,United States,RST,KRST,43.908283,-92.500014,1317,-6,A,"Rochester, MN",55,54,56,55,4.218181818181818,20.148148148148156,9.0,82.0,"Tue, Jan 10, 2012","Mon, Jan 23, 2012"
3793,Southwest Florida International,Fort Myers,United States,RSW,KRSW,26.536167,-81.755167,30,-5,A,"Fort Myers, FL",2536,2534,2542,2544,4.824921135646684,12.256511444356738,38.0,131.0,"Sun, Jan  8, 2012","Sat, Jan 21, 2012"
3784,Santa Fe Municipal,Santa Fe,United States,SAF,KSAF,35.617108,-106.089422,6348,-7,A,"Santa Fe, NM",84,84,84,84,3.583333333333335,11.000000000000004,7.0,31.0,"Mon, Jan 23, 2012","Wed, Jan  4, 2012"
3731,San Diego International,San Diego,United States,SAN,KSAN,32.733556,-117.189667,17,-8,A,"San Diego, CA",5985,5988,6119,6121,3.7318295739348324,13.180527722110899,69.0,105.0,"Sun, Jan  1, 2012","Sun, Jan  1, 2012"
3621,San Antonio International,San Antonio,United States,SAT,KSAT,29.533694,-98.469778,809,-6,A,"San Antonio, TX",2937,2934,2953,2952,4.501872659176027,11.121336059986387,120.0,95.0,"Tue, Jan 24, 2012","Tue, Jan 10, 2012"
3613,Savannah Hilton Head International,Savannah,United States,SAV,KSAV,32.127583,-81.202139,51,-5,A,"Savannah, GA",665,664,676,675,4.896240601503756,15.772590361445781,30.0,63.0,"Sun, Jan  8, 2012","Tue, Jan 31, 2012"
3949,Santa Barbara Municipal,Santa Barbara,United States,SBA,KSBA,34.426211,-119.840372,10,-8,A,"Santa Barbara, CA",850,849,877,879,4.163529411764709,11.426383981154299,38.0,81.0,"Mon, Jan  2, 2012","Wed, Jan 25, 2012"
4359,South Bend Regional,South Bend,United States,SBN,KSBN,41.708661,-86.31725,799,-5,A,"South Bend, IN",183,183,201,201,3.737704918032787,16.84699453551912,14.0,49.0,"Mon, Jan  9, 2012","Wed, Jan 18, 2012"
5768,San Luis County Regional Airport,San Luis Obispo,United States,SBP,KSBP,35.2368,-120.642,212,-8,A,"San Luis Obispo, CA",395,393,417,419,3.2253164556962033,11.692111959287532,8.0,54.0,"Sun, Jan 29, 2012","Thu, Jan 26, 2012"
3620,Deadhorse,Deadhorse,United States,SCC,PASC,70.19475,-148.465167,64,-9,A,"Deadhorse, AK",65,65,65,65,4.861538461538462,7.723076923076923,10.0,39.0,"Wed, Jan 25, 2012","Wed, Jan 18, 2012"
4014,Louisville International Airport,Louisville,United States,SDF,KSDF,38.1740858,-85.7364989,501,-5,A,"Louisville, KY",1232,1226,1247,1244,5.482954545454542,13.932300163132124,39.0,77.0,"Wed, Jan 11, 2012","Mon, Jan  2, 2012"
3577,Seattle Tacoma International,Seattle,United States,SEA,KSEA,47.449,-122.309306,433,-8,A,"Seattle, WA",7180,7182,7472,7474,6.029805013927577,17.156223893066024,161.0,164.0,"Thu, Jan 19, 2012","Thu, Jan 19, 2012"
3469,San Francisco International,San Francisco,United States,SFO,KSFO,37.618972,-122.374889,13,-8,A,"San Francisco, CA",13002,13010,13437,13422,6.90916782033534,15.626364335126821,66.0,93.0,"Mon, Jan  2, 2012","Thu, Jan 12, 2012"
4348,Springfield Branson National,Springfield,United States,SGF,KSGF,37.245667,-93.388639,1268,-6,A,"Springfield, MO",556,558,566,568,4.377697841726622,14.012544802867387,26.0,78.0,"Sun, Jan  8, 2012","Fri, Jan 20, 2012"
4064,St. George Municipal,Saint George,United States,SGU,KSGU,37.090583,-113.593056,2941,-7,A,"St. George, UT",173,172,173,173,3.4566473988439306,11.093023255813955,7.0,34.0,"Wed, Jan 18, 2012","Fri, Jan 13, 2012"
3609,Shreveport Regional,Shreveport,United States,SHV,KSHV,32.446629,-93.8256,258,-6,A,"Shreveport, LA",259,258,260,259,4.135135135135137,9.837209302325585,18.0,48.0,"Wed, Jan  4, 2012","Wed, Jan 25, 2012"
3856,Sitka Rocky Gutierrez,Sitka,United States,SIT,PASI,57.047138,-135.361611,21,-9,A,"Sitka, AK",85,86,92,91,4.658823529411765,13.779069767441861,9.0,49.0,"Wed, Jan 18, 2012","Fri, Jan 13, 2012"
3748,Norman Y. Mineta San Jose International,San Jose,United States,SJC,KSJC,37.3626,-121.929022,62,-8,A,"San Jose, CA",3076,3070,3107,3106,3.86703511053316,10.44495114006513,36.0,70.0,"Fri, Jan 20, 2012","Wed, Jan 11, 2012"
3708,San Angelo Regional-Mathis Field,San Angelo,United States,SJT,KSJT,31.35775,-100.496306,1919,-6,A,"San Angelo, TX",4,3,4,3,2.5,8.666666666666666,3.0,10.0,"Tue, Jan 31, 2012","Tue, Jan 31, 2012"
3536,Salt Lake City International,Salt Lake City,United States,SLC,KSLC,40.788389,-111.977772,4227,-7,A,"Salt Lake City, UT",9008,9050,9106,9105,6.000555062166944,18.74099447513812,51.0,108.0,"Sat, Jan  7, 2012","Sat, Jan 21, 2012"
3817,Sacramento International,Sacramento,United States,SMF,KSMF,38.695417,-121.590778,27,-8,A,"Sacramento, CA",3477,3484,3538,3544,4.610296232384253,10.901262916188298,38.0,67.0,"Sun, Jan 22, 2012","Sat, Jan 21, 2012"
5772,Santa Maria Public-Captain G. Allan Hancock Airport,Santa Maria,United States,SMX,KSMX,34.8989,-120.457,261,-8,A,"Santa Maria, CA",111,111,116,116,3.4684684684684686,10.702702702702704,6.0,46.0,"Mon, Jan 23, 2012","Tue, Jan 10, 2012"
3867,John Wayne Airport Orange County,Santa Ana,United States,SNA,KSNA,33.675667,-117.868222,56,-8,A,"Santa Ana, CA",3202,3190,3258,3256,5.378201124297323,12.117241379310345,57.0,118.0,"Mon, Jan  2, 2012","Mon, Jan  2, 2012"
4336,Abraham Lincoln Capital,Springfield,United States,SPI,KSPI,39.8441,-89.677889,597,-6,A,"Springfield, IL",169,170,174,174,3.911242603550296,11.494117647058822,7.0,42.0,"Tue, Jan 17, 2012","Thu, Jan 12, 2012"
3680,Sheppard AFB Wichita Falls Municipal,Wichita Falls,United States,SPS,KSPS,33.988797,-98.491894,1019,-6,A,"Wichita Falls, TX",3,3,3,3,5.666666666666667,14.0,7.0,15.0,"Tue, Jan 31, 2012","Tue, Jan 31, 2012"
4067,Sarasota Bradenton International,Sarasota,United States,SRQ,KSRQ,27.395444,-82.554389,30,-5,A,"Sarasota/Bradenton, FL",530,530,531,530,3.9547169811320755,11.130188679245284,12.0,67.0,"Sat, Jan  7, 2012","Thu, Jan  5, 2012"
3678,Lambert St. Louis International,St. Louis,United States,STL,KSTL,38.748697,-90.370028,618,-6,A,"St. Louis, MO",4421,4425,4466,4469,5.154489934403985,11.429830508474593,58.0,139.0,"Fri, Jan 20, 2012","Mon, Jan 23, 2012"
6494,Friedman Memorial,Hailey,United States,SUN,KSUN,43.504444,-114.296194,5320,-7,A,"Sun Valley/Hailey/Ketchum, ID",109,109,134,134,2.889908256880734,9.853211009174313,5.0,34.0,"Sun, Jan 15, 2012","Mon, Jan  2, 2012"
3753,Sioux Gateway-Colonel Bud Day Field,Sioux City,United States,SUX,KSUX,42.402603,-96.384367,1098,-6,A,"Sioux City, IA",4,4,4,4,4.5,9.75,6.0,11.0,"Sun, Jan  8, 2012","Sat, Jan 28, 2012"
3661,Stewart International,Newburgh,United States,SWF,KSWF,41.504094,-74.104839,491,-5,A,"Newburgh/Poughkeepsie, NY",121,121,121,121,4.834710743801651,14.776859504132231,13.0,69.0,"Tue, Jan  3, 2012","Sat, Jan 21, 2012"
3745,Syracuse Hancock International,Syracuse,United States,SYR,KSYR,43.111187,-76.106311,421,-5,A,"Syracuse, NY",564,560,576,575,4.563829787234039,20.262499999999996,41.0,111.0,"Fri, Jan 13, 2012","Fri, Jan 13, 2012"
3698,Tallahassee Regional,Tallahassee,United States,TLH,KTLH,30.396528,-84.350333,81,-5,A,"Tallahassee, FL",404,403,420,417,3.264851485148515,12.69478908188586,14.0,87.0,"Thu, Jan 12, 2012","Sat, Jan 21, 2012"
4040,Toledo,Toledo,United States,TOL,KTOL,41.586806,-83.807833,684,-5,A,"Toledo, OH",26,26,26,26,2.8846153846153846,12.615384615384615,6.0,29.0,"Fri, Jan 20, 2012","Tue, Jan 17, 2012"
3646,Tampa International,Tampa,United States,TPA,KTPA,27.975472,-82.53325,26,-5,A,"Tampa, FL",5642,5649,5665,5673,4.479262672811067,11.3852009205169,41.0,97.0,"Sun, Jan 22, 2012","Thu, Jan  5, 2012"
4116,Tri-Cities Regional Airport,BRISTOL,United States,TRI,KTRI,36.4752222,-82.4074167,1519,-5,A,"Bristol/Johnson City/Kingsport, TN",263,265,266,268,3.935361216730038,14.660377358490566,15.0,53.0,"Sat, Jan 21, 2012","Mon, Jan 23, 2012"
3855,Tulsa International,Tulsa,United States,TUL,KTUL,36.198389,-95.888111,677,-6,A,"Tulsa, OK",1382,1377,1397,1394,4.469609261939222,10.819172113289765,40.0,67.0,"Thu, Jan  5, 2012","Sun, Jan 22, 2012"
3636,Tucson International,Tucson,United States,TUS,KTUS,32.116083,-110.941028,2643,-7,N,"Tucson, AZ",1905,1906,1917,1916,4.198950131233593,12.548268625393494,50.0,79.0,"Mon, Jan 16, 2012","Tue, Jan 10, 2012"
4023,Cherry Capital Airport,Traverse City,United States,TVC,KTVC,44.741445,-85.582235,624,-5,A,"Traverse City, MI",131,130,138,138,3.480916030534351,18.869230769230768,8.0,75.0,"Sun, Jan  8, 2012","Tue, Jan 17, 2012"
4263,Magic Valley Regional Airport,Twin Falls,United States,TWF,KTWF,42.481803,-114.487733,4151,-7,A,"Twin Falls, ID",92,93,93,94,3.3369565217391304,10.63440860215054,6.0,37.0,"Sun, Jan 29, 2012","Thu, Jan 19, 2012"
3770,Texarkana Regional-Webb Field,Texarkana,United States,TXK,KTXK,33.453722,-93.991028,390,-6,A,"Texarkana, AR",60,59,63,63,3.05,9.101694915254239,6.0,19.0,"Thu, Jan 19, 2012","Sat, Jan  7, 2012"
3848,Tyler Pounds Regional,Tyler,United States,TYR,KTYR,32.354139,-95.402386,544,-6,A,"Tyler, TX",91,91,93,93,4.043956043956044,10.571428571428575,8.0,71.0,"Tue, Jan 24, 2012","Tue, Jan 24, 2012"
3676,McGhee Tyson,Knoxville,United States,TYS,KTYS,35.810972,-83.994028,981,-5,A,"Knoxville, TN",765,762,775,774,3.7071895424836594,13.835958005249344,32.0,87.0,"Wed, Jan 11, 2012","Sat, Jan 21, 2012"
5776,Valdosta Regional Airport,Valdosta,United States,VLD,KVLD,30.7825,-83.2767,203,-5,A,"Valdosta, GA",86,86,86,86,4.0813953488372094,13.313953488372093,9.0,73.0,"Thu, Jan  5, 2012","Thu, Jan 26, 2012"
3873,Eglin AFB,Valparaiso,United States,VPS,KVPS,30.48325,-86.5254,87,-6,A,"Valparaiso, FL",403,403,412,411,6.667493796526053,13.27047146401985,18.0,66.0,"Wed, Jan  4, 2012","Sat, Jan 14, 2012"
5969,Wrangell Airport,Wrangell,United States,WRG,PAWG,56.4843,-132.37,44,-9,A,"Wrangell, AK",55,57,61,61,3.8363636363636364,7.736842105263157,6.0,27.0,"Sat, Jan  7, 2012","Fri, Jan 13, 2012"
4356,NW Arkansas Regional,Bentonville,United States,XNA,KXNA,36.2818694,-94.3068111,1287,-6,A,"Fayetteville, AR",954,950,978,975,4.364779874213846,12.8621052631579,26.0,75.0,"Tue, Jan 10, 2012","Wed, Jan 25, 2012"
6803,Yakutat,Yakutat,United States,YAK,PAYA,59.3012,-139.3937,33,-9,A,"Yakutat, AK",53,56,61,61,3.9056603773584904,8.17857142857143,6.0,45.0,"Sat, Jan  7, 2012","Thu, Jan 26, 2012"
3596,Yuma MCAS Yuma International,Yuma,United States,YUM,KYUM,32.656578,-114.60598,216,-7,N,"Yuma, AZ",304,303,306,306,4.072368421052629,16.5148514851485,11.0,98.0,"Sat, Jan 14, 2012","Mon, Jan 23, 2012"
2883,Cyril E. King,St. Thomas,Virgin Islands,STT,TIST,18.337306,-64.973361,23,-4,U,"Charlotte Amalie, VI",366,366,367,367,4.6202185792349715,13.450819672131148,23.0,46.0,"Sat, Jan 28, 2012","Sat, Jan 21, 2012"
2884,Henry E. Rohlsen,St. Croix Island,Virgin Islands,STX,TISX,17.701889,-64.798556,74,-4,U,"Christiansted, VI",101,101,101,101,3.3564356435643563,11.792079207920793,8.0,26.0,"Wed, Jan 11, 2012","Mon, Jan  9, 2012"
2246,Guam International,Agana,Guam,GUM,PGUM,13.48345,144.795983,298,10,U,"Guam, TT",31,30,31,31,2.967741935483871,13.3,4.0,27.0,"Mon, Jan  9, 2012","Tue, Jan  3, 2012"
2885,Rafael Hernndez,Aguadilla,Puerto Rico,BQN,TJBQ,18.494861,-67.129444,237,-4,U,"Aguadilla, PR",134,135,134,135,5.134328358208953,11.311111111111114,12.0,26.0,"Fri, Jan 13, 2012","Fri, Jan 27, 2012"
2889,Aeropuerto Mercedita,Ponce,Puerto Rico,PSE,TJPS,18.008306,-66.563028,29,-4,U,"Ponce, PR",68,70,68,70,5.147058823529412,12.557142857142855,24.0,34.0,"Fri, Jan 13, 2012","Sun, Jan  1, 2012"
2890,Luis Muoz Marn International,San Juan,Puerto Rico,SJU,TJSJ,18.439417,-66.001833,9,-4,U,"San Juan, PR",2018,2023,2019,2029,6.786422200198216,14.212061295106285,133.0,105.0,"Sat, Jan 21, 2012","Thu, Jan 26, 2012"
