airport_id,name,city,country,iata_faa,iaco,latitude,longitude,altitude,zone,dst,city_state,avg_able_landings,avg_able_takeoffs,total_landings,total_takeoffs,avg_taxi_in,avg_taxi_out,longest_taxi_in,longest_taxi_out,lng_tx_in_date,lng_tx_out_date
4355,Lehigh Valley International,Allentown,United States,ABE,KABE,40.652083,-75.440806,393,-5,A,"Allentown/Bethlehem/Easton, PA",237,237,240,239,4.345991561181434,10.029535864978907,15.0,29.0,"Tue, Sep 25, 2012","Thu, Sep  6, 2012"
3718,Abilene Regional,Abilene,United States,ABI,KABI,32.411319,-99.681897,1791,-6,A,"Abilene, TX",196,196,196,196,4.469387755102042,8.443877551020416,14.0,69.0,"Thu, Sep 13, 2012","Mon, Sep 17, 2012"
4019,Albuquerque International Sunport,Albuquerque,United States,ABQ,KABQ,35.0402222,-106.6091944,5355,-7,A,"Albuquerque, NM",2460,2459,2475,2477,5.475609756097559,10.265555103700688,44.0,71.0,"Sat, Sep 29, 2012","Thu, Sep 13, 2012"
5714,Aberdeen Regional Airport,Aberdeen,United States,ABR,KABR,45.4491,-98.4218,1302,-6,A,"Aberdeen, SD",58,58,58,58,4.551724137931035,11.224137931034482,9.0,34.0,"Thu, Sep 13, 2012","Fri, Sep 28, 2012"
5715,Southwest Georgia Regional Airport,Albany,United States,ABY,KABY,31.5355,-84.1945,197,-5,A,"Albany, GA",81,81,81,81,3.506172839506172,11.481481481481483,6.0,22.0,"Thu, Sep 27, 2012","Wed, Sep 12, 2012"
3517,Nantucket Memorial,Nantucket,United States,ACK,KACK,41.253053,-70.060181,48,-5,A,"Nantucket, MA",45,45,45,45,3.6666666666666665,15.488888888888889,13.0,55.0,"Sun, Sep  2, 2012","Sat, Sep  1, 2012"
3700,Waco Regional,Waco,United States,ACT,KACT,31.611289,-97.230519,516,-6,A,"Waco, TX",142,142,143,143,3.4014084507042255,9.014084507042254,8.0,31.0,"Tue, Sep  4, 2012","Mon, Sep  3, 2012"
4384,Arcata,Arcata CA,United States,ACV,KACV,40.978111,-124.108611,221,-8,A,"Arcata/Eureka, CA",266,266,300,300,3.943609022556391,10.759398496240603,9.0,44.0,"Tue, Sep  4, 2012","Fri, Sep 14, 2012"
5959,Adak Airport,Adak Island,United States,ADK,PADK,51.878,-176.646,18,-10,A,"Adak Island, AK",9,9,9,9,3.7777777777777777,6.222222222222222,5.0,11.0,"Sun, Sep 23, 2012","Sun, Sep 30, 2012"
3531,Kodiak,Kodiak,United States,ADQ,PADQ,57.749967,-152.493856,78,-9,A,"Kodiak, AK",46,46,54,54,3.347826086956522,6.673913043478261,8.0,21.0,"Sat, Sep  1, 2012","Wed, Sep 12, 2012"
3852,Alexandria International,Alexandria,United States,AEX,KAEX,31.3274,-92.549833,89,-6,A,"Alexandria, LA",334,333,336,336,3.1916167664670674,11.090090090090088,15.0,44.0,"Thu, Sep  6, 2012","Mon, Sep 24, 2012"
3658,Augusta Regional At Bush Field,Bush Field,United States,AGS,KAGS,33.369944,-81.9645,144,-5,A,"Augusta, GA",238,237,240,240,3.8151260504201687,14.308016877637133,13.0,54.0,"Mon, Sep 24, 2012","Sun, Sep 23, 2012"
3864,Albany International,Albany,United States,ALB,KALB,42.748267,-73.801692,285,-5,A,"Albany, NY",889,887,902,901,4.263217097862766,13.081172491544532,47.0,69.0,"Tue, Sep 18, 2012","Sun, Sep 16, 2012"
5718,Waterloo Regional Airport,Waterloo,United States,ALO,KALO,42.5571,-92.4003,873,-6,A,"Waterloo, IA",55,55,55,55,4.036363636363639,12.018181818181818,10.0,120.0,"Sun, Sep 30, 2012","Wed, Sep  5, 2012"
3840,Rick Husband Amarillo International,Amarillo,United States,AMA,KAMA,35.219369,-101.705931,3607,-6,A,"Amarillo, TX",623,622,625,625,4.088282504012846,9.554662379421227,21.0,61.0,"Sun, Sep 30, 2012","Thu, Sep 13, 2012"
3774,Ted Stevens Anchorage International,Anchorage,United States,ANC,PANC,61.174361,-149.996361,152,-9,A,"Anchorage, AK",1392,1412,1425,1429,4.737068965517245,13.344900849858368,33.0,51.0,"Sat, Sep 22, 2012","Sat, Sep 22, 2012"
5720,Alpena County Regional Airport,Alpena,United States,APN,KAPN,45.0781,-83.5603,689,-5,A,"Alpena, MI",43,44,44,44,4.976744186046512,9.318181818181818,12.0,21.0,"Sun, Sep 23, 2012","Mon, Sep 24, 2012"
3838,Watertown International,Watertown,United States,ART,KART,43.991922,-76.021739,325,-5,A,"Watertown, NY",49,49,50,50,4.6938775510204085,11.346938775510203,10.0,36.0,"Sat, Sep 29, 2012","Thu, Sep 13, 2012"
7001,Aspen/Pitkin County-Sardy Field,Aspen,United States,ASE,KASE,39.2232,-106.869,7820,-7,A,"Aspen, CO",240,240,246,246,3.3333333333333335,8.7625,5.0,50.0,"Fri, Sep 14, 2012","Tue, Sep 25, 2012"
3682,Hartsfield Jackson Atlanta International,Atlanta,United States,ATL,KATL,33.636719,-84.428067,1026,-5,A,"Atlanta, GA",31475,31490,31593,31577,9.493280381254902,18.56189266433779,77.0,155.0,"Thu, Sep 13, 2012","Thu, Sep 13, 2012"
4047,Appleton,Appleton,United States,ATW,KATW,44.257526,-88.507576,680,-6,A,"Appleton, WI",320,320,322,322,3.909375,9.834375000000005,26.0,65.0,"Tue, Sep  4, 2012","Wed, Sep 19, 2012"
3673,Austin Bergstrom International,Austin,United States,AUS,KAUS,30.194528,-97.669889,542,-6,A,"Austin, TX",3516,3508,3555,3553,5.55915813424346,12.480330672748014,46.0,108.0,"Wed, Sep  5, 2012","Thu, Sep 13, 2012"
4007,Asheville Regional Airport,Asheville,United States,AVL,KAVL,35.436194,-82.541806,2165,-5,A,"Asheville, NC",359,359,359,360,3.6211699164345403,16.86072423398329,18.0,60.0,"Tue, Sep  4, 2012","Thu, Sep  6, 2012"
4286,Wilkes Barre Scranton International,Scranton,United States,AVP,KAVP,41.338478,-75.723403,962,-5,A,"Scranton/Wilkes-Barre, PA",99,99,99,99,4.222222222222223,12.101010101010104,17.0,32.0,"Thu, Sep  6, 2012","Thu, Sep 27, 2012"
4039,Kalamazoo,Kalamazoo,United States,AZO,KAZO,42.234875,-85.552058,874,-5,A,"Kalamazoo, MI",63,63,64,64,3.0634920634920637,11.380952380952381,7.0,21.0,"Wed, Sep 19, 2012","Thu, Sep 20, 2012"
3825,Bradley International,Windsor Locks,United States,BDL,KBDL,41.938889,-72.683222,173,-5,A,"Hartford, CT",1726,1725,1735,1734,4.950173812282743,13.052753623188401,24.0,83.0,"Sat, Sep  8, 2012","Sat, Sep  8, 2012"
3599,Bethel,Bethel,United States,BET,PABE,60.779778,-161.838,121,-9,A,"Bethel, AK",75,74,79,79,4.0533333333333355,6.797297297297297,7.0,15.0,"Thu, Sep  6, 2012","Tue, Sep 11, 2012"
3558,Meadows Field,Bakersfield,United States,BFL,KBFL,35.433598,-119.05677,507,-8,A,"Bakersfield, CA",336,335,338,338,4.119047619047613,11.594029850746267,19.0,32.0,"Thu, Sep 27, 2012","Sat, Sep 15, 2012"
3463,Bangor International,Bangor,United States,BGR,KBGR,44.807444,-68.828139,192,-5,A,"Bangor, ME",47,49,48,50,3.6808510638297873,11.83673469387755,7.0,27.0,"Sun, Sep  9, 2012","Thu, Sep 27, 2012"
3811,Birmingham International,Birmingham,United States,BHM,KBHM,33.562942,-86.75355,644,-6,A,"Birmingham, AL",1391,1394,1397,1401,3.6232925952552133,12.443328550932575,28.0,90.0,"Sun, Sep  2, 2012","Sat, Sep  8, 2012"
4021,Billings Logan International Airport,Billings,United States,BIL,KBIL,45.80921,-108.537654,3652,-7,A,"Billings, MT",296,294,297,296,3.777027027027027,11.363945578231291,26.0,50.0,"Thu, Sep 27, 2012","Mon, Sep  3, 2012"
4083,Bismarck Municipal Airport,Bismarck,United States,BIS,KBIS,46.775842,-100.757931,1661,-6,A,"Bismarck/Mandan, ND",251,252,251,252,4.195219123505978,10.492063492063494,17.0,25.0,"Mon, Sep 17, 2012","Mon, Sep 10, 2012"
4287,Bemidji Regional Airport,Bemidji,United States,BJI,KBJI,47.510722,-94.934722,1391,-6,A,"Bemidji, MN",59,59,59,59,4.47457627118644,10.322033898305083,7.0,21.0,"Mon, Sep 24, 2012","Tue, Sep 25, 2012"
6962,Branson LLC,Branson,United States,BKG,KBBG,36.531994,-93.200556,1302,-6,A,"Branson, MO",156,156,160,160,5.096153846153846,10.038461538461537,15.0,41.0,"Fri, Sep  7, 2012","Fri, Sep  7, 2012"
3777,Bellingham International,Bellingham,United States,BLI,KBLI,48.792694,-122.537528,170,-8,A,"Bellingham, WA",63,63,63,63,4.571428571428569,11.761904761904763,9.0,33.0,"Wed, Sep 12, 2012","Fri, Sep 21, 2012"
4037,Central Illinois Regional,Bloomington,United States,BMI,KBMI,40.477111,-88.915917,871,-6,A,"Bloomington/Normal, IL",124,125,124,125,4.145161290322581,10.695999999999998,16.0,44.0,"Thu, Sep 27, 2012","Fri, Sep 14, 2012"
3690,Nashville International,Nashville,United States,BNA,KBNA,36.124472,-86.678194,599,-6,A,"Nashville, TN",4368,4368,4396,4396,5.7593864468864515,11.32303113553113,34.0,81.0,"Fri, Sep  7, 2012","Mon, Sep 10, 2012"
3495,Boise Air Terminal,Boise,United States,BOI,KBOI,43.564361,-116.222861,2871,-7,A,"Boise, ID",890,888,894,893,3.5191011235955054,10.922297297297288,32.0,61.0,"Wed, Sep  5, 2012","Sat, Sep 15, 2012"
3448,General Edward Lawrence Logan International,Boston,United States,BOS,KBOS,42.364347,-71.005181,19,-5,A,"Boston, MA",8224,8231,8293,8294,7.0751459143968916,17.54246142631515,64.0,148.0,"Fri, Sep  7, 2012","Thu, Sep 27, 2012"
5725,Brunswick Golden Isles Airport,Brunswick,United States,BQK,KBQK,31.2588,-81.4665,26,-5,A,"Brunswick, GA",76,76,76,76,3.3815789473684212,14.986842105263158,6.0,63.0,"Sat, Sep 15, 2012","Wed, Sep 19, 2012"
3738,Brownsville South Padre Island International,Brownsville,United States,BRO,KBRO,25.906833,-97.425861,22,-6,A,"Brownsville, TX",166,167,168,168,4.036144578313253,10.281437125748504,7.0,89.0,"Mon, Sep  3, 2012","Thu, Sep 13, 2012"
3571,Wiley Post Will Rogers Memorial,Barrow,United States,BRW,PABR,71.285446,-156.766003,44,-9,A,"Barrow, AK",66,68,69,69,3.772727272727273,6.338235294117647,7.0,16.0,"Fri, Sep 21, 2012","Sat, Sep 22, 2012"
4022,Bert Mooney Airport,Butte,United States,BTM,KBTM,45.954806,-112.497472,5550,-7,A,"Butte, MT",52,52,53,53,3.8846153846153846,10.576923076923077,6.0,39.0,"Fri, Sep 28, 2012","Fri, Sep  7, 2012"
3846,Baton Rouge Metro-Ryan Field,Baton Rouge,United States,BTR,KBTR,30.533167,-91.149639,70,-6,A,"Baton Rouge, LA",698,699,702,702,5.322349570200571,11.190271816881259,139.0,88.0,"Thu, Sep 20, 2012","Thu, Sep 13, 2012"
3711,Burlington International,Burlington,United States,BTV,KBTV,44.471861,-73.153278,335,-5,A,"Burlington, VT",436,433,441,441,4.715596330275232,13.912240184757506,27.0,81.0,"Sat, Sep 22, 2012","Fri, Sep 14, 2012"
3820,Buffalo Niagara International,Buffalo,United States,BUF,KBUF,42.940525,-78.732167,724,-5,A,"Buffalo, NY",1973,1973,1989,1989,4.188038520020275,11.219969589457662,37.0,70.0,"Thu, Sep 13, 2012","Fri, Sep 14, 2012"
3644,Bob Hope,Burbank,United States,BUR,KBUR,34.200667,-118.358667,778,-8,A,"Burbank, CA",2040,2038,2063,2064,2.804901960784311,11.282630029440636,30.0,67.0,"Sun, Sep 30, 2012","Mon, Sep 10, 2012"
3849,Baltimore Washington International,Baltimore,United States,BWI,KBWI,39.175361,-76.668333,146,-5,A,"Baltimore, MD",8232,8233,8272,8275,5.7730806608357605,14.272561642171759,61.0,128.0,"Mon, Sep 17, 2012","Wed, Sep  5, 2012"
4020,Gallatin Field,Bozeman,United States,BZN,KBZN,45.777643,-111.160151,4500,-7,A,"Bozeman, MT",297,298,298,299,4.515151515151517,12.369127516778525,11.0,45.0,"Mon, Sep 17, 2012","Sun, Sep  2, 2012"
3561,Columbia Metropolitan,Colombia,United States,CAE,KCAE,33.938833,-81.119528,236,-5,A,"Columbia, SC",500,501,506,505,3.875999999999998,12.8562874251497,9.0,44.0,"Fri, Sep 21, 2012","Thu, Sep 13, 2012"
4112,Akron Canton Regional Airport,Akron,United States,CAK,KCAK,40.9160833,-81.4421944,1228,-5,A,"Akron, OH",640,638,641,640,5.039062500000001,10.78996865203762,21.0,77.0,"Sun, Sep  2, 2012","Tue, Sep  4, 2012"
3824,Cedar City Regional,Cedar City,United States,CDC,KCDC,37.700967,-113.098847,5622,-7,A,"Cedar City, UT",50,50,50,50,4.0,14.84,6.0,76.0,"Tue, Sep 25, 2012","Mon, Sep 24, 2012"
3610,Merle K. Mudhole Smith,Cordova,United States,CDV,PACV,60.491778,-145.477556,48,-9,A,"Cordova, AK",59,59,60,60,3.3050847457627124,7.169491525423729,5.0,15.0,"Thu, Sep 13, 2012","Fri, Sep 28, 2012"
5727,Del Norte County Airport,Crescent City,United States,CEC,KCEC,41.7802,-124.237,57,-8,A,"Crescent City, CA",68,68,81,81,3.7058823529411766,13.014705882352942,22.0,32.0,"Sat, Sep 15, 2012","Sun, Sep 30, 2012"
3578,Lovell Field,Chattanooga,United States,CHA,KCHA,35.035278,-85.203808,683,-5,A,"Chattanooga, TN",403,403,404,404,3.8759305210918114,14.233250620347397,11.0,53.0,"Fri, Sep 14, 2012","Thu, Sep 13, 2012"
4015,Charlottesville-Albemarle,Charlottesville VA,United States,CHO,KCHO,38.138639,-78.452861,639,-5,A,"Charlottesville, VA",143,143,143,143,3.216783216783217,11.65734265734266,8.0,40.0,"Mon, Sep 24, 2012","Wed, Sep 12, 2012"
3806,Charleston AFB International,Charleston,United States,CHS,KCHS,32.898647,-80.040528,45,-5,A,"Charleston, SC",1120,1114,1127,1127,4.9723214285714255,13.20915619389587,29.0,97.0,"Tue, Sep 25, 2012","Sat, Sep  8, 2012"
3710,Chico Municipal,Chico,United States,CIC,KCIC,39.795383,-121.858422,238,-8,A,"Chico, CA",82,82,85,85,3.2560975609756095,11.792682926829272,5.0,27.0,"Mon, Sep 10, 2012","Sat, Sep 29, 2012"
4043,Cedar Rapids,Cedar Rapids,United States,CID,KCID,41.884694,-91.710806,869,-6,A,"Cedar Rapids/Iowa City, IA",491,492,492,493,4.7291242362525425,9.16666666666667,29.0,78.0,"Fri, Sep 14, 2012","Fri, Sep  7, 2012"
4088,McClellan-Palomar Airport,Carlsbad,United States,CLD,KCRQ,33.0742,-117.1648,328,-8,A,"Carlsbad, CA",184,184,185,185,3.8750000000000004,11.41304347826087,7.0,66.0,"Tue, Sep 25, 2012","Fri, Sep 21, 2012"
3486,Cleveland Hopkins International,Cleveland,United States,CLE,KCLE,41.411689,-81.849794,791,-5,A,"Cleveland, OH",3633,3639,3651,3657,5.971098265895954,12.15388843088761,51.0,105.0,"Tue, Sep 18, 2012","Tue, Sep  4, 2012"
3715,Easterwood Field,College Station,United States,CLL,KCLL,30.588583,-96.363833,321,-6,A,"College Station/Bryan, TX",224,223,226,226,4.236607142857145,8.143497757847536,10.0,39.0,"Fri, Sep 28, 2012","Sat, Sep  1, 2012"
3876,Charlotte Douglas International,Charlotte,United States,CLT,KCLT,35.214,-80.943139,748,-5,A,"Charlotte, NC",10761,10772,10822,10824,8.642784127869149,19.48830300779791,72.0,148.0,"Wed, Sep  5, 2012","Tue, Sep 18, 2012"
3759,Port Columbus International,Columbus,United States,CMH,KCMH,39.997972,-82.891889,815,-5,A,"Columbus, OH",2267,2262,2279,2279,5.385090427878257,11.718390804597686,34.0,87.0,"Sat, Sep  8, 2012","Tue, Sep 18, 2012"
4049,Champaign,Champaign,United States,CMI,KCMI,40.03925,-88.278056,754,-6,A,"Champaign/Urbana, IL",195,194,196,196,3.6615384615384614,10.376288659793815,13.0,58.0,"Thu, Sep 27, 2012","Thu, Sep  6, 2012"
5732,Houghton County Memorial Airport,Hancock,United States,CMX,KCMX,47.1684,-88.4891,1095,-5,A,"Hancock/Houghton, MI",60,60,60,60,4.733333333333334,12.4,13.0,28.0,"Wed, Sep 19, 2012","Sat, Sep 22, 2012"
4344,Yellowstone Regional,Cody,United States,COD,KCOD,44.520194,-109.023806,5102,-7,A,"Cody, WY",85,85,87,87,4.411764705882353,13.023529411764711,10.0,29.0,"Fri, Sep 21, 2012","Wed, Sep 12, 2012"
3819,City Of Colorado Springs Municipal,Colorado Springs,United States,COS,KCOS,38.805805,-104.700778,6187,-7,A,"Colorado Springs, CO",901,903,913,913,6.176470588235292,15.471760797342178,43.0,86.0,"Tue, Sep 25, 2012","Tue, Sep 25, 2012"
3719,Columbia Regional,Columbia,United States,COU,KCOU,38.818094,-92.219631,889,-6,A,"Columbia, MO",83,84,84,84,3.6506024096385543,10.452380952380953,13.0,26.0,"Sun, Sep 23, 2012","Mon, Sep  3, 2012"
3872,Natrona County International,Casper,United States,CPR,KCPR,42.908,-106.464417,5347,-7,A,"Casper, WY",194,194,194,194,4.216494845360825,10.582474226804129,8.0,47.0,"Sun, Sep 16, 2012","Thu, Sep 27, 2012"
3744,Corpus Christi International,Corpus Christi,United States,CRP,KCRP,27.770361,-97.501222,44,-6,A,"Corpus Christi, TX",566,563,570,569,4.0300353356890435,9.927175843694481,27.0,76.0,"Mon, Sep 10, 2012","Thu, Sep 13, 2012"
4285,Yeager,Charleston,United States,CRW,KCRW,38.373147,-81.593189,981,-5,A,"Charleston/Dunbar, WV",296,296,297,297,4.050675675675672,10.716216216216214,24.0,35.0,"Mon, Sep 10, 2012","Tue, Sep  4, 2012"
4255,Columbus Metropolitan Airport,Columbus,United States,CSG,KCSG,32.5163333,-84.9388611,397,-5,A,"Columbus, GA",167,167,167,167,4.407185628742514,10.449101796407179,20.0,44.0,"Sun, Sep  2, 2012","Thu, Sep 13, 2012"
3488,Cincinnati Northern Kentucky International,Cincinnati,United States,CVG,KCVG,39.048836,-84.667822,896,-5,A,"Cincinnati, OH",2308,2308,2328,2326,5.615684575389949,13.399480069324085,53.0,99.0,"Mon, Sep 17, 2012","Wed, Sep  5, 2012"
4045,Central Wisconsin,Wassau,United States,CWA,KCWA,44.772726,-89.646635,840,-6,A,"Mosinee, WI",135,135,139,139,3.8074074074074074,8.733333333333333,27.0,37.0,"Tue, Sep 11, 2012","Sat, Sep 22, 2012"
3950,Daytona Beach International,Daytona Beach,United States,DAB,KDAB,29.179917,-81.058056,34,-5,A,"Daytona Beach, FL",125,125,125,125,4.031999999999999,14.104,8.0,29.0,"Sun, Sep 23, 2012","Thu, Sep  6, 2012"
3502,Dallas Love Field,Dallas,United States,DAL,KDAL,32.847111,-96.851778,487,-6,A,"Dallas, TX",3623,3627,3654,3656,3.8829699144355505,9.584780810587278,24.0,135.0,"Sun, Sep 30, 2012","Thu, Sep 13, 2012"
3627,James M. Cox Dayton International,Dayton,United States,DAY,KDAY,39.902375,-84.219375,1009,-5,A,"Dayton, OH",1062,1057,1079,1078,6.292843691148779,12.462630085146644,44.0,55.0,"Fri, Sep 21, 2012","Fri, Sep 28, 2012"
3520,Ronald Reagan Washington National,Washington,United States,DCA,KDCA,38.852083,-77.037722,15,-5,A,"Washington, DC",5782,5778,5856,5855,5.289000345901088,17.506230529594998,56.0,139.0,"Sat, Sep  1, 2012","Thu, Sep 27, 2012"
3751,Denver International,Denver,United States,DEN,KDEN,39.861656,-104.673178,5431,-7,A,"Denver, CO",18717,18743,18795,18811,8.325265801143345,13.847996585391856,122.0,97.0,"Wed, Sep 26, 2012","Thu, Sep 13, 2012"
3670,Dallas Fort Worth International,Dallas-fort Worth,United States,DFW,KDFW,32.896828,-97.037997,607,-6,A,"Dallas/Fort Worth, TX",21847,21871,22319,22315,10.447979127568953,15.41365278222303,85.0,103.0,"Thu, Sep 27, 2012","Thu, Sep 13, 2012"
3739,Dothan Regional,Dothan,United States,DHN,KDHN,31.321339,-85.449628,401,-6,A,"Dothan, AL",113,112,113,113,3.185840707964602,15.883928571428578,6.0,101.0,"Sat, Sep 22, 2012","Tue, Sep 18, 2012"
3598,Duluth International,Duluth,United States,DLH,KDLH,46.842091,-92.193649,1428,-6,A,"Duluth, MN",235,233,236,236,5.719148936170212,11.10300429184549,17.0,57.0,"Wed, Sep 19, 2012","Tue, Sep 18, 2012"
3713,Durango La Plata County,Durango,United States,DRO,KDRO,37.151516,-107.75377,6685,-7,A,"Durango, CO",146,146,146,147,4.863013698630137,10.034246575342468,13.0,30.0,"Wed, Sep 26, 2012","Wed, Sep 12, 2012"
3792,Del Rio International,Del Rio,United States,DRT,KDRT,29.374208,-100.927158,1002,-6,A,"Del Rio, TX",54,54,54,54,4.222222222222222,11.12962962962963,10.0,26.0,"Sat, Sep 15, 2012","Sat, Sep  1, 2012"
3729,Des Moines International,Des Moines,United States,DSM,KDSM,41.533972,-93.663083,958,-6,A,"Des Moines, IA",902,904,906,907,4.914634146341459,11.744469026548677,25.0,77.0,"Sun, Sep  2, 2012","Sat, Sep  1, 2012"
3645,Detroit Metro Wayne County,Detroit,United States,DTW,KDTW,42.212444,-83.353389,645,-5,A,"Detroit, MI",7895,7900,7932,7930,7.348195060164665,17.549493670886136,43.0,123.0,"Sun, Sep 16, 2012","Thu, Sep  6, 2012"
5735,Chippewa Valley Regional Airport,Eau Claire,United States,EAU,KEAU,44.8658,-91.4843,913,-6,A,"Eau Claire, WI",60,60,60,60,3.5833333333333335,11.716666666666669,6.0,28.0,"Sat, Sep  1, 2012","Mon, Sep 17, 2012"
7669,Northwest Florida Beaches International,Panama City,United States,ECP,KECP,30.3417,-85.7973,69,-6,A,"Panama City, FL",409,408,409,409,4.227383863080682,11.30882352941177,55.0,39.0,"Sat, Sep  1, 2012","Tue, Sep 18, 2012"
4250,Eagle County Regional,Vail,United States,EGE,KEGE,39.642556,-106.917694,6540,-7,A,"Eagle, CO",32,33,33,34,4.8125,11.212121212121213,9.0,19.0,"Sat, Sep 15, 2012","Mon, Sep 17, 2012"
5736,Elko Regional Airport,Elko,United States,EKO,KEKO,40.8249,-115.792,5140,-8,A,"Elko, NV",80,80,80,80,4.3625,9.55,20.0,24.0,"Fri, Sep  7, 2012","Wed, Sep  5, 2012"
3946,Elmira Corning Regional,Elmira,United States,ELM,KELM,42.159889,-76.891611,954,-5,A,"Elmira/Corning, NY",112,112,112,112,3.357142857142857,12.919642857142858,7.0,35.0,"Fri, Sep 28, 2012","Sun, Sep 23, 2012"
3559,El Paso International,El Paso,United States,ELP,KELP,31.80725,-106.377583,3958,-7,A,"El Paso, TX",1601,1599,1620,1620,3.9113054341036886,12.095059412132587,21.0,102.0,"Thu, Sep 20, 2012","Thu, Sep 13, 2012"
4099,Mahlon Sweet Field,Eugene,United States,EUG,KEUG,44.124583,-123.211972,374,-8,A,"Eugene, OR",462,462,464,464,4.404761904761902,12.220779220779223,20.0,52.0,"Sun, Sep  2, 2012","Sun, Sep 23, 2012"
4018,Evansville Regional,Evansville,United States,EVV,KEVV,38.036997,-87.532364,418,-6,A,"Evansville, IN",314,315,315,316,3.78343949044586,12.853968253968256,19.0,134.0,"Wed, Sep 26, 2012","Thu, Sep  6, 2012"
3730,Craven County Regional,New Bern,United States,EWN,KEWN,35.072972,-77.042944,18,-5,A,"New Bern/Morehead/Beaufort, NC",84,84,84,84,3.2738095238095237,8.464285714285714,50.0,20.0,"Tue, Sep 18, 2012","Sun, Sep  9, 2012"
3494,Newark Liberty International,Newark,United States,EWR,KEWR,40.6925,-74.168667,18,-5,A,"Newark, NJ",9830,9775,10070,10002,8.67365208545269,22.12245524296673,64.0,148.0,"Thu, Sep 27, 2012","Tue, Sep  4, 2012"
3875,Key West International,Key West,United States,EYW,KEYW,24.556111,-81.759556,3,-5,A,"Key West, FL",150,150,150,150,3.373333333333333,7.733333333333336,6.0,20.0,"Fri, Sep 28, 2012","Thu, Sep 13, 2012"
3832,Fairbanks International,Fairbanks,United States,FAI,PAFA,64.815114,-147.856267,434,-9,A,"Fairbanks, AK",338,339,340,341,3.4911242603550297,10.743362831858414,40.0,30.0,"Tue, Sep  4, 2012","Mon, Sep 10, 2012"
4292,Hector International Airport,Fargo,United States,FAR,KFAR,46.92065,-96.8157639,902,-6,A,"Fargo, ND",419,417,424,423,4.4295942720763755,12.793764988009588,8.0,53.0,"Sun, Sep  2, 2012","Wed, Sep  5, 2012"
3687,Fresno Yosemite International,Fresno,United States,FAT,KFAT,36.776194,-119.71814,336,-8,A,"Fresno, CA",910,908,911,910,4.167032967032969,12.367841409691621,12.0,57.0,"Mon, Sep  3, 2012","Sun, Sep 16, 2012"
5738,Fayetteville Regional-Grannis Field,Fayetteville,United States,FAY,KFAY,34.9912,-78.8803,189,-5,A,"Fayetteville, NC",251,251,251,251,4.673306772908368,10.64143426294821,22.0,65.0,"Sat, Sep 15, 2012","Mon, Sep  3, 2012"
4127,Glacier Park International,Kalispell,United States,FCA,KFCA,48.310472,-114.256,2977,-7,A,"Kalispell, MT",182,184,182,184,4.653846153846152,12.663043478260867,92.0,43.0,"Sun, Sep 23, 2012","Wed, Sep 12, 2012"
4261,Flagstaff Pulliam Airport,Flagstaff,United States,FLG,KFLG,35.140318,-111.6692392,7015,-7,N,"Flagstaff, AZ",151,150,153,153,4.145695364238407,13.640000000000002,13.0,48.0,"Sun, Sep 23, 2012","Sun, Sep  2, 2012"
3533,Fort Lauderdale Hollywood International,Fort Lauderdale,United States,FLL,KFLL,26.072583,-80.15275,9,-5,A,"Fort Lauderdale, FL",4672,4671,4691,4690,4.373073630136992,16.0528794690644,52.0,148.0,"Sun, Sep  2, 2012","Wed, Sep  5, 2012"
4089,Bishop International,Flint,United States,FNT,KFNT,42.965424,-83.743629,782,-5,A,"Flint, MI",219,219,219,219,5.009132420091325,9.461187214611863,13.0,28.0,"Sun, Sep 23, 2012","Mon, Sep  3, 2012"
4009,Sioux Falls,Sioux Falls,United States,FSD,KFSD,43.582014,-96.741914,1429,-6,A,"Sioux Falls, SD",408,405,410,408,4.51225490196078,11.48888888888889,19.0,27.0,"Thu, Sep 27, 2012","Fri, Sep 21, 2012"
3437,Fort Smith Regional,Fort Smith,United States,FSM,KFSM,35.336583,-94.367444,469,-6,A,"Fort Smith, AR",198,198,198,198,3.4696969696969697,10.070707070707073,9.0,73.0,"Wed, Sep  5, 2012","Thu, Sep  6, 2012"
4041,Fort Wayne,Fort Wayne,United States,FWA,KFWA,40.978472,-85.195139,815,-5,A,"Fort Wayne, IN",307,308,310,310,3.798045602605863,11.269480519480528,17.0,50.0,"Wed, Sep  5, 2012","Mon, Sep 24, 2012"
4296,Gillette-Campbell County Airport,Gillette,United States,GCC,KGCC,44.3489167,-105.5393611,4365,-7,A,"Gillette, WY",147,147,150,150,4.401360544217689,11.088435374149658,12.0,37.0,"Sun, Sep 30, 2012","Sat, Sep 29, 2012"
3497,Garden City Regional,Garden City,United States,GCK,KGCK,37.927528,-100.724417,2891,-6,A,"Garden City, KS",60,60,60,60,3.9500000000000006,9.61666666666667,11.0,18.0,"Wed, Sep 12, 2012","Thu, Sep 27, 2012"
3467,Spokane International,Spokane,United States,GEG,KGEG,47.619861,-117.533833,2376,-8,A,"Spokane, WA",863,862,866,866,3.9281575898030128,10.074245939675174,31.0,34.0,"Sun, Sep 16, 2012","Sat, Sep  1, 2012"
3442,Grand Forks International,Grand Forks,United States,GFK,KGFK,47.949256,-97.176111,845,-6,A,"Grand Forks, ND",149,149,149,149,5.275167785234901,10.993288590604024,105.0,30.0,"Wed, Sep 12, 2012","Wed, Sep 12, 2012"
3465,East Texas Regional,Longview,United States,GGG,KGGG,32.384014,-94.711486,365,-6,A,"Longview, TX",55,55,55,55,4.87272727272727,8.2,8.0,28.0,"Fri, Sep 21, 2012","Sun, Sep 16, 2012"
4063,Grand Junction Regional,Grand Junction,United States,GJT,KGJT,39.122413,-108.526735,4858,-7,A,"Grand Junction, CO",394,394,394,395,3.7106598984771573,12.109137055837568,16.0,36.0,"Sun, Sep 30, 2012","Sat, Sep 22, 2012"
3472,Gainesville Regional,Gainesville,United States,GNV,KGNV,29.690056,-82.271778,152,-5,A,"Gainesville, FL",243,242,243,243,3.707818930041152,11.342975206611571,13.0,94.0,"Sat, Sep  1, 2012","Tue, Sep 18, 2012"
4038,Gulfport-Biloxi,Gulfport,United States,GPT,KGPT,30.407278,-89.070111,28,-6,A,"Gulfport/Biloxi, MS",375,374,377,377,4.629333333333339,11.989304812834225,38.0,57.0,"Fri, Sep 28, 2012","Mon, Sep 17, 2012"
3653,Austin Straubel International,Green Bay,United States,GRB,KGRB,44.485072,-88.129589,695,-6,A,"Green Bay, WI",359,360,363,362,3.651810584958217,9.947222222222214,13.0,61.0,"Sun, Sep 30, 2012","Wed, Sep  5, 2012"
5740,Central Nebraska Regional Airport,Grand Island,United States,GRI,KGRI,40.9675,-98.3096,1847,-6,A,"Grand Island, NE",55,55,55,55,3.272727272727273,8.963636363636363,9.0,19.0,"Fri, Sep 14, 2012","Mon, Sep 17, 2012"
3775,Robert Gray AAF,Killeen,United States,GRK,KGRK,31.06725,-97.828917,1015,-6,A,"Killeen, TX",447,446,448,448,3.9463087248322144,9.838565022421525,30.0,42.0,"Thu, Sep 13, 2012","Sat, Sep  8, 2012"
3685,Gerald R. Ford International,Grand Rapids,United States,GRR,KGRR,42.880833,-85.522806,794,-5,A,"Grand Rapids, MI",778,775,780,778,4.10925449871466,11.298064516129035,17.0,65.0,"Sun, Sep 23, 2012","Fri, Sep 21, 2012"
4008,Piedmont Triad,Greensboro,United States,GSO,KGSO,36.09775,-79.937306,925,-5,A,"Greensboro/High Point, NC",883,881,894,892,4.308040770101923,14.346197502837684,19.0,130.0,"Mon, Sep  3, 2012","Sat, Sep  8, 2012"
4034,Greenville-Spartanburg International,Greenville,United States,GSP,KGSP,34.895556,-82.218889,964,-5,A,"Greer, SC",704,700,708,709,3.7017045454545454,11.802857142857158,23.0,87.0,"Fri, Sep  7, 2012","Tue, Sep 18, 2012"
3880,Great Falls International,Great Falls,United States,GTF,KGTF,47.482,-111.370689,3677,-7,A,"Great Falls, MT",158,158,158,158,4.449367088607595,11.234177215189876,8.0,32.0,"Thu, Sep 13, 2012","Mon, Sep 10, 2012"
4273,Golden Triangle Regional Airport,Columbus Mississippi,United States,GTR,KGTR,33.450333,-88.591361,264,-6,A,"Columbus, MS",81,81,81,81,3.197530864197531,12.493827160493826,7.0,60.0,"Sun, Sep 16, 2012","Mon, Sep  3, 2012"
7051,Gunnison - Crested Butte,Gunnison,United States,GUC,KGUC,38.533889,-106.933056,7678,-7,A,"Gunnison, CO",30,30,30,30,4.2333333333333325,9.666666666666666,8.0,24.0,"Sun, Sep 23, 2012","Sat, Sep 22, 2012"
4339,Yampa Valley,Hayden,United States,HDN,KHDN,40.481181,-107.21766,6602,-7,A,"Hayden, CO",30,30,30,30,3.2666666666666666,12.200000000000001,4.0,21.0,"Sun, Sep  2, 2012","Fri, Sep 14, 2012"
3504,Helena Regional,Helena,United States,HLN,KHLN,46.606806,-111.98275,3877,-7,A,"Helena, MT",135,136,135,136,4.244444444444443,12.889705882352942,18.0,29.0,"Sun, Sep  9, 2012","Sun, Sep  2, 2012"
3728,Honolulu International,Honolulu,United States,HNL,PHNL,21.318681,-157.922428,13,-10,N,"Honolulu, HI",4386,4382,4396,4393,6.3093935248517985,13.724554997717915,41.0,43.0,"Tue, Sep 18, 2012","Sat, Sep 22, 2012"
3749,Lea County Regional,Hobbs,United States,HOB,KHOB,32.687528,-103.217028,3661,-7,A,"Hobbs, NM",45,45,45,45,4.666666666666667,10.244444444444444,9.0,19.0,"Wed, Sep 19, 2012","Wed, Sep  5, 2012"
3566,William P. Hobby,Houston,United States,HOU,KHOU,29.645419,-95.278889,46,-6,A,"Houston, TX",4289,4288,4316,4317,5.391233387736064,9.847014925373145,48.0,123.0,"Fri, Sep 14, 2012","Tue, Sep  4, 2012"
3589,Westchester County,White Plains,United States,HPN,KHPN,41.066959,-73.707575,439,-5,A,"White Plains, NY",573,575,577,577,4.804537521815011,13.692173913043481,83.0,70.0,"Fri, Sep  7, 2012","Tue, Sep  4, 2012"
3560,Valley International,Harlingen,United States,HRL,KHRL,26.2285,-97.654389,36,-6,A,"Harlingen/San Benito, TX",317,319,319,320,2.9432176656151428,7.909090909090909,6.0,30.0,"Wed, Sep 19, 2012","Thu, Sep 13, 2012"
4113,Huntsville International Airport-Carl T. Jones Field,Huntsville,United States,HSV,KHSV,34.6371944,-86.7750556,629,-6,A,"Huntsville, AL",606,606,611,612,5.333333333333328,14.298679867986799,40.0,110.0,"Wed, Sep  5, 2012","Sat, Sep  1, 2012"
3714,Washington Dulles International,Washington,United States,IAD,KIAD,38.944533,-77.455811,313,-5,A,"Washington, DC",6494,6489,6577,6574,6.857560825377269,16.619818153798786,93.0,133.0,"Thu, Sep 27, 2012","Fri, Sep 28, 2012"
3550,George Bush Intercontinental Houston,Houston,United States,IAH,KIAH,29.984433,-95.341442,97,-6,A,"Houston, TX",14152,14149,14282,14260,6.8706896551724155,16.716658421090052,47.0,97.0,"Sat, Sep 22, 2012","Fri, Sep 14, 2012"
3457,Wichita Mid Continent,Wichita,United States,ICT,KICT,37.649944,-97.433056,1333,-6,A,"Wichita, KS",775,774,784,784,4.984516129032266,11.551679586563303,28.0,105.0,"Mon, Sep 10, 2012","Thu, Sep 13, 2012"
4100,Idaho Falls Regional,Idaho Falls,United States,IDA,KIDA,43.514556,-112.07075,4744,-7,A,"Idaho Falls, ID",263,262,263,263,4.269961977186312,10.851145038167935,7.0,35.0,"Sun, Sep 23, 2012","Sun, Sep 23, 2012"
3845,Wilmington International,Wilmington,United States,ILM,KILM,34.270615,-77.902569,32,-5,A,"Wilmington, NC",302,302,302,302,3.69205298013245,13.539735099337749,10.0,53.0,"Fri, Sep  7, 2012","Tue, Sep 18, 2012"
3585,Indianapolis International,Indianapolis,United States,IND,KIND,39.717331,-86.294383,797,-5,A,"Indianapolis, IN",2087,2087,2097,2096,5.412074748442743,12.632965979875411,38.0,93.0,"Fri, Sep 21, 2012","Thu, Sep 27, 2012"
3689,Imperial County,Imperial,United States,IPL,KIPL,32.834219,-115.578744,-54,-8,A,"El Centro, CA",59,59,60,60,3.305084745762712,10.203389830508478,6.0,30.0,"Thu, Sep 20, 2012","Sun, Sep 16, 2012"
3857,Long Island MacArthur,Islip,United States,ISP,KISP,40.79525,-73.100222,99,-5,A,"Islip, NY",452,450,455,454,4.216814159292038,8.708888888888897,13.0,23.0,"Sun, Sep 23, 2012","Tue, Sep  4, 2012"
3415,Hilo International,Hilo,United States,ITO,PHTO,19.721375,-155.048469,38,-10,N,"Hilo, HI",580,580,580,580,5.310344827586209,8.593103448275858,15.0,24.0,"Sun, Sep 23, 2012","Tue, Sep 25, 2012"
7120,Inyokern Airport,Inyokern,United States,IYK,KIYK,35.658889,-117.829444,2455,-8,A,"Inyokern, CA",51,50,51,51,4.588235294117644,12.56,7.0,24.0,"Fri, Sep  7, 2012","Tue, Sep 11, 2012"
4027,Jackson Hole Airport,Jacksn Hole,United States,JAC,KJAC,43.60733333,-110.73775,6451,-7,A,"Jackson, WY",252,254,253,254,3.5595238095238093,14.956692913385824,20.0,62.0,"Thu, Sep 13, 2012","Fri, Sep  7, 2012"
3580,Jackson Evers International,Jackson,United States,JAN,KJAN,32.311167,-90.075889,346,-6,A,"Jackson/Vicksburg, MS",707,706,709,708,4.673267326732673,11.584985835694058,16.0,48.0,"Sat, Sep 29, 2012","Sun, Sep 30, 2012"
3712,Jacksonville International,Jacksonville,United States,JAX,KJAX,30.494056,-81.687861,30,-5,A,"Jacksonville, FL",1892,1891,1904,1903,4.927589852008451,12.775251189846642,25.0,61.0,"Mon, Sep 24, 2012","Tue, Sep 18, 2012"
3797,John F. Kennedy International,New York,United States,JFK,KJFK,40.639751,-73.778925,13,-5,A,"New York, NY",7977,7984,8013,8016,8.824119343111438,26.43223947895794,112.0,148.0,"Mon, Sep 17, 2012","Tue, Sep 18, 2012"
4354,Joplin Regional,Joplin,United States,JLN,KJLN,37.151814,-94.498269,981,-6,A,"Joplin, MO",60,60,60,60,3.8833333333333333,9.266666666666662,8.0,17.0,"Tue, Sep 18, 2012","Tue, Sep  4, 2012"
3492,Juneau International,Juneau,United States,JNU,PAJN,58.354972,-134.576278,21,-9,A,"Juneau, AK",339,337,343,343,3.8613569321533925,11.335311572700299,9.0,30.0,"Fri, Sep  7, 2012","Mon, Sep 17, 2012"
3514,Kona International At Keahole,Kona,United States,KOA,PHKO,19.738767,-156.045631,47,-10,N,"Kona, HI",943,942,944,944,4.703075291622482,9.73036093418259,9.0,28.0,"Wed, Sep 19, 2012","Thu, Sep 20, 2012"
3808,Ketchikan International,Ketchikan,United States,KTN,PAKT,55.355556,-131.71375,88,-9,A,"Ketchikan, AK",187,187,189,189,3.914438502673797,9.839572192513373,11.0,23.0,"Fri, Sep 28, 2012","Thu, Sep 13, 2012"
3544,Capital City,Lansing,United States,LAN,KLAN,42.7787,-84.587357,861,-5,A,"Lansing, MI",88,89,91,92,4.1477272727272725,10.224719101123595,18.0,45.0,"Sun, Sep  9, 2012","Fri, Sep  7, 2012"
3877,McCarran International,Las Vegas,United States,LAS,KLAS,36.080056,-115.15225,2141,-8,A,"Las Vegas, NV",11636,11635,11700,11700,7.034633894809213,14.203953588311176,66.0,115.0,"Sun, Sep 30, 2012","Sun, Sep 30, 2012"
4256,Lawton-Fort Sill Regional Airport,Lawton,United States,LAW,KLAW,34.5677144,-98.4166367,1110,-6,A,"Lawton/Fort Sill, OK",173,173,175,175,4.1676300578034695,8.07514450867052,13.0,36.0,"Fri, Sep 21, 2012","Thu, Sep 13, 2012"
3484,Los Angeles International,Los Angeles,United States,LAX,KLAX,33.942536,-118.408075,126,-8,A,"Los Angeles, CA",17881,17887,18062,18056,10.486382193389606,16.243193380667588,92.0,125.0,"Sat, Sep 15, 2012","Tue, Sep 11, 2012"
3829,Lubbock Preston Smith International,Lubbock,United States,LBB,KLBB,33.663639,-101.822778,3282,-6,A,"Lubbock, TX",625,625,628,628,3.8144,10.08479999999999,34.0,122.0,"Thu, Sep 13, 2012","Thu, Sep 13, 2012"
3513,Lake Charles Regional,Lake Charles,United States,LCH,KLCH,30.126112,-93.223335,15,-6,A,"Lake Charles, LA",164,165,165,166,4.676829268292683,8.557575757575757,14.0,21.0,"Thu, Sep 13, 2012","Mon, Sep 17, 2012"
4017,Blue Grass,Lexington KY,United States,LEX,KLEX,38.0365,-84.605889,979,-5,A,"Lexington, KY",579,578,580,580,4.29188255613126,12.771626297577857,30.0,50.0,"Thu, Sep 13, 2012","Fri, Sep 21, 2012"
3493,Lafayette Regional,Lafayette,United States,LFT,KLFT,30.205278,-91.987611,43,-6,A,"Lafayette, LA",466,466,470,469,4.575107296137335,12.070815450643776,18.0,55.0,"Sun, Sep  2, 2012","Thu, Sep 13, 2012"
3697,LaGuardia Airport,New York,United States,LGA,KLGA,40.777245,-73.872608,22,-5,A,"New York, NY",8198,8212,8397,8398,8.425835569651106,27.57635168046761,100.0,149.0,"Wed, Sep  5, 2012","Tue, Sep  4, 2012"
3582,Long Beach,Long Beach,United States,LGB,KLGB,33.817722,-118.151611,60,-8,A,"Long Beach, CA",1140,1139,1141,1140,4.171052631578944,12.50131694468833,45.0,76.0,"Mon, Sep 24, 2012","Tue, Sep 11, 2012"
3602,Lihue,Lihue,United States,LIH,PHLI,21.975983,-159.338958,153,-10,N,"Lihue, HI",1035,1033,1038,1038,5.477294685990341,8.454017424975824,20.0,34.0,"Wed, Sep 26, 2012","Fri, Sep 21, 2012"
3660,Adams Field,Little Rock,United States,LIT,KLIT,34.729444,-92.224306,262,-6,A,"Little Rock, AR",1251,1250,1254,1253,5.4276578737010395,11.910399999999992,26.0,93.0,"Mon, Sep  3, 2012","Mon, Sep  3, 2012"
5750,Klamath Falls Airport,Klamath Falls,United States,LMT,KLMT,42.1561,-121.733,4095,-8,A,"Klamath Falls, OR",60,59,60,60,3.65,10.508474576271189,7.0,31.0,"Mon, Sep 10, 2012","Tue, Sep 11, 2012"
3543,Lincoln,Lincoln,United States,LNK,KLNK,40.850971,-96.75925,1219,-6,A,"Lincoln, NE",256,257,258,258,3.9257812500000004,9.914396887159526,10.0,31.0,"Sat, Sep 29, 2012","Thu, Sep 13, 2012"
3691,Laredo International,Laredo,United States,LRD,KLRD,27.54375,-99.461556,508,-6,A,"Laredo, TX",193,193,196,196,3.5958549222797935,11.222797927461144,11.0,72.0,"Sat, Sep 22, 2012","Thu, Sep 13, 2012"
4044,LaCrosse Municipal,LaCrosse,United States,LSE,KLSE,43.878986,-91.256711,654,-6,A,"La Crosse, WI",68,69,69,70,4.382352941176471,12.318840579710145,9.0,29.0,"Tue, Sep  4, 2012","Sat, Sep 15, 2012"
3945,Lewiston Nez Perce County,Lewiston,United States,LWS,KLWS,46.3745,-117.015389,1442,-8,A,"Lewiston, ID",54,54,54,54,4.500000000000003,10.074074074074074,6.0,22.0,"Sat, Sep  1, 2012","Wed, Sep  5, 2012"
3652,Midland International,Midland,United States,MAF,KMAF,31.942528,-102.201914,2871,-6,A,"Midland/Odessa, TX",631,629,634,633,3.3312202852614883,9.837837837837846,13.0,66.0,"Sat, Sep 15, 2012","Thu, Sep 13, 2012"
4128,MBS International,Saginaw,United States,MBS,KMBS,43.532913,-84.079647,668,-5,A,"Saginaw/Bay City/Midland, MI",110,109,112,111,4.299999999999998,13.0,7.0,38.0,"Thu, Sep  6, 2012","Sat, Sep  1, 2012"
3458,Kansas City International,Kansas City,United States,MCI,KMCI,39.297606,-94.713905,1026,-6,A,"Kansas City, MO",3916,3912,3938,3938,5.254596527068432,10.56467280163598,44.0,63.0,"Mon, Sep 17, 2012","Fri, Sep  7, 2012"
3878,Orlando International,Orlando,United States,MCO,KMCO,28.429394,-81.308994,96,-5,A,"Orlando, FL",8439,8443,8475,8478,7.337480744164001,13.379604406016833,86.0,109.0,"Wed, Sep 19, 2012","Tue, Sep 18, 2012"
3542,Harrisburg International,Harrisburg,United States,MDT,KMDT,40.193494,-76.763403,310,-5,A,"Harrisburg, PA",500,494,501,500,4.481999999999997,12.524291497975705,28.0,58.0,"Tue, Sep 25, 2012","Tue, Sep 25, 2012"
3747,Chicago Midway International,Chicago,United States,MDW,KMDW,41.785972,-87.752417,620,-6,A,"Chicago, IL",6961,6975,6976,6981,5.565148685533698,10.196129032258051,40.0,90.0,"Tue, Sep  4, 2012","Thu, Sep  6, 2012"
4335,Key Field,Meridian,United States,MEI,KMEI,32.332624,-88.751868,297,-6,A,"Meridian, MS",55,55,55,55,3.7818181818181817,16.03636363636364,7.0,66.0,"Wed, Sep 12, 2012","Wed, Sep 12, 2012"
3473,Memphis International,Memphis,United States,MEM,KMEM,35.042417,-89.976667,341,-6,A,"Memphis, TN",2697,2700,2717,2718,5.71153133110865,16.19074074074071,68.0,81.0,"Wed, Sep 12, 2012","Wed, Sep  5, 2012"
3826,McAllen Miller International,Mcallen,United States,MFE,KMFE,26.175833,-98.238611,107,-6,A,"Mission/McAllen/Edinburg, TX",305,305,314,314,4.727868852459015,11.527868852459017,16.0,40.0,"Sun, Sep 30, 2012","Thu, Sep 13, 2012"
4101,Rogue Valley International Medford,Medford,United States,MFR,KMFR,42.374228,-122.8735,1335,-8,A,"Medford, OR",314,313,321,322,4.270700636942675,12.038338658146966,12.0,37.0,"Fri, Sep 14, 2012","Sat, Sep 15, 2012"
4115,Montgomery Regional Airport ,MONTGOMERY,United States,MGM,KMGM,32.3006389,-86.3939722,221,-6,A,"Montgomery, AL",350,350,351,351,2.7599999999999993,15.491428571428564,13.0,63.0,"Tue, Sep 18, 2012","Mon, Sep  3, 2012"
4050,Manhattan Regional,Manhattan,United States,MHK,KMHK,39.140972,-96.670833,1057,-6,A,"Manhattan/Ft. Riley, KS",143,142,143,143,3.335664335664336,9.450704225352112,9.0,25.0,"Fri, Sep  7, 2012","Sat, Sep  8, 2012"
4011,Manchester Regional Airport,Manchester NH,United States,MHT,KMHT,42.932556,-71.435667,266,-5,A,"Manchester, NH",793,794,802,802,4.86380832282472,12.681360201511335,26.0,92.0,"Sat, Sep 29, 2012","Mon, Sep  3, 2012"
3576,Miami International,Miami,United States,MIA,KMIA,25.79325,-80.290556,8,-5,A,"Miami, FL",5599,5598,5675,5675,8.632255759957113,17.37370489460524,63.0,116.0,"Tue, Sep 11, 2012","Tue, Sep 18, 2012"
3717,General Mitchell International,Milwaukee,United States,MKE,KMKE,42.947222,-87.896583,723,-6,A,"Milwaukee, WI",2956,2950,2971,2970,5.045669824086606,11.25661016949151,41.0,86.0,"Tue, Sep  4, 2012","Wed, Sep  5, 2012"
5754,Muskegon County Airport,Muskegon,United States,MKG,KMKG,43.1695,-86.2382,628,-5,A,"Muskegon, MI",60,60,60,60,4.233333333333333,10.1,7.0,20.0,"Fri, Sep 28, 2012","Fri, Sep 21, 2012"
3671,Melbourne International,Melbourne,United States,MLB,KMLB,28.102753,-80.645258,33,-5,A,"Melbourne, FL",119,119,119,119,5.100840336134454,15.218487394957982,13.0,40.0,"Tue, Sep 18, 2012","Tue, Sep 18, 2012"
4072,Quad City International,Moline,United States,MLI,KMLI,41.448528,-90.507539,590,-6,A,"Moline, IL",291,293,293,295,3.6872852233676974,9.488054607508536,24.0,75.0,"Sun, Sep  9, 2012","Wed, Sep  5, 2012"
3732,Monroe Regional,Monroe,United States,MLU,KMLU,32.510864,-92.037689,79,-6,A,"Monroe, LA",252,254,263,263,3.5396825396825387,9.67716535433071,10.0,41.0,"Sat, Sep 22, 2012","Tue, Sep 25, 2012"
3782,Mobile Regional,Mobile,United States,MOB,KMOB,30.691231,-88.242814,219,-6,A,"Mobile, AL",434,433,436,436,4.03456221198157,10.49884526558891,18.0,34.0,"Thu, Sep 27, 2012","Fri, Sep 21, 2012"
3816,Modesto City County Harry Sham,Modesto,United States,MOD,KMOD,37.625817,-120.954422,97,-8,A,"Modesto, CA",85,84,89,89,2.9294117647058813,12.928571428571429,6.0,52.0,"Mon, Sep 10, 2012","Fri, Sep 21, 2012"
3498,Minot International,Minot,United States,MOT,KMOT,48.259378,-101.280333,1716,-6,A,"Minot, ND",244,244,244,244,5.213114754098359,12.69672131147541,31.0,33.0,"Thu, Sep 13, 2012","Wed, Sep  5, 2012"
6838,Sawyer International Airport,Marquette,United States,MQT,KMQT,46.353611,-87.395278,1221,-5,A,"Marquette, MI",25,25,25,25,4.8,15.0,7.0,55.0,"Tue, Sep  4, 2012","Tue, Sep  4, 2012"
3948,Monterey Peninsula,Monterey,United States,MRY,KMRY,36.587,-121.842944,257,-8,A,"Monterey, CA",473,473,495,494,3.4355179704016914,13.251585623678649,19.0,57.0,"Thu, Sep 13, 2012","Fri, Sep 14, 2012"
3459,Dane County Regional-Truax Field,Madison,United States,MSN,KMSN,43.139858,-89.337514,887,-6,A,"Madison, WI",762,762,765,766,3.8648293963254647,11.480314960629926,26.0,60.0,"Mon, Sep 24, 2012","Mon, Sep 10, 2012"
4216,Missoula International,Missoula,United States,MSO,KMSO,46.916306,-114.090556,3205,-7,A,"Missoula, MT",302,303,302,303,5.321192052980136,11.250825082508246,30.0,90.0,"Sun, Sep 23, 2012","Wed, Sep 26, 2012"
3858,Minneapolis St. Paul International,Minneapolis,United States,MSP,KMSP,44.881956,-93.221767,841,-6,A,"Minneapolis, MN",9283,9279,9307,9308,6.660346870623714,15.345942450695118,58.0,98.0,"Wed, Sep  5, 2012","Tue, Sep 11, 2012"
3861,Louis Armstrong New Orleans International,New Orleans,United States,MSY,KMSY,29.993389,-90.258028,4,-6,A,"New Orleans, LA",2839,2830,2847,2844,4.419513913349762,10.52932862190812,27.0,123.0,"Fri, Sep 28, 2012","Thu, Sep 13, 2012"
6880,Montrose Regional Airport,Montrose CO,United States,MTJ,KMTJ,38.509794,-107.894242,5759,-7,A,"Montrose/Delta, CO",100,100,100,100,3.969999999999999,11.88,6.0,76.0,"Sun, Sep 30, 2012","Thu, Sep 27, 2012"
4265,Martha's Vineyard,Vineyard Haven MA,United States,MVY,KMVY,41.391667,-70.615278,67,-5,A,"Martha's Vineyard, MA",19,19,19,19,3.1578947368421053,16.05263157894737,7.0,131.0,"Sun, Sep  2, 2012","Tue, Sep  4, 2012"
3515,Myrtle Beach International,Myrtle Beach,United States,MYR,KMYR,33.67975,-78.928333,25,-5,A,"Myrtle Beach, SC",345,342,345,344,3.695652173913045,15.546783625730978,19.0,92.0,"Sat, Sep  1, 2012","Wed, Sep  5, 2012"
4386,Albert J. Ellis,Jacksonville NC,United States,OAJ,KOAJ,34.829164,-77.612139,94,-5,A,"Jacksonville/Camp Lejeune, NC",136,136,136,136,2.661764705882353,11.375,6.0,34.0,"Mon, Sep  3, 2012","Fri, Sep 28, 2012"
3453,Metropolitan Oakland International,Oakland,United States,OAK,KOAK,37.721278,-122.220722,9,-8,A,"Oakland, CA",3696,3691,3714,3714,6.129329004329003,12.153075047412628,39.0,51.0,"Wed, Sep  5, 2012","Sun, Sep 16, 2012"
3456,Kahului,Kahului,United States,OGG,PHOG,20.89865,-156.430458,54,-10,N,"Kahului, HI",1862,1863,1866,1869,5.730397422126745,8.596349973161576,30.0,55.0,"Tue, Sep  4, 2012","Thu, Sep  6, 2012"
3863,Will Rogers World,Oklahoma City,United States,OKC,KOKC,35.393089,-97.600733,1295,-6,A,"Oklahoma City, OK",1848,1845,1859,1860,4.579004329004329,11.114905149051488,48.0,102.0,"Wed, Sep 26, 2012","Sun, Sep  9, 2012"
3454,Eppley Airfield,Omaha,United States,OMA,KOMA,41.303167,-95.894069,984,-6,A,"Omaha, NE",1577,1569,1582,1578,4.275840202916923,11.070745697896752,28.0,70.0,"Sun, Sep 23, 2012","Tue, Sep  4, 2012"
3615,Nome,Nome,United States,OME,PAOM,64.512203,-165.445247,37,-9,A,"Nome, AK",90,90,90,90,3.688888888888889,6.166666666666667,7.0,23.0,"Fri, Sep 14, 2012","Sun, Sep 30, 2012"
3734,Ontario International,Ontario,United States,ONT,KONT,34.056,-117.601194,944,-8,A,"Ontario, CA",1744,1745,1753,1753,4.455848623853211,9.985673352435509,12.0,46.0,"Mon, Sep 17, 2012","Sat, Sep 15, 2012"
3830,Chicago O'Hare International,Chicago,United States,ORD,KORD,41.978603,-87.904842,668,-6,A,"Chicago, IL",25388,25432,25695,25699,9.34398140853949,16.602036804026543,88.0,142.0,"Sat, Sep 22, 2012","Thu, Sep 27, 2012"
3611,Norfolk International,Norfolk,United States,ORF,KORF,36.894611,-76.201222,26,-5,A,"Norfolk, VA",1376,1375,1387,1385,4.375726744186048,12.439272727272714,51.0,127.0,"Sat, Sep  8, 2012","Wed, Sep  5, 2012"
5757,Southwest Oregon Regional Airport,North Bend,United States,OTH,KOTH,43.4171,-124.246,17,-8,A,"North Bend/Coos Bay, OR",58,59,60,60,3.103448275862069,13.0,5.0,38.0,"Mon, Sep 17, 2012","Thu, Sep 27, 2012"
3693,Ralph Wien Memorial,Kotzebue,United States,OTZ,PAOT,66.884678,-162.59855,11,-9,A,"Kotzebue, AK",90,89,90,90,3.766666666666668,6.269662921348314,8.0,16.0,"Sat, Sep  1, 2012","Thu, Sep 20, 2012"
4117,Barkley Regional Airport,PADUCAH,United States,PAH,KPAH,37.0602875,-88.7729583,410,-6,A,"Paducah, KY",59,59,60,60,4.440677966101693,11.83050847457627,7.0,35.0,"Sun, Sep  9, 2012","Thu, Sep  6, 2012"
3722,Palm Beach International,West Palm Beach,United States,PBI,KPBI,26.683161,-80.095589,19,-5,A,"West Palm Beach/Palm Beach, FL",1438,1444,1442,1445,4.602225312934635,13.231994459833794,16.0,79.0,"Tue, Sep 18, 2012","Tue, Sep 18, 2012"
3720,Portland International,Portland,United States,PDX,KPDX,45.588722,-122.5975,30,-8,A,"Portland, OR",4479,4483,4484,4489,3.900424201830771,11.759982154807048,36.0,94.0,"Fri, Sep 28, 2012","Sun, Sep 16, 2012"
3633,Newport News Williamsburg International,Newport News,United States,PHF,KPHF,37.131894,-76.492989,43,-5,A,"Newport News/Williamsburg, VA",192,193,192,193,5.942708333333332,11.803108808290151,18.0,65.0,"Tue, Sep  4, 2012","Sun, Sep  2, 2012"
3752,Philadelphia International,Philadelphia,United States,PHL,KPHL,39.871944,-75.241139,36,-5,A,"Philadelphia, PA",6168,6171,6216,6214,6.392833981841764,19.891427645438387,77.0,146.0,"Fri, Sep  7, 2012","Tue, Sep 18, 2012"
3462,Phoenix Sky Harbor International,Phoenix,United States,PHX,KPHX,33.434278,-112.011583,1135,-7,N,"Phoenix, AZ",13879,13909,13953,13956,7.08357950861013,14.644474800488881,69.0,115.0,"Wed, Sep 19, 2012","Thu, Sep 13, 2012"
4046,Peoria Regional,Peoria,United States,PIA,KPIA,40.664203,-89.693258,660,-6,A,"Peoria, IL",266,266,269,270,4.187969924812032,11.184210526315793,26.0,130.0,"Sat, Sep 15, 2012","Mon, Sep 17, 2012"
5760,Pocatello Regional Airport,Pocatello,United States,PIH,KPIH,42.9098,-112.596,4452,-7,A,"Pocatello, ID",79,79,80,80,3.670886075949367,9.37974683544304,7.0,30.0,"Fri, Sep  7, 2012","Mon, Sep 10, 2012"
3570,Pittsburgh International,Pittsburgh (pennsylva),United States,PIT,KPIT,40.491467,-80.232872,1204,-5,A,"Pittsburgh, PA",2635,2633,2651,2650,5.143074003795075,12.833270034181547,68.0,92.0,"Sat, Sep  1, 2012","Sun, Sep  9, 2012"
3564,Pensacola Regional,Pensacola,United States,PNS,KPNS,30.473425,-87.186611,121,-6,A,"Pensacola, FL",766,765,768,768,4.442558746736288,12.083660130718965,42.0,57.0,"Thu, Sep 13, 2012","Mon, Sep 17, 2012"
6133,Tri Cities Airport,Pasco,United States,PSC,PSC,46.2647,-119.119,410,-8,A,"Pasco/Kennewick/Richland, WA",207,205,207,206,4.743961352657002,11.263414634146336,9.0,44.0,"Sun, Sep 23, 2012","Sat, Sep 15, 2012"
4147,Petersburg James A. Johnson,Petersburg,United States,PSG,PAPG,56.801667,-132.945278,105,-9,A,"Petersburg, AK",60,59,60,60,3.45,8.525423728813564,7.0,18.0,"Mon, Sep 24, 2012","Fri, Sep 21, 2012"
3839,Palm Springs International,Palm Springs,United States,PSP,KPSP,33.829667,-116.506694,477,-8,A,"Palm Springs, CA",678,679,684,685,4.8702064896755175,13.543446244477167,25.0,58.0,"Sun, Sep 16, 2012","Sun, Sep 30, 2012"
3641,Theodore Francis Green State,Providence,United States,PVD,KPVD,41.732581,-71.420383,55,-5,A,"Providence, RI",1135,1136,1139,1140,4.509251101321578,11.721830985915483,42.0,62.0,"Fri, Sep  7, 2012","Tue, Sep 18, 2012"
3862,Portland International Jetport,Portland,United States,PWM,KPWM,43.646161,-70.309281,77,-5,A,"Portland, ME",565,566,578,578,3.8123893805309734,12.779151943462901,25.0,43.0,"Sat, Sep  8, 2012","Tue, Sep 11, 2012"
4087,Rapid City Regional Airport,Rapid City,United States,RAP,KRAP,44.045278,-103.057222,3204,-7,A,"Rapid City, SD",412,413,412,413,4.655339805825244,12.961259079903144,17.0,66.0,"Thu, Sep  6, 2012","Thu, Sep 27, 2012"
4098,Redding Municipal,Redding,United States,RDD,KRDD,40.509,-122.293389,504,-8,A,"Redding, CA",87,87,89,89,3.839080459770115,13.402298850574713,6.0,34.0,"Tue, Sep 11, 2012","Sun, Sep 16, 2012"
4103,Roberts Field,Redmond-Bend,United States,RDM,KRDM,44.254066,-121.149964,3077,-8,A,"Bend/Redmond, OR",263,263,264,264,3.642585551330798,10.087452471482896,7.0,34.0,"Thu, Sep 13, 2012","Sun, Sep 23, 2012"
3626,Raleigh Durham International,Raleigh-durham,United States,RDU,KRDU,35.877639,-78.787472,435,-5,A,"Raleigh/Durham, NC",3710,3696,3742,3739,4.6994609164420575,14.415584415584416,36.0,147.0,"Thu, Sep  6, 2012","Mon, Sep  3, 2012"
3608,Richmond International,Richmond,United States,RIC,KRIC,37.505167,-77.319667,167,-5,A,"Richmond, VA",1396,1397,1406,1406,5.380372492836684,14.179670722977804,33.0,102.0,"Mon, Sep 10, 2012","Tue, Sep  4, 2012"
5766,Rock Springs Sweetwater County Airport,Rock Springs,United States,RKS,KRKS,41.5942,-109.065,6760,-7,A,"Rock Springs, WY",179,178,180,180,4.078212290502791,10.443820224719094,12.0,22.0,"Sat, Sep 22, 2012","Thu, Sep 27, 2012"
3807,Reno Tahoe International,Reno,United States,RNO,KRNO,39.499108,-119.768108,4415,-8,A,"Reno, NV",1520,1514,1528,1526,4.567763157894736,10.994715984147936,26.0,86.0,"Sat, Sep  1, 2012","Mon, Sep 10, 2012"
4016,Roanoke Regional,Roanoke VA,United States,ROA,KROA,37.325472,-79.975417,1175,-5,A,"Roanoke, VA",294,293,297,298,4.785714285714283,13.832764505119455,15.0,54.0,"Thu, Sep 27, 2012","Thu, Sep  6, 2012"
3622,Greater Rochester International,Rochester,United States,ROC,KROC,43.118866,-77.672389,559,-5,A,"Rochester, NY",880,879,888,888,5.537499999999998,11.714448236632533,14.0,78.0,"Mon, Sep 10, 2012","Wed, Sep 26, 2012"
3736,Roswell International Air Center,Roswell,United States,ROW,KROW,33.301556,-104.530556,3671,-7,A,"Roswell, NM",84,84,84,84,3.738095238095238,8.452380952380949,6.0,24.0,"Sun, Sep  2, 2012","Thu, Sep 13, 2012"
4048,Rochester,Rochester,United States,RST,KRST,43.908283,-92.500014,1317,-6,A,"Rochester, MN",126,125,126,125,3.9523809523809526,11.000000000000004,8.0,35.0,"Wed, Sep 19, 2012","Wed, Sep 19, 2012"
3793,Southwest Florida International,Fort Myers,United States,RSW,KRSW,26.536167,-81.755167,30,-5,A,"Fort Myers, FL",1446,1445,1451,1451,4.582295988934983,11.273356401384099,39.0,95.0,"Thu, Sep  6, 2012","Fri, Sep 28, 2012"
3784,Santa Fe Municipal,Santa Fe,United States,SAF,KSAF,35.617108,-106.089422,6348,-7,A,"Santa Fe, NM",120,120,120,120,5.216666666666669,12.291666666666666,23.0,41.0,"Sun, Sep 16, 2012","Sat, Sep 29, 2012"
3731,San Diego International,San Diego,United States,SAN,KSAN,32.733556,-117.189667,17,-8,A,"San Diego, CA",6158,6152,6185,6186,4.071938941214682,14.132314694408342,62.0,89.0,"Mon, Sep 24, 2012","Thu, Sep 27, 2012"
3621,San Antonio International,San Antonio,United States,SAT,KSAT,29.533694,-98.469778,809,-6,A,"San Antonio, TX",3159,3150,3187,3183,4.25324469768916,11.80063492063493,83.0,95.0,"Mon, Sep 10, 2012","Sat, Sep  1, 2012"
3613,Savannah Hilton Head International,Savannah,United States,SAV,KSAV,32.127583,-81.202139,51,-5,A,"Savannah, GA",802,800,806,806,4.9488778054862905,14.46375,39.0,133.0,"Fri, Sep  7, 2012","Tue, Sep 18, 2012"
3949,Santa Barbara Municipal,Santa Barbara,United States,SBA,KSBA,34.426211,-119.840372,10,-8,A,"Santa Barbara, CA",879,876,890,890,4.74402730375426,11.422374429223744,33.0,58.0,"Wed, Sep 12, 2012","Sun, Sep 16, 2012"
4359,South Bend Regional,South Bend,United States,SBN,KSBN,41.708661,-86.31725,799,-5,A,"South Bend, IN",329,329,332,331,3.522796352583587,10.908814589665644,22.0,33.0,"Fri, Sep  7, 2012","Thu, Sep 20, 2012"
5768,San Luis County Regional Airport,San Luis Obispo,United States,SBP,KSBP,35.2368,-120.642,212,-8,A,"San Luis Obispo, CA",384,383,391,392,3.3281250000000013,11.36553524804178,6.0,33.0,"Fri, Sep 14, 2012","Sat, Sep 15, 2012"
3620,Deadhorse,Deadhorse,United States,SCC,PASC,70.19475,-148.465167,64,-9,A,"Deadhorse, AK",53,53,55,55,4.094339622641509,7.075471698113206,8.0,29.0,"Thu, Sep  6, 2012","Mon, Sep 10, 2012"
4014,Louisville International Airport,Louisville,United States,SDF,KSDF,38.1740858,-85.7364989,501,-5,A,"Louisville, KY",1250,1248,1257,1256,5.867999999999998,12.314102564102562,35.0,113.0,"Sat, Sep 22, 2012","Wed, Sep  5, 2012"
3577,Seattle Tacoma International,Seattle,United States,SEA,KSEA,47.449,-122.309306,433,-8,A,"Seattle, WA",8483,8481,8509,8501,6.652009902157254,14.422945407381205,83.0,105.0,"Mon, Sep 17, 2012","Wed, Sep 26, 2012"
3469,San Francisco International,San Francisco,United States,SFO,KSFO,37.618972,-122.374889,13,-8,A,"San Francisco, CA",13954,13989,14184,14187,7.174788591084996,17.278504539280757,110.0,100.0,"Mon, Sep  3, 2012","Sun, Sep 30, 2012"
4348,Springfield Branson National,Springfield,United States,SGF,KSGF,37.245667,-93.388639,1268,-6,A,"Springfield, MO",573,574,576,576,4.380453752181506,11.534843205574907,19.0,45.0,"Sun, Sep  9, 2012","Fri, Sep  7, 2012"
4064,St. George Municipal,Saint George,United States,SGU,KSGU,37.090583,-113.593056,2941,-7,A,"St. George, UT",165,165,165,165,3.727272727272727,11.151515151515156,8.0,44.0,"Sun, Sep  2, 2012","Tue, Sep 18, 2012"
3609,Shreveport Regional,Shreveport,United States,SHV,KSHV,32.446629,-93.8256,258,-6,A,"Shreveport, LA",620,621,624,624,4.664516129032254,9.27858293075684,29.0,70.0,"Sat, Sep 29, 2012","Thu, Sep 13, 2012"
3856,Sitka Rocky Gutierrez,Sitka,United States,SIT,PASI,57.047138,-135.361611,21,-9,A,"Sitka, AK",98,101,102,102,4.112244897959182,10.13861386138614,9.0,32.0,"Wed, Sep  5, 2012","Thu, Sep 13, 2012"
3748,Norman Y. Mineta San Jose International,San Jose,United States,SJC,KSJC,37.3626,-121.929022,62,-8,A,"San Jose, CA",3127,3126,3152,3153,3.9958426606971584,11.30102367242483,70.0,87.0,"Wed, Sep  5, 2012","Wed, Sep  5, 2012"
3708,San Angelo Regional-Mathis Field,San Angelo,United States,SJT,KSJT,31.35775,-100.496306,1919,-6,A,"San Angelo, TX",113,113,113,113,2.982300884955752,9.079646017699112,12.0,23.0,"Thu, Sep 27, 2012","Sun, Sep 30, 2012"
3536,Salt Lake City International,Salt Lake City,United States,SLC,KSLC,40.788389,-111.977772,4227,-7,A,"Salt Lake City, UT",8846,8859,8871,8872,5.6794031200542605,16.532339993227296,31.0,73.0,"Thu, Sep 27, 2012","Sun, Sep 30, 2012"
3817,Sacramento International,Sacramento,United States,SMF,KSMF,38.695417,-121.590778,27,-8,A,"Sacramento, CA",3485,3489,3515,3517,4.910760401721668,10.70650616222415,41.0,92.0,"Fri, Sep  7, 2012","Tue, Sep 11, 2012"
5772,Santa Maria Public-Captain G. Allan Hancock Airport,Santa Maria,United States,SMX,KSMX,34.8989,-120.457,261,-8,A,"Santa Maria, CA",110,110,112,112,3.7818181818181817,10.445454545454544,12.0,31.0,"Wed, Sep 12, 2012","Sat, Sep 29, 2012"
3867,John Wayne Airport Orange County,Santa Ana,United States,SNA,KSNA,33.675667,-117.868222,56,-8,A,"Santa Ana, CA",3177,3176,3213,3212,5.517154548316029,11.723551637279588,45.0,60.0,"Fri, Sep 28, 2012","Tue, Sep 11, 2012"
4336,Abraham Lincoln Capital,Springfield,United States,SPI,KSPI,39.8441,-89.677889,597,-6,A,"Springfield, IL",171,170,172,172,4.02923976608187,9.588235294117647,8.0,60.0,"Wed, Sep 12, 2012","Mon, Sep 17, 2012"
3680,Sheppard AFB Wichita Falls Municipal,Wichita Falls,United States,SPS,KSPS,33.988797,-98.491894,1019,-6,A,"Wichita Falls, TX",114,114,116,116,9.526315789473681,10.736842105263161,20.0,30.0,"Sat, Sep 15, 2012","Sat, Sep 29, 2012"
4067,Sarasota Bradenton International,Sarasota,United States,SRQ,KSRQ,27.395444,-82.554389,30,-5,A,"Sarasota/Bradenton, FL",226,227,226,227,4.2300884955752185,12.444933920704846,8.0,81.0,"Tue, Sep 18, 2012","Tue, Sep 18, 2012"
3678,Lambert St. Louis International,St. Louis,United States,STL,KSTL,38.748697,-90.370028,618,-6,A,"St. Louis, MO",4439,4436,4473,4469,5.2527596305474145,11.38886384129848,82.0,75.0,"Tue, Sep 25, 2012","Tue, Sep 18, 2012"
6494,Friedman Memorial,Hailey,United States,SUN,KSUN,43.504444,-114.296194,5320,-7,A,"Sun Valley/Hailey/Ketchum, ID",153,153,154,154,3.30718954248366,9.18954248366013,6.0,24.0,"Sun, Sep 16, 2012","Tue, Sep 25, 2012"
3753,Sioux Gateway-Colonel Bud Day Field,Sioux City,United States,SUX,KSUX,42.402603,-96.384367,1098,-6,A,"Sioux City, IA",55,55,55,55,3.381818181818182,9.272727272727273,7.0,24.0,"Tue, Sep 25, 2012","Fri, Sep 14, 2012"
3661,Stewart International,Newburgh,United States,SWF,KSWF,41.504094,-74.104839,491,-5,A,"Newburgh/Poughkeepsie, NY",63,63,63,63,4.666666666666665,13.063492063492063,10.0,48.0,"Tue, Sep 18, 2012","Sat, Sep  8, 2012"
3745,Syracuse Hancock International,Syracuse,United States,SYR,KSYR,43.111187,-76.106311,421,-5,A,"Syracuse, NY",624,621,629,628,4.2548076923076925,12.119162640901767,29.0,140.0,"Tue, Sep  4, 2012","Sun, Sep  9, 2012"
3698,Tallahassee Regional,Tallahassee,United States,TLH,KTLH,30.396528,-84.350333,81,-5,A,"Tallahassee, FL",336,336,336,336,3.639880952380953,12.464285714285717,14.0,46.0,"Sun, Sep 30, 2012","Mon, Sep  3, 2012"
3646,Tampa International,Tampa,United States,TPA,KTPA,27.975472,-82.53325,26,-5,A,"Tampa, FL",4806,4806,4830,4831,4.6036204744069895,12.007698709945908,47.0,90.0,"Tue, Sep 18, 2012","Thu, Sep  6, 2012"
4116,Tri-Cities Regional Airport,BRISTOL,United States,TRI,KTRI,36.4752222,-82.4074167,1519,-5,A,"Bristol/Johnson City/Kingsport, TN",213,214,213,214,4.014084507042252,14.523364485981308,13.0,107.0,"Sat, Sep 22, 2012","Tue, Sep 18, 2012"
3855,Tulsa International,Tulsa,United States,TUL,KTUL,36.198389,-95.888111,677,-6,A,"Tulsa, OK",1525,1524,1538,1536,4.335737704918032,11.184383202099731,36.0,72.0,"Sat, Sep 15, 2012","Wed, Sep  5, 2012"
3636,Tucson International,Tucson,United States,TUS,KTUS,32.116083,-110.941028,2643,-7,N,"Tucson, AZ",1574,1570,1583,1582,4.333545108005082,11.255414012738859,30.0,70.0,"Fri, Sep 21, 2012","Thu, Sep 13, 2012"
4023,Cherry Capital Airport,Traverse City,United States,TVC,KTVC,44.741445,-85.582235,624,-5,A,"Traverse City, MI",261,261,261,261,3.8007662835249043,9.973180076628356,15.0,31.0,"Thu, Sep 27, 2012","Mon, Sep 24, 2012"
4263,Magic Valley Regional Airport,Twin Falls,United States,TWF,KTWF,42.481803,-114.487733,4151,-7,A,"Twin Falls, ID",86,85,86,86,3.616279069767442,9.882352941176471,9.0,27.0,"Thu, Sep 20, 2012","Tue, Sep 25, 2012"
3770,Texarkana Regional-Webb Field,Texarkana,United States,TXK,KTXK,33.453722,-93.991028,390,-6,A,"Texarkana, AR",81,81,81,81,3.259259259259259,9.259259259259258,6.0,27.0,"Thu, Sep 20, 2012","Fri, Sep 21, 2012"
3848,Tyler Pounds Regional,Tyler,United States,TYR,KTYR,32.354139,-95.402386,544,-6,A,"Tyler, TX",218,217,221,221,3.7889908256880735,9.253456221198164,8.0,20.0,"Thu, Sep 27, 2012","Thu, Sep  6, 2012"
3676,McGhee Tyson,Knoxville,United States,TYS,KTYS,35.810972,-83.994028,981,-5,A,"Knoxville, TN",750,749,754,755,3.6653333333333333,12.188251001335109,21.0,102.0,"Fri, Sep 14, 2012","Sat, Sep  8, 2012"
5776,Valdosta Regional Airport,Valdosta,United States,VLD,KVLD,30.7825,-83.2767,203,-5,A,"Valdosta, GA",83,83,83,83,3.4457831325301207,11.542168674698793,7.0,29.0,"Sun, Sep  9, 2012","Tue, Sep  4, 2012"
3873,Eglin AFB,Valparaiso,United States,VPS,KVPS,30.48325,-86.5254,87,-6,A,"Valparaiso, FL",506,505,507,507,7.276679841897235,12.839603960396044,20.0,65.0,"Sat, Sep 29, 2012","Mon, Sep  3, 2012"
5969,Wrangell Airport,Wrangell,United States,WRG,PAWG,56.4843,-132.37,44,-9,A,"Wrangell, AK",59,59,60,60,3.6610169491525424,7.52542372881356,6.0,19.0,"Fri, Sep 28, 2012","Wed, Sep 26, 2012"
7072,Yellowstone Airport,West Yellowstone,United States,WYS,KWYS,44.688333,-111.1175,6644,-7,A,"West Yellowstone, MT",70,70,70,70,3.442857142857143,7.885714285714286,8.0,22.0,"Sun, Sep 16, 2012","Sat, Sep 29, 2012"
4356,NW Arkansas Regional,Bentonville,United States,XNA,KXNA,36.2818694,-94.3068111,1287,-6,A,"Fayetteville, AR",1024,1024,1041,1041,5.797851562500002,12.912109374999996,45.0,86.0,"Sun, Sep 16, 2012","Mon, Sep 17, 2012"
6803,Yakutat,Yakutat,United States,YAK,PAYA,59.3012,-139.3937,33,-9,A,"Yakutat, AK",58,58,60,60,3.7413793103448274,6.948275862068965,6.0,20.0,"Sat, Sep  1, 2012","Sun, Sep  9, 2012"
3596,Yuma MCAS Yuma International,Yuma,United States,YUM,KYUM,32.656578,-114.60598,216,-7,N,"Yuma, AZ",227,227,229,229,3.7841409691629955,12.061674008810572,12.0,36.0,"Sun, Sep  2, 2012","Tue, Sep 25, 2012"
2883,Cyril E. King,St. Thomas,Virgin Islands,STT,TIST,18.337306,-64.973361,23,-4,U,"Charlotte Amalie, VI",165,165,165,165,4.363636363636364,13.321212121212124,12.0,34.0,"Sun, Sep  2, 2012","Thu, Sep  6, 2012"
2884,Henry E. Rohlsen,St. Croix Island,Virgin Islands,STX,TISX,17.701889,-64.798556,74,-4,U,"Christiansted, VI",60,60,60,60,3.883333333333332,11.733333333333336,15.0,21.0,"Wed, Sep 19, 2012","Tue, Sep 11, 2012"
2246,Guam International,Agana,Guam,GUM,PGUM,13.48345,144.795983,298,10,U,"Guam, TT",30,30,30,30,3.2666666666666666,13.566666666666666,8.0,24.0,"Sat, Sep 22, 2012","Sat, Sep  1, 2012"
2885,Rafael Hernndez,Aguadilla,Puerto Rico,BQN,TJBQ,18.494861,-67.129444,237,-4,U,"Aguadilla, PR",69,88,69,88,4.89855072463768,10.90909090909091,12.0,31.0,"Thu, Sep 13, 2012","Tue, Sep 11, 2012"
2889,Aeropuerto Mercedita,Ponce,Puerto Rico,PSE,TJPS,18.008306,-66.563028,29,-4,U,"Ponce, PR",57,56,57,57,5.5964912280701755,14.410714285714286,19.0,29.0,"Wed, Sep 12, 2012","Sat, Sep 22, 2012"
2890,Luis Muoz Marn International,San Juan,Puerto Rico,SJU,TJSJ,18.439417,-66.001833,9,-4,U,"San Juan, PR",1725,1786,1729,1791,5.614492753623186,12.828107502799552,33.0,53.0,"Fri, Sep 28, 2012","Sun, Sep  2, 2012"
