airport_id,name,city,country,iata_faa,iaco,latitude,longitude,altitude,zone,dst,city_state,avg_able_landings,avg_able_takeoffs,total_landings,total_takeoffs,avg_taxi_in,avg_taxi_out,longest_taxi_in,longest_taxi_out,lng_tx_in_date,lng_tx_out_date
4355,Lehigh Valley International,Allentown,United States,ABE,KABE,40.652083,-75.440806,393,-5,A,"Allentown/Bethlehem/Easton, PA",232,231,235,234,3.9051724137931036,11.034632034632034,11.0,65.0,"Wed, Aug  1, 2012","Thu, Aug  9, 2012"
3718,Abilene Regional,Abilene,United States,ABI,KABI,32.411319,-99.681897,1791,-6,A,"Abilene, TX",210,209,212,212,4.62857142857143,9.057416267942582,16.0,72.0,"Mon, Aug 13, 2012","Sat, Aug 18, 2012"
4019,Albuquerque International Sunport,Albuquerque,United States,ABQ,KABQ,35.0402222,-106.6091944,5355,-7,A,"Albuquerque, NM",2719,2721,2727,2727,5.452004413387267,10.19772142594632,53.0,67.0,"Wed, Aug 15, 2012","Tue, Aug  7, 2012"
5714,Aberdeen Regional Airport,Aberdeen,United States,ABR,KABR,45.4491,-98.4218,1302,-6,A,"Aberdeen, SD",62,62,62,62,4.564516129032258,10.82258064516129,23.0,67.0,"Fri, Aug 24, 2012","Wed, Aug 15, 2012"
5715,Southwest Georgia Regional Airport,Albany,United States,ABY,KABY,31.5355,-84.1945,197,-5,A,"Albany, GA",86,86,87,87,3.4651162790697674,13.98837209302326,9.0,78.0,"Sun, Aug 19, 2012","Wed, Aug 15, 2012"
3517,Nantucket Memorial,Nantucket,United States,ACK,KACK,41.253053,-70.060181,48,-5,A,"Nantucket, MA",93,93,93,93,4.774193548387095,15.25806451612904,13.0,71.0,"Wed, Aug 15, 2012","Wed, Aug  1, 2012"
3700,Waco Regional,Waco,United States,ACT,KACT,31.611289,-97.230519,516,-6,A,"Waco, TX",207,206,211,212,3.6231884057971016,9.495145631067965,11.0,69.0,"Fri, Aug 17, 2012","Fri, Aug 10, 2012"
4384,Arcata,Arcata CA,United States,ACV,KACV,40.978111,-124.108611,221,-8,A,"Arcata/Eureka, CA",306,304,323,323,4.091503267973857,10.463815789473676,11.0,47.0,"Fri, Aug 10, 2012","Sat, Aug 11, 2012"
5959,Adak Airport,Adak Island,United States,ADK,PADK,51.878,-176.646,18,-10,A,"Adak Island, AK",8,8,9,9,4.5,7.75,6.0,17.0,"Thu, Aug 16, 2012","Thu, Aug 30, 2012"
3531,Kodiak,Kodiak,United States,ADQ,PADQ,57.749967,-152.493856,78,-9,A,"Kodiak, AK",51,51,58,58,6.254901960784314,8.999999999999998,14.0,18.0,"Mon, Aug 20, 2012","Thu, Aug  9, 2012"
3852,Alexandria International,Alexandria,United States,AEX,KAEX,31.3274,-92.549833,89,-6,A,"Alexandria, LA",364,364,385,386,3.043956043956045,11.332417582417587,31.0,52.0,"Tue, Aug  7, 2012","Mon, Aug 13, 2012"
3658,Augusta Regional At Bush Field,Bush Field,United States,AGS,KAGS,33.369944,-81.9645,144,-5,A,"Augusta, GA",275,276,277,277,3.8181818181818206,15.985507246376812,18.0,96.0,"Mon, Aug 13, 2012","Mon, Aug 13, 2012"
3794,King Salmon,King Salmon,United States,AKN,PAKN,58.676778,-156.649278,68,-9,A,"King Salmon, AK",24,24,25,25,3.625,5.208333333333334,8.0,8.0,"Sun, Aug 19, 2012","Sat, Aug 18, 2012"
3864,Albany International,Albany,United States,ALB,KALB,42.748267,-73.801692,285,-5,A,"Albany, NY",873,873,880,880,4.193585337915234,11.958762886597937,28.0,123.0,"Wed, Aug 22, 2012","Thu, Aug  9, 2012"
5718,Waterloo Regional Airport,Waterloo,United States,ALO,KALO,42.5571,-92.4003,873,-6,A,"Waterloo, IA",56,56,58,58,3.875,9.767857142857142,7.0,25.0,"Sun, Aug 12, 2012","Wed, Aug  1, 2012"
3840,Rick Husband Amarillo International,Amarillo,United States,AMA,KAMA,35.219369,-101.705931,3607,-6,A,"Amarillo, TX",676,675,682,682,4.275147928994087,9.127407407407405,38.0,48.0,"Mon, Aug 20, 2012","Sun, Aug  5, 2012"
3774,Ted Stevens Anchorage International,Anchorage,United States,ANC,PANC,61.174361,-149.996361,152,-9,A,"Anchorage, AK",1934,1953,1974,1975,4.44467425025853,12.27700972862264,24.0,69.0,"Thu, Aug  2, 2012","Mon, Aug  6, 2012"
3838,Watertown International,Watertown,United States,ART,KART,43.991922,-76.021739,325,-5,A,"Watertown, NY",54,53,54,54,4.925925925925926,11.037735849056599,11.0,45.0,"Fri, Aug 24, 2012","Mon, Aug 13, 2012"
7001,Aspen/Pitkin County-Sardy Field,Aspen,United States,ASE,KASE,39.2232,-106.869,7820,-7,A,"Aspen, CO",421,421,424,426,3.1852731591448933,9.608076009501193,13.0,75.0,"Wed, Aug  8, 2012","Thu, Aug 16, 2012"
3682,Hartsfield Jackson Atlanta International,Atlanta,United States,ATL,KATL,33.636719,-84.428067,1026,-5,A,"Atlanta, GA",34259,34304,34724,34706,10.131585860649764,19.567630597014904,58.0,145.0,"Thu, Aug 23, 2012","Thu, Aug  9, 2012"
4047,Appleton,Appleton,United States,ATW,KATW,44.257526,-88.507576,680,-6,A,"Appleton, WI",376,375,384,384,4.069148936170213,9.650666666666673,22.0,68.0,"Tue, Aug 14, 2012","Wed, Aug 15, 2012"
3673,Austin Bergstrom International,Austin,United States,AUS,KAUS,30.194528,-97.669889,542,-6,A,"Austin, TX",3811,3806,3825,3826,5.840199422723694,11.676826064109267,47.0,101.0,"Wed, Aug 15, 2012","Sat, Aug 18, 2012"
4007,Asheville Regional Airport,Asheville,United States,AVL,KAVL,35.436194,-82.541806,2165,-5,A,"Asheville, NC",415,413,418,417,3.7012048192771085,15.271186440677965,26.0,78.0,"Wed, Aug  8, 2012","Fri, Aug 10, 2012"
4286,Wilkes Barre Scranton International,Scranton,United States,AVP,KAVP,41.338478,-75.723403,962,-5,A,"Scranton/Wilkes-Barre, PA",124,124,126,125,3.6370967741935485,10.088709677419354,18.0,26.0,"Fri, Aug 24, 2012","Thu, Aug 23, 2012"
4039,Kalamazoo,Kalamazoo,United States,AZO,KAZO,42.234875,-85.552058,874,-5,A,"Kalamazoo, MI",62,62,63,63,3.161290322580645,12.241935483870968,6.0,31.0,"Tue, Aug  7, 2012","Tue, Aug 21, 2012"
3825,Bradley International,Windsor Locks,United States,BDL,KBDL,41.938889,-72.683222,173,-5,A,"Hartford, CT",1821,1817,1840,1839,4.751784733662828,13.75343973582829,27.0,152.0,"Tue, Aug 21, 2012","Thu, Aug 16, 2012"
3599,Bethel,Bethel,United States,BET,PABE,60.779778,-161.838,121,-9,A,"Bethel, AK",70,70,85,85,4.3428571428571425,6.814285714285713,7.0,20.0,"Tue, Aug 28, 2012","Fri, Aug 17, 2012"
3558,Meadows Field,Bakersfield,United States,BFL,KBFL,35.433598,-119.05677,507,-8,A,"Bakersfield, CA",361,360,363,363,4.0193905817174524,11.727777777777767,9.0,36.0,"Sat, Aug 11, 2012","Fri, Aug 24, 2012"
3463,Bangor International,Bangor,United States,BGR,KBGR,44.807444,-68.828139,192,-5,A,"Bangor, ME",104,107,112,112,3.701923076923077,12.11214953271028,8.0,36.0,"Sat, Aug 11, 2012","Tue, Aug 28, 2012"
3811,Birmingham International,Birmingham,United States,BHM,KBHM,33.562942,-86.75355,644,-6,A,"Birmingham, AL",1489,1498,1519,1516,3.6910678307588998,12.095460614152199,43.0,105.0,"Sat, Aug  4, 2012","Mon, Aug 13, 2012"
4021,Billings Logan International Airport,Billings,United States,BIL,KBIL,45.80921,-108.537654,3652,-7,A,"Billings, MT",375,378,375,379,4.047999999999994,11.206349206349202,30.0,35.0,"Sat, Aug  4, 2012","Tue, Aug 14, 2012"
4083,Bismarck Municipal Airport,Bismarck,United States,BIS,KBIS,46.775842,-100.757931,1661,-6,A,"Bismarck/Mandan, ND",275,274,275,275,4.952727272727273,12.072992700729928,27.0,77.0,"Mon, Aug 27, 2012","Wed, Aug  1, 2012"
4287,Bemidji Regional Airport,Bemidji,United States,BJI,KBJI,47.510722,-94.934722,1391,-6,A,"Bemidji, MN",62,61,62,62,4.967741935483871,9.967213114754099,12.0,16.0,"Wed, Aug  1, 2012","Wed, Aug 29, 2012"
6962,Branson LLC,Branson,United States,BKG,KBBG,36.531994,-93.200556,1302,-6,A,"Branson, MO",162,162,163,163,5.179012345679013,10.75308641975308,15.0,73.0,"Sat, Aug 11, 2012","Sun, Aug 19, 2012"
3777,Bellingham International,Bellingham,United States,BLI,KBLI,48.792694,-122.537528,170,-8,A,"Bellingham, WA",91,91,91,91,4.582417582417584,10.901098901098901,9.0,24.0,"Sat, Aug  4, 2012","Thu, Aug 23, 2012"
4037,Central Illinois Regional,Bloomington,United States,BMI,KBMI,40.477111,-88.915917,871,-6,A,"Bloomington/Normal, IL",160,159,160,160,4.0625,10.817610062893081,16.0,44.0,"Thu, Aug  2, 2012","Mon, Aug 20, 2012"
3690,Nashville International,Nashville,United States,BNA,KBNA,36.124472,-86.678194,599,-6,A,"Nashville, TN",4758,4751,4810,4811,5.837116435477099,11.40307303725534,73.0,93.0,"Thu, Aug 16, 2012","Thu, Aug  9, 2012"
3495,Boise Air Terminal,Boise,United States,BOI,KBOI,43.564361,-116.222861,2871,-7,A,"Boise, ID",941,941,942,943,3.6524973432518597,11.341126461211484,17.0,69.0,"Sat, Aug  4, 2012","Fri, Aug 31, 2012"
3448,General Edward Lawrence Logan International,Boston,United States,BOS,KBOS,42.364347,-71.005181,19,-5,A,"Boston, MA",9041,9049,9140,9139,7.07720384913173,18.140346999668402,60.0,132.0,"Thu, Aug  9, 2012","Wed, Aug 15, 2012"
5725,Brunswick Golden Isles Airport,Brunswick,United States,BQK,KBQK,31.2588,-81.4665,26,-5,A,"Brunswick, GA",87,87,89,89,3.3908045977011496,13.264367816091953,8.0,50.0,"Wed, Aug 22, 2012","Fri, Aug 10, 2012"
3738,Brownsville South Padre Island International,Brownsville,United States,BRO,KBRO,25.906833,-97.425861,22,-6,A,"Brownsville, TX",181,182,182,183,4.226519337016576,9.983516483516482,8.0,23.0,"Sat, Aug  4, 2012","Mon, Aug 20, 2012"
3571,Wiley Post Will Rogers Memorial,Barrow,United States,BRW,PABR,71.285446,-156.766003,44,-9,A,"Barrow, AK",64,68,71,71,4.218750000000001,6.720588235294118,8.0,30.0,"Sat, Aug 25, 2012","Wed, Aug 29, 2012"
4022,Bert Mooney Airport,Butte,United States,BTM,KBTM,45.954806,-112.497472,5550,-7,A,"Butte, MT",62,62,62,62,4.064516129032259,9.048387096774192,7.0,27.0,"Sun, Aug 19, 2012","Tue, Aug  7, 2012"
3846,Baton Rouge Metro-Ryan Field,Baton Rouge,United States,BTR,KBTR,30.533167,-91.149639,70,-6,A,"Baton Rouge, LA",699,695,764,764,4.755364806866951,11.446043165467609,32.0,120.0,"Tue, Aug  7, 2012","Sun, Aug  5, 2012"
3711,Burlington International,Burlington,United States,BTV,KBTV,44.471861,-73.153278,335,-5,A,"Burlington, VT",332,329,333,331,4.250000000000002,13.194528875379943,25.0,86.0,"Sat, Aug 25, 2012","Mon, Aug 27, 2012"
3820,Buffalo Niagara International,Buffalo,United States,BUF,KBUF,42.940525,-78.732167,724,-5,A,"Buffalo, NY",2076,2071,2095,2094,4.3280346820809275,11.390632544664417,88.0,110.0,"Wed, Aug  1, 2012","Sun, Aug  5, 2012"
3644,Bob Hope,Burbank,United States,BUR,KBUR,34.200667,-118.358667,778,-8,A,"Burbank, CA",2199,2200,2236,2236,2.841746248294676,11.365000000000002,31.0,85.0,"Wed, Aug 15, 2012","Sat, Aug  4, 2012"
3849,Baltimore Washington International,Baltimore,United States,BWI,KBWI,39.175361,-76.668333,146,-5,A,"Baltimore, MD",8925,8926,9009,9008,6.620280112044808,13.83083127940848,81.0,132.0,"Tue, Aug 14, 2012","Sun, Aug 26, 2012"
4020,Gallatin Field,Bozeman,United States,BZN,KBZN,45.777643,-111.160151,4500,-7,A,"Bozeman, MT",513,514,514,517,4.830409356725143,13.208171206225677,28.0,45.0,"Sat, Aug  4, 2012","Wed, Aug  1, 2012"
3561,Columbia Metropolitan,Colombia,United States,CAE,KCAE,33.938833,-81.119528,236,-5,A,"Columbia, SC",536,537,547,547,4.085820895522387,13.314711359404097,26.0,67.0,"Thu, Aug  9, 2012","Thu, Aug  9, 2012"
4112,Akron Canton Regional Airport,Akron,United States,CAK,KCAK,40.9160833,-81.4421944,1228,-5,A,"Akron, OH",696,696,698,700,5.367816091954022,11.280172413793107,20.0,107.0,"Wed, Aug  1, 2012","Wed, Aug 15, 2012"
3824,Cedar City Regional,Cedar City,United States,CDC,KCDC,37.700967,-113.098847,5622,-7,A,"Cedar City, UT",54,54,54,54,4.037037037037037,11.333333333333334,8.0,24.0,"Tue, Aug  7, 2012","Sat, Aug 18, 2012"
3610,Merle K. Mudhole Smith,Cordova,United States,CDV,PACV,60.491778,-145.477556,48,-9,A,"Cordova, AK",62,62,62,62,3.4193548387096775,9.032258064516133,5.0,24.0,"Wed, Aug  1, 2012","Mon, Aug 20, 2012"
5727,Del Norte County Airport,Crescent City,United States,CEC,KCEC,41.7802,-124.237,57,-8,A,"Crescent City, CA",83,83,89,89,3.433734939759036,13.228915662650602,6.0,37.0,"Tue, Aug  7, 2012","Sun, Aug  5, 2012"
3578,Lovell Field,Chattanooga,United States,CHA,KCHA,35.035278,-85.203808,683,-5,A,"Chattanooga, TN",420,421,422,423,3.800000000000001,14.662707838479788,29.0,60.0,"Fri, Aug  3, 2012","Mon, Aug 20, 2012"
4015,Charlottesville-Albemarle,Charlottesville VA,United States,CHO,KCHO,38.138639,-78.452861,639,-5,A,"Charlottesville, VA",151,151,151,151,3.165562913907285,12.24503311258278,10.0,55.0,"Tue, Aug 14, 2012","Wed, Aug 22, 2012"
3806,Charleston AFB International,Charleston,United States,CHS,KCHS,32.898647,-80.040528,45,-5,A,"Charleston, SC",1217,1217,1236,1237,4.826622843056693,13.259654889071484,38.0,128.0,"Fri, Aug 10, 2012","Mon, Aug 27, 2012"
3710,Chico Municipal,Chico,United States,CIC,KCIC,39.795383,-121.858422,238,-8,A,"Chico, CA",111,109,116,116,3.675675675675676,12.889908256880734,10.0,73.0,"Thu, Aug  9, 2012","Sat, Aug 25, 2012"
4043,Cedar Rapids,Cedar Rapids,United States,CID,KCID,41.884694,-91.710806,869,-6,A,"Cedar Rapids/Iowa City, IA",676,673,681,681,4.761834319526628,9.150074294205062,27.0,63.0,"Thu, Aug 16, 2012","Sat, Aug 18, 2012"
4088,McClellan-Palomar Airport,Carlsbad,United States,CLD,KCRQ,33.0742,-117.1648,328,-8,A,"Carlsbad, CA",195,195,201,201,3.8615384615384616,10.779487179487175,7.0,40.0,"Fri, Aug 24, 2012","Fri, Aug  3, 2012"
3486,Cleveland Hopkins International,Cleveland,United States,CLE,KCLE,41.411689,-81.849794,791,-5,A,"Cleveland, OH",4089,4091,4132,4131,5.855465884079232,12.18430701539964,41.0,76.0,"Sat, Aug  4, 2012","Wed, Aug 15, 2012"
3715,Easterwood Field,College Station,United States,CLL,KCLL,30.588583,-96.363833,321,-6,A,"College Station/Bryan, TX",225,225,227,227,4.773333333333335,8.173333333333332,16.0,73.0,"Fri, Aug 17, 2012","Sat, Aug 18, 2012"
3876,Charlotte Douglas International,Charlotte,United States,CLT,KCLT,35.214,-80.943139,748,-5,A,"Charlotte, NC",11254,11275,11383,11383,8.843433445885891,18.95707317073164,104.0,140.0,"Tue, Aug  7, 2012","Mon, Aug  6, 2012"
3759,Port Columbus International,Columbus,United States,CMH,KCMH,39.997972,-82.891889,815,-5,A,"Columbus, OH",2511,2512,2544,2545,4.976105137395454,11.871019108280242,96.0,146.0,"Thu, Aug  9, 2012","Sun, Aug  5, 2012"
4049,Champaign,Champaign,United States,CMI,KCMI,40.03925,-88.278056,754,-6,A,"Champaign/Urbana, IL",211,210,212,212,3.5450236966824646,9.84285714285714,14.0,35.0,"Sun, Aug  5, 2012","Mon, Aug 20, 2012"
5732,Houghton County Memorial Airport,Hancock,United States,CMX,KCMX,47.1684,-88.4891,1095,-5,A,"Hancock/Houghton, MI",62,61,62,62,4.080645161290325,10.40983606557377,6.0,28.0,"Thu, Aug 30, 2012","Tue, Aug 28, 2012"
4344,Yellowstone Regional,Cody,United States,COD,KCOD,44.520194,-109.023806,5102,-7,A,"Cody, WY",118,119,119,120,4.1779661016949134,12.53781512605042,7.0,41.0,"Sun, Aug 26, 2012","Tue, Aug 21, 2012"
3819,City Of Colorado Springs Municipal,Colorado Springs,United States,COS,KCOS,38.805805,-104.700778,6187,-7,A,"Colorado Springs, CO",1094,1091,1099,1100,6.262340036563068,15.186984417965169,34.0,97.0,"Wed, Aug  8, 2012","Thu, Aug  9, 2012"
3719,Columbia Regional,Columbia,United States,COU,KCOU,38.818094,-92.219631,889,-6,A,"Columbia, MO",83,83,83,83,3.4337349397590353,10.012048192771084,11.0,40.0,"Fri, Aug 31, 2012","Mon, Aug 27, 2012"
3872,Natrona County International,Casper,United States,CPR,KCPR,42.908,-106.464417,5347,-7,A,"Casper, WY",206,205,207,207,4.169902912621359,10.058536585365845,7.0,29.0,"Wed, Aug  1, 2012","Wed, Aug  1, 2012"
3744,Corpus Christi International,Corpus Christi,United States,CRP,KCRP,27.770361,-97.501222,44,-6,A,"Corpus Christi, TX",614,614,617,618,3.8908794788273617,9.630293159609113,22.0,58.0,"Fri, Aug 17, 2012","Wed, Aug  8, 2012"
4285,Yeager,Charleston,United States,CRW,KCRW,38.373147,-81.593189,981,-5,A,"Charleston/Dunbar, WV",317,317,325,325,4.116719242902209,11.264984227129343,36.0,87.0,"Wed, Aug 22, 2012","Mon, Aug 13, 2012"
4255,Columbus Metropolitan Airport,Columbus,United States,CSG,KCSG,32.5163333,-84.9388611,397,-5,A,"Columbus, GA",180,180,183,183,4.355555555555556,12.294444444444443,21.0,86.0,"Sun, Aug 19, 2012","Wed, Aug 15, 2012"
3488,Cincinnati Northern Kentucky International,Cincinnati,United States,CVG,KCVG,39.048836,-84.667822,896,-5,A,"Cincinnati, OH",2467,2468,2517,2515,5.635184434535876,12.887763371150736,39.0,94.0,"Sun, Aug 12, 2012","Thu, Aug 16, 2012"
4045,Central Wisconsin,Wassau,United States,CWA,KCWA,44.772726,-89.646635,840,-6,A,"Mosinee, WI",147,146,150,150,3.557823129251701,8.14383561643836,24.0,56.0,"Wed, Aug  8, 2012","Thu, Aug  9, 2012"
3950,Daytona Beach International,Daytona Beach,United States,DAB,KDAB,29.179917,-81.058056,34,-5,A,"Daytona Beach, FL",135,136,135,136,4.666666666666666,15.647058823529406,9.0,49.0,"Wed, Aug 15, 2012","Fri, Aug 10, 2012"
3502,Dallas Love Field,Dallas,United States,DAL,KDAL,32.847111,-96.851778,487,-6,A,"Dallas, TX",3820,3820,3877,3874,3.9861256544502623,9.72696335078533,32.0,65.0,"Wed, Aug 22, 2012","Mon, Aug 27, 2012"
3627,James M. Cox Dayton International,Dayton,United States,DAY,KDAY,39.902375,-84.219375,1009,-5,A,"Dayton, OH",1060,1059,1072,1072,5.558490566037735,12.523135033050048,37.0,87.0,"Mon, Aug 27, 2012","Thu, Aug  2, 2012"
3520,Ronald Reagan Washington National,Washington,United States,DCA,KDCA,38.852083,-77.037722,15,-5,A,"Washington, DC",6155,6159,6303,6304,5.4809098294069765,18.354603019970835,63.0,152.0,"Thu, Aug 23, 2012","Sun, Aug 26, 2012"
3751,Denver International,Denver,United States,DEN,KDEN,39.861656,-104.673178,5431,-7,A,"Denver, CO",21619,21663,21763,21765,8.33637078495755,13.991506254904676,115.0,91.0,"Wed, Aug 29, 2012","Sun, Aug 26, 2012"
3670,Dallas Fort Worth International,Dallas-fort Worth,United States,DFW,KDFW,32.896828,-97.037997,607,-6,A,"Dallas/Fort Worth, TX",23494,23506,23900,23889,9.042138418319599,15.385944014294228,102.0,161.0,"Sun, Aug 12, 2012","Sat, Aug 18, 2012"
3739,Dothan Regional,Dothan,United States,DHN,KDHN,31.321339,-85.449628,401,-6,A,"Dothan, AL",119,118,120,120,3.0,17.228813559322035,8.0,41.0,"Wed, Aug 22, 2012","Fri, Aug 17, 2012"
3460,Dillingham,Dillingham,United States,DLG,PADL,59.044667,-158.5055,74,-9,A,"Dillingham, AK",25,25,25,25,3.72,6.84,6.0,19.0,"Tue, Aug 14, 2012","Fri, Aug 17, 2012"
3598,Duluth International,Duluth,United States,DLH,KDLH,46.842091,-92.193649,1428,-6,A,"Duluth, MN",188,187,188,188,5.6170212765957475,10.775401069518718,23.0,30.0,"Thu, Aug 16, 2012","Thu, Aug  2, 2012"
3713,Durango La Plata County,Durango,United States,DRO,KDRO,37.151516,-107.75377,6685,-7,A,"Durango, CO",181,180,184,184,4.718232044198895,9.455555555555556,9.0,25.0,"Tue, Aug 14, 2012","Sun, Aug 19, 2012"
3792,Del Rio International,Del Rio,United States,DRT,KDRT,29.374208,-100.927158,1002,-6,A,"Del Rio, TX",61,60,62,62,4.639344262295081,11.049999999999995,11.0,39.0,"Wed, Aug 15, 2012","Fri, Aug 31, 2012"
3729,Des Moines International,Des Moines,United States,DSM,KDSM,41.533972,-93.663083,958,-6,A,"Des Moines, IA",899,899,911,911,4.8765294771968914,11.41601779755283,39.0,64.0,"Wed, Aug  8, 2012","Thu, Aug 30, 2012"
3645,Detroit Metro Wayne County,Detroit,United States,DTW,KDTW,42.212444,-83.353389,645,-5,A,"Detroit, MI",8049,8052,8132,8131,8.443906075288844,17.84041231992054,66.0,121.0,"Wed, Aug  1, 2012","Wed, Aug 15, 2012"
5735,Chippewa Valley Regional Airport,Eau Claire,United States,EAU,KEAU,44.8658,-91.4843,913,-6,A,"Eau Claire, WI",62,61,62,62,3.935483870967741,13.688524590163935,20.0,67.0,"Sun, Aug 26, 2012","Thu, Aug  9, 2012"
7669,Northwest Florida Beaches International,Panama City,United States,ECP,KECP,30.3417,-85.7973,69,-6,A,"Panama City, FL",534,534,538,538,3.720973782771536,11.700374531835209,74.0,145.0,"Sun, Aug  5, 2012","Mon, Aug 13, 2012"
4250,Eagle County Regional,Vail,United States,EGE,KEGE,39.642556,-106.917694,6540,-7,A,"Eagle, CO",93,93,93,93,4.333333333333332,9.526881720430108,7.0,19.0,"Fri, Aug 17, 2012","Mon, Aug 20, 2012"
5736,Elko Regional Airport,Elko,United States,EKO,KEKO,40.8249,-115.792,5140,-8,A,"Elko, NV",84,84,85,85,3.904761904761906,10.571428571428571,8.0,33.0,"Mon, Aug 20, 2012","Sat, Aug  4, 2012"
3946,Elmira Corning Regional,Elmira,United States,ELM,KELM,42.159889,-76.891611,954,-5,A,"Elmira/Corning, NY",119,119,120,120,3.319327731092437,11.563025210084033,6.0,91.0,"Mon, Aug 20, 2012","Wed, Aug  1, 2012"
3559,El Paso International,El Paso,United States,ELP,KELP,31.80725,-106.377583,3958,-7,A,"El Paso, TX",1762,1761,1768,1769,4.170261066969348,11.592844974446342,31.0,84.0,"Wed, Aug  8, 2012","Thu, Aug  9, 2012"
4099,Mahlon Sweet Field,Eugene,United States,EUG,KEUG,44.124583,-123.211972,374,-8,A,"Eugene, OR",487,488,493,494,4.570841889117043,12.022540983606557,27.0,59.0,"Tue, Aug 21, 2012","Mon, Aug 27, 2012"
4018,Evansville Regional,Evansville,United States,EVV,KEVV,38.036997,-87.532364,418,-6,A,"Evansville, IN",340,336,348,346,3.494117647058824,12.169642857142858,7.0,122.0,"Wed, Aug  1, 2012","Thu, Aug  9, 2012"
3730,Craven County Regional,New Bern,United States,EWN,KEWN,35.072972,-77.042944,18,-5,A,"New Bern/Morehead/Beaufort, NC",93,93,93,93,3.0537634408602163,8.741935483870964,7.0,19.0,"Thu, Aug  9, 2012","Wed, Aug 15, 2012"
3494,Newark Liberty International,Newark,United States,EWR,KEWR,40.6925,-74.168667,18,-5,A,"Newark, NJ",10513,10393,10873,10749,9.824217635308678,22.67247185605697,87.0,144.0,"Wed, Aug 15, 2012","Fri, Aug 10, 2012"
3875,Key West International,Key West,United States,EYW,KEYW,24.556111,-81.759556,3,-5,A,"Key West, FL",145,145,155,155,3.2896551724137932,8.558620689655179,7.0,63.0,"Fri, Aug  3, 2012","Tue, Aug 21, 2012"
3832,Fairbanks International,Fairbanks,United States,FAI,PAFA,64.815114,-147.856267,434,-9,A,"Fairbanks, AK",476,478,478,479,3.6785714285714293,10.384937238493732,11.0,41.0,"Wed, Aug 15, 2012","Tue, Aug 14, 2012"
4292,Hector International Airport,Fargo,United States,FAR,KFAR,46.92065,-96.8157639,902,-6,A,"Fargo, ND",436,434,439,438,4.3165137614678875,11.836405529953922,13.0,74.0,"Sat, Aug 11, 2012","Tue, Aug 14, 2012"
3687,Fresno Yosemite International,Fresno,United States,FAT,KFAT,36.776194,-119.71814,336,-8,A,"Fresno, CA",1037,1037,1044,1044,4.070395371263264,12.245901639344263,24.0,83.0,"Tue, Aug  7, 2012","Sat, Aug  4, 2012"
5738,Fayetteville Regional-Grannis Field,Fayetteville,United States,FAY,KFAY,34.9912,-78.8803,189,-5,A,"Fayetteville, NC",263,263,265,265,4.61596958174905,12.87832699619772,26.0,94.0,"Thu, Aug  9, 2012","Thu, Aug 30, 2012"
4127,Glacier Park International,Kalispell,United States,FCA,KFCA,48.310472,-114.256,2977,-7,A,"Kalispell, MT",327,326,327,327,4.220183486238535,13.076687116564417,20.0,47.0,"Sat, Aug  4, 2012","Fri, Aug 31, 2012"
4261,Flagstaff Pulliam Airport,Flagstaff,United States,FLG,KFLG,35.140318,-111.6692392,7015,-7,N,"Flagstaff, AZ",161,160,163,163,4.093167701863354,13.600000000000003,17.0,49.0,"Sat, Aug 25, 2012","Sun, Aug  5, 2012"
3533,Fort Lauderdale Hollywood International,Fort Lauderdale,United States,FLL,KFLL,26.072583,-80.15275,9,-5,A,"Fort Lauderdale, FL",5195,5193,5289,5291,4.3742059672762235,17.439052570768332,101.0,128.0,"Fri, Aug  3, 2012","Mon, Aug 27, 2012"
4089,Bishop International,Flint,United States,FNT,KFNT,42.965424,-83.743629,782,-5,A,"Flint, MI",294,295,294,295,4.761904761904763,9.959322033898308,9.0,35.0,"Sun, Aug 26, 2012","Tue, Aug 21, 2012"
4009,Sioux Falls,Sioux Falls,United States,FSD,KFSD,43.582014,-96.741914,1429,-6,A,"Sioux Falls, SD",426,429,430,433,5.122065727699537,12.909090909090905,33.0,90.0,"Sat, Aug 11, 2012","Wed, Aug  1, 2012"
3437,Fort Smith Regional,Fort Smith,United States,FSM,KFSM,35.336583,-94.367444,469,-6,A,"Fort Smith, AR",208,208,212,212,3.423076923076923,9.504807692307697,11.0,31.0,"Fri, Aug 31, 2012","Thu, Aug 16, 2012"
4041,Fort Wayne,Fort Wayne,United States,FWA,KFWA,40.978472,-85.195139,815,-5,A,"Fort Wayne, IN",345,345,348,348,3.878260869565217,10.672463768115934,29.0,67.0,"Thu, Aug  2, 2012","Thu, Aug  9, 2012"
4296,Gillette-Campbell County Airport,Gillette,United States,GCC,KGCC,44.3489167,-105.5393611,4365,-7,A,"Gillette, WY",150,149,151,151,4.426666666666667,12.154362416107386,18.0,56.0,"Thu, Aug  9, 2012","Tue, Aug 28, 2012"
3497,Garden City Regional,Garden City,United States,GCK,KGCK,37.927528,-100.724417,2891,-6,A,"Garden City, KS",62,62,62,62,4.225806451612901,8.580645161290322,23.0,16.0,"Mon, Aug 13, 2012","Thu, Aug 30, 2012"
3467,Spokane International,Spokane,United States,GEG,KGEG,47.619861,-117.533833,2376,-8,A,"Spokane, WA",954,955,958,958,4.245283018867926,10.714136125654434,30.0,46.0,"Sat, Aug 11, 2012","Thu, Aug 16, 2012"
3442,Grand Forks International,Grand Forks,United States,GFK,KGFK,47.949256,-97.176111,845,-6,A,"Grand Forks, ND",169,169,169,169,4.461538461538457,10.88757396449704,9.0,77.0,"Sun, Aug 26, 2012","Wed, Aug 15, 2012"
3465,East Texas Regional,Longview,United States,GGG,KGGG,32.384014,-94.711486,365,-6,A,"Longview, TX",60,60,61,61,4.75,8.066666666666665,15.0,31.0,"Wed, Aug  1, 2012","Wed, Aug  8, 2012"
4063,Grand Junction Regional,Grand Junction,United States,GJT,KGJT,39.122413,-108.526735,4858,-7,A,"Grand Junction, CO",452,448,457,455,3.6946902654867255,11.93526785714286,13.0,43.0,"Mon, Aug 20, 2012","Sun, Aug  5, 2012"
3472,Gainesville Regional,Gainesville,United States,GNV,KGNV,29.690056,-82.271778,152,-5,A,"Gainesville, FL",249,249,255,255,3.5502008032128516,11.927710843373495,21.0,43.0,"Wed, Aug 22, 2012","Mon, Aug 13, 2012"
4038,Gulfport-Biloxi,Gulfport,United States,GPT,KGPT,30.407278,-89.070111,28,-6,A,"Gulfport/Biloxi, MS",384,379,423,423,4.554687499999997,11.852242744063325,31.0,99.0,"Sun, Aug  5, 2012","Sun, Aug  5, 2012"
3653,Austin Straubel International,Green Bay,United States,GRB,KGRB,44.485072,-88.129589,695,-6,A,"Green Bay, WI",317,318,325,326,3.5993690851735014,9.345911949685535,7.0,68.0,"Thu, Aug  2, 2012","Thu, Aug  9, 2012"
5740,Central Nebraska Regional Airport,Grand Island,United States,GRI,KGRI,40.9675,-98.3096,1847,-6,A,"Grand Island, NE",58,58,58,58,3.310344827586207,8.517241379310345,8.0,14.0,"Thu, Aug  9, 2012","Tue, Aug 14, 2012"
3775,Robert Gray AAF,Killeen,United States,GRK,KGRK,31.06725,-97.828917,1015,-6,A,"Killeen, TX",474,475,481,481,4.0295358649788975,9.096842105263146,54.0,41.0,"Sat, Aug 18, 2012","Sat, Aug  4, 2012"
3685,Gerald R. Ford International,Grand Rapids,United States,GRR,KGRR,42.880833,-85.522806,794,-5,A,"Grand Rapids, MI",852,854,858,861,4.354460093896711,11.460187353629978,39.0,49.0,"Thu, Aug 16, 2012","Sun, Aug  5, 2012"
4008,Piedmont Triad,Greensboro,United States,GSO,KGSO,36.09775,-79.937306,925,-5,A,"Greensboro/High Point, NC",856,856,878,877,4.432242990654207,14.429906542056086,29.0,83.0,"Fri, Aug  3, 2012","Sun, Aug 26, 2012"
4034,Greenville-Spartanburg International,Greenville,United States,GSP,KGSP,34.895556,-82.218889,964,-5,A,"Greer, SC",815,813,828,828,3.788957055214724,12.420664206642066,24.0,97.0,"Mon, Aug 13, 2012","Sun, Aug 19, 2012"
5960,Gustavus Airport,Gustavus,United States,GST,PAGS,58.4253,-135.707,34,-9,A,"Gustavus, AK",24,24,25,25,4.458333333333334,7.958333333333333,6.0,22.0,"Tue, Aug 14, 2012","Fri, Aug 17, 2012"
3880,Great Falls International,Great Falls,United States,GTF,KGTF,47.482,-111.370689,3677,-7,A,"Great Falls, MT",180,179,180,180,4.394444444444443,9.832402234636874,11.0,20.0,"Fri, Aug 24, 2012","Sun, Aug 12, 2012"
4273,Golden Triangle Regional Airport,Columbus Mississippi,United States,GTR,KGTR,33.450333,-88.591361,264,-6,A,"Columbus, MS",87,87,89,89,3.0,13.827586206896552,5.0,59.0,"Mon, Aug 27, 2012","Tue, Aug  7, 2012"
7051,Gunnison - Crested Butte,Gunnison,United States,GUC,KGUC,38.533889,-106.933056,7678,-7,A,"Gunnison, CO",58,58,58,58,3.913793103448276,12.086206896551724,7.0,39.0,"Wed, Aug  1, 2012","Wed, Aug 29, 2012"
4339,Yampa Valley,Hayden,United States,HDN,KHDN,40.481181,-107.21766,6602,-7,A,"Hayden, CO",112,112,112,112,3.669642857142857,11.491071428571429,6.0,34.0,"Sat, Aug 25, 2012","Wed, Aug 22, 2012"
3504,Helena Regional,Helena,United States,HLN,KHLN,46.606806,-111.98275,3877,-7,A,"Helena, MT",148,147,149,149,3.925675675675676,12.102040816326529,11.0,44.0,"Mon, Aug 20, 2012","Wed, Aug  1, 2012"
3728,Honolulu International,Honolulu,United States,HNL,PHNL,21.318681,-157.922428,13,-10,N,"Honolulu, HI",4900,4905,4961,4959,6.464693877551012,13.813659531090723,45.0,75.0,"Thu, Aug  9, 2012","Sun, Aug 12, 2012"
3749,Lea County Regional,Hobbs,United States,HOB,KHOB,32.687528,-103.217028,3661,-7,A,"Hobbs, NM",51,51,52,52,4.372549019607843,10.941176470588236,9.0,21.0,"Fri, Aug 24, 2012","Tue, Aug 14, 2012"
3566,William P. Hobby,Houston,United States,HOU,KHOU,29.645419,-95.278889,46,-6,A,"Houston, TX",4574,4583,4648,4649,5.948622649759504,9.052367444905084,41.0,111.0,"Fri, Aug 24, 2012","Sun, Aug  5, 2012"
3589,Westchester County,White Plains,United States,HPN,KHPN,41.066959,-73.707575,439,-5,A,"White Plains, NY",644,643,653,652,6.186335403726707,14.740279937791597,45.0,158.0,"Sun, Aug  5, 2012","Thu, Aug  9, 2012"
3560,Valley International,Harlingen,United States,HRL,KHRL,26.2285,-97.654389,36,-6,A,"Harlingen/San Benito, TX",349,349,350,349,2.83094555873926,8.103151862464179,7.0,28.0,"Mon, Aug 27, 2012","Thu, Aug 23, 2012"
4113,Huntsville International Airport-Carl T. Jones Field,Huntsville,United States,HSV,KHSV,34.6371944,-86.7750556,629,-6,A,"Huntsville, AL",689,688,692,694,5.296081277213355,14.43313953488372,24.0,70.0,"Fri, Aug 24, 2012","Fri, Aug 10, 2012"
3714,Washington Dulles International,Washington,United States,IAD,KIAD,38.944533,-77.455811,313,-5,A,"Washington, DC",6354,6368,6506,6502,6.869845766446337,17.284233668341688,85.0,155.0,"Tue, Aug 28, 2012","Sun, Aug 26, 2012"
3550,George Bush Intercontinental Houston,Houston,United States,IAH,KIAH,29.984433,-95.341442,97,-6,A,"Houston, TX",16027,16024,16254,16226,7.162163848505639,16.290127309036457,62.0,149.0,"Sat, Aug 18, 2012","Sun, Aug  5, 2012"
3457,Wichita Mid Continent,Wichita,United States,ICT,KICT,37.649944,-97.433056,1333,-6,A,"Wichita, KS",915,915,924,925,5.118032786885239,11.250273224043708,25.0,34.0,"Tue, Aug 21, 2012","Tue, Aug 14, 2012"
4100,Idaho Falls Regional,Idaho Falls,United States,IDA,KIDA,43.514556,-112.07075,4744,-7,A,"Idaho Falls, ID",309,308,311,311,4.268608414239484,10.827922077922079,7.0,42.0,"Sun, Aug  5, 2012","Sun, Aug 12, 2012"
3845,Wilmington International,Wilmington,United States,ILM,KILM,34.270615,-77.902569,32,-5,A,"Wilmington, NC",300,300,301,301,3.0466666666666664,12.273333333333333,18.0,44.0,"Wed, Aug 22, 2012","Sun, Aug 19, 2012"
3585,Indianapolis International,Indianapolis,United States,IND,KIND,39.717331,-86.294383,797,-5,A,"Indianapolis, IN",2336,2335,2356,2357,5.444777397260278,12.40985010706637,77.0,99.0,"Wed, Aug  8, 2012","Thu, Aug  9, 2012"
3689,Imperial County,Imperial,United States,IPL,KIPL,32.834219,-115.578744,-54,-8,A,"El Centro, CA",62,62,62,63,3.14516129032258,13.09677419354839,7.0,23.0,"Sun, Aug  5, 2012","Tue, Aug 14, 2012"
3857,Long Island MacArthur,Islip,United States,ISP,KISP,40.79525,-73.100222,99,-5,A,"Islip, NY",477,476,485,484,4.324947589098536,8.777310924369733,26.0,33.0,"Wed, Aug 15, 2012","Thu, Aug  9, 2012"
3415,Hilo International,Hilo,United States,ITO,PHTO,19.721375,-155.048469,38,-10,N,"Hilo, HI",625,624,627,627,5.211199999999999,8.575320512820518,10.0,39.0,"Sun, Aug 19, 2012","Tue, Aug 14, 2012"
7120,Inyokern Airport,Inyokern,United States,IYK,KIYK,35.658889,-117.829444,2455,-8,A,"Inyokern, CA",60,59,61,61,4.383333333333331,12.932203389830509,7.0,51.0,"Mon, Aug 20, 2012","Thu, Aug 23, 2012"
4027,Jackson Hole Airport,Jacksn Hole,United States,JAC,KJAC,43.60733333,-110.73775,6451,-7,A,"Jackson, WY",455,458,459,462,3.67032967032967,14.799126637554584,23.0,42.0,"Sun, Aug 26, 2012","Mon, Aug 27, 2012"
3580,Jackson Evers International,Jackson,United States,JAN,KJAN,32.311167,-90.075889,346,-6,A,"Jackson/Vicksburg, MS",765,764,784,785,5.005228758169938,12.028795811518332,75.0,80.0,"Thu, Aug  9, 2012","Sat, Aug 18, 2012"
3712,Jacksonville International,Jacksonville,United States,JAX,KJAX,30.494056,-81.687861,30,-5,A,"Jacksonville, FL",2040,2037,2055,2057,4.948039215686271,13.116838487972503,40.0,100.0,"Thu, Aug 23, 2012","Sat, Aug 18, 2012"
3797,John F. Kennedy International,New York,United States,JFK,KJFK,40.639751,-73.778925,13,-5,A,"New York, NY",8665,8674,8758,8759,9.562492787074428,27.508761816924167,103.0,169.0,"Wed, Aug 15, 2012","Thu, Aug  9, 2012"
4354,Joplin Regional,Joplin,United States,JLN,KJLN,37.151814,-94.498269,981,-6,A,"Joplin, MO",61,61,62,62,3.8688524590163933,8.885245901639342,6.0,21.0,"Thu, Aug 16, 2012","Thu, Aug  2, 2012"
3492,Juneau International,Juneau,United States,JNU,PAJN,58.354972,-134.576278,21,-9,A,"Juneau, AK",466,468,470,471,3.727467811158798,12.574786324786325,10.0,55.0,"Thu, Aug  2, 2012","Sun, Aug 12, 2012"
3514,Kona International At Keahole,Kona,United States,KOA,PHKO,19.738767,-156.045631,47,-10,N,"Kona, HI",1141,1139,1157,1158,4.620508326029794,9.905179982440739,12.0,35.0,"Fri, Aug 10, 2012","Mon, Aug 27, 2012"
3808,Ketchikan International,Ketchikan,United States,KTN,PAKT,55.355556,-131.71375,88,-9,A,"Ketchikan, AK",232,231,233,233,4.176724137931035,10.238095238095234,13.0,26.0,"Sun, Aug 12, 2012","Tue, Aug  7, 2012"
3544,Capital City,Lansing,United States,LAN,KLAN,42.7787,-84.587357,861,-5,A,"Lansing, MI",138,136,144,144,4.094202898550725,11.154411764705882,14.0,46.0,"Sun, Aug 26, 2012","Mon, Aug 20, 2012"
3877,McCarran International,Las Vegas,United States,LAS,KLAS,36.080056,-115.15225,2141,-8,A,"Las Vegas, NV",12193,12172,12255,12246,7.2617895513819395,14.439369043706892,121.0,88.0,"Wed, Aug 22, 2012","Sun, Aug 26, 2012"
4256,Lawton-Fort Sill Regional Airport,Lawton,United States,LAW,KLAW,34.5677144,-98.4166367,1110,-6,A,"Lawton/Fort Sill, OK",164,163,166,166,4.182926829268292,10.128834355828221,9.0,119.0,"Fri, Aug  3, 2012","Wed, Aug 22, 2012"
3484,Los Angeles International,Los Angeles,United States,LAX,KLAX,33.942536,-118.408075,126,-8,A,"Los Angeles, CA",19953,19967,20120,20119,10.631834811807781,16.47368157459806,94.0,112.0,"Tue, Aug 21, 2012","Sun, Aug 26, 2012"
3829,Lubbock Preston Smith International,Lubbock,United States,LBB,KLBB,33.663639,-101.822778,3282,-6,A,"Lubbock, TX",687,685,691,690,3.656477438136828,9.623357664233586,9.0,51.0,"Sat, Aug  4, 2012","Wed, Aug  8, 2012"
3513,Lake Charles Regional,Lake Charles,United States,LCH,KLCH,30.126112,-93.223335,15,-6,A,"Lake Charles, LA",174,174,179,178,4.557471264367817,9.431034482758625,8.0,41.0,"Tue, Aug 21, 2012","Thu, Aug  9, 2012"
4017,Blue Grass,Lexington KY,United States,LEX,KLEX,38.0365,-84.605889,979,-5,A,"Lexington, KY",540,539,545,543,4.353703703703705,13.116883116883118,39.0,71.0,"Thu, Aug  9, 2012","Sun, Aug  5, 2012"
3493,Lafayette Regional,Lafayette,United States,LFT,KLFT,30.205278,-91.987611,43,-6,A,"Lafayette, LA",502,498,539,541,4.408366533864548,12.066265060240964,24.0,65.0,"Sun, Aug 26, 2012","Sun, Aug  5, 2012"
3697,LaGuardia Airport,New York,United States,LGA,KLGA,40.777245,-73.872608,22,-5,A,"New York, NY",8929,8939,9284,9280,9.391757195654609,29.025953686094695,91.0,171.0,"Fri, Aug 17, 2012","Fri, Aug 10, 2012"
3582,Long Beach,Long Beach,United States,LGB,KLGB,33.817722,-118.151611,60,-8,A,"Long Beach, CA",1343,1343,1346,1346,4.055845122859261,12.316455696202548,20.0,48.0,"Sun, Aug 12, 2012","Wed, Aug 22, 2012"
3602,Lihue,Lihue,United States,LIH,PHLI,21.975983,-159.338958,153,-10,N,"Lihue, HI",1198,1196,1222,1222,5.457429048414024,8.321070234113687,19.0,53.0,"Sun, Aug 12, 2012","Sat, Aug 18, 2012"
3660,Adams Field,Little Rock,United States,LIT,KLIT,34.729444,-92.224306,262,-6,A,"Little Rock, AR",1354,1352,1362,1365,5.219350073855243,11.150887573964484,32.0,100.0,"Mon, Aug  6, 2012","Mon, Aug 13, 2012"
5750,Klamath Falls Airport,Klamath Falls,United States,LMT,KLMT,42.1561,-121.733,4095,-8,A,"Klamath Falls, OR",62,62,62,62,3.3548387096774195,9.09677419354839,5.0,22.0,"Wed, Aug  8, 2012","Fri, Aug 31, 2012"
3543,Lincoln,Lincoln,United States,LNK,KLNK,40.850971,-96.75925,1219,-6,A,"Lincoln, NE",237,237,244,243,3.9282700421940935,9.067510548523211,21.0,65.0,"Sun, Aug 12, 2012","Thu, Aug 16, 2012"
3691,Laredo International,Laredo,United States,LRD,KLRD,27.54375,-99.461556,508,-6,A,"Laredo, TX",207,207,209,209,3.2560386473429945,10.057971014492749,14.0,24.0,"Wed, Aug  8, 2012","Wed, Aug 22, 2012"
4044,LaCrosse Municipal,LaCrosse,United States,LSE,KLSE,43.878986,-91.256711,654,-6,A,"La Crosse, WI",104,104,104,104,4.240384615384614,11.634615384615385,12.0,26.0,"Mon, Aug 13, 2012","Sun, Aug 26, 2012"
3945,Lewiston Nez Perce County,Lewiston,United States,LWS,KLWS,46.3745,-117.015389,1442,-8,A,"Lewiston, ID",60,60,60,60,4.65,10.25,8.0,27.0,"Mon, Aug 27, 2012","Sun, Aug 19, 2012"
3652,Midland International,Midland,United States,MAF,KMAF,31.942528,-102.201914,2871,-6,A,"Midland/Odessa, TX",697,695,700,701,3.377331420373025,9.802877697841728,36.0,39.0,"Sun, Aug 26, 2012","Fri, Aug  3, 2012"
4128,MBS International,Saginaw,United States,MBS,KMBS,43.532913,-84.079647,668,-5,A,"Saginaw/Bay City/Midland, MI",90,90,92,92,4.433333333333332,13.566666666666666,7.0,49.0,"Mon, Aug 13, 2012","Sun, Aug 26, 2012"
3458,Kansas City International,Kansas City,United States,MCI,KMCI,39.297606,-94.713905,1026,-6,A,"Kansas City, MO",4194,4190,4215,4214,5.08702908917502,10.841527446300685,34.0,122.0,"Fri, Aug 17, 2012","Thu, Aug 16, 2012"
3878,Orlando International,Orlando,United States,MCO,KMCO,28.429394,-81.308994,96,-5,A,"Orlando, FL",9783,9783,9846,9844,7.831033425329659,14.55586220995606,75.0,145.0,"Tue, Aug  7, 2012","Wed, Aug  1, 2012"
3542,Harrisburg International,Harrisburg,United States,MDT,KMDT,40.193494,-76.763403,310,-5,A,"Harrisburg, PA",544,541,552,550,5.093750000000005,12.739371534195936,46.0,130.0,"Tue, Aug 21, 2012","Thu, Aug 16, 2012"
3747,Chicago Midway International,Chicago,United States,MDW,KMDW,41.785972,-87.752417,620,-6,A,"Chicago, IL",7614,7616,7649,7642,5.927501970055167,10.71415441176469,85.0,117.0,"Sat, Aug  4, 2012","Thu, Aug 16, 2012"
4335,Key Field,Meridian,United States,MEI,KMEI,32.332624,-88.751868,297,-6,A,"Meridian, MS",56,55,58,58,3.875,12.781818181818181,8.0,48.0,"Sat, Aug 18, 2012","Wed, Aug 15, 2012"
3473,Memphis International,Memphis,United States,MEM,KMEM,35.042417,-89.976667,341,-6,A,"Memphis, TN",3008,2999,3054,3052,5.8394281914893735,16.02067355785259,48.0,107.0,"Thu, Aug  2, 2012","Thu, Aug  2, 2012"
3826,McAllen Miller International,Mcallen,United States,MFE,KMFE,26.175833,-98.238611,107,-6,A,"Mission/McAllen/Edinburg, TX",324,324,326,326,4.48765432098766,11.129629629629633,17.0,46.0,"Mon, Aug  6, 2012","Sat, Aug 25, 2012"
4101,Rogue Valley International Medford,Medford,United States,MFR,KMFR,42.374228,-122.8735,1335,-8,A,"Medford, OR",356,356,364,363,4.325842696629214,11.910112359550562,38.0,46.0,"Tue, Aug 14, 2012","Sat, Aug 11, 2012"
4115,Montgomery Regional Airport ,MONTGOMERY,United States,MGM,KMGM,32.3006389,-86.3939722,221,-6,A,"Montgomery, AL",370,370,379,379,2.9864864864864864,15.356756756756754,13.0,63.0,"Fri, Aug  3, 2012","Tue, Aug 28, 2012"
4050,Manhattan Regional,Manhattan,United States,MHK,KMHK,39.140972,-96.670833,1057,-6,A,"Manhattan/Ft. Riley, KS",153,152,154,154,3.320261437908497,10.085526315789474,10.0,49.0,"Mon, Aug  6, 2012","Sun, Aug 12, 2012"
4011,Manchester Regional Airport,Manchester NH,United States,MHT,KMHT,42.932556,-71.435667,266,-5,A,"Manchester, NH",838,837,844,844,4.992840095465396,12.320191158900831,54.0,53.0,"Sat, Aug 18, 2012","Sun, Aug 19, 2012"
3576,Miami International,Miami,United States,MIA,KMIA,25.79325,-80.290556,8,-5,A,"Miami, FL",6064,6077,6308,6315,8.081134564643794,17.40974164883986,96.0,143.0,"Sat, Aug 11, 2012","Sun, Aug  5, 2012"
3717,General Mitchell International,Milwaukee,United States,MKE,KMKE,42.947222,-87.896583,723,-6,A,"Milwaukee, WI",3264,3260,3283,3284,5.2631740196078365,11.483435582822095,39.0,89.0,"Fri, Aug  3, 2012","Tue, Aug 14, 2012"
5754,Muskegon County Airport,Muskegon,United States,MKG,KMKG,43.1695,-86.2382,628,-5,A,"Muskegon, MI",60,60,62,62,4.299999999999998,9.966666666666667,7.0,41.0,"Wed, Aug 15, 2012","Wed, Aug  1, 2012"
3671,Melbourne International,Melbourne,United States,MLB,KMLB,28.102753,-80.645258,33,-5,A,"Melbourne, FL",124,123,124,124,5.129032258064516,15.479674796747968,9.0,61.0,"Sun, Aug 12, 2012","Mon, Aug 27, 2012"
4072,Quad City International,Moline,United States,MLI,KMLI,41.448528,-90.507539,590,-6,A,"Moline, IL",454,453,459,459,3.5660792951541844,10.024282560706395,9.0,55.0,"Fri, Aug 17, 2012","Fri, Aug  3, 2012"
3732,Monroe Regional,Monroe,United States,MLU,KMLU,32.510864,-92.037689,79,-6,A,"Monroe, LA",314,312,324,324,3.4904458598726116,9.833333333333327,28.0,126.0,"Thu, Aug  9, 2012","Thu, Aug  9, 2012"
3782,Mobile Regional,Mobile,United States,MOB,KMOB,30.691231,-88.242814,219,-6,A,"Mobile, AL",449,446,490,490,4.367483296213809,11.264573991031392,20.0,76.0,"Mon, Aug 13, 2012","Wed, Aug 15, 2012"
3816,Modesto City County Harry Sham,Modesto,United States,MOD,KMOD,37.625817,-120.954422,97,-8,A,"Modesto, CA",104,105,118,118,2.7115384615384617,10.571428571428573,5.0,32.0,"Thu, Aug  2, 2012","Sun, Aug 26, 2012"
3498,Minot International,Minot,United States,MOT,KMOT,48.259378,-101.280333,1716,-6,A,"Minot, ND",271,271,272,272,5.188191881918821,12.74907749077491,14.0,53.0,"Tue, Aug  7, 2012","Thu, Aug 16, 2012"
6838,Sawyer International Airport,Marquette,United States,MQT,KMQT,46.353611,-87.395278,1221,-5,A,"Marquette, MI",27,27,27,27,4.296296296296297,8.88888888888889,6.0,33.0,"Fri, Aug  3, 2012","Thu, Aug 16, 2012"
3948,Monterey Peninsula,Monterey,United States,MRY,KMRY,36.587,-121.842944,257,-8,A,"Monterey, CA",475,473,498,497,3.408421052631579,13.687103594080341,10.0,79.0,"Wed, Aug  8, 2012","Sat, Aug  4, 2012"
3459,Dane County Regional-Truax Field,Madison,United States,MSN,KMSN,43.139858,-89.337514,887,-6,A,"Madison, WI",872,872,880,881,4.041284403669727,11.604357798165138,38.0,68.0,"Thu, Aug 16, 2012","Thu, Aug 16, 2012"
4216,Missoula International,Missoula,United States,MSO,KMSO,46.916306,-114.090556,3205,-7,A,"Missoula, MT",399,399,399,399,6.403508771929827,11.06516290726817,38.0,40.0,"Mon, Aug 13, 2012","Sun, Aug 26, 2012"
3858,Minneapolis St. Paul International,Minneapolis,United States,MSP,KMSP,44.881956,-93.221767,841,-6,A,"Minneapolis, MN",10475,10478,10514,10510,6.797708830548937,16.389578163771677,46.0,129.0,"Sat, Aug 25, 2012","Wed, Aug  1, 2012"
3861,Louis Armstrong New Orleans International,New Orleans,United States,MSY,KMSY,29.993389,-90.258028,4,-6,A,"New Orleans, LA",2759,2755,3106,3112,4.905762957593328,10.6842105263158,51.0,84.0,"Thu, Aug 16, 2012","Thu, Aug 16, 2012"
6880,Montrose Regional Airport,Montrose CO,United States,MTJ,KMTJ,38.509794,-107.894242,5759,-7,A,"Montrose/Delta, CO",145,145,147,147,4.165517241379312,11.455172413793104,11.0,39.0,"Tue, Aug 28, 2012","Wed, Aug 22, 2012"
4265,Martha's Vineyard,Vineyard Haven MA,United States,MVY,KMVY,41.391667,-70.615278,67,-5,A,"Martha's Vineyard, MA",31,31,31,31,2.870967741935484,12.838709677419354,7.0,39.0,"Fri, Aug 24, 2012","Thu, Aug  2, 2012"
3515,Myrtle Beach International,Myrtle Beach,United States,MYR,KMYR,33.67975,-78.928333,25,-5,A,"Myrtle Beach, SC",339,336,341,341,3.840707964601764,14.541666666666666,22.0,121.0,"Sat, Aug  4, 2012","Thu, Aug  9, 2012"
4386,Albert J. Ellis,Jacksonville NC,United States,OAJ,KOAJ,34.829164,-77.612139,94,-5,A,"Jacksonville/Camp Lejeune, NC",151,150,151,151,2.682119205298013,11.586666666666666,5.0,104.0,"Thu, Aug  9, 2012","Mon, Aug 13, 2012"
3453,Metropolitan Oakland International,Oakland,United States,OAK,KOAK,37.721278,-122.220722,9,-8,A,"Oakland, CA",4047,4051,4070,4070,6.383493946132937,12.294742039002712,34.0,75.0,"Sat, Aug 25, 2012","Fri, Aug  3, 2012"
3456,Kahului,Kahului,United States,OGG,PHOG,20.89865,-156.430458,54,-10,N,"Kahului, HI",2124,2119,2144,2142,5.898775894538607,8.856536101934855,34.0,70.0,"Wed, Aug  1, 2012","Mon, Aug  6, 2012"
3863,Will Rogers World,Oklahoma City,United States,OKC,KOKC,35.393089,-97.600733,1295,-6,A,"Oklahoma City, OK",1926,1923,1939,1939,4.591900311526478,10.499739989599595,29.0,81.0,"Sat, Aug  4, 2012","Wed, Aug  8, 2012"
3454,Eppley Airfield,Omaha,United States,OMA,KOMA,41.303167,-95.894069,984,-6,A,"Omaha, NE",1699,1698,1709,1710,4.2613301942318955,11.054770318021214,35.0,76.0,"Mon, Aug  6, 2012","Wed, Aug  1, 2012"
3615,Nome,Nome,United States,OME,PAOM,64.512203,-165.445247,37,-9,A,"Nome, AK",82,82,93,93,3.817073170731707,6.2926829268292686,6.0,22.0,"Sun, Aug  5, 2012","Tue, Aug 28, 2012"
3734,Ontario International,Ontario,United States,ONT,KONT,34.056,-117.601194,944,-8,A,"Ontario, CA",1918,1920,1932,1933,4.50469238790406,9.908854166666648,20.0,44.0,"Sun, Aug  5, 2012","Mon, Aug 13, 2012"
3830,Chicago O'Hare International,Chicago,United States,ORD,KORD,41.978603,-87.904842,668,-6,A,"Chicago, IL",27541,27615,28106,28100,9.31099088631503,16.959188846641183,96.0,160.0,"Sat, Aug 18, 2012","Thu, Aug  9, 2012"
3611,Norfolk International,Norfolk,United States,ORF,KORF,36.894611,-76.201222,26,-5,A,"Norfolk, VA",1352,1349,1367,1365,4.386834319526636,12.55670867309116,26.0,74.0,"Tue, Aug 28, 2012","Sat, Aug 18, 2012"
5757,Southwest Oregon Regional Airport,North Bend,United States,OTH,KOTH,43.4171,-124.246,17,-8,A,"North Bend/Coos Bay, OR",84,81,90,90,3.2023809523809526,11.851851851851853,10.0,43.0,"Thu, Aug 16, 2012","Sun, Aug 26, 2012"
3693,Ralph Wien Memorial,Kotzebue,United States,OTZ,PAOT,66.884678,-162.59855,11,-9,A,"Kotzebue, AK",90,93,93,93,4.044444444444446,7.139784946236559,7.0,41.0,"Sat, Aug  4, 2012","Fri, Aug 17, 2012"
4117,Barkley Regional Airport,PADUCAH,United States,PAH,KPAH,37.0602875,-88.7729583,410,-6,A,"Paducah, KY",61,60,63,63,4.540983606557377,11.316666666666665,7.0,41.0,"Fri, Aug 17, 2012","Mon, Aug 13, 2012"
3722,Palm Beach International,West Palm Beach,United States,PBI,KPBI,26.683161,-80.095589,19,-5,A,"West Palm Beach/Palm Beach, FL",1630,1629,1662,1663,4.642331288343561,13.844689993861262,67.0,129.0,"Wed, Aug 22, 2012","Thu, Aug  9, 2012"
3720,Portland International,Portland,United States,PDX,KPDX,45.588722,-122.5975,30,-8,A,"Portland, OR",5044,5048,5061,5062,3.9228786677240213,11.931259904912825,29.0,57.0,"Fri, Aug 24, 2012","Tue, Aug 14, 2012"
3633,Newport News Williamsburg International,Newport News,United States,PHF,KPHF,37.131894,-76.492989,43,-5,A,"Newport News/Williamsburg, VA",210,209,211,210,4.571428571428564,12.583732057416269,13.0,69.0,"Tue, Aug  7, 2012","Mon, Aug 27, 2012"
3752,Philadelphia International,Philadelphia,United States,PHL,KPHL,39.871944,-75.241139,36,-5,A,"Philadelphia, PA",6796,6797,6852,6857,7.1110947616244875,24.177872590848864,66.0,159.0,"Sat, Aug 11, 2012","Thu, Aug  9, 2012"
3462,Phoenix Sky Harbor International,Phoenix,United States,PHX,KPHX,33.434278,-112.011583,1135,-7,N,"Phoenix, AZ",15275,15294,15361,15361,7.696824877250411,14.678632143324203,106.0,81.0,"Wed, Aug  8, 2012","Wed, Aug  1, 2012"
4046,Peoria Regional,Peoria,United States,PIA,KPIA,40.664203,-89.693258,660,-6,A,"Peoria, IL",375,373,382,382,3.6106666666666665,10.865951742627344,14.0,78.0,"Wed, Aug  8, 2012","Thu, Aug 16, 2012"
5760,Pocatello Regional Airport,Pocatello,United States,PIH,KPIH,42.9098,-112.596,4452,-7,A,"Pocatello, ID",84,83,85,85,3.392857142857143,9.144578313253017,5.0,40.0,"Tue, Aug 14, 2012","Thu, Aug 23, 2012"
3570,Pittsburgh International,Pittsburgh (pennsylva),United States,PIT,KPIT,40.491467,-80.232872,1204,-5,A,"Pittsburgh, PA",2836,2831,2870,2870,5.467912552891399,12.972801130342647,68.0,115.0,"Thu, Aug  9, 2012","Tue, Aug 21, 2012"
3564,Pensacola Regional,Pensacola,United States,PNS,KPNS,30.473425,-87.186611,121,-6,A,"Pensacola, FL",828,822,872,872,4.4480676328502335,12.954987834549883,60.0,62.0,"Tue, Aug  7, 2012","Sat, Aug  4, 2012"
6133,Tri Cities Airport,Pasco,United States,PSC,PSC,46.2647,-119.119,410,-8,A,"Pasco/Kennewick/Richland, WA",209,208,214,214,4.894736842105265,10.855769230769235,15.0,38.0,"Fri, Aug 31, 2012","Mon, Aug  6, 2012"
4147,Petersburg James A. Johnson,Petersburg,United States,PSG,PAPG,56.801667,-132.945278,105,-9,A,"Petersburg, AK",61,62,62,62,3.6721311475409837,8.66129032258065,5.0,18.0,"Wed, Aug  8, 2012","Tue, Aug 28, 2012"
3839,Palm Springs International,Palm Springs,United States,PSP,KPSP,33.829667,-116.506694,477,-8,A,"Palm Springs, CA",645,643,652,651,4.55658914728682,12.96267496111975,11.0,78.0,"Thu, Aug 30, 2012","Thu, Aug 30, 2012"
3641,Theodore Francis Green State,Providence,United States,PVD,KPVD,41.732581,-71.420383,55,-5,A,"Providence, RI",1141,1138,1147,1146,4.747589833479406,11.89103690685414,42.0,117.0,"Sun, Aug  5, 2012","Thu, Aug  9, 2012"
3862,Portland International Jetport,Portland,United States,PWM,KPWM,43.646161,-70.309281,77,-5,A,"Portland, ME",672,668,682,682,3.955357142857143,13.682634730538927,21.0,58.0,"Sun, Aug 19, 2012","Fri, Aug 24, 2012"
4087,Rapid City Regional Airport,Rapid City,United States,RAP,KRAP,44.045278,-103.057222,3204,-7,A,"Rapid City, SD",628,627,634,635,4.563694267515926,12.574162679425834,23.0,40.0,"Sat, Aug 18, 2012","Fri, Aug 24, 2012"
4098,Redding Municipal,Redding,United States,RDD,KRDD,40.509,-122.293389,504,-8,A,"Redding, CA",115,117,120,121,3.8521739130434782,11.82905982905983,9.0,47.0,"Wed, Aug 15, 2012","Sat, Aug 11, 2012"
4103,Roberts Field,Redmond-Bend,United States,RDM,KRDM,44.254066,-121.149964,3077,-8,A,"Bend/Redmond, OR",299,298,300,300,3.8060200668896327,10.291946308724835,9.0,50.0,"Sun, Aug 19, 2012","Thu, Aug  9, 2012"
3626,Raleigh Durham International,Raleigh-durham,United States,RDU,KRDU,35.877639,-78.787472,435,-5,A,"Raleigh/Durham, NC",3766,3761,3829,3828,4.7049920339883196,14.478596118053717,49.0,97.0,"Sun, Aug 19, 2012","Thu, Aug  2, 2012"
3608,Richmond International,Richmond,United States,RIC,KRIC,37.505167,-77.319667,167,-5,A,"Richmond, VA",1521,1519,1539,1539,5.280736357659434,14.138907175773538,26.0,110.0,"Sun, Aug  5, 2012","Thu, Aug  9, 2012"
5766,Rock Springs Sweetwater County Airport,Rock Springs,United States,RKS,KRKS,41.5942,-109.065,6760,-7,A,"Rock Springs, WY",185,185,186,186,4.054054054054053,10.789189189189191,9.0,24.0,"Tue, Aug 21, 2012","Wed, Aug 15, 2012"
3807,Reno Tahoe International,Reno,United States,RNO,KRNO,39.499108,-119.768108,4415,-8,A,"Reno, NV",1713,1711,1716,1717,4.573263280793932,11.635300993571004,31.0,94.0,"Fri, Aug  3, 2012","Thu, Aug  9, 2012"
4016,Roanoke Regional,Roanoke VA,United States,ROA,KROA,37.325472,-79.975417,1175,-5,A,"Roanoke, VA",292,293,300,300,5.4623287671232905,14.41296928327645,62.0,58.0,"Wed, Aug  1, 2012","Wed, Aug 22, 2012"
3622,Greater Rochester International,Rochester,United States,ROC,KROC,43.118866,-77.672389,559,-5,A,"Rochester, NY",944,936,960,958,5.760593220338986,11.494658119658116,65.0,100.0,"Tue, Aug 14, 2012","Wed, Aug 15, 2012"
3736,Roswell International Air Center,Roswell,United States,ROW,KROW,33.301556,-104.530556,3671,-7,A,"Roswell, NM",87,87,89,89,4.103448275862069,8.425287356321842,10.0,15.0,"Mon, Aug 27, 2012","Thu, Aug 16, 2012"
4048,Rochester,Rochester,United States,RST,KRST,43.908283,-92.500014,1317,-6,A,"Rochester, MN",91,92,93,94,3.6923076923076925,11.673913043478262,6.0,81.0,"Sat, Aug  4, 2012","Wed, Aug 15, 2012"
3793,Southwest Florida International,Fort Myers,United States,RSW,KRSW,26.536167,-81.755167,30,-5,A,"Fort Myers, FL",1680,1676,1706,1708,4.702976190476181,11.74164677804296,60.0,68.0,"Fri, Aug  3, 2012","Tue, Aug 21, 2012"
3784,Santa Fe Municipal,Santa Fe,United States,SAF,KSAF,35.617108,-106.089422,6348,-7,A,"Santa Fe, NM",143,143,145,145,5.342657342657343,12.405594405594403,22.0,47.0,"Mon, Aug 20, 2012","Fri, Aug  3, 2012"
3731,San Diego International,San Diego,United States,SAN,KSAN,32.733556,-117.189667,17,-8,A,"San Diego, CA",6822,6815,6867,6872,3.955438287892113,13.928539985326479,65.0,85.0,"Wed, Aug 29, 2012","Sun, Aug 26, 2012"
3621,San Antonio International,San Antonio,United States,SAT,KSAT,29.533694,-98.469778,809,-6,A,"San Antonio, TX",3295,3291,3304,3308,4.477996965098641,11.661197204497117,153.0,97.0,"Wed, Aug  1, 2012","Thu, Aug  2, 2012"
3613,Savannah Hilton Head International,Savannah,United States,SAV,KSAV,32.127583,-81.202139,51,-5,A,"Savannah, GA",840,833,852,853,5.3583333333333325,14.849939975990385,28.0,67.0,"Fri, Aug 31, 2012","Mon, Aug 13, 2012"
3949,Santa Barbara Municipal,Santa Barbara,United States,SBA,KSBA,34.426211,-119.840372,10,-8,A,"Santa Barbara, CA",980,978,993,993,4.873469387755104,11.233128834355831,50.0,62.0,"Sat, Aug 18, 2012","Mon, Aug  6, 2012"
4359,South Bend Regional,South Bend,United States,SBN,KSBN,41.708661,-86.31725,799,-5,A,"South Bend, IN",305,303,317,317,3.832786885245901,11.12211221122112,20.0,57.0,"Fri, Aug 31, 2012","Sun, Aug 26, 2012"
5768,San Luis County Regional Airport,San Luis Obispo,United States,SBP,KSBP,35.2368,-120.642,212,-8,A,"San Luis Obispo, CA",447,447,456,456,3.3803131991051463,11.263982102908281,6.0,49.0,"Fri, Aug 17, 2012","Mon, Aug 13, 2012"
3620,Deadhorse,Deadhorse,United States,SCC,PASC,70.19475,-148.465167,64,-9,A,"Deadhorse, AK",54,55,58,58,4.2592592592592595,7.709090909090909,7.0,22.0,"Tue, Aug 21, 2012","Mon, Aug  6, 2012"
4014,Louisville International Airport,Louisville,United States,SDF,KSDF,38.1740858,-85.7364989,501,-5,A,"Louisville, KY",1335,1333,1348,1350,6.01498127340824,12.139534883720927,46.0,107.0,"Tue, Aug 14, 2012","Thu, Aug  2, 2012"
3577,Seattle Tacoma International,Seattle,United States,SEA,KSEA,47.449,-122.309306,433,-8,A,"Seattle, WA",9679,9677,9703,9704,6.798326273375343,14.430401984085973,67.0,119.0,"Sat, Aug 11, 2012","Thu, Aug  9, 2012"
3469,San Francisco International,San Francisco,United States,SFO,KSFO,37.618972,-122.374889,13,-8,A,"San Francisco, CA",15432,15459,15716,15711,7.6698418869880784,18.42913513163855,90.0,118.0,"Tue, Aug 28, 2012","Wed, Aug 29, 2012"
4348,Springfield Branson National,Springfield,United States,SGF,KSGF,37.245667,-93.388639,1268,-6,A,"Springfield, MO",547,544,549,547,4.195612431444243,12.362132352941183,14.0,54.0,"Sat, Aug 18, 2012","Tue, Aug 21, 2012"
4064,St. George Municipal,Saint George,United States,SGU,KSGU,37.090583,-113.593056,2941,-7,A,"St. George, UT",174,173,174,174,3.8448275862068964,11.35838150289017,8.0,33.0,"Sun, Aug 26, 2012","Fri, Aug 10, 2012"
3609,Shreveport Regional,Shreveport,United States,SHV,KSHV,32.446629,-93.8256,258,-6,A,"Shreveport, LA",650,649,671,672,5.049230769230767,9.013867488443758,26.0,47.0,"Tue, Aug 14, 2012","Tue, Aug 28, 2012"
3856,Sitka Rocky Gutierrez,Sitka,United States,SIT,PASI,57.047138,-135.361611,21,-9,A,"Sitka, AK",148,148,151,151,3.9324324324324325,10.722972972972974,9.0,30.0,"Wed, Aug  1, 2012","Sat, Aug 11, 2012"
3748,Norman Y. Mineta San Jose International,San Jose,United States,SJC,KSJC,37.3626,-121.929022,62,-8,A,"San Jose, CA",3519,3525,3555,3559,3.94458653026428,11.134751773049654,33.0,121.0,"Fri, Aug 31, 2012","Fri, Aug  3, 2012"
3708,San Angelo Regional-Mathis Field,San Angelo,United States,SJT,KSJT,31.35775,-100.496306,1919,-6,A,"San Angelo, TX",120,120,123,123,2.9000000000000004,8.966666666666665,6.0,43.0,"Fri, Aug 10, 2012","Sat, Aug  4, 2012"
3536,Salt Lake City International,Salt Lake City,United States,SLC,KSLC,40.788389,-111.977772,4227,-7,A,"Salt Lake City, UT",9778,9797,9821,9820,5.8601963591736785,17.120955394508456,42.0,92.0,"Tue, Aug 21, 2012","Mon, Aug 20, 2012"
3817,Sacramento International,Sacramento,United States,SMF,KSMF,38.695417,-121.590778,27,-8,A,"Sacramento, CA",3883,3885,3913,3912,4.9103785732680905,10.472586872586868,40.0,75.0,"Wed, Aug 15, 2012","Fri, Aug  3, 2012"
5772,Santa Maria Public-Captain G. Allan Hancock Airport,Santa Maria,United States,SMX,KSMX,34.8989,-120.457,261,-8,A,"Santa Maria, CA",116,115,120,120,3.810344827586207,10.808695652173917,7.0,30.0,"Sat, Aug 11, 2012","Tue, Aug 21, 2012"
3867,John Wayne Airport Orange County,Santa Ana,United States,SNA,KSNA,33.675667,-117.868222,56,-8,A,"Santa Ana, CA",3456,3457,3489,3490,5.56278935185186,11.8669366502748,48.0,70.0,"Sun, Aug 12, 2012","Sat, Aug 25, 2012"
4336,Abraham Lincoln Capital,Springfield,United States,SPI,KSPI,39.8441,-89.677889,597,-6,A,"Springfield, IL",178,178,178,178,4.0,10.69101123595506,7.0,61.0,"Sun, Aug 19, 2012","Sun, Aug 26, 2012"
3680,Sheppard AFB Wichita Falls Municipal,Wichita Falls,United States,SPS,KSPS,33.988797,-98.491894,1019,-6,A,"Wichita Falls, TX",119,119,124,124,8.042016806722692,10.613445378151264,19.0,37.0,"Tue, Aug 28, 2012","Sun, Aug 12, 2012"
4067,Sarasota Bradenton International,Sarasota,United States,SRQ,KSRQ,27.395444,-82.554389,30,-5,A,"Sarasota/Bradenton, FL",332,333,332,334,4.177710843373492,11.516516516516514,22.0,47.0,"Mon, Aug  6, 2012","Sun, Aug 12, 2012"
3678,Lambert St. Louis International,St. Louis,United States,STL,KSTL,38.748697,-90.370028,618,-6,A,"St. Louis, MO",4919,4915,4962,4966,5.3094124822118225,11.472024415055964,67.0,84.0,"Thu, Aug 16, 2012","Wed, Aug  1, 2012"
6494,Friedman Memorial,Hailey,United States,SUN,KSUN,43.504444,-114.296194,5320,-7,A,"Sun Valley/Hailey/Ketchum, ID",171,171,186,186,3.4853801169590644,10.695906432748531,9.0,46.0,"Wed, Aug  1, 2012","Sun, Aug 12, 2012"
3753,Sioux Gateway-Colonel Bud Day Field,Sioux City,United States,SUX,KSUX,42.402603,-96.384367,1098,-6,A,"Sioux City, IA",58,57,58,58,3.5689655172413794,11.368421052631579,7.0,67.0,"Sun, Aug 26, 2012","Thu, Aug  9, 2012"
3661,Stewart International,Newburgh,United States,SWF,KSWF,41.504094,-74.104839,491,-5,A,"Newburgh/Poughkeepsie, NY",148,149,150,151,4.864864864864867,13.476510067114093,9.0,100.0,"Sat, Aug  4, 2012","Thu, Aug  9, 2012"
3745,Syracuse Hancock International,Syracuse,United States,SYR,KSYR,43.111187,-76.106311,421,-5,A,"Syracuse, NY",557,556,565,566,4.44344703770197,12.386690647482009,40.0,121.0,"Wed, Aug 22, 2012","Fri, Aug 10, 2012"
3698,Tallahassee Regional,Tallahassee,United States,TLH,KTLH,30.396528,-84.350333,81,-5,A,"Tallahassee, FL",372,372,380,381,3.516129032258065,13.427419354838715,32.0,54.0,"Fri, Aug 17, 2012","Wed, Aug  8, 2012"
3646,Tampa International,Tampa,United States,TPA,KTPA,27.975472,-82.53325,26,-5,A,"Tampa, FL",5480,5482,5532,5533,4.623540145985391,12.509668004377993,86.0,137.0,"Mon, Aug  6, 2012","Tue, Aug 21, 2012"
4116,Tri-Cities Regional Airport,BRISTOL,United States,TRI,KTRI,36.4752222,-82.4074167,1519,-5,A,"Bristol/Johnson City/Kingsport, TN",251,252,255,256,3.693227091633467,15.51984126984127,11.0,96.0,"Sat, Aug  4, 2012","Sun, Aug 19, 2012"
3855,Tulsa International,Tulsa,United States,TUL,KTUL,36.198389,-95.888111,677,-6,A,"Tulsa, OK",1700,1701,1713,1716,4.263529411764699,11.1440329218107,49.0,57.0,"Sun, Aug  5, 2012","Sun, Aug 26, 2012"
3636,Tucson International,Tucson,United States,TUS,KTUS,32.116083,-110.941028,2643,-7,N,"Tucson, AZ",1673,1671,1678,1678,4.240286909742974,11.433871932974276,39.0,87.0,"Sun, Aug  5, 2012","Wed, Aug 15, 2012"
4023,Cherry Capital Airport,Traverse City,United States,TVC,KTVC,44.741445,-85.582235,624,-5,A,"Traverse City, MI",425,426,431,432,4.456470588235295,11.04460093896714,31.0,39.0,"Sun, Aug  5, 2012","Sun, Aug 26, 2012"
4263,Magic Valley Regional Airport,Twin Falls,United States,TWF,KTWF,42.481803,-114.487733,4151,-7,A,"Twin Falls, ID",95,96,95,96,3.4,10.531250000000004,6.0,22.0,"Fri, Aug 24, 2012","Thu, Aug 30, 2012"
3770,Texarkana Regional-Webb Field,Texarkana,United States,TXK,KTXK,33.453722,-93.991028,390,-6,A,"Texarkana, AR",90,90,92,92,3.533333333333333,9.877777777777776,7.0,21.0,"Thu, Aug  2, 2012","Sat, Aug 18, 2012"
3848,Tyler Pounds Regional,Tyler,United States,TYR,KTYR,32.354139,-95.402386,544,-6,A,"Tyler, TX",227,226,230,229,3.7312775330396475,9.56194690265487,10.0,32.0,"Wed, Aug 22, 2012","Sun, Aug 12, 2012"
3676,McGhee Tyson,Knoxville,United States,TYS,KTYS,35.810972,-83.994028,981,-5,A,"Knoxville, TN",881,881,891,890,3.7003405221339403,13.03632236095346,18.0,109.0,"Fri, Aug 17, 2012","Mon, Aug 13, 2012"
5776,Valdosta Regional Airport,Valdosta,United States,VLD,KVLD,30.7825,-83.2767,203,-5,A,"Valdosta, GA",89,89,91,91,3.898876404494382,11.696629213483144,8.0,45.0,"Thu, Aug  2, 2012","Wed, Aug 15, 2012"
3873,Eglin AFB,Valparaiso,United States,VPS,KVPS,30.48325,-86.5254,87,-6,A,"Valparaiso, FL",618,619,627,627,7.611650485436893,13.961227786752827,32.0,62.0,"Thu, Aug 16, 2012","Tue, Aug  7, 2012"
5969,Wrangell Airport,Wrangell,United States,WRG,PAWG,56.4843,-132.37,44,-9,A,"Wrangell, AK",62,62,62,62,3.629032258064516,7.419354838709677,5.0,17.0,"Sat, Aug  4, 2012","Sun, Aug 12, 2012"
7072,Yellowstone Airport,West Yellowstone,United States,WYS,KWYS,44.688333,-111.1175,6644,-7,A,"West Yellowstone, MT",70,69,70,70,3.942857142857143,8.81159420289855,14.0,21.0,"Fri, Aug 10, 2012","Sat, Aug 25, 2012"
4356,NW Arkansas Regional,Bentonville,United States,XNA,KXNA,36.2818694,-94.3068111,1287,-6,A,"Fayetteville, AR",1117,1116,1129,1130,5.965980304386749,13.072580645161285,37.0,86.0,"Thu, Aug 30, 2012","Thu, Aug  9, 2012"
6803,Yakutat,Yakutat,United States,YAK,PAYA,59.3012,-139.3937,33,-9,A,"Yakutat, AK",62,62,62,62,3.564516129032258,8.741935483870964,6.0,26.0,"Tue, Aug 14, 2012","Mon, Aug 20, 2012"
3596,Yuma MCAS Yuma International,Yuma,United States,YUM,KYUM,32.656578,-114.60598,216,-7,N,"Yuma, AZ",234,235,240,240,3.572649572649573,12.676595744680851,9.0,34.0,"Tue, Aug 21, 2012","Wed, Aug 15, 2012"
2883,Cyril E. King,St. Thomas,Virgin Islands,STT,TIST,18.337306,-64.973361,23,-4,U,"Charlotte Amalie, VI",250,250,253,253,4.176,12.779999999999998,49.0,51.0,"Sun, Aug 19, 2012","Wed, Aug  8, 2012"
2884,Henry E. Rohlsen,St. Croix Island,Virgin Islands,STX,TISX,17.701889,-64.798556,74,-4,U,"Christiansted, VI",79,80,81,82,2.949367088607595,12.8375,7.0,29.0,"Thu, Aug  2, 2012","Thu, Aug  9, 2012"
2246,Guam International,Agana,Guam,GUM,PGUM,13.48345,144.795983,298,10,U,"Guam, TT",31,31,31,31,4.903225806451614,13.258064516129032,17.0,19.0,"Sun, Aug 12, 2012","Mon, Aug 13, 2012"
2885,Rafael Hernndez,Aguadilla,Puerto Rico,BQN,TJBQ,18.494861,-67.129444,237,-4,U,"Aguadilla, PR",113,143,113,143,4.893805309734512,11.839160839160838,19.0,43.0,"Wed, Aug  8, 2012","Wed, Aug  8, 2012"
2889,Aeropuerto Mercedita,Ponce,Puerto Rico,PSE,TJPS,18.008306,-66.563028,29,-4,U,"Ponce, PR",80,80,81,82,5.187499999999998,13.85,16.0,32.0,"Sun, Aug 26, 2012","Sun, Aug  5, 2012"
2890,Luis Muoz Marn International,San Juan,Puerto Rico,SJU,TJSJ,18.439417,-66.001833,9,-4,U,"San Juan, PR",2163,2280,2174,2294,5.473878871937124,12.656578947368416,42.0,59.0,"Thu, Aug 23, 2012","Sun, Aug 26, 2012"
