airport_id,name,city,country,iata_faa,iaco,latitude,longitude,altitude,zone,dst,city_state,avg_able_landings,avg_able_takeoffs,total_landings,total_takeoffs,avg_taxi_in,avg_taxi_out,longest_taxi_in,longest_taxi_out,lng_tx_in_date,lng_tx_out_date
4355,Lehigh Valley International,Allentown,United States,ABE,KABE,40.652083,-75.440806,393,-5,A,"Allentown/Bethlehem/Easton, PA",170,169,173,173,3.223529411764705,12.74556213017752,10.0,33.0,"Sun, Sep  7, 2014","Thu, Sep  4, 2014"
3718,Abilene Regional,Abilene,United States,ABI,KABI,32.411319,-99.681897,1791,-6,A,"Abilene, TX",226,225,232,232,2.8982300884955743,10.533333333333337,13.0,49.0,"Fri, Sep 19, 2014","Fri, Sep 12, 2014"
4019,Albuquerque International Sunport,Albuquerque,United States,ABQ,KABQ,35.0402222,-106.6091944,5355,-7,A,"Albuquerque, NM",2004,2002,2020,2022,5.760479041916172,10.88561438561439,41.0,70.0,"Sun, Sep 28, 2014","Fri, Sep  5, 2014"
5714,Aberdeen Regional Airport,Aberdeen,United States,ABR,KABR,45.4491,-98.4218,1302,-6,A,"Aberdeen, SD",60,60,60,60,5.216666666666667,11.0,18.0,34.0,"Tue, Sep 23, 2014","Sat, Sep  6, 2014"
5715,Southwest Georgia Regional Airport,Albany,United States,ABY,KABY,31.5355,-84.1945,197,-5,A,"Albany, GA",85,84,85,84,3.2941176470588234,10.630952380952383,6.0,29.0,"Mon, Sep  8, 2014","Thu, Sep 25, 2014"
3517,Nantucket Memorial,Nantucket,United States,ACK,KACK,41.253053,-70.060181,48,-5,A,"Nantucket, MA",53,53,55,55,4.245283018867924,15.150943396226415,10.0,56.0,"Sat, Sep 13, 2014","Sat, Sep 13, 2014"
3700,Waco Regional,Waco,United States,ACT,KACT,31.611289,-97.230519,516,-6,A,"Waco, TX",145,145,146,146,3.4275862068965517,10.827586206896555,12.0,47.0,"Tue, Sep  2, 2014","Fri, Sep 12, 2014"
4384,Arcata,Arcata CA,United States,ACV,KACV,40.978111,-124.108611,221,-8,A,"Arcata/Eureka, CA",264,264,285,284,4.291666666666667,10.344696969696972,10.0,36.0,"Sun, Sep  7, 2014","Tue, Sep 23, 2014"
3524,Atlantic City International,Atlantic City,United States,ACY,KACY,39.457583,-74.577167,75,-5,A,"Atlantic City, NJ",56,58,60,60,4.374999999999999,12.913793103448276,7.0,33.0,"Wed, Sep  3, 2014","Tue, Sep 30, 2014"
5959,Adak Airport,Adak Island,United States,ADK,PADK,51.878,-176.646,18,-10,A,"Adak Island, AK",7,7,8,8,4.0,6.142857142857143,5.0,15.0,"Sun, Sep 21, 2014","Thu, Sep 11, 2014"
3531,Kodiak,Kodiak,United States,ADQ,PADQ,57.749967,-152.493856,78,-9,A,"Kodiak, AK",50,50,51,51,3.3,6.82,8.0,39.0,"Sun, Sep 14, 2014","Tue, Sep  9, 2014"
3852,Alexandria International,Alexandria,United States,AEX,KAEX,31.3274,-92.549833,89,-6,A,"Alexandria, LA",277,276,280,280,3.44043321299639,12.206521739130435,25.0,41.0,"Thu, Sep  4, 2014","Thu, Sep 18, 2014"
3658,Augusta Regional At Bush Field,Bush Field,United States,AGS,KAGS,33.369944,-81.9645,144,-5,A,"Augusta, GA",195,196,195,196,3.841025641025641,15.653061224489793,13.0,86.0,"Wed, Sep  3, 2014","Fri, Sep 12, 2014"
3864,Albany International,Albany,United States,ALB,KALB,42.748267,-73.801692,285,-5,A,"Albany, NY",614,613,624,624,3.957654723127036,12.652528548123977,20.0,45.0,"Tue, Sep  2, 2014","Sun, Sep 28, 2014"
5718,Waterloo Regional Airport,Waterloo,United States,ALO,KALO,42.5571,-92.4003,873,-6,A,"Waterloo, IA",51,50,56,56,4.784313725490196,9.739999999999998,10.0,24.0,"Mon, Sep  1, 2014","Sat, Sep 13, 2014"
3840,Rick Husband Amarillo International,Amarillo,United States,AMA,KAMA,35.219369,-101.705931,3607,-6,A,"Amarillo, TX",574,576,582,583,4.353658536585365,10.98090277777777,45.0,119.0,"Thu, Sep 18, 2014","Fri, Sep 12, 2014"
3774,Ted Stevens Anchorage International,Anchorage,United States,ANC,PANC,61.174361,-149.996361,152,-9,A,"Anchorage, AK",1419,1429,1431,1435,4.4425651867512395,11.494751574527648,20.0,57.0,"Mon, Sep  8, 2014","Tue, Sep  2, 2014"
5720,Alpena County Regional Airport,Alpena,United States,APN,KAPN,45.0781,-83.5603,689,-5,A,"Alpena, MI",52,52,52,52,4.307692307692306,11.923076923076923,6.0,23.0,"Wed, Sep 24, 2014","Thu, Sep 11, 2014"
7001,Aspen/Pitkin County-Sardy Field,Aspen,United States,ASE,KASE,39.2232,-106.869,7820,-7,A,"Aspen, CO",186,187,189,191,3.403225806451613,11.786096256684491,7.0,70.0,"Sat, Sep  6, 2014","Thu, Sep  4, 2014"
3682,Hartsfield Jackson Atlanta International,Atlanta,United States,ATL,KATL,33.636719,-84.428067,1026,-5,A,"Atlanta, GA",30062,30092,30198,30196,10.087186481272068,18.56470158181553,92.0,123.0,"Tue, Sep  2, 2014","Tue, Sep  2, 2014"
4047,Appleton,Appleton,United States,ATW,KATW,44.257526,-88.507576,680,-6,A,"Appleton, WI",222,227,249,249,4.3153153153153125,12.171806167400877,19.0,51.0,"Sat, Sep 20, 2014","Thu, Sep 18, 2014"
3673,Austin Bergstrom International,Austin,United States,AUS,KAUS,30.194528,-97.669889,542,-6,A,"Austin, TX",3588,3582,3607,3608,5.564938684503905,12.269402568397547,40.0,68.0,"Wed, Sep 10, 2014","Fri, Sep 26, 2014"
4007,Asheville Regional Airport,Asheville,United States,AVL,KAVL,35.436194,-82.541806,2165,-5,A,"Asheville, NC",320,316,336,333,3.6593749999999985,15.139240506329115,18.0,82.0,"Sun, Sep 21, 2014","Tue, Sep 16, 2014"
4286,Wilkes Barre Scranton International,Scranton,United States,AVP,KAVP,41.338478,-75.723403,962,-5,A,"Scranton/Wilkes-Barre, PA",154,158,161,161,3.246753246753248,11.417721518987337,5.0,28.0,"Tue, Sep 16, 2014","Sun, Sep 28, 2014"
4039,Kalamazoo,Kalamazoo,United States,AZO,KAZO,42.234875,-85.552058,874,-5,A,"Kalamazoo, MI",129,129,148,148,3.255813953488372,11.674418604651162,10.0,42.0,"Tue, Sep 23, 2014","Thu, Sep 18, 2014"
3825,Bradley International,Windsor Locks,United States,BDL,KBDL,41.938889,-72.683222,173,-5,A,"Hartford, CT",1649,1651,1665,1667,5.409338993329293,13.365233192004837,48.0,58.0,"Sun, Sep 28, 2014","Mon, Sep 29, 2014"
3599,Bethel,Bethel,United States,BET,PABE,60.779778,-161.838,121,-9,A,"Bethel, AK",82,82,82,82,3.658536585365854,5.46341463414634,5.0,16.0,"Wed, Sep  3, 2014","Thu, Sep 11, 2014"
3558,Meadows Field,Bakersfield,United States,BFL,KBFL,35.433598,-119.05677,507,-8,A,"Bakersfield, CA",234,235,236,236,4.6068376068376065,13.782978723404257,9.0,63.0,"Tue, Sep 30, 2014","Sun, Sep 28, 2014"
3463,Bangor International,Bangor,United States,BGR,KBGR,44.807444,-68.828139,192,-5,A,"Bangor, ME",11,12,11,12,4.181818181818182,17.416666666666668,18.0,77.0,"Mon, Sep  1, 2014","Mon, Sep  1, 2014"
3811,Birmingham International,Birmingham,United States,BHM,KBHM,33.562942,-86.75355,644,-6,A,"Birmingham, AL",1112,1110,1128,1127,4.270683453237402,13.695495495495493,42.0,105.0,"Sun, Sep 21, 2014","Fri, Sep 12, 2014"
4021,Billings Logan International Airport,Billings,United States,BIL,KBIL,45.80921,-108.537654,3652,-7,A,"Billings, MT",274,272,276,276,4.481751824817518,11.058823529411761,23.0,68.0,"Thu, Sep  4, 2014","Wed, Sep 24, 2014"
4083,Bismarck Municipal Airport,Bismarck,United States,BIS,KBIS,46.775842,-100.757931,1661,-6,A,"Bismarck/Mandan, ND",153,151,155,155,5.418300653594772,11.940397350993376,16.0,27.0,"Fri, Sep 12, 2014","Fri, Sep 26, 2014"
4287,Bemidji Regional Airport,Bemidji,United States,BJI,KBJI,47.510722,-94.934722,1391,-6,A,"Bemidji, MN",60,60,60,60,4.666666666666667,10.199999999999998,11.0,27.0,"Tue, Sep 23, 2014","Thu, Sep  4, 2014"
6962,Branson LLC,Branson,United States,BKG,KBBG,36.531994,-93.200556,1302,-6,A,"Branson, MO",30,30,30,30,5.566666666666666,8.533333333333333,8.0,17.0,"Thu, Sep 18, 2014","Sat, Sep 20, 2014"
3777,Bellingham International,Bellingham,United States,BLI,KBLI,48.792694,-122.537528,170,-8,A,"Bellingham, WA",55,56,55,56,4.781818181818183,12.25,13.0,22.0,"Thu, Sep 18, 2014","Tue, Sep  2, 2014"
4037,Central Illinois Regional,Bloomington,United States,BMI,KBMI,40.477111,-88.915917,871,-6,A,"Bloomington/Normal, IL",273,272,290,289,3.7179487179487176,12.632352941176471,8.0,95.0,"Fri, Sep 19, 2014","Sun, Sep 14, 2014"
3690,Nashville International,Nashville,United States,BNA,KBNA,36.124472,-86.678194,599,-6,A,"Nashville, TN",4553,4547,4612,4610,6.355370085657813,12.856608753023957,41.0,110.0,"Tue, Sep  9, 2014","Fri, Sep  5, 2014"
3495,Boise Air Terminal,Boise,United States,BOI,KBOI,43.564361,-116.222861,2871,-7,A,"Boise, ID",940,939,942,941,4.706382978723399,12.415335463258794,26.0,83.0,"Thu, Sep 25, 2014","Sat, Sep 20, 2014"
3448,General Edward Lawrence Logan International,Boston,United States,BOS,KBOS,42.364347,-71.005181,19,-5,A,"Boston, MA",9036,9038,9105,9106,6.866644532979194,18.164970126134083,67.0,130.0,"Sun, Sep 28, 2014","Thu, Sep  4, 2014"
3612,Southeast Texas Regional,Beaumont,United States,BPT,KBPT,29.950833,-94.020694,15,-6,A,"Beaumont/Port Arthur, TX",87,86,90,90,3.1724137931034484,10.558139534883722,9.0,20.0,"Mon, Sep 15, 2014","Wed, Sep 24, 2014"
5725,Brunswick Golden Isles Airport,Brunswick,United States,BQK,KBQK,31.2588,-81.4665,26,-5,A,"Brunswick, GA",85,85,85,86,3.3058823529411763,21.94117647058823,6.0,86.0,"Tue, Sep 30, 2014","Wed, Sep  3, 2014"
6957,Brainerd Lakes Regional,Brainerd,United States,BRD,KBRD,46.398308,-94.138078,1226,-6,U,"Brainerd, MN",74,74,74,74,5.635135135135135,13.445945945945946,23.0,29.0,"Tue, Sep  9, 2014","Tue, Sep  9, 2014"
3738,Brownsville South Padre Island International,Brownsville,United States,BRO,KBRO,25.906833,-97.425861,22,-6,A,"Brownsville, TX",189,189,193,193,4.592592592592592,12.894179894179894,11.0,77.0,"Mon, Sep  1, 2014","Fri, Sep 12, 2014"
3571,Wiley Post Will Rogers Memorial,Barrow,United States,BRW,PABR,71.285446,-156.766003,44,-9,A,"Barrow, AK",75,76,78,78,4.453333333333333,6.881578947368421,30.0,20.0,"Tue, Sep  9, 2014","Fri, Sep 19, 2014"
4022,Bert Mooney Airport,Butte,United States,BTM,KBTM,45.954806,-112.497472,5550,-7,A,"Butte, MT",59,59,60,60,3.694915254237288,10.186440677966102,6.0,19.0,"Mon, Sep  8, 2014","Fri, Sep 12, 2014"
3846,Baton Rouge Metro-Ryan Field,Baton Rouge,United States,BTR,KBTR,30.533167,-91.149639,70,-6,A,"Baton Rouge, LA",686,689,700,701,5.013119533527705,12.285921625544256,36.0,104.0,"Sun, Sep  7, 2014","Thu, Sep 18, 2014"
3711,Burlington International,Burlington,United States,BTV,KBTV,44.471861,-73.153278,335,-5,A,"Burlington, VT",422,422,426,425,4.426540284360183,14.483412322274882,23.0,89.0,"Fri, Sep  5, 2014","Mon, Sep 29, 2014"
3820,Buffalo Niagara International,Buffalo,United States,BUF,KBUF,42.940525,-78.732167,724,-5,A,"Buffalo, NY",1570,1567,1587,1586,3.878980891719745,11.239310784939375,34.0,55.0,"Sun, Sep 28, 2014","Tue, Sep 30, 2014"
3644,Bob Hope,Burbank,United States,BUR,KBUR,34.200667,-118.358667,778,-8,A,"Burbank, CA",1718,1718,1746,1746,2.9551804423748544,11.095459837019787,13.0,51.0,"Thu, Sep 25, 2014","Sun, Sep  7, 2014"
3849,Baltimore Washington International,Baltimore,United States,BWI,KBWI,39.175361,-76.668333,146,-5,A,"Baltimore, MD",7239,7239,7283,7284,6.3554358336786825,14.543859649122806,62.0,109.0,"Sat, Sep  6, 2014","Wed, Sep  3, 2014"
4020,Gallatin Field,Bozeman,United States,BZN,KBZN,45.777643,-111.160151,4500,-7,A,"Bozeman, MT",395,395,396,396,4.817721518987345,12.658227848101266,21.0,72.0,"Sat, Sep  6, 2014","Mon, Sep 29, 2014"
3561,Columbia Metropolitan,Colombia,United States,CAE,KCAE,33.938833,-81.119528,236,-5,A,"Columbia, SC",578,577,593,592,4.096885813148783,13.58752166377816,24.0,50.0,"Mon, Sep  1, 2014","Tue, Sep 16, 2014"
4112,Akron Canton Regional Airport,Akron,United States,CAK,KCAK,40.9160833,-81.4421944,1228,-5,A,"Akron, OH",568,565,582,581,4.429577464788728,11.957522123893801,12.0,101.0,"Tue, Sep 30, 2014","Sun, Sep  7, 2014"
3824,Cedar City Regional,Cedar City,United States,CDC,KCDC,37.700967,-113.098847,5622,-7,A,"Cedar City, UT",52,52,52,52,3.923076923076923,12.634615384615385,12.0,25.0,"Sat, Sep 27, 2014","Sat, Sep 27, 2014"
3610,Merle K. Mudhole Smith,Cordova,United States,CDV,PACV,60.491778,-145.477556,48,-9,A,"Cordova, AK",60,60,60,60,3.5166666666666666,8.75,5.0,25.0,"Thu, Sep 11, 2014","Thu, Sep 18, 2014"
5727,Del Norte County Airport,Crescent City,United States,CEC,KCEC,41.7802,-124.237,57,-8,A,"Crescent City, CA",78,80,82,82,3.5769230769230775,13.325,6.0,40.0,"Mon, Sep  1, 2014","Tue, Sep 30, 2014"
3578,Lovell Field,Chattanooga,United States,CHA,KCHA,35.035278,-85.203808,683,-5,A,"Chattanooga, TN",288,287,294,293,4.586805555555554,14.62020905923345,41.0,107.0,"Thu, Sep 25, 2014","Sun, Sep  7, 2014"
4015,Charlottesville-Albemarle,Charlottesville VA,United States,CHO,KCHO,38.138639,-78.452861,639,-5,A,"Charlottesville, VA",197,196,203,201,3.4263959390862944,14.23469387755102,7.0,111.0,"Mon, Sep 29, 2014","Wed, Sep  3, 2014"
3806,Charleston AFB International,Charleston,United States,CHS,KCHS,32.898647,-80.040528,45,-5,A,"Charleston, SC",1209,1203,1225,1223,6.590570719602982,13.695760598503746,41.0,100.0,"Sun, Sep 21, 2014","Tue, Sep  2, 2014"
3710,Chico Municipal,Chico,United States,CIC,KCIC,39.795383,-121.858422,238,-8,A,"Chico, CA",87,86,89,89,3.4942528735632186,12.511627906976743,6.0,38.0,"Wed, Sep 10, 2014","Thu, Sep 25, 2014"
4043,Cedar Rapids,Cedar Rapids,United States,CID,KCID,41.884694,-91.710806,869,-6,A,"Cedar Rapids/Iowa City, IA",572,566,614,617,5.365384615384621,12.45759717314488,40.0,82.0,"Wed, Sep 17, 2014","Fri, Sep 26, 2014"
4088,McClellan-Palomar Airport,Carlsbad,United States,CLD,KCRQ,33.0742,-117.1648,328,-8,A,"Carlsbad, CA",217,217,219,219,3.9631336405529956,12.064516129032251,12.0,39.0,"Sat, Sep  6, 2014","Tue, Sep  2, 2014"
3486,Cleveland Hopkins International,Cleveland,United States,CLE,KCLE,41.411689,-81.849794,791,-5,A,"Cleveland, OH",2807,2801,2856,2853,5.925543284645533,13.707961442342015,41.0,101.0,"Fri, Sep 26, 2014","Sun, Sep 14, 2014"
3715,Easterwood Field,College Station,United States,CLL,KCLL,30.588583,-96.363833,321,-6,A,"College Station/Bryan, TX",217,217,219,219,4.368663594470052,8.995391705069126,10.0,25.0,"Sun, Sep 21, 2014","Sun, Sep 21, 2014"
3876,Charlotte Douglas International,Charlotte,United States,CLT,KCLT,35.214,-80.943139,748,-5,A,"Charlotte, NC",9089,9099,9150,9143,9.060402684563746,19.126827123859627,86.0,115.0,"Fri, Sep 12, 2014","Sun, Sep  7, 2014"
3759,Port Columbus International,Columbus,United States,CMH,KCMH,39.997972,-82.891889,815,-5,A,"Columbus, OH",2141,2143,2201,2203,5.737038766931341,13.118992067195514,44.0,130.0,"Sun, Sep 14, 2014","Thu, Sep  4, 2014"
4049,Champaign,Champaign,United States,CMI,KCMI,40.03925,-88.278056,754,-6,A,"Champaign/Urbana, IL",189,188,202,202,3.6613756613756614,11.622340425531915,18.0,70.0,"Tue, Sep 30, 2014","Thu, Sep 18, 2014"
5732,Houghton County Memorial Airport,Hancock,United States,CMX,KCMX,47.1684,-88.4891,1095,-5,A,"Hancock/Houghton, MI",46,46,60,60,4.413043478260871,12.956521739130435,6.0,26.0,"Sun, Sep 28, 2014","Tue, Sep 30, 2014"
7074,Canyonlands Field,Moab,United States,CNY,KCNY,38.755,-109.754722,4555,-7,A,"Moab, UT",51,51,51,51,4.705882352941177,9.960784313725492,10.0,19.0,"Fri, Sep 12, 2014","Sat, Sep 27, 2014"
4344,Yellowstone Regional,Cody,United States,COD,KCOD,44.520194,-109.023806,5102,-7,A,"Cody, WY",75,75,79,79,4.386666666666668,15.639999999999993,8.0,38.0,"Thu, Sep 25, 2014","Fri, Sep 19, 2014"
3819,City Of Colorado Springs Municipal,Colorado Springs,United States,COS,KCOS,38.805805,-104.700778,6187,-7,A,"Colorado Springs, CO",776,773,786,786,5.844072164948454,16.078913324708946,39.0,66.0,"Mon, Sep 29, 2014","Mon, Sep 29, 2014"
3719,Columbia Regional,Columbia,United States,COU,KCOU,38.818094,-92.219631,889,-6,A,"Columbia, MO",111,110,120,120,3.6216216216216215,14.436363636363636,7.0,60.0,"Fri, Sep 19, 2014","Tue, Sep 30, 2014"
3872,Natrona County International,Casper,United States,CPR,KCPR,42.908,-106.464417,5347,-7,A,"Casper, WY",191,189,193,192,4.942408376963352,13.243386243386249,13.0,42.0,"Fri, Sep 26, 2014","Thu, Sep 11, 2014"
3744,Corpus Christi International,Corpus Christi,United States,CRP,KCRP,27.770361,-97.501222,44,-6,A,"Corpus Christi, TX",550,551,564,565,5.045454545454544,11.793103448275854,35.0,68.0,"Tue, Sep 30, 2014","Mon, Sep 29, 2014"
4285,Yeager,Charleston,United States,CRW,KCRW,38.373147,-81.593189,981,-5,A,"Charleston/Dunbar, WV",264,266,274,274,3.314393939393939,12.071428571428568,12.0,49.0,"Sun, Sep  7, 2014","Mon, Sep 15, 2014"
4255,Columbus Metropolitan Airport,Columbus,United States,CSG,KCSG,32.5163333,-84.9388611,397,-5,A,"Columbus, GA",115,114,115,115,3.1217391304347832,13.184210526315791,6.0,78.0,"Fri, Sep 19, 2014","Tue, Sep  2, 2014"
3488,Cincinnati Northern Kentucky International,Cincinnati,United States,CVG,KCVG,39.048836,-84.667822,896,-5,A,"Cincinnati, OH",1527,1532,1561,1568,5.961362148002615,13.868798955613578,40.0,76.0,"Tue, Sep  2, 2014","Sun, Sep 28, 2014"
4045,Central Wisconsin,Wassau,United States,CWA,KCWA,44.772726,-89.646635,840,-6,A,"Mosinee, WI",108,109,116,116,3.4814814814814814,10.330275229357794,9.0,41.0,"Thu, Sep  4, 2014","Thu, Sep  4, 2014"
3950,Daytona Beach International,Daytona Beach,United States,DAB,KDAB,29.179917,-81.058056,34,-5,A,"Daytona Beach, FL",116,116,116,116,3.9051724137931036,16.250000000000004,7.0,52.0,"Sat, Sep  6, 2014","Tue, Sep 16, 2014"
3502,Dallas Love Field,Dallas,United States,DAL,KDAL,32.847111,-96.851778,487,-6,A,"Dallas, TX",3551,3557,3584,3581,4.295409743734165,10.434073657576617,35.0,64.0,"Tue, Sep  2, 2014","Thu, Sep 18, 2014"
3627,James M. Cox Dayton International,Dayton,United States,DAY,KDAY,39.902375,-84.219375,1009,-5,A,"Dayton, OH",753,757,778,780,5.25498007968127,13.605019815059448,27.0,76.0,"Wed, Sep 10, 2014","Tue, Sep  2, 2014"
4388,Dubuque Regional,Dubuque IA,United States,DBQ,KDBQ,42.402,-90.709472,1076,-6,A,"Dubuque, IA",77,76,86,86,4.064935064935065,12.184210526315793,7.0,43.0,"Mon, Sep 15, 2014","Sat, Sep 27, 2014"
3520,Ronald Reagan Washington National,Washington,United States,DCA,KDCA,38.852083,-77.037722,15,-5,A,"Washington, DC",5907,5901,5991,5992,5.64347384459118,17.8100321979326,117.0,132.0,"Tue, Sep  2, 2014","Tue, Sep 30, 2014"
3751,Denver International,Denver,United States,DEN,KDEN,39.861656,-104.673178,5431,-7,A,"Denver, CO",18796,18844,18907,18935,8.01415194722282,14.453884525578408,60.0,146.0,"Thu, Sep 25, 2014","Sun, Sep  7, 2014"
3670,Dallas Fort Worth International,Dallas-fort Worth,United States,DFW,KDFW,32.896828,-97.037997,607,-6,A,"Dallas/Fort Worth, TX",22824,22880,23023,23025,10.788336838415706,14.953277972027996,71.0,129.0,"Mon, Sep 29, 2014","Fri, Sep  5, 2014"
3739,Dothan Regional,Dothan,United States,DHN,KDHN,31.321339,-85.449628,401,-6,A,"Dothan, AL",116,116,116,116,3.4224137931034484,15.405172413793105,16.0,60.0,"Fri, Sep 26, 2014","Wed, Sep  3, 2014"
7064,Dickinson Theodore Roosevelt Regional Airport,Dickinson,United States,DIK,KDIK,46.7975,-102.801944,2592,-5,A,"Dickinson, ND",158,157,159,159,5.443037974683545,14.579617834394904,33.0,54.0,"Mon, Sep 22, 2014","Mon, Sep 22, 2014"
3598,Duluth International,Duluth,United States,DLH,KDLH,46.842091,-92.193649,1428,-6,A,"Duluth, MN",132,135,147,148,5.643939393939394,12.903703703703703,17.0,47.0,"Thu, Sep  4, 2014","Thu, Sep  4, 2014"
3713,Durango La Plata County,Durango,United States,DRO,KDRO,37.151516,-107.75377,6685,-7,A,"Durango, CO",157,154,157,156,4.853503184713374,12.733766233766236,15.0,74.0,"Sat, Sep 13, 2014","Thu, Sep 11, 2014"
3729,Des Moines International,Des Moines,United States,DSM,KDSM,41.533972,-93.663083,958,-6,A,"Des Moines, IA",767,767,790,789,5.42503259452412,13.20599739243806,31.0,90.0,"Sat, Sep  6, 2014","Sun, Sep 28, 2014"
3645,Detroit Metro Wayne County,Detroit,United States,DTW,KDTW,42.212444,-83.353389,645,-5,A,"Detroit, MI",8852,8845,8939,8937,7.299141436963389,17.530808366308676,56.0,134.0,"Fri, Sep  5, 2014","Fri, Sep  5, 2014"
7063,Devils Lake Regional Airport,Devils Lake,United States,DVL,KDVL,48.114444,-98.908611,1445,-6,A,"Devils Lake, ND",47,46,47,47,5.085106382978725,13.369565217391305,7.0,24.0,"Sun, Sep 28, 2014","Sat, Sep  6, 2014"
5735,Chippewa Valley Regional Airport,Eau Claire,United States,EAU,KEAU,44.8658,-91.4843,913,-6,A,"Eau Claire, WI",53,50,60,60,4.264150943396225,15.64,11.0,43.0,"Mon, Sep  8, 2014","Wed, Sep  3, 2014"
7669,Northwest Florida Beaches International,Panama City,United States,ECP,KECP,30.3417,-85.7973,69,-6,A,"Panama City, FL",320,321,320,321,3.5625,12.77881619937694,8.0,54.0,"Tue, Sep  9, 2014","Tue, Sep 16, 2014"
4250,Eagle County Regional,Vail,United States,EGE,KEGE,39.642556,-106.917694,6540,-7,A,"Eagle, CO",30,30,30,30,4.833333333333332,14.833333333333334,9.0,26.0,"Wed, Sep 17, 2014","Tue, Sep 30, 2014"
5736,Elko Regional Airport,Elko,United States,EKO,KEKO,40.8249,-115.792,5140,-8,A,"Elko, NV",80,80,80,80,4.299999999999999,8.599999999999998,12.0,23.0,"Mon, Sep 29, 2014","Mon, Sep 29, 2014"
3946,Elmira Corning Regional,Elmira,United States,ELM,KELM,42.159889,-76.891611,954,-5,A,"Elmira/Corning, NY",174,175,180,180,3.6954022988505746,11.605714285714283,11.0,62.0,"Thu, Sep 25, 2014","Fri, Sep 19, 2014"
3559,El Paso International,El Paso,United States,ELP,KELP,31.80725,-106.377583,3958,-7,A,"El Paso, TX",1486,1486,1500,1499,3.917227456258412,12.584791386271883,59.0,79.0,"Wed, Sep 17, 2014","Thu, Sep 11, 2014"
4276,Erie International-Tom Ridge Field,Erie,United States,ERI,KERI,42.082022,-80.176217,733,-5,A,"Erie, PA",53,53,56,57,4.3773584905660385,12.320754716981131,7.0,36.0,"Sat, Sep  6, 2014","Fri, Sep 12, 2014"
4099,Mahlon Sweet Field,Eugene,United States,EUG,KEUG,44.124583,-123.211972,374,-8,A,"Eugene, OR",385,386,390,391,4.381818181818184,13.264248704663212,10.0,84.0,"Sat, Sep 20, 2014","Sun, Sep 21, 2014"
4018,Evansville Regional,Evansville,United States,EVV,KEVV,38.036997,-87.532364,418,-6,A,"Evansville, IN",273,273,287,287,3.6446886446886446,15.113553113553106,11.0,79.0,"Sat, Sep 27, 2014","Mon, Sep  1, 2014"
3730,Craven County Regional,New Bern,United States,EWN,KEWN,35.072972,-77.042944,18,-5,A,"New Bern/Morehead/Beaufort, NC",76,76,77,77,2.578947368421052,10.25,9.0,81.0,"Thu, Sep 11, 2014","Sun, Sep  7, 2014"
3494,Newark Liberty International,Newark,United States,EWR,KEWR,40.6925,-74.168667,18,-5,A,"Newark, NJ",8533,8569,8640,8656,8.802296964725183,21.75948185319175,61.0,133.0,"Sat, Sep 13, 2014","Fri, Sep  5, 2014"
3875,Key West International,Key West,United States,EYW,KEYW,24.556111,-81.759556,3,-5,A,"Key West, FL",238,238,240,240,2.9789915966386555,9.121848739495801,10.0,29.0,"Sun, Sep 28, 2014","Tue, Sep 16, 2014"
3832,Fairbanks International,Fairbanks,United States,FAI,PAFA,64.815114,-147.856267,434,-9,A,"Fairbanks, AK",167,168,169,170,4.0359281437125745,12.875,16.0,32.0,"Sat, Sep 27, 2014","Fri, Sep 26, 2014"
4292,Hector International Airport,Fargo,United States,FAR,KFAR,46.92065,-96.8157639,902,-6,A,"Fargo, ND",409,403,424,423,5.13691931540342,13.250620347394541,19.0,77.0,"Wed, Sep  3, 2014","Thu, Sep  4, 2014"
3687,Fresno Yosemite International,Fresno,United States,FAT,KFAT,36.776194,-119.71814,336,-8,A,"Fresno, CA",752,752,756,755,4.590425531914894,13.835106382978724,13.0,58.0,"Mon, Sep  8, 2014","Sun, Sep 21, 2014"
5738,Fayetteville Regional-Grannis Field,Fayetteville,United States,FAY,KFAY,34.9912,-78.8803,189,-5,A,"Fayetteville, NC",166,165,166,166,4.674698795180726,13.236363636363636,8.0,82.0,"Mon, Sep  8, 2014","Sun, Sep  7, 2014"
4127,Glacier Park International,Kalispell,United States,FCA,KFCA,48.310472,-114.256,2977,-7,A,"Kalispell, MT",250,252,252,254,4.123999999999999,13.662698412698411,12.0,40.0,"Fri, Sep  5, 2014","Tue, Sep 30, 2014"
4261,Flagstaff Pulliam Airport,Flagstaff,United States,FLG,KFLG,35.140318,-111.6692392,7015,-7,N,"Flagstaff, AZ",142,142,143,143,4.1690140845070465,13.767605633802816,10.0,61.0,"Tue, Sep  2, 2014","Thu, Sep 18, 2014"
3533,Fort Lauderdale Hollywood International,Fort Lauderdale,United States,FLL,KFLL,26.072583,-80.15275,9,-5,A,"Fort Lauderdale, FL",4047,4049,4065,4066,4.670126019273542,15.545319832057308,50.0,77.0,"Mon, Sep 22, 2014","Thu, Sep 18, 2014"
4089,Bishop International,Flint,United States,FNT,KFNT,42.965424,-83.743629,782,-5,A,"Flint, MI",359,364,378,378,4.339832869080775,11.25274725274725,15.0,67.0,"Fri, Sep 12, 2014","Tue, Sep 30, 2014"
3843,Forbes Field,Topeka,United States,FOE,KFOE,38.950944,-95.663611,1078,-6,A,"Topeka, KS",3,4,3,4,5.333333333333333,10.75,6.0,14.0,"Tue, Sep  2, 2014","Tue, Sep  2, 2014"
4009,Sioux Falls,Sioux Falls,United States,FSD,KFSD,43.582014,-96.741914,1429,-6,A,"Sioux Falls, SD",609,609,637,637,4.604269293924459,13.436781609195403,36.0,94.0,"Sun, Sep 14, 2014","Thu, Sep  4, 2014"
3437,Fort Smith Regional,Fort Smith,United States,FSM,KFSM,35.336583,-94.367444,469,-6,A,"Fort Smith, AR",198,197,202,201,3.7323232323232336,11.401015228426395,17.0,53.0,"Wed, Sep 10, 2014","Thu, Sep 18, 2014"
4041,Fort Wayne,Fort Wayne,United States,FWA,KFWA,40.978472,-85.195139,815,-5,A,"Fort Wayne, IN",364,362,398,396,4.497252747252749,12.450276243093922,36.0,56.0,"Tue, Sep  2, 2014","Sat, Sep 20, 2014"
4296,Gillette-Campbell County Airport,Gillette,United States,GCC,KGCC,44.3489167,-105.5393611,4365,-7,A,"Gillette, WY",119,119,120,120,4.403361344537813,12.890756302521009,17.0,44.0,"Fri, Sep  5, 2014","Thu, Sep 11, 2014"
3497,Garden City Regional,Garden City,United States,GCK,KGCK,37.927528,-100.724417,2891,-6,A,"Garden City, KS",58,58,60,60,3.2413793103448274,12.758620689655176,6.0,54.0,"Tue, Sep 30, 2014","Thu, Sep 18, 2014"
3467,Spokane International,Spokane,United States,GEG,KGEG,47.619861,-117.533833,2376,-8,A,"Spokane, WA",756,756,756,756,5.06613756613757,11.332010582010582,13.0,53.0,"Wed, Sep 17, 2014","Thu, Sep 11, 2014"
3442,Grand Forks International,Grand Forks,United States,GFK,KGFK,47.949256,-97.176111,845,-6,A,"Grand Forks, ND",70,71,70,71,4.485714285714287,12.929577464788732,7.0,24.0,"Mon, Sep 29, 2014","Mon, Sep  1, 2014"
3465,East Texas Regional,Longview,United States,GGG,KGGG,32.384014,-94.711486,365,-6,A,"Longview, TX",55,55,56,56,4.654545454545454,10.363636363636363,10.0,29.0,"Tue, Sep 30, 2014","Thu, Sep 18, 2014"
4063,Grand Junction Regional,Grand Junction,United States,GJT,KGJT,39.122413,-108.526735,4858,-7,A,"Grand Junction, CO",328,328,331,331,3.7530487804878048,13.225609756097555,15.0,92.0,"Tue, Sep 30, 2014","Wed, Sep 10, 2014"
3472,Gainesville Regional,Gainesville,United States,GNV,KGNV,29.690056,-82.271778,152,-5,A,"Gainesville, FL",195,195,196,196,3.738461538461539,12.78974358974359,13.0,46.0,"Sun, Sep  7, 2014","Tue, Sep 16, 2014"
4038,Gulfport-Biloxi,Gulfport,United States,GPT,KGPT,30.407278,-89.070111,28,-6,A,"Gulfport/Biloxi, MS",332,332,338,338,4.5,13.069277108433734,19.0,92.0,"Wed, Sep 24, 2014","Thu, Sep 18, 2014"
3653,Austin Straubel International,Green Bay,United States,GRB,KGRB,44.485072,-88.129589,695,-6,A,"Green Bay, WI",323,323,351,352,3.5758513931888545,10.136222910216725,15.0,39.0,"Mon, Sep 22, 2014","Tue, Sep  9, 2014"
5740,Central Nebraska Regional Airport,Grand Island,United States,GRI,KGRI,40.9675,-98.3096,1847,-6,A,"Grand Island, NE",56,54,56,56,5.125,10.981481481481483,14.0,24.0,"Sun, Sep  7, 2014","Wed, Sep 24, 2014"
3775,Robert Gray AAF,Killeen,United States,GRK,KGRK,31.06725,-97.828917,1015,-6,A,"Killeen, TX",380,379,384,384,3.5263157894736854,12.174142480211081,27.0,56.0,"Mon, Sep 22, 2014","Fri, Sep 12, 2014"
3685,Gerald R. Ford International,Grand Rapids,United States,GRR,KGRR,42.880833,-85.522806,794,-5,A,"Grand Rapids, MI",915,913,953,955,5.110382513661204,13.338444687842276,44.0,89.0,"Wed, Sep 24, 2014","Thu, Sep  4, 2014"
4008,Piedmont Triad,Greensboro,United States,GSO,KGSO,36.09775,-79.937306,925,-5,A,"Greensboro/High Point, NC",793,793,804,804,4.021437578814625,15.414880201765444,18.0,85.0,"Tue, Sep 30, 2014","Sun, Sep  7, 2014"
4034,Greenville-Spartanburg International,Greenville,United States,GSP,KGSP,34.895556,-82.218889,964,-5,A,"Greer, SC",630,621,637,634,4.301587301587301,13.178743961352659,29.0,117.0,"Fri, Sep 12, 2014","Sun, Sep  7, 2014"
3880,Great Falls International,Great Falls,United States,GTF,KGTF,47.482,-111.370689,3677,-7,A,"Great Falls, MT",195,195,195,195,4.235897435897437,10.538461538461547,8.0,24.0,"Wed, Sep 24, 2014","Thu, Sep 25, 2014"
4273,Golden Triangle Regional Airport,Columbus Mississippi,United States,GTR,KGTR,33.450333,-88.591361,264,-6,A,"Columbus, MS",85,85,86,85,2.752941176470588,11.776470588235295,5.0,80.0,"Wed, Sep  3, 2014","Sun, Sep  7, 2014"
7051,Gunnison - Crested Butte,Gunnison,United States,GUC,KGUC,38.533889,-106.933056,7678,-7,A,"Gunnison, CO",32,32,32,32,4.0625,11.1875,7.0,41.0,"Mon, Sep 29, 2014","Fri, Sep  5, 2014"
4339,Yampa Valley,Hayden,United States,HDN,KHDN,40.481181,-107.21766,6602,-7,A,"Hayden, CO",2,3,2,3,3.5,15.0,4.0,21.0,"Sat, Sep 13, 2014","Sun, Sep  7, 2014"
3650,Chisholm Hibbing,Hibbing,United States,HIB,KHIB,47.3866,-92.838994,1353,-6,A,"Hibbing, MN",51,51,51,51,4.941176470588235,8.352941176470589,25.0,17.0,"Mon, Sep  8, 2014","Sun, Sep 14, 2014"
3504,Helena Regional,Helena,United States,HLN,KHLN,46.606806,-111.98275,3877,-7,A,"Helena, MT",116,117,116,117,3.543103448275862,10.299145299145303,6.0,25.0,"Sat, Sep 20, 2014","Mon, Sep  1, 2014"
3728,Honolulu International,Honolulu,United States,HNL,PHNL,21.318681,-157.922428,13,-10,N,"Honolulu, HI",3721,3722,3730,3731,6.83714055361461,14.770553465878587,65.0,47.0,"Tue, Sep 23, 2014","Fri, Sep 12, 2014"
3749,Lea County Regional,Hobbs,United States,HOB,KHOB,32.687528,-103.217028,3661,-7,A,"Hobbs, NM",46,46,47,47,5.130434782608695,16.217391304347824,10.0,80.0,"Fri, Sep 12, 2014","Mon, Sep  8, 2014"
3566,William P. Hobby,Houston,United States,HOU,KHOU,29.645419,-95.278889,46,-6,A,"Houston, TX",4705,4712,4737,4741,5.797874601487779,10.07618845500847,80.0,102.0,"Sun, Sep  7, 2014","Sun, Sep  7, 2014"
3589,Westchester County,White Plains,United States,HPN,KHPN,41.066959,-73.707575,439,-5,A,"White Plains, NY",682,683,705,705,5.406158357771259,17.358711566617863,45.0,115.0,"Sun, Sep 21, 2014","Thu, Sep  4, 2014"
3560,Valley International,Harlingen,United States,HRL,KHRL,26.2285,-97.654389,36,-6,A,"Harlingen/San Benito, TX",271,271,273,273,3.2029520295202962,9.372693726937268,24.0,38.0,"Wed, Sep 17, 2014","Fri, Sep 12, 2014"
4113,Huntsville International Airport-Carl T. Jones Field,Huntsville,United States,HSV,KHSV,34.6371944,-86.7750556,629,-6,A,"Huntsville, AL",540,539,551,551,4.888888888888891,15.6178107606679,18.0,99.0,"Fri, Sep 19, 2014","Thu, Sep  4, 2014"
4278,Barnstable Municipal-Boardman Polando Field,Barnstable,United States,HYA,KHYA,41.669336,-70.280356,55,-5,A,"Hyannis, MA",9,9,9,9,3.4444444444444446,14.777777777777779,6.0,65.0,"Tue, Sep  9, 2014","Sat, Sep  6, 2014"
7014,Hays Regional Airport,Hays,United States,HYS,KHYS,38.8422,-99.2732,1998,-5,A,"Hays, KS",52,51,52,52,5.269230769230769,10.11764705882353,10.0,21.0,"Thu, Sep  4, 2014","Fri, Sep  5, 2014"
3714,Washington Dulles International,Washington,United States,IAD,KIAD,38.944533,-77.455811,313,-5,A,"Washington, DC",4811,4805,4857,4858,7.384327582623165,17.512174817898032,76.0,128.0,"Tue, Sep 30, 2014","Mon, Sep 22, 2014"
3550,George Bush Intercontinental Houston,Houston,United States,IAH,KIAH,29.984433,-95.341442,97,-6,A,"Houston, TX",13303,13325,13506,13496,8.415695707735088,16.733358348967958,58.0,120.0,"Thu, Sep 18, 2014","Sun, Sep  7, 2014"
3457,Wichita Mid Continent,Wichita,United States,ICT,KICT,37.649944,-97.433056,1333,-6,A,"Wichita, KS",751,749,774,772,4.9147802929427415,12.080106809078787,39.0,85.0,"Mon, Sep 29, 2014","Fri, Sep 26, 2014"
4100,Idaho Falls Regional,Idaho Falls,United States,IDA,KIDA,43.514556,-112.07075,4744,-7,A,"Idaho Falls, ID",273,271,274,272,4.318681318681319,10.634686346863464,9.0,25.0,"Sun, Sep  7, 2014","Thu, Sep 11, 2014"
3859,New Castle,Wilmington,United States,ILG,KILG,39.678722,-75.606528,79,-5,A,"Wilmington, DE",71,71,72,71,7.169014084507043,13.704225352112676,14.0,46.0,"Mon, Sep 29, 2014","Tue, Sep 30, 2014"
3845,Wilmington International,Wilmington,United States,ILM,KILM,34.270615,-77.902569,32,-5,A,"Wilmington, NC",223,223,225,224,4.4708520179372195,13.36322869955157,22.0,60.0,"Sun, Sep 21, 2014","Wed, Sep 24, 2014"
6837,Ford Airport,Iron Mountain,United States,IMT,KIMT,45.8183611,-88.1145556,1182,-5,A,"Iron Mountain/Kingsfd, MI",55,56,56,56,4.890909090909091,12.607142857142858,8.0,26.0,"Thu, Sep 11, 2014","Thu, Sep  4, 2014"
3585,Indianapolis International,Indianapolis,United States,IND,KIND,39.717331,-86.294383,797,-5,A,"Indianapolis, IN",2145,2130,2184,2180,5.535664335664337,12.705633802816909,54.0,93.0,"Mon, Sep  1, 2014","Thu, Sep  4, 2014"
3535,Falls International,International Falls,United States,INL,KINL,48.566186,-93.403067,1185,-6,A,"International Falls, MN",52,52,52,52,4.480769230769231,13.73076923076923,13.0,33.0,"Mon, Sep  1, 2014","Wed, Sep 24, 2014"
3659,Sloulin Field International,Williston,United States,ISN,KISN,48.177939,-103.642347,1982,-7,A,"Williston, ND",245,241,248,243,5.3428571428571425,17.365145228215773,21.0,57.0,"Mon, Sep  1, 2014","Mon, Sep 29, 2014"
3857,Long Island MacArthur,Islip,United States,ISP,KISP,40.79525,-73.100222,99,-5,A,"Islip, NY",351,351,351,351,4.529914529914526,9.601139601139597,10.0,41.0,"Sun, Sep 21, 2014","Sat, Sep 13, 2014"
3415,Hilo International,Hilo,United States,ITO,PHTO,19.721375,-155.048469,38,-10,N,"Hilo, HI",498,497,498,498,5.261044176706829,8.633802816901406,11.0,28.0,"Fri, Sep 12, 2014","Sat, Sep 27, 2014"
4027,Jackson Hole Airport,Jacksn Hole,United States,JAC,KJAC,43.60733333,-110.73775,6451,-7,A,"Jackson, WY",315,320,315,320,3.4285714285714293,14.4375,10.0,51.0,"Sat, Sep  6, 2014","Thu, Sep 11, 2014"
3580,Jackson Evers International,Jackson,United States,JAN,KJAN,32.311167,-90.075889,346,-6,A,"Jackson/Vicksburg, MS",600,599,613,613,6.03833333333333,13.841402337228715,62.0,63.0,"Fri, Sep  5, 2014","Fri, Sep 12, 2014"
3712,Jacksonville International,Jacksonville,United States,JAX,KJAX,30.494056,-81.687861,30,-5,A,"Jacksonville, FL",1728,1726,1736,1738,5.548611111111114,14.058516801853997,55.0,89.0,"Sun, Sep 28, 2014","Thu, Sep  4, 2014"
3797,John F. Kennedy International,New York,United States,JFK,KJFK,40.639751,-73.778925,13,-5,A,"New York, NY",8239,8241,8283,8275,9.209734191042594,25.175828176192237,67.0,123.0,"Mon, Sep  8, 2014","Sat, Sep  6, 2014"
4354,Joplin Regional,Joplin,United States,JLN,KJLN,37.151814,-94.498269,981,-6,A,"Joplin, MO",56,55,56,56,4.3392857142857135,13.127272727272725,7.0,39.0,"Mon, Sep 29, 2014","Mon, Sep  8, 2014"
5745,Jamestown Regional Airport,Jamestown,United States,JMS,KJMS,46.9297,-98.6782,1498,-6,A,"Jamestown, ND",72,72,73,73,4.472222222222224,12.333333333333336,8.0,39.0,"Thu, Sep 18, 2014","Tue, Sep  9, 2014"
3492,Juneau International,Juneau,United States,JNU,PAJN,58.354972,-134.576278,21,-9,A,"Juneau, AK",330,334,338,340,4.296969696969699,11.814371257485021,61.0,41.0,"Tue, Sep 23, 2014","Mon, Sep  1, 2014"
3514,Kona International At Keahole,Kona,United States,KOA,PHKO,19.738767,-156.045631,47,-10,N,"Kona, HI",839,837,840,838,4.969010727056017,9.637992831541219,10.0,32.0,"Mon, Sep 29, 2014","Sat, Sep 27, 2014"
3808,Ketchikan International,Ketchikan,United States,KTN,PAKT,55.355556,-131.71375,88,-9,A,"Ketchikan, AK",198,198,201,201,4.217171717171715,10.020202020202026,17.0,27.0,"Sun, Sep 14, 2014","Thu, Sep 11, 2014"
3544,Capital City,Lansing,United States,LAN,KLAN,42.7787,-84.587357,861,-5,A,"Lansing, MI",146,148,158,158,4.157534246575342,11.871621621621621,12.0,58.0,"Wed, Sep 24, 2014","Wed, Sep 17, 2014"
5746,Laramie Regional Airport,Laramie,United States,LAR,KLAR,41.3121,-105.675,7284,-7,A,"Laramie, WY",60,60,60,60,4.716666666666668,14.466666666666665,10.0,59.0,"Fri, Sep 26, 2014","Wed, Sep 10, 2014"
3877,McCarran International,Las Vegas,United States,LAS,KLAS,36.080056,-115.15225,2141,-8,A,"Las Vegas, NV",11168,11172,11225,11231,6.863538681948425,15.280343716433942,51.0,153.0,"Sun, Sep  7, 2014","Sun, Sep  7, 2014"
4256,Lawton-Fort Sill Regional Airport,Lawton,United States,LAW,KLAW,34.5677144,-98.4166367,1110,-6,A,"Lawton/Fort Sill, OK",118,118,120,120,2.9830508474576267,11.025423728813555,8.0,36.0,"Tue, Sep 30, 2014","Sun, Sep 21, 2014"
3484,Los Angeles International,Los Angeles,United States,LAX,KLAX,33.942536,-118.408075,126,-8,A,"Los Angeles, CA",17451,17463,17585,17589,10.03421007392127,15.794307965412553,92.0,152.0,"Mon, Sep 22, 2014","Mon, Sep  8, 2014"
3829,Lubbock Preston Smith International,Lubbock,United States,LBB,KLBB,33.663639,-101.822778,3282,-6,A,"Lubbock, TX",541,542,547,548,4.321626617375233,11.107011070110712,36.0,56.0,"Wed, Sep 24, 2014","Wed, Sep 17, 2014"
3513,Lake Charles Regional,Lake Charles,United States,LCH,KLCH,30.126112,-93.223335,15,-6,A,"Lake Charles, LA",159,158,163,163,4.685534591194969,11.645569620253164,9.0,30.0,"Thu, Sep 18, 2014","Fri, Sep 19, 2014"
4017,Blue Grass,Lexington KY,United States,LEX,KLEX,38.0365,-84.605889,979,-5,A,"Lexington, KY",479,477,509,508,4.077244258872657,14.366876310272536,43.0,120.0,"Thu, Sep 18, 2014","Thu, Sep  4, 2014"
3493,Lafayette Regional,Lafayette,United States,LFT,KLFT,30.205278,-91.987611,43,-6,A,"Lafayette, LA",524,521,529,527,5.110687022900766,13.642994241842612,60.0,68.0,"Fri, Sep 12, 2014","Sun, Sep  7, 2014"
3697,LaGuardia Airport,New York,United States,LGA,KLGA,40.777245,-73.872608,22,-5,A,"New York, NY",8424,8436,8551,8550,7.593542260208926,27.90777619724988,83.0,127.0,"Tue, Sep  2, 2014","Mon, Sep  1, 2014"
3582,Long Beach,Long Beach,United States,LGB,KLGB,33.817722,-118.151611,60,-8,A,"Long Beach, CA",836,835,841,840,3.8947368421052633,12.614371257485027,18.0,43.0,"Tue, Sep 23, 2014","Wed, Sep 10, 2014"
3602,Lihue,Lihue,United States,LIH,PHLI,21.975983,-159.338958,153,-10,N,"Lihue, HI",871,867,871,869,5.610792192881745,8.170703575547856,23.0,55.0,"Sat, Sep 13, 2014","Mon, Sep  1, 2014"
3660,Adams Field,Little Rock,United States,LIT,KLIT,34.729444,-92.224306,262,-6,A,"Little Rock, AR",1099,1100,1126,1128,5.155595996360322,13.111818181818178,37.0,88.0,"Sat, Sep  6, 2014","Mon, Sep 29, 2014"
3543,Lincoln,Lincoln,United States,LNK,KLNK,40.850971,-96.75925,1219,-6,A,"Lincoln, NE",202,204,216,215,4.247524752475248,12.259803921568633,30.0,57.0,"Fri, Sep  5, 2014","Thu, Sep  4, 2014"
3691,Laredo International,Laredo,United States,LRD,KLRD,27.54375,-99.461556,508,-6,A,"Laredo, TX",197,195,200,200,3.558375634517767,12.435897435897436,17.0,87.0,"Tue, Sep 16, 2014","Thu, Sep 18, 2014"
4044,LaCrosse Municipal,LaCrosse,United States,LSE,KLSE,43.878986,-91.256711,654,-6,A,"La Crosse, WI",108,107,118,118,3.296296296296296,10.58878504672897,7.0,35.0,"Fri, Sep  5, 2014","Thu, Sep 18, 2014"
3945,Lewiston Nez Perce County,Lewiston,United States,LWS,KLWS,46.3745,-117.015389,1442,-8,A,"Lewiston, ID",56,55,56,55,4.839285714285714,11.145454545454545,28.0,39.0,"Wed, Sep  3, 2014","Sun, Sep 28, 2014"
3652,Midland International,Midland,United States,MAF,KMAF,31.942528,-102.201914,2871,-6,A,"Midland/Odessa, TX",828,827,834,835,3.8743961352657004,11.431680773881489,33.0,80.0,"Tue, Sep 30, 2014","Mon, Sep 29, 2014"
4128,MBS International,Saginaw,United States,MBS,KMBS,43.532913,-84.079647,668,-5,A,"Saginaw/Bay City/Midland, MI",106,101,116,116,4.30188679245283,14.25742574257426,7.0,45.0,"Wed, Sep 10, 2014","Sat, Sep 20, 2014"
3458,Kansas City International,Kansas City,United States,MCI,KMCI,39.297606,-94.713905,1026,-6,A,"Kansas City, MO",3554,3550,3597,3596,5.350028137310069,11.561971830985923,42.0,66.0,"Mon, Sep 29, 2014","Mon, Sep 29, 2014"
3878,Orlando International,Orlando,United States,MCO,KMCO,28.429394,-81.308994,96,-5,A,"Orlando, FL",7642,7634,7674,7670,7.511777021722061,14.902803248624561,85.0,113.0,"Thu, Sep  4, 2014","Wed, Sep  3, 2014"
3542,Harrisburg International,Harrisburg,United States,MDT,KMDT,40.193494,-76.763403,310,-5,A,"Harrisburg, PA",228,225,234,233,5.324561403508768,13.795555555555556,23.0,102.0,"Tue, Sep  2, 2014","Sat, Sep  6, 2014"
3747,Chicago Midway International,Chicago,United States,MDW,KMDW,41.785972,-87.752417,620,-6,A,"Chicago, IL",7048,7052,7411,7415,6.298950056753693,13.486245036868986,88.0,85.0,"Fri, Sep  5, 2014","Fri, Sep  5, 2014"
3473,Memphis International,Memphis,United States,MEM,KMEM,35.042417,-89.976667,341,-6,A,"Memphis, TN",1236,1233,1261,1260,5.437702265372177,16.105433901054344,44.0,96.0,"Thu, Sep 11, 2014","Thu, Sep 11, 2014"
3826,McAllen Miller International,Mcallen,United States,MFE,KMFE,26.175833,-98.238611,107,-6,A,"Mission/McAllen/Edinburg, TX",355,355,361,361,4.569014084507046,13.045070422535217,24.0,62.0,"Sat, Sep 13, 2014","Wed, Sep 17, 2014"
4101,Rogue Valley International Medford,Medford,United States,MFR,KMFR,42.374228,-122.8735,1335,-8,A,"Medford, OR",248,247,249,249,4.5,13.080971659919028,17.0,48.0,"Sat, Sep 13, 2014","Fri, Sep 26, 2014"
4115,Montgomery Regional Airport ,MONTGOMERY,United States,MGM,KMGM,32.3006389,-86.3939722,221,-6,A,"Montgomery, AL",289,287,291,291,2.771626297577856,14.80139372822299,16.0,95.0,"Fri, Sep 12, 2014","Tue, Sep 16, 2014"
4050,Manhattan Regional,Manhattan,United States,MHK,KMHK,39.140972,-96.670833,1057,-6,A,"Manhattan/Ft. Riley, KS",142,141,150,150,2.887323943661972,11.609929078014185,15.0,89.0,"Tue, Sep  2, 2014","Thu, Sep  4, 2014"
4011,Manchester Regional Airport,Manchester NH,United States,MHT,KMHT,42.932556,-71.435667,266,-5,A,"Manchester, NH",645,640,655,653,4.341085271317829,12.6484375,14.0,71.0,"Mon, Sep  8, 2014","Sun, Sep 21, 2014"
3576,Miami International,Miami,United States,MIA,KMIA,25.79325,-80.290556,8,-5,A,"Miami, FL",6192,6201,6219,6217,7.015342377260982,17.865505563618715,68.0,114.0,"Sun, Sep  7, 2014","Tue, Sep  2, 2014"
3717,General Mitchell International,Milwaukee,United States,MKE,KMKE,42.947222,-87.896583,723,-6,A,"Milwaukee, WI",2549,2537,2678,2679,5.0976853668105235,11.928655892786766,55.0,85.0,"Thu, Sep  4, 2014","Thu, Sep 18, 2014"
5754,Muskegon County Airport,Muskegon,United States,MKG,KMKG,43.1695,-86.2382,628,-5,A,"Muskegon, MI",51,56,60,60,4.431372549019608,12.625,8.0,65.0,"Wed, Sep 24, 2014","Fri, Sep 26, 2014"
3671,Melbourne International,Melbourne,United States,MLB,KMLB,28.102753,-80.645258,33,-5,A,"Melbourne, FL",107,107,107,107,4.822429906542058,15.271028037383177,37.0,38.0,"Mon, Sep 22, 2014","Thu, Sep  4, 2014"
4072,Quad City International,Moline,United States,MLI,KMLI,41.448528,-90.507539,590,-6,A,"Moline, IL",362,362,395,395,4.151933701657461,11.096685082872916,21.0,52.0,"Sat, Sep  6, 2014","Thu, Sep 11, 2014"
3732,Monroe Regional,Monroe,United States,MLU,KMLU,32.510864,-92.037689,79,-6,A,"Monroe, LA",262,262,265,265,4.541984732824425,13.561068702290076,27.0,87.0,"Sun, Sep 28, 2014","Fri, Sep  5, 2014"
3782,Mobile Regional,Mobile,United States,MOB,KMOB,30.691231,-88.242814,219,-6,A,"Mobile, AL",463,458,469,468,3.989200863930883,12.048034934497812,51.0,40.0,"Thu, Sep 18, 2014","Tue, Sep 16, 2014"
3498,Minot International,Minot,United States,MOT,KMOT,48.259378,-101.280333,1716,-6,A,"Minot, ND",122,122,123,123,5.245901639344259,13.475409836065573,12.0,43.0,"Tue, Sep 23, 2014","Sun, Sep 28, 2014"
6838,Sawyer International Airport,Marquette,United States,MQT,KMQT,46.353611,-87.395278,1221,-5,A,"Marquette, MI",25,25,26,26,4.72,13.2,7.0,40.0,"Tue, Sep  2, 2014","Sun, Sep 28, 2014"
3948,Monterey Peninsula,Monterey,United States,MRY,KMRY,36.587,-121.842944,257,-8,A,"Monterey, CA",354,352,382,382,3.5649717514124295,13.47727272727273,8.0,41.0,"Thu, Sep 25, 2014","Thu, Sep 18, 2014"
3459,Dane County Regional-Truax Field,Madison,United States,MSN,KMSN,43.139858,-89.337514,887,-6,A,"Madison, WI",976,970,1037,1032,4.675204918032793,12.49484536082475,39.0,106.0,"Mon, Sep 22, 2014","Thu, Sep  4, 2014"
4216,Missoula International,Missoula,United States,MSO,KMSO,46.916306,-114.090556,3205,-7,A,"Missoula, MT",376,375,377,376,6.287234042553192,13.013333333333334,58.0,75.0,"Mon, Sep  8, 2014","Sun, Sep 28, 2014"
3858,Minneapolis St. Paul International,Minneapolis,United States,MSP,KMSP,44.881956,-93.221767,841,-6,A,"Minneapolis, MN",8770,8776,8851,8849,5.768415051311278,15.83021877848678,41.0,131.0,"Tue, Sep 30, 2014","Fri, Sep  5, 2014"
3861,Louis Armstrong New Orleans International,New Orleans,United States,MSY,KMSY,29.993389,-90.258028,4,-6,A,"New Orleans, LA",2950,2956,2966,2971,4.171525423728828,11.00575101488498,37.0,57.0,"Fri, Sep  5, 2014","Thu, Sep 18, 2014"
6880,Montrose Regional Airport,Montrose CO,United States,MTJ,KMTJ,38.509794,-107.894242,5759,-7,A,"Montrose/Delta, CO",34,34,34,34,4.7941176470588225,12.235294117647058,9.0,27.0,"Sat, Sep  6, 2014","Fri, Sep  5, 2014"
4265,Martha's Vineyard,Vineyard Haven MA,United States,MVY,KMVY,41.391667,-70.615278,67,-5,A,"Martha's Vineyard, MA",21,21,21,21,3.380952380952381,13.047619047619047,6.0,48.0,"Sun, Sep  7, 2014","Sat, Sep 20, 2014"
3515,Myrtle Beach International,Myrtle Beach,United States,MYR,KMYR,33.67975,-78.928333,25,-5,A,"Myrtle Beach, SC",179,179,179,179,4.921787709497209,13.776536312849162,9.0,34.0,"Fri, Sep  5, 2014","Thu, Sep 11, 2014"
4386,Albert J. Ellis,Jacksonville NC,United States,OAJ,KOAJ,34.829164,-77.612139,94,-5,A,"Jacksonville/Camp Lejeune, NC",116,116,116,116,2.6465517241379306,10.620689655172415,7.0,31.0,"Wed, Sep 17, 2014","Tue, Sep 30, 2014"
3453,Metropolitan Oakland International,Oakland,United States,OAK,KOAK,37.721278,-122.220722,9,-8,A,"Oakland, CA",3586,3588,3631,3634,6.651422197434472,10.212931995540691,41.0,42.0,"Fri, Sep 19, 2014","Wed, Sep 24, 2014"
3456,Kahului,Kahului,United States,OGG,PHOG,20.89865,-156.430458,54,-10,N,"Kahului, HI",1714,1714,1718,1719,6.121936989498246,8.865810968494737,36.0,42.0,"Sun, Sep 14, 2014","Fri, Sep 12, 2014"
3863,Will Rogers World,Oklahoma City,United States,OKC,KOKC,35.393089,-97.600733,1295,-6,A,"Oklahoma City, OK",1724,1718,1750,1744,4.864849187935032,12.142025611175777,45.0,104.0,"Tue, Sep  2, 2014","Thu, Sep 18, 2014"
3454,Eppley Airfield,Omaha,United States,OMA,KOMA,41.303167,-95.894069,984,-6,A,"Omaha, NE",1508,1511,1538,1540,4.292440318302396,12.031767041694247,23.0,85.0,"Tue, Sep  9, 2014","Fri, Sep 19, 2014"
3615,Nome,Nome,United States,OME,PAOM,64.512203,-165.445247,37,-9,A,"Nome, AK",60,60,60,60,3.933333333333333,5.566666666666666,9.0,13.0,"Thu, Sep 18, 2014","Tue, Sep 16, 2014"
3734,Ontario International,Ontario,United States,ONT,KONT,34.056,-117.601194,944,-8,A,"Ontario, CA",1660,1659,1670,1673,4.637951807228913,11.400241109101858,20.0,94.0,"Mon, Sep  1, 2014","Fri, Sep 19, 2014"
3830,Chicago O'Hare International,Chicago,United States,ORD,KORD,41.978603,-87.904842,668,-6,A,"Chicago, IL",23122,23124,24905,24870,11.822117463887206,19.091030963501158,88.0,136.0,"Tue, Sep  2, 2014","Sat, Sep 27, 2014"
3611,Norfolk International,Norfolk,United States,ORF,KORF,36.894611,-76.201222,26,-5,A,"Norfolk, VA",1005,1006,1028,1028,4.44975124378109,13.347912524850898,52.0,99.0,"Sun, Sep 14, 2014","Tue, Sep 16, 2014"
6426,Worcester Regional Airport,Worcester,United States,ORH,KORH,42.2673,-71.8757,1009,-5,U,"Worcester, MA",58,57,60,60,3.4827586206896552,12.19298245614035,6.0,38.0,"Fri, Sep  5, 2014","Fri, Sep 26, 2014"
5757,Southwest Oregon Regional Airport,North Bend,United States,OTH,KOTH,43.4171,-124.246,17,-8,A,"North Bend/Coos Bay, OR",32,32,33,33,3.78125,12.8125,7.0,30.0,"Tue, Sep  2, 2014","Wed, Sep  3, 2014"
3693,Ralph Wien Memorial,Kotzebue,United States,OTZ,PAOT,66.884678,-162.59855,11,-9,A,"Kotzebue, AK",60,60,60,60,3.8333333333333335,6.766666666666667,6.0,26.0,"Sun, Sep  7, 2014","Mon, Sep 22, 2014"
4117,Barkley Regional Airport,PADUCAH,United States,PAH,KPAH,37.0602875,-88.7729583,410,-6,A,"Paducah, KY",51,50,60,60,4.137254901960786,10.560000000000002,6.0,26.0,"Sat, Sep 13, 2014","Thu, Sep  4, 2014"
3722,Palm Beach International,West Palm Beach,United States,PBI,KPBI,26.683161,-80.095589,19,-5,A,"West Palm Beach/Palm Beach, FL",1265,1265,1269,1271,4.36442687747035,13.037154150197635,42.0,64.0,"Sat, Sep  6, 2014","Thu, Sep  4, 2014"
3720,Portland International,Portland,United States,PDX,KPDX,45.588722,-122.5975,30,-8,A,"Portland, OR",4175,4168,4191,4188,4.351137724550885,12.394673704414599,35.0,72.0,"Thu, Sep 25, 2014","Tue, Sep 23, 2014"
3633,Newport News Williamsburg International,Newport News,United States,PHF,KPHF,37.131894,-76.492989,43,-5,A,"Newport News/Williamsburg, VA",165,165,167,167,4.484848484848482,12.042424242424243,12.0,38.0,"Fri, Sep 26, 2014","Tue, Sep  2, 2014"
3752,Philadelphia International,Philadelphia,United States,PHL,KPHL,39.871944,-75.241139,36,-5,A,"Philadelphia, PA",5784,5785,5822,5819,6.797890733056704,21.094554883318892,49.0,154.0,"Sat, Sep  6, 2014","Sat, Sep  6, 2014"
3462,Phoenix Sky Harbor International,Phoenix,United States,PHX,KPHX,33.434278,-112.011583,1135,-7,N,"Phoenix, AZ",12025,12054,12132,12126,7.01721413721414,15.552347768375624,92.0,161.0,"Thu, Sep 18, 2014","Sat, Sep 27, 2014"
4046,Peoria Regional,Peoria,United States,PIA,KPIA,40.664203,-89.693258,660,-6,A,"Peoria, IL",352,353,377,378,3.4630681818181817,12.832861189801704,8.0,81.0,"Fri, Sep  5, 2014","Thu, Sep 18, 2014"
5760,Pocatello Regional Airport,Pocatello,United States,PIH,KPIH,42.9098,-112.596,4452,-7,A,"Pocatello, ID",110,109,110,110,3.309090909090909,7.724770642201835,9.0,27.0,"Tue, Sep  2, 2014","Mon, Sep 29, 2014"
3570,Pittsburgh International,Pittsburgh (pennsylva),United States,PIT,KPIT,40.491467,-80.232872,1204,-5,A,"Pittsburgh, PA",2269,2267,2292,2293,5.6099603349493234,12.940891045434503,38.0,97.0,"Fri, Sep 26, 2014","Wed, Sep 24, 2014"
5762,Pellston Regional Airport of Emmet County Airport,Pellston,United States,PLN,KPLN,45.5709,-84.7967,720,-5,A,"Pellston, MI",1,1,1,1,4.0,11.0,4.0,11.0,"Mon, Sep  1, 2014","Mon, Sep  1, 2014"
3564,Pensacola Regional,Pensacola,United States,PNS,KPNS,30.473425,-87.186611,121,-6,A,"Pensacola, FL",637,636,640,641,5.017268445839873,13.569182389937106,34.0,69.0,"Wed, Sep 10, 2014","Sat, Sep 13, 2014"
6133,Tri Cities Airport,Pasco,United States,PSC,PSC,46.2647,-119.119,410,-8,A,"Pasco/Kennewick/Richland, WA",230,229,232,232,5.178260869565217,11.532751091703057,18.0,28.0,"Mon, Sep 15, 2014","Wed, Sep 10, 2014"
4147,Petersburg James A. Johnson,Petersburg,United States,PSG,PAPG,56.801667,-132.945278,105,-9,A,"Petersburg, AK",57,59,60,60,3.6666666666666665,7.322033898305085,6.0,17.0,"Wed, Sep  3, 2014","Fri, Sep 12, 2014"
3839,Palm Springs International,Palm Springs,United States,PSP,KPSP,33.829667,-116.506694,477,-8,A,"Palm Springs, CA",673,670,678,678,4.980683506686474,13.88955223880597,15.0,87.0,"Tue, Sep 30, 2014","Fri, Sep  5, 2014"
3527,Pueblo Memorial,Pueblo Memorial,United States,PUB,KPUB,38.289085,-104.496572,4726,-7,A,"Pueblo, CO",51,51,52,52,3.9019607843137254,11.156862745098039,7.0,57.0,"Mon, Sep  1, 2014","Mon, Sep 29, 2014"
3641,Theodore Francis Green State,Providence,United States,PVD,KPVD,41.732581,-71.420383,55,-5,A,"Providence, RI",1028,1028,1036,1036,4.429961089494163,12.309338521400779,17.0,86.0,"Thu, Sep  4, 2014","Thu, Sep  4, 2014"
3862,Portland International Jetport,Portland,United States,PWM,KPWM,43.646161,-70.309281,77,-5,A,"Portland, ME",397,397,402,401,3.6221662468513856,12.483627204030226,13.0,63.0,"Sun, Sep 21, 2014","Wed, Sep 24, 2014"
4087,Rapid City Regional Airport,Rapid City,United States,RAP,KRAP,44.045278,-103.057222,3204,-7,A,"Rapid City, SD",315,314,329,329,4.860317460317458,14.117834394904465,32.0,53.0,"Fri, Sep 19, 2014","Fri, Sep 26, 2014"
4098,Redding Municipal,Redding,United States,RDD,KRDD,40.509,-122.293389,504,-8,A,"Redding, CA",86,85,90,90,4.08139534883721,13.258823529411766,13.0,32.0,"Tue, Sep  2, 2014","Sat, Sep 13, 2014"
4103,Roberts Field,Redmond-Bend,United States,RDM,KRDM,44.254066,-121.149964,3077,-8,A,"Bend/Redmond, OR",176,177,176,177,4.863636363636365,12.898305084745763,8.0,68.0,"Wed, Sep 24, 2014","Sat, Sep 27, 2014"
3626,Raleigh Durham International,Raleigh-durham,United States,RDU,KRDU,35.877639,-78.787472,435,-5,A,"Raleigh/Durham, NC",3018,3008,3044,3044,4.622266401590464,13.914561170212764,46.0,104.0,"Wed, Sep  3, 2014","Sun, Sep  7, 2014"
5765,Rhinelander Oneida County Airport,Rhinelander,United States,RHI,KRHI,45.6312,-89.4675,1624,-6,A,"Rhinelander, WI",84,84,86,86,5.107142857142856,13.785714285714286,9.0,47.0,"Tue, Sep 16, 2014","Tue, Sep 30, 2014"
3608,Richmond International,Richmond,United States,RIC,KRIC,37.505167,-77.319667,167,-5,A,"Richmond, VA",1302,1308,1332,1331,5.331029185867893,15.015290519877675,40.0,134.0,"Fri, Sep 26, 2014","Thu, Sep  4, 2014"
5766,Rock Springs Sweetwater County Airport,Rock Springs,United States,RKS,KRKS,41.5942,-109.065,6760,-7,A,"Rock Springs, WY",145,143,150,150,3.4482758620689653,9.265734265734265,8.0,60.0,"Sat, Sep  6, 2014","Thu, Sep 11, 2014"
3807,Reno Tahoe International,Reno,United States,RNO,KRNO,39.499108,-119.768108,4415,-8,A,"Reno, NV",1170,1174,1184,1185,4.606837606837601,11.864565587734248,26.0,62.0,"Sat, Sep 13, 2014","Wed, Sep 17, 2014"
4016,Roanoke Regional,Roanoke VA,United States,ROA,KROA,37.325472,-79.975417,1175,-5,A,"Roanoke, VA",179,180,188,185,5.122905027932958,14.372222222222222,14.0,106.0,"Mon, Sep 29, 2014","Thu, Sep  4, 2014"
3622,Greater Rochester International,Rochester,United States,ROC,KROC,43.118866,-77.672389,559,-5,A,"Rochester, NY",660,657,675,675,5.207575757575752,12.601217656012182,22.0,68.0,"Thu, Sep  4, 2014","Tue, Sep 30, 2014"
3736,Roswell International Air Center,Roswell,United States,ROW,KROW,33.301556,-104.530556,3671,-7,A,"Roswell, NM",86,86,86,86,3.802325581395349,11.77906976744186,12.0,29.0,"Mon, Sep  1, 2014","Mon, Sep 22, 2014"
4048,Rochester,Rochester,United States,RST,KRST,43.908283,-92.500014,1317,-6,A,"Rochester, MN",168,168,178,178,3.267857142857143,13.410714285714286,8.0,79.0,"Mon, Sep  8, 2014","Tue, Sep 30, 2014"
3793,Southwest Florida International,Fort Myers,United States,RSW,KRSW,26.536167,-81.755167,30,-5,A,"Fort Myers, FL",1311,1315,1322,1324,4.620900076277647,11.749049429657795,60.0,96.0,"Fri, Sep  5, 2014","Thu, Sep  4, 2014"
3784,Santa Fe Municipal,Santa Fe,United States,SAF,KSAF,35.617108,-106.089422,6348,-7,A,"Santa Fe, NM",179,177,180,180,5.268156424581003,12.740112994350282,13.0,30.0,"Tue, Sep  9, 2014","Mon, Sep 29, 2014"
3731,San Diego International,San Diego,United States,SAN,KSAN,32.733556,-117.189667,17,-8,A,"San Diego, CA",6180,6182,6228,6233,3.8763754045307444,14.073924296344213,34.0,72.0,"Wed, Sep 17, 2014","Fri, Sep 19, 2014"
3621,San Antonio International,San Antonio,United States,SAT,KSAT,29.533694,-98.469778,809,-6,A,"San Antonio, TX",2678,2676,2688,2688,4.01381628080657,11.24140508221226,31.0,55.0,"Sun, Sep 28, 2014","Tue, Sep 16, 2014"
3613,Savannah Hilton Head International,Savannah,United States,SAV,KSAV,32.127583,-81.202139,51,-5,A,"Savannah, GA",809,802,823,823,5.499381953028434,15.195760598503732,39.0,75.0,"Sun, Sep  7, 2014","Thu, Sep 11, 2014"
3949,Santa Barbara Municipal,Santa Barbara,United States,SBA,KSBA,34.426211,-119.840372,10,-8,A,"Santa Barbara, CA",659,656,665,666,4.989377845220033,12.64024390243903,25.0,67.0,"Sun, Sep 14, 2014","Thu, Sep  4, 2014"
4359,South Bend Regional,South Bend,United States,SBN,KSBN,41.708661,-86.31725,799,-5,A,"South Bend, IN",398,400,429,428,4.6859296482412,14.85,29.0,66.0,"Tue, Sep 23, 2014","Fri, Sep 26, 2014"
5768,San Luis County Regional Airport,San Luis Obispo,United States,SBP,KSBP,35.2368,-120.642,212,-8,A,"San Luis Obispo, CA",413,411,417,417,3.3462469733656173,12.007299270072997,7.0,74.0,"Mon, Sep 15, 2014","Wed, Sep  3, 2014"
3620,Deadhorse,Deadhorse,United States,SCC,PASC,70.19475,-148.465167,64,-9,A,"Deadhorse, AK",76,76,78,78,3.960526315789474,7.657894736842105,6.0,33.0,"Thu, Sep  4, 2014","Wed, Sep 10, 2014"
4318,University Park Airport,State College Pennsylvania,United States,SCE,KUNV,40.849278,-77.848694,1239,-5,A,"State College, PA",54,55,60,60,5.351851851851851,9.890909090909087,15.0,41.0,"Wed, Sep 24, 2014","Fri, Sep  5, 2014"
4014,Louisville International Airport,Louisville,United States,SDF,KSDF,38.1740858,-85.7364989,501,-5,A,"Louisville, KY",1177,1176,1206,1206,5.7272727272727355,13.924319727891158,41.0,59.0,"Tue, Sep  9, 2014","Mon, Sep 29, 2014"
3577,Seattle Tacoma International,Seattle,United States,SEA,KSEA,47.449,-122.309306,433,-8,A,"Seattle, WA",9289,9290,9314,9316,7.180213155345029,16.12981700753497,49.0,99.0,"Wed, Sep 17, 2014","Tue, Sep 23, 2014"
3469,San Francisco International,San Francisco,United States,SFO,KSFO,37.618972,-122.374889,13,-8,A,"San Francisco, CA",13667,13700,13871,13878,6.651569473915256,17.952043795620316,61.0,117.0,"Wed, Sep 24, 2014","Thu, Sep 18, 2014"
4348,Springfield Branson National,Springfield,United States,SGF,KSGF,37.245667,-93.388639,1268,-6,A,"Springfield, MO",546,542,563,563,4.835164835164836,13.905904059040589,44.0,94.0,"Wed, Sep 17, 2014","Mon, Sep 15, 2014"
4064,St. George Municipal,Saint George,United States,SGU,KSGU,37.090583,-113.593056,2941,-7,A,"St. George, UT",144,144,145,145,4.013888888888889,12.67361111111111,10.0,37.0,"Mon, Sep 15, 2014","Wed, Sep 17, 2014"
3609,Shreveport Regional,Shreveport,United States,SHV,KSHV,32.446629,-93.8256,258,-6,A,"Shreveport, LA",558,553,569,569,5.331541218637989,10.386980108499095,35.0,53.0,"Thu, Sep 25, 2014","Sat, Sep 27, 2014"
3856,Sitka Rocky Gutierrez,Sitka,United States,SIT,PASI,57.047138,-135.361611,21,-9,A,"Sitka, AK",95,96,98,97,4.242105263157895,10.500000000000002,8.0,20.0,"Thu, Sep  4, 2014","Tue, Sep  9, 2014"
3748,Norman Y. Mineta San Jose International,San Jose,United States,SJC,KSJC,37.3626,-121.929022,62,-8,A,"San Jose, CA",3513,3512,3534,3535,3.962994591517218,11.652050113895225,34.0,55.0,"Wed, Sep 17, 2014","Fri, Sep 19, 2014"
3708,San Angelo Regional-Mathis Field,San Angelo,United States,SJT,KSJT,31.35775,-100.496306,1919,-6,A,"San Angelo, TX",143,142,146,146,2.86013986013986,9.415492957746476,7.0,47.0,"Wed, Sep 24, 2014","Fri, Sep 12, 2014"
3536,Salt Lake City International,Salt Lake City,United States,SLC,KSLC,40.788389,-111.977772,4227,-7,A,"Salt Lake City, UT",9076,9094,9108,9110,6.040436315557506,16.917088190015516,45.0,102.0,"Sat, Sep 27, 2014","Thu, Sep  4, 2014"
3817,Sacramento International,Sacramento,United States,SMF,KSMF,38.695417,-121.590778,27,-8,A,"Sacramento, CA",3431,3433,3455,3453,4.651413582046051,10.73783862510924,25.0,51.0,"Fri, Sep 19, 2014","Sat, Sep 20, 2014"
5772,Santa Maria Public-Captain G. Allan Hancock Airport,Santa Maria,United States,SMX,KSMX,34.8989,-120.457,261,-8,A,"Santa Maria, CA",98,98,98,98,4.0,11.755102040816327,6.0,40.0,"Mon, Sep 15, 2014","Sat, Sep 20, 2014"
3867,John Wayne Airport Orange County,Santa Ana,United States,SNA,KSNA,33.675667,-117.868222,56,-8,A,"Santa Ana, CA",3214,3218,3243,3243,5.194150591163643,11.912678682411444,32.0,78.0,"Fri, Sep  5, 2014","Thu, Sep  4, 2014"
4336,Abraham Lincoln Capital,Springfield,United States,SPI,KSPI,39.8441,-89.677889,597,-6,A,"Springfield, IL",132,134,146,146,4.287878787878792,12.947761194029848,18.0,61.0,"Tue, Sep 30, 2014","Tue, Sep  9, 2014"
3680,Sheppard AFB Wichita Falls Municipal,Wichita Falls,United States,SPS,KSPS,33.988797,-98.491894,1019,-6,A,"Wichita Falls, TX",119,119,120,120,6.0,14.025210084033613,13.0,82.0,"Sun, Sep  7, 2014","Thu, Sep 18, 2014"
4067,Sarasota Bradenton International,Sarasota,United States,SRQ,KSRQ,27.395444,-82.554389,30,-5,A,"Sarasota/Bradenton, FL",214,214,215,215,4.210280373831775,12.200934579439252,10.0,34.0,"Thu, Sep 18, 2014","Wed, Sep 24, 2014"
4271,Saint Cloud Regional Airport,Saint Cloud,United States,STC,KSTC,45.546556,-94.059889,1031,-6,A,"St. Cloud, MN",52,53,58,58,4.499999999999999,17.999999999999996,13.0,36.0,"Tue, Sep  9, 2014","Sat, Sep 13, 2014"
3678,Lambert St. Louis International,St. Louis,United States,STL,KSTL,38.748697,-90.370028,618,-6,A,"St. Louis, MO",4290,4290,4322,4321,4.680652680652698,11.061538461538468,56.0,78.0,"Wed, Sep 10, 2014","Thu, Sep  4, 2014"
6494,Friedman Memorial,Hailey,United States,SUN,KSUN,43.504444,-114.296194,5320,-7,A,"Sun Valley/Hailey/Ketchum, ID",115,117,118,120,3.2869565217391306,11.205128205128204,6.0,38.0,"Fri, Sep 12, 2014","Mon, Sep  8, 2014"
3753,Sioux Gateway-Colonel Bud Day Field,Sioux City,United States,SUX,KSUX,42.402603,-96.384367,1098,-6,A,"Sioux City, IA",64,63,69,69,3.578125,13.984126984126988,7.0,90.0,"Tue, Sep  9, 2014","Mon, Sep 29, 2014"
3661,Stewart International,Newburgh,United States,SWF,KSWF,41.504094,-74.104839,491,-5,A,"Newburgh/Poughkeepsie, NY",59,60,60,60,4.949152542372882,13.233333333333333,8.0,27.0,"Wed, Sep  3, 2014","Wed, Sep 24, 2014"
3745,Syracuse Hancock International,Syracuse,United States,SYR,KSYR,43.111187,-76.106311,421,-5,A,"Syracuse, NY",505,506,522,522,4.241584158415839,13.120553359683802,42.0,79.0,"Fri, Sep 19, 2014","Tue, Sep 30, 2014"
3698,Tallahassee Regional,Tallahassee,United States,TLH,KTLH,30.396528,-84.350333,81,-5,A,"Tallahassee, FL",350,347,351,350,6.105714285714283,14.195965417867436,26.0,114.0,"Thu, Sep 11, 2014","Sun, Sep  7, 2014"
4040,Toledo,Toledo,United States,TOL,KTOL,41.586806,-83.807833,684,-5,A,"Toledo, OH",78,77,86,86,2.5769230769230766,13.766233766233766,7.0,40.0,"Mon, Sep 29, 2014","Wed, Sep 10, 2014"
3646,Tampa International,Tampa,United States,TPA,KTPA,27.975472,-82.53325,26,-5,A,"Tampa, FL",4551,4551,4572,4570,4.55240606460116,12.46649088112502,34.0,110.0,"Sun, Sep 28, 2014","Wed, Sep  3, 2014"
4116,Tri-Cities Regional Airport,BRISTOL,United States,TRI,KTRI,36.4752222,-82.4074167,1519,-5,A,"Bristol/Johnson City/Kingsport, TN",145,145,145,145,4.0758620689655185,15.179310344827586,14.0,50.0,"Sat, Sep 13, 2014","Fri, Sep 26, 2014"
3447,Trenton Mercer,Trenton,United States,TTN,KTTN,40.276692,-74.813469,213,-5,A,"Trenton, NJ",295,295,300,300,7.064406779661017,12.467796610169493,32.0,84.0,"Tue, Sep 30, 2014","Sat, Sep  6, 2014"
3855,Tulsa International,Tulsa,United States,TUL,KTUL,36.198389,-95.888111,677,-6,A,"Tulsa, OK",1423,1416,1450,1449,4.288123682361206,12.974576271186441,37.0,81.0,"Thu, Sep 18, 2014","Thu, Sep  4, 2014"
3636,Tucson International,Tucson,United States,TUS,KTUS,32.116083,-110.941028,2643,-7,N,"Tucson, AZ",1241,1239,1247,1246,5.077356970185331,11.998385794995954,66.0,75.0,"Fri, Sep 12, 2014","Mon, Sep  8, 2014"
4023,Cherry Capital Airport,Traverse City,United States,TVC,KTVC,44.741445,-85.582235,624,-5,A,"Traverse City, MI",218,217,238,239,3.802752293577983,12.843317972350233,19.0,46.0,"Thu, Sep  4, 2014","Tue, Sep 30, 2014"
4263,Magic Valley Regional Airport,Twin Falls,United States,TWF,KTWF,42.481803,-114.487733,4151,-7,A,"Twin Falls, ID",59,59,59,59,3.593220338983051,8.440677966101694,7.0,29.0,"Thu, Sep 25, 2014","Mon, Sep 29, 2014"
3770,Texarkana Regional-Webb Field,Texarkana,United States,TXK,KTXK,33.453722,-93.991028,390,-6,A,"Texarkana, AR",85,85,86,86,2.847058823529411,10.058823529411761,7.0,29.0,"Mon, Sep  1, 2014","Sun, Sep 21, 2014"
3848,Tyler Pounds Regional,Tyler,United States,TYR,KTYR,32.354139,-95.402386,544,-6,A,"Tyler, TX",211,213,218,219,4.350710900473937,10.427230046948356,10.0,111.0,"Sun, Sep  7, 2014","Thu, Sep 18, 2014"
3676,McGhee Tyson,Knoxville,United States,TYS,KTYS,35.810972,-83.994028,981,-5,A,"Knoxville, TN",748,749,777,778,5.0975935828877015,14.146862483311082,86.0,138.0,"Wed, Sep 17, 2014","Tue, Sep 30, 2014"
6989,St. Augustine Airport,St. Augustine Airport,United States,UST,KSGJ,29.959167,-81.339722,10,-5,A,"St. Augustine, FL",29,29,30,30,6.758620689655173,10.10344827586207,19.0,23.0,"Wed, Sep 24, 2014","Fri, Sep 12, 2014"
7076,Vernal Regional Airport,Vernal,United States,VEL,KVEL,40.440833,-109.51,5278,-7,A,"Vernal, UT",50,50,50,50,2.62,7.88,5.0,15.0,"Mon, Sep  1, 2014","Mon, Sep 22, 2014"
5776,Valdosta Regional Airport,Valdosta,United States,VLD,KVLD,30.7825,-83.2767,203,-5,A,"Valdosta, GA",85,85,86,86,4.058823529411765,13.6,7.0,41.0,"Thu, Sep 11, 2014","Tue, Sep 16, 2014"
3873,Eglin AFB,Valparaiso,United States,VPS,KVPS,30.48325,-86.5254,87,-6,A,"Valparaiso, FL",386,386,387,387,7.487046632124352,14.790155440414507,27.0,52.0,"Tue, Sep 16, 2014","Tue, Sep 16, 2014"
5969,Wrangell Airport,Wrangell,United States,WRG,PAWG,56.4843,-132.37,44,-9,A,"Wrangell, AK",56,57,60,60,3.767857142857143,7.842105263157894,5.0,57.0,"Wed, Sep  3, 2014","Thu, Sep 11, 2014"
7072,Yellowstone Airport,West Yellowstone,United States,WYS,KWYS,44.688333,-111.1175,6644,-7,A,"West Yellowstone, MT",61,60,61,61,3.5573770491803285,7.783333333333333,6.0,14.0,"Mon, Sep 15, 2014","Mon, Sep  1, 2014"
4356,NW Arkansas Regional,Bentonville,United States,XNA,KXNA,36.2818694,-94.3068111,1287,-6,A,"Fayetteville, AR",792,788,814,812,4.733585858585863,14.52664974619289,59.0,79.0,"Wed, Sep 17, 2014","Thu, Sep  4, 2014"
6803,Yakutat,Yakutat,United States,YAK,PAYA,59.3012,-139.3937,33,-9,A,"Yakutat, AK",60,60,60,60,3.9166666666666665,9.066666666666665,6.0,37.0,"Mon, Sep  1, 2014","Fri, Sep 19, 2014"
3596,Yuma MCAS Yuma International,Yuma,United States,YUM,KYUM,32.656578,-114.60598,216,-7,N,"Yuma, AZ",229,228,231,230,4.257641921397378,13.052631578947366,11.0,52.0,"Sun, Sep  7, 2014","Mon, Sep  8, 2014"
2883,Cyril E. King,St. Thomas,Virgin Islands,STT,TIST,18.337306,-64.973361,23,-4,U,"Charlotte Amalie, VI",177,177,177,177,4.011299435028253,13.265536723163843,8.0,43.0,"Mon, Sep 22, 2014","Mon, Sep  8, 2014"
2884,Henry E. Rohlsen,St. Croix Island,Virgin Islands,STX,TISX,17.701889,-64.798556,74,-4,U,"Christiansted, VI",60,60,60,60,3.5833333333333335,12.283333333333333,7.0,45.0,"Mon, Sep 22, 2014","Tue, Sep 23, 2014"
1970,Pago Pago Internatonal,Pago Pago,American Samoa,PPG,NSTU,-14.331,-170.7105,32,-11,U,"Pago Pago, TT",9,9,9,9,7.333333333333333,10.222222222222221,8.0,14.0,"Fri, Sep  5, 2014","Mon, Sep  8, 2014"
2246,Guam International,Agana,Guam,GUM,PGUM,13.48345,144.795983,298,10,U,"Guam, TT",30,29,30,29,6.4,15.20689655172414,11.0,73.0,"Thu, Sep 25, 2014","Tue, Sep 16, 2014"
2885,Rafael Hernndez,Aguadilla,Puerto Rico,BQN,TJBQ,18.494861,-67.129444,237,-4,U,"Aguadilla, PR",69,70,69,71,7.072463768115942,11.585714285714285,16.0,31.0,"Sun, Sep 28, 2014","Thu, Sep 25, 2014"
2889,Aeropuerto Mercedita,Ponce,Puerto Rico,PSE,TJPS,18.008306,-66.563028,29,-4,U,"Ponce, PR",48,49,48,49,5.062500000000001,13.673469387755102,18.0,46.0,"Thu, Sep 18, 2014","Sat, Sep 20, 2014"
2890,Luis Muoz Marn International,San Juan,Puerto Rico,SJU,TJSJ,18.439417,-66.001833,9,-4,U,"San Juan, PR",1658,1662,1662,1668,5.534378769601921,12.466907340553552,35.0,78.0,"Sat, Sep 20, 2014","Fri, Sep 12, 2014"
