airport_id,name,city,country,iata_faa,iaco,latitude,longitude,altitude,zone,dst,city_state,avg_able_landings,avg_able_takeoffs,total_landings,total_takeoffs,avg_taxi_in,avg_taxi_out,longest_taxi_in,longest_taxi_out,lng_tx_in_date,lng_tx_out_date
4355,Lehigh Valley International,Allentown,United States,ABE,KABE,40.652083,-75.440806,393,-5,A,"Allentown/Bethlehem/Easton, PA",170,172,171,172,3.7823529411764705,13.238372093023257,22.0,73.0,"Thu, Oct 30, 2014","Thu, Oct  2, 2014"
3718,Abilene Regional,Abilene,United States,ABI,KABI,32.411319,-99.681897,1791,-6,A,"Abilene, TX",233,234,240,240,3.575107296137339,9.957264957264961,28.0,50.0,"Sun, Oct 12, 2014","Thu, Oct  2, 2014"
4019,Albuquerque International Sunport,Albuquerque,United States,ABQ,KABQ,35.0402222,-106.6091944,5355,-7,A,"Albuquerque, NM",2056,2056,2073,2071,5.617217898832691,10.888132295719846,35.0,69.0,"Wed, Oct  1, 2014","Thu, Oct  2, 2014"
5714,Aberdeen Regional Airport,Aberdeen,United States,ABR,KABR,45.4491,-98.4218,1302,-6,A,"Aberdeen, SD",72,72,72,72,4.736111111111111,12.09722222222222,14.0,31.0,"Wed, Oct 15, 2014","Fri, Oct 31, 2014"
5715,Southwest Georgia Regional Airport,Albany,United States,ABY,KABY,31.5355,-84.1945,197,-5,A,"Albany, GA",84,84,85,86,3.4404761904761907,11.154761904761905,6.0,45.0,"Mon, Oct 20, 2014","Wed, Oct 15, 2014"
3517,Nantucket Memorial,Nantucket,United States,ACK,KACK,41.253053,-70.060181,48,-5,A,"Nantucket, MA",24,24,24,24,3.75,16.541666666666668,7.0,49.0,"Mon, Oct 13, 2014","Tue, Oct  7, 2014"
3700,Waco Regional,Waco,United States,ACT,KACT,31.611289,-97.230519,516,-6,A,"Waco, TX",146,146,151,151,3.3767123287671237,10.260273972602741,10.0,50.0,"Thu, Oct 16, 2014","Sun, Oct 19, 2014"
4384,Arcata,Arcata CA,United States,ACV,KACV,40.978111,-124.108611,221,-8,A,"Arcata/Eureka, CA",265,266,287,286,4.245283018867925,10.973684210526319,15.0,32.0,"Tue, Oct 14, 2014","Wed, Oct 15, 2014"
3524,Atlantic City International,Atlantic City,United States,ACY,KACY,39.457583,-74.577167,75,-5,A,"Atlantic City, NJ",60,58,62,62,5.25,13.275862068965518,37.0,34.0,"Sat, Oct 11, 2014","Tue, Oct 21, 2014"
5959,Adak Airport,Adak Island,United States,ADK,PADK,51.878,-176.646,18,-10,A,"Adak Island, AK",7,7,9,9,3.857142857142857,7.714285714285714,5.0,11.0,"Sun, Oct 26, 2014","Thu, Oct  9, 2014"
3531,Kodiak,Kodiak,United States,ADQ,PADQ,57.749967,-152.493856,78,-9,A,"Kodiak, AK",28,28,31,31,3.3214285714285716,5.142857142857143,5.0,11.0,"Fri, Oct 17, 2014","Tue, Oct 21, 2014"
3852,Alexandria International,Alexandria,United States,AEX,KAEX,31.3274,-92.549833,89,-6,A,"Alexandria, LA",287,286,294,294,3.554006968641116,12.010489510489508,15.0,38.0,"Mon, Oct  6, 2014","Mon, Oct  6, 2014"
3658,Augusta Regional At Bush Field,Bush Field,United States,AGS,KAGS,33.369944,-81.9645,144,-5,A,"Augusta, GA",205,205,205,205,3.6878048780487807,13.507317073170729,8.0,54.0,"Fri, Oct 17, 2014","Mon, Oct  6, 2014"
3864,Albany International,Albany,United States,ALB,KALB,42.748267,-73.801692,285,-5,A,"Albany, NY",671,672,677,676,3.9538002980625944,13.766369047619046,25.0,88.0,"Wed, Oct 15, 2014","Thu, Oct  2, 2014"
5718,Waterloo Regional Airport,Waterloo,United States,ALO,KALO,42.5571,-92.4003,873,-6,A,"Waterloo, IA",51,52,58,58,5.1568627450980395,10.807692307692308,9.0,39.0,"Thu, Oct 16, 2014","Mon, Oct 20, 2014"
3840,Rick Husband Amarillo International,Amarillo,United States,AMA,KAMA,35.219369,-101.705931,3607,-6,A,"Amarillo, TX",605,605,620,620,4.4264462809917395,10.509090909090911,27.0,131.0,"Tue, Oct  7, 2014","Mon, Oct 13, 2014"
3774,Ted Stevens Anchorage International,Anchorage,United States,ANC,PANC,61.174361,-149.996361,152,-9,A,"Anchorage, AK",1210,1213,1220,1222,4.289256198347113,12.854905193734547,29.0,86.0,"Sat, Oct 11, 2014","Sat, Oct 11, 2014"
5720,Alpena County Regional Airport,Alpena,United States,APN,KAPN,45.0781,-83.5603,689,-5,A,"Alpena, MI",54,54,54,54,5.074074074074074,11.796296296296296,10.0,23.0,"Thu, Oct  9, 2014","Sat, Oct 11, 2014"
7001,Aspen/Pitkin County-Sardy Field,Aspen,United States,ASE,KASE,39.2232,-106.869,7820,-7,A,"Aspen, CO",139,141,144,146,3.6546762589928052,11.219858156028373,11.0,38.0,"Wed, Oct  1, 2014","Thu, Oct 23, 2014"
3682,Hartsfield Jackson Atlanta International,Atlanta,United States,ATL,KATL,33.636719,-84.428067,1026,-5,A,"Atlanta, GA",31528,31555,31613,31618,9.19776072062925,18.904357471082296,100.0,120.0,"Sun, Oct 12, 2014","Thu, Oct  2, 2014"
4047,Appleton,Appleton,United States,ATW,KATW,44.257526,-88.507576,680,-6,A,"Appleton, WI",297,299,312,311,4.653198653198655,14.421404682274247,36.0,64.0,"Sat, Oct  4, 2014","Wed, Oct  1, 2014"
3673,Austin Bergstrom International,Austin,United States,AUS,KAUS,30.194528,-97.669889,542,-6,A,"Austin, TX",3763,3756,3779,3778,5.608557002391708,12.749201277955269,52.0,133.0,"Thu, Oct  9, 2014","Mon, Oct  6, 2014"
4007,Asheville Regional Airport,Asheville,United States,AVL,KAVL,35.436194,-82.541806,2165,-5,A,"Asheville, NC",291,292,296,296,3.8281786941580758,16.18493150684932,26.0,65.0,"Sun, Oct 12, 2014","Thu, Oct 23, 2014"
4286,Wilkes Barre Scranton International,Scranton,United States,AVP,KAVP,41.338478,-75.723403,962,-5,A,"Scranton/Wilkes-Barre, PA",162,163,165,165,3.4074074074074074,12.932515337423313,11.0,34.0,"Fri, Oct 17, 2014","Mon, Oct 20, 2014"
4039,Kalamazoo,Kalamazoo,United States,AZO,KAZO,42.234875,-85.552058,874,-5,A,"Kalamazoo, MI",196,198,207,208,3.214285714285715,13.06565656565656,10.0,56.0,"Fri, Oct 31, 2014","Fri, Oct 31, 2014"
3825,Bradley International,Windsor Locks,United States,BDL,KBDL,41.938889,-72.683222,173,-5,A,"Hartford, CT",1692,1687,1697,1695,5.025413711583933,13.502074688796677,33.0,79.0,"Wed, Oct 15, 2014","Sun, Oct 26, 2014"
3599,Bethel,Bethel,United States,BET,PABE,60.779778,-161.838,121,-9,A,"Bethel, AK",85,85,85,85,3.8705882352941177,7.882352941176469,9.0,25.0,"Tue, Oct 21, 2014","Mon, Oct 20, 2014"
3558,Meadows Field,Bakersfield,United States,BFL,KBFL,35.433598,-119.05677,507,-8,A,"Bakersfield, CA",251,252,252,253,4.517928286852587,13.781746031746032,8.0,55.0,"Sun, Oct  5, 2014","Thu, Oct 23, 2014"
3463,Bangor International,Bangor,United States,BGR,KBGR,44.807444,-68.828139,192,-5,A,"Bangor, ME",66,66,66,66,5.3939393939393945,12.803030303030303,18.0,35.0,"Thu, Oct  2, 2014","Tue, Oct 28, 2014"
3811,Birmingham International,Birmingham,United States,BHM,KBHM,33.562942,-86.75355,644,-6,A,"Birmingham, AL",1195,1196,1210,1210,4.038493723849376,13.250836120401333,41.0,56.0,"Thu, Oct  9, 2014","Thu, Oct  2, 2014"
4021,Billings Logan International Airport,Billings,United States,BIL,KBIL,45.80921,-108.537654,3652,-7,A,"Billings, MT",231,232,232,233,3.8095238095238093,10.931034482758621,43.0,27.0,"Fri, Oct 24, 2014","Fri, Oct 10, 2014"
4083,Bismarck Municipal Airport,Bismarck,United States,BIS,KBIS,46.775842,-100.757931,1661,-6,A,"Bismarck/Mandan, ND",244,239,244,242,4.721311475409838,13.581589958159,27.0,51.0,"Wed, Oct  1, 2014","Tue, Oct  7, 2014"
4287,Bemidji Regional Airport,Bemidji,United States,BJI,KBJI,47.510722,-94.934722,1391,-6,A,"Bemidji, MN",61,61,62,62,4.360655737704914,10.868852459016393,7.0,23.0,"Wed, Oct  1, 2014","Sat, Oct 11, 2014"
6962,Branson LLC,Branson,United States,BKG,KBBG,36.531994,-93.200556,1302,-6,A,"Branson, MO",25,25,26,26,4.92,9.520000000000003,7.0,17.0,"Fri, Oct 24, 2014","Wed, Oct  1, 2014"
3777,Bellingham International,Bellingham,United States,BLI,KBLI,48.792694,-122.537528,170,-8,A,"Bellingham, WA",45,45,45,45,4.4,12.0,6.0,24.0,"Thu, Oct 16, 2014","Wed, Oct 29, 2014"
4037,Central Illinois Regional,Bloomington,United States,BMI,KBMI,40.477111,-88.915917,871,-6,A,"Bloomington/Normal, IL",275,275,280,280,4.040000000000001,11.901818181818188,15.0,56.0,"Tue, Oct 21, 2014","Fri, Oct 31, 2014"
3690,Nashville International,Nashville,United States,BNA,KBNA,36.124472,-86.678194,599,-6,A,"Nashville, TN",4652,4645,4685,4686,6.785898538263112,12.835306781485471,179.0,98.0,"Sun, Oct 12, 2014","Wed, Oct  1, 2014"
3495,Boise Air Terminal,Boise,United States,BOI,KBOI,43.564361,-116.222861,2871,-7,A,"Boise, ID",961,963,967,968,4.053069719042665,12.325025960539975,25.0,68.0,"Fri, Oct 31, 2014","Fri, Oct 10, 2014"
3448,General Edward Lawrence Logan International,Boston,United States,BOS,KBOS,42.364347,-71.005181,19,-5,A,"Boston, MA",9591,9605,9673,9676,6.416119278490245,19.33503383654344,52.0,143.0,"Thu, Oct 16, 2014","Wed, Oct 15, 2014"
3612,Southeast Texas Regional,Beaumont,United States,BPT,KBPT,29.950833,-94.020694,15,-6,A,"Beaumont/Port Arthur, TX",87,87,93,93,3.4942528735632186,12.40229885057471,13.0,100.0,"Fri, Oct  3, 2014","Mon, Oct 13, 2014"
5725,Brunswick Golden Isles Airport,Brunswick,United States,BQK,KBQK,31.2588,-81.4665,26,-5,A,"Brunswick, GA",83,83,85,85,3.0843373493975905,16.313253012048182,5.0,50.0,"Fri, Oct 31, 2014","Thu, Oct  2, 2014"
6957,Brainerd Lakes Regional,Brainerd,United States,BRD,KBRD,46.398308,-94.138078,1226,-6,U,"Brainerd, MN",77,77,77,77,5.857142857142857,12.571428571428573,14.0,36.0,"Mon, Oct 27, 2014","Mon, Oct 13, 2014"
3738,Brownsville South Padre Island International,Brownsville,United States,BRO,KBRO,25.906833,-97.425861,22,-6,A,"Brownsville, TX",200,200,205,205,5.055000000000001,12.479999999999995,19.0,50.0,"Fri, Oct 31, 2014","Sun, Oct 26, 2014"
3571,Wiley Post Will Rogers Memorial,Barrow,United States,BRW,PABR,71.285446,-156.766003,44,-9,A,"Barrow, AK",76,79,79,79,4.565789473684212,10.08860759493671,8.0,31.0,"Sat, Oct  4, 2014","Sat, Oct 18, 2014"
4022,Bert Mooney Airport,Butte,United States,BTM,KBTM,45.954806,-112.497472,5550,-7,A,"Butte, MT",62,62,62,62,3.6451612903225805,12.338709677419354,6.0,32.0,"Sat, Oct  4, 2014","Wed, Oct  8, 2014"
3846,Baton Rouge Metro-Ryan Field,Baton Rouge,United States,BTR,KBTR,30.533167,-91.149639,70,-6,A,"Baton Rouge, LA",694,695,718,718,5.103746397694518,12.296402877697837,63.0,89.0,"Mon, Oct  6, 2014","Mon, Oct 13, 2014"
3711,Burlington International,Burlington,United States,BTV,KBTV,44.471861,-73.153278,335,-5,A,"Burlington, VT",387,389,392,392,4.335917312661496,14.38560411311054,19.0,57.0,"Fri, Oct 10, 2014","Thu, Oct 16, 2014"
3820,Buffalo Niagara International,Buffalo,United States,BUF,KBUF,42.940525,-78.732167,724,-5,A,"Buffalo, NY",1543,1542,1556,1557,3.7997407647440116,11.989623865110252,24.0,61.0,"Thu, Oct  9, 2014","Wed, Oct  8, 2014"
3644,Bob Hope,Burbank,United States,BUR,KBUR,34.200667,-118.358667,778,-8,A,"Burbank, CA",1777,1777,1803,1803,2.9234665166010108,11.338773213280804,15.0,59.0,"Mon, Oct 20, 2014","Thu, Oct  9, 2014"
3849,Baltimore Washington International,Baltimore,United States,BWI,KBWI,39.175361,-76.668333,146,-5,A,"Baltimore, MD",7579,7585,7603,7605,6.059506531204649,14.730520764667109,61.0,126.0,"Wed, Oct 15, 2014","Tue, Oct 21, 2014"
4020,Gallatin Field,Bozeman,United States,BZN,KBZN,45.777643,-111.160151,4500,-7,A,"Bozeman, MT",264,264,265,265,4.469696969696966,12.378787878787879,7.0,35.0,"Tue, Oct 21, 2014","Fri, Oct  3, 2014"
3561,Columbia Metropolitan,Colombia,United States,CAE,KCAE,33.938833,-81.119528,236,-5,A,"Columbia, SC",576,577,592,594,4.124999999999998,15.121317157712305,153.0,114.0,"Fri, Oct 24, 2014","Tue, Oct 14, 2014"
4112,Akron Canton Regional Airport,Akron,United States,CAK,KCAK,40.9160833,-81.4421944,1228,-5,A,"Akron, OH",536,540,543,544,5.011194029850747,11.764814814814814,24.0,45.0,"Fri, Oct 31, 2014","Fri, Oct 10, 2014"
3824,Cedar City Regional,Cedar City,United States,CDC,KCDC,37.700967,-113.098847,5622,-7,A,"Cedar City, UT",54,54,54,54,3.9444444444444455,11.481481481481481,7.0,25.0,"Sun, Oct 12, 2014","Mon, Oct  6, 2014"
3610,Merle K. Mudhole Smith,Cordova,United States,CDV,PACV,60.491778,-145.477556,48,-9,A,"Cordova, AK",62,62,62,62,3.5161290322580645,8.032258064516133,5.0,23.0,"Mon, Oct 13, 2014","Wed, Oct  8, 2014"
5727,Del Norte County Airport,Crescent City,United States,CEC,KCEC,41.7802,-124.237,57,-8,A,"Crescent City, CA",80,81,85,85,3.8250000000000006,15.629629629629624,13.0,84.0,"Mon, Oct 20, 2014","Thu, Oct  9, 2014"
3578,Lovell Field,Chattanooga,United States,CHA,KCHA,35.035278,-85.203808,683,-5,A,"Chattanooga, TN",393,393,397,397,4.2773536895674305,13.447837150127224,27.0,111.0,"Thu, Oct  2, 2014","Wed, Oct  8, 2014"
4015,Charlottesville-Albemarle,Charlottesville VA,United States,CHO,KCHO,38.138639,-78.452861,639,-5,A,"Charlottesville, VA",207,206,209,209,3.4734299516908207,14.20873786407767,9.0,49.0,"Wed, Oct 15, 2014","Tue, Oct 28, 2014"
3806,Charleston AFB International,Charleston,United States,CHS,KCHS,32.898647,-80.040528,45,-5,A,"Charleston, SC",1258,1258,1273,1273,6.785373608903017,13.91494435612082,43.0,146.0,"Sun, Oct 26, 2014","Fri, Oct  3, 2014"
3710,Chico Municipal,Chico,United States,CIC,KCIC,39.795383,-121.858422,238,-8,A,"Chico, CA",89,90,93,93,3.5168539325842696,12.866666666666664,7.0,35.0,"Sat, Oct  4, 2014","Wed, Oct  1, 2014"
4043,Cedar Rapids,Cedar Rapids,United States,CID,KCID,41.884694,-91.710806,869,-6,A,"Cedar Rapids/Iowa City, IA",616,616,652,652,5.266233766233766,12.514610389610393,35.0,74.0,"Sun, Oct  5, 2014","Sun, Oct 12, 2014"
5729,Chippewa County International Airport,Sault Ste. Marie,United States,CIU,KCIU,46.2508,-84.4724,800,-5,A,"Sault Ste. Marie, MI",57,56,58,57,4.999999999999999,18.178571428571434,23.0,31.0,"Fri, Oct 24, 2014","Wed, Oct 29, 2014"
4088,McClellan-Palomar Airport,Carlsbad,United States,CLD,KCRQ,33.0742,-117.1648,328,-8,A,"Carlsbad, CA",208,208,209,209,4.019230769230769,12.58173076923077,9.0,39.0,"Thu, Oct  9, 2014","Fri, Oct 10, 2014"
3486,Cleveland Hopkins International,Cleveland,United States,CLE,KCLE,41.411689,-81.849794,791,-5,A,"Cleveland, OH",3190,3189,3235,3233,6.370846394984323,12.63280025086232,54.0,69.0,"Sun, Oct 19, 2014","Fri, Oct  3, 2014"
3715,Easterwood Field,College Station,United States,CLL,KCLL,30.588583,-96.363833,321,-6,A,"College Station/Bryan, TX",222,222,231,231,4.333333333333332,8.864864864864863,11.0,43.0,"Sun, Oct 19, 2014","Mon, Oct 27, 2014"
3876,Charlotte Douglas International,Charlotte,United States,CLT,KCLT,35.214,-80.943139,748,-5,A,"Charlotte, NC",9690,9714,9746,9755,8.911971104231215,18.74284537780528,62.0,128.0,"Fri, Oct 31, 2014","Tue, Oct 14, 2014"
3759,Port Columbus International,Columbus,United States,CMH,KCMH,39.997972,-82.891889,815,-5,A,"Columbus, OH",2239,2233,2265,2264,6.188030370701209,13.49216300940439,65.0,127.0,"Sun, Oct 19, 2014","Thu, Oct 23, 2014"
4049,Champaign,Champaign,United States,CMI,KCMI,40.03925,-88.278056,754,-6,A,"Champaign/Urbana, IL",201,201,209,209,3.8059701492537314,11.845771144278608,25.0,50.0,"Sun, Oct  5, 2014","Sun, Oct 26, 2014"
5732,Houghton County Memorial Airport,Hancock,United States,CMX,KCMX,47.1684,-88.4891,1095,-5,A,"Hancock/Houghton, MI",59,60,62,62,4.474576271186442,15.533333333333333,6.0,33.0,"Fri, Oct 31, 2014","Thu, Oct  2, 2014"
7074,Canyonlands Field,Moab,United States,CNY,KCNY,38.755,-109.754722,4555,-7,A,"Moab, UT",53,53,53,53,4.150943396226414,6.60377358490566,7.0,17.0,"Sun, Oct 26, 2014","Fri, Oct 10, 2014"
4344,Yellowstone Regional,Cody,United States,COD,KCOD,44.520194,-109.023806,5102,-7,A,"Cody, WY",61,62,62,62,4.37704918032787,16.725806451612897,8.0,41.0,"Thu, Oct  9, 2014","Wed, Oct  1, 2014"
3819,City Of Colorado Springs Municipal,Colorado Springs,United States,COS,KCOS,38.805805,-104.700778,6187,-7,A,"Colorado Springs, CO",785,787,793,793,6.309554140127391,16.85641677255401,82.0,83.0,"Tue, Oct 14, 2014","Sat, Oct  4, 2014"
3719,Columbia Regional,Columbia,United States,COU,KCOU,38.818094,-92.219631,889,-6,A,"Columbia, MO",119,117,124,124,3.7983193277310923,14.726495726495726,10.0,80.0,"Mon, Oct  6, 2014","Thu, Oct  2, 2014"
3872,Natrona County International,Casper,United States,CPR,KCPR,42.908,-106.464417,5347,-7,A,"Casper, WY",227,227,227,227,4.6255506607929515,12.26431718061674,9.0,51.0,"Mon, Oct 27, 2014","Fri, Oct  3, 2014"
3744,Corpus Christi International,Corpus Christi,United States,CRP,KCRP,27.770361,-97.501222,44,-6,A,"Corpus Christi, TX",570,571,582,582,5.524561403508773,12.217162872154116,73.0,69.0,"Mon, Oct 13, 2014","Thu, Oct  2, 2014"
4285,Yeager,Charleston,United States,CRW,KCRW,38.373147,-81.593189,981,-5,A,"Charleston/Dunbar, WV",210,210,213,214,4.519047619047619,12.823809523809524,115.0,60.0,"Wed, Oct 15, 2014","Sat, Oct 18, 2014"
4255,Columbus Metropolitan Airport,Columbus,United States,CSG,KCSG,32.5163333,-84.9388611,397,-5,A,"Columbus, GA",117,116,119,119,2.905982905982906,9.870689655172415,10.0,33.0,"Mon, Oct  6, 2014","Tue, Oct 14, 2014"
3488,Cincinnati Northern Kentucky International,Cincinnati,United States,CVG,KCVG,39.048836,-84.667822,896,-5,A,"Cincinnati, OH",1821,1817,1848,1843,6.225700164744641,14.214639515685196,34.0,86.0,"Mon, Oct  6, 2014","Thu, Oct  2, 2014"
4045,Central Wisconsin,Wassau,United States,CWA,KCWA,44.772726,-89.646635,840,-6,A,"Mosinee, WI",112,113,119,119,3.8035714285714284,13.787610619469026,9.0,43.0,"Fri, Oct  3, 2014","Wed, Oct  1, 2014"
3950,Daytona Beach International,Daytona Beach,United States,DAB,KDAB,29.179917,-81.058056,34,-5,A,"Daytona Beach, FL",118,118,118,118,3.9237288135593222,16.067796610169495,7.0,32.0,"Thu, Oct 16, 2014","Sun, Oct  5, 2014"
3502,Dallas Love Field,Dallas,United States,DAL,KDAL,32.847111,-96.851778,487,-6,A,"Dallas, TX",4268,4271,4314,4315,4.730318650421746,10.859985951767717,39.0,74.0,"Sun, Oct 19, 2014","Mon, Oct 13, 2014"
3627,James M. Cox Dayton International,Dayton,United States,DAY,KDAY,39.902375,-84.219375,1009,-5,A,"Dayton, OH",796,795,810,810,5.511306532663315,13.889308176100634,27.0,89.0,"Thu, Oct 23, 2014","Wed, Oct  1, 2014"
4388,Dubuque Regional,Dubuque IA,United States,DBQ,KDBQ,42.402,-90.709472,1076,-6,A,"Dubuque, IA",84,85,89,89,3.857142857142857,12.058823529411763,9.0,40.0,"Tue, Oct  7, 2014","Fri, Oct 10, 2014"
3520,Ronald Reagan Washington National,Washington,United States,DCA,KDCA,38.852083,-77.037722,15,-5,A,"Washington, DC",6440,6430,6511,6509,5.547515527950306,18.558320373250353,65.0,119.0,"Sun, Oct  5, 2014","Mon, Oct 13, 2014"
3751,Denver International,Denver,United States,DEN,KDEN,39.861656,-104.673178,5431,-7,A,"Denver, CO",19330,19357,19411,19416,8.090739782721153,13.886965955468336,61.0,102.0,"Wed, Oct  1, 2014","Wed, Oct  1, 2014"
3670,Dallas Fort Worth International,Dallas-fort Worth,United States,DFW,KDFW,32.896828,-97.037997,607,-6,A,"Dallas/Fort Worth, TX",23017,23056,23523,23519,12.718729634617901,15.540640180430197,119.0,160.0,"Thu, Oct  2, 2014","Thu, Oct  2, 2014"
3739,Dothan Regional,Dothan,United States,DHN,KDHN,31.321339,-85.449628,401,-6,A,"Dothan, AL",119,119,120,120,3.411764705882353,14.319327731092438,7.0,100.0,"Thu, Oct 30, 2014","Tue, Oct  7, 2014"
7064,Dickinson Theodore Roosevelt Regional Airport,Dickinson,United States,DIK,KDIK,46.7975,-102.801944,2592,-5,A,"Dickinson, ND",170,169,170,170,5.458823529411763,13.644970414201184,64.0,41.0,"Sun, Oct 26, 2014","Tue, Oct 28, 2014"
3598,Duluth International,Duluth,United States,DLH,KDLH,46.842091,-92.193649,1428,-6,A,"Duluth, MN",141,141,149,149,5.900709219858156,16.319148936170212,19.0,49.0,"Fri, Oct 17, 2014","Thu, Oct  2, 2014"
3713,Durango La Plata County,Durango,United States,DRO,KDRO,37.151516,-107.75377,6685,-7,A,"Durango, CO",166,166,169,170,4.722891566265061,12.36144578313253,10.0,36.0,"Mon, Oct  6, 2014","Tue, Oct 14, 2014"
3729,Des Moines International,Des Moines,United States,DSM,KDSM,41.533972,-93.663083,958,-6,A,"Des Moines, IA",780,779,803,803,5.911538461538466,13.302952503209243,33.0,67.0,"Mon, Oct 13, 2014","Wed, Oct  8, 2014"
3645,Detroit Metro Wayne County,Detroit,United States,DTW,KDTW,42.212444,-83.353389,645,-5,A,"Detroit, MI",9586,9590,9641,9641,6.579699561861047,18.08185610010423,111.0,96.0,"Mon, Oct 27, 2014","Thu, Oct 23, 2014"
7063,Devils Lake Regional Airport,Devils Lake,United States,DVL,KDVL,48.114444,-98.908611,1445,-6,A,"Devils Lake, ND",51,50,51,51,5.392156862745098,15.48,9.0,41.0,"Sun, Oct 19, 2014","Tue, Oct  7, 2014"
5735,Chippewa Valley Regional Airport,Eau Claire,United States,EAU,KEAU,44.8658,-91.4843,913,-6,A,"Eau Claire, WI",56,56,62,62,3.75,15.214285714285714,13.0,46.0,"Mon, Oct 13, 2014","Mon, Oct  6, 2014"
7669,Northwest Florida Beaches International,Panama City,United States,ECP,KECP,30.3417,-85.7973,69,-6,A,"Panama City, FL",332,332,332,332,3.5060240963855422,13.07831325301205,38.0,140.0,"Tue, Oct 28, 2014","Wed, Oct  8, 2014"
5736,Elko Regional Airport,Elko,United States,EKO,KEKO,40.8249,-115.792,5140,-8,A,"Elko, NV",84,85,85,85,4.321428571428571,8.23529411764706,9.0,43.0,"Thu, Oct 23, 2014","Sat, Oct 25, 2014"
3946,Elmira Corning Regional,Elmira,United States,ELM,KELM,42.159889,-76.891611,954,-5,A,"Elmira/Corning, NY",181,178,182,181,3.8066298342541436,13.691011235955056,11.0,57.0,"Thu, Oct  9, 2014","Sun, Oct 12, 2014"
3559,El Paso International,El Paso,United States,ELP,KELP,31.80725,-106.377583,3958,-7,A,"El Paso, TX",1501,1499,1516,1517,3.9180546302464982,12.79252835223481,29.0,85.0,"Fri, Oct  3, 2014","Mon, Oct 13, 2014"
4276,Erie International-Tom Ridge Field,Erie,United States,ERI,KERI,42.082022,-80.176217,733,-5,A,"Erie, PA",58,57,58,58,3.7586206896551726,15.912280701754385,7.0,71.0,"Thu, Oct 30, 2014","Mon, Oct  6, 2014"
4099,Mahlon Sweet Field,Eugene,United States,EUG,KEUG,44.124583,-123.211972,374,-8,A,"Eugene, OR",405,403,408,408,4.029629629629627,13.27295285359801,9.0,45.0,"Mon, Oct 27, 2014","Mon, Oct 20, 2014"
4018,Evansville Regional,Evansville,United States,EVV,KEVV,38.036997,-87.532364,418,-6,A,"Evansville, IN",285,283,293,293,3.729824561403509,15.901060070671377,12.0,62.0,"Sat, Oct 11, 2014","Sun, Oct  5, 2014"
3730,Craven County Regional,New Bern,United States,EWN,KEWN,35.072972,-77.042944,18,-5,A,"New Bern/Morehead/Beaufort, NC",81,81,81,81,2.9259259259259265,9.1358024691358,6.0,42.0,"Tue, Oct  7, 2014","Tue, Oct 14, 2014"
3494,Newark Liberty International,Newark,United States,EWR,KEWR,40.6925,-74.168667,18,-5,A,"Newark, NJ",8582,8621,8631,8657,8.785131670939199,18.616053822062472,50.0,131.0,"Fri, Oct 31, 2014","Wed, Oct 22, 2014"
3875,Key West International,Key West,United States,EYW,KEYW,24.556111,-81.759556,3,-5,A,"Key West, FL",251,250,259,259,3.091633466135458,9.208000000000004,9.0,37.0,"Wed, Oct 15, 2014","Fri, Oct  3, 2014"
3832,Fairbanks International,Fairbanks,United States,FAI,PAFA,64.815114,-147.856267,434,-9,A,"Fairbanks, AK",151,151,151,151,3.8741721854304636,15.98675496688742,14.0,41.0,"Sat, Oct 18, 2014","Sat, Oct  4, 2014"
4292,Hector International Airport,Fargo,United States,FAR,KFAR,46.92065,-96.8157639,902,-6,A,"Fargo, ND",435,434,449,450,5.2298850574712645,14.327188940092165,45.0,70.0,"Sun, Oct 19, 2014","Thu, Oct  2, 2014"
3687,Fresno Yosemite International,Fresno,United States,FAT,KFAT,36.776194,-119.71814,336,-8,A,"Fresno, CA",810,808,813,814,4.603703703703707,13.033415841584159,21.0,42.0,"Thu, Oct  2, 2014","Wed, Oct 15, 2014"
5738,Fayetteville Regional-Grannis Field,Fayetteville,United States,FAY,KFAY,34.9912,-78.8803,189,-5,A,"Fayetteville, NC",173,172,173,174,3.8901734104046244,13.156976744186046,11.0,54.0,"Mon, Oct 13, 2014","Tue, Oct 14, 2014"
4127,Glacier Park International,Kalispell,United States,FCA,KFCA,48.310472,-114.256,2977,-7,A,"Kalispell, MT",101,103,103,104,4.148514851485148,13.825242718446601,7.0,46.0,"Wed, Oct 15, 2014","Thu, Oct 23, 2014"
4261,Flagstaff Pulliam Airport,Flagstaff,United States,FLG,KFLG,35.140318,-111.6692392,7015,-7,N,"Flagstaff, AZ",161,161,162,162,4.186335403726707,15.490683229813671,11.0,50.0,"Thu, Oct  9, 2014","Wed, Oct  8, 2014"
3533,Fort Lauderdale Hollywood International,Fort Lauderdale,United States,FLL,KFLL,26.072583,-80.15275,9,-5,A,"Fort Lauderdale, FL",4517,4510,4525,4520,4.650431702457398,14.651441241685138,43.0,113.0,"Wed, Oct 15, 2014","Mon, Oct 13, 2014"
4089,Bishop International,Flint,United States,FNT,KFNT,42.965424,-83.743629,782,-5,A,"Flint, MI",381,382,389,389,4.3700787401574805,12.926701570680635,9.0,75.0,"Fri, Oct 31, 2014","Tue, Oct  7, 2014"
4009,Sioux Falls,Sioux Falls,United States,FSD,KFSD,43.582014,-96.741914,1429,-6,A,"Sioux Falls, SD",540,542,555,556,4.912962962962963,14.642066420664207,33.0,60.0,"Wed, Oct 22, 2014","Tue, Oct  7, 2014"
3437,Fort Smith Regional,Fort Smith,United States,FSM,KFSM,35.336583,-94.367444,469,-6,A,"Fort Smith, AR",217,217,227,227,4.105990783410141,11.004608294930875,22.0,102.0,"Sun, Oct 12, 2014","Mon, Oct 13, 2014"
4041,Fort Wayne,Fort Wayne,United States,FWA,KFWA,40.978472,-85.195139,815,-5,A,"Fort Wayne, IN",383,385,404,404,4.2819843342036545,12.45454545454545,17.0,66.0,"Tue, Oct  7, 2014","Mon, Oct 20, 2014"
4296,Gillette-Campbell County Airport,Gillette,United States,GCC,KGCC,44.3489167,-105.5393611,4365,-7,A,"Gillette, WY",120,120,120,120,4.7416666666666645,11.866666666666667,13.0,50.0,"Thu, Oct  2, 2014","Thu, Oct 23, 2014"
3497,Garden City Regional,Garden City,United States,GCK,KGCK,37.927528,-100.724417,2891,-6,A,"Garden City, KS",62,62,62,62,4.564516129032258,10.758064516129032,12.0,67.0,"Tue, Oct 14, 2014","Thu, Oct 23, 2014"
3467,Spokane International,Spokane,United States,GEG,KGEG,47.619861,-117.533833,2376,-8,A,"Spokane, WA",714,709,715,714,4.28991596638656,10.991537376586733,23.0,31.0,"Tue, Oct 14, 2014","Thu, Oct  2, 2014"
3465,East Texas Regional,Longview,United States,GGG,KGGG,32.384014,-94.711486,365,-6,A,"Longview, TX",56,54,58,58,5.392857142857143,9.055555555555557,14.0,20.0,"Thu, Oct  9, 2014","Sun, Oct 19, 2014"
4063,Grand Junction Regional,Grand Junction,United States,GJT,KGJT,39.122413,-108.526735,4858,-7,A,"Grand Junction, CO",331,331,334,334,3.7522658610271904,12.700906344410877,13.0,37.0,"Mon, Oct  6, 2014","Mon, Oct 13, 2014"
3472,Gainesville Regional,Gainesville,United States,GNV,KGNV,29.690056,-82.271778,152,-5,A,"Gainesville, FL",208,207,208,208,4.024038461538463,13.30434782608696,13.0,74.0,"Thu, Oct 23, 2014","Fri, Oct  3, 2014"
4038,Gulfport-Biloxi,Gulfport,United States,GPT,KGPT,30.407278,-89.070111,28,-6,A,"Gulfport/Biloxi, MS",321,321,327,327,4.149532710280374,14.074766355140186,8.0,105.0,"Mon, Oct 20, 2014","Thu, Oct  2, 2014"
3653,Austin Straubel International,Green Bay,United States,GRB,KGRB,44.485072,-88.129589,695,-6,A,"Green Bay, WI",421,422,443,444,3.6175771971496427,12.62796208530806,10.0,73.0,"Wed, Oct 22, 2014","Wed, Oct  1, 2014"
5740,Central Nebraska Regional Airport,Grand Island,United States,GRI,KGRI,40.9675,-98.3096,1847,-6,A,"Grand Island, NE",55,56,58,58,4.654545454545454,10.60714285714286,13.0,38.0,"Tue, Oct 21, 2014","Sat, Oct 18, 2014"
3775,Robert Gray AAF,Killeen,United States,GRK,KGRK,31.06725,-97.828917,1015,-6,A,"Killeen, TX",364,361,373,373,4.28571428571429,12.155124653739618,53.0,77.0,"Thu, Oct  2, 2014","Mon, Oct 13, 2014"
3685,Gerald R. Ford International,Grand Rapids,United States,GRR,KGRR,42.880833,-85.522806,794,-5,A,"Grand Rapids, MI",901,900,922,924,5.486126526082133,13.265555555555556,80.0,107.0,"Fri, Oct 17, 2014","Tue, Oct  7, 2014"
4008,Piedmont Triad,Greensboro,United States,GSO,KGSO,36.09775,-79.937306,925,-5,A,"Greensboro/High Point, NC",742,741,750,749,4.076819407008081,15.423751686909581,39.0,112.0,"Wed, Oct 22, 2014","Fri, Oct  3, 2014"
4034,Greenville-Spartanburg International,Greenville,United States,GSP,KGSP,34.895556,-82.218889,964,-5,A,"Greer, SC",646,645,653,652,4.232198142414867,13.753488372093024,31.0,61.0,"Mon, Oct 13, 2014","Wed, Oct 22, 2014"
3880,Great Falls International,Great Falls,United States,GTF,KGTF,47.482,-111.370689,3677,-7,A,"Great Falls, MT",164,163,164,164,4.371951219512197,10.417177914110429,9.0,34.0,"Thu, Oct 23, 2014","Thu, Oct  2, 2014"
4273,Golden Triangle Regional Airport,Columbus Mississippi,United States,GTR,KGTR,33.450333,-88.591361,264,-6,A,"Columbus, MS",87,86,89,89,2.954022988505747,14.348837209302326,6.0,58.0,"Tue, Oct  7, 2014","Tue, Oct 14, 2014"
7051,Gunnison - Crested Butte,Gunnison,United States,GUC,KGUC,38.533889,-106.933056,7678,-7,A,"Gunnison, CO",31,31,31,31,3.870967741935484,9.774193548387096,8.0,24.0,"Sat, Oct 25, 2014","Sun, Oct 12, 2014"
3650,Chisholm Hibbing,Hibbing,United States,HIB,KHIB,47.3866,-92.838994,1353,-6,A,"Hibbing, MN",54,54,54,54,4.148148148148151,10.425925925925926,14.0,40.0,"Mon, Oct  6, 2014","Fri, Oct 10, 2014"
3504,Helena Regional,Helena,United States,HLN,KHLN,46.606806,-111.98275,3877,-7,A,"Helena, MT",114,114,114,114,3.508771929824561,10.429824561403509,8.0,36.0,"Fri, Oct  3, 2014","Fri, Oct  3, 2014"
3728,Honolulu International,Honolulu,United States,HNL,PHNL,21.318681,-157.922428,13,-10,N,"Honolulu, HI",3836,3836,3849,3852,6.914754953076127,15.930917622523458,104.0,59.0,"Fri, Oct 10, 2014","Fri, Oct 24, 2014"
3749,Lea County Regional,Hobbs,United States,HOB,KHOB,32.687528,-103.217028,3661,-7,A,"Hobbs, NM",52,53,54,54,5.730769230769232,12.641509433962264,11.0,32.0,"Wed, Oct  1, 2014","Tue, Oct 21, 2014"
3566,William P. Hobby,Houston,United States,HOU,KHOU,29.645419,-95.278889,46,-6,A,"Houston, TX",4844,4845,4887,4886,6.434145334434352,10.274303405572747,82.0,142.0,"Thu, Oct  2, 2014","Thu, Oct  2, 2014"
3589,Westchester County,White Plains,United States,HPN,KHPN,41.066959,-73.707575,439,-5,A,"White Plains, NY",721,716,737,737,4.538141470180295,15.874301675977646,29.0,71.0,"Wed, Oct  8, 2014","Mon, Oct  6, 2014"
3560,Valley International,Harlingen,United States,HRL,KHRL,26.2285,-97.654389,36,-6,A,"Harlingen/San Benito, TX",287,287,289,289,3.219512195121951,9.609756097560979,12.0,41.0,"Fri, Oct 31, 2014","Fri, Oct  3, 2014"
4113,Huntsville International Airport-Carl T. Jones Field,Huntsville,United States,HSV,KHSV,34.6371944,-86.7750556,629,-6,A,"Huntsville, AL",485,486,494,494,4.995876288659794,14.845679012345677,16.0,94.0,"Sun, Oct 12, 2014","Fri, Oct  3, 2014"
7014,Hays Regional Airport,Hays,United States,HYS,KHYS,38.8422,-99.2732,1998,-5,A,"Hays, KS",54,54,54,54,4.296296296296297,10.037037037037035,8.0,16.0,"Wed, Oct 15, 2014","Mon, Oct 20, 2014"
3714,Washington Dulles International,Washington,United States,IAD,KIAD,38.944533,-77.455811,313,-5,A,"Washington, DC",5027,5061,5055,5088,7.648895961806243,17.30823947836403,60.0,136.0,"Mon, Oct 27, 2014","Thu, Oct  2, 2014"
3550,George Bush Intercontinental Houston,Houston,United States,IAH,KIAH,29.984433,-95.341442,97,-6,A,"Houston, TX",14562,14555,14757,14742,8.438263974728804,18.24699416008255,78.0,142.0,"Mon, Oct 13, 2014","Mon, Oct 13, 2014"
3457,Wichita Mid Continent,Wichita,United States,ICT,KICT,37.649944,-97.433056,1333,-6,A,"Wichita, KS",918,925,939,941,5.351851851851854,13.003243243243244,45.0,85.0,"Sun, Oct 26, 2014","Mon, Oct  6, 2014"
4100,Idaho Falls Regional,Idaho Falls,United States,IDA,KIDA,43.514556,-112.07075,4744,-7,A,"Idaho Falls, ID",244,245,244,245,4.254098360655741,11.171428571428567,8.0,44.0,"Wed, Oct 15, 2014","Mon, Oct 27, 2014"
3859,New Castle,Wilmington,United States,ILG,KILG,39.678722,-75.606528,79,-5,A,"Wilmington, DE",66,66,66,66,7.348484848484849,11.212121212121213,12.0,25.0,"Tue, Oct  7, 2014","Tue, Oct  7, 2014"
3845,Wilmington International,Wilmington,United States,ILM,KILM,34.270615,-77.902569,32,-5,A,"Wilmington, NC",202,202,202,202,3.8415841584158414,12.990099009900995,11.0,40.0,"Sat, Oct 11, 2014","Sat, Oct  4, 2014"
6837,Ford Airport,Iron Mountain,United States,IMT,KIMT,45.8183611,-88.1145556,1182,-5,A,"Iron Mountain/Kingsfd, MI",54,54,58,58,4.6296296296296315,16.40740740740741,7.0,76.0,"Fri, Oct 17, 2014","Sat, Oct  4, 2014"
3585,Indianapolis International,Indianapolis,United States,IND,KIND,39.717331,-86.294383,797,-5,A,"Indianapolis, IN",2238,2235,2260,2259,6.021894548704198,13.187919463087244,70.0,120.0,"Thu, Oct  9, 2014","Fri, Oct 31, 2014"
3535,Falls International,International Falls,United States,INL,KINL,48.566186,-93.403067,1185,-6,A,"International Falls, MN",54,54,54,54,4.333333333333334,14.314814814814815,10.0,38.0,"Fri, Oct 24, 2014","Sun, Oct 26, 2014"
3659,Sloulin Field International,Williston,United States,ISN,KISN,48.177939,-103.642347,1982,-7,A,"Williston, ND",264,260,265,261,6.200757575757576,16.192307692307697,14.0,38.0,"Wed, Oct 29, 2014","Mon, Oct  6, 2014"
3857,Long Island MacArthur,Islip,United States,ISP,KISP,40.79525,-73.100222,99,-5,A,"Islip, NY",363,363,363,363,4.4820936639118445,9.104683195592301,12.0,23.0,"Tue, Oct 28, 2014","Mon, Oct  6, 2014"
3415,Hilo International,Hilo,United States,ITO,PHTO,19.721375,-155.048469,38,-10,N,"Hilo, HI",516,516,516,516,5.269379844961237,8.368217054263562,8.0,16.0,"Fri, Oct 10, 2014","Fri, Oct  3, 2014"
4027,Jackson Hole Airport,Jacksn Hole,United States,JAC,KJAC,43.60733333,-110.73775,6451,-7,A,"Jackson, WY",153,155,153,155,3.366013071895425,15.638709677419355,6.0,40.0,"Wed, Oct 22, 2014","Mon, Oct 27, 2014"
3580,Jackson Evers International,Jackson,United States,JAN,KJAN,32.311167,-90.075889,346,-6,A,"Jackson/Vicksburg, MS",632,634,655,656,5.7041139240506284,13.477917981072558,35.0,76.0,"Fri, Oct 24, 2014","Mon, Oct  6, 2014"
3712,Jacksonville International,Jacksonville,United States,JAX,KJAX,30.494056,-81.687861,30,-5,A,"Jacksonville, FL",1733,1732,1740,1740,5.244662435083679,13.558891454965353,41.0,73.0,"Tue, Oct 14, 2014","Tue, Oct 14, 2014"
3797,John F. Kennedy International,New York,United States,JFK,KJFK,40.639751,-73.778925,13,-5,A,"New York, NY",8606,8619,8636,8646,8.941087613293048,24.610511660285415,81.0,141.0,"Thu, Oct  2, 2014","Thu, Oct  2, 2014"
4354,Joplin Regional,Joplin,United States,JLN,KJLN,37.151814,-94.498269,981,-6,A,"Joplin, MO",56,56,58,58,5.464285714285716,11.321428571428571,17.0,20.0,"Thu, Oct 16, 2014","Sun, Oct 19, 2014"
5745,Jamestown Regional Airport,Jamestown,United States,JMS,KJMS,46.9297,-98.6782,1498,-6,A,"Jamestown, ND",77,77,78,78,4.363636363636363,12.766233766233768,6.0,28.0,"Sun, Oct 19, 2014","Wed, Oct 22, 2014"
3492,Juneau International,Juneau,United States,JNU,PAJN,58.354972,-134.576278,21,-9,A,"Juneau, AK",300,301,306,306,4.343333333333335,12.564784053156147,13.0,33.0,"Fri, Oct 24, 2014","Wed, Oct 22, 2014"
3514,Kona International At Keahole,Kona,United States,KOA,PHKO,19.738767,-156.045631,47,-10,N,"Kona, HI",906,905,906,906,4.965783664459166,9.795580110497232,11.0,35.0,"Sun, Oct 19, 2014","Sat, Oct 11, 2014"
3808,Ketchikan International,Ketchikan,United States,KTN,PAKT,55.355556,-131.71375,88,-9,A,"Ketchikan, AK",186,186,186,186,4.188172043010753,11.091397849462368,12.0,28.0,"Thu, Oct 23, 2014","Mon, Oct 20, 2014"
3544,Capital City,Lansing,United States,LAN,KLAN,42.7787,-84.587357,861,-5,A,"Lansing, MI",125,125,131,132,4.872,13.712,15.0,34.0,"Sun, Oct  5, 2014","Mon, Oct 20, 2014"
5746,Laramie Regional Airport,Laramie,United States,LAR,KLAR,41.3121,-105.675,7284,-7,A,"Laramie, WY",61,61,62,62,4.557377049180325,15.573770491803273,9.0,90.0,"Thu, Oct  2, 2014","Thu, Oct 23, 2014"
3877,McCarran International,Las Vegas,United States,LAS,KLAS,36.080056,-115.15225,2141,-8,A,"Las Vegas, NV",11746,11737,11782,11779,6.93087008343267,14.361591548095753,50.0,109.0,"Thu, Oct  9, 2014","Thu, Oct  9, 2014"
4256,Lawton-Fort Sill Regional Airport,Lawton,United States,LAW,KLAW,34.5677144,-98.4166367,1110,-6,A,"Lawton/Fort Sill, OK",144,143,150,149,2.8263888888888884,9.510489510489514,7.0,33.0,"Mon, Oct  6, 2014","Wed, Oct  8, 2014"
3484,Los Angeles International,Los Angeles,United States,LAX,KLAX,33.942536,-118.408075,126,-8,A,"Los Angeles, CA",18082,18096,18196,18199,10.31086163035061,16.01558355437667,79.0,122.0,"Wed, Oct 29, 2014","Fri, Oct 31, 2014"
3829,Lubbock Preston Smith International,Lubbock,United States,LBB,KLBB,33.663639,-101.822778,3282,-6,A,"Lubbock, TX",591,590,598,598,4.4720812182741145,10.552542372881355,28.0,43.0,"Thu, Oct  2, 2014","Thu, Oct  2, 2014"
3513,Lake Charles Regional,Lake Charles,United States,LCH,KLCH,30.126112,-93.223335,15,-6,A,"Lake Charles, LA",172,172,177,177,5.063953488372092,11.139534883720932,14.0,31.0,"Fri, Oct 10, 2014","Sun, Oct  5, 2014"
4017,Blue Grass,Lexington KY,United States,LEX,KLEX,38.0365,-84.605889,979,-5,A,"Lexington, KY",587,585,612,613,4.419080068143102,14.699145299145302,30.0,77.0,"Fri, Oct  3, 2014","Mon, Oct  6, 2014"
3493,Lafayette Regional,Lafayette,United States,LFT,KLFT,30.205278,-91.987611,43,-6,A,"Lafayette, LA",503,501,515,514,5.21669980119284,12.962075848303396,32.0,94.0,"Fri, Oct 31, 2014","Fri, Oct 10, 2014"
3697,LaGuardia Airport,New York,United States,LGA,KLGA,40.777245,-73.872608,22,-5,A,"New York, NY",8827,8853,8985,8987,7.862807295797018,26.9678075228736,59.0,138.0,"Wed, Oct 22, 2014","Wed, Oct 22, 2014"
3582,Long Beach,Long Beach,United States,LGB,KLGB,33.817722,-118.151611,60,-8,A,"Long Beach, CA",867,867,873,874,3.9677047289504057,12.60668973471742,18.0,92.0,"Fri, Oct 10, 2014","Sun, Oct  5, 2014"
3602,Lihue,Lihue,United States,LIH,PHLI,21.975983,-159.338958,153,-10,N,"Lihue, HI",924,923,930,931,5.58982683982684,8.405200433369435,26.0,104.0,"Mon, Oct 20, 2014","Thu, Oct  2, 2014"
3660,Adams Field,Little Rock,United States,LIT,KLIT,34.729444,-92.224306,262,-6,A,"Little Rock, AR",1084,1083,1109,1108,5.571033210332104,12.94275161588181,30.0,57.0,"Mon, Oct  6, 2014","Tue, Oct 14, 2014"
3543,Lincoln,Lincoln,United States,LNK,KLNK,40.850971,-96.75925,1219,-6,A,"Lincoln, NE",222,224,231,231,4.761261261261259,12.401785714285714,19.0,56.0,"Thu, Oct  9, 2014","Mon, Oct  6, 2014"
3691,Laredo International,Laredo,United States,LRD,KLRD,27.54375,-99.461556,508,-6,A,"Laredo, TX",198,198,206,206,3.0909090909090913,12.06060606060606,10.0,36.0,"Wed, Oct 29, 2014","Fri, Oct 10, 2014"
4044,LaCrosse Municipal,LaCrosse,United States,LSE,KLSE,43.878986,-91.256711,654,-6,A,"La Crosse, WI",89,89,94,94,3.0786516853932584,16.235955056179776,7.0,85.0,"Tue, Oct  7, 2014","Sun, Oct  5, 2014"
3945,Lewiston Nez Perce County,Lewiston,United States,LWS,KLWS,46.3745,-117.015389,1442,-8,A,"Lewiston, ID",58,58,58,58,4.379310344827586,10.086206896551722,7.0,22.0,"Mon, Oct 27, 2014","Sun, Oct 12, 2014"
3652,Midland International,Midland,United States,MAF,KMAF,31.942528,-102.201914,2871,-6,A,"Midland/Odessa, TX",855,855,871,871,4.32865497076023,11.121637426900577,89.0,60.0,"Tue, Oct  7, 2014","Thu, Oct  2, 2014"
4128,MBS International,Saginaw,United States,MBS,KMBS,43.532913,-84.079647,668,-5,A,"Saginaw/Bay City/Midland, MI",111,109,120,120,4.468468468468469,17.77064220183486,32.0,73.0,"Wed, Oct  8, 2014","Sun, Oct  5, 2014"
3458,Kansas City International,Kansas City,United States,MCI,KMCI,39.297606,-94.713905,1026,-6,A,"Kansas City, MO",3848,3845,3873,3874,5.629158004158002,11.447074122236673,53.0,98.0,"Thu, Oct  2, 2014","Thu, Oct  9, 2014"
3878,Orlando International,Orlando,United States,MCO,KMCO,28.429394,-81.308994,96,-5,A,"Orlando, FL",8384,8369,8401,8395,7.194060114503817,13.3876209821962,43.0,116.0,"Tue, Oct 14, 2014","Wed, Oct 15, 2014"
3542,Harrisburg International,Harrisburg,United States,MDT,KMDT,40.193494,-76.763403,310,-5,A,"Harrisburg, PA",344,343,346,345,4.552325581395353,12.82507288629738,13.0,48.0,"Fri, Oct 24, 2014","Tue, Oct 28, 2014"
3747,Chicago Midway International,Chicago,United States,MDW,KMDW,41.785972,-87.752417,620,-6,A,"Chicago, IL",7681,7689,7850,7851,6.522588204660856,13.02028872415139,49.0,109.0,"Thu, Oct 23, 2014","Mon, Oct 13, 2014"
3473,Memphis International,Memphis,United States,MEM,KMEM,35.042417,-89.976667,341,-6,A,"Memphis, TN",1228,1220,1247,1247,5.610749185667752,14.326229508196715,24.0,49.0,"Sun, Oct 19, 2014","Sun, Oct  5, 2014"
3826,McAllen Miller International,Mcallen,United States,MFE,KMFE,26.175833,-98.238611,107,-6,A,"Mission/McAllen/Edinburg, TX",372,371,378,378,4.596774193548384,12.549865229110512,35.0,106.0,"Tue, Oct 14, 2014","Mon, Oct 13, 2014"
4101,Rogue Valley International Medford,Medford,United States,MFR,KMFR,42.374228,-122.8735,1335,-8,A,"Medford, OR",269,267,272,272,4.118959107806692,13.333333333333334,9.0,66.0,"Fri, Oct 10, 2014","Mon, Oct 20, 2014"
4115,Montgomery Regional Airport ,MONTGOMERY,United States,MGM,KMGM,32.3006389,-86.3939722,221,-6,A,"Montgomery, AL",299,299,308,308,3.4414715719063547,13.42140468227425,25.0,56.0,"Fri, Oct 24, 2014","Tue, Oct 14, 2014"
4050,Manhattan Regional,Manhattan,United States,MHK,KMHK,39.140972,-96.670833,1057,-6,A,"Manhattan/Ft. Riley, KS",153,153,154,154,2.9673202614379073,15.483660130718954,10.0,130.0,"Wed, Oct 15, 2014","Mon, Oct 13, 2014"
4011,Manchester Regional Airport,Manchester NH,United States,MHT,KMHT,42.932556,-71.435667,266,-5,A,"Manchester, NH",595,594,601,602,4.312605042016813,12.222222222222218,15.0,52.0,"Fri, Oct  3, 2014","Fri, Oct  3, 2014"
3576,Miami International,Miami,United States,MIA,KMIA,25.79325,-80.290556,8,-5,A,"Miami, FL",6360,6369,6394,6398,7.421698113207543,17.296906892761687,53.0,89.0,"Fri, Oct  3, 2014","Sun, Oct 19, 2014"
3717,General Mitchell International,Milwaukee,United States,MKE,KMKE,42.947222,-87.896583,723,-6,A,"Milwaukee, WI",2730,2726,2784,2783,5.426007326007327,11.997798972854003,36.0,59.0,"Sun, Oct 19, 2014","Fri, Oct 31, 2014"
5754,Muskegon County Airport,Muskegon,United States,MKG,KMKG,43.1695,-86.2382,628,-5,A,"Muskegon, MI",57,56,62,62,4.5964912280701755,11.964285714285714,21.0,31.0,"Wed, Oct 29, 2014","Mon, Oct 13, 2014"
3671,Melbourne International,Melbourne,United States,MLB,KMLB,28.102753,-80.645258,33,-5,A,"Melbourne, FL",116,116,116,116,4.577586206896552,14.922413793103448,9.0,36.0,"Sat, Oct 25, 2014","Tue, Oct  7, 2014"
4072,Quad City International,Moline,United States,MLI,KMLI,41.448528,-90.507539,590,-6,A,"Moline, IL",413,413,427,427,4.2905569007264,11.443099273607745,26.0,43.0,"Thu, Oct 16, 2014","Thu, Oct  2, 2014"
3732,Monroe Regional,Monroe,United States,MLU,KMLU,32.510864,-92.037689,79,-6,A,"Monroe, LA",277,275,283,283,4.003610108303251,12.64363636363636,12.0,44.0,"Tue, Oct 21, 2014","Thu, Oct  2, 2014"
3782,Mobile Regional,Mobile,United States,MOB,KMOB,30.691231,-88.242814,219,-6,A,"Mobile, AL",471,470,479,479,4.165605095541396,11.485106382978715,44.0,79.0,"Tue, Oct  7, 2014","Fri, Oct  3, 2014"
3498,Minot International,Minot,United States,MOT,KMOT,48.259378,-101.280333,1716,-6,A,"Minot, ND",163,164,163,164,5.110429447852762,14.067073170731707,12.0,42.0,"Thu, Oct  2, 2014","Fri, Oct 24, 2014"
6838,Sawyer International Airport,Marquette,United States,MQT,KMQT,46.353611,-87.395278,1221,-5,A,"Marquette, MI",27,27,27,27,5.037037037037036,19.88888888888889,9.0,71.0,"Mon, Oct 13, 2014","Thu, Oct  2, 2014"
3948,Monterey Peninsula,Monterey,United States,MRY,KMRY,36.587,-121.842944,257,-8,A,"Monterey, CA",354,355,368,368,3.6299435028248586,13.994366197183101,8.0,52.0,"Fri, Oct 31, 2014","Fri, Oct 17, 2014"
3459,Dane County Regional-Truax Field,Madison,United States,MSN,KMSN,43.139858,-89.337514,887,-6,A,"Madison, WI",945,946,973,974,4.634920634920633,12.709302325581401,52.0,93.0,"Fri, Oct  3, 2014","Fri, Oct 31, 2014"
4216,Missoula International,Missoula,United States,MSO,KMSO,46.916306,-114.090556,3205,-7,A,"Missoula, MT",227,227,229,229,5.013215859030835,12.863436123348018,15.0,38.0,"Sun, Oct 12, 2014","Wed, Oct 22, 2014"
3858,Minneapolis St. Paul International,Minneapolis,United States,MSP,KMSP,44.881956,-93.221767,841,-6,A,"Minneapolis, MN",9064,9065,9104,9099,5.6797219770520835,15.549034749034723,61.0,105.0,"Sun, Oct  5, 2014","Thu, Oct  2, 2014"
3861,Louis Armstrong New Orleans International,New Orleans,United States,MSY,KMSY,29.993389,-90.258028,4,-6,A,"New Orleans, LA",3331,3328,3343,3341,4.951065746022228,11.485576923076941,55.0,87.0,"Mon, Oct 13, 2014","Fri, Oct 10, 2014"
6880,Montrose Regional Airport,Montrose CO,United States,MTJ,KMTJ,38.509794,-107.894242,5759,-7,A,"Montrose/Delta, CO",21,21,21,21,4.761904761904762,17.095238095238095,7.0,131.0,"Thu, Oct 23, 2014","Thu, Oct  9, 2014"
4265,Martha's Vineyard,Vineyard Haven MA,United States,MVY,KMVY,41.391667,-70.615278,67,-5,A,"Martha's Vineyard, MA",11,11,11,11,2.5454545454545454,14.363636363636363,4.0,37.0,"Fri, Oct  3, 2014","Sun, Oct  5, 2014"
3515,Myrtle Beach International,Myrtle Beach,United States,MYR,KMYR,33.67975,-78.928333,25,-5,A,"Myrtle Beach, SC",173,173,173,173,4.757225433526013,13.329479768786124,7.0,42.0,"Wed, Oct 22, 2014","Sun, Oct 12, 2014"
4386,Albert J. Ellis,Jacksonville NC,United States,OAJ,KOAJ,34.829164,-77.612139,94,-5,A,"Jacksonville/Camp Lejeune, NC",113,113,113,113,2.8318584070796464,11.734513274336283,12.0,127.0,"Fri, Oct  3, 2014","Tue, Oct 14, 2014"
3453,Metropolitan Oakland International,Oakland,United States,OAK,KOAK,37.721278,-122.220722,9,-8,A,"Oakland, CA",3675,3679,3724,3723,5.903673469387753,10.380810002718121,43.0,56.0,"Tue, Oct  7, 2014","Fri, Oct 17, 2014"
3456,Kahului,Kahului,United States,OGG,PHOG,20.89865,-156.430458,54,-10,N,"Kahului, HI",1790,1789,1794,1794,6.107262569832402,8.79988820570151,31.0,35.0,"Sun, Oct 19, 2014","Tue, Oct 14, 2014"
3863,Will Rogers World,Oklahoma City,United States,OKC,KOKC,35.393089,-97.600733,1295,-6,A,"Oklahoma City, OK",1826,1823,1848,1850,4.854326396495069,11.925397696105312,30.0,77.0,"Mon, Oct  6, 2014","Sun, Oct  5, 2014"
3454,Eppley Airfield,Omaha,United States,OMA,KOMA,41.303167,-95.894069,984,-6,A,"Omaha, NE",1676,1670,1701,1701,4.14797136038186,12.058682634730534,39.0,69.0,"Wed, Oct  1, 2014","Thu, Oct  9, 2014"
3615,Nome,Nome,United States,OME,PAOM,64.512203,-165.445247,37,-9,A,"Nome, AK",61,61,62,62,3.918032786885246,6.540983606557377,7.0,29.0,"Fri, Oct 24, 2014","Sat, Oct 25, 2014"
3734,Ontario International,Ontario,United States,ONT,KONT,34.056,-117.601194,944,-8,A,"Ontario, CA",1770,1768,1784,1783,4.656497175141247,11.350678733031664,29.0,63.0,"Mon, Oct 13, 2014","Thu, Oct 23, 2014"
3830,Chicago O'Hare International,Chicago,United States,ORD,KORD,41.978603,-87.904842,668,-6,A,"Chicago, IL",25304,25310,26310,26257,12.405113815997463,18.611892532595792,85.0,140.0,"Fri, Oct 24, 2014","Thu, Oct  2, 2014"
3611,Norfolk International,Norfolk,United States,ORF,KORF,36.894611,-76.201222,26,-5,A,"Norfolk, VA",1013,1006,1024,1022,4.0977295162882585,13.995029821073556,25.0,92.0,"Wed, Oct 22, 2014","Sat, Oct  4, 2014"
6426,Worcester Regional Airport,Worcester,United States,ORH,KORH,42.2673,-71.8757,1009,-5,U,"Worcester, MA",61,62,62,63,3.360655737704918,10.370967741935484,5.0,34.0,"Wed, Oct  8, 2014","Thu, Oct 23, 2014"
5757,Southwest Oregon Regional Airport,North Bend,United States,OTH,KOTH,43.4171,-124.246,17,-8,A,"North Bend/Coos Bay, OR",31,30,32,32,3.967741935483871,12.2,5.0,29.0,"Wed, Oct 22, 2014","Thu, Oct  9, 2014"
3693,Ralph Wien Memorial,Kotzebue,United States,OTZ,PAOT,66.884678,-162.59855,11,-9,A,"Kotzebue, AK",59,59,62,62,3.864406779661017,7.745762711864406,9.0,18.0,"Thu, Oct 30, 2014","Sat, Oct 25, 2014"
4117,Barkley Regional Airport,PADUCAH,United States,PAH,KPAH,37.0602875,-88.7729583,410,-6,A,"Paducah, KY",59,58,62,62,4.694915254237288,10.396551724137932,18.0,28.0,"Sat, Oct 11, 2014","Fri, Oct  3, 2014"
3722,Palm Beach International,West Palm Beach,United States,PBI,KPBI,26.683161,-80.095589,19,-5,A,"West Palm Beach/Palm Beach, FL",1555,1551,1562,1558,4.261093247588411,12.965183752417795,22.0,58.0,"Sun, Oct 26, 2014","Wed, Oct 15, 2014"
3720,Portland International,Portland,United States,PDX,KPDX,45.588722,-122.5975,30,-8,A,"Portland, OR",4137,4134,4145,4143,4.40464104423496,11.868892114175113,31.0,62.0,"Fri, Oct 10, 2014","Fri, Oct 10, 2014"
3633,Newport News Williamsburg International,Newport News,United States,PHF,KPHF,37.131894,-76.492989,43,-5,A,"Newport News/Williamsburg, VA",175,175,175,175,3.874285714285714,12.645714285714282,9.0,89.0,"Mon, Oct 13, 2014","Tue, Oct 14, 2014"
3752,Philadelphia International,Philadelphia,United States,PHL,KPHL,39.871944,-75.241139,36,-5,A,"Philadelphia, PA",5969,5988,6005,6006,6.537108393365714,20.52171008684024,54.0,118.0,"Sun, Oct  5, 2014","Wed, Oct 22, 2014"
3462,Phoenix Sky Harbor International,Phoenix,United States,PHX,KPHX,33.434278,-112.011583,1135,-7,N,"Phoenix, AZ",13267,13309,13346,13347,7.1974824753146915,16.244496205575246,119.0,120.0,"Sun, Oct 19, 2014","Mon, Oct  6, 2014"
4046,Peoria Regional,Peoria,United States,PIA,KPIA,40.664203,-89.693258,660,-6,A,"Peoria, IL",366,364,384,384,3.7568306010928962,13.162087912087907,18.0,59.0,"Wed, Oct 15, 2014","Fri, Oct  3, 2014"
5760,Pocatello Regional Airport,Pocatello,United States,PIH,KPIH,42.9098,-112.596,4452,-7,A,"Pocatello, ID",89,89,89,89,3.06741573033708,7.53932584269663,5.0,19.0,"Thu, Oct 30, 2014","Thu, Oct 16, 2014"
3570,Pittsburgh International,Pittsburgh (pennsylva),United States,PIT,KPIT,40.491467,-80.232872,1204,-5,A,"Pittsburgh, PA",2355,2347,2371,2366,5.78386411889597,12.93481039625054,29.0,97.0,"Wed, Oct 15, 2014","Thu, Oct 23, 2014"
5762,Pellston Regional Airport of Emmet County Airport,Pellston,United States,PLN,KPLN,45.5709,-84.7967,720,-5,A,"Pellston, MI",49,48,51,50,5.469387755102041,16.437499999999993,9.0,32.0,"Sat, Oct  4, 2014","Fri, Oct 24, 2014"
3564,Pensacola Regional,Pensacola,United States,PNS,KPNS,30.473425,-87.186611,121,-6,A,"Pensacola, FL",688,684,703,703,4.59156976744186,12.973684210526315,41.0,35.0,"Sun, Oct 26, 2014","Fri, Oct 17, 2014"
6133,Tri Cities Airport,Pasco,United States,PSC,PSC,46.2647,-119.119,410,-8,A,"Pasco/Kennewick/Richland, WA",259,259,260,260,5.054054054054051,12.722007722007723,10.0,50.0,"Tue, Oct 28, 2014","Tue, Oct 14, 2014"
4147,Petersburg James A. Johnson,Petersburg,United States,PSG,PAPG,56.801667,-132.945278,105,-9,A,"Petersburg, AK",61,62,62,62,3.7540983606557377,8.30645161290323,6.0,29.0,"Fri, Oct  3, 2014","Thu, Oct 30, 2014"
3839,Palm Springs International,Palm Springs,United States,PSP,KPSP,33.829667,-116.506694,477,-8,A,"Palm Springs, CA",898,896,905,904,5.216035634743871,13.371651785714283,22.0,95.0,"Mon, Oct 13, 2014","Sun, Oct 19, 2014"
3527,Pueblo Memorial,Pueblo Memorial,United States,PUB,KPUB,38.289085,-104.496572,4726,-7,A,"Pueblo, CO",54,54,54,54,4.166666666666665,9.944444444444445,10.0,17.0,"Fri, Oct 10, 2014","Wed, Oct 15, 2014"
3641,Theodore Francis Green State,Providence,United States,PVD,KPVD,41.732581,-71.420383,55,-5,A,"Providence, RI",1005,1003,1009,1009,4.713432835820895,12.06181455633101,32.0,60.0,"Sun, Oct  5, 2014","Wed, Oct  1, 2014"
3862,Portland International Jetport,Portland,United States,PWM,KPWM,43.646161,-70.309281,77,-5,A,"Portland, ME",438,439,442,443,3.4748858447488584,13.027334851936217,20.0,48.0,"Thu, Oct 30, 2014","Fri, Oct  3, 2014"
4087,Rapid City Regional Airport,Rapid City,United States,RAP,KRAP,44.045278,-103.057222,3204,-7,A,"Rapid City, SD",255,253,258,258,4.360784313725493,13.047430830039525,10.0,40.0,"Mon, Oct  6, 2014","Tue, Oct 28, 2014"
4098,Redding Municipal,Redding,United States,RDD,KRDD,40.509,-122.293389,504,-8,A,"Redding, CA",90,92,93,93,4.233333333333333,12.923913043478262,7.0,37.0,"Thu, Oct 30, 2014","Tue, Oct 28, 2014"
4103,Roberts Field,Redmond-Bend,United States,RDM,KRDM,44.254066,-121.149964,3077,-8,A,"Bend/Redmond, OR",170,168,178,177,5.1764705882352935,13.952380952380953,8.0,42.0,"Wed, Oct  1, 2014","Fri, Oct 31, 2014"
3626,Raleigh Durham International,Raleigh-durham,United States,RDU,KRDU,35.877639,-78.787472,435,-5,A,"Raleigh/Durham, NC",3211,3209,3236,3236,4.493615696044854,15.087566220006227,30.0,138.0,"Mon, Oct 13, 2014","Tue, Oct 14, 2014"
5765,Rhinelander Oneida County Airport,Rhinelander,United States,RHI,KRHI,45.6312,-89.4675,1624,-6,A,"Rhinelander, WI",85,85,89,89,5.458823529411764,14.435294117647059,20.0,36.0,"Tue, Oct  7, 2014","Thu, Oct 30, 2014"
3608,Richmond International,Richmond,United States,RIC,KRIC,37.505167,-77.319667,167,-5,A,"Richmond, VA",1352,1350,1365,1366,5.652366863905323,15.707407407407397,38.0,97.0,"Fri, Oct 17, 2014","Sat, Oct  4, 2014"
5766,Rock Springs Sweetwater County Airport,Rock Springs,United States,RKS,KRKS,41.5942,-109.065,6760,-7,A,"Rock Springs, WY",120,119,120,120,3.35,10.512605042016803,7.0,30.0,"Mon, Oct 20, 2014","Thu, Oct 23, 2014"
3807,Reno Tahoe International,Reno,United States,RNO,KRNO,39.499108,-119.768108,4415,-8,A,"Reno, NV",1169,1167,1173,1173,4.6689478186484115,11.868894601542417,14.0,49.0,"Fri, Oct 10, 2014","Wed, Oct  8, 2014"
4016,Roanoke Regional,Roanoke VA,United States,ROA,KROA,37.325472,-79.975417,1175,-5,A,"Roanoke, VA",207,207,213,211,5.32367149758454,15.396135265700483,18.0,96.0,"Sun, Oct 26, 2014","Thu, Oct  2, 2014"
3622,Greater Rochester International,Rochester,United States,ROC,KROC,43.118866,-77.672389,559,-5,A,"Rochester, NY",626,621,633,633,5.507987220447288,13.177133655394528,20.0,110.0,"Sat, Oct  4, 2014","Sun, Oct 12, 2014"
3736,Roswell International Air Center,Roswell,United States,ROW,KROW,33.301556,-104.530556,3671,-7,A,"Roswell, NM",87,87,89,89,3.839080459770115,11.11494252873563,10.0,70.0,"Thu, Oct 30, 2014","Mon, Oct  6, 2014"
4048,Rochester,Rochester,United States,RST,KRST,43.908283,-92.500014,1317,-6,A,"Rochester, MN",182,180,187,187,3.3626373626373627,15.366666666666667,14.0,82.0,"Mon, Oct 13, 2014","Wed, Oct  8, 2014"
3793,Southwest Florida International,Fort Myers,United States,RSW,KRSW,26.536167,-81.755167,30,-5,A,"Fort Myers, FL",1707,1699,1711,1707,4.478617457527832,11.617422012948797,27.0,76.0,"Sat, Oct 25, 2014","Sun, Oct 19, 2014"
3784,Santa Fe Municipal,Santa Fe,United States,SAF,KSAF,35.617108,-106.089422,6348,-7,A,"Santa Fe, NM",181,183,185,187,4.679558011049724,13.076502732240442,22.0,41.0,"Sun, Oct 12, 2014","Sun, Oct 12, 2014"
3731,San Diego International,San Diego,United States,SAN,KSAN,32.733556,-117.189667,17,-8,A,"San Diego, CA",6479,6470,6528,6526,3.8848587745022356,14.273261205564136,34.0,73.0,"Fri, Oct 24, 2014","Thu, Oct  9, 2014"
3621,San Antonio International,San Antonio,United States,SAT,KSAT,29.533694,-98.469778,809,-6,A,"San Antonio, TX",2828,2824,2840,2838,4.209335219236209,11.823300283286102,43.0,116.0,"Mon, Oct 13, 2014","Mon, Oct 13, 2014"
3613,Savannah Hilton Head International,Savannah,United States,SAV,KSAV,32.127583,-81.202139,51,-5,A,"Savannah, GA",880,875,887,887,5.453409090909091,15.154285714285717,39.0,92.0,"Tue, Oct 14, 2014","Tue, Oct 14, 2014"
3949,Santa Barbara Municipal,Santa Barbara,United States,SBA,KSBA,34.426211,-119.840372,10,-8,A,"Santa Barbara, CA",688,687,693,694,5.18313953488373,12.61135371179039,25.0,67.0,"Sun, Oct 19, 2014","Fri, Oct 10, 2014"
4359,South Bend Regional,South Bend,United States,SBN,KSBN,41.708661,-86.31725,799,-5,A,"South Bend, IN",459,461,475,475,5.124183006535947,14.94793926247288,35.0,67.0,"Thu, Oct  9, 2014","Sun, Oct 26, 2014"
5768,San Luis County Regional Airport,San Luis Obispo,United States,SBP,KSBP,35.2368,-120.642,212,-8,A,"San Luis Obispo, CA",428,425,434,434,3.5397196261682238,12.411764705882348,13.0,79.0,"Sun, Oct 19, 2014","Sat, Oct 11, 2014"
3620,Deadhorse,Deadhorse,United States,SCC,PASC,70.19475,-148.465167,64,-9,A,"Deadhorse, AK",76,76,79,79,4.171052631578947,8.644736842105264,8.0,32.0,"Fri, Oct 17, 2014","Thu, Oct  9, 2014"
4318,University Park Airport,State College Pennsylvania,United States,SCE,KUNV,40.849278,-77.848694,1239,-5,A,"State College, PA",58,59,63,63,7.189655172413793,12.796610169491528,39.0,39.0,"Tue, Oct  7, 2014","Fri, Oct 10, 2014"
4014,Louisville International Airport,Louisville,United States,SDF,KSDF,38.1740858,-85.7364989,501,-5,A,"Louisville, KY",1283,1284,1298,1301,6.149649259547933,14.064641744548286,35.0,71.0,"Tue, Oct 21, 2014","Thu, Oct 23, 2014"
3577,Seattle Tacoma International,Seattle,United States,SEA,KSEA,47.449,-122.309306,433,-8,A,"Seattle, WA",9206,9210,9232,9234,6.774820769063644,16.07839305103147,55.0,97.0,"Fri, Oct  3, 2014","Fri, Oct 31, 2014"
3469,San Francisco International,San Francisco,United States,SFO,KSFO,37.618972,-122.374889,13,-8,A,"San Francisco, CA",14302,14333,14489,14499,7.054537826877362,18.593037047373134,93.0,94.0,"Fri, Oct 24, 2014","Mon, Oct 27, 2014"
4348,Springfield Branson National,Springfield,United States,SGF,KSGF,37.245667,-93.388639,1268,-6,A,"Springfield, MO",534,531,547,546,5.183520599250933,14.55367231638418,28.0,65.0,"Sat, Oct  4, 2014","Mon, Oct  6, 2014"
4064,St. George Municipal,Saint George,United States,SGU,KSGU,37.090583,-113.593056,2941,-7,A,"St. George, UT",151,151,151,151,4.145695364238411,12.370860927152318,11.0,35.0,"Thu, Oct  9, 2014","Wed, Oct  1, 2014"
3609,Shreveport Regional,Shreveport,United States,SHV,KSHV,32.446629,-93.8256,258,-6,A,"Shreveport, LA",570,569,583,583,5.347368421052633,10.449912126537786,66.0,93.0,"Mon, Oct  6, 2014","Mon, Oct 13, 2014"
3856,Sitka Rocky Gutierrez,Sitka,United States,SIT,PASI,57.047138,-135.361611,21,-9,A,"Sitka, AK",90,93,93,93,4.355555555555555,10.559139784946241,8.0,29.0,"Tue, Oct 14, 2014","Mon, Oct 20, 2014"
3748,Norman Y. Mineta San Jose International,San Jose,United States,SJC,KSJC,37.3626,-121.929022,62,-8,A,"San Jose, CA",3627,3623,3643,3643,4.026468155500405,11.326248964946188,35.0,56.0,"Thu, Oct  2, 2014","Fri, Oct 10, 2014"
3708,San Angelo Regional-Mathis Field,San Angelo,United States,SJT,KSJT,31.35775,-100.496306,1919,-6,A,"San Angelo, TX",147,148,151,151,2.979591836734694,9.736486486486484,27.0,39.0,"Tue, Oct 14, 2014","Mon, Oct  6, 2014"
3536,Salt Lake City International,Salt Lake City,United States,SLC,KSLC,40.788389,-111.977772,4227,-7,A,"Salt Lake City, UT",9208,9200,9233,9226,6.271611642050385,16.634891304347878,51.0,85.0,"Thu, Oct 30, 2014","Wed, Oct  1, 2014"
3817,Sacramento International,Sacramento,United States,SMF,KSMF,38.695417,-121.590778,27,-8,A,"Sacramento, CA",3581,3576,3610,3611,4.872940519408001,11.408836689038035,25.0,77.0,"Mon, Oct 13, 2014","Wed, Oct  1, 2014"
5772,Santa Maria Public-Captain G. Allan Hancock Airport,Santa Maria,United States,SMX,KSMX,34.8989,-120.457,261,-8,A,"Santa Maria, CA",99,99,100,100,4.222222222222223,11.888888888888884,10.0,28.0,"Tue, Oct 14, 2014","Mon, Oct 20, 2014"
3867,John Wayne Airport Orange County,Santa Ana,United States,SNA,KSNA,33.675667,-117.868222,56,-8,A,"Santa Ana, CA",3358,3357,3376,3376,5.230792138177502,12.031575811736666,38.0,95.0,"Fri, Oct 24, 2014","Fri, Oct 10, 2014"
4336,Abraham Lincoln Capital,Springfield,United States,SPI,KSPI,39.8441,-89.677889,597,-6,A,"Springfield, IL",142,142,151,151,3.8943661971830985,13.06338028169014,11.0,61.0,"Fri, Oct  3, 2014","Mon, Oct 13, 2014"
3680,Sheppard AFB Wichita Falls Municipal,Wichita Falls,United States,SPS,KSPS,33.988797,-98.491894,1019,-6,A,"Wichita Falls, TX",116,115,124,124,6.836206896551726,13.347826086956522,18.0,50.0,"Mon, Oct 27, 2014","Thu, Oct  2, 2014"
4067,Sarasota Bradenton International,Sarasota,United States,SRQ,KSRQ,27.395444,-82.554389,30,-5,A,"Sarasota/Bradenton, FL",282,281,282,281,4.503546099290779,12.153024911032032,11.0,49.0,"Mon, Oct 20, 2014","Tue, Oct  7, 2014"
4271,Saint Cloud Regional Airport,Saint Cloud,United States,STC,KSTC,45.546556,-94.059889,1031,-6,A,"St. Cloud, MN",57,54,58,58,4.771929824561404,22.425925925925927,13.0,70.0,"Tue, Oct 28, 2014","Wed, Oct  8, 2014"
3678,Lambert St. Louis International,St. Louis,United States,STL,KSTL,38.748697,-90.370028,618,-6,A,"St. Louis, MO",4555,4546,4573,4573,4.807464324917688,11.05983282006156,83.0,105.0,"Thu, Oct  2, 2014","Mon, Oct 13, 2014"
6494,Friedman Memorial,Hailey,United States,SUN,KSUN,43.504444,-114.296194,5320,-7,A,"Sun Valley/Hailey/Ketchum, ID",62,62,62,62,3.1451612903225805,8.403225806451612,5.0,21.0,"Wed, Oct 29, 2014","Sat, Oct 25, 2014"
3753,Sioux Gateway-Colonel Bud Day Field,Sioux City,United States,SUX,KSUX,42.402603,-96.384367,1098,-6,A,"Sioux City, IA",66,66,68,69,3.969696969696969,18.43939393939394,11.0,87.0,"Thu, Oct  2, 2014","Thu, Oct  2, 2014"
3661,Stewart International,Newburgh,United States,SWF,KSWF,41.504094,-74.104839,491,-5,A,"Newburgh/Poughkeepsie, NY",62,62,62,62,4.790322580645161,12.983870967741936,9.0,29.0,"Sat, Oct  4, 2014","Thu, Oct 30, 2014"
3745,Syracuse Hancock International,Syracuse,United States,SYR,KSYR,43.111187,-76.106311,421,-5,A,"Syracuse, NY",595,594,605,606,4.2655462184873905,15.474747474747515,42.0,87.0,"Mon, Oct 27, 2014","Mon, Oct 13, 2014"
3698,Tallahassee Regional,Tallahassee,United States,TLH,KTLH,30.396528,-84.350333,81,-5,A,"Tallahassee, FL",329,327,334,334,5.802431610942253,12.99694189602446,22.0,49.0,"Fri, Oct 31, 2014","Tue, Oct 28, 2014"
4040,Toledo,Toledo,United States,TOL,KTOL,41.586806,-83.807833,684,-5,A,"Toledo, OH",84,85,89,89,2.7619047619047614,15.552941176470592,5.0,62.0,"Thu, Oct  9, 2014","Wed, Oct  1, 2014"
3646,Tampa International,Tampa,United States,TPA,KTPA,27.975472,-82.53325,26,-5,A,"Tampa, FL",4992,4982,5001,4999,4.50861378205128,11.983741469289427,34.0,91.0,"Mon, Oct 13, 2014","Tue, Oct 14, 2014"
4116,Tri-Cities Regional Airport,BRISTOL,United States,TRI,KTRI,36.4752222,-82.4074167,1519,-5,A,"Bristol/Johnson City/Kingsport, TN",174,174,174,174,4.1321839080459775,14.074712643678161,7.0,53.0,"Fri, Oct 31, 2014","Fri, Oct  3, 2014"
3447,Trenton Mercer,Trenton,United States,TTN,KTTN,40.276692,-74.813469,213,-5,A,"Trenton, NJ",307,308,311,310,7.687296416938108,11.366883116883116,50.0,58.0,"Thu, Oct  9, 2014","Fri, Oct 31, 2014"
3855,Tulsa International,Tulsa,United States,TUL,KTUL,36.198389,-95.888111,677,-6,A,"Tulsa, OK",1478,1470,1495,1495,4.444519621109598,13.636734693877546,30.0,105.0,"Sun, Oct 12, 2014","Mon, Oct 13, 2014"
3636,Tucson International,Tucson,United States,TUS,KTUS,32.116083,-110.941028,2643,-7,N,"Tucson, AZ",1425,1421,1432,1431,5.359999999999999,12.257565095003525,30.0,133.0,"Tue, Oct 28, 2014","Sat, Oct 25, 2014"
4023,Cherry Capital Airport,Traverse City,United States,TVC,KTVC,44.741445,-85.582235,624,-5,A,"Traverse City, MI",184,182,196,197,3.5978260869565224,15.516483516483516,17.0,75.0,"Thu, Oct  2, 2014","Thu, Oct  2, 2014"
4263,Magic Valley Regional Airport,Twin Falls,United States,TWF,KTWF,42.481803,-114.487733,4151,-7,A,"Twin Falls, ID",62,62,62,62,3.6774193548387095,8.225806451612902,7.0,18.0,"Sat, Oct 25, 2014","Mon, Oct 20, 2014"
3770,Texarkana Regional-Webb Field,Texarkana,United States,TXK,KTXK,33.453722,-93.991028,390,-6,A,"Texarkana, AR",83,84,89,89,3.325301204819277,9.0,10.0,55.0,"Wed, Oct  1, 2014","Mon, Oct 13, 2014"
3848,Tyler Pounds Regional,Tyler,United States,TYR,KTYR,32.354139,-95.402386,544,-6,A,"Tyler, TX",227,227,235,235,4.444933920704845,10.69603524229075,10.0,64.0,"Mon, Oct 13, 2014","Wed, Oct  1, 2014"
3676,McGhee Tyson,Knoxville,United States,TYS,KTYS,35.810972,-83.994028,981,-5,A,"Knoxville, TN",784,784,802,801,5.343112244897957,14.660714285714281,52.0,73.0,"Thu, Oct  2, 2014","Mon, Oct  6, 2014"
6989,St. Augustine Airport,St. Augustine Airport,United States,UST,KSGJ,29.959167,-81.339722,10,-5,A,"St. Augustine, FL",35,35,36,36,7.371428571428571,10.257142857142858,33.0,26.0,"Wed, Oct 15, 2014","Wed, Oct  1, 2014"
7076,Vernal Regional Airport,Vernal,United States,VEL,KVEL,40.440833,-109.51,5278,-7,A,"Vernal, UT",52,51,52,52,2.4615384615384617,6.764705882352941,5.0,16.0,"Mon, Oct 13, 2014","Sun, Oct 26, 2014"
5776,Valdosta Regional Airport,Valdosta,United States,VLD,KVLD,30.7825,-83.2767,203,-5,A,"Valdosta, GA",88,87,89,89,4.159090909090909,11.25287356321839,7.0,36.0,"Fri, Oct 10, 2014","Thu, Oct  9, 2014"
3873,Eglin AFB,Valparaiso,United States,VPS,KVPS,30.48325,-86.5254,87,-6,A,"Valparaiso, FL",383,383,392,392,7.0,13.655352480417754,20.0,110.0,"Wed, Oct 29, 2014","Mon, Oct 13, 2014"
5969,Wrangell Airport,Wrangell,United States,WRG,PAWG,56.4843,-132.37,44,-9,A,"Wrangell, AK",60,61,62,62,3.883333333333334,8.18032786885246,6.0,30.0,"Fri, Oct  3, 2014","Sun, Oct 12, 2014"
4356,NW Arkansas Regional,Bentonville,United States,XNA,KXNA,36.2818694,-94.3068111,1287,-6,A,"Fayetteville, AR",821,822,846,847,5.093788063337389,14.249391727493913,69.0,124.0,"Fri, Oct 10, 2014","Mon, Oct 13, 2014"
6803,Yakutat,Yakutat,United States,YAK,PAYA,59.3012,-139.3937,33,-9,A,"Yakutat, AK",60,61,62,62,3.8833333333333333,7.081967213114754,6.0,19.0,"Wed, Oct  8, 2014","Sat, Oct 25, 2014"
3596,Yuma MCAS Yuma International,Yuma,United States,YUM,KYUM,32.656578,-114.60598,216,-7,N,"Yuma, AZ",268,268,270,270,4.197761194029853,12.134328358208952,13.0,39.0,"Thu, Oct  9, 2014","Fri, Oct  3, 2014"
2883,Cyril E. King,St. Thomas,Virgin Islands,STT,TIST,18.337306,-64.973361,23,-4,U,"Charlotte Amalie, VI",235,235,238,238,4.157446808510636,13.53617021276596,11.0,46.0,"Sat, Oct 11, 2014","Sun, Oct 12, 2014"
2884,Henry E. Rohlsen,St. Croix Island,Virgin Islands,STX,TISX,17.701889,-64.798556,74,-4,U,"Christiansted, VI",61,61,62,62,3.4098360655737703,11.901639344262295,9.0,25.0,"Thu, Oct 30, 2014","Thu, Oct 30, 2014"
1970,Pago Pago Internatonal,Pago Pago,American Samoa,PPG,NSTU,-14.331,-170.7105,32,-11,U,"Pago Pago, TT",9,9,9,9,7.333333333333333,9.666666666666666,8.0,16.0,"Mon, Oct  6, 2014","Fri, Oct 24, 2014"
2246,Guam International,Agana,Guam,GUM,PGUM,13.48345,144.795983,298,10,U,"Guam, TT",30,30,31,31,5.666666666666667,12.566666666666666,10.0,23.0,"Fri, Oct  3, 2014","Sat, Oct  4, 2014"
2885,Rafael Hernndez,Aguadilla,Puerto Rico,BQN,TJBQ,18.494861,-67.129444,237,-4,U,"Aguadilla, PR",77,74,77,74,6.8311688311688314,12.148648648648646,32.0,23.0,"Mon, Oct 20, 2014","Thu, Oct 16, 2014"
2889,Aeropuerto Mercedita,Ponce,Puerto Rico,PSE,TJPS,18.008306,-66.563028,29,-4,U,"Ponce, PR",61,60,61,60,4.196721311475411,14.65,10.0,52.0,"Thu, Oct 16, 2014","Fri, Oct 17, 2014"
2890,Luis Muoz Marn International,San Juan,Puerto Rico,SJU,TJSJ,18.439417,-66.001833,9,-4,U,"San Juan, PR",1751,1747,1756,1753,5.797258709308964,12.805380652547221,51.0,95.0,"Thu, Oct 30, 2014","Thu, Oct 30, 2014"
