airport_id,name,city,country,iata_faa,iaco,latitude,longitude,altitude,zone,dst,city_state,avg_able_landings,avg_able_takeoffs,total_landings,total_takeoffs,avg_taxi_in,avg_taxi_out,longest_taxi_in,longest_taxi_out,lng_tx_in_date,lng_tx_out_date
4355,Lehigh Valley International,Allentown,United States,ABE,KABE,40.652083,-75.440806,393,-5,A,"Allentown/Bethlehem/Easton, PA",157,159,163,164,3.6687898089171975,17.062893081761008,8.0,80.0,"Mon, Jan 12, 2015","Wed, Jan  7, 2015"
3718,Abilene Regional,Abilene,United States,ABI,KABI,32.411319,-99.681897,1791,-6,A,"Abilene, TX",227,225,239,239,3.5814977973568283,10.11999999999999,18.0,105.0,"Sun, Jan 11, 2015","Mon, Jan  5, 2015"
4019,Albuquerque International Sunport,Albuquerque,United States,ABQ,KABQ,35.0402222,-106.6091944,5355,-7,A,"Albuquerque, NM",1559,1567,1570,1574,5.713277742142399,12.975111678366291,59.0,84.0,"Thu, Jan  1, 2015","Thu, Jan 29, 2015"
5714,Aberdeen Regional Airport,Aberdeen,United States,ABR,KABR,45.4491,-98.4218,1302,-6,A,"Aberdeen, SD",60,60,62,62,4.483333333333333,15.25,6.0,39.0,"Fri, Jan  2, 2015","Thu, Jan  8, 2015"
5715,Southwest Georgia Regional Airport,Albany,United States,ABY,KABY,31.5355,-84.1945,197,-5,A,"Albany, GA",80,79,82,81,3.2875,11.873417721518987,6.0,40.0,"Thu, Jan 15, 2015","Thu, Jan 15, 2015"
3700,Waco Regional,Waco,United States,ACT,KACT,31.611289,-97.230519,516,-6,A,"Waco, TX",142,142,147,147,3.112676056338028,9.070422535211268,8.0,30.0,"Sat, Jan 17, 2015","Sat, Jan 10, 2015"
4384,Arcata,Arcata CA,United States,ACV,KACV,40.978111,-124.108611,221,-8,A,"Arcata/Eureka, CA",145,147,149,150,4.282758620689656,11.938775510204087,9.0,54.0,"Mon, Jan 19, 2015","Thu, Jan 15, 2015"
3524,Atlantic City International,Atlantic City,United States,ACY,KACY,39.457583,-74.577167,75,-5,A,"Atlantic City, NJ",332,335,341,341,4.6355421686747,13.304477611940298,14.0,39.0,"Wed, Jan 21, 2015","Sun, Jan 11, 2015"
5959,Adak Airport,Adak Island,United States,ADK,PADK,51.878,-176.646,18,-10,A,"Adak Island, AK",9,9,9,9,4.222222222222222,9.777777777777779,6.0,23.0,"Thu, Jan 22, 2015","Sun, Jan  4, 2015"
3531,Kodiak,Kodiak,United States,ADQ,PADQ,57.749967,-152.493856,78,-9,A,"Kodiak, AK",29,29,30,30,3.9310344827586206,6.655172413793103,8.0,15.0,"Sat, Jan 10, 2015","Sat, Jan 10, 2015"
3852,Alexandria International,Alexandria,United States,AEX,KAEX,31.3274,-92.549833,89,-6,A,"Alexandria, LA",280,281,282,282,3.803571428571426,13.234875444839856,27.0,102.0,"Tue, Jan 27, 2015","Mon, Jan 19, 2015"
3658,Augusta Regional At Bush Field,Bush Field,United States,AGS,KAGS,33.369944,-81.9645,144,-5,A,"Augusta, GA",200,200,200,200,3.485,17.154999999999998,11.0,50.0,"Mon, Jan 12, 2015","Sat, Jan 24, 2015"
3864,Albany International,Albany,United States,ALB,KALB,42.748267,-73.801692,285,-5,A,"Albany, NY",547,548,569,569,4.526508226691043,16.395985401459846,46.0,88.0,"Tue, Jan 13, 2015","Sat, Jan  3, 2015"
5718,Waterloo Regional Airport,Waterloo,United States,ALO,KALO,42.5571,-92.4003,873,-6,A,"Waterloo, IA",49,49,58,58,5.63265306122449,17.816326530612244,10.0,47.0,"Sun, Jan  4, 2015","Sat, Jan  3, 2015"
3840,Rick Husband Amarillo International,Amarillo,United States,AMA,KAMA,35.219369,-101.705931,3607,-6,A,"Amarillo, TX",505,505,525,525,4.932673267326733,13.031683168316832,26.0,121.0,"Sun, Jan  4, 2015","Sat, Jan  3, 2015"
3774,Ted Stevens Anchorage International,Anchorage,United States,ANC,PANC,61.174361,-149.996361,152,-9,A,"Anchorage, AK",1166,1174,1179,1184,4.253859348198969,14.504258943781945,21.0,56.0,"Sat, Jan 31, 2015","Sun, Jan  4, 2015"
5720,Alpena County Regional Airport,Alpena,United States,APN,KAPN,45.0781,-83.5603,689,-5,A,"Alpena, MI",50,49,53,53,5.84,15.938775510204081,15.0,48.0,"Thu, Jan  8, 2015","Sat, Jan  3, 2015"
7001,Aspen/Pitkin County-Sardy Field,Aspen,United States,ASE,KASE,39.2232,-106.869,7820,-7,A,"Aspen, CO",590,590,627,626,4.3220338983050866,14.464406779661013,50.0,101.0,"Sat, Jan  3, 2015","Mon, Jan  5, 2015"
3682,Hartsfield Jackson Atlanta International,Atlanta,United States,ATL,KATL,33.636719,-84.428067,1026,-5,A,"Atlanta, GA",29202,29254,29492,29512,8.687966577631657,17.037533328775574,145.0,102.0,"Sat, Jan 24, 2015","Sun, Jan  4, 2015"
4047,Appleton,Appleton,United States,ATW,KATW,44.257526,-88.507576,680,-6,A,"Appleton, WI",222,223,226,226,4.846846846846849,18.345291479820617,17.0,95.0,"Mon, Jan  5, 2015","Wed, Jan 14, 2015"
3673,Austin Bergstrom International,Austin,United States,AUS,KAUS,30.194528,-97.669889,542,-6,A,"Austin, TX",3338,3322,3372,3376,4.967345715997605,13.327814569536429,28.0,69.0,"Sat, Jan  3, 2015","Tue, Jan 27, 2015"
4007,Asheville Regional Airport,Asheville,United States,AVL,KAVL,35.436194,-82.541806,2165,-5,A,"Asheville, NC",207,206,209,207,3.371980676328503,16.427184466019423,10.0,57.0,"Sat, Jan 10, 2015","Sun, Jan 11, 2015"
4286,Wilkes Barre Scranton International,Scranton,United States,AVP,KAVP,41.338478,-75.723403,962,-5,A,"Scranton/Wilkes-Barre, PA",115,115,117,117,3.356521739130435,18.8695652173913,5.0,75.0,"Tue, Jan 20, 2015","Mon, Jan 12, 2015"
4039,Kalamazoo,Kalamazoo,United States,AZO,KAZO,42.234875,-85.552058,874,-5,A,"Kalamazoo, MI",192,192,213,211,3.6354166666666665,19.182291666666675,16.0,66.0,"Fri, Jan  9, 2015","Wed, Jan  7, 2015"
3825,Bradley International,Windsor Locks,United States,BDL,KBDL,41.938889,-72.683222,173,-5,A,"Hartford, CT",1585,1577,1682,1680,5.613249211356472,15.788839568801528,39.0,85.0,"Sun, Jan 18, 2015","Sat, Jan  3, 2015"
3599,Bethel,Bethel,United States,BET,PABE,60.779778,-161.838,121,-9,A,"Bethel, AK",80,80,82,82,3.55,6.675,6.0,23.0,"Wed, Jan 14, 2015","Thu, Jan  8, 2015"
3558,Meadows Field,Bakersfield,United States,BFL,KBFL,35.433598,-119.05677,507,-8,A,"Bakersfield, CA",226,226,231,231,4.331858407079647,15.048672566371678,7.0,44.0,"Sun, Jan 11, 2015","Thu, Jan 15, 2015"
3811,Birmingham International,Birmingham,United States,BHM,KBHM,33.562942,-86.75355,644,-6,A,"Birmingham, AL",1136,1134,1149,1146,3.817781690140842,14.005291005291003,23.0,68.0,"Fri, Jan  2, 2015","Fri, Jan  9, 2015"
4021,Billings Logan International Airport,Billings,United States,BIL,KBIL,45.80921,-108.537654,3652,-7,A,"Billings, MT",221,217,222,220,4.316742081447966,15.884792626728128,40.0,72.0,"Sun, Jan  4, 2015","Sat, Jan  3, 2015"
4083,Bismarck Municipal Airport,Bismarck,United States,BIS,KBIS,46.775842,-100.757931,1661,-6,A,"Bismarck/Mandan, ND",303,304,310,307,4.049504950495051,17.08552631578949,29.0,85.0,"Sun, Jan 11, 2015","Sat, Jan  3, 2015"
4287,Bemidji Regional Airport,Bemidji,United States,BJI,KBJI,47.510722,-94.934722,1391,-6,A,"Bemidji, MN",62,61,62,62,5.064516129032258,17.83606557377049,11.0,52.0,"Sun, Jan  4, 2015","Sat, Jan 17, 2015"
3777,Bellingham International,Bellingham,United States,BLI,KBLI,48.792694,-122.537528,170,-8,A,"Bellingham, WA",94,93,95,94,4.54255319148936,15.88172043010753,15.0,47.0,"Wed, Jan 28, 2015","Wed, Jan 21, 2015"
4037,Central Illinois Regional,Bloomington,United States,BMI,KBMI,40.477111,-88.915917,871,-6,A,"Bloomington/Normal, IL",233,231,250,249,4.742489270386266,16.87012987012988,19.0,91.0,"Fri, Jan  9, 2015","Mon, Jan  5, 2015"
3690,Nashville International,Nashville,United States,BNA,KBNA,36.124472,-86.678194,599,-6,A,"Nashville, TN",4003,4002,4097,4096,6.221583812140887,13.65992003998001,64.0,151.0,"Thu, Jan  8, 2015","Sat, Jan 24, 2015"
3495,Boise Air Terminal,Boise,United States,BOI,KBOI,43.564361,-116.222861,2871,-7,A,"Boise, ID",915,916,945,945,4.032786885245903,14.782751091703055,50.0,80.0,"Wed, Jan 21, 2015","Thu, Jan 22, 2015"
3448,General Edward Lawrence Logan International,Boston,United States,BOS,KBOS,42.364347,-71.005181,19,-5,A,"Boston, MA",8182,8191,8841,8837,6.610730872647274,22.461726284946856,69.0,131.0,"Thu, Jan 29, 2015","Sat, Jan 24, 2015"
3612,Southeast Texas Regional,Beaumont,United States,BPT,KBPT,29.950833,-94.020694,15,-6,A,"Beaumont/Port Arthur, TX",89,89,93,93,3.449438202247191,11.303370786516856,6.0,26.0,"Mon, Jan 26, 2015","Thu, Jan  8, 2015"
5725,Brunswick Golden Isles Airport,Brunswick,United States,BQK,KBQK,31.2588,-81.4665,26,-5,A,"Brunswick, GA",84,84,85,85,2.964285714285714,16.05952380952381,5.0,65.0,"Tue, Jan 27, 2015","Fri, Jan 23, 2015"
6957,Brainerd Lakes Regional,Brainerd,United States,BRD,KBRD,46.398308,-94.138078,1226,-6,U,"Brainerd, MN",53,52,55,54,5.339622641509435,21.173076923076923,9.0,55.0,"Thu, Jan 29, 2015","Wed, Jan 28, 2015"
3738,Brownsville South Padre Island International,Brownsville,United States,BRO,KBRO,25.906833,-97.425861,22,-6,A,"Brownsville, TX",190,192,203,204,4.94736842105263,12.531249999999998,18.0,34.0,"Thu, Jan 15, 2015","Fri, Jan  2, 2015"
3571,Wiley Post Will Rogers Memorial,Barrow,United States,BRW,PABR,71.285446,-156.766003,44,-9,A,"Barrow, AK",78,80,80,80,5.307692307692307,7.2875,29.0,27.0,"Sat, Jan 24, 2015","Sun, Jan 18, 2015"
4022,Bert Mooney Airport,Butte,United States,BTM,KBTM,45.954806,-112.497472,5550,-7,A,"Butte, MT",59,59,63,62,4.033898305084747,14.559322033898303,6.0,29.0,"Wed, Jan  7, 2015","Mon, Jan  5, 2015"
3846,Baton Rouge Metro-Ryan Field,Baton Rouge,United States,BTR,KBTR,30.533167,-91.149639,70,-6,A,"Baton Rouge, LA",640,640,656,655,4.562499999999993,12.178125,25.0,99.0,"Mon, Jan 12, 2015","Sat, Jan  3, 2015"
3711,Burlington International,Burlington,United States,BTV,KBTV,44.471861,-73.153278,335,-5,A,"Burlington, VT",232,231,240,241,4.504310344827589,20.294372294372295,26.0,71.0,"Sat, Jan  3, 2015","Sun, Jan 11, 2015"
3820,Buffalo Niagara International,Buffalo,United States,BUF,KBUF,42.940525,-78.732167,724,-5,A,"Buffalo, NY",1256,1246,1296,1294,4.353503184713379,17.05377207062601,32.0,84.0,"Tue, Jan 13, 2015","Mon, Jan 12, 2015"
3644,Bob Hope,Burbank,United States,BUR,KBUR,34.200667,-118.358667,778,-8,A,"Burbank, CA",1664,1662,1703,1703,2.9591346153846194,11.767749699157658,20.0,65.0,"Wed, Jan 28, 2015","Sat, Jan 31, 2015"
3849,Baltimore Washington International,Baltimore,United States,BWI,KBWI,39.175361,-76.668333,146,-5,A,"Baltimore, MD",6744,6763,6913,6921,5.741103202846978,14.1570309034452,68.0,129.0,"Tue, Jan  6, 2015","Tue, Jan  6, 2015"
4020,Gallatin Field,Bozeman,United States,BZN,KBZN,45.777643,-111.160151,4500,-7,A,"Bozeman, MT",249,250,251,252,4.907630522088352,17.635999999999985,24.0,85.0,"Sat, Jan  3, 2015","Sun, Jan  4, 2015"
3561,Columbia Metropolitan,Colombia,United States,CAE,KCAE,33.938833,-81.119528,236,-5,A,"Columbia, SC",516,515,532,531,3.9709302325581377,14.621359223300972,14.0,56.0,"Sat, Jan 17, 2015","Sat, Jan 31, 2015"
4112,Akron Canton Regional Airport,Akron,United States,CAK,KCAK,40.9160833,-81.4421944,1228,-5,A,"Akron, OH",551,551,559,559,5.036297640653354,19.402903811252283,15.0,100.0,"Sun, Jan  4, 2015","Mon, Jan 12, 2015"
3824,Cedar City Regional,Cedar City,United States,CDC,KCDC,37.700967,-113.098847,5622,-7,A,"Cedar City, UT",53,53,53,53,3.9622641509433962,13.056603773584905,8.0,41.0,"Thu, Jan 22, 2015","Fri, Jan 30, 2015"
3610,Merle K. Mudhole Smith,Cordova,United States,CDV,PACV,60.491778,-145.477556,48,-9,A,"Cordova, AK",60,60,60,60,3.2999999999999994,7.133333333333334,5.0,18.0,"Tue, Jan  6, 2015","Tue, Jan 13, 2015"
5727,Del Norte County Airport,Crescent City,United States,CEC,KCEC,41.7802,-124.237,57,-8,A,"Crescent City, CA",60,59,61,60,3.5,12.322033898305085,7.0,28.0,"Fri, Jan 16, 2015","Fri, Jan 16, 2015"
3578,Lovell Field,Chattanooga,United States,CHA,KCHA,35.035278,-85.203808,683,-5,A,"Chattanooga, TN",305,305,312,312,3.9901639344262296,15.04590163934426,25.0,76.0,"Sat, Jan  3, 2015","Sat, Jan  3, 2015"
4015,Charlottesville-Albemarle,Charlottesville VA,United States,CHO,KCHO,38.138639,-78.452861,639,-5,A,"Charlottesville, VA",188,183,202,201,3.521276595744681,15.857923497267768,9.0,68.0,"Mon, Jan 26, 2015","Thu, Jan 22, 2015"
3806,Charleston AFB International,Charleston,United States,CHS,KCHS,32.898647,-80.040528,45,-5,A,"Charleston, SC",901,895,930,928,6.942286348501665,13.989944134078213,33.0,61.0,"Thu, Jan 15, 2015","Sun, Jan 11, 2015"
4043,Cedar Rapids,Cedar Rapids,United States,CID,KCID,41.884694,-91.710806,869,-6,A,"Cedar Rapids/Iowa City, IA",635,636,667,665,6.5590551181102335,17.14622641509437,76.0,149.0,"Mon, Jan  5, 2015","Mon, Jan  5, 2015"
5729,Chippewa County International Airport,Sault Ste. Marie,United States,CIU,KCIU,46.2508,-84.4724,800,-5,A,"Sault Ste. Marie, MI",57,57,57,57,4.68421052631579,24.017543859649123,10.0,61.0,"Fri, Jan 30, 2015","Mon, Jan  5, 2015"
4088,McClellan-Palomar Airport,Carlsbad,United States,CLD,KCRQ,33.0742,-117.1648,328,-8,A,"Carlsbad, CA",200,200,204,204,4.035,11.480000000000004,7.0,48.0,"Tue, Jan 13, 2015","Thu, Jan  1, 2015"
3486,Cleveland Hopkins International,Cleveland,United States,CLE,KCLE,41.411689,-81.849794,791,-5,A,"Cleveland, OH",2912,2909,2996,2996,7.015453296703294,17.95771742866966,77.0,73.0,"Sun, Jan 11, 2015","Mon, Jan 12, 2015"
3715,Easterwood Field,College Station,United States,CLL,KCLL,30.588583,-96.363833,321,-6,A,"College Station/Bryan, TX",198,197,203,202,4.308080808080804,10.197969543147204,21.0,51.0,"Wed, Jan 14, 2015","Sun, Jan  4, 2015"
3876,Charlotte Douglas International,Charlotte,United States,CLT,KCLT,35.214,-80.943139,748,-5,A,"Charlotte, NC",9184,9221,9351,9350,8.621733449477343,18.16375664244664,76.0,100.0,"Wed, Jan 28, 2015","Thu, Jan  8, 2015"
3759,Port Columbus International,Columbus,United States,CMH,KCMH,39.997972,-82.891889,815,-5,A,"Columbus, OH",1990,1982,2070,2066,6.477386934673366,16.41826437941473,82.0,103.0,"Fri, Jan  2, 2015","Tue, Jan  6, 2015"
4049,Champaign,Champaign,United States,CMI,KCMI,40.03925,-88.278056,754,-6,A,"Champaign/Urbana, IL",189,188,208,208,4.402116402116404,14.367021276595745,17.0,75.0,"Sun, Jan 11, 2015","Mon, Jan 12, 2015"
5732,Houghton County Memorial Airport,Hancock,United States,CMX,KCMX,47.1684,-88.4891,1095,-5,A,"Hancock/Houghton, MI",50,49,60,60,4.900000000000001,21.979591836734695,11.0,84.0,"Wed, Jan 28, 2015","Wed, Jan  7, 2015"
7074,Canyonlands Field,Moab,United States,CNY,KCNY,38.755,-109.754722,4555,-7,A,"Moab, UT",54,54,54,54,2.4444444444444446,5.333333333333333,9.0,12.0,"Sun, Jan  4, 2015","Sat, Jan  3, 2015"
4344,Yellowstone Regional,Cody,United States,COD,KCOD,44.520194,-109.023806,5102,-7,A,"Cody, WY",57,58,62,62,4.192982456140351,18.82758620689655,8.0,39.0,"Tue, Jan  6, 2015","Sat, Jan 10, 2015"
3819,City Of Colorado Springs Municipal,Colorado Springs,United States,COS,KCOS,38.805805,-104.700778,6187,-7,A,"Colorado Springs, CO",579,585,608,608,6.414507772020724,22.454700854700853,54.0,143.0,"Fri, Jan  9, 2015","Mon, Jan 12, 2015"
3719,Columbia Regional,Columbia,United States,COU,KCOU,38.818094,-92.219631,889,-6,A,"Columbia, MO",121,120,124,124,3.3223140495867765,18.23333333333334,7.0,53.0,"Wed, Jan  7, 2015","Wed, Jan 28, 2015"
3872,Natrona County International,Casper,United States,CPR,KCPR,42.908,-106.464417,5347,-7,A,"Casper, WY",164,163,167,166,4.018292682926829,15.429447852760731,8.0,40.0,"Tue, Jan 20, 2015","Tue, Jan 20, 2015"
3744,Corpus Christi International,Corpus Christi,United States,CRP,KCRP,27.770361,-97.501222,44,-6,A,"Corpus Christi, TX",536,536,546,546,4.748134328358209,11.807835820895527,30.0,56.0,"Wed, Jan 28, 2015","Fri, Jan  2, 2015"
4285,Yeager,Charleston,United States,CRW,KCRW,38.373147,-81.593189,981,-5,A,"Charleston/Dunbar, WV",173,175,176,176,3.4739884393063583,16.217142857142854,10.0,91.0,"Thu, Jan  1, 2015","Mon, Jan 12, 2015"
4255,Columbus Metropolitan Airport,Columbus,United States,CSG,KCSG,32.5163333,-84.9388611,397,-5,A,"Columbus, GA",80,80,80,80,2.9499999999999997,12.225000000000001,6.0,43.0,"Fri, Jan 30, 2015","Sun, Jan 11, 2015"
3488,Cincinnati Northern Kentucky International,Cincinnati,United States,CVG,KCVG,39.048836,-84.667822,896,-5,A,"Cincinnati, OH",1656,1651,1707,1713,6.386473429951693,15.718958207147185,29.0,106.0,"Sun, Jan 25, 2015","Tue, Jan  6, 2015"
4045,Central Wisconsin,Wassau,United States,CWA,KCWA,44.772726,-89.646635,840,-6,A,"Mosinee, WI",111,111,120,120,4.468468468468471,16.981981981981985,22.0,114.0,"Fri, Jan  9, 2015","Mon, Jan  5, 2015"
3950,Daytona Beach International,Daytona Beach,United States,DAB,KDAB,29.179917,-81.058056,34,-5,A,"Daytona Beach, FL",119,120,119,120,3.9915966386554618,15.275,9.0,85.0,"Thu, Jan 29, 2015","Mon, Jan 12, 2015"
3502,Dallas Love Field,Dallas,United States,DAL,KDAL,32.847111,-96.851778,487,-6,A,"Dallas, TX",5061,5078,5153,5152,5.246591582691151,10.676250492319799,64.0,64.0,"Mon, Jan  5, 2015","Fri, Jan 30, 2015"
3627,James M. Cox Dayton International,Dayton,United States,DAY,KDAY,39.902375,-84.219375,1009,-5,A,"Dayton, OH",751,750,782,783,6.435419440745672,17.56933333333333,35.0,101.0,"Tue, Jan 13, 2015","Tue, Jan  6, 2015"
4388,Dubuque Regional,Dubuque IA,United States,DBQ,KDBQ,42.402,-90.709472,1076,-6,A,"Dubuque, IA",70,71,86,86,3.942857142857143,12.253521126760564,6.0,32.0,"Wed, Jan 28, 2015","Sun, Jan 25, 2015"
3520,Ronald Reagan Washington National,Washington,United States,DCA,KDCA,38.852083,-77.037722,15,-5,A,"Washington, DC",6372,6354,6680,6683,6.014908976773381,18.947119924457002,174.0,122.0,"Tue, Jan  6, 2015","Tue, Jan  6, 2015"
3751,Denver International,Denver,United States,DEN,KDEN,39.861656,-104.673178,5431,-7,A,"Denver, CO",16760,16827,17059,17090,9.187171837708851,17.216675580911648,80.0,170.0,"Tue, Jan 13, 2015","Wed, Jan 21, 2015"
3670,Dallas Fort Worth International,Dallas-fort Worth,United States,DFW,KDFW,32.896828,-97.037997,607,-6,A,"Dallas/Fort Worth, TX",22602,22638,23173,23153,11.30125652597118,15.416644579909908,91.0,127.0,"Sun, Jan  4, 2015","Sat, Jan 10, 2015"
3739,Dothan Regional,Dothan,United States,DHN,KDHN,31.321339,-85.449628,401,-6,A,"Dothan, AL",116,116,116,116,3.3706896551724137,16.362068965517242,7.0,69.0,"Mon, Jan 26, 2015","Mon, Jan 12, 2015"
7064,Dickinson Theodore Roosevelt Regional Airport,Dickinson,United States,DIK,KDIK,46.7975,-102.801944,2592,-5,A,"Dickinson, ND",108,106,110,109,5.546296296296294,18.547169811320757,23.0,57.0,"Fri, Jan 23, 2015","Sat, Jan  3, 2015"
3598,Duluth International,Duluth,United States,DLH,KDLH,46.842091,-92.193649,1428,-6,A,"Duluth, MN",147,149,151,151,5.870748299319726,22.295302013422823,21.0,60.0,"Thu, Jan 15, 2015","Fri, Jan 23, 2015"
3713,Durango La Plata County,Durango,United States,DRO,KDRO,37.151516,-107.75377,6685,-7,A,"Durango, CO",182,182,189,188,4.313186813186807,16.97802197802198,20.0,101.0,"Fri, Jan  2, 2015","Tue, Jan 13, 2015"
3729,Des Moines International,Des Moines,United States,DSM,KDSM,41.533972,-93.663083,958,-6,A,"Des Moines, IA",803,797,843,840,6.576587795765878,15.015056461731495,97.0,125.0,"Mon, Jan  5, 2015","Mon, Jan  5, 2015"
3645,Detroit Metro Wayne County,Detroit,United States,DTW,KDTW,42.212444,-83.353389,645,-5,A,"Detroit, MI",9255,9277,9468,9473,8.557860615883296,22.507168265603134,69.0,115.0,"Fri, Jan  9, 2015","Sun, Jan 11, 2015"
7063,Devils Lake Regional Airport,Devils Lake,United States,DVL,KDVL,48.114444,-98.908611,1445,-6,A,"Devils Lake, ND",40,43,48,49,5.5,20.3953488372093,8.0,44.0,"Fri, Jan 23, 2015","Fri, Jan 23, 2015"
5735,Chippewa Valley Regional Airport,Eau Claire,United States,EAU,KEAU,44.8658,-91.4843,913,-6,A,"Eau Claire, WI",59,60,62,62,4.322033898305086,19.4,19.0,37.0,"Fri, Jan 16, 2015","Sat, Jan 10, 2015"
7669,Northwest Florida Beaches International,Panama City,United States,ECP,KECP,30.3417,-85.7973,69,-6,A,"Panama City, FL",233,232,234,233,3.5836909871244633,13.008620689655173,17.0,36.0,"Mon, Jan 12, 2015","Sat, Jan 10, 2015"
4250,Eagle County Regional,Vail,United States,EGE,KEGE,39.642556,-106.917694,6540,-7,A,"Eagle, CO",291,292,299,299,5.4604810996563575,17.455479452054774,49.0,114.0,"Thu, Jan 15, 2015","Tue, Jan 13, 2015"
5736,Elko Regional Airport,Elko,United States,EKO,KEKO,40.8249,-115.792,5140,-8,A,"Elko, NV",61,61,61,61,4.98360655737705,15.999999999999995,8.0,54.0,"Fri, Jan 16, 2015","Mon, Jan 19, 2015"
3946,Elmira Corning Regional,Elmira,United States,ELM,KELM,42.159889,-76.891611,954,-5,A,"Elmira/Corning, NY",159,158,164,162,4.0062893081761,17.924050632911385,10.0,61.0,"Thu, Jan  8, 2015","Mon, Jan 26, 2015"
3559,El Paso International,El Paso,United States,ELP,KELP,31.80725,-106.377583,3958,-7,A,"El Paso, TX",1076,1069,1088,1087,4.201672862453523,13.289055191768004,28.0,101.0,"Mon, Jan  5, 2015","Thu, Jan 22, 2015"
4276,Erie International-Tom Ridge Field,Erie,United States,ERI,KERI,42.082022,-80.176217,733,-5,A,"Erie, PA",120,119,128,127,4.466666666666669,20.512605042016816,10.0,77.0,"Tue, Jan 27, 2015","Sun, Jan 25, 2015"
6800,Delta County Airport,Escanaba,United States,ESC,KESC,45.722778,-87.093611,609,-5,A,"Escanaba, MI",48,48,53,53,4.999999999999999,15.3125,8.0,42.0,"Wed, Jan 14, 2015","Thu, Jan 29, 2015"
4099,Mahlon Sweet Field,Eugene,United States,EUG,KEUG,44.124583,-123.211972,374,-8,A,"Eugene, OR",313,313,330,330,3.8146964856230032,14.654952076677317,16.0,58.0,"Sat, Jan 10, 2015","Fri, Jan 16, 2015"
4018,Evansville Regional,Evansville,United States,EVV,KEVV,38.036997,-87.532364,418,-6,A,"Evansville, IN",296,294,309,308,3.6621621621621623,15.925170068027208,14.0,73.0,"Sun, Jan 11, 2015","Wed, Jan 14, 2015"
3730,Craven County Regional,New Bern,United States,EWN,KEWN,35.072972,-77.042944,18,-5,A,"New Bern/Morehead/Beaufort, NC",55,55,57,57,2.618181818181818,12.636363636363637,6.0,34.0,"Mon, Jan 12, 2015","Wed, Jan  7, 2015"
3494,Newark Liberty International,Newark,United States,EWR,KEWR,40.6925,-74.168667,18,-5,A,"Newark, NJ",8031,8038,8705,8697,9.820819325115194,20.790246329932835,67.0,99.0,"Thu, Jan  8, 2015","Wed, Jan  7, 2015"
3875,Key West International,Key West,United States,EYW,KEYW,24.556111,-81.759556,3,-5,A,"Key West, FL",243,243,245,245,3.1316872427983538,10.14814814814815,10.0,47.0,"Sat, Jan  3, 2015","Sun, Jan  4, 2015"
3832,Fairbanks International,Fairbanks,United States,FAI,PAFA,64.815114,-147.856267,434,-9,A,"Fairbanks, AK",155,154,155,155,3.6,18.3831168831169,10.0,50.0,"Mon, Jan 26, 2015","Mon, Jan  5, 2015"
4292,Hector International Airport,Fargo,United States,FAR,KFAR,46.92065,-96.8157639,902,-6,A,"Fargo, ND",466,467,480,481,5.536480686695277,19.558886509635983,47.0,98.0,"Mon, Jan 19, 2015","Thu, Jan  8, 2015"
3687,Fresno Yosemite International,Fresno,United States,FAT,KFAT,36.776194,-119.71814,336,-8,A,"Fresno, CA",678,683,695,696,4.626843657817106,16.122986822840392,15.0,65.0,"Mon, Jan 19, 2015","Wed, Jan 14, 2015"
5738,Fayetteville Regional-Grannis Field,Fayetteville,United States,FAY,KFAY,34.9912,-78.8803,189,-5,A,"Fayetteville, NC",156,155,157,156,4.410256410256414,13.03225806451613,9.0,44.0,"Thu, Jan 15, 2015","Sat, Jan  3, 2015"
4127,Glacier Park International,Kalispell,United States,FCA,KFCA,48.310472,-114.256,2977,-7,A,"Kalispell, MT",123,123,129,129,4.4471544715447155,21.040650406504056,14.0,56.0,"Wed, Jan 21, 2015","Tue, Jan 20, 2015"
4261,Flagstaff Pulliam Airport,Flagstaff,United States,FLG,KFLG,35.140318,-111.6692392,7015,-7,N,"Flagstaff, AZ",140,139,142,142,4.292857142857143,19.33093525179856,10.0,96.0,"Wed, Jan  7, 2015","Sun, Jan 18, 2015"
3533,Fort Lauderdale Hollywood International,Fort Lauderdale,United States,FLL,KFLL,26.072583,-80.15275,9,-5,A,"Fort Lauderdale, FL",7021,7048,7170,7187,6.2203389830508495,15.105136208853576,71.0,66.0,"Wed, Jan 14, 2015","Fri, Jan 30, 2015"
4089,Bishop International,Flint,United States,FNT,KFNT,42.965424,-83.743629,782,-5,A,"Flint, MI",379,377,389,387,4.757255936675466,17.005305039787807,9.0,56.0,"Wed, Jan 21, 2015","Sun, Jan 11, 2015"
4009,Sioux Falls,Sioux Falls,United States,FSD,KFSD,43.582014,-96.741914,1429,-6,A,"Sioux Falls, SD",592,580,610,608,5.9527027027027,18.787931034482753,50.0,100.0,"Mon, Jan  5, 2015","Mon, Jan 19, 2015"
3437,Fort Smith Regional,Fort Smith,United States,FSM,KFSM,35.336583,-94.367444,469,-6,A,"Fort Smith, AR",194,195,198,199,3.845360824742269,12.482051282051282,10.0,104.0,"Sat, Jan  3, 2015","Mon, Jan 12, 2015"
4041,Fort Wayne,Fort Wayne,United States,FWA,KFWA,40.978472,-85.195139,815,-5,A,"Fort Wayne, IN",281,279,303,303,5.4412811387900355,16.462365591397848,26.0,77.0,"Tue, Jan  6, 2015","Mon, Jan 12, 2015"
4296,Gillette-Campbell County Airport,Gillette,United States,GCC,KGCC,44.3489167,-105.5393611,4365,-7,A,"Gillette, WY",117,118,120,121,4.529914529914528,13.915254237288135,18.0,75.0,"Mon, Jan 12, 2015","Sat, Jan  3, 2015"
3497,Garden City Regional,Garden City,United States,GCK,KGCK,37.927528,-100.724417,2891,-6,A,"Garden City, KS",60,60,62,62,4.8,11.566666666666666,12.0,29.0,"Sun, Jan  4, 2015","Thu, Jan 15, 2015"
3467,Spokane International,Spokane,United States,GEG,KGEG,47.619861,-117.533833,2376,-8,A,"Spokane, WA",818,818,833,831,4.339853300733491,17.85574572127144,13.0,111.0,"Sun, Jan 11, 2015","Sun, Jan  4, 2015"
3442,Grand Forks International,Grand Forks,United States,GFK,KGFK,47.949256,-97.176111,845,-6,A,"Grand Forks, ND",50,50,50,50,5.2399999999999975,17.47999999999999,9.0,82.0,"Sat, Jan 24, 2015","Mon, Jan 26, 2015"
3465,East Texas Regional,Longview,United States,GGG,KGGG,32.384014,-94.711486,365,-6,A,"Longview, TX",52,52,54,54,4.673076923076925,8.653846153846153,22.0,19.0,"Mon, Jan 12, 2015","Thu, Jan 22, 2015"
4063,Grand Junction Regional,Grand Junction,United States,GJT,KGJT,39.122413,-108.526735,4858,-7,A,"Grand Junction, CO",274,274,279,279,3.8284671532846715,16.67883211678832,39.0,71.0,"Fri, Jan 23, 2015","Sun, Jan 11, 2015"
3472,Gainesville Regional,Gainesville,United States,GNV,KGNV,29.690056,-82.271778,152,-5,A,"Gainesville, FL",223,221,224,225,3.497757847533632,13.809954751131222,10.0,38.0,"Wed, Jan  7, 2015","Thu, Jan 15, 2015"
4038,Gulfport-Biloxi,Gulfport,United States,GPT,KGPT,30.407278,-89.070111,28,-6,A,"Gulfport/Biloxi, MS",334,333,337,337,4.209580838323352,12.528528528528529,10.0,47.0,"Wed, Jan  7, 2015","Tue, Jan  6, 2015"
3653,Austin Straubel International,Green Bay,United States,GRB,KGRB,44.485072,-88.129589,695,-6,A,"Green Bay, WI",346,346,367,365,4.089595375722548,16.335260115606943,28.0,83.0,"Tue, Jan 20, 2015","Thu, Jan  8, 2015"
5740,Central Nebraska Regional Airport,Grand Island,United States,GRI,KGRI,40.9675,-98.3096,1847,-6,A,"Grand Island, NE",57,58,61,61,4.578947368421052,15.758620689655173,11.0,44.0,"Fri, Jan  9, 2015","Sat, Jan 31, 2015"
3775,Robert Gray AAF,Killeen,United States,GRK,KGRK,31.06725,-97.828917,1015,-6,A,"Killeen, TX",375,372,383,381,4.333333333333333,11.17741935483871,32.0,68.0,"Sun, Jan  4, 2015","Tue, Jan 20, 2015"
3685,Gerald R. Ford International,Grand Rapids,United States,GRR,KGRR,42.880833,-85.522806,794,-5,A,"Grand Rapids, MI",1012,1009,1049,1049,6.355731225296442,19.4836471754212,104.0,74.0,"Thu, Jan 29, 2015","Sun, Jan  4, 2015"
4008,Piedmont Triad,Greensboro,United States,GSO,KGSO,36.09775,-79.937306,925,-5,A,"Greensboro/High Point, NC",636,637,679,680,4.301886792452826,17.00470957613815,32.0,65.0,"Thu, Jan 29, 2015","Thu, Jan 22, 2015"
4034,Greenville-Spartanburg International,Greenville,United States,GSP,KGSP,34.895556,-82.218889,964,-5,A,"Greer, SC",536,534,550,548,4.0858208955223985,13.631086142322097,32.0,48.0,"Fri, Jan  2, 2015","Thu, Jan 15, 2015"
3880,Great Falls International,Great Falls,United States,GTF,KGTF,47.482,-111.370689,3677,-7,A,"Great Falls, MT",143,143,146,146,4.671328671328672,17.13286713286713,13.0,69.0,"Mon, Jan  5, 2015","Sun, Jan  4, 2015"
4273,Golden Triangle Regional Airport,Columbus Mississippi,United States,GTR,KGTR,33.450333,-88.591361,264,-6,A,"Columbus, MS",84,83,84,83,2.785714285714285,13.313253012048193,7.0,42.0,"Sun, Jan 11, 2015","Tue, Jan 13, 2015"
7051,Gunnison - Crested Butte,Gunnison,United States,GUC,KGUC,38.533889,-106.933056,7678,-7,A,"Gunnison, CO",73,73,77,78,4.863013698630137,16.60273972602739,48.0,101.0,"Sat, Jan  3, 2015","Wed, Jan  7, 2015"
4339,Yampa Valley,Hayden,United States,HDN,KHDN,40.481181,-107.21766,6602,-7,A,"Hayden, CO",151,149,151,150,5.3509933774834435,18.42953020134228,56.0,70.0,"Thu, Jan  1, 2015","Sat, Jan  3, 2015"
3650,Chisholm Hibbing,Hibbing,United States,HIB,KHIB,47.3866,-92.838994,1353,-6,A,"Hibbing, MN",75,75,76,77,6.053333333333334,17.573333333333327,16.0,40.0,"Thu, Jan  1, 2015","Mon, Jan 26, 2015"
3504,Helena Regional,Helena,United States,HLN,KHLN,46.606806,-111.98275,3877,-7,A,"Helena, MT",108,107,110,110,4.203703703703702,19.869158878504678,15.0,64.0,"Sat, Jan  3, 2015","Tue, Jan 13, 2015"
3728,Honolulu International,Honolulu,United States,HNL,PHNL,21.318681,-157.922428,13,-10,N,"Honolulu, HI",3879,3881,3898,3897,7.259860788863108,15.467405307910324,47.0,78.0,"Fri, Jan  2, 2015","Mon, Jan  5, 2015"
3749,Lea County Regional,Hobbs,United States,HOB,KHOB,32.687528,-103.217028,3661,-7,A,"Hobbs, NM",44,43,49,49,6.704545454545454,14.813953488372093,14.0,30.0,"Thu, Jan 22, 2015","Tue, Jan 13, 2015"
3566,William P. Hobby,Houston,United States,HOU,KHOU,29.645419,-95.278889,46,-6,A,"Houston, TX",4563,4580,4651,4650,4.9561691869384035,10.469213973799109,44.0,36.0,"Sat, Jan  3, 2015","Sun, Jan 11, 2015"
3589,Westchester County,White Plains,United States,HPN,KHPN,41.066959,-73.707575,439,-5,A,"White Plains, NY",656,649,730,726,4.588414634146344,15.76887519260397,39.0,84.0,"Tue, Jan  6, 2015","Fri, Jan  9, 2015"
3560,Valley International,Harlingen,United States,HRL,KHRL,26.2285,-97.654389,36,-6,A,"Harlingen/San Benito, TX",281,279,289,286,3.583629893238434,9.121863799283155,10.0,33.0,"Wed, Jan 21, 2015","Wed, Jan 28, 2015"
4113,Huntsville International Airport-Carl T. Jones Field,Huntsville,United States,HSV,KHSV,34.6371944,-86.7750556,629,-6,A,"Huntsville, AL",414,412,419,418,4.8115942028985526,16.563106796116525,18.0,55.0,"Fri, Jan  9, 2015","Sat, Jan  3, 2015"
7014,Hays Regional Airport,Hays,United States,HYS,KHYS,38.8422,-99.2732,1998,-5,A,"Hays, KS",51,51,53,53,4.294117647058822,15.215686274509808,14.0,41.0,"Sun, Jan  4, 2015","Wed, Jan  7, 2015"
3714,Washington Dulles International,Washington,United States,IAD,KIAD,38.944533,-77.455811,313,-5,A,"Washington, DC",3611,3622,3700,3701,7.4286901135419585,18.4376035339591,51.0,111.0,"Thu, Jan 29, 2015","Tue, Jan  6, 2015"
3630,Niagara Falls International,Niagara Falls,United States,IAG,KIAG,43.107333,-78.946194,589,-5,A,"Niagara Falls, NY",30,29,31,31,7.8,15.413793103448276,12.0,34.0,"Sun, Jan  4, 2015","Fri, Jan 30, 2015"
3550,George Bush Intercontinental Houston,Houston,United States,IAH,KIAH,29.984433,-95.341442,97,-6,A,"Houston, TX",13194,13239,13378,13376,9.075716234652088,17.62338545207333,69.0,88.0,"Wed, Jan 21, 2015","Fri, Jan  2, 2015"
3457,Wichita Mid Continent,Wichita,United States,ICT,KICT,37.649944,-97.433056,1333,-6,A,"Wichita, KS",640,638,666,663,5.560937499999997,13.645768025078365,37.0,63.0,"Thu, Jan  1, 2015","Sat, Jan  3, 2015"
4100,Idaho Falls Regional,Idaho Falls,United States,IDA,KIDA,43.514556,-112.07075,4744,-7,A,"Idaho Falls, ID",183,184,189,190,4.300546448087432,15.60869565217391,8.0,59.0,"Fri, Jan  2, 2015","Thu, Jan  1, 2015"
3859,New Castle,Wilmington,United States,ILG,KILG,39.678722,-75.606528,79,-5,A,"Wilmington, DE",26,26,26,26,8.153846153846157,17.96153846153846,12.0,112.0,"Sun, Jan 18, 2015","Fri, Jan  9, 2015"
3845,Wilmington International,Wilmington,United States,ILM,KILM,34.270615,-77.902569,32,-5,A,"Wilmington, NC",149,149,149,149,3.5033557046979866,12.583892617449665,8.0,37.0,"Sat, Jan 10, 2015","Sat, Jan 17, 2015"
6837,Ford Airport,Iron Mountain,United States,IMT,KIMT,45.8183611,-88.1145556,1182,-5,A,"Iron Mountain/Kingsfd, MI",54,55,57,58,5.648148148148147,22.927272727272726,9.0,55.0,"Fri, Jan 23, 2015","Sat, Jan  3, 2015"
3585,Indianapolis International,Indianapolis,United States,IND,KIND,39.717331,-86.294383,797,-5,A,"Indianapolis, IN",2038,2030,2104,2104,5.901373895976451,15.787684729064043,28.0,116.0,"Sat, Jan 10, 2015","Thu, Jan  8, 2015"
3535,Falls International,International Falls,United States,INL,KINL,48.566186,-93.403067,1185,-6,A,"International Falls, MN",53,53,53,53,4.981132075471698,25.37735849056604,11.0,84.0,"Mon, Jan 19, 2015","Thu, Jan  8, 2015"
3659,Sloulin Field International,Williston,United States,ISN,KISN,48.177939,-103.642347,1982,-7,A,"Williston, ND",256,256,258,258,6.4765625,22.640624999999996,12.0,88.0,"Tue, Jan 13, 2015","Mon, Jan 12, 2015"
3857,Long Island MacArthur,Islip,United States,ISP,KISP,40.79525,-73.100222,99,-5,A,"Islip, NY",357,352,378,377,4.829131652661065,10.448863636363642,28.0,48.0,"Wed, Jan 28, 2015","Mon, Jan 26, 2015"
3415,Hilo International,Hilo,United States,ITO,PHTO,19.721375,-155.048469,38,-10,N,"Hilo, HI",504,504,505,505,5.246031746031744,8.607142857142858,8.0,57.0,"Tue, Jan 13, 2015","Sat, Jan 24, 2015"
4027,Jackson Hole Airport,Jacksn Hole,United States,JAC,KJAC,43.60733333,-110.73775,6451,-7,A,"Jackson, WY",344,343,354,353,4.369186046511628,24.463556851311953,69.0,141.0,"Sun, Jan  4, 2015","Mon, Jan  5, 2015"
3580,Jackson Evers International,Jackson,United States,JAN,KJAN,32.311167,-90.075889,346,-6,A,"Jackson/Vicksburg, MS",627,630,633,634,6.3078149920255235,13.495238095238095,79.0,59.0,"Sat, Jan  3, 2015","Fri, Jan 23, 2015"
3712,Jacksonville International,Jacksonville,United States,JAX,KJAX,30.494056,-81.687861,30,-5,A,"Jacksonville, FL",1474,1477,1497,1498,5.065807327001349,14.425186188219364,29.0,114.0,"Sun, Jan 11, 2015","Sun, Jan  4, 2015"
3797,John F. Kennedy International,New York,United States,JFK,KJFK,40.639751,-73.778925,13,-5,A,"New York, NY",7992,7995,8461,8456,9.356856856856865,25.592620387742326,107.0,155.0,"Tue, Jan  6, 2015","Fri, Jan  9, 2015"
4354,Joplin Regional,Joplin,United States,JLN,KJLN,37.151814,-94.498269,981,-6,A,"Joplin, MO",59,58,62,62,4.30508474576271,16.344827586206893,10.0,58.0,"Sat, Jan 31, 2015","Sun, Jan  4, 2015"
5745,Jamestown Regional Airport,Jamestown,United States,JMS,KJMS,46.9297,-98.6782,1498,-6,A,"Jamestown, ND",62,62,76,75,4.306451612903226,16.774193548387093,7.0,42.0,"Thu, Jan 29, 2015","Tue, Jan 20, 2015"
3492,Juneau International,Juneau,United States,JNU,PAJN,58.354972,-134.576278,21,-9,A,"Juneau, AK",296,296,302,303,3.9527027027027044,16.253378378378375,11.0,56.0,"Tue, Jan  6, 2015","Thu, Jan  1, 2015"
3514,Kona International At Keahole,Kona,United States,KOA,PHKO,19.738767,-156.045631,47,-10,N,"Kona, HI",990,986,991,990,4.7838383838383765,10.24340770791075,11.0,34.0,"Sun, Jan 18, 2015","Mon, Jan 12, 2015"
3808,Ketchikan International,Ketchikan,United States,KTN,PAKT,55.355556,-131.71375,88,-9,A,"Ketchikan, AK",178,178,186,186,4.264044943820223,13.4438202247191,9.0,36.0,"Sat, Jan 10, 2015","Wed, Jan 28, 2015"
3544,Capital City,Lansing,United States,LAN,KLAN,42.7787,-84.587357,861,-5,A,"Lansing, MI",185,187,191,191,5.0216216216216205,20.4331550802139,19.0,80.0,"Mon, Jan 26, 2015","Thu, Jan 29, 2015"
5746,Laramie Regional Airport,Laramie,United States,LAR,KLAR,41.3121,-105.675,7284,-7,A,"Laramie, WY",61,62,62,62,4.327868852459017,13.548387096774194,9.0,34.0,"Mon, Jan 12, 2015","Fri, Jan  2, 2015"
3877,McCarran International,Las Vegas,United States,LAS,KLAS,36.080056,-115.15225,2141,-8,A,"Las Vegas, NV",11520,11520,11614,11604,7.4078125000000075,14.57135416666671,56.0,145.0,"Fri, Jan  2, 2015","Sun, Jan 18, 2015"
4256,Lawton-Fort Sill Regional Airport,Lawton,United States,LAW,KLAW,34.5677144,-98.4166367,1110,-6,A,"Lawton/Fort Sill, OK",114,115,129,129,2.4824561403508763,10.069565217391306,5.0,33.0,"Sun, Jan 18, 2015","Thu, Jan  8, 2015"
3484,Los Angeles International,Los Angeles,United States,LAX,KLAX,33.942536,-118.408075,126,-8,A,"Los Angeles, CA",17070,17096,17332,17340,11.292852958406543,15.864880673841794,91.0,106.0,"Fri, Jan  2, 2015","Sun, Jan 18, 2015"
3829,Lubbock Preston Smith International,Lubbock,United States,LBB,KLBB,33.663639,-101.822778,3282,-6,A,"Lubbock, TX",447,446,472,472,4.9440715883668895,11.744394618834077,24.0,68.0,"Mon, Jan 19, 2015","Thu, Jan 22, 2015"
5747,Arnold Palmer Regional Airport,Latrobe,United States,LBE,KLBE,40.2759,-79.4048,1185,-5,A,"Latrobe, PA",93,93,93,93,7.602150537634409,17.043010752688172,81.0,59.0,"Tue, Jan  6, 2015","Tue, Jan  6, 2015"
3513,Lake Charles Regional,Lake Charles,United States,LCH,KLCH,30.126112,-93.223335,15,-6,A,"Lake Charles, LA",146,145,148,147,4.746575342465754,11.020689655172413,9.0,40.0,"Fri, Jan 30, 2015","Mon, Jan 19, 2015"
4017,Blue Grass,Lexington KY,United States,LEX,KLEX,38.0365,-84.605889,979,-5,A,"Lexington, KY",495,492,507,505,4.814141414141416,16.896341463414643,35.0,72.0,"Tue, Jan 13, 2015","Sat, Jan 24, 2015"
3493,Lafayette Regional,Lafayette,United States,LFT,KLFT,30.205278,-91.987611,43,-6,A,"Lafayette, LA",488,483,491,488,5.57172131147541,13.645962732919257,25.0,97.0,"Sat, Jan  3, 2015","Sat, Jan  3, 2015"
3697,LaGuardia Airport,New York,United States,LGA,KLGA,40.777245,-73.872608,22,-5,A,"New York, NY",8630,8638,9512,9517,9.561181923522597,26.524774253299373,106.0,149.0,"Mon, Jan 26, 2015","Tue, Jan  6, 2015"
3582,Long Beach,Long Beach,United States,LGB,KLGB,33.817722,-118.151611,60,-8,A,"Long Beach, CA",759,760,770,770,3.8616600790513833,12.22500000000001,23.0,47.0,"Thu, Jan 15, 2015","Sun, Jan 11, 2015"
3602,Lihue,Lihue,United States,LIH,PHLI,21.975983,-159.338958,153,-10,N,"Lihue, HI",956,953,957,957,5.11192468619247,9.092339979013646,18.0,41.0,"Mon, Jan  5, 2015","Fri, Jan 16, 2015"
3660,Adams Field,Little Rock,United States,LIT,KLIT,34.729444,-92.224306,262,-6,A,"Little Rock, AR",884,884,912,915,4.8190045248868785,13.28393665158371,27.0,88.0,"Sun, Jan 11, 2015","Wed, Jan 21, 2015"
3543,Lincoln,Lincoln,United States,LNK,KLNK,40.850971,-96.75925,1219,-6,A,"Lincoln, NE",194,197,201,201,4.494845360824744,12.578680203045684,21.0,37.0,"Tue, Jan 13, 2015","Sun, Jan  4, 2015"
3691,Laredo International,Laredo,United States,LRD,KLRD,27.54375,-99.461556,508,-6,A,"Laredo, TX",203,202,209,208,3.625615763546798,11.499999999999995,9.0,40.0,"Thu, Jan 22, 2015","Thu, Jan 22, 2015"
4044,LaCrosse Municipal,LaCrosse,United States,LSE,KLSE,43.878986,-91.256711,654,-6,A,"La Crosse, WI",106,106,115,115,3.2264150943396226,14.971698113207546,8.0,61.0,"Sat, Jan 31, 2015","Thu, Jan 29, 2015"
3945,Lewiston Nez Perce County,Lewiston,United States,LWS,KLWS,46.3745,-117.015389,1442,-8,A,"Lewiston, ID",53,53,53,53,4.547169811320752,14.50943396226415,7.0,32.0,"Fri, Jan  9, 2015","Fri, Jan  9, 2015"
3652,Midland International,Midland,United States,MAF,KMAF,31.942528,-102.201914,2871,-6,A,"Midland/Odessa, TX",773,764,819,818,5.13195342820181,12.58376963350786,59.0,128.0,"Sat, Jan  3, 2015","Mon, Jan  5, 2015"
4128,MBS International,Saginaw,United States,MBS,KMBS,43.532913,-84.079647,668,-5,A,"Saginaw/Bay City/Midland, MI",161,160,164,163,4.776397515527949,16.956250000000004,35.0,53.0,"Thu, Jan  8, 2015","Sat, Jan  3, 2015"
3458,Kansas City International,Kansas City,United States,MCI,KMCI,39.297606,-94.713905,1026,-6,A,"Kansas City, MO",3192,3187,3237,3236,5.289473684210531,11.820834640727952,67.0,83.0,"Thu, Jan 15, 2015","Thu, Jan  8, 2015"
3878,Orlando International,Orlando,United States,MCO,KMCO,28.429394,-81.308994,96,-5,A,"Orlando, FL",9887,9895,10075,10083,7.788105593203196,14.271045982819611,51.0,107.0,"Mon, Jan 19, 2015","Tue, Jan  6, 2015"
3542,Harrisburg International,Harrisburg,United States,MDT,KMDT,40.193494,-76.763403,310,-5,A,"Harrisburg, PA",290,287,295,292,4.606896551724135,18.09756097560975,16.0,68.0,"Wed, Jan 21, 2015","Mon, Jan 26, 2015"
3747,Chicago Midway International,Chicago,United States,MDW,KMDW,41.785972,-87.752417,620,-6,A,"Chicago, IL",6491,6514,6746,6749,7.780773378524118,15.029321461467617,88.0,147.0,"Mon, Jan  5, 2015","Mon, Jan  5, 2015"
4335,Key Field,Meridian,United States,MEI,KMEI,32.332624,-88.751868,297,-6,A,"Meridian, MS",84,83,84,84,3.3452380952380953,9.409638554216864,8.0,24.0,"Sun, Jan 11, 2015","Tue, Jan  6, 2015"
3473,Memphis International,Memphis,United States,MEM,KMEM,35.042417,-89.976667,341,-6,A,"Memphis, TN",1215,1214,1238,1241,5.7522633744855955,15.228995057660638,58.0,61.0,"Sun, Jan  4, 2015","Thu, Jan  8, 2015"
3826,McAllen Miller International,Mcallen,United States,MFE,KMFE,26.175833,-98.238611,107,-6,A,"Mission/McAllen/Edinburg, TX",371,371,373,373,4.150943396226414,12.309973045822105,14.0,40.0,"Sun, Jan  4, 2015","Wed, Jan 21, 2015"
4101,Rogue Valley International Medford,Medford,United States,MFR,KMFR,42.374228,-122.8735,1335,-8,A,"Medford, OR",214,214,222,223,4.406542056074763,17.42990654205607,10.0,82.0,"Wed, Jan 14, 2015","Sat, Jan 24, 2015"
4115,Montgomery Regional Airport ,MONTGOMERY,United States,MGM,KMGM,32.3006389,-86.3939722,221,-6,A,"Montgomery, AL",280,277,283,282,3.239285714285714,13.830324909747292,37.0,48.0,"Fri, Jan 16, 2015","Wed, Jan 14, 2015"
4050,Manhattan Regional,Manhattan,United States,MHK,KMHK,39.140972,-96.670833,1057,-6,A,"Manhattan/Ft. Riley, KS",141,140,151,151,3.25531914893617,14.385714285714286,28.0,53.0,"Sat, Jan  3, 2015","Sun, Jan  4, 2015"
4011,Manchester Regional Airport,Manchester NH,United States,MHT,KMHT,42.932556,-71.435667,266,-5,A,"Manchester, NH",439,442,471,469,4.77220956719818,16.092760180995466,14.0,65.0,"Fri, Jan 30, 2015","Fri, Jan  9, 2015"
3576,Miami International,Miami,United States,MIA,KMIA,25.79325,-80.290556,8,-5,A,"Miami, FL",6560,6563,6693,6695,9.525914634146318,17.711412463812437,103.0,100.0,"Fri, Jan  2, 2015","Sat, Jan  3, 2015"
3717,General Mitchell International,Milwaukee,United States,MKE,KMKE,42.947222,-87.896583,723,-6,A,"Milwaukee, WI",2501,2494,2574,2567,5.909236305477806,17.356054530874072,76.0,169.0,"Wed, Jan 14, 2015","Thu, Jan  8, 2015"
5754,Muskegon County Airport,Muskegon,United States,MKG,KMKG,43.1695,-86.2382,628,-5,A,"Muskegon, MI",53,54,62,62,5.018867924528301,16.240740740740737,8.0,48.0,"Thu, Jan  8, 2015","Thu, Jan  8, 2015"
3671,Melbourne International,Melbourne,United States,MLB,KMLB,28.102753,-80.645258,33,-5,A,"Melbourne, FL",118,118,118,118,4.669491525423729,13.576271186440678,11.0,31.0,"Thu, Jan 15, 2015","Sun, Jan  4, 2015"
4072,Quad City International,Moline,United States,MLI,KMLI,41.448528,-90.507539,590,-6,A,"Moline, IL",402,402,427,425,4.674129353233827,17.828358208955223,24.0,125.0,"Sun, Jan 25, 2015","Mon, Jan  5, 2015"
3732,Monroe Regional,Monroe,United States,MLU,KMLU,32.510864,-92.037689,79,-6,A,"Monroe, LA",244,246,251,251,4.045081967213115,11.508130081300813,17.0,47.0,"Mon, Jan 12, 2015","Mon, Jan  5, 2015"
7081,Mammoth Yosemite Airport,Mammoth Lakes,United States,MMH,KMMH,37.624049,-118.837772,7128,-8,A,"Mammoth Lakes, CA",35,35,36,36,4.6,17.17142857142857,12.0,74.0,"Mon, Jan 26, 2015","Thu, Jan 15, 2015"
3782,Mobile Regional,Mobile,United States,MOB,KMOB,30.691231,-88.242814,219,-6,A,"Mobile, AL",438,437,441,441,4.319634703196347,11.14645308924485,11.0,68.0,"Tue, Jan 20, 2015","Mon, Jan 12, 2015"
3498,Minot International,Minot,United States,MOT,KMOT,48.259378,-101.280333,1716,-6,A,"Minot, ND",162,164,168,168,5.469135802469136,20.70731707317074,13.0,80.0,"Mon, Jan  5, 2015","Sun, Jan 25, 2015"
6838,Sawyer International Airport,Marquette,United States,MQT,KMQT,46.353611,-87.395278,1221,-5,A,"Marquette, MI",26,25,26,26,5.423076923076923,16.119999999999997,8.0,38.0,"Mon, Jan 12, 2015","Sun, Jan  4, 2015"
3948,Monterey Peninsula,Monterey,United States,MRY,KMRY,36.587,-121.842944,257,-8,A,"Monterey, CA",314,313,323,322,3.477707006369427,12.373801916932907,8.0,46.0,"Thu, Jan 15, 2015","Mon, Jan  5, 2015"
3459,Dane County Regional-Truax Field,Madison,United States,MSN,KMSN,43.139858,-89.337514,887,-6,A,"Madison, WI",792,789,821,822,4.463383838383842,14.673003802281368,38.0,63.0,"Mon, Jan 26, 2015","Sat, Jan 10, 2015"
4216,Missoula International,Missoula,United States,MSO,KMSO,46.916306,-114.090556,3205,-7,A,"Missoula, MT",132,134,135,137,4.795454545454547,20.902985074626866,11.0,96.0,"Mon, Jan  5, 2015","Mon, Jan  5, 2015"
3858,Minneapolis St. Paul International,Minneapolis,United States,MSP,KMSP,44.881956,-93.221767,841,-6,A,"Minneapolis, MN",8788,8795,8906,8903,5.980541647701394,19.712222853894236,72.0,115.0,"Sun, Jan  4, 2015","Sat, Jan  3, 2015"
3861,Louis Armstrong New Orleans International,New Orleans,United States,MSY,KMSY,29.993389,-90.258028,4,-6,A,"New Orleans, LA",3303,3306,3339,3342,5.051468362095081,10.083484573502696,41.0,50.0,"Mon, Jan 12, 2015","Sat, Jan 24, 2015"
6880,Montrose Regional Airport,Montrose CO,United States,MTJ,KMTJ,38.509794,-107.894242,5759,-7,A,"Montrose/Delta, CO",166,164,166,166,4.77710843373494,16.310975609756106,11.0,53.0,"Fri, Jan 23, 2015","Sat, Jan  3, 2015"
3515,Myrtle Beach International,Myrtle Beach,United States,MYR,KMYR,33.67975,-78.928333,25,-5,A,"Myrtle Beach, SC",256,256,268,266,5.8046875,12.1015625,21.0,39.0,"Mon, Jan  5, 2015","Mon, Jan 12, 2015"
4386,Albert J. Ellis,Jacksonville NC,United States,OAJ,KOAJ,34.829164,-77.612139,94,-5,A,"Jacksonville/Camp Lejeune, NC",111,110,112,112,2.504504504504504,13.827272727272728,5.0,67.0,"Fri, Jan  9, 2015","Mon, Jan 12, 2015"
3453,Metropolitan Oakland International,Oakland,United States,OAK,KOAK,37.721278,-122.220722,9,-8,A,"Oakland, CA",3591,3593,3633,3631,6.124199387357278,10.7461731143891,36.0,60.0,"Thu, Jan  1, 2015","Mon, Jan  5, 2015"
3456,Kahului,Kahului,United States,OGG,PHOG,20.89865,-156.430458,54,-10,N,"Kahului, HI",1906,1905,1919,1919,6.415529905561384,9.930708661417318,103.0,76.0,"Fri, Jan  2, 2015","Thu, Jan 29, 2015"
3863,Will Rogers World,Oklahoma City,United States,OKC,KOKC,35.393089,-97.600733,1295,-6,A,"Oklahoma City, OK",1364,1359,1381,1383,4.888563049853373,12.900662251655628,43.0,71.0,"Sat, Jan  3, 2015","Sun, Jan  4, 2015"
3454,Eppley Airfield,Omaha,United States,OMA,KOMA,41.303167,-95.894069,984,-6,A,"Omaha, NE",1512,1502,1546,1543,4.31613756613757,14.527296937416788,46.0,70.0,"Thu, Jan  8, 2015","Fri, Jan 30, 2015"
3615,Nome,Nome,United States,OME,PAOM,64.512203,-165.445247,37,-9,A,"Nome, AK",58,58,61,61,3.9655172413793105,7.482758620689654,11.0,29.0,"Wed, Jan 21, 2015","Tue, Jan  6, 2015"
3734,Ontario International,Ontario,United States,ONT,KONT,34.056,-117.601194,944,-8,A,"Ontario, CA",1579,1574,1590,1589,4.774540848638379,11.70584498094027,99.0,75.0,"Thu, Jan 29, 2015","Sat, Jan  3, 2015"
3830,Chicago O'Hare International,Chicago,United States,ORD,KORD,41.978603,-87.904842,668,-6,A,"Chicago, IL",22292,22374,23515,23484,15.761483940427064,19.87440779476184,179.0,152.0,"Mon, Jan  5, 2015","Thu, Jan  8, 2015"
3611,Norfolk International,Norfolk,United States,ORF,KORF,36.894611,-76.201222,26,-5,A,"Norfolk, VA",830,827,854,855,4.462650602409631,14.694074969770258,23.0,85.0,"Sat, Jan 10, 2015","Tue, Jan 27, 2015"
6426,Worcester Regional Airport,Worcester,United States,ORH,KORH,42.2673,-71.8757,1009,-5,U,"Worcester, MA",54,53,62,62,3.7222222222222223,14.660377358490566,6.0,46.0,"Sun, Jan 11, 2015","Mon, Jan 26, 2015"
5757,Southwest Oregon Regional Airport,North Bend,United States,OTH,KOTH,43.4171,-124.246,17,-8,A,"North Bend/Coos Bay, OR",16,16,17,17,3.5625,12.875,5.0,39.0,"Mon, Jan 19, 2015","Fri, Jan 30, 2015"
3693,Ralph Wien Memorial,Kotzebue,United States,OTZ,PAOT,66.884678,-162.59855,11,-9,A,"Kotzebue, AK",61,60,61,61,4.245901639344259,7.3,9.0,23.0,"Sat, Jan 31, 2015","Fri, Jan 16, 2015"
4117,Barkley Regional Airport,PADUCAH,United States,PAH,KPAH,37.0602875,-88.7729583,410,-6,A,"Paducah, KY",59,58,61,61,4.220338983050848,12.086206896551724,8.0,29.0,"Sat, Jan 10, 2015","Tue, Jan 13, 2015"
3771,Plattsburgh International,Plattsburgh,United States,PBG,KPBG,44.650944,-73.468139,234,-5,A,"Plattsburgh, NY",30,30,31,31,7.4,17.166666666666668,23.0,38.0,"Sat, Jan  3, 2015","Wed, Jan 28, 2015"
3722,Palm Beach International,West Palm Beach,United States,PBI,KPBI,26.683161,-80.095589,19,-5,A,"West Palm Beach/Palm Beach, FL",2344,2351,2422,2425,4.491894197952233,13.507443641003832,26.0,48.0,"Sun, Jan 18, 2015","Fri, Jan 16, 2015"
3720,Portland International,Portland,United States,PDX,KPDX,45.588722,-122.5975,30,-8,A,"Portland, OR",3616,3621,3636,3636,4.495575221238944,12.121513394090034,27.0,84.0,"Sun, Jan 25, 2015","Fri, Jan 30, 2015"
3633,Newport News Williamsburg International,Newport News,United States,PHF,KPHF,37.131894,-76.492989,43,-5,A,"Newport News/Williamsburg, VA",140,139,141,140,3.9285714285714284,14.02158273381295,16.0,84.0,"Sat, Jan 10, 2015","Mon, Jan 12, 2015"
3752,Philadelphia International,Philadelphia,United States,PHL,KPHL,39.871944,-75.241139,36,-5,A,"Philadelphia, PA",5473,5468,5784,5767,6.244655581947756,22.748536942209288,79.0,153.0,"Tue, Jan  6, 2015","Wed, Jan 21, 2015"
3462,Phoenix Sky Harbor International,Phoenix,United States,PHX,KPHX,33.434278,-112.011583,1135,-7,N,"Phoenix, AZ",12996,13038,13121,13122,6.732302246845178,16.583525080533807,68.0,136.0,"Thu, Jan 15, 2015","Fri, Jan  2, 2015"
4046,Peoria Regional,Peoria,United States,PIA,KPIA,40.664203,-89.693258,660,-6,A,"Peoria, IL",346,343,362,364,4.138728323699419,18.66763848396502,31.0,72.0,"Thu, Jan  1, 2015","Sun, Jan  4, 2015"
5759,Hattiesburg Laurel Regional Airport,Hattiesburg/Laurel,United States,PIB,KPIB,31.4671,-89.3371,298,-6,A,"Hattiesburg/Laurel, MS",52,53,53,53,3.923076923076923,10.660377358490567,12.0,24.0,"Wed, Jan 14, 2015","Thu, Jan  1, 2015"
5760,Pocatello Regional Airport,Pocatello,United States,PIH,KPIH,42.9098,-112.596,4452,-7,A,"Pocatello, ID",60,60,61,61,4.316666666666667,13.55,12.0,38.0,"Fri, Jan  9, 2015","Sun, Jan 18, 2015"
3570,Pittsburgh International,Pittsburgh (pennsylva),United States,PIT,KPIT,40.491467,-80.232872,1204,-5,A,"Pittsburgh, PA",2036,2026,2084,2081,6.022102161100198,19.54195459032576,42.0,111.0,"Fri, Jan  9, 2015","Sat, Jan  3, 2015"
5762,Pellston Regional Airport of Emmet County Airport,Pellston,United States,PLN,KPLN,45.5709,-84.7967,720,-5,A,"Pellston, MI",49,48,53,53,6.122448979591836,24.4375,11.0,43.0,"Mon, Jan 19, 2015","Wed, Jan 14, 2015"
3564,Pensacola Regional,Pensacola,United States,PNS,KPNS,30.473425,-87.186611,121,-6,A,"Pensacola, FL",622,621,635,635,4.347266881028937,12.903381642512077,32.0,37.0,"Mon, Jan  5, 2015","Fri, Jan 16, 2015"
6133,Tri Cities Airport,Pasco,United States,PSC,PSC,46.2647,-119.119,410,-8,A,"Pasco/Kennewick/Richland, WA",178,175,180,180,5.151685393258427,14.514285714285714,15.0,78.0,"Thu, Jan 22, 2015","Sun, Jan  4, 2015"
4147,Petersburg James A. Johnson,Petersburg,United States,PSG,PAPG,56.801667,-132.945278,105,-9,A,"Petersburg, AK",61,61,62,62,3.8852459016393444,8.901639344262295,7.0,31.0,"Wed, Jan 21, 2015","Fri, Jan  2, 2015"
3839,Palm Springs International,Palm Springs,United States,PSP,KPSP,33.829667,-116.506694,477,-8,A,"Palm Springs, CA",1070,1066,1079,1078,6.032710280373832,13.34333958724203,40.0,83.0,"Mon, Jan 26, 2015","Fri, Jan 30, 2015"
3527,Pueblo Memorial,Pueblo Memorial,United States,PUB,KPUB,38.289085,-104.496572,4726,-7,A,"Pueblo, CO",50,48,53,53,4.219999999999998,13.729166666666666,12.0,70.0,"Wed, Jan  7, 2015","Wed, Jan 21, 2015"
3641,Theodore Francis Green State,Providence,United States,PVD,KPVD,41.732581,-71.420383,55,-5,A,"Providence, RI",954,949,1024,1024,4.815513626834389,14.111696522655429,45.0,93.0,"Tue, Jan  6, 2015","Sat, Jan  3, 2015"
3862,Portland International Jetport,Portland,United States,PWM,KPWM,43.646161,-70.309281,77,-5,A,"Portland, ME",214,212,227,226,3.546728971962617,18.066037735849058,23.0,103.0,"Sat, Jan 24, 2015","Sun, Jan  4, 2015"
4087,Rapid City Regional Airport,Rapid City,United States,RAP,KRAP,44.045278,-103.057222,3204,-7,A,"Rapid City, SD",203,204,209,210,4.655172413793105,18.083333333333343,17.0,55.0,"Sun, Jan 25, 2015","Fri, Jan  9, 2015"
4098,Redding Municipal,Redding,United States,RDD,KRDD,40.509,-122.293389,504,-8,A,"Redding, CA",88,85,92,92,4.318181818181817,13.2,7.0,54.0,"Sun, Jan 11, 2015","Sat, Jan  3, 2015"
4103,Roberts Field,Redmond-Bend,United States,RDM,KRDM,44.254066,-121.149964,3077,-8,A,"Bend/Redmond, OR",159,158,165,165,3.6855345911949686,13.569620253164555,9.0,50.0,"Sat, Jan 31, 2015","Sun, Jan 11, 2015"
3626,Raleigh Durham International,Raleigh-durham,United States,RDU,KRDU,35.877639,-78.787472,435,-5,A,"Raleigh/Durham, NC",2650,2638,2733,2738,4.593962264150949,15.053070507960603,80.0,134.0,"Wed, Jan  7, 2015","Wed, Jan 14, 2015"
5765,Rhinelander Oneida County Airport,Rhinelander,United States,RHI,KRHI,45.6312,-89.4675,1624,-6,A,"Rhinelander, WI",86,84,89,88,5.767441860465116,19.65476190476191,14.0,54.0,"Thu, Jan 22, 2015","Thu, Jan  1, 2015"
3608,Richmond International,Richmond,United States,RIC,KRIC,37.505167,-77.319667,167,-5,A,"Richmond, VA",1205,1203,1272,1274,5.527800829875524,16.901911886949286,34.0,150.0,"Tue, Jan  6, 2015","Wed, Jan 14, 2015"
5766,Rock Springs Sweetwater County Airport,Rock Springs,United States,RKS,KRKS,41.5942,-109.065,6760,-7,A,"Rock Springs, WY",112,114,120,120,3.169642857142857,12.131578947368421,7.0,96.0,"Mon, Jan 19, 2015","Wed, Jan 21, 2015"
3807,Reno Tahoe International,Reno,United States,RNO,KRNO,39.499108,-119.768108,4415,-8,A,"Reno, NV",1088,1087,1092,1092,4.986213235294121,13.029438822447096,38.0,63.0,"Fri, Jan 23, 2015","Sun, Jan 11, 2015"
4016,Roanoke Regional,Roanoke VA,United States,ROA,KROA,37.325472,-79.975417,1175,-5,A,"Roanoke, VA",136,136,141,140,4.6691176470588225,16.705882352941178,20.0,84.0,"Sat, Jan 10, 2015","Wed, Jan 14, 2015"
3622,Greater Rochester International,Rochester,United States,ROC,KROC,43.118866,-77.672389,559,-5,A,"Rochester, NY",588,586,608,610,6.3486394557823145,18.94880546075082,51.0,71.0,"Mon, Jan  5, 2015","Sun, Jan  4, 2015"
3736,Roswell International Air Center,Roswell,United States,ROW,KROW,33.301556,-104.530556,3671,-7,A,"Roswell, NM",82,80,89,89,4.890243902439023,14.887499999999998,11.0,44.0,"Fri, Jan 23, 2015","Thu, Jan 22, 2015"
4048,Rochester,Rochester,United States,RST,KRST,43.908283,-92.500014,1317,-6,A,"Rochester, MN",174,171,188,187,4.764367816091955,16.356725146198826,31.0,63.0,"Thu, Jan  8, 2015","Sat, Jan  3, 2015"
3793,Southwest Florida International,Fort Myers,United States,RSW,KRSW,26.536167,-81.755167,30,-5,A,"Fort Myers, FL",3048,3059,3103,3107,4.964238845144364,12.517489375612948,51.0,59.0,"Tue, Jan 13, 2015","Sun, Jan  4, 2015"
3784,Santa Fe Municipal,Santa Fe,United States,SAF,KSAF,35.617108,-106.089422,6348,-7,A,"Santa Fe, NM",105,106,117,119,5.457142857142856,16.452830188679243,29.0,63.0,"Fri, Jan  2, 2015","Thu, Jan  1, 2015"
3731,San Diego International,San Diego,United States,SAN,KSAN,32.733556,-117.189667,17,-8,A,"San Diego, CA",6037,6031,6084,6086,4.054165976478384,13.73404078925552,37.0,108.0,"Sun, Jan 11, 2015","Sun, Jan 11, 2015"
3621,San Antonio International,San Antonio,United States,SAT,KSAT,29.533694,-98.469778,809,-6,A,"San Antonio, TX",2566,2557,2586,2592,5.030397505845658,11.154086820492784,111.0,69.0,"Fri, Jan  2, 2015","Wed, Jan 21, 2015"
3613,Savannah Hilton Head International,Savannah,United States,SAV,KSAV,32.127583,-81.202139,51,-5,A,"Savannah, GA",588,587,610,612,4.846938775510209,15.386712095400341,23.0,74.0,"Sun, Jan  4, 2015","Sat, Jan 17, 2015"
3949,Santa Barbara Municipal,Santa Barbara,United States,SBA,KSBA,34.426211,-119.840372,10,-8,A,"Santa Barbara, CA",563,562,578,578,4.927175843694496,13.485765124555158,41.0,113.0,"Sat, Jan  3, 2015","Mon, Jan 19, 2015"
4359,South Bend Regional,South Bend,United States,SBN,KSBN,41.708661,-86.31725,799,-5,A,"South Bend, IN",374,368,386,384,5.748663101604279,22.279891304347817,48.0,147.0,"Sun, Jan  4, 2015","Wed, Jan  7, 2015"
5768,San Luis County Regional Airport,San Luis Obispo,United States,SBP,KSBP,35.2368,-120.642,212,-8,A,"San Luis Obispo, CA",411,411,419,419,3.5474452554744524,11.92214111922141,9.0,54.0,"Fri, Jan 23, 2015","Sat, Jan  3, 2015"
3620,Deadhorse,Deadhorse,United States,SCC,PASC,70.19475,-148.465167,64,-9,A,"Deadhorse, AK",78,78,80,80,4.653846153846157,7.487179487179487,9.0,28.0,"Fri, Jan 30, 2015","Tue, Jan 13, 2015"
4318,University Park Airport,State College Pennsylvania,United States,SCE,KUNV,40.849278,-77.848694,1239,-5,A,"State College, PA",64,63,67,65,8.390624999999996,20.07936507936508,31.0,67.0,"Thu, Jan 29, 2015","Sat, Jan 24, 2015"
4014,Louisville International Airport,Louisville,United States,SDF,KSDF,38.1740858,-85.7364989,501,-5,A,"Louisville, KY",916,919,941,944,5.647379912663755,15.334058759521227,84.0,81.0,"Mon, Jan  5, 2015","Fri, Jan 23, 2015"
3577,Seattle Tacoma International,Seattle,United States,SEA,KSEA,47.449,-122.309306,433,-8,A,"Seattle, WA",8353,8370,8426,8427,6.902071112175265,16.721027479091997,49.0,67.0,"Sun, Jan 25, 2015","Thu, Jan  8, 2015"
3469,San Francisco International,San Francisco,United States,SFO,KSFO,37.618972,-122.374889,13,-8,A,"San Francisco, CA",12576,12612,12883,12891,6.744354325699738,17.31097367586432,74.0,79.0,"Thu, Jan  1, 2015","Sun, Jan 11, 2015"
4348,Springfield Branson National,Springfield,United States,SGF,KSGF,37.245667,-93.388639,1268,-6,A,"Springfield, MO",577,574,590,590,5.2998266897746955,16.479094076655056,18.0,53.0,"Sun, Jan 11, 2015","Sun, Jan 11, 2015"
4064,St. George Municipal,Saint George,United States,SGU,KSGU,37.090583,-113.593056,2941,-7,A,"St. George, UT",147,146,147,146,3.931972789115646,13.904109589041099,9.0,56.0,"Tue, Jan 27, 2015","Wed, Jan 14, 2015"
3609,Shreveport Regional,Shreveport,United States,SHV,KSHV,32.446629,-93.8256,258,-6,A,"Shreveport, LA",546,544,550,550,5.368131868131869,10.389705882352944,40.0,55.0,"Tue, Jan  6, 2015","Sat, Jan  3, 2015"
3856,Sitka Rocky Gutierrez,Sitka,United States,SIT,PASI,57.047138,-135.361611,21,-9,A,"Sitka, AK",88,92,93,92,4.363636363636364,11.315217391304348,8.0,25.0,"Thu, Jan  1, 2015","Wed, Jan  7, 2015"
3748,Norman Y. Mineta San Jose International,San Jose,United States,SJC,KSJC,37.3626,-121.929022,62,-8,A,"San Jose, CA",3286,3285,3334,3334,4.235240413877059,12.005783866057817,32.0,176.0,"Sun, Jan  4, 2015","Sat, Jan  3, 2015"
3708,San Angelo Regional-Mathis Field,San Angelo,United States,SJT,KSJT,31.35775,-100.496306,1919,-6,A,"San Angelo, TX",142,141,151,151,3.0915492957746484,9.021276595744677,9.0,22.0,"Mon, Jan 19, 2015","Sun, Jan  4, 2015"
3536,Salt Lake City International,Salt Lake City,United States,SLC,KSLC,40.788389,-111.977772,4227,-7,A,"Salt Lake City, UT",8550,8584,8626,8635,6.105847953216371,18.125815470643005,47.0,106.0,"Sat, Jan  3, 2015","Mon, Jan 12, 2015"
3817,Sacramento International,Sacramento,United States,SMF,KSMF,38.695417,-121.590778,27,-8,A,"Sacramento, CA",3170,3169,3218,3218,4.816088328075709,11.757967813190287,55.0,74.0,"Thu, Jan 22, 2015","Fri, Jan  2, 2015"
5772,Santa Maria Public-Captain G. Allan Hancock Airport,Santa Maria,United States,SMX,KSMX,34.8989,-120.457,261,-8,A,"Santa Maria, CA",60,59,60,60,4.266666666666667,12.338983050847459,6.0,27.0,"Tue, Jan  6, 2015","Thu, Jan  8, 2015"
3867,John Wayne Airport Orange County,Santa Ana,United States,SNA,KSNA,33.675667,-117.868222,56,-8,A,"Santa Ana, CA",3148,3156,3180,3185,5.187420584498109,11.940430925221774,39.0,68.0,"Mon, Jan 12, 2015","Mon, Jan  5, 2015"
4336,Abraham Lincoln Capital,Springfield,United States,SPI,KSPI,39.8441,-89.677889,597,-6,A,"Springfield, IL",123,122,129,129,4.243902439024391,16.40983606557377,12.0,57.0,"Fri, Jan  9, 2015","Thu, Jan 29, 2015"
3680,Sheppard AFB Wichita Falls Municipal,Wichita Falls,United States,SPS,KSPS,33.988797,-98.491894,1019,-6,A,"Wichita Falls, TX",99,98,106,106,6.696969696969697,12.3265306122449,13.0,46.0,"Sat, Jan  3, 2015","Sat, Jan 24, 2015"
4067,Sarasota Bradenton International,Sarasota,United States,SRQ,KSRQ,27.395444,-82.554389,30,-5,A,"Sarasota/Bradenton, FL",308,307,313,312,4.142857142857137,11.918566775244297,11.0,45.0,"Fri, Jan 16, 2015","Mon, Jan 19, 2015"
4271,Saint Cloud Regional Airport,Saint Cloud,United States,STC,KSTC,45.546556,-94.059889,1031,-6,A,"St. Cloud, MN",55,55,58,58,4.327272727272728,18.69090909090909,26.0,43.0,"Sat, Jan  3, 2015","Sun, Jan 11, 2015"
3678,Lambert St. Louis International,St. Louis,United States,STL,KSTL,38.748697,-90.370028,618,-6,A,"St. Louis, MO",3994,3989,4079,4078,4.887581372058084,11.573828027074448,43.0,107.0,"Sun, Jan 25, 2015","Fri, Jan 30, 2015"
6494,Friedman Memorial,Hailey,United States,SUN,KSUN,43.504444,-114.296194,5320,-7,A,"Sun Valley/Hailey/Ketchum, ID",86,86,99,98,3.186046511627907,17.395348837209298,12.0,93.0,"Sat, Jan 10, 2015","Sat, Jan  3, 2015"
3753,Sioux Gateway-Colonel Bud Day Field,Sioux City,United States,SUX,KSUX,42.402603,-96.384367,1098,-6,A,"Sioux City, IA",53,52,58,58,3.943396226415094,18.692307692307686,15.0,37.0,"Thu, Jan  8, 2015","Fri, Jan  2, 2015"
3661,Stewart International,Newburgh,United States,SWF,KSWF,41.504094,-74.104839,491,-5,A,"Newburgh/Poughkeepsie, NY",56,56,62,62,5.714285714285715,14.125,12.0,53.0,"Fri, Jan  9, 2015","Sat, Jan  3, 2015"
3745,Syracuse Hancock International,Syracuse,United States,SYR,KSYR,43.111187,-76.106311,421,-5,A,"Syracuse, NY",449,442,464,463,4.7193763919821805,21.328054298642535,27.0,146.0,"Thu, Jan  8, 2015","Sat, Jan  3, 2015"
3698,Tallahassee Regional,Tallahassee,United States,TLH,KTLH,30.396528,-84.350333,81,-5,A,"Tallahassee, FL",327,326,332,331,6.406727828746175,13.392638036809819,22.0,116.0,"Sun, Jan  4, 2015","Sun, Jan 25, 2015"
4040,Toledo,Toledo,United States,TOL,KTOL,41.586806,-83.807833,684,-5,A,"Toledo, OH",77,73,89,89,2.883116883116883,13.999999999999998,10.0,48.0,"Thu, Jan 29, 2015","Mon, Jan 12, 2015"
3646,Tampa International,Tampa,United States,TPA,KTPA,27.975472,-82.53325,26,-5,A,"Tampa, FL",5866,5867,5966,5970,5.008012274122057,12.268450656212705,37.0,76.0,"Mon, Jan  5, 2015","Sat, Jan 24, 2015"
4116,Tri-Cities Regional Airport,BRISTOL,United States,TRI,KTRI,36.4752222,-82.4074167,1519,-5,A,"Bristol/Johnson City/Kingsport, TN",166,163,167,166,3.9156626506024095,16.705521472392633,10.0,58.0,"Mon, Jan 12, 2015","Thu, Jan 29, 2015"
3447,Trenton Mercer,Trenton,United States,TTN,KTTN,40.276692,-74.813469,213,-5,A,"Trenton, NJ",226,227,239,239,7.243362831858407,15.365638766519822,32.0,96.0,"Sat, Jan 24, 2015","Sat, Jan 24, 2015"
3855,Tulsa International,Tulsa,United States,TUL,KTUL,36.198389,-95.888111,677,-6,A,"Tulsa, OK",1273,1271,1287,1287,4.490180675569528,11.9622344610543,28.0,63.0,"Fri, Jan 30, 2015","Sun, Jan  4, 2015"
3636,Tucson International,Tucson,United States,TUS,KTUS,32.116083,-110.941028,2643,-7,N,"Tucson, AZ",1441,1439,1455,1453,5.198473282442752,12.510076441973577,35.0,57.0,"Tue, Jan 13, 2015","Wed, Jan 28, 2015"
4023,Cherry Capital Airport,Traverse City,United States,TVC,KTVC,44.741445,-85.582235,624,-5,A,"Traverse City, MI",183,184,198,197,3.857923497267762,20.396739130434774,14.0,126.0,"Sun, Jan 11, 2015","Sun, Jan  4, 2015"
4263,Magic Valley Regional Airport,Twin Falls,United States,TWF,KTWF,42.481803,-114.487733,4151,-7,A,"Twin Falls, ID",56,56,62,62,3.5892857142857144,13.25,6.0,29.0,"Sun, Jan 25, 2015","Wed, Jan 14, 2015"
3770,Texarkana Regional-Webb Field,Texarkana,United States,TXK,KTXK,33.453722,-93.991028,390,-6,A,"Texarkana, AR",84,83,89,89,2.8333333333333335,9.265060240963852,5.0,27.0,"Sun, Jan 11, 2015","Sun, Jan 11, 2015"
3848,Tyler Pounds Regional,Tyler,United States,TYR,KTYR,32.354139,-95.402386,544,-6,A,"Tyler, TX",188,187,194,193,5.202127659574467,11.262032085561497,15.0,38.0,"Mon, Jan 12, 2015","Sun, Jan 11, 2015"
3676,McGhee Tyson,Knoxville,United States,TYS,KTYS,35.810972,-83.994028,981,-5,A,"Knoxville, TN",584,583,603,603,4.794520547945205,15.010291595197256,69.0,70.0,"Sat, Jan 17, 2015","Fri, Jan  9, 2015"
6989,St. Augustine Airport,St. Augustine Airport,United States,UST,KSGJ,29.959167,-81.339722,10,-5,A,"St. Augustine, FL",16,16,16,16,6.3125,11.75,8.0,55.0,"Wed, Jan 28, 2015","Mon, Jan 12, 2015"
7076,Vernal Regional Airport,Vernal,United States,VEL,KVEL,40.440833,-109.51,5278,-7,A,"Vernal, UT",50,50,53,53,2.3,8.739999999999998,4.0,31.0,"Fri, Jan 23, 2015","Mon, Jan 12, 2015"
5776,Valdosta Regional Airport,Valdosta,United States,VLD,KVLD,30.7825,-83.2767,203,-5,A,"Valdosta, GA",85,85,87,87,3.764705882352941,10.788235294117646,8.0,29.0,"Mon, Jan 19, 2015","Sun, Jan  4, 2015"
3873,Eglin AFB,Valparaiso,United States,VPS,KVPS,30.48325,-86.5254,87,-6,A,"Valparaiso, FL",375,377,384,385,5.746666666666667,14.949602122015914,16.0,54.0,"Sun, Jan  4, 2015","Thu, Jan 15, 2015"
5969,Wrangell Airport,Wrangell,United States,WRG,PAWG,56.4843,-132.37,44,-9,A,"Wrangell, AK",60,60,62,62,3.8666666666666667,7.433333333333334,6.0,19.0,"Sun, Jan  4, 2015","Sat, Jan 17, 2015"
4356,NW Arkansas Regional,Bentonville,United States,XNA,KXNA,36.2818694,-94.3068111,1287,-6,A,"Fayetteville, AR",739,734,764,765,5.0189445196211135,14.079019073569482,34.0,82.0,"Wed, Jan 14, 2015","Wed, Jan  7, 2015"
6803,Yakutat,Yakutat,United States,YAK,PAYA,59.3012,-139.3937,33,-9,A,"Yakutat, AK",59,59,60,60,4.101694915254238,7.084745762711864,6.0,22.0,"Fri, Jan  9, 2015","Thu, Jan 29, 2015"
3596,Yuma MCAS Yuma International,Yuma,United States,YUM,KYUM,32.656578,-114.60598,216,-7,N,"Yuma, AZ",165,164,166,165,4.236363636363636,15.04268292682926,24.0,62.0,"Thu, Jan 15, 2015","Fri, Jan 30, 2015"
2883,Cyril E. King,St. Thomas,Virgin Islands,STT,TIST,18.337306,-64.973361,23,-4,U,"Charlotte Amalie, VI",471,471,475,476,5.163481953290875,15.968152866242038,50.0,74.0,"Sat, Jan 10, 2015","Sat, Jan  3, 2015"
2884,Henry E. Rohlsen,St. Croix Island,Virgin Islands,STX,TISX,17.701889,-64.798556,74,-4,U,"Christiansted, VI",91,91,91,91,3.5384615384615383,13.703296703296703,7.0,28.0,"Wed, Jan 21, 2015","Sat, Jan 24, 2015"
1970,Pago Pago Internatonal,Pago Pago,American Samoa,PPG,NSTU,-14.331,-170.7105,32,-11,U,"Pago Pago, TT",10,10,10,10,7.6,11.4,15.0,15.0,"Fri, Jan 30, 2015","Fri, Jan 30, 2015"
2246,Guam International,Agana,Guam,GUM,PGUM,13.48345,144.795983,298,10,U,"Guam, TT",31,31,31,31,5.451612903225806,13.03225806451613,8.0,16.0,"Sun, Jan 11, 2015","Sat, Jan 31, 2015"
2885,Rafael Hernndez,Aguadilla,Puerto Rico,BQN,TJBQ,18.494861,-67.129444,237,-4,U,"Aguadilla, PR",112,113,115,116,6.232142857142857,12.185840707964601,14.0,30.0,"Mon, Jan  5, 2015","Fri, Jan  9, 2015"
2889,Aeropuerto Mercedita,Ponce,Puerto Rico,PSE,TJPS,18.008306,-66.563028,29,-4,U,"Ponce, PR",71,72,73,74,4.309859154929576,13.958333333333334,11.0,35.0,"Fri, Jan  2, 2015","Sun, Jan  4, 2015"
2890,Luis Muoz Marn International,San Juan,Puerto Rico,SJU,TJSJ,18.439417,-66.001833,9,-4,U,"San Juan, PR",2302,2309,2341,2349,6.47741094700261,14.0220874837592,63.0,82.0,"Wed, Jan  7, 2015","Sat, Jan  3, 2015"
