airport_id,name,city,country,iata_faa,iaco,latitude,longitude,altitude,zone,dst,city_state,avg_able_landings,avg_able_takeoffs,total_landings,total_takeoffs,avg_taxi_in,avg_taxi_out,longest_taxi_in,longest_taxi_out,lng_tx_in_date,lng_tx_out_date
4355,Lehigh Valley International,Allentown,United States,ABE,KABE,40.652083,-75.440806,393,-5,A,"Allentown/Bethlehem/Easton, PA",228,231,230,231,4.1228070175438605,12.121212121212121,17.0,49.0,"Fri, May  8, 2015","Mon, May 18, 2015"
3718,Abilene Regional,Abilene,United States,ABI,KABI,32.411319,-99.681897,1791,-6,A,"Abilene, TX",197,198,207,207,3.4213197969543145,9.46969696969697,49.0,49.0,"Wed, May  6, 2015","Sat, May  2, 2015"
4019,Albuquerque International Sunport,Albuquerque,United States,ABQ,KABQ,35.0402222,-106.6091944,5355,-7,A,"Albuquerque, NM",1835,1838,1861,1861,5.534604904632147,11.561479869423291,35.0,79.0,"Sat, May 23, 2015","Sat, May  9, 2015"
5714,Aberdeen Regional Airport,Aberdeen,United States,ABR,KABR,45.4491,-98.4218,1302,-6,A,"Aberdeen, SD",62,62,62,62,4.370967741935484,14.774193548387096,7.0,48.0,"Wed, May 13, 2015","Wed, May  6, 2015"
5715,Southwest Georgia Regional Airport,Albany,United States,ABY,KABY,31.5355,-84.1945,197,-5,A,"Albany, GA",79,79,79,79,3.2911392405063284,10.50632911392405,5.0,30.0,"Sat, May 30, 2015","Thu, May 28, 2015"
3517,Nantucket Memorial,Nantucket,United States,ACK,KACK,41.253053,-70.060181,48,-5,A,"Nantucket, MA",48,48,48,48,6.083333333333333,16.708333333333332,49.0,57.0,"Sat, May 30, 2015","Sun, May 31, 2015"
3700,Waco Regional,Waco,United States,ACT,KACT,31.611289,-97.230519,516,-6,A,"Waco, TX",139,141,149,149,3.9424460431654693,9.163120567375879,25.0,38.0,"Thu, May 21, 2015","Tue, May 26, 2015"
4384,Arcata,Arcata CA,United States,ACV,KACV,40.978111,-124.108611,221,-8,A,"Arcata/Eureka, CA",97,97,98,98,5.288659793814433,12.85567010309278,7.0,42.0,"Mon, May 18, 2015","Tue, May 26, 2015"
3524,Atlantic City International,Atlantic City,United States,ACY,KACY,39.457583,-74.577167,75,-5,A,"Atlantic City, NJ",340,341,346,347,4.408823529411768,10.99120234604105,21.0,37.0,"Fri, May  8, 2015","Fri, May 15, 2015"
5959,Adak Airport,Adak Island,United States,ADK,PADK,51.878,-176.646,18,-10,A,"Adak Island, AK",8,8,9,9,4.375,8.125,6.0,16.0,"Thu, May  7, 2015","Sun, May  3, 2015"
3531,Kodiak,Kodiak,United States,ADQ,PADQ,57.749967,-152.493856,78,-9,A,"Kodiak, AK",60,60,62,62,3.466666666666667,5.916666666666668,9.0,20.0,"Wed, May  6, 2015","Tue, May 12, 2015"
3852,Alexandria International,Alexandria,United States,AEX,KAEX,31.3274,-92.549833,89,-6,A,"Alexandria, LA",283,283,294,294,3.190812720848056,13.431095406360424,18.0,120.0,"Sat, May 30, 2015","Sun, May 31, 2015"
3658,Augusta Regional At Bush Field,Bush Field,United States,AGS,KAGS,33.369944,-81.9645,144,-5,A,"Augusta, GA",224,224,225,225,3.7901785714285707,14.245535714285714,26.0,71.0,"Mon, May 25, 2015","Tue, May 26, 2015"
3864,Albany International,Albany,United States,ALB,KALB,42.748267,-73.801692,285,-5,A,"Albany, NY",696,693,701,699,4.189655172413788,11.8989898989899,27.0,120.0,"Wed, May 27, 2015","Fri, May  8, 2015"
5718,Waterloo Regional Airport,Waterloo,United States,ALO,KALO,42.5571,-92.4003,873,-6,A,"Waterloo, IA",56,55,56,56,5.25,12.927272727272728,10.0,38.0,"Sun, May 10, 2015","Tue, May 26, 2015"
3840,Rick Husband Amarillo International,Amarillo,United States,AMA,KAMA,35.219369,-101.705931,3607,-6,A,"Amarillo, TX",328,329,335,335,4.981707317073165,11.635258358662616,28.0,65.0,"Sat, May 30, 2015","Thu, May 21, 2015"
3774,Ted Stevens Anchorage International,Anchorage,United States,ANC,PANC,61.174361,-149.996361,152,-9,A,"Anchorage, AK",1499,1496,1510,1502,4.017344896597739,11.178475935828873,27.0,47.0,"Sun, May 24, 2015","Wed, May 13, 2015"
5720,Alpena County Regional Airport,Alpena,United States,APN,KAPN,45.0781,-83.5603,689,-5,A,"Alpena, MI",51,50,52,52,4.5882352941176485,10.64,10.0,22.0,"Sat, May  9, 2015","Fri, May  8, 2015"
7001,Aspen/Pitkin County-Sardy Field,Aspen,United States,ASE,KASE,39.2232,-106.869,7820,-7,A,"Aspen, CO",34,34,35,35,3.5,10.058823529411764,4.0,29.0,"Fri, May 15, 2015","Wed, May  6, 2015"
3682,Hartsfield Jackson Atlanta International,Atlanta,United States,ATL,KATL,33.636719,-84.428067,1026,-5,A,"Atlanta, GA",32271,32252,32425,32398,8.855164079204185,16.87337219397251,109.0,145.0,"Mon, May 18, 2015","Mon, May 18, 2015"
4047,Appleton,Appleton,United States,ATW,KATW,44.257526,-88.507576,680,-6,A,"Appleton, WI",295,295,300,299,4.5898305084745745,13.854237288135597,22.0,57.0,"Tue, May  5, 2015","Wed, May 27, 2015"
3673,Austin Bergstrom International,Austin,United States,AUS,KAUS,30.194528,-97.669889,542,-6,A,"Austin, TX",3895,3895,3959,3957,6.222336328626445,12.830038510911432,90.0,160.0,"Sun, May 10, 2015","Sun, May 17, 2015"
4007,Asheville Regional Airport,Asheville,United States,AVL,KAVL,35.436194,-82.541806,2165,-5,A,"Asheville, NC",210,210,214,214,3.6095238095238082,16.271428571428547,7.0,81.0,"Sun, May  3, 2015","Tue, May 26, 2015"
4286,Wilkes Barre Scranton International,Scranton,United States,AVP,KAVP,41.338478,-75.723403,962,-5,A,"Scranton/Wilkes-Barre, PA",154,155,155,155,3.448051948051948,12.670967741935485,16.0,33.0,"Fri, May  8, 2015","Fri, May 15, 2015"
4039,Kalamazoo,Kalamazoo,United States,AZO,KAZO,42.234875,-85.552058,874,-5,A,"Kalamazoo, MI",132,132,133,133,3.378787878787879,11.954545454545455,7.0,69.0,"Sat, May 16, 2015","Mon, May 11, 2015"
3825,Bradley International,Windsor Locks,United States,BDL,KBDL,41.938889,-72.683222,173,-5,A,"Hartford, CT",1810,1809,1816,1814,5.052486187845295,12.917634051962422,31.0,82.0,"Sun, May 10, 2015","Sun, May 31, 2015"
3599,Bethel,Bethel,United States,BET,PABE,60.779778,-161.838,121,-9,A,"Bethel, AK",82,82,83,83,3.9146341463414633,6.048780487804878,7.0,18.0,"Sat, May 23, 2015","Fri, May 22, 2015"
3558,Meadows Field,Bakersfield,United States,BFL,KBFL,35.433598,-119.05677,507,-8,A,"Bakersfield, CA",263,263,267,267,4.730038022813688,15.068441064638783,9.0,74.0,"Tue, May 26, 2015","Tue, May 26, 2015"
3463,Bangor International,Bangor,United States,BGR,KBGR,44.807444,-68.828139,192,-5,A,"Bangor, ME",58,58,58,58,3.810344827586207,13.39655172413793,7.0,21.0,"Wed, May  6, 2015","Fri, May 29, 2015"
3811,Birmingham International,Birmingham,United States,BHM,KBHM,33.562942,-86.75355,644,-6,A,"Birmingham, AL",1139,1139,1152,1153,4.110623353819141,13.396839332748032,47.0,100.0,"Thu, May 28, 2015","Thu, May 21, 2015"
4021,Billings Logan International Airport,Billings,United States,BIL,KBIL,45.80921,-108.537654,3652,-7,A,"Billings, MT",249,248,249,248,3.8072289156626513,11.431451612903226,7.0,29.0,"Fri, May 15, 2015","Tue, May 19, 2015"
4083,Bismarck Municipal Airport,Bismarck,United States,BIS,KBIS,46.775842,-100.757931,1661,-6,A,"Bismarck/Mandan, ND",319,315,319,319,4.463949843260188,14.552380952380958,26.0,80.0,"Sun, May 17, 2015","Sun, May 10, 2015"
4287,Bemidji Regional Airport,Bemidji,United States,BJI,KBJI,47.510722,-94.934722,1391,-6,A,"Bemidji, MN",62,62,62,62,5.000000000000001,20.51612903225807,10.0,77.0,"Fri, May 29, 2015","Tue, May 26, 2015"
3777,Bellingham International,Bellingham,United States,BLI,KBLI,48.792694,-122.537528,170,-8,A,"Bellingham, WA",93,93,93,93,4.043010752688169,12.698924731182792,6.0,34.0,"Tue, May  5, 2015","Thu, May 14, 2015"
4037,Central Illinois Regional,Bloomington,United States,BMI,KBMI,40.477111,-88.915917,871,-6,A,"Bloomington/Normal, IL",226,226,231,231,3.685840707964602,11.398230088495575,13.0,77.0,"Sun, May 10, 2015","Tue, May 26, 2015"
3690,Nashville International,Nashville,United States,BNA,KBNA,36.124472,-86.678194,599,-6,A,"Nashville, TN",4339,4343,4384,4385,6.390412537451027,11.85355744876813,41.0,132.0,"Mon, May  4, 2015","Mon, May 25, 2015"
3495,Boise Air Terminal,Boise,United States,BOI,KBOI,43.564361,-116.222861,2871,-7,A,"Boise, ID",1056,1053,1060,1059,3.934659090909091,12.443494776828109,20.0,64.0,"Sat, May 30, 2015","Wed, May 20, 2015"
3448,General Edward Lawrence Logan International,Boston,United States,BOS,KBOS,42.364347,-71.005181,19,-5,A,"Boston, MA",10164,10167,10243,10241,6.766233766233765,18.610701288482264,100.0,149.0,"Mon, May 18, 2015","Mon, May 18, 2015"
3612,Southeast Texas Regional,Beaumont,United States,BPT,KBPT,29.950833,-94.020694,15,-6,A,"Beaumont/Port Arthur, TX",81,81,89,89,3.6049382716049383,12.469135802469136,14.0,28.0,"Sat, May 30, 2015","Mon, May 18, 2015"
5725,Brunswick Golden Isles Airport,Brunswick,United States,BQK,KBQK,31.2588,-81.4665,26,-5,A,"Brunswick, GA",78,78,78,78,3.4615384615384617,11.282051282051281,20.0,28.0,"Thu, May 28, 2015","Sun, May  3, 2015"
6957,Brainerd Lakes Regional,Brainerd,United States,BRD,KBRD,46.398308,-94.138078,1226,-6,U,"Brainerd, MN",52,52,52,52,5.903846153846154,18.846153846153843,10.0,49.0,"Mon, May 25, 2015","Thu, May 14, 2015"
3738,Brownsville South Padre Island International,Brownsville,United States,BRO,KBRO,25.906833,-97.425861,22,-6,A,"Brownsville, TX",212,209,224,223,4.976415094339618,11.92822966507177,15.0,40.0,"Mon, May 11, 2015","Sun, May 31, 2015"
3571,Wiley Post Will Rogers Memorial,Barrow,United States,BRW,PABR,71.285446,-156.766003,44,-9,A,"Barrow, AK",78,78,80,80,4.115384615384617,5.987179487179487,7.0,18.0,"Tue, May 19, 2015","Fri, May 22, 2015"
4022,Bert Mooney Airport,Butte,United States,BTM,KBTM,45.954806,-112.497472,5550,-7,A,"Butte, MT",62,62,62,62,3.9838709677419373,10.903225806451609,7.0,49.0,"Tue, May 19, 2015","Sun, May 17, 2015"
3846,Baton Rouge Metro-Ryan Field,Baton Rouge,United States,BTR,KBTR,30.533167,-91.149639,70,-6,A,"Baton Rouge, LA",645,645,669,669,5.618604651162792,12.982945736434102,61.0,64.0,"Tue, May 19, 2015","Tue, May 19, 2015"
3711,Burlington International,Burlington,United States,BTV,KBTV,44.471861,-73.153278,335,-5,A,"Burlington, VT",239,240,241,242,4.652719665271967,14.350000000000003,27.0,48.0,"Sun, May 31, 2015","Tue, May  5, 2015"
3820,Buffalo Niagara International,Buffalo,United States,BUF,KBUF,42.940525,-78.732167,724,-5,A,"Buffalo, NY",1667,1668,1676,1675,3.8086382723455308,11.49220623501199,22.0,151.0,"Thu, May 14, 2015","Sun, May 31, 2015"
3644,Bob Hope,Burbank,United States,BUR,KBUR,34.200667,-118.358667,778,-8,A,"Burbank, CA",1700,1700,1720,1720,3.026470588235293,12.468823529411777,19.0,83.0,"Mon, May  4, 2015","Wed, May  6, 2015"
3849,Baltimore Washington International,Baltimore,United States,BWI,KBWI,39.175361,-76.668333,146,-5,A,"Baltimore, MD",8108,8104,8179,8175,6.613344844597928,13.582675222112533,58.0,144.0,"Thu, May 21, 2015","Mon, May 18, 2015"
4020,Gallatin Field,Bozeman,United States,BZN,KBZN,45.777643,-111.160151,4500,-7,A,"Bozeman, MT",169,169,169,169,4.674556213017748,12.12426035502958,8.0,28.0,"Fri, May 29, 2015","Fri, May  8, 2015"
3561,Columbia Metropolitan,Colombia,United States,CAE,KCAE,33.938833,-81.119528,236,-5,A,"Columbia, SC",460,458,466,466,4.554347826086964,13.275109170305678,34.0,41.0,"Thu, May 21, 2015","Tue, May  5, 2015"
4112,Akron Canton Regional Airport,Akron,United States,CAK,KCAK,40.9160833,-81.4421944,1228,-5,A,"Akron, OH",592,593,593,594,4.635135135135135,11.028667790893763,17.0,64.0,"Fri, May  8, 2015","Tue, May 26, 2015"
3824,Cedar City Regional,Cedar City,United States,CDC,KCDC,37.700967,-113.098847,5622,-7,A,"Cedar City, UT",52,52,52,52,4.0,12.807692307692308,8.0,28.0,"Sun, May 10, 2015","Mon, May  4, 2015"
3610,Merle K. Mudhole Smith,Cordova,United States,CDV,PACV,60.491778,-145.477556,48,-9,A,"Cordova, AK",62,62,62,62,3.532258064516129,7.241935483870968,5.0,17.0,"Sat, May  9, 2015","Mon, May 11, 2015"
3578,Lovell Field,Chattanooga,United States,CHA,KCHA,35.035278,-85.203808,683,-5,A,"Chattanooga, TN",415,414,417,416,4.344578313253017,13.922705314009661,33.0,73.0,"Thu, May 21, 2015","Sun, May 31, 2015"
4015,Charlottesville-Albemarle,Charlottesville VA,United States,CHO,KCHO,38.138639,-78.452861,639,-5,A,"Charlottesville, VA",198,197,202,202,3.843434343434341,12.588832487309642,11.0,59.0,"Sat, May 16, 2015","Fri, May  8, 2015"
3806,Charleston AFB International,Charleston,United States,CHS,KCHS,32.898647,-80.040528,45,-5,A,"Charleston, SC",1136,1135,1147,1148,6.6117957746478915,14.116299559471363,58.0,65.0,"Sat, May  2, 2015","Sun, May 17, 2015"
4043,Cedar Rapids,Cedar Rapids,United States,CID,KCID,41.884694,-91.710806,869,-6,A,"Cedar Rapids/Iowa City, IA",701,699,712,712,5.743223965763193,14.144492131616595,43.0,80.0,"Fri, May 15, 2015","Tue, May 26, 2015"
5729,Chippewa County International Airport,Sault Ste. Marie,United States,CIU,KCIU,46.2508,-84.4724,800,-5,A,"Sault Ste. Marie, MI",60,60,62,62,4.55,16.483333333333327,8.0,39.0,"Mon, May 11, 2015","Tue, May 12, 2015"
3486,Cleveland Hopkins International,Cleveland,United States,CLE,KCLE,41.411689,-81.849794,791,-5,A,"Cleveland, OH",3355,3357,3405,3404,6.622354694485849,12.341674113792083,56.0,146.0,"Wed, May 13, 2015","Tue, May 26, 2015"
3715,Easterwood Field,College Station,United States,CLL,KCLL,30.588583,-96.363833,321,-6,A,"College Station/Bryan, TX",210,210,228,228,4.719047619047618,10.176190476190476,14.0,42.0,"Thu, May  7, 2015","Sat, May  2, 2015"
3876,Charlotte Douglas International,Charlotte,United States,CLT,KCLT,35.214,-80.943139,748,-5,A,"Charlotte, NC",9169,9195,9226,9227,9.643363507470877,19.286568787384457,92.0,123.0,"Tue, May 26, 2015","Sun, May 24, 2015"
3759,Port Columbus International,Columbus,United States,CMH,KCMH,39.997972,-82.891889,815,-5,A,"Columbus, OH",2229,2227,2260,2259,5.664423508299685,12.098787606645693,41.0,95.0,"Mon, May  4, 2015","Fri, May 29, 2015"
4049,Champaign,Champaign,United States,CMI,KCMI,40.03925,-88.278056,754,-6,A,"Champaign/Urbana, IL",177,177,179,179,3.8079096045197742,11.943502824858749,17.0,43.0,"Tue, May 19, 2015","Tue, May  5, 2015"
5732,Houghton County Memorial Airport,Hancock,United States,CMX,KCMX,47.1684,-88.4891,1095,-5,A,"Hancock/Houghton, MI",59,60,62,62,4.593220338983053,13.816666666666666,6.0,24.0,"Wed, May  6, 2015","Tue, May 19, 2015"
4344,Yellowstone Regional,Cody,United States,COD,KCOD,44.520194,-109.023806,5102,-7,A,"Cody, WY",61,61,62,62,4.39344262295082,19.0327868852459,6.0,50.0,"Sat, May  9, 2015","Wed, May 20, 2015"
3819,City Of Colorado Springs Municipal,Colorado Springs,United States,COS,KCOS,38.805805,-104.700778,6187,-7,A,"Colorado Springs, CO",668,667,682,682,6.747005988023952,16.99100449775112,127.0,67.0,"Wed, May  6, 2015","Mon, May 25, 2015"
3719,Columbia Regional,Columbia,United States,COU,KCOU,38.818094,-92.219631,889,-6,A,"Columbia, MO",109,106,115,115,3.6605504587155964,14.09433962264151,6.0,36.0,"Mon, May 25, 2015","Fri, May 29, 2015"
3872,Natrona County International,Casper,United States,CPR,KCPR,42.908,-106.464417,5347,-7,A,"Casper, WY",119,118,121,122,4.445378151260502,13.635593220338983,8.0,126.0,"Sun, May 17, 2015","Fri, May 22, 2015"
3744,Corpus Christi International,Corpus Christi,United States,CRP,KCRP,27.770361,-97.501222,44,-6,A,"Corpus Christi, TX",548,552,574,574,5.618613138686131,12.10144927536231,95.0,56.0,"Mon, May 11, 2015","Fri, May 29, 2015"
4285,Yeager,Charleston,United States,CRW,KCRW,38.373147,-81.593189,981,-5,A,"Charleston/Dunbar, WV",240,238,242,242,3.7208333333333337,12.693277310924367,38.0,54.0,"Tue, May 12, 2015","Fri, May  8, 2015"
4255,Columbus Metropolitan Airport,Columbus,United States,CSG,KCSG,32.5163333,-84.9388611,397,-5,A,"Columbus, GA",109,109,109,109,2.981651376146789,9.724770642201834,5.0,27.0,"Tue, May  5, 2015","Sun, May 31, 2015"
3488,Cincinnati Northern Kentucky International,Cincinnati,United States,CVG,KCVG,39.048836,-84.667822,896,-5,A,"Cincinnati, OH",1921,1916,1947,1947,6.918792295679332,14.340292275574116,49.0,79.0,"Fri, May 15, 2015","Fri, May 29, 2015"
4045,Central Wisconsin,Wassau,United States,CWA,KCWA,44.772726,-89.646635,840,-6,A,"Mosinee, WI",118,119,119,119,4.194915254237288,10.882352941176475,12.0,56.0,"Wed, May 27, 2015","Tue, May  5, 2015"
3950,Daytona Beach International,Daytona Beach,United States,DAB,KDAB,29.179917,-81.058056,34,-5,A,"Daytona Beach, FL",152,152,152,152,3.2828947368421053,14.723684210526315,7.0,44.0,"Thu, May 21, 2015","Sat, May  9, 2015"
3502,Dallas Love Field,Dallas,United States,DAL,KDAL,32.847111,-96.851778,487,-6,A,"Dallas, TX",5318,5340,5437,5436,6.5188040616773115,11.991947565543054,57.0,87.0,"Sat, May 30, 2015","Thu, May  7, 2015"
3627,James M. Cox Dayton International,Dayton,United States,DAY,KDAY,39.902375,-84.219375,1009,-5,A,"Dayton, OH",799,799,812,811,6.425531914893619,13.768460575719649,35.0,55.0,"Tue, May 26, 2015","Tue, May  5, 2015"
4388,Dubuque Regional,Dubuque IA,United States,DBQ,KDBQ,42.402,-90.709472,1076,-6,A,"Dubuque, IA",82,82,82,82,4.182926829268292,13.268292682926829,8.0,85.0,"Thu, May  7, 2015","Fri, May 29, 2015"
3520,Ronald Reagan Washington National,Washington,United States,DCA,KDCA,38.852083,-77.037722,15,-5,A,"Washington, DC",6860,6866,6948,6951,5.817930029154521,18.95659772793475,67.0,154.0,"Mon, May 18, 2015","Mon, May 11, 2015"
3751,Denver International,Denver,United States,DEN,KDEN,39.861656,-104.673178,5431,-7,A,"Denver, CO",17941,18002,18072,18106,7.965498021292013,15.100544383957326,83.0,154.0,"Sat, May  9, 2015","Sat, May  9, 2015"
3670,Dallas Fort Worth International,Dallas-fort Worth,United States,DFW,KDFW,32.896828,-97.037997,607,-6,A,"Dallas/Fort Worth, TX",21310,21366,22163,22160,11.325997184420455,19.283160161003373,172.0,173.0,"Sat, May 16, 2015","Tue, May 26, 2015"
3739,Dothan Regional,Dothan,United States,DHN,KDHN,31.321339,-85.449628,401,-6,A,"Dothan, AL",115,116,116,116,2.9826086956521745,15.155172413793098,6.0,98.0,"Mon, May 18, 2015","Sun, May 31, 2015"
7064,Dickinson Theodore Roosevelt Regional Airport,Dickinson,United States,DIK,KDIK,46.7975,-102.801944,2592,-5,A,"Dickinson, ND",132,133,135,135,5.3484848484848495,14.781954887218047,10.0,79.0,"Thu, May  7, 2015","Wed, May 20, 2015"
3598,Duluth International,Duluth,United States,DLH,KDLH,46.842091,-92.193649,1428,-6,A,"Duluth, MN",124,124,128,128,5.161290322580646,15.346774193548388,24.0,70.0,"Mon, May 18, 2015","Tue, May  5, 2015"
3713,Durango La Plata County,Durango,United States,DRO,KDRO,37.151516,-107.75377,6685,-7,A,"Durango, CO",198,198,203,203,5.282828282828282,12.080808080808081,27.0,101.0,"Fri, May 15, 2015","Fri, May  1, 2015"
3729,Des Moines International,Des Moines,United States,DSM,KDSM,41.533972,-93.663083,958,-6,A,"Des Moines, IA",693,692,702,703,4.747474747474749,12.52745664739884,19.0,46.0,"Fri, May 15, 2015","Tue, May 19, 2015"
3645,Detroit Metro Wayne County,Detroit,United States,DTW,KDTW,42.212444,-83.353389,645,-5,A,"Detroit, MI",10397,10425,10449,10474,7.635471770703087,17.04585131894479,64.0,128.0,"Wed, May  6, 2015","Mon, May 11, 2015"
7063,Devils Lake Regional Airport,Devils Lake,United States,DVL,KDVL,48.114444,-98.908611,1445,-6,A,"Devils Lake, ND",47,47,47,47,5.297872340425532,13.08510638297872,10.0,32.0,"Wed, May 20, 2015","Mon, May 18, 2015"
5735,Chippewa Valley Regional Airport,Eau Claire,United States,EAU,KEAU,44.8658,-91.4843,913,-6,A,"Eau Claire, WI",60,58,62,62,3.966666666666667,12.10344827586207,6.0,34.0,"Sat, May 30, 2015","Thu, May  7, 2015"
7669,Northwest Florida Beaches International,Panama City,United States,ECP,KECP,30.3417,-85.7973,69,-6,A,"Panama City, FL",440,440,442,442,4.165909090909093,11.89090909090909,50.0,102.0,"Sat, May 30, 2015","Tue, May 12, 2015"
5736,Elko Regional Airport,Elko,United States,EKO,KEKO,40.8249,-115.792,5140,-8,A,"Elko, NV",57,57,57,57,4.859649122807017,10.73684210526316,9.0,24.0,"Sun, May 24, 2015","Thu, May  7, 2015"
3946,Elmira Corning Regional,Elmira,United States,ELM,KELM,42.159889,-76.891611,954,-5,A,"Elmira/Corning, NY",195,195,196,196,4.1743589743589755,14.697435897435897,11.0,67.0,"Wed, May 13, 2015","Mon, May 11, 2015"
3559,El Paso International,El Paso,United States,ELP,KELP,31.80725,-106.377583,3958,-7,A,"El Paso, TX",1139,1135,1150,1150,4.5083406496927205,13.69955947136565,22.0,105.0,"Sun, May 31, 2015","Sun, May 17, 2015"
4276,Erie International-Tom Ridge Field,Erie,United States,ERI,KERI,42.082022,-80.176217,733,-5,A,"Erie, PA",60,59,60,60,4.516666666666666,13.35593220338983,11.0,35.0,"Sun, May 31, 2015","Thu, May  7, 2015"
6800,Delta County Airport,Escanaba,United States,ESC,KESC,45.722778,-87.093611,609,-5,A,"Escanaba, MI",52,52,52,52,4.673076923076925,13.192307692307692,8.0,28.0,"Sat, May  2, 2015","Wed, May 20, 2015"
4099,Mahlon Sweet Field,Eugene,United States,EUG,KEUG,44.124583,-123.211972,374,-8,A,"Eugene, OR",349,344,352,351,4.392550143266474,14.046511627906977,23.0,77.0,"Tue, May  5, 2015","Thu, May 14, 2015"
4018,Evansville Regional,Evansville,United States,EVV,KEVV,38.036997,-87.532364,418,-6,A,"Evansville, IN",304,304,306,306,3.825657894736843,15.759868421052632,17.0,83.0,"Wed, May 13, 2015","Mon, May 25, 2015"
3730,Craven County Regional,New Bern,United States,EWN,KEWN,35.072972,-77.042944,18,-5,A,"New Bern/Morehead/Beaufort, NC",48,48,48,48,2.875,10.395833333333334,6.0,24.0,"Sun, May 31, 2015","Sat, May 23, 2015"
3494,Newark Liberty International,Newark,United States,EWR,KEWR,40.6925,-74.168667,18,-5,A,"Newark, NJ",9135,9134,9263,9263,9.406787082649135,19.830194876286424,71.0,145.0,"Sun, May 31, 2015","Wed, May 27, 2015"
3875,Key West International,Key West,United States,EYW,KEYW,24.556111,-81.759556,3,-5,A,"Key West, FL",138,139,139,139,2.630434782608695,8.985611510791363,8.0,65.0,"Wed, May  6, 2015","Thu, May 28, 2015"
3832,Fairbanks International,Fairbanks,United States,FAI,PAFA,64.815114,-147.856267,434,-9,A,"Fairbanks, AK",209,208,211,210,3.799043062200957,10.932692307692314,16.0,47.0,"Mon, May 25, 2015","Sun, May 10, 2015"
4292,Hector International Airport,Fargo,United States,FAR,KFAR,46.92065,-96.8157639,902,-6,A,"Fargo, ND",511,510,516,517,5.041095890410957,14.974509803921569,31.0,81.0,"Fri, May 29, 2015","Sun, May  3, 2015"
3687,Fresno Yosemite International,Fresno,United States,FAT,KFAT,36.776194,-119.71814,336,-8,A,"Fresno, CA",654,654,658,658,5.200305810397552,15.217125382262994,38.0,56.0,"Tue, May  5, 2015","Sat, May 16, 2015"
5738,Fayetteville Regional-Grannis Field,Fayetteville,United States,FAY,KFAY,34.9912,-78.8803,189,-5,A,"Fayetteville, NC",164,164,165,165,4.493902439024392,12.128048780487806,14.0,34.0,"Sat, May 30, 2015","Wed, May 27, 2015"
4127,Glacier Park International,Kalispell,United States,FCA,KFCA,48.310472,-114.256,2977,-7,A,"Kalispell, MT",144,144,144,144,4.208333333333334,14.597222222222221,7.0,29.0,"Fri, May  8, 2015","Thu, May 14, 2015"
4261,Flagstaff Pulliam Airport,Flagstaff,United States,FLG,KFLG,35.140318,-111.6692392,7015,-7,N,"Flagstaff, AZ",152,152,153,153,4.118421052631577,13.76973684210526,8.0,47.0,"Mon, May 11, 2015","Fri, May 15, 2015"
3533,Fort Lauderdale Hollywood International,Fort Lauderdale,United States,FLL,KFLL,26.072583,-80.15275,9,-5,A,"Fort Lauderdale, FL",6471,6482,6512,6516,5.5747179724926745,14.263344646713984,51.0,90.0,"Mon, May  4, 2015","Wed, May 27, 2015"
4089,Bishop International,Flint,United States,FNT,KFNT,42.965424,-83.743629,782,-5,A,"Flint, MI",481,481,484,484,4.45945945945946,10.000000000000004,22.0,60.0,"Mon, May 11, 2015","Tue, May  5, 2015"
4009,Sioux Falls,Sioux Falls,United States,FSD,KFSD,43.582014,-96.741914,1429,-6,A,"Sioux Falls, SD",430,430,433,435,5.15116279069768,14.748837209302328,48.0,75.0,"Sun, May 24, 2015","Tue, May 26, 2015"
3437,Fort Smith Regional,Fort Smith,United States,FSM,KFSM,35.336583,-94.367444,469,-6,A,"Fort Smith, AR",168,169,177,177,3.9107142857142856,11.384615384615387,9.0,25.0,"Mon, May  4, 2015","Thu, May  7, 2015"
4041,Fort Wayne,Fort Wayne,United States,FWA,KFWA,40.978472,-85.195139,815,-5,A,"Fort Wayne, IN",536,535,540,540,4.626865671641787,14.465420560747667,16.0,75.0,"Sun, May 24, 2015","Tue, May 26, 2015"
4296,Gillette-Campbell County Airport,Gillette,United States,GCC,KGCC,44.3489167,-105.5393611,4365,-7,A,"Gillette, WY",88,88,88,88,5.136363636363636,12.318181818181818,9.0,31.0,"Tue, May  5, 2015","Sun, May 10, 2015"
3497,Garden City Regional,Garden City,United States,GCK,KGCK,37.927528,-100.724417,2891,-6,A,"Garden City, KS",59,58,61,61,4.932203389830509,10.137931034482758,11.0,30.0,"Tue, May 19, 2015","Fri, May 22, 2015"
3467,Spokane International,Spokane,United States,GEG,KGEG,47.619861,-117.533833,2376,-8,A,"Spokane, WA",847,845,849,848,4.054309327036601,12.952662721893487,28.0,49.0,"Thu, May 21, 2015","Thu, May  7, 2015"
3442,Grand Forks International,Grand Forks,United States,GFK,KGFK,47.949256,-97.176111,845,-6,A,"Grand Forks, ND",51,52,51,52,4.823529411764704,15.903846153846159,9.0,40.0,"Mon, May  4, 2015","Wed, May  6, 2015"
3465,East Texas Regional,Longview,United States,GGG,KGGG,32.384014,-94.711486,365,-6,A,"Longview, TX",58,57,62,62,3.9137931034482762,9.035087719298245,12.0,27.0,"Tue, May 12, 2015","Fri, May  8, 2015"
4063,Grand Junction Regional,Grand Junction,United States,GJT,KGJT,39.122413,-108.526735,4858,-7,A,"Grand Junction, CO",309,309,312,313,3.7734627831715226,13.346278317152109,10.0,65.0,"Wed, May 27, 2015","Wed, May  6, 2015"
3472,Gainesville Regional,Gainesville,United States,GNV,KGNV,29.690056,-82.271778,152,-5,A,"Gainesville, FL",252,251,255,255,4.444444444444445,13.54581673306773,24.0,87.0,"Thu, May 21, 2015","Sun, May 31, 2015"
4038,Gulfport-Biloxi,Gulfport,United States,GPT,KGPT,30.407278,-89.070111,28,-6,A,"Gulfport/Biloxi, MS",348,346,358,358,4.494252873563215,12.54624277456648,10.0,86.0,"Sun, May 17, 2015","Thu, May 14, 2015"
3653,Austin Straubel International,Green Bay,United States,GRB,KGRB,44.485072,-88.129589,695,-6,A,"Green Bay, WI",330,332,334,336,3.836363636363639,11.894578313253014,13.0,87.0,"Sun, May 10, 2015","Sat, May 16, 2015"
5740,Central Nebraska Regional Airport,Grand Island,United States,GRI,KGRI,40.9675,-98.3096,1847,-6,A,"Grand Island, NE",56,56,57,57,5.714285714285714,9.125000000000002,10.0,23.0,"Fri, May 15, 2015","Wed, May 13, 2015"
3775,Robert Gray AAF,Killeen,United States,GRK,KGRK,31.06725,-97.828917,1015,-6,A,"Killeen, TX",352,350,369,369,4.289772727272733,12.168571428571434,37.0,71.0,"Wed, May 20, 2015","Wed, May 27, 2015"
3685,Gerald R. Ford International,Grand Rapids,United States,GRR,KGRR,42.880833,-85.522806,794,-5,A,"Grand Rapids, MI",1081,1081,1096,1097,4.594819611470857,12.745605920444033,39.0,79.0,"Sun, May 17, 2015","Sun, May 24, 2015"
4008,Piedmont Triad,Greensboro,United States,GSO,KGSO,36.09775,-79.937306,925,-5,A,"Greensboro/High Point, NC",660,665,681,682,4.142424242424242,14.303759398496235,21.0,82.0,"Thu, May 21, 2015","Mon, May 18, 2015"
4034,Greenville-Spartanburg International,Greenville,United States,GSP,KGSP,34.895556,-82.218889,964,-5,A,"Greer, SC",654,653,663,663,4.0688073394495445,13.065849923430328,42.0,51.0,"Sat, May 30, 2015","Mon, May 11, 2015"
3880,Great Falls International,Great Falls,United States,GTF,KGTF,47.482,-111.370689,3677,-7,A,"Great Falls, MT",197,197,197,197,4.065989847715736,14.17258883248731,8.0,58.0,"Sun, May 31, 2015","Tue, May 12, 2015"
4273,Golden Triangle Regional Airport,Columbus Mississippi,United States,GTR,KGTR,33.450333,-88.591361,264,-6,A,"Columbus, MS",86,86,87,87,3.395348837209302,11.581395348837214,5.0,38.0,"Sat, May 30, 2015","Wed, May  6, 2015"
7051,Gunnison - Crested Butte,Gunnison,United States,GUC,KGUC,38.533889,-106.933056,7678,-7,A,"Gunnison, CO",6,6,6,6,4.833333333333333,10.833333333333334,6.0,17.0,"Sun, May  3, 2015","Sun, May 10, 2015"
3650,Chisholm Hibbing,Hibbing,United States,HIB,KHIB,47.3866,-92.838994,1353,-6,A,"Hibbing, MN",82,81,84,84,5.341463414634145,16.59259259259259,9.0,65.0,"Mon, May 11, 2015","Mon, May 18, 2015"
3504,Helena Regional,Helena,United States,HLN,KHLN,46.606806,-111.98275,3877,-7,A,"Helena, MT",143,142,143,143,3.895104895104895,12.30985915492958,12.0,69.0,"Mon, May  4, 2015","Wed, May 20, 2015"
3728,Honolulu International,Honolulu,United States,HNL,PHNL,21.318681,-157.922428,13,-10,N,"Honolulu, HI",3995,3996,4007,4008,6.877096370463072,14.530530530530536,40.0,48.0,"Sat, May 23, 2015","Sun, May 24, 2015"
3749,Lea County Regional,Hobbs,United States,HOB,KHOB,32.687528,-103.217028,3661,-7,A,"Hobbs, NM",54,53,56,56,6.277777777777778,13.39622641509434,12.0,36.0,"Thu, May 28, 2015","Fri, May 29, 2015"
3566,William P. Hobby,Houston,United States,HOU,KHOU,29.645419,-95.278889,46,-6,A,"Houston, TX",4613,4629,4764,4763,6.505094298721012,11.081011017498364,79.0,118.0,"Tue, May 26, 2015","Sun, May 17, 2015"
3589,Westchester County,White Plains,United States,HPN,KHPN,41.066959,-73.707575,439,-5,A,"White Plains, NY",682,681,687,686,4.683284457478011,14.897209985315715,89.0,108.0,"Sun, May 31, 2015","Mon, May 18, 2015"
3560,Valley International,Harlingen,United States,HRL,KHRL,26.2285,-97.654389,36,-6,A,"Harlingen/San Benito, TX",277,278,288,288,3.2490974729241877,10.33453237410072,24.0,51.0,"Sun, May 17, 2015","Wed, May  6, 2015"
4113,Huntsville International Airport-Carl T. Jones Field,Huntsville,United States,HSV,KHSV,34.6371944,-86.7750556,629,-6,A,"Huntsville, AL",431,430,437,436,4.981438515081207,13.774418604651164,28.0,81.0,"Sun, May 17, 2015","Sun, May 31, 2015"
7014,Hays Regional Airport,Hays,United States,HYS,KHYS,38.8422,-99.2732,1998,-5,A,"Hays, KS",52,52,53,52,5.576923076923075,10.980769230769235,12.0,20.0,"Fri, May 15, 2015","Thu, May  7, 2015"
3714,Washington Dulles International,Washington,United States,IAD,KIAD,38.944533,-77.455811,313,-5,A,"Washington, DC",3225,3222,3244,3243,6.74387596899225,18.085971446306637,87.0,131.0,"Sat, May 16, 2015","Wed, May 27, 2015"
3630,Niagara Falls International,Niagara Falls,United States,IAG,KIAG,43.107333,-78.946194,589,-5,A,"Niagara Falls, NY",27,27,27,27,6.555555555555555,11.481481481481481,11.0,26.0,"Wed, May  6, 2015","Wed, May 27, 2015"
3550,George Bush Intercontinental Houston,Houston,United States,IAH,KIAH,29.984433,-95.341442,97,-6,A,"Houston, TX",14047,14062,14420,14415,10.1116964476401,19.48215047646128,151.0,200.0,"Mon, May 25, 2015","Mon, May 25, 2015"
3457,Wichita Mid Continent,Wichita,United States,ICT,KICT,37.649944,-97.433056,1333,-6,A,"Wichita, KS",755,755,768,766,5.31655629139072,12.540397350993377,42.0,87.0,"Sat, May 16, 2015","Sat, May 23, 2015"
4100,Idaho Falls Regional,Idaho Falls,United States,IDA,KIDA,43.514556,-112.07075,4744,-7,A,"Idaho Falls, ID",194,194,194,194,4.237113402061857,12.9020618556701,7.0,59.0,"Fri, May  1, 2015","Wed, May 20, 2015"
3845,Wilmington International,Wilmington,United States,ILM,KILM,34.270615,-77.902569,32,-5,A,"Wilmington, NC",133,131,133,133,3.481203007518797,11.870229007633588,8.0,26.0,"Sun, May 10, 2015","Tue, May 12, 2015"
6837,Ford Airport,Iron Mountain,United States,IMT,KIMT,45.8183611,-88.1145556,1182,-5,A,"Iron Mountain/Kingsfd, MI",56,56,57,57,4.785714285714286,16.857142857142865,7.0,43.0,"Thu, May 21, 2015","Thu, May 28, 2015"
3585,Indianapolis International,Indianapolis,United States,IND,KIND,39.717331,-86.294383,797,-5,A,"Indianapolis, IN",2330,2330,2354,2355,5.705150214592278,12.466952789699578,36.0,85.0,"Sun, May 10, 2015","Fri, May 29, 2015"
3535,Falls International,International Falls,United States,INL,KINL,48.566186,-93.403067,1185,-6,A,"International Falls, MN",51,50,52,52,4.176470588235294,17.100000000000005,6.0,37.0,"Thu, May  7, 2015","Mon, May 18, 2015"
3659,Sloulin Field International,Williston,United States,ISN,KISN,48.177939,-103.642347,1982,-7,A,"Williston, ND",245,244,245,244,5.21224489795918,18.290983606557365,14.0,43.0,"Sun, May  3, 2015","Tue, May 19, 2015"
3857,Long Island MacArthur,Islip,United States,ISP,KISP,40.79525,-73.100222,99,-5,A,"Islip, NY",450,450,453,453,4.680000000000005,9.377777777777773,20.0,43.0,"Fri, May  1, 2015","Thu, May 21, 2015"
3415,Hilo International,Hilo,United States,ITO,PHTO,19.721375,-155.048469,38,-10,N,"Hilo, HI",544,544,545,545,5.222426470588229,8.49264705882353,10.0,22.0,"Sat, May  9, 2015","Mon, May 25, 2015"
4027,Jackson Hole Airport,Jacksn Hole,United States,JAC,KJAC,43.60733333,-110.73775,6451,-7,A,"Jackson, WY",177,177,177,177,3.542372881355932,13.152542372881356,8.0,34.0,"Wed, May 13, 2015","Thu, May 28, 2015"
3580,Jackson Evers International,Jackson,United States,JAN,KJAN,32.311167,-90.075889,346,-6,A,"Jackson/Vicksburg, MS",646,646,665,665,5.027863777089779,13.956656346749229,64.0,83.0,"Wed, May 27, 2015","Sat, May 30, 2015"
3712,Jacksonville International,Jacksonville,United States,JAX,KJAX,30.494056,-81.687861,30,-5,A,"Jacksonville, FL",1720,1716,1733,1732,5.547093023255812,13.269813519813525,53.0,64.0,"Sun, May 10, 2015","Thu, May 28, 2015"
3797,John F. Kennedy International,New York,United States,JFK,KJFK,40.639751,-73.778925,13,-5,A,"New York, NY",8792,8800,8878,8880,7.668448589626934,27.384545454545464,105.0,155.0,"Sun, May 31, 2015","Sun, May 31, 2015"
4354,Joplin Regional,Joplin,United States,JLN,KJLN,37.151814,-94.498269,981,-6,A,"Joplin, MO",59,58,62,62,4.322033898305084,12.39655172413793,8.0,33.0,"Sun, May 24, 2015","Wed, May 13, 2015"
5745,Jamestown Regional Airport,Jamestown,United States,JMS,KJMS,46.9297,-98.6782,1498,-6,A,"Jamestown, ND",71,71,73,72,4.436619718309856,12.690140845070422,8.0,34.0,"Wed, May 20, 2015","Sat, May 23, 2015"
3492,Juneau International,Juneau,United States,JNU,PAJN,58.354972,-134.576278,21,-9,A,"Juneau, AK",374,372,375,374,3.7112299465240652,13.884408602150538,16.0,49.0,"Fri, May 15, 2015","Wed, May 27, 2015"
3514,Kona International At Keahole,Kona,United States,KOA,PHKO,19.738767,-156.045631,47,-10,N,"Kona, HI",980,980,981,982,4.908163265306116,9.987755102040818,10.0,36.0,"Sat, May  2, 2015","Wed, May 20, 2015"
3808,Ketchikan International,Ketchikan,United States,KTN,PAKT,55.355556,-131.71375,88,-9,A,"Ketchikan, AK",215,215,217,217,4.074418604651163,10.55813953488372,11.0,24.0,"Sun, May 17, 2015","Thu, May 14, 2015"
3544,Capital City,Lansing,United States,LAN,KLAN,42.7787,-84.587357,861,-5,A,"Lansing, MI",104,103,105,104,5.221153846153846,11.446601941747574,17.0,47.0,"Sat, May  9, 2015","Sun, May 17, 2015"
5746,Laramie Regional Airport,Laramie,United States,LAR,KLAR,41.3121,-105.675,7284,-7,A,"Laramie, WY",47,47,52,52,6.425531914893617,13.106382978723405,64.0,29.0,"Sun, May 10, 2015","Wed, May  6, 2015"
3877,McCarran International,Las Vegas,United States,LAS,KLAS,36.080056,-115.15225,2141,-8,A,"Las Vegas, NV",12672,12670,12744,12744,7.25268308080809,15.38879242304657,70.0,112.0,"Sun, May 31, 2015","Mon, May 25, 2015"
4256,Lawton-Fort Sill Regional Airport,Lawton,United States,LAW,KLAW,34.5677144,-98.4166367,1110,-6,A,"Lawton/Fort Sill, OK",110,110,123,123,3.1363636363636376,9.790909090909087,19.0,43.0,"Mon, May 18, 2015","Tue, May 19, 2015"
3484,Los Angeles International,Los Angeles,United States,LAX,KLAX,33.942536,-118.408075,126,-8,A,"Los Angeles, CA",17870,17881,17978,17977,11.136094012311132,16.28572227504057,90.0,94.0,"Wed, May 13, 2015","Sat, May 23, 2015"
3829,Lubbock Preston Smith International,Lubbock,United States,LBB,KLBB,33.663639,-101.822778,3282,-6,A,"Lubbock, TX",397,402,414,414,5.1360201511335015,11.893034825870647,30.0,136.0,"Wed, May 13, 2015","Mon, May 25, 2015"
5747,Arnold Palmer Regional Airport,Latrobe,United States,LBE,KLBE,40.2759,-79.4048,1185,-5,A,"Latrobe, PA",136,135,140,140,5.132352941176471,12.355555555555556,9.0,34.0,"Sat, May 23, 2015","Fri, May  1, 2015"
3513,Lake Charles Regional,Lake Charles,United States,LCH,KLCH,30.126112,-93.223335,15,-6,A,"Lake Charles, LA",157,157,169,169,5.019108280254779,10.770700636942673,16.0,26.0,"Tue, May 26, 2015","Thu, May 21, 2015"
4017,Blue Grass,Lexington KY,United States,LEX,KLEX,38.0365,-84.605889,979,-5,A,"Lexington, KY",565,564,570,570,4.5734513274336335,13.553191489361701,21.0,78.0,"Wed, May 27, 2015","Tue, May  5, 2015"
3493,Lafayette Regional,Lafayette,United States,LFT,KLFT,30.205278,-91.987611,43,-6,A,"Lafayette, LA",504,507,525,526,5.72222222222222,14.069033530571993,43.0,65.0,"Tue, May 26, 2015","Wed, May 13, 2015"
3697,LaGuardia Airport,New York,United States,LGA,KLGA,40.777245,-73.872608,22,-5,A,"New York, NY",9126,9147,9424,9428,8.205018628095546,24.95364600415434,136.0,171.0,"Sun, May 31, 2015","Sun, May 31, 2015"
3582,Long Beach,Long Beach,United States,LGB,KLGB,33.817722,-118.151611,60,-8,A,"Long Beach, CA",832,831,837,837,3.9122596153846154,13.111913357400724,24.0,76.0,"Fri, May  1, 2015","Fri, May 15, 2015"
3602,Lihue,Lihue,United States,LIH,PHLI,21.975983,-159.338958,153,-10,N,"Lihue, HI",945,943,946,947,5.431746031746032,7.971367974549307,20.0,31.0,"Wed, May  6, 2015","Sun, May 24, 2015"
3660,Adams Field,Little Rock,United States,LIT,KLIT,34.729444,-92.224306,262,-6,A,"Little Rock, AR",924,918,936,935,5.545454545454538,13.246187363834427,63.0,99.0,"Sun, May 24, 2015","Mon, May 11, 2015"
3543,Lincoln,Lincoln,United States,LNK,KLNK,40.850971,-96.75925,1219,-6,A,"Lincoln, NE",263,264,270,268,4.6311787072243344,12.075757575757576,21.0,59.0,"Sun, May 10, 2015","Fri, May 29, 2015"
3691,Laredo International,Laredo,United States,LRD,KLRD,27.54375,-99.461556,508,-6,A,"Laredo, TX",191,192,202,202,3.874345549738223,11.963541666666666,29.0,117.0,"Sun, May 17, 2015","Thu, May 21, 2015"
4044,LaCrosse Municipal,LaCrosse,United States,LSE,KLSE,43.878986,-91.256711,654,-6,A,"La Crosse, WI",112,112,113,113,3.0714285714285716,11.035714285714286,10.0,59.0,"Sat, May 16, 2015","Sun, May  3, 2015"
3945,Lewiston Nez Perce County,Lewiston,United States,LWS,KLWS,46.3745,-117.015389,1442,-8,A,"Lewiston, ID",48,48,48,48,4.854166666666667,10.708333333333334,12.0,19.0,"Tue, May 12, 2015","Thu, May  7, 2015"
3652,Midland International,Midland,United States,MAF,KMAF,31.942528,-102.201914,2871,-6,A,"Midland/Odessa, TX",680,679,702,701,4.924999999999996,11.823269513991162,78.0,69.0,"Mon, May 25, 2015","Wed, May 27, 2015"
4128,MBS International,Saginaw,United States,MBS,KMBS,43.532913,-84.079647,668,-5,A,"Saginaw/Bay City/Midland, MI",182,182,184,185,4.631868131868129,12.928571428571429,25.0,43.0,"Mon, May 11, 2015","Sat, May 16, 2015"
3458,Kansas City International,Kansas City,United States,MCI,KMCI,39.297606,-94.713905,1026,-6,A,"Kansas City, MO",3754,3765,3799,3799,5.8508257858284445,12.100664010624154,49.0,70.0,"Fri, May 15, 2015","Mon, May 18, 2015"
3878,Orlando International,Orlando,United States,MCO,KMCO,28.429394,-81.308994,96,-5,A,"Orlando, FL",10330,10329,10390,10390,7.499709583736689,13.86291025268661,52.0,132.0,"Wed, May 20, 2015","Wed, May 27, 2015"
3542,Harrisburg International,Harrisburg,United States,MDT,KMDT,40.193494,-76.763403,310,-5,A,"Harrisburg, PA",319,318,321,320,4.188087774294673,13.015723270440251,26.0,74.0,"Sun, May 10, 2015","Mon, May 18, 2015"
3747,Chicago Midway International,Chicago,United States,MDW,KMDW,41.785972,-87.752417,620,-6,A,"Chicago, IL",7492,7494,7591,7591,7.344901227976506,12.37483319989326,62.0,97.0,"Tue, May 19, 2015","Fri, May  8, 2015"
4335,Key Field,Meridian,United States,MEI,KMEI,32.332624,-88.751868,297,-6,A,"Meridian, MS",81,81,83,83,3.9259259259259274,11.222222222222221,9.0,57.0,"Sun, May  3, 2015","Wed, May 20, 2015"
3473,Memphis International,Memphis,United States,MEM,KMEM,35.042417,-89.976667,341,-6,A,"Memphis, TN",1474,1474,1495,1497,6.267978290366347,13.996607869742194,46.0,83.0,"Sun, May 17, 2015","Fri, May 29, 2015"
3826,McAllen Miller International,Mcallen,United States,MFE,KMFE,26.175833,-98.238611,107,-6,A,"Mission/McAllen/Edinburg, TX",392,391,409,409,4.8596938775510194,13.237851662404092,15.0,129.0,"Sun, May 10, 2015","Fri, May 29, 2015"
4101,Rogue Valley International Medford,Medford,United States,MFR,KMFR,42.374228,-122.8735,1335,-8,A,"Medford, OR",224,224,229,229,4.683035714285708,14.227678571428571,13.0,42.0,"Thu, May 28, 2015","Wed, May 27, 2015"
4115,Montgomery Regional Airport ,MONTGOMERY,United States,MGM,KMGM,32.3006389,-86.3939722,221,-6,A,"Montgomery, AL",284,282,290,290,2.9999999999999996,13.23404255319149,14.0,100.0,"Mon, May 18, 2015","Sun, May 31, 2015"
4050,Manhattan Regional,Manhattan,United States,MHK,KMHK,39.140972,-96.670833,1057,-6,A,"Manhattan/Ft. Riley, KS",141,141,149,149,2.872340425531915,11.588652482269504,15.0,70.0,"Sun, May 10, 2015","Fri, May 29, 2015"
4011,Manchester Regional Airport,Manchester NH,United States,MHT,KMHT,42.932556,-71.435667,266,-5,A,"Manchester, NH",612,613,615,617,4.557189542483656,12.458401305057098,27.0,75.0,"Mon, May 11, 2015","Tue, May 19, 2015"
3576,Miami International,Miami,United States,MIA,KMIA,25.79325,-80.290556,8,-5,A,"Miami, FL",6312,6310,6340,6340,8.305291508238268,17.6507131537243,73.0,112.0,"Thu, May 14, 2015","Tue, May 19, 2015"
3717,General Mitchell International,Milwaukee,United States,MKE,KMKE,42.947222,-87.896583,723,-6,A,"Milwaukee, WI",2768,2765,2803,2803,5.19653179190752,12.172875226039794,40.0,82.0,"Wed, May  6, 2015","Fri, May 29, 2015"
5754,Muskegon County Airport,Muskegon,United States,MKG,KMKG,43.1695,-86.2382,628,-5,A,"Muskegon, MI",59,58,62,62,4.5423728813559325,12.068965517241383,6.0,32.0,"Mon, May 11, 2015","Fri, May 22, 2015"
3671,Melbourne International,Melbourne,United States,MLB,KMLB,28.102753,-80.645258,33,-5,A,"Melbourne, FL",115,115,115,115,4.443478260869566,14.68695652173913,23.0,42.0,"Mon, May 25, 2015","Sun, May 31, 2015"
4072,Quad City International,Moline,United States,MLI,KMLI,41.448528,-90.507539,590,-6,A,"Moline, IL",306,306,310,311,4.14052287581699,12.359477124183012,15.0,66.0,"Fri, May  1, 2015","Tue, May 26, 2015"
3732,Monroe Regional,Monroe,United States,MLU,KMLU,32.510864,-92.037689,79,-6,A,"Monroe, LA",272,274,277,277,3.639705882352941,11.722627737226277,13.0,51.0,"Wed, May 27, 2015","Thu, May 28, 2015"
3782,Mobile Regional,Mobile,United States,MOB,KMOB,30.691231,-88.242814,219,-6,A,"Mobile, AL",452,453,466,466,4.115044247787609,12.600441501103749,49.0,70.0,"Fri, May 15, 2015","Sun, May 24, 2015"
3498,Minot International,Minot,United States,MOT,KMOT,48.259378,-101.280333,1716,-6,A,"Minot, ND",145,145,146,145,5.386206896551724,16.041379310344826,13.0,127.0,"Wed, May 13, 2015","Sun, May 17, 2015"
6838,Sawyer International Airport,Marquette,United States,MQT,KMQT,46.353611,-87.395278,1221,-5,A,"Marquette, MI",26,26,26,26,4.461538461538461,9.538461538461538,8.0,23.0,"Fri, May 29, 2015","Mon, May 11, 2015"
3948,Monterey Peninsula,Monterey,United States,MRY,KMRY,36.587,-121.842944,257,-8,A,"Monterey, CA",254,257,262,262,4.133858267716532,14.622568093385214,34.0,73.0,"Fri, May  8, 2015","Sat, May 30, 2015"
3459,Dane County Regional-Truax Field,Madison,United States,MSN,KMSN,43.139858,-89.337514,887,-6,A,"Madison, WI",840,833,852,850,4.253571428571424,13.190876350540217,46.0,102.0,"Mon, May 11, 2015","Sun, May 10, 2015"
4216,Missoula International,Missoula,United States,MSO,KMSO,46.916306,-114.090556,3205,-7,A,"Missoula, MT",178,178,178,178,4.5898876404494375,12.544943820224715,14.0,72.0,"Wed, May 27, 2015","Tue, May 12, 2015"
3858,Minneapolis St. Paul International,Minneapolis,United States,MSP,KMSP,44.881956,-93.221767,841,-6,A,"Minneapolis, MN",10427,10437,10481,10485,5.692720820945605,15.864712082015865,50.0,110.0,"Sat, May 23, 2015","Mon, May 18, 2015"
3861,Louis Armstrong New Orleans International,New Orleans,United States,MSY,KMSY,29.993389,-90.258028,4,-6,A,"New Orleans, LA",3674,3677,3726,3727,5.118943930321178,11.766929562143055,110.0,99.0,"Fri, May 15, 2015","Thu, May 21, 2015"
6880,Montrose Regional Airport,Montrose CO,United States,MTJ,KMTJ,38.509794,-107.894242,5759,-7,A,"Montrose/Delta, CO",1,1,1,1,4.0,11.0,4.0,11.0,"Sun, May  3, 2015","Mon, May  4, 2015"
4265,Martha's Vineyard,Vineyard Haven MA,United States,MVY,KMVY,41.391667,-70.615278,67,-5,A,"Martha's Vineyard, MA",16,16,16,16,2.875,10.3125,4.0,38.0,"Thu, May 14, 2015","Fri, May 15, 2015"
3515,Myrtle Beach International,Myrtle Beach,United States,MYR,KMYR,33.67975,-78.928333,25,-5,A,"Myrtle Beach, SC",568,571,577,577,5.829225352112677,10.726795096322236,32.0,41.0,"Wed, May 27, 2015","Fri, May 22, 2015"
4386,Albert J. Ellis,Jacksonville NC,United States,OAJ,KOAJ,34.829164,-77.612139,94,-5,A,"Jacksonville/Camp Lejeune, NC",105,105,105,105,2.7047619047619054,12.342857142857143,9.0,37.0,"Tue, May 12, 2015","Mon, May 18, 2015"
3453,Metropolitan Oakland International,Oakland,United States,OAK,KOAK,37.721278,-122.220722,9,-8,A,"Oakland, CA",3864,3875,3913,3913,6.056159420289855,10.184516129032271,37.0,76.0,"Thu, May  7, 2015","Thu, May 14, 2015"
3456,Kahului,Kahului,United States,OGG,PHOG,20.89865,-156.430458,54,-10,N,"Kahului, HI",1824,1823,1826,1826,7.302083333333333,9.091607240811861,29.0,30.0,"Fri, May  1, 2015","Wed, May 13, 2015"
3863,Will Rogers World,Oklahoma City,United States,OKC,KOKC,35.393089,-97.600733,1295,-6,A,"Oklahoma City, OK",1377,1376,1414,1413,5.4531590413943345,13.073401162790692,76.0,84.0,"Fri, May  8, 2015","Sun, May 31, 2015"
3454,Eppley Airfield,Omaha,United States,OMA,KOMA,41.303167,-95.894069,984,-6,A,"Omaha, NE",1596,1597,1611,1609,4.346491228070169,11.801502817783357,30.0,69.0,"Mon, May  4, 2015","Tue, May  5, 2015"
3615,Nome,Nome,United States,OME,PAOM,64.512203,-165.445247,37,-9,A,"Nome, AK",61,61,62,62,3.622950819672131,6.22950819672131,8.0,16.0,"Thu, May 14, 2015","Fri, May 15, 2015"
3734,Ontario International,Ontario,United States,ONT,KONT,34.056,-117.601194,944,-8,A,"Ontario, CA",1724,1723,1742,1742,4.720997679814386,11.347649448636098,30.0,76.0,"Tue, May 19, 2015","Mon, May 11, 2015"
3830,Chicago O'Hare International,Chicago,United States,ORD,KORD,41.978603,-87.904842,668,-6,A,"Chicago, IL",26571,26588,26909,26871,12.31692446652367,19.07443207462029,118.0,151.0,"Mon, May  4, 2015","Tue, May 26, 2015"
3611,Norfolk International,Norfolk,United States,ORF,KORF,36.894611,-76.201222,26,-5,A,"Norfolk, VA",817,814,823,824,4.3733170134638915,13.25552825552825,28.0,109.0,"Sun, May  3, 2015","Sat, May 16, 2015"
6426,Worcester Regional Airport,Worcester,United States,ORH,KORH,42.2673,-71.8757,1009,-5,U,"Worcester, MA",62,62,62,62,3.3548387096774195,11.274193548387096,5.0,28.0,"Fri, May  8, 2015","Sun, May  3, 2015"
5757,Southwest Oregon Regional Airport,North Bend,United States,OTH,KOTH,43.4171,-124.246,17,-8,A,"North Bend/Coos Bay, OR",18,18,18,18,4.166666666666667,17.111111111111104,5.0,31.0,"Thu, May 28, 2015","Mon, May 18, 2015"
3693,Ralph Wien Memorial,Kotzebue,United States,OTZ,PAOT,66.884678,-162.59855,11,-9,A,"Kotzebue, AK",60,60,62,62,4.05,6.333333333333333,8.0,29.0,"Sat, May 30, 2015","Thu, May 28, 2015"
4117,Barkley Regional Airport,PADUCAH,United States,PAH,KPAH,37.0602875,-88.7729583,410,-6,A,"Paducah, KY",62,61,62,62,4.548387096774194,11.60655737704918,6.0,31.0,"Sun, May 10, 2015","Tue, May 12, 2015"
3771,Plattsburgh International,Plattsburgh,United States,PBG,KPBG,44.650944,-73.468139,234,-5,A,"Plattsburgh, NY",22,22,22,22,6.954545454545454,12.681818181818182,15.0,23.0,"Thu, May  7, 2015","Sun, May 31, 2015"
3722,Palm Beach International,West Palm Beach,United States,PBI,KPBI,26.683161,-80.095589,19,-5,A,"West Palm Beach/Palm Beach, FL",1932,1931,1942,1944,4.236542443064179,13.024857586742616,24.0,74.0,"Sun, May 24, 2015","Wed, May 27, 2015"
3720,Portland International,Portland,United States,PDX,KPDX,45.588722,-122.5975,30,-8,A,"Portland, OR",4139,4139,4163,4162,4.143512925827493,12.387050012080218,67.0,78.0,"Wed, May 13, 2015","Mon, May 25, 2015"
3633,Newport News Williamsburg International,Newport News,United States,PHF,KPHF,37.131894,-76.492989,43,-5,A,"Newport News/Williamsburg, VA",92,92,93,93,3.891304347826087,11.782608695652174,7.0,18.0,"Fri, May  1, 2015","Thu, May 28, 2015"
3752,Philadelphia International,Philadelphia,United States,PHL,KPHL,39.871944,-75.241139,36,-5,A,"Philadelphia, PA",6124,6132,6178,6181,6.625571521881109,21.963307240704417,74.0,129.0,"Mon, May 18, 2015","Wed, May 27, 2015"
3462,Phoenix Sky Harbor International,Phoenix,United States,PHX,KPHX,33.434278,-112.011583,1135,-7,N,"Phoenix, AZ",13716,13750,13801,13803,7.570866141732286,14.05076363636365,100.0,91.0,"Fri, May 15, 2015","Thu, May 21, 2015"
4046,Peoria Regional,Peoria,United States,PIA,KPIA,40.664203,-89.693258,660,-6,A,"Peoria, IL",445,446,454,454,4.260674157303368,13.156950672645737,17.0,107.0,"Sun, May  3, 2015","Fri, May 29, 2015"
5759,Hattiesburg Laurel Regional Airport,Hattiesburg/Laurel,United States,PIB,KPIB,31.4671,-89.3371,298,-6,A,"Hattiesburg/Laurel, MS",51,51,52,52,3.7058823529411766,13.313725490196079,9.0,51.0,"Sat, May 16, 2015","Fri, May  8, 2015"
5760,Pocatello Regional Airport,Pocatello,United States,PIH,KPIH,42.9098,-112.596,4452,-7,A,"Pocatello, ID",57,57,57,57,4.122807017543859,8.50877192982456,9.0,19.0,"Mon, May  4, 2015","Sun, May 24, 2015"
3570,Pittsburgh International,Pittsburgh (pennsylva),United States,PIT,KPIT,40.491467,-80.232872,1204,-5,A,"Pittsburgh, PA",2311,2300,2336,2332,5.368671570748596,11.975652173913057,37.0,89.0,"Mon, May 11, 2015","Thu, May 28, 2015"
5762,Pellston Regional Airport of Emmet County Airport,Pellston,United States,PLN,KPLN,45.5709,-84.7967,720,-5,A,"Pellston, MI",60,60,62,62,5.266666666666667,16.08333333333333,8.0,70.0,"Tue, May 19, 2015","Wed, May 27, 2015"
3564,Pensacola Regional,Pensacola,United States,PNS,KPNS,30.473425,-87.186611,121,-6,A,"Pensacola, FL",506,506,513,514,4.800395256916998,13.274703557312254,42.0,67.0,"Sun, May 24, 2015","Mon, May 18, 2015"
6133,Tri Cities Airport,Pasco,United States,PSC,PSC,46.2647,-119.119,410,-8,A,"Pasco/Kennewick/Richland, WA",183,182,186,185,5.071038251366119,11.89010989010989,9.0,25.0,"Wed, May 20, 2015","Wed, May 27, 2015"
4147,Petersburg James A. Johnson,Petersburg,United States,PSG,PAPG,56.801667,-132.945278,105,-9,A,"Petersburg, AK",60,61,62,62,7.45,11.557377049180328,16.0,24.0,"Fri, May 15, 2015","Tue, May 26, 2015"
3839,Palm Springs International,Palm Springs,United States,PSP,KPSP,33.829667,-116.506694,477,-8,A,"Palm Springs, CA",850,849,853,853,5.349411764705878,14.33686690223793,36.0,59.0,"Sun, May  3, 2015","Tue, May 19, 2015"
3527,Pueblo Memorial,Pueblo Memorial,United States,PUB,KPUB,38.289085,-104.496572,4726,-7,A,"Pueblo, CO",51,51,52,52,4.333333333333333,12.901960784313726,8.0,83.0,"Fri, May  1, 2015","Tue, May 12, 2015"
3641,Theodore Francis Green State,Providence,United States,PVD,KPVD,41.732581,-71.420383,55,-5,A,"Providence, RI",978,979,981,982,4.957055214723934,11.084780388151168,29.0,50.0,"Tue, May 26, 2015","Mon, May 18, 2015"
3862,Portland International Jetport,Portland,United States,PWM,KPWM,43.646161,-70.309281,77,-5,A,"Portland, ME",424,422,429,428,3.34433962264151,13.34597156398104,13.0,82.0,"Sun, May  3, 2015","Sun, May 31, 2015"
4087,Rapid City Regional Airport,Rapid City,United States,RAP,KRAP,44.045278,-103.057222,3204,-7,A,"Rapid City, SD",294,291,310,306,5.282312925170066,14.721649484536085,38.0,61.0,"Sun, May 10, 2015","Thu, May 14, 2015"
4098,Redding Municipal,Redding,United States,RDD,KRDD,40.509,-122.293389,504,-8,A,"Redding, CA",62,62,62,62,4.82258064516129,17.774193548387103,7.0,54.0,"Wed, May 20, 2015","Mon, May 18, 2015"
4103,Roberts Field,Redmond-Bend,United States,RDM,KRDM,44.254066,-121.149964,3077,-8,A,"Bend/Redmond, OR",179,180,179,180,4.022346368715083,12.161111111111113,7.0,44.0,"Mon, May 18, 2015","Mon, May 11, 2015"
3626,Raleigh Durham International,Raleigh-durham,United States,RDU,KRDU,35.877639,-78.787472,435,-5,A,"Raleigh/Durham, NC",2987,2984,3030,3030,4.887177770338134,14.006032171581777,47.0,128.0,"Wed, May 27, 2015","Mon, May 11, 2015"
5765,Rhinelander Oneida County Airport,Rhinelander,United States,RHI,KRHI,45.6312,-89.4675,1624,-6,A,"Rhinelander, WI",86,86,88,88,4.697674418604653,18.8953488372093,8.0,59.0,"Wed, May  6, 2015","Sun, May 24, 2015"
3608,Richmond International,Richmond,United States,RIC,KRIC,37.505167,-77.319667,167,-5,A,"Richmond, VA",1282,1280,1299,1299,5.323712948517936,13.601562499999991,34.0,72.0,"Fri, May 22, 2015","Mon, May 11, 2015"
5766,Rock Springs Sweetwater County Airport,Rock Springs,United States,RKS,KRKS,41.5942,-109.065,6760,-7,A,"Rock Springs, WY",56,57,57,57,4.267857142857142,14.473684210526315,6.0,66.0,"Thu, May 21, 2015","Sat, May  9, 2015"
3807,Reno Tahoe International,Reno,United States,RNO,KRNO,39.499108,-119.768108,4415,-8,A,"Reno, NV",1193,1190,1198,1199,4.2405699916177735,12.851260504201683,21.0,64.0,"Tue, May 19, 2015","Sun, May 17, 2015"
4016,Roanoke Regional,Roanoke VA,United States,ROA,KROA,37.325472,-79.975417,1175,-5,A,"Roanoke, VA",227,228,230,230,5.224669603524228,13.311403508771933,13.0,74.0,"Tue, May 26, 2015","Mon, May 18, 2015"
3622,Greater Rochester International,Rochester,United States,ROC,KROC,43.118866,-77.672389,559,-5,A,"Rochester, NY",771,765,781,778,5.2036316472114095,12.91764705882353,29.0,115.0,"Wed, May 13, 2015","Sun, May 31, 2015"
3736,Roswell International Air Center,Roswell,United States,ROW,KROW,33.301556,-104.530556,3671,-7,A,"Roswell, NM",85,85,89,89,5.941176470588236,11.152941176470591,32.0,23.0,"Sun, May 10, 2015","Thu, May 28, 2015"
4048,Rochester,Rochester,United States,RST,KRST,43.908283,-92.500014,1317,-6,A,"Rochester, MN",182,182,182,182,3.5604395604395602,13.510989010989016,15.0,50.0,"Thu, May 28, 2015","Mon, May 18, 2015"
3793,Southwest Florida International,Fort Myers,United States,RSW,KRSW,26.536167,-81.755167,30,-5,A,"Fort Myers, FL",2152,2151,2161,2163,4.741171003717484,11.70850767085076,39.0,97.0,"Wed, May  6, 2015","Mon, May 11, 2015"
3784,Santa Fe Municipal,Santa Fe,United States,SAF,KSAF,35.617108,-106.089422,6348,-7,A,"Santa Fe, NM",179,178,183,182,5.34078212290503,12.96629213483146,18.0,40.0,"Sat, May 23, 2015","Thu, May  7, 2015"
3731,San Diego International,San Diego,United States,SAN,KSAN,32.733556,-117.189667,17,-8,A,"San Diego, CA",6529,6521,6595,6591,4.02128963087763,14.151050452384586,46.0,74.0,"Mon, May 18, 2015","Mon, May  4, 2015"
3621,San Antonio International,San Antonio,United States,SAT,KSAT,29.533694,-98.469778,809,-6,A,"San Antonio, TX",2964,2963,3011,3008,4.329959514170051,12.528855889301385,77.0,153.0,"Mon, May 18, 2015","Sun, May 10, 2015"
3613,Savannah Hilton Head International,Savannah,United States,SAV,KSAV,32.127583,-81.202139,51,-5,A,"Savannah, GA",791,791,801,800,6.118836915297095,14.556257901390644,58.0,84.0,"Mon, May 25, 2015","Sun, May 31, 2015"
3949,Santa Barbara Municipal,Santa Barbara,United States,SBA,KSBA,34.426211,-119.840372,10,-8,A,"Santa Barbara, CA",561,556,571,571,4.928698752228165,14.27877697841727,21.0,48.0,"Mon, May 11, 2015","Mon, May 11, 2015"
4359,South Bend Regional,South Bend,United States,SBN,KSBN,41.708661,-86.31725,799,-5,A,"South Bend, IN",393,391,396,396,4.582697201017813,14.289002557544755,16.0,43.0,"Wed, May 20, 2015","Tue, May 26, 2015"
5768,San Luis County Regional Airport,San Luis Obispo,United States,SBP,KSBP,35.2368,-120.642,212,-8,A,"San Luis Obispo, CA",246,245,248,248,3.821138211382113,13.502040816326534,6.0,49.0,"Sat, May 23, 2015","Mon, May  4, 2015"
3620,Deadhorse,Deadhorse,United States,SCC,PASC,70.19475,-148.465167,64,-9,A,"Deadhorse, AK",78,78,80,80,3.7948717948717947,7.461538461538462,7.0,19.0,"Sun, May 17, 2015","Mon, May 11, 2015"
4318,University Park Airport,State College Pennsylvania,United States,SCE,KUNV,40.849278,-77.848694,1239,-5,A,"State College, PA",72,73,73,73,5.777777777777777,10.95890410958904,14.0,72.0,"Thu, May 14, 2015","Thu, May  7, 2015"
4014,Louisville International Airport,Louisville,United States,SDF,KSDF,38.1740858,-85.7364989,501,-5,A,"Louisville, KY",1046,1053,1058,1062,6.301147227533463,13.272554605887937,43.0,75.0,"Sat, May  9, 2015","Wed, May 13, 2015"
3577,Seattle Tacoma International,Seattle,United States,SEA,KSEA,47.449,-122.309306,433,-8,A,"Seattle, WA",10305,10318,10341,10346,7.592042697719549,15.939523163403761,62.0,68.0,"Sun, May 31, 2015","Thu, May 14, 2015"
3469,San Francisco International,San Francisco,United States,SFO,KSFO,37.618972,-122.374889,13,-8,A,"San Francisco, CA",13370,13410,13520,13543,6.708825729244574,17.711185682326633,97.0,74.0,"Mon, May 11, 2015","Wed, May  6, 2015"
4348,Springfield Branson National,Springfield,United States,SGF,KSGF,37.245667,-93.388639,1268,-6,A,"Springfield, MO",634,635,652,653,4.922712933753945,14.343307086614173,24.0,62.0,"Sun, May 10, 2015","Tue, May  5, 2015"
4064,St. George Municipal,Saint George,United States,SGU,KSGU,37.090583,-113.593056,2941,-7,A,"St. George, UT",180,181,181,181,4.227777777777776,13.4585635359116,9.0,32.0,"Fri, May 15, 2015","Sun, May 31, 2015"
3609,Shreveport Regional,Shreveport,United States,SHV,KSHV,32.446629,-93.8256,258,-6,A,"Shreveport, LA",555,558,570,570,4.918918918918917,10.428315412186379,27.0,76.0,"Sun, May 17, 2015","Sat, May  9, 2015"
3856,Sitka Rocky Gutierrez,Sitka,United States,SIT,PASI,57.047138,-135.361611,21,-9,A,"Sitka, AK",117,116,117,116,3.58974358974359,11.189655172413794,8.0,30.0,"Fri, May  8, 2015","Tue, May 26, 2015"
3748,Norman Y. Mineta San Jose International,San Jose,United States,SJC,KSJC,37.3626,-121.929022,62,-8,A,"San Jose, CA",3632,3625,3666,3664,4.363711453744491,11.938482758620694,47.0,61.0,"Sun, May 31, 2015","Wed, May  6, 2015"
3708,San Angelo Regional-Mathis Field,San Angelo,United States,SJT,KSJT,31.35775,-100.496306,1919,-6,A,"San Angelo, TX",145,143,155,155,3.296551724137931,10.286713286713281,15.0,47.0,"Mon, May  4, 2015","Thu, May  7, 2015"
3536,Salt Lake City International,Salt Lake City,United States,SLC,KSLC,40.788389,-111.977772,4227,-7,A,"Salt Lake City, UT",8726,8733,8757,8762,5.891702956681193,16.55731134776133,40.0,74.0,"Sat, May  9, 2015","Wed, May 20, 2015"
3817,Sacramento International,Sacramento,United States,SMF,KSMF,38.695417,-121.590778,27,-8,A,"Sacramento, CA",3621,3614,3641,3640,4.67798950566142,11.166574432761509,27.0,66.0,"Sat, May  2, 2015","Thu, May 14, 2015"
5772,Santa Maria Public-Captain G. Allan Hancock Airport,Santa Maria,United States,SMX,KSMX,34.8989,-120.457,261,-8,A,"Santa Maria, CA",63,63,63,63,4.238095238095238,15.984126984126988,6.0,47.0,"Sat, May 30, 2015","Thu, May 21, 2015"
3867,John Wayne Airport Orange County,Santa Ana,United States,SNA,KSNA,33.675667,-117.868222,56,-8,A,"Santa Ana, CA",3318,3325,3355,3355,5.420132610006032,12.386165413533826,36.0,106.0,"Fri, May  8, 2015","Mon, May 11, 2015"
4336,Abraham Lincoln Capital,Springfield,United States,SPI,KSPI,39.8441,-89.677889,597,-6,A,"Springfield, IL",145,144,149,149,4.29655172413793,11.999999999999998,8.0,53.0,"Tue, May 12, 2015","Sat, May 30, 2015"
3680,Sheppard AFB Wichita Falls Municipal,Wichita Falls,United States,SPS,KSPS,33.988797,-98.491894,1019,-6,A,"Wichita Falls, TX",112,112,123,123,5.607142857142855,12.607142857142856,11.0,52.0,"Thu, May 14, 2015","Thu, May 21, 2015"
4067,Sarasota Bradenton International,Sarasota,United States,SRQ,KSRQ,27.395444,-82.554389,30,-5,A,"Sarasota/Bradenton, FL",282,280,282,282,3.75531914893617,12.142857142857139,11.0,39.0,"Mon, May  4, 2015","Tue, May 19, 2015"
3678,Lambert St. Louis International,St. Louis,United States,STL,KSTL,38.748697,-90.370028,618,-6,A,"St. Louis, MO",4308,4303,4350,4349,4.9647168059424365,11.123402277480828,79.0,66.0,"Fri, May 15, 2015","Tue, May 19, 2015"
6494,Friedman Memorial,Hailey,United States,SUN,KSUN,43.504444,-114.296194,5320,-7,A,"Sun Valley/Hailey/Ketchum, ID",18,17,21,20,4.888888888888889,11.235294117647058,14.0,22.0,"Mon, May 25, 2015","Sun, May 31, 2015"
3753,Sioux Gateway-Colonel Bud Day Field,Sioux City,United States,SUX,KSUX,42.402603,-96.384367,1098,-6,A,"Sioux City, IA",55,55,56,56,3.309090909090909,11.436363636363636,10.0,32.0,"Thu, May  7, 2015","Sun, May 31, 2015"
3661,Stewart International,Newburgh,United States,SWF,KSWF,41.504094,-74.104839,491,-5,A,"Newburgh/Poughkeepsie, NY",67,67,67,67,5.417910447761194,13.716417910447761,10.0,38.0,"Sun, May  3, 2015","Wed, May 27, 2015"
3745,Syracuse Hancock International,Syracuse,United States,SYR,KSYR,43.111187,-76.106311,421,-5,A,"Syracuse, NY",472,471,476,477,4.495762711864412,13.543524416135881,29.0,91.0,"Mon, May 25, 2015","Sat, May  9, 2015"
3698,Tallahassee Regional,Tallahassee,United States,TLH,KTLH,30.396528,-84.350333,81,-5,A,"Tallahassee, FL",277,277,281,281,3.9422382671480145,13.14801444043321,13.0,40.0,"Fri, May  1, 2015","Thu, May 28, 2015"
4040,Toledo,Toledo,United States,TOL,KTOL,41.586806,-83.807833,684,-5,A,"Toledo, OH",87,87,87,87,2.6781609195402303,12.091954022988507,5.0,43.0,"Fri, May  8, 2015","Thu, May 28, 2015"
3646,Tampa International,Tampa,United States,TPA,KTPA,27.975472,-82.53325,26,-5,A,"Tampa, FL",5907,5902,5938,5938,4.993736245132895,12.087089122331403,70.0,122.0,"Tue, May 26, 2015","Tue, May 26, 2015"
4116,Tri-Cities Regional Airport,BRISTOL,United States,TRI,KTRI,36.4752222,-82.4074167,1519,-5,A,"Bristol/Johnson City/Kingsport, TN",193,193,194,194,4.139896373056991,13.440414507772015,31.0,64.0,"Thu, May 21, 2015","Mon, May 18, 2015"
3447,Trenton Mercer,Trenton,United States,TTN,KTTN,40.276692,-74.813469,213,-5,A,"Trenton, NJ",279,279,279,279,8.688172043010745,12.369175627240143,36.0,50.0,"Sat, May 30, 2015","Tue, May 19, 2015"
3855,Tulsa International,Tulsa,United States,TUL,KTUL,36.198389,-95.888111,677,-6,A,"Tulsa, OK",1215,1216,1238,1239,4.812345679012345,13.25082236842106,108.0,102.0,"Tue, May 26, 2015","Fri, May 15, 2015"
3636,Tucson International,Tucson,United States,TUS,KTUS,32.116083,-110.941028,2643,-7,N,"Tucson, AZ",1460,1460,1475,1476,4.699315068493167,12.997945205479446,23.0,78.0,"Tue, May 12, 2015","Tue, May 26, 2015"
4023,Cherry Capital Airport,Traverse City,United States,TVC,KTVC,44.741445,-85.582235,624,-5,A,"Traverse City, MI",192,191,196,195,3.9843750000000018,13.00523560209424,26.0,54.0,"Tue, May 26, 2015","Sat, May 30, 2015"
4263,Magic Valley Regional Airport,Twin Falls,United States,TWF,KTWF,42.481803,-114.487733,4151,-7,A,"Twin Falls, ID",88,88,88,88,3.852272727272727,11.227272727272728,6.0,31.0,"Tue, May 19, 2015","Fri, May 15, 2015"
3770,Texarkana Regional-Webb Field,Texarkana,United States,TXK,KTXK,33.453722,-93.991028,390,-6,A,"Texarkana, AR",82,82,93,93,3.5,8.658536585365852,7.0,18.0,"Wed, May  6, 2015","Sat, May 30, 2015"
3848,Tyler Pounds Regional,Tyler,United States,TYR,KTYR,32.354139,-95.402386,544,-6,A,"Tyler, TX",203,206,219,220,5.70935960591133,11.106796116504855,13.0,55.0,"Fri, May 15, 2015","Wed, May 13, 2015"
3676,McGhee Tyson,Knoxville,United States,TYS,KTYS,35.810972,-83.994028,981,-5,A,"Knoxville, TN",661,664,677,675,4.305597579425111,13.712349397590367,20.0,73.0,"Mon, May 18, 2015","Tue, May  5, 2015"
6989,St. Augustine Airport,St. Augustine Airport,United States,UST,KSGJ,29.959167,-81.339722,10,-5,A,"St. Augustine, FL",13,13,13,13,6.3076923076923075,7.846153846153846,9.0,12.0,"Sun, May 24, 2015","Thu, May 21, 2015"
5776,Valdosta Regional Airport,Valdosta,United States,VLD,KVLD,30.7825,-83.2767,203,-5,A,"Valdosta, GA",86,86,86,86,4.430232558139535,11.104651162790697,7.0,53.0,"Mon, May 18, 2015","Thu, May 28, 2015"
3873,Eglin AFB,Valparaiso,United States,VPS,KVPS,30.48325,-86.5254,87,-6,A,"Valparaiso, FL",455,452,465,465,7.835164835164836,14.904867256637168,19.0,96.0,"Tue, May 19, 2015","Sun, May 31, 2015"
5969,Wrangell Airport,Wrangell,United States,WRG,PAWG,56.4843,-132.37,44,-9,A,"Wrangell, AK",60,60,62,62,3.1666666666666665,7.65,5.0,17.0,"Sat, May  2, 2015","Sat, May 23, 2015"
4356,NW Arkansas Regional,Bentonville,United States,XNA,KXNA,36.2818694,-94.3068111,1287,-6,A,"Fayetteville, AR",804,800,831,831,4.900497512437808,13.981250000000003,51.0,122.0,"Sun, May 31, 2015","Thu, May 28, 2015"
6803,Yakutat,Yakutat,United States,YAK,PAYA,59.3012,-139.3937,33,-9,A,"Yakutat, AK",62,62,62,62,3.5483870967741935,7.564516129032258,6.0,20.0,"Thu, May  7, 2015","Mon, May  4, 2015"
3596,Yuma MCAS Yuma International,Yuma,United States,YUM,KYUM,32.656578,-114.60598,216,-7,N,"Yuma, AZ",176,176,177,177,4.6477272727272725,14.034090909090908,72.0,42.0,"Thu, May 28, 2015","Fri, May 22, 2015"
2883,Cyril E. King,St. Thomas,Virgin Islands,STT,TIST,18.337306,-64.973361,23,-4,U,"Charlotte Amalie, VI",409,405,410,410,4.82151589242054,13.874074074074079,37.0,46.0,"Sun, May 24, 2015","Mon, May 18, 2015"
2884,Henry E. Rohlsen,St. Croix Island,Virgin Islands,STX,TISX,17.701889,-64.798556,74,-4,U,"Christiansted, VI",88,88,88,88,3.340909090909091,11.60227272727273,6.0,24.0,"Thu, May  7, 2015","Wed, May 13, 2015"
1970,Pago Pago Internatonal,Pago Pago,American Samoa,PPG,NSTU,-14.331,-170.7105,32,-11,U,"Pago Pago, TT",9,9,9,9,6.888888888888889,11.555555555555555,8.0,15.0,"Fri, May 22, 2015","Mon, May 18, 2015"
2246,Guam International,Agana,Guam,GUM,PGUM,13.48345,144.795983,298,10,U,"Guam, TT",30,29,31,31,4.966666666666667,12.96551724137931,7.0,20.0,"Sat, May  2, 2015","Fri, May 22, 2015"
2885,Rafael Hernndez,Aguadilla,Puerto Rico,BQN,TJBQ,18.494861,-67.129444,237,-4,U,"Aguadilla, PR",120,119,120,119,7.083333333333333,11.411764705882353,16.0,28.0,"Fri, May  8, 2015","Sat, May 16, 2015"
2889,Aeropuerto Mercedita,Ponce,Puerto Rico,PSE,TJPS,18.008306,-66.563028,29,-4,U,"Ponce, PR",62,62,62,62,5.129032258064515,13.080645161290322,20.0,36.0,"Mon, May  4, 2015","Sun, May 10, 2015"
2890,Luis Muoz Marn International,San Juan,Puerto Rico,SJU,TJSJ,18.439417,-66.001833,9,-4,U,"San Juan, PR",2133,2130,2143,2143,5.787154242850442,12.893896713615032,41.0,58.0,"Mon, May  4, 2015","Sun, May  3, 2015"
