airport_id,name,city,country,iata_faa,iaco,latitude,longitude,altitude,zone,dst,city_state,avg_able_landings,avg_able_takeoffs,total_landings,total_takeoffs,avg_taxi_in,avg_taxi_out,longest_taxi_in,longest_taxi_out,lng_tx_in_date,lng_tx_out_date
4355,Lehigh Valley International,Allentown,United States,ABE,KABE,40.652083,-75.440806,393,-5,A,"Allentown/Bethlehem/Easton, PA",227,225,228,226,4.132158590308371,12.85777777777778,11.0,46.0,"Thu, May 12, 2016","Sun, May  1, 2016"
4019,Albuquerque International Sunport,Albuquerque,United States,ABQ,KABQ,35.0402222,-106.6091944,5355,-7,A,"Albuquerque, NM",1685,1684,1690,1692,5.509792284866471,11.522565320665091,31.0,67.0,"Sat, May 14, 2016","Tue, May 31, 2016"
5714,Aberdeen Regional Airport,Aberdeen,United States,ABR,KABR,45.4491,-98.4218,1302,-6,A,"Aberdeen, SD",62,62,62,62,4.677419354838711,13.53225806451613,10.0,36.0,"Sun, May  8, 2016","Fri, May 27, 2016"
5715,Southwest Georgia Regional Airport,Albany,United States,ABY,KABY,31.5355,-84.1945,197,-5,A,"Albany, GA",86,86,86,86,3.4186046511627906,12.709302325581396,6.0,36.0,"Mon, May 30, 2016","Sun, May  1, 2016"
3517,Nantucket Memorial,Nantucket,United States,ACK,KACK,41.253053,-70.060181,48,-5,A,"Nantucket, MA",67,66,67,67,4.805970149253731,12.909090909090908,17.0,47.0,"Fri, May 20, 2016","Mon, May 30, 2016"
3700,Waco Regional,Waco,United States,ACT,KACT,31.611289,-97.230519,516,-6,A,"Waco, TX",118,117,121,121,5.372881355932203,11.282051282051283,31.0,70.0,"Mon, May 30, 2016","Sat, May 14, 2016"
4384,Arcata,Arcata CA,United States,ACV,KACV,40.978111,-124.108611,221,-8,A,"Arcata/Eureka, CA",122,121,124,124,5.549180327868853,11.834710743801653,9.0,46.0,"Fri, May 13, 2016","Fri, May 13, 2016"
3524,Atlantic City International,Atlantic City,United States,ACY,KACY,39.457583,-74.577167,75,-5,A,"Atlantic City, NJ",339,336,341,341,4.663716814159295,10.95238095238095,13.0,37.0,"Sun, May  1, 2016","Thu, May  5, 2016"
5959,Adak Airport,Adak Island,United States,ADK,PADK,51.878,-176.646,18,-10,A,"Adak Island, AK",9,9,9,9,4.777777777777778,8.555555555555555,6.0,18.0,"Sun, May  8, 2016","Sun, May 22, 2016"
3531,Kodiak,Kodiak,United States,ADQ,PADQ,57.749967,-152.493856,78,-9,A,"Kodiak, AK",50,50,51,51,3.1799999999999993,7.3,6.0,20.0,"Mon, May 30, 2016","Fri, May 20, 2016"
3852,Alexandria International,Alexandria,United States,AEX,KAEX,31.3274,-92.549833,89,-6,A,"Alexandria, LA",233,233,235,236,3.227467811158798,12.746781115879829,8.0,43.0,"Tue, May  3, 2016","Mon, May  2, 2016"
3658,Augusta Regional At Bush Field,Bush Field,United States,AGS,KAGS,33.369944,-81.9645,144,-5,A,"Augusta, GA",233,233,233,233,3.699570815450644,16.53648068669528,24.0,62.0,"Wed, May 18, 2016","Fri, May 20, 2016"
3864,Albany International,Albany,United States,ALB,KALB,42.748267,-73.801692,285,-5,A,"Albany, NY",887,886,888,888,4.405862457722657,11.95598194130926,39.0,76.0,"Mon, May 23, 2016","Wed, May  4, 2016"
3840,Rick Husband Amarillo International,Amarillo,United States,AMA,KAMA,35.219369,-101.705931,3607,-6,A,"Amarillo, TX",258,256,261,259,4.682170542635659,11.121093749999998,25.0,37.0,"Sat, May 28, 2016","Thu, May 26, 2016"
3774,Ted Stevens Anchorage International,Anchorage,United States,ANC,PANC,61.174361,-149.996361,152,-9,A,"Anchorage, AK",1464,1464,1470,1466,4.188524590163928,11.702185792349724,25.0,42.0,"Fri, May 20, 2016","Tue, May  3, 2016"
5720,Alpena County Regional Airport,Alpena,United States,APN,KAPN,45.0781,-83.5603,689,-5,A,"Alpena, MI",54,53,54,53,4.425925925925927,12.622641509433961,11.0,37.0,"Fri, May 27, 2016","Fri, May 27, 2016"
7001,Aspen/Pitkin County-Sardy Field,Aspen,United States,ASE,KASE,39.2232,-106.869,7820,-7,A,"Aspen, CO",119,119,119,119,3.176470588235294,13.352941176470587,16.0,117.0,"Fri, May  6, 2016","Fri, May  6, 2016"
3682,Hartsfield Jackson Atlanta International,Atlanta,United States,ATL,KATL,33.636719,-84.428067,1026,-5,A,"Atlanta, GA",33351,33369,33381,33387,7.98287907409072,17.18169558572335,95.0,150.0,"Tue, May 31, 2016","Tue, May 31, 2016"
4047,Appleton,Appleton,United States,ATW,KATW,44.257526,-88.507576,680,-6,A,"Appleton, WI",268,267,271,271,4.962686567164178,14.651685393258427,39.0,63.0,"Sun, May  8, 2016","Wed, May 11, 2016"
3673,Austin Bergstrom International,Austin,United States,AUS,KAUS,30.194528,-97.669889,542,-6,A,"Austin, TX",3841,3846,3883,3882,5.900546732621706,12.732189287571494,78.0,125.0,"Fri, May 27, 2016","Fri, May 27, 2016"
4007,Asheville Regional Airport,Asheville,United States,AVL,KAVL,35.436194,-82.541806,2165,-5,A,"Asheville, NC",265,265,265,265,4.143396226415092,15.788679245283022,25.0,72.0,"Fri, May 27, 2016","Wed, May 25, 2016"
4286,Wilkes Barre Scranton International,Scranton,United States,AVP,KAVP,41.338478,-75.723403,962,-5,A,"Scranton/Wilkes-Barre, PA",166,167,168,167,3.5301204819277108,13.37125748502994,6.0,42.0,"Sun, May 15, 2016","Sun, May  1, 2016"
4039,Kalamazoo,Kalamazoo,United States,AZO,KAZO,42.234875,-85.552058,874,-5,A,"Kalamazoo, MI",139,139,142,143,4.1294964028777,14.323741007194245,16.0,32.0,"Tue, May 10, 2016","Mon, May 30, 2016"
3825,Bradley International,Windsor Locks,United States,BDL,KBDL,41.938889,-72.683222,173,-5,A,"Hartford, CT",1794,1791,1800,1800,5.437569676700116,12.640424343941936,51.0,91.0,"Wed, May  4, 2016","Mon, May  2, 2016"
3599,Bethel,Bethel,United States,BET,PABE,60.779778,-161.838,121,-9,A,"Bethel, AK",80,80,82,82,3.8375,6.9875,6.0,29.0,"Mon, May 23, 2016","Tue, May 31, 2016"
3558,Meadows Field,Bakersfield,United States,BFL,KBFL,35.433598,-119.05677,507,-8,A,"Bakersfield, CA",233,233,235,234,4.832618025751075,17.171673819742498,23.0,63.0,"Wed, May 25, 2016","Wed, May 11, 2016"
4129,Greater Binghamton-Edwin A. Link Field,Binghamton,United States,BGM,KBGM,42.208689,-75.979839,1636,-5,A,"Binghamton, NY",85,85,85,85,4.423529411764704,16.788235294117644,6.0,58.0,"Mon, May  9, 2016","Sat, May 14, 2016"
3463,Bangor International,Bangor,United States,BGR,KBGR,44.807444,-68.828139,192,-5,A,"Bangor, ME",36,36,36,36,3.9444444444444446,11.805555555555555,6.0,19.0,"Sat, May 28, 2016","Fri, May 13, 2016"
3811,Birmingham International,Birmingham,United States,BHM,KBHM,33.562942,-86.75355,644,-6,A,"Birmingham, AL",1077,1078,1086,1086,3.896007428040855,13.800556586270861,22.0,72.0,"Mon, May  9, 2016","Sun, May  1, 2016"
4021,Billings Logan International Airport,Billings,United States,BIL,KBIL,45.80921,-108.537654,3652,-7,A,"Billings, MT",245,246,246,247,3.76734693877551,11.61788617886179,7.0,68.0,"Sun, May 29, 2016","Thu, May 26, 2016"
4083,Bismarck Municipal Airport,Bismarck,United States,BIS,KBIS,46.775842,-100.757931,1661,-6,A,"Bismarck/Mandan, ND",196,198,196,198,4.76020408163265,13.883838383838386,31.0,60.0,"Sun, May 29, 2016","Wed, May 11, 2016"
4287,Bemidji Regional Airport,Bemidji,United States,BJI,KBJI,47.510722,-94.934722,1391,-6,A,"Bemidji, MN",62,62,62,62,4.661290322580644,13.85483870967742,7.0,29.0,"Mon, May 16, 2016","Sun, May  8, 2016"
3777,Bellingham International,Bellingham,United States,BLI,KBLI,48.792694,-122.537528,170,-8,A,"Bellingham, WA",87,88,88,88,4.367816091954023,12.272727272727273,17.0,27.0,"Sat, May  7, 2016","Wed, May 11, 2016"
4037,Central Illinois Regional,Bloomington,United States,BMI,KBMI,40.477111,-88.915917,871,-6,A,"Bloomington/Normal, IL",145,145,145,145,4.227586206896553,15.337931034482759,15.0,79.0,"Thu, May 26, 2016","Tue, May  3, 2016"
3690,Nashville International,Nashville,United States,BNA,KBNA,36.124472,-86.678194,599,-6,A,"Nashville, TN",4262,4257,4276,4272,6.632566870014077,12.53535353535354,46.0,79.0,"Thu, May 26, 2016","Sun, May  8, 2016"
3495,Boise Air Terminal,Boise,United States,BOI,KBOI,43.564361,-116.222861,2871,-7,A,"Boise, ID",1180,1179,1181,1181,3.7932203389830508,12.849024597116196,19.0,87.0,"Thu, May 26, 2016","Tue, May 10, 2016"
3448,General Edward Lawrence Logan International,Boston,United States,BOS,KBOS,42.364347,-71.005181,19,-5,A,"Boston, MA",10616,10623,10651,10653,7.29653353428787,17.709121717029106,69.0,117.0,"Mon, May  2, 2016","Mon, May  2, 2016"
3612,Southeast Texas Regional,Beaumont,United States,BPT,KBPT,29.950833,-94.020694,15,-6,A,"Beaumont/Port Arthur, TX",62,62,62,62,3.774193548387097,12.419354838709678,8.0,30.0,"Thu, May  5, 2016","Wed, May 18, 2016"
5725,Brunswick Golden Isles Airport,Brunswick,United States,BQK,KBQK,31.2588,-81.4665,26,-5,A,"Brunswick, GA",86,86,86,86,3.5697674418604652,14.848837209302326,6.0,53.0,"Mon, May 16, 2016","Fri, May  6, 2016"
6957,Brainerd Lakes Regional,Brainerd,United States,BRD,KBRD,46.398308,-94.138078,1226,-6,U,"Brainerd, MN",53,53,53,53,4.886792452830188,15.679245283018869,11.0,51.0,"Wed, May 18, 2016","Wed, May 11, 2016"
3738,Brownsville South Padre Island International,Brownsville,United States,BRO,KBRO,25.906833,-97.425861,22,-6,A,"Brownsville, TX",194,195,200,200,4.623711340206183,12.148717948717948,10.0,50.0,"Sun, May  1, 2016","Sun, May 15, 2016"
3571,Wiley Post Will Rogers Memorial,Barrow,United States,BRW,PABR,71.285446,-156.766003,44,-9,A,"Barrow, AK",79,79,80,80,4.113924050632913,5.443037974683544,6.0,13.0,"Sun, May  1, 2016","Thu, May 26, 2016"
4022,Bert Mooney Airport,Butte,United States,BTM,KBTM,45.954806,-112.497472,5550,-7,A,"Butte, MT",55,56,58,58,3.5090909090909084,12.607142857142858,7.0,24.0,"Tue, May 24, 2016","Fri, May 27, 2016"
3846,Baton Rouge Metro-Ryan Field,Baton Rouge,United States,BTR,KBTR,30.533167,-91.149639,70,-6,A,"Baton Rouge, LA",594,591,604,603,4.562289562289565,13.583756345177655,51.0,67.0,"Sun, May 29, 2016","Sun, May  1, 2016"
3711,Burlington International,Burlington,United States,BTV,KBTV,44.471861,-73.153278,335,-5,A,"Burlington, VT",356,354,357,358,4.160112359550564,14.324858757062147,30.0,48.0,"Thu, May 26, 2016","Mon, May 16, 2016"
3820,Buffalo Niagara International,Buffalo,United States,BUF,KBUF,42.940525,-78.732167,724,-5,A,"Buffalo, NY",1593,1589,1598,1596,3.955430006277465,11.04971680302077,36.0,62.0,"Fri, May 27, 2016","Sun, May 15, 2016"
3644,Bob Hope,Burbank,United States,BUR,KBUR,34.200667,-118.358667,778,-8,A,"Burbank, CA",1872,1872,1887,1887,3.112713675213678,12.602029914529913,23.0,85.0,"Tue, May 24, 2016","Fri, May  6, 2016"
3849,Baltimore Washington International,Baltimore,United States,BWI,KBWI,39.175361,-76.668333,146,-5,A,"Baltimore, MD",8328,8327,8349,8347,6.139048991354454,13.162363396181092,94.0,145.0,"Fri, May 27, 2016","Mon, May  2, 2016"
4020,Gallatin Field,Bozeman,United States,BZN,KBZN,45.777643,-111.160151,4500,-7,A,"Bozeman, MT",243,243,244,244,4.390946502057611,13.37448559670782,9.0,62.0,"Sun, May  8, 2016","Mon, May 16, 2016"
3561,Columbia Metropolitan,Colombia,United States,CAE,KCAE,33.938833,-81.119528,236,-5,A,"Columbia, SC",371,371,374,374,5.797843665768192,15.15633423180593,27.0,41.0,"Wed, May 25, 2016","Mon, May 23, 2016"
4112,Akron Canton Regional Airport,Akron,United States,CAK,KCAK,40.9160833,-81.4421944,1228,-5,A,"Akron, OH",399,399,400,400,5.278195488721801,13.834586466165414,44.0,73.0,"Sun, May 15, 2016","Thu, May 19, 2016"
3824,Cedar City Regional,Cedar City,United States,CDC,KCDC,37.700967,-113.098847,5622,-7,A,"Cedar City, UT",53,53,53,53,3.4150943396226414,12.79245283018868,7.0,45.0,"Wed, May 18, 2016","Thu, May 19, 2016"
3610,Merle K. Mudhole Smith,Cordova,United States,CDV,PACV,60.491778,-145.477556,48,-9,A,"Cordova, AK",60,61,61,61,3.533333333333333,7.918032786885248,5.0,20.0,"Fri, May 27, 2016","Sat, May 21, 2016"
3578,Lovell Field,Chattanooga,United States,CHA,KCHA,35.035278,-85.203808,683,-5,A,"Chattanooga, TN",390,389,390,389,4.1410256410256405,15.367609254498715,20.0,49.0,"Sun, May  1, 2016","Fri, May 13, 2016"
4015,Charlottesville-Albemarle,Charlottesville VA,United States,CHO,KCHO,38.138639,-78.452861,639,-5,A,"Charlottesville, VA",205,203,206,205,3.653658536585366,14.433497536945811,11.0,67.0,"Sun, May 22, 2016","Tue, May 31, 2016"
3806,Charleston AFB International,Charleston,United States,CHS,KCHS,32.898647,-80.040528,45,-5,A,"Charleston, SC",1380,1377,1382,1385,6.631159420289855,14.091503267973856,50.0,67.0,"Fri, May 27, 2016","Thu, May 12, 2016"
4043,Cedar Rapids,Cedar Rapids,United States,CID,KCID,41.884694,-91.710806,869,-6,A,"Cedar Rapids/Iowa City, IA",436,436,438,438,5.6077981651376145,13.772935779816514,23.0,42.0,"Tue, May 17, 2016","Tue, May 10, 2016"
5729,Chippewa County International Airport,Sault Ste. Marie,United States,CIU,KCIU,46.2508,-84.4724,800,-5,A,"Sault Ste. Marie, MI",57,57,57,57,3.9649122807017543,16.666666666666664,9.0,37.0,"Thu, May 12, 2016","Sun, May 15, 2016"
3486,Cleveland Hopkins International,Cleveland,United States,CLE,KCLE,41.411689,-81.849794,791,-5,A,"Cleveland, OH",2888,2889,2898,2899,6.7188365650969475,12.991346486673573,36.0,78.0,"Sun, May  1, 2016","Sun, May 15, 2016"
3715,Easterwood Field,College Station,United States,CLL,KCLL,30.588583,-96.363833,321,-6,A,"College Station/Bryan, TX",116,115,122,121,4.120689655172414,11.38260869565217,8.0,120.0,"Thu, May 26, 2016","Thu, May 26, 2016"
3876,Charlotte Douglas International,Charlotte,United States,CLT,KCLT,35.214,-80.943139,748,-5,A,"Charlotte, NC",9475,9497,9522,9524,10.327704485488148,19.98410024218178,99.0,136.0,"Sun, May  1, 2016","Mon, May  2, 2016"
3759,Port Columbus International,Columbus,United States,CMH,KCMH,39.997972,-82.891889,815,-5,A,"Columbus, OH",1922,1919,1932,1929,5.724245577523417,12.736842105263154,26.0,122.0,"Sun, May 15, 2016","Sun, May 22, 2016"
5732,Houghton County Memorial Airport,Hancock,United States,CMX,KCMX,47.1684,-88.4891,1095,-5,A,"Hancock/Houghton, MI",60,60,62,62,4.716666666666666,15.066666666666666,7.0,62.0,"Sun, May 29, 2016","Fri, May 27, 2016"
4344,Yellowstone Regional,Cody,United States,COD,KCOD,44.520194,-109.023806,5102,-7,A,"Cody, WY",89,88,89,88,4.03370786516854,13.806818181818182,6.0,48.0,"Sun, May  8, 2016","Tue, May 31, 2016"
3819,City Of Colorado Springs Municipal,Colorado Springs,United States,COS,KCOS,38.805805,-104.700778,6187,-7,A,"Colorado Springs, CO",689,691,695,694,7.252539912917271,18.29088277858176,89.0,91.0,"Thu, May 26, 2016","Mon, May 30, 2016"
3872,Natrona County International,Casper,United States,CPR,KCPR,42.908,-106.464417,5347,-7,A,"Casper, WY",162,161,163,162,4.3271604938271615,12.677018633540376,10.0,64.0,"Tue, May 10, 2016","Fri, May  6, 2016"
3744,Corpus Christi International,Corpus Christi,United States,CRP,KCRP,27.770361,-97.501222,44,-6,A,"Corpus Christi, TX",256,256,262,263,4.632812500000002,13.15625,17.0,45.0,"Sun, May 15, 2016","Fri, May 27, 2016"
4285,Yeager,Charleston,United States,CRW,KCRW,38.373147,-81.593189,981,-5,A,"Charleston/Dunbar, WV",233,232,236,236,3.523605150214592,14.331896551724139,18.0,36.0,"Wed, May 18, 2016","Wed, May  4, 2016"
4255,Columbus Metropolitan Airport,Columbus,United States,CSG,KCSG,32.5163333,-84.9388611,397,-5,A,"Columbus, GA",117,117,117,117,2.8119658119658117,11.98290598290598,5.0,34.0,"Thu, May 19, 2016","Mon, May 30, 2016"
3488,Cincinnati Northern Kentucky International,Cincinnati,United States,CVG,KCVG,39.048836,-84.667822,896,-5,A,"Cincinnati, OH",1465,1464,1470,1471,6.1160409556314015,14.836065573770487,40.0,69.0,"Tue, May 31, 2016","Sun, May  1, 2016"
4045,Central Wisconsin,Wassau,United States,CWA,KCWA,44.772726,-89.646635,840,-6,A,"Mosinee, WI",58,58,58,58,4.3275862068965525,10.017241379310345,9.0,29.0,"Sun, May  8, 2016","Thu, May 19, 2016"
3950,Daytona Beach International,Daytona Beach,United States,DAB,KDAB,29.179917,-81.058056,34,-5,A,"Daytona Beach, FL",179,179,179,179,3.564245810055866,13.972067039106143,10.0,51.0,"Sat, May 21, 2016","Fri, May 13, 2016"
3502,Dallas Love Field,Dallas,United States,DAL,KDAL,32.847111,-96.851778,487,-6,A,"Dallas, TX",5701,5710,5767,5767,5.935976144536058,12.07040280210158,70.0,130.0,"Mon, May 23, 2016","Mon, May 23, 2016"
3627,James M. Cox Dayton International,Dayton,United States,DAY,KDAY,39.902375,-84.219375,1009,-5,A,"Dayton, OH",517,516,522,521,6.441005802707932,14.627906976744184,39.0,54.0,"Sun, May 15, 2016","Mon, May 23, 2016"
3520,Ronald Reagan Washington National,Washington,United States,DCA,KDCA,38.852083,-77.037722,15,-5,A,"Washington, DC",6778,6783,6841,6841,6.628799055768668,19.95650891935717,75.0,158.0,"Fri, May 13, 2016","Thu, May  5, 2016"
3751,Denver International,Denver,United States,DEN,KDEN,39.861656,-104.673178,5431,-7,A,"Denver, CO",18968,18987,19043,19060,8.538169548713682,15.147258650655719,125.0,114.0,"Thu, May 26, 2016","Tue, May 10, 2016"
3670,Dallas Fort Worth International,Dallas-fort Worth,United States,DFW,KDFW,32.896828,-97.037997,607,-6,A,"Dallas/Fort Worth, TX",16419,16389,16554,16544,11.69657104573971,18.182866556836963,158.0,139.0,"Tue, May 31, 2016","Thu, May 26, 2016"
3739,Dothan Regional,Dothan,United States,DHN,KDHN,31.321339,-85.449628,401,-6,A,"Dothan, AL",118,118,118,118,3.364406779661017,14.042372881355936,6.0,41.0,"Sat, May 14, 2016","Thu, May 19, 2016"
3598,Duluth International,Duluth,United States,DLH,KDLH,46.842091,-92.193649,1428,-6,A,"Duluth, MN",232,232,232,232,5.581896551724136,14.060344827586206,53.0,38.0,"Fri, May  6, 2016","Tue, May 24, 2016"
3713,Durango La Plata County,Durango,United States,DRO,KDRO,37.151516,-107.75377,6685,-7,A,"Durango, CO",238,239,240,241,4.857142857142855,14.99163179916318,27.0,113.0,"Fri, May 20, 2016","Wed, May 11, 2016"
3729,Des Moines International,Des Moines,United States,DSM,KDSM,41.533972,-93.663083,958,-6,A,"Des Moines, IA",681,679,683,682,5.932452276064607,12.674521354933715,63.0,55.0,"Tue, May 31, 2016","Mon, May  2, 2016"
3645,Detroit Metro Wayne County,Detroit,United States,DTW,KDTW,42.212444,-83.353389,645,-5,A,"Detroit, MI",11114,11120,11134,11138,6.67095555155659,16.461510791366877,57.0,113.0,"Thu, May 12, 2016","Thu, May 12, 2016"
7063,Devils Lake Regional Airport,Devils Lake,United States,DVL,KDVL,48.114444,-98.908611,1445,-6,A,"Devils Lake, ND",49,48,49,48,5.081632653061225,16.020833333333332,8.0,89.0,"Sun, May 22, 2016","Mon, May 16, 2016"
5735,Chippewa Valley Regional Airport,Eau Claire,United States,EAU,KEAU,44.8658,-91.4843,913,-6,A,"Eau Claire, WI",57,57,58,58,3.4035087719298245,11.210526315789474,6.0,23.0,"Fri, May 13, 2016","Sun, May 15, 2016"
7669,Northwest Florida Beaches International,Panama City,United States,ECP,KECP,30.3417,-85.7973,69,-6,A,"Panama City, FL",410,409,411,411,3.6804878048780476,12.075794621026894,45.0,75.0,"Sat, May 28, 2016","Sun, May 15, 2016"
4250,Eagle County Regional,Vail,United States,EGE,KEGE,39.642556,-106.917694,6540,-7,A,"Eagle, CO",31,31,31,31,4.193548387096774,19.258064516129032,7.0,35.0,"Thu, May  5, 2016","Sat, May 28, 2016"
5736,Elko Regional Airport,Elko,United States,EKO,KEKO,40.8249,-115.792,5140,-8,A,"Elko, NV",53,53,53,53,4.679245283018868,12.226415094339623,7.0,28.0,"Tue, May 31, 2016","Sun, May 22, 2016"
3946,Elmira Corning Regional,Elmira,United States,ELM,KELM,42.159889,-76.891611,954,-5,A,"Elmira/Corning, NY",150,150,150,150,3.34,14.746666666666666,11.0,74.0,"Sun, May  8, 2016","Mon, May 30, 2016"
3559,El Paso International,El Paso,United States,ELP,KELP,31.80725,-106.377583,3958,-7,A,"El Paso, TX",913,913,916,916,4.5027382256297965,11.963855421686743,22.0,30.0,"Mon, May  2, 2016","Thu, May  5, 2016"
4276,Erie International-Tom Ridge Field,Erie,United States,ERI,KERI,42.082022,-80.176217,733,-5,A,"Erie, PA",57,57,57,57,4.8421052631578965,14.859649122807017,12.0,39.0,"Mon, May 16, 2016","Fri, May 27, 2016"
6800,Delta County Airport,Escanaba,United States,ESC,KESC,45.722778,-87.093611,609,-5,A,"Escanaba, MI",53,53,53,53,4.39622641509434,10.660377358490566,8.0,31.0,"Sat, May 21, 2016","Wed, May  4, 2016"
4099,Mahlon Sweet Field,Eugene,United States,EUG,KEUG,44.124583,-123.211972,374,-8,A,"Eugene, OR",313,311,316,316,4.479233226837058,14.520900321543408,28.0,51.0,"Sun, May  8, 2016","Sat, May 21, 2016"
4018,Evansville Regional,Evansville,United States,EVV,KEVV,38.036997,-87.532364,418,-6,A,"Evansville, IN",257,258,259,258,3.9260700389105043,16.1124031007752,19.0,69.0,"Mon, May  2, 2016","Fri, May 20, 2016"
3730,Craven County Regional,New Bern,United States,EWN,KEWN,35.072972,-77.042944,18,-5,A,"New Bern/Morehead/Beaufort, NC",60,60,60,60,3.216666666666667,11.65,6.0,20.0,"Mon, May 30, 2016","Sun, May 22, 2016"
3494,Newark Liberty International,Newark,United States,EWR,KEWR,40.6925,-74.168667,18,-5,A,"Newark, NJ",9454,9456,9509,9499,9.459276496720955,20.87055837563452,100.0,128.0,"Wed, May 18, 2016","Thu, May 12, 2016"
3875,Key West International,Key West,United States,EYW,KEYW,24.556111,-81.759556,3,-5,A,"Key West, FL",158,158,158,158,2.860759493670886,10.196202531645561,10.0,26.0,"Sat, May  7, 2016","Sat, May 21, 2016"
3832,Fairbanks International,Fairbanks,United States,FAI,PAFA,64.815114,-147.856267,434,-9,A,"Fairbanks, AK",219,219,220,220,3.671232876712329,11.913242009132425,7.0,46.0,"Mon, May 23, 2016","Sun, May 22, 2016"
4292,Hector International Airport,Fargo,United States,FAR,KFAR,46.92065,-96.8157639,902,-6,A,"Fargo, ND",369,369,372,373,6.455284552845528,15.168021680216802,21.0,41.0,"Fri, May  6, 2016","Thu, May 12, 2016"
3687,Fresno Yosemite International,Fresno,United States,FAT,KFAT,36.776194,-119.71814,336,-8,A,"Fresno, CA",701,702,704,705,5.4251069900142666,15.06980056980057,31.0,91.0,"Mon, May 30, 2016","Tue, May  3, 2016"
5738,Fayetteville Regional-Grannis Field,Fayetteville,United States,FAY,KFAY,34.9912,-78.8803,189,-5,A,"Fayetteville, NC",144,144,144,144,5.013888888888889,13.666666666666664,73.0,30.0,"Wed, May 18, 2016","Fri, May 20, 2016"
4127,Glacier Park International,Kalispell,United States,FCA,KFCA,48.310472,-114.256,2977,-7,A,"Kalispell, MT",181,181,181,181,4.07182320441989,14.491712707182321,11.0,92.0,"Sat, May 14, 2016","Sun, May 29, 2016"
4261,Flagstaff Pulliam Airport,Flagstaff,United States,FLG,KFLG,35.140318,-111.6692392,7015,-7,N,"Flagstaff, AZ",158,158,159,159,4.037974683544305,16.544303797468356,11.0,46.0,"Mon, May  9, 2016","Sun, May  1, 2016"
3533,Fort Lauderdale Hollywood International,Fort Lauderdale,United States,FLL,KFLL,26.072583,-80.15275,9,-5,A,"Fort Lauderdale, FL",6805,6822,6832,6838,6.346509919177076,15.965845793022583,92.0,153.0,"Wed, May 18, 2016","Wed, May 18, 2016"
4089,Bishop International,Flint,United States,FNT,KFNT,42.965424,-83.743629,782,-5,A,"Flint, MI",331,331,333,333,4.075528700906346,11.712990936555904,13.0,40.0,"Mon, May  9, 2016","Thu, May 12, 2016"
4009,Sioux Falls,Sioux Falls,United States,FSD,KFSD,43.582014,-96.741914,1429,-6,A,"Sioux Falls, SD",368,366,371,370,4.730978260869562,14.918032786885245,19.0,75.0,"Wed, May 25, 2016","Mon, May 30, 2016"
3437,Fort Smith Regional,Fort Smith,United States,FSM,KFSM,35.336583,-94.367444,469,-6,A,"Fort Smith, AR",89,89,89,89,3.7752808988764044,12.80898876404495,7.0,50.0,"Sun, May  1, 2016","Sun, May 29, 2016"
4041,Fort Wayne,Fort Wayne,United States,FWA,KFWA,40.978472,-85.195139,815,-5,A,"Fort Wayne, IN",379,379,381,380,5.622691292875992,15.493403693931398,19.0,76.0,"Mon, May 30, 2016","Wed, May 11, 2016"
4296,Gillette-Campbell County Airport,Gillette,United States,GCC,KGCC,44.3489167,-105.5393611,4365,-7,A,"Gillette, WY",88,88,88,88,4.94318181818182,13.102272727272727,7.0,27.0,"Fri, May 27, 2016","Sat, May 14, 2016"
3467,Spokane International,Spokane,United States,GEG,KGEG,47.619861,-117.533833,2376,-8,A,"Spokane, WA",787,786,787,787,4.052096569250317,11.295165394402035,19.0,37.0,"Sun, May  8, 2016","Fri, May 27, 2016"
3442,Grand Forks International,Grand Forks,United States,GFK,KGFK,47.949256,-97.176111,845,-6,A,"Grand Forks, ND",84,84,84,84,4.285714285714285,15.023809523809524,9.0,42.0,"Thu, May  5, 2016","Wed, May 11, 2016"
3465,East Texas Regional,Longview,United States,GGG,KGGG,32.384014,-94.711486,365,-6,A,"Longview, TX",50,50,53,53,4.4,9.980000000000004,16.0,20.0,"Tue, May 31, 2016","Tue, May 10, 2016"
4063,Grand Junction Regional,Grand Junction,United States,GJT,KGJT,39.122413,-108.526735,4858,-7,A,"Grand Junction, CO",325,324,326,325,3.609230769230769,15.407407407407382,9.0,102.0,"Thu, May 19, 2016","Mon, May 16, 2016"
3472,Gainesville Regional,Gainesville,United States,GNV,KGNV,29.690056,-82.271778,152,-5,A,"Gainesville, FL",200,200,200,200,3.365,13.28,7.0,54.0,"Tue, May 24, 2016","Fri, May  6, 2016"
4038,Gulfport-Biloxi,Gulfport,United States,GPT,KGPT,30.407278,-89.070111,28,-6,A,"Gulfport/Biloxi, MS",261,261,265,265,4.505747126436781,13.858237547892717,10.0,53.0,"Sat, May 21, 2016","Thu, May 19, 2016"
3653,Austin Straubel International,Green Bay,United States,GRB,KGRB,44.485072,-88.129589,695,-6,A,"Green Bay, WI",327,328,329,328,4.186544342507643,11.804878048780486,10.0,84.0,"Thu, May 26, 2016","Wed, May 11, 2016"
3775,Robert Gray AAF,Killeen,United States,GRK,KGRK,31.06725,-97.828917,1015,-6,A,"Killeen, TX",135,136,137,139,4.140740740740742,14.044117647058824,8.0,33.0,"Tue, May 24, 2016","Mon, May 16, 2016"
3685,Gerald R. Ford International,Grand Rapids,United States,GRR,KGRR,42.880833,-85.522806,794,-5,A,"Grand Rapids, MI",825,824,827,827,4.580606060606057,12.237864077669904,32.0,72.0,"Sun, May 22, 2016","Wed, May 11, 2016"
4008,Piedmont Triad,Greensboro,United States,GSO,KGSO,36.09775,-79.937306,925,-5,A,"Greensboro/High Point, NC",554,554,557,558,4.66425992779784,16.18050541516245,37.0,116.0,"Thu, May  5, 2016","Mon, May  2, 2016"
4034,Greenville-Spartanburg International,Greenville,United States,GSP,KGSP,34.895556,-82.218889,964,-5,A,"Greer, SC",686,684,692,688,4.327988338192417,14.4780701754386,33.0,51.0,"Thu, May 12, 2016","Tue, May 10, 2016"
3880,Great Falls International,Great Falls,United States,GTF,KGTF,47.482,-111.370689,3677,-7,A,"Great Falls, MT",117,117,117,117,4.068376068376068,12.735042735042734,17.0,33.0,"Thu, May 26, 2016","Tue, May 31, 2016"
4273,Golden Triangle Regional Airport,Columbus Mississippi,United States,GTR,KGTR,33.450333,-88.591361,264,-6,A,"Columbus, MS",89,89,89,89,3.1235955056179776,15.213483146067418,6.0,53.0,"Fri, May 13, 2016","Fri, May 20, 2016"
4339,Yampa Valley,Hayden,United States,HDN,KHDN,40.481181,-107.21766,6602,-7,A,"Hayden, CO",31,31,31,31,3.6774193548387095,23.032258064516128,7.0,50.0,"Sat, May 14, 2016","Sat, May 14, 2016"
3650,Chisholm Hibbing,Hibbing,United States,HIB,KHIB,47.3866,-92.838994,1353,-6,A,"Hibbing, MN",83,83,84,84,6.3012048192771095,13.771084337349395,21.0,39.0,"Tue, May 31, 2016","Sat, May 28, 2016"
3504,Helena Regional,Helena,United States,HLN,KHLN,46.606806,-111.98275,3877,-7,A,"Helena, MT",145,146,145,146,3.731034482758621,13.109589041095893,25.0,29.0,"Fri, May  6, 2016","Wed, May 11, 2016"
3728,Honolulu International,Honolulu,United States,HNL,PHNL,21.318681,-157.922428,13,-10,N,"Honolulu, HI",3984,3989,3997,3999,7.181475903614453,15.06994234143896,84.0,68.0,"Sat, May 28, 2016","Sat, May 28, 2016"
3749,Lea County Regional,Hobbs,United States,HOB,KHOB,32.687528,-103.217028,3661,-7,A,"Hobbs, NM",53,54,56,57,6.037735849056604,9.2037037037037,11.0,23.0,"Thu, May  5, 2016","Fri, May 13, 2016"
3566,William P. Hobby,Houston,United States,HOU,KHOU,29.645419,-95.278889,46,-6,A,"Houston, TX",4381,4388,4433,4433,6.132389865327547,11.15929808568822,79.0,116.0,"Fri, May 27, 2016","Sat, May 14, 2016"
3589,Westchester County,White Plains,United States,HPN,KHPN,41.066959,-73.707575,439,-5,A,"White Plains, NY",602,601,606,606,6.808970099667777,16.494176372712143,39.0,55.0,"Wed, May 18, 2016","Fri, May 27, 2016"
3560,Valley International,Harlingen,United States,HRL,KHRL,26.2285,-97.654389,36,-6,A,"Harlingen/San Benito, TX",257,259,260,260,2.9688715953307394,10.776061776061775,6.0,47.0,"Fri, May 13, 2016","Fri, May 27, 2016"
4113,Huntsville International Airport-Carl T. Jones Field,Huntsville,United States,HSV,KHSV,34.6371944,-86.7750556,629,-6,A,"Huntsville, AL",344,345,347,348,4.453488372093022,16.281159420289853,27.0,53.0,"Wed, May 25, 2016","Mon, May  2, 2016"
4278,Barnstable Municipal-Boardman Polando Field,Barnstable,United States,HYA,KHYA,41.669336,-70.280356,55,-5,A,"Hyannis, MA",15,15,15,15,3.7333333333333334,9.466666666666667,7.0,21.0,"Sun, May 22, 2016","Fri, May 27, 2016"
7014,Hays Regional Airport,Hays,United States,HYS,KHYS,38.8422,-99.2732,1998,-5,A,"Hays, KS",51,51,53,53,4.686274509803924,13.294117647058824,14.0,32.0,"Sat, May 21, 2016","Fri, May 20, 2016"
3714,Washington Dulles International,Washington,United States,IAD,KIAD,38.944533,-77.455811,313,-5,A,"Washington, DC",2912,2910,2921,2919,6.454670329670332,17.421305841924415,77.0,150.0,"Tue, May 17, 2016","Mon, May  2, 2016"
3630,Niagara Falls International,Niagara Falls,United States,IAG,KIAG,43.107333,-78.946194,589,-5,A,"Niagara Falls, NY",24,24,26,26,6.666666666666667,11.708333333333334,10.0,27.0,"Sat, May 14, 2016","Wed, May 25, 2016"
3550,George Bush Intercontinental Houston,Houston,United States,IAH,KIAH,29.984433,-95.341442,97,-6,A,"Houston, TX",11645,11643,11854,11840,9.559124087591316,17.942454693807324,247.0,149.0,"Fri, May 27, 2016","Fri, May 27, 2016"
3457,Wichita Mid Continent,Wichita,United States,ICT,KICT,37.649944,-97.433056,1333,-6,A,"Wichita, KS",617,616,619,619,4.752025931928684,12.663961038961032,16.0,82.0,"Sun, May 22, 2016","Wed, May 11, 2016"
4100,Idaho Falls Regional,Idaho Falls,United States,IDA,KIDA,43.514556,-112.07075,4744,-7,A,"Idaho Falls, ID",206,206,206,206,4.160194174757286,12.854368932038833,9.0,36.0,"Thu, May 12, 2016","Sat, May 28, 2016"
3845,Wilmington International,Wilmington,United States,ILM,KILM,34.270615,-77.902569,32,-5,A,"Wilmington, NC",178,179,179,179,3.578651685393258,13.81564245810056,12.0,71.0,"Thu, May 12, 2016","Sat, May 14, 2016"
6837,Ford Airport,Iron Mountain,United States,IMT,KIMT,45.8183611,-88.1145556,1182,-5,A,"Iron Mountain/Kingsfd, MI",58,57,58,57,4.603448275862067,13.526315789473685,12.0,25.0,"Mon, May 23, 2016","Wed, May 18, 2016"
3585,Indianapolis International,Indianapolis,United States,IND,KIND,39.717331,-86.294383,797,-5,A,"Indianapolis, IN",2441,2438,2452,2450,5.569029086439991,12.846185397867087,35.0,111.0,"Tue, May 31, 2016","Fri, May 27, 2016"
3535,Falls International,International Falls,United States,INL,KINL,48.566186,-93.403067,1185,-6,A,"International Falls, MN",53,53,53,53,4.245283018867927,14.433962264150948,14.0,39.0,"Thu, May 19, 2016","Fri, May 27, 2016"
3659,Sloulin Field International,Williston,United States,ISN,KISN,48.177939,-103.642347,1982,-7,A,"Williston, ND",149,149,149,149,4.973154362416106,17.48993288590604,11.0,47.0,"Fri, May 27, 2016","Sun, May  1, 2016"
3857,Long Island MacArthur,Islip,United States,ISP,KISP,40.79525,-73.100222,99,-5,A,"Islip, NY",444,443,444,445,4.556306306306312,9.370203160270878,10.0,63.0,"Fri, May 13, 2016","Mon, May  2, 2016"
3947,Ithaca Tompkins Regional,Ithaca,United States,ITH,KITH,42.491028,-76.458444,1099,-5,A,"Ithaca/Cortland, NY",86,86,86,86,3.7906976744186047,20.52325581395348,9.0,40.0,"Mon, May 23, 2016","Tue, May 10, 2016"
3415,Hilo International,Hilo,United States,ITO,PHTO,19.721375,-155.048469,38,-10,N,"Hilo, HI",516,515,516,516,5.3275193798449605,8.831067961165035,18.0,22.0,"Sat, May 28, 2016","Tue, May 31, 2016"
4027,Jackson Hole Airport,Jacksn Hole,United States,JAC,KJAC,43.60733333,-110.73775,6451,-7,A,"Jackson, WY",185,185,185,185,3.562162162162162,14.810810810810809,16.0,78.0,"Fri, May 20, 2016","Fri, May  6, 2016"
3580,Jackson Evers International,Jackson,United States,JAN,KJAN,32.311167,-90.075889,346,-6,A,"Jackson/Vicksburg, MS",432,433,437,437,4.229166666666663,13.524249422632794,34.0,41.0,"Mon, May 23, 2016","Sun, May  1, 2016"
3712,Jacksonville International,Jacksonville,United States,JAX,KJAX,30.494056,-81.687861,30,-5,A,"Jacksonville, FL",1595,1594,1599,1599,4.955485893416933,13.495608531994986,31.0,106.0,"Sun, May  1, 2016","Mon, May  2, 2016"
3797,John F. Kennedy International,New York,United States,JFK,KJFK,40.639751,-73.778925,13,-5,A,"New York, NY",8344,8343,8364,8356,8.476270373921391,24.25338607215633,51.0,108.0,"Thu, May 12, 2016","Mon, May  2, 2016"
4354,Joplin Regional,Joplin,United States,JLN,KJLN,37.151814,-94.498269,981,-6,A,"Joplin, MO",62,62,62,62,4.467741935483871,13.32258064516129,9.0,65.0,"Thu, May  5, 2016","Tue, May  3, 2016"
5745,Jamestown Regional Airport,Jamestown,United States,JMS,KJMS,46.9297,-98.6782,1498,-6,A,"Jamestown, ND",75,75,75,75,4.466666666666664,14.306666666666667,7.0,94.0,"Fri, May  6, 2016","Sun, May 22, 2016"
3492,Juneau International,Juneau,United States,JNU,PAJN,58.354972,-134.576278,21,-9,A,"Juneau, AK",391,390,391,391,3.7749360613810743,11.70512820512821,10.0,47.0,"Sat, May 21, 2016","Wed, May 25, 2016"
3514,Kona International At Keahole,Kona,United States,KOA,PHKO,19.738767,-156.045631,47,-10,N,"Kona, HI",993,990,994,994,5.058408862034241,10.306060606060603,13.0,35.0,"Thu, May  5, 2016","Tue, May 31, 2016"
3808,Ketchikan International,Ketchikan,United States,KTN,PAKT,55.355556,-131.71375,88,-9,A,"Ketchikan, AK",215,215,215,215,3.972093023255814,10.418604651162793,16.0,32.0,"Fri, May 13, 2016","Sun, May 15, 2016"
3544,Capital City,Lansing,United States,LAN,KLAN,42.7787,-84.587357,861,-5,A,"Lansing, MI",167,169,170,171,4.538922155688623,11.923076923076923,16.0,42.0,"Wed, May 11, 2016","Fri, May 27, 2016"
5746,Laramie Regional Airport,Laramie,United States,LAR,KLAR,41.3121,-105.675,7284,-7,A,"Laramie, WY",50,50,53,53,4.400000000000002,14.68,9.0,61.0,"Mon, May 16, 2016","Tue, May 24, 2016"
3877,McCarran International,Las Vegas,United States,LAS,KLAS,36.080056,-115.15225,2141,-8,A,"Las Vegas, NV",12891,12895,12939,12944,7.009851834613291,14.369678169833268,67.0,126.0,"Tue, May 31, 2016","Fri, May 20, 2016"
4256,Lawton-Fort Sill Regional Airport,Lawton,United States,LAW,KLAW,34.5677144,-98.4166367,1110,-6,A,"Lawton/Fort Sill, OK",64,64,65,65,3.921875,10.218750000000002,7.0,50.0,"Fri, May 13, 2016","Sat, May 14, 2016"
3484,Los Angeles International,Los Angeles,United States,LAX,KLAX,33.942536,-118.408075,126,-8,A,"Los Angeles, CA",17557,17564,17693,17692,11.842285128438787,16.377818264632108,81.0,183.0,"Thu, May 26, 2016","Mon, May 16, 2016"
3829,Lubbock Preston Smith International,Lubbock,United States,LBB,KLBB,33.663639,-101.822778,3282,-6,A,"Lubbock, TX",374,375,379,379,5.1417112299465195,11.629333333333339,11.0,43.0,"Mon, May  9, 2016","Sun, May 15, 2016"
5747,Arnold Palmer Regional Airport,Latrobe,United States,LBE,KLBE,40.2759,-79.4048,1185,-5,A,"Latrobe, PA",84,84,85,85,6.380952380952381,11.404761904761905,15.0,37.0,"Mon, May 23, 2016","Sun, May 22, 2016"
3513,Lake Charles Regional,Lake Charles,United States,LCH,KLCH,30.126112,-93.223335,15,-6,A,"Lake Charles, LA",101,103,104,105,5.821782178217822,11.902912621359226,24.0,45.0,"Sun, May 15, 2016","Mon, May 30, 2016"
4017,Blue Grass,Lexington KY,United States,LEX,KLEX,38.0365,-84.605889,979,-5,A,"Lexington, KY",409,411,412,411,4.647921760391198,15.158150851581508,19.0,66.0,"Sun, May  8, 2016","Mon, May 16, 2016"
3493,Lafayette Regional,Lafayette,United States,LFT,KLFT,30.205278,-91.987611,43,-6,A,"Lafayette, LA",247,246,251,251,5.773279352226722,14.109756097560973,33.0,42.0,"Thu, May  5, 2016","Thu, May 19, 2016"
3697,LaGuardia Airport,New York,United States,LGA,KLGA,40.777245,-73.872608,22,-5,A,"New York, NY",7965,7962,8036,8032,7.997112366603913,26.524240140668173,67.0,117.0,"Mon, May 16, 2016","Tue, May 24, 2016"
3582,Long Beach,Long Beach,United States,LGB,KLGB,33.817722,-118.151611,60,-8,A,"Long Beach, CA",851,848,859,858,3.7121034077555812,12.04245283018868,9.0,64.0,"Sat, May 14, 2016","Fri, May  6, 2016"
3602,Lihue,Lihue,United States,LIH,PHLI,21.975983,-159.338958,153,-10,N,"Lihue, HI",974,967,977,975,5.729979466119097,8.37331954498449,27.0,42.0,"Sat, May 21, 2016","Tue, May 24, 2016"
3660,Adams Field,Little Rock,United States,LIT,KLIT,34.729444,-92.224306,262,-6,A,"Little Rock, AR",740,739,743,743,4.629729729729725,12.780784844384304,30.0,59.0,"Sat, May 14, 2016","Sun, May 15, 2016"
3543,Lincoln,Lincoln,United States,LNK,KLNK,40.850971,-96.75925,1219,-6,A,"Lincoln, NE",290,291,295,295,4.200000000000002,12.838487972508592,26.0,81.0,"Sun, May  8, 2016","Sun, May  8, 2016"
3691,Laredo International,Laredo,United States,LRD,KLRD,27.54375,-99.461556,508,-6,A,"Laredo, TX",196,196,202,201,3.9489795918367343,13.438775510204081,11.0,57.0,"Wed, May 18, 2016","Thu, May 26, 2016"
4044,LaCrosse Municipal,LaCrosse,United States,LSE,KLSE,43.878986,-91.256711,654,-6,A,"La Crosse, WI",88,87,88,87,3.636363636363637,13.850574712643677,6.0,35.0,"Mon, May  2, 2016","Sun, May 15, 2016"
3945,Lewiston Nez Perce County,Lewiston,United States,LWS,KLWS,46.3745,-117.015389,1442,-8,A,"Lewiston, ID",59,59,59,59,4.542372881355932,10.661016949152541,10.0,20.0,"Fri, May 27, 2016","Mon, May  2, 2016"
3652,Midland International,Midland,United States,MAF,KMAF,31.942528,-102.201914,2871,-6,A,"Midland/Odessa, TX",491,494,502,503,4.303462321792263,10.874493927125506,23.0,28.0,"Sun, May 29, 2016","Thu, May 26, 2016"
4128,MBS International,Saginaw,United States,MBS,KMBS,43.532913,-84.079647,668,-5,A,"Saginaw/Bay City/Midland, MI",94,93,95,95,4.180851063829786,13.258064516129032,7.0,57.0,"Sun, May 29, 2016","Sun, May  1, 2016"
3458,Kansas City International,Kansas City,United States,MCI,KMCI,39.297606,-94.713905,1026,-6,A,"Kansas City, MO",3870,3865,3902,3902,6.058656330749356,12.396895213454082,85.0,118.0,"Sat, May  7, 2016","Wed, May 11, 2016"
3878,Orlando International,Orlando,United States,MCO,KMCO,28.429394,-81.308994,96,-5,A,"Orlando, FL",10494,10509,10546,10550,8.884505431675262,14.171852697687703,54.0,140.0,"Thu, May 19, 2016","Mon, May  2, 2016"
3542,Harrisburg International,Harrisburg,United States,MDT,KMDT,40.193494,-76.763403,310,-5,A,"Harrisburg, PA",252,251,254,253,4.519841269841272,13.589641434262948,11.0,39.0,"Fri, May  6, 2016","Thu, May 12, 2016"
3747,Chicago Midway International,Chicago,United States,MDW,KMDW,41.785972,-87.752417,620,-6,A,"Chicago, IL",7450,7460,7546,7546,6.066442953020146,12.175871313672927,67.0,137.0,"Wed, May 25, 2016","Wed, May 25, 2016"
4335,Key Field,Meridian,United States,MEI,KMEI,32.332624,-88.751868,297,-6,A,"Meridian, MS",84,84,84,84,3.607142857142857,12.166666666666666,6.0,33.0,"Mon, May  9, 2016","Mon, May 23, 2016"
3473,Memphis International,Memphis,United States,MEM,KMEM,35.042417,-89.976667,341,-6,A,"Memphis, TN",1171,1166,1173,1170,5.461144321093084,14.870497427101201,57.0,92.0,"Wed, May 25, 2016","Tue, May 31, 2016"
3826,McAllen Miller International,Mcallen,United States,MFE,KMFE,26.175833,-98.238611,107,-6,A,"Mission/McAllen/Edinburg, TX",192,193,197,198,4.739583333333335,11.093264248704665,9.0,35.0,"Wed, May 25, 2016","Tue, May  3, 2016"
4101,Rogue Valley International Medford,Medford,United States,MFR,KMFR,42.374228,-122.8735,1335,-8,A,"Medford, OR",265,264,267,266,4.920754716981134,14.704545454545455,27.0,64.0,"Sun, May 22, 2016","Wed, May 11, 2016"
4115,Montgomery Regional Airport ,MONTGOMERY,United States,MGM,KMGM,32.3006389,-86.3939722,221,-6,A,"Montgomery, AL",208,208,208,208,3.3317307692307705,14.899038461538462,15.0,43.0,"Thu, May  5, 2016","Wed, May 25, 2016"
4011,Manchester Regional Airport,Manchester NH,United States,MHT,KMHT,42.932556,-71.435667,266,-5,A,"Manchester, NH",668,667,670,669,5.122754491017969,12.000000000000014,30.0,48.0,"Sat, May 21, 2016","Thu, May 19, 2016"
3576,Miami International,Miami,United States,MIA,KMIA,25.79325,-80.290556,8,-5,A,"Miami, FL",6084,6088,6112,6114,9.703155818540417,19.369908015768793,92.0,159.0,"Sat, May  7, 2016","Wed, May  4, 2016"
3717,General Mitchell International,Milwaukee,United States,MKE,KMKE,42.947222,-87.896583,723,-6,A,"Milwaukee, WI",2756,2755,2766,2766,4.872641509433968,12.58511796733214,39.0,92.0,"Fri, May 27, 2016","Sun, May  8, 2016"
5754,Muskegon County Airport,Muskegon,United States,MKG,KMKG,43.1695,-86.2382,628,-5,A,"Muskegon, MI",57,57,58,58,4.684210526315792,13.26315789473684,20.0,28.0,"Wed, May 11, 2016","Thu, May 19, 2016"
3671,Melbourne International,Melbourne,United States,MLB,KMLB,28.102753,-80.645258,33,-5,A,"Melbourne, FL",143,143,143,143,4.573426573426571,14.0,39.0,31.0,"Tue, May 17, 2016","Tue, May 17, 2016"
4072,Quad City International,Moline,United States,MLI,KMLI,41.448528,-90.507539,590,-6,A,"Moline, IL",261,262,263,264,3.896551724137931,14.305343511450381,12.0,96.0,"Thu, May 12, 2016","Wed, May 11, 2016"
3732,Monroe Regional,Monroe,United States,MLU,KMLU,32.510864,-92.037689,79,-6,A,"Monroe, LA",278,277,280,279,4.402877697841726,12.783393501805055,16.0,59.0,"Sat, May 28, 2016","Sun, May 15, 2016"
3782,Mobile Regional,Mobile,United States,MOB,KMOB,30.691231,-88.242814,219,-6,A,"Mobile, AL",387,387,391,391,3.9250645994832034,15.317829457364342,14.0,68.0,"Sun, May 22, 2016","Sun, May 15, 2016"
3498,Minot International,Minot,United States,MOT,KMOT,48.259378,-101.280333,1716,-6,A,"Minot, ND",202,202,202,202,4.737623762376235,15.425742574257425,7.0,61.0,"Fri, May  6, 2016","Tue, May 10, 2016"
6838,Sawyer International Airport,Marquette,United States,MQT,KMQT,46.353611,-87.395278,1221,-5,A,"Marquette, MI",57,57,57,57,5.0,15.508771929824562,8.0,31.0,"Tue, May 24, 2016","Fri, May 20, 2016"
3948,Monterey Peninsula,Monterey,United States,MRY,KMRY,36.587,-121.842944,257,-8,A,"Monterey, CA",209,209,212,212,3.636363636363636,15.105263157894736,24.0,47.0,"Wed, May  4, 2016","Mon, May 23, 2016"
3459,Dane County Regional-Truax Field,Madison,United States,MSN,KMSN,43.139858,-89.337514,887,-6,A,"Madison, WI",582,584,586,586,4.8659793814433,12.693493150684933,47.0,66.0,"Thu, May 12, 2016","Fri, May  6, 2016"
4216,Missoula International,Missoula,United States,MSO,KMSO,46.916306,-114.090556,3205,-7,A,"Missoula, MT",238,237,239,239,5.294117647058825,14.10548523206751,20.0,36.0,"Sat, May 21, 2016","Wed, May 11, 2016"
3858,Minneapolis St. Paul International,Minneapolis,United States,MSP,KMSP,44.881956,-93.221767,841,-6,A,"Minneapolis, MN",10976,10984,11000,11005,5.38174198250729,16.413055353241035,72.0,114.0,"Fri, May 27, 2016","Sun, May 29, 2016"
3861,Louis Armstrong New Orleans International,New Orleans,United States,MSY,KMSY,29.993389,-90.258028,4,-6,A,"New Orleans, LA",3921,3923,3939,3942,5.005610813567973,11.59546265613051,59.0,108.0,"Fri, May  6, 2016","Fri, May  6, 2016"
6880,Montrose Regional Airport,Montrose CO,United States,MTJ,KMTJ,38.509794,-107.894242,5759,-7,A,"Montrose/Delta, CO",32,31,32,31,3.65625,11.935483870967742,6.0,26.0,"Wed, May  4, 2016","Mon, May  9, 2016"
4265,Martha's Vineyard,Vineyard Haven MA,United States,MVY,KMVY,41.391667,-70.615278,67,-5,A,"Martha's Vineyard, MA",31,31,31,31,2.903225806451613,10.677419354838712,4.0,41.0,"Thu, May 12, 2016","Mon, May 16, 2016"
3515,Myrtle Beach International,Myrtle Beach,United States,MYR,KMYR,33.67975,-78.928333,25,-5,A,"Myrtle Beach, SC",600,598,604,604,4.846666666666667,11.535117056856183,32.0,69.0,"Sat, May  7, 2016","Thu, May 12, 2016"
4386,Albert J. Ellis,Jacksonville NC,United States,OAJ,KOAJ,34.829164,-77.612139,94,-5,A,"Jacksonville/Camp Lejeune, NC",116,116,117,117,3.7241379310344827,14.931034482758621,18.0,44.0,"Thu, May 12, 2016","Sun, May  1, 2016"
3453,Metropolitan Oakland International,Oakland,United States,OAK,KOAK,37.721278,-122.220722,9,-8,A,"Oakland, CA",3994,3992,4034,4035,6.635202804206309,10.846943887775547,90.0,104.0,"Sun, May 22, 2016","Fri, May  6, 2016"
3456,Kahului,Kahului,United States,OGG,PHOG,20.89865,-156.430458,54,-10,N,"Kahului, HI",1895,1889,1899,1898,6.267546174142477,9.366860772895734,68.0,35.0,"Tue, May 24, 2016","Mon, May 23, 2016"
3863,Will Rogers World,Oklahoma City,United States,OKC,KOKC,35.393089,-97.600733,1295,-6,A,"Oklahoma City, OK",1297,1297,1301,1303,4.804934464148034,11.798766383962981,57.0,68.0,"Tue, May 10, 2016","Sat, May 14, 2016"
3454,Eppley Airfield,Omaha,United States,OMA,KOMA,41.303167,-95.894069,984,-6,A,"Omaha, NE",1492,1491,1499,1499,5.065683646112598,12.754527162977862,30.0,59.0,"Wed, May 25, 2016","Wed, May 11, 2016"
3615,Nome,Nome,United States,OME,PAOM,64.512203,-165.445247,37,-9,A,"Nome, AK",60,61,61,61,3.6333333333333333,6.229508196721312,7.0,24.0,"Wed, May 18, 2016","Wed, May 25, 2016"
3734,Ontario International,Ontario,United States,ONT,KONT,34.056,-117.601194,944,-8,A,"Ontario, CA",1728,1727,1738,1739,4.657986111111113,11.566299942096121,42.0,84.0,"Sun, May  8, 2016","Mon, May 23, 2016"
3830,Chicago O'Hare International,Chicago,United States,ORD,KORD,41.978603,-87.904842,668,-6,A,"Chicago, IL",21367,21404,21579,21602,13.640660832124254,19.3410110259765,167.0,157.0,"Tue, May 31, 2016","Tue, May 31, 2016"
3611,Norfolk International,Norfolk,United States,ORF,KORF,36.894611,-76.201222,26,-5,A,"Norfolk, VA",968,963,969,967,4.273760330578514,12.865005192107988,17.0,49.0,"Sun, May 15, 2016","Mon, May  2, 2016"
6426,Worcester Regional Airport,Worcester,United States,ORH,KORH,42.2673,-71.8757,1009,-5,U,"Worcester, MA",62,62,62,62,3.4193548387096775,11.629032258064518,8.0,48.0,"Fri, May 20, 2016","Thu, May  5, 2016"
5757,Southwest Oregon Regional Airport,North Bend,United States,OTH,KOTH,43.4171,-124.246,17,-8,A,"North Bend/Coos Bay, OR",17,17,18,18,3.823529411764706,14.764705882352942,5.0,22.0,"Sun, May 29, 2016","Thu, May 26, 2016"
3693,Ralph Wien Memorial,Kotzebue,United States,OTZ,PAOT,66.884678,-162.59855,11,-9,A,"Kotzebue, AK",60,60,62,62,3.9,5.749999999999999,7.0,12.0,"Wed, May 18, 2016","Wed, May  4, 2016"
4117,Barkley Regional Airport,PADUCAH,United States,PAH,KPAH,37.0602875,-88.7729583,410,-6,A,"Paducah, KY",57,58,58,58,4.157894736842106,10.258620689655174,10.0,37.0,"Mon, May  9, 2016","Thu, May 12, 2016"
3771,Plattsburgh International,Plattsburgh,United States,PBG,KPBG,44.650944,-73.468139,234,-5,A,"Plattsburgh, NY",27,27,27,27,6.0,15.592592592592593,12.0,49.0,"Thu, May 26, 2016","Thu, May  5, 2016"
3722,Palm Beach International,West Palm Beach,United States,PBI,KPBI,26.683161,-80.095589,19,-5,A,"West Palm Beach/Palm Beach, FL",1898,1898,1898,1902,4.46153846153846,13.463645943097998,52.0,98.0,"Tue, May  3, 2016","Wed, May  4, 2016"
3720,Portland International,Portland,United States,PDX,KPDX,45.588722,-122.5975,30,-8,A,"Portland, OR",4957,4948,4967,4959,4.198910631430302,12.428253839935328,43.0,56.0,"Fri, May 13, 2016","Wed, May 11, 2016"
3633,Newport News Williamsburg International,Newport News,United States,PHF,KPHF,37.131894,-76.492989,43,-5,A,"Newport News/Williamsburg, VA",93,93,93,93,4.311827956989249,12.064516129032258,8.0,27.0,"Thu, May 12, 2016","Thu, May 12, 2016"
3752,Philadelphia International,Philadelphia,United States,PHL,KPHL,39.871944,-75.241139,36,-5,A,"Philadelphia, PA",6420,6431,6445,6448,7.3761682242990645,21.081635826465504,61.0,136.0,"Sat, May 21, 2016","Mon, May  2, 2016"
3462,Phoenix Sky Harbor International,Phoenix,United States,PHX,KPHX,33.434278,-112.011583,1135,-7,N,"Phoenix, AZ",13618,13639,13670,13670,7.472095755617558,14.848302661485455,62.0,127.0,"Sun, May  8, 2016","Thu, May 26, 2016"
4046,Peoria Regional,Peoria,United States,PIA,KPIA,40.664203,-89.693258,660,-6,A,"Peoria, IL",266,265,271,271,4.849624060150376,15.943396226415098,17.0,90.0,"Thu, May 19, 2016","Thu, May 12, 2016"
5759,Hattiesburg Laurel Regional Airport,Hattiesburg/Laurel,United States,PIB,KPIB,31.4671,-89.3371,298,-6,A,"Hattiesburg/Laurel, MS",53,53,53,53,3.7358490566037736,12.037735849056604,10.0,46.0,"Tue, May 10, 2016","Fri, May 13, 2016"
5760,Pocatello Regional Airport,Pocatello,United States,PIH,KPIH,42.9098,-112.596,4452,-7,A,"Pocatello, ID",81,81,81,81,3.950617283950617,11.481481481481485,7.0,42.0,"Tue, May 17, 2016","Tue, May 10, 2016"
3570,Pittsburgh International,Pittsburgh (pennsylva),United States,PIT,KPIT,40.491467,-80.232872,1204,-5,A,"Pittsburgh, PA",2145,2144,2150,2150,5.351515151515159,11.75699626865672,58.0,67.0,"Sun, May 22, 2016","Sun, May 22, 2016"
5762,Pellston Regional Airport of Emmet County Airport,Pellston,United States,PLN,KPLN,45.5709,-84.7967,720,-5,A,"Pellston, MI",87,88,87,88,5.172413793103448,12.0,10.0,27.0,"Thu, May 19, 2016","Sun, May 15, 2016"
3564,Pensacola Regional,Pensacola,United States,PNS,KPNS,30.473425,-87.186611,121,-6,A,"Pensacola, FL",497,498,499,500,4.295774647887323,13.220883534136547,14.0,42.0,"Fri, May 20, 2016","Sat, May 14, 2016"
6133,Tri Cities Airport,Pasco,United States,PSC,PSC,46.2647,-119.119,410,-8,A,"Pasco/Kennewick/Richland, WA",330,329,332,332,4.648484848484851,14.048632218844984,26.0,42.0,"Wed, May 11, 2016","Fri, May 13, 2016"
4147,Petersburg James A. Johnson,Petersburg,United States,PSG,PAPG,56.801667,-132.945278,105,-9,A,"Petersburg, AK",62,62,62,62,3.6451612903225805,7.967741935483872,8.0,26.0,"Sun, May 29, 2016","Wed, May 11, 2016"
3839,Palm Springs International,Palm Springs,United States,PSP,KPSP,33.829667,-116.506694,477,-8,A,"Palm Springs, CA",841,843,843,843,5.322235434007131,14.11032028469751,30.0,93.0,"Tue, May 31, 2016","Thu, May 26, 2016"
3641,Theodore Francis Green State,Providence,United States,PVD,KPVD,41.732581,-71.420383,55,-5,A,"Providence, RI",1096,1097,1098,1097,4.560218978102194,11.738377392889708,20.0,49.0,"Sat, May 28, 2016","Fri, May 27, 2016"
3862,Portland International Jetport,Portland,United States,PWM,KPWM,43.646161,-70.309281,77,-5,A,"Portland, ME",487,486,488,488,3.6365503080082138,12.967078189300416,21.0,59.0,"Mon, May  2, 2016","Tue, May 31, 2016"
4087,Rapid City Regional Airport,Rapid City,United States,RAP,KRAP,44.045278,-103.057222,3204,-7,A,"Rapid City, SD",239,239,239,239,5.1338912133891235,15.03347280334728,24.0,87.0,"Tue, May  3, 2016","Fri, May 27, 2016"
4098,Redding Municipal,Redding,United States,RDD,KRDD,40.509,-122.293389,504,-8,A,"Redding, CA",91,91,92,92,4.934065934065935,18.34065934065934,7.0,53.0,"Sat, May 28, 2016","Tue, May 17, 2016"
4103,Roberts Field,Redmond-Bend,United States,RDM,KRDM,44.254066,-121.149964,3077,-8,A,"Bend/Redmond, OR",54,54,55,55,5.148148148148148,13.851851851851851,7.0,22.0,"Sat, May 28, 2016","Sun, May  1, 2016"
3626,Raleigh Durham International,Raleigh-durham,United States,RDU,KRDU,35.877639,-78.787472,435,-5,A,"Raleigh/Durham, NC",3200,3189,3206,3202,4.964687499999995,14.035747883349012,40.0,121.0,"Sun, May 15, 2016","Mon, May  2, 2016"
5765,Rhinelander Oneida County Airport,Rhinelander,United States,RHI,KRHI,45.6312,-89.4675,1624,-6,A,"Rhinelander, WI",88,89,88,89,4.8409090909090935,14.101123595505618,12.0,32.0,"Fri, May  6, 2016","Wed, May 11, 2016"
3608,Richmond International,Richmond,United States,RIC,KRIC,37.505167,-77.319667,167,-5,A,"Richmond, VA",1321,1318,1327,1325,5.766843300529897,16.040212443095644,47.0,129.0,"Mon, May  9, 2016","Mon, May 16, 2016"
5766,Rock Springs Sweetwater County Airport,Rock Springs,United States,RKS,KRKS,41.5942,-109.065,6760,-7,A,"Rock Springs, WY",54,54,57,57,3.5925925925925926,13.925925925925926,7.0,55.0,"Sun, May  1, 2016","Sun, May  8, 2016"
3807,Reno Tahoe International,Reno,United States,RNO,KRNO,39.499108,-119.768108,4415,-8,A,"Reno, NV",1105,1106,1109,1109,4.603619909502259,12.335443037974693,26.0,85.0,"Thu, May  5, 2016","Wed, May 11, 2016"
4016,Roanoke Regional,Roanoke VA,United States,ROA,KROA,37.325472,-79.975417,1175,-5,A,"Roanoke, VA",199,199,199,199,6.914572864321608,15.075376884422111,32.0,62.0,"Mon, May  9, 2016","Sun, May  1, 2016"
3622,Greater Rochester International,Rochester,United States,ROC,KROC,43.118866,-77.672389,559,-5,A,"Rochester, NY",602,602,605,606,5.018272425249166,12.867109634551495,21.0,58.0,"Tue, May 31, 2016","Tue, May  3, 2016"
3736,Roswell International Air Center,Roswell,United States,ROW,KROW,33.301556,-104.530556,3671,-7,A,"Roswell, NM",35,35,35,35,5.0,14.4,11.0,22.0,"Mon, May 23, 2016","Mon, May  2, 2016"
4048,Rochester,Rochester,United States,RST,KRST,43.908283,-92.500014,1317,-6,A,"Rochester, MN",118,118,118,118,3.6864406779661016,13.059322033898304,15.0,48.0,"Tue, May 31, 2016","Fri, May 20, 2016"
3793,Southwest Florida International,Fort Myers,United States,RSW,KRSW,26.536167,-81.755167,30,-5,A,"Fort Myers, FL",2026,2034,2031,2039,4.782329713721604,12.1740412979351,64.0,88.0,"Tue, May  3, 2016","Wed, May  4, 2016"
3784,Santa Fe Municipal,Santa Fe,United States,SAF,KSAF,35.617108,-106.089422,6348,-7,A,"Santa Fe, NM",86,84,89,89,5.034883720930231,12.928571428571429,30.0,38.0,"Mon, May  2, 2016","Sun, May 15, 2016"
3731,San Diego International,San Diego,United States,SAN,KSAN,32.733556,-117.189667,17,-8,A,"San Diego, CA",6525,6525,6571,6574,4.144521072796943,15.28980842911877,28.0,145.0,"Fri, May 13, 2016","Thu, May 26, 2016"
3621,San Antonio International,San Antonio,United States,SAT,KSAT,29.533694,-98.469778,809,-6,A,"San Antonio, TX",2703,2701,2719,2719,4.580096189419153,12.550166604961126,113.0,108.0,"Fri, May 27, 2016","Tue, May 31, 2016"
3613,Savannah Hilton Head International,Savannah,United States,SAV,KSAV,32.127583,-81.202139,51,-5,A,"Savannah, GA",568,570,569,570,5.239436619718309,14.928070175438597,60.0,57.0,"Thu, May 19, 2016","Tue, May 17, 2016"
3949,Santa Barbara Municipal,Santa Barbara,United States,SBA,KSBA,34.426211,-119.840372,10,-8,A,"Santa Barbara, CA",508,507,514,514,4.759842519685043,15.942800788954637,21.0,83.0,"Thu, May 12, 2016","Tue, May 24, 2016"
4359,South Bend Regional,South Bend,United States,SBN,KSBN,41.708661,-86.31725,799,-5,A,"South Bend, IN",429,430,432,432,5.128205128205129,15.3,23.0,78.0,"Mon, May  9, 2016","Mon, May 30, 2016"
5768,San Luis County Regional Airport,San Luis Obispo,United States,SBP,KSBP,35.2368,-120.642,212,-8,A,"San Luis Obispo, CA",305,306,307,307,3.5672131147540984,15.875816993464053,10.0,65.0,"Fri, May 20, 2016","Thu, May 12, 2016"
3620,Deadhorse,Deadhorse,United States,SCC,PASC,70.19475,-148.465167,64,-9,A,"Deadhorse, AK",78,78,80,80,3.6794871794871793,6.512820512820513,6.0,20.0,"Sun, May 15, 2016","Mon, May  2, 2016"
4318,University Park Airport,State College Pennsylvania,United States,SCE,KUNV,40.849278,-77.848694,1239,-5,A,"State College, PA",59,60,61,61,4.2542372881355925,13.416666666666666,18.0,38.0,"Fri, May  6, 2016","Tue, May 17, 2016"
4014,Louisville International Airport,Louisville,United States,SDF,KSDF,38.1740858,-85.7364989,501,-5,A,"Louisville, KY",943,938,945,946,5.817603393425241,14.368869936034123,29.0,78.0,"Tue, May 10, 2016","Tue, May 17, 2016"
3577,Seattle Tacoma International,Seattle,United States,SEA,KSEA,47.449,-122.309306,433,-8,A,"Seattle, WA",11476,11487,11500,11500,8.15815615196932,16.494820231565996,55.0,100.0,"Sun, May 15, 2016","Thu, May 19, 2016"
3469,San Francisco International,San Francisco,United States,SFO,KSFO,37.618972,-122.374889,13,-8,A,"San Francisco, CA",14766,14777,14907,14899,7.107408912366249,18.115652703525615,130.0,129.0,"Mon, May 30, 2016","Thu, May 19, 2016"
4348,Springfield Branson National,Springfield,United States,SGF,KSGF,37.245667,-93.388639,1268,-6,A,"Springfield, MO",253,253,256,255,5.458498023715419,14.363636363636362,22.0,48.0,"Tue, May 24, 2016","Wed, May 11, 2016"
4064,St. George Municipal,Saint George,United States,SGU,KSGU,37.090583,-113.593056,2941,-7,A,"St. George, UT",179,179,180,180,3.810055865921788,13.32960893854748,8.0,33.0,"Mon, May  2, 2016","Wed, May  4, 2016"
3609,Shreveport Regional,Shreveport,United States,SHV,KSHV,32.446629,-93.8256,258,-6,A,"Shreveport, LA",495,494,503,501,4.624242424242423,11.453441295546561,19.0,66.0,"Thu, May 12, 2016","Tue, May  3, 2016"
3856,Sitka Rocky Gutierrez,Sitka,United States,SIT,PASI,57.047138,-135.361611,21,-9,A,"Sitka, AK",115,114,115,114,3.9304347826086956,11.403508771929825,9.0,25.0,"Sun, May  1, 2016","Mon, May  9, 2016"
3748,Norman Y. Mineta San Jose International,San Jose,United States,SJC,KSJC,37.3626,-121.929022,62,-8,A,"San Jose, CA",3489,3490,3509,3507,4.427629693321867,11.804011461318042,33.0,54.0,"Mon, May  2, 2016","Mon, May  9, 2016"
3708,San Angelo Regional-Mathis Field,San Angelo,United States,SJT,KSJT,31.35775,-100.496306,1919,-6,A,"San Angelo, TX",90,91,92,91,3.3,11.516483516483516,6.0,36.0,"Sat, May 14, 2016","Thu, May 12, 2016"
3536,Salt Lake City International,Salt Lake City,United States,SLC,KSLC,40.788389,-111.977772,4227,-7,A,"Salt Lake City, UT",9030,9037,9043,9044,5.8647840531561375,16.72192099147946,55.0,139.0,"Sun, May 15, 2016","Fri, May  6, 2016"
3817,Sacramento International,Sacramento,United States,SMF,KSMF,38.695417,-121.590778,27,-8,A,"Sacramento, CA",3518,3520,3531,3532,4.652927799886311,11.20397727272729,31.0,98.0,"Mon, May  9, 2016","Fri, May 20, 2016"
5772,Santa Maria Public-Captain G. Allan Hancock Airport,Santa Maria,United States,SMX,KSMX,34.8989,-120.457,261,-8,A,"Santa Maria, CA",61,62,62,62,4.80327868852459,16.999999999999996,45.0,33.0,"Sun, May  8, 2016","Fri, May  6, 2016"
3867,John Wayne Airport Orange County,Santa Ana,United States,SNA,KSNA,33.675667,-117.868222,56,-8,A,"Santa Ana, CA",3638,3632,3649,3643,5.4461242440901465,12.443006607929501,33.0,100.0,"Sat, May 28, 2016","Tue, May 31, 2016"
4336,Abraham Lincoln Capital,Springfield,United States,SPI,KSPI,39.8441,-89.677889,597,-6,A,"Springfield, IL",149,149,150,150,4.436241610738261,12.161073825503356,7.0,55.0,"Mon, May 16, 2016","Wed, May 11, 2016"
3680,Sheppard AFB Wichita Falls Municipal,Wichita Falls,United States,SPS,KSPS,33.988797,-98.491894,1019,-6,A,"Wichita Falls, TX",91,92,93,93,8.142857142857142,11.543478260869565,17.0,64.0,"Tue, May 10, 2016","Sat, May 14, 2016"
4067,Sarasota Bradenton International,Sarasota,United States,SRQ,KSRQ,27.395444,-82.554389,30,-5,A,"Sarasota/Bradenton, FL",246,246,246,246,4.345528455284553,11.825203252032525,31.0,29.0,"Tue, May 31, 2016","Sat, May  7, 2016"
3678,Lambert St. Louis International,St. Louis,United States,STL,KSTL,38.748697,-90.370028,618,-6,A,"St. Louis, MO",4622,4625,4645,4644,5.352661185633922,11.185729729729735,67.0,92.0,"Wed, May 11, 2016","Sun, May 29, 2016"
6494,Friedman Memorial,Hailey,United States,SUN,KSUN,43.504444,-114.296194,5320,-7,A,"Sun Valley/Hailey/Ketchum, ID",56,56,58,57,2.6607142857142856,8.857142857142858,5.0,20.0,"Fri, May 20, 2016","Sat, May 21, 2016"
3661,Stewart International,Newburgh,United States,SWF,KSWF,41.504094,-74.104839,491,-5,A,"Newburgh/Poughkeepsie, NY",61,61,62,62,5.278688524590166,11.459016393442624,9.0,44.0,"Sat, May  7, 2016","Mon, May  2, 2016"
3745,Syracuse Hancock International,Syracuse,United States,SYR,KSYR,43.111187,-76.106311,421,-5,A,"Syracuse, NY",515,517,519,520,4.273786407766983,15.1431334622824,14.0,87.0,"Sun, May  1, 2016","Thu, May  5, 2016"
3698,Tallahassee Regional,Tallahassee,United States,TLH,KTLH,30.396528,-84.350333,81,-5,A,"Tallahassee, FL",203,204,204,205,3.5566502463054186,13.058823529411764,7.0,44.0,"Tue, May  3, 2016","Sun, May  1, 2016"
3646,Tampa International,Tampa,United States,TPA,KTPA,27.975472,-82.53325,26,-5,A,"Tampa, FL",5691,5690,5712,5712,4.937093656650862,12.644112478031655,82.0,99.0,"Sat, May 14, 2016","Sat, May 21, 2016"
4116,Tri-Cities Regional Airport,BRISTOL,United States,TRI,KTRI,36.4752222,-82.4074167,1519,-5,A,"Bristol/Johnson City/Kingsport, TN",176,176,176,176,3.6477272727272734,14.46022727272727,8.0,83.0,"Sat, May 21, 2016","Fri, May 13, 2016"
3447,Trenton Mercer,Trenton,United States,TTN,KTTN,40.276692,-74.813469,213,-5,A,"Trenton, NJ",183,183,186,185,6.612021857923497,11.72677595628415,27.0,62.0,"Thu, May 12, 2016","Thu, May 12, 2016"
3855,Tulsa International,Tulsa,United States,TUL,KTUL,36.198389,-95.888111,677,-6,A,"Tulsa, OK",1137,1137,1146,1144,4.430958663148635,13.26033421284081,38.0,63.0,"Thu, May 26, 2016","Sun, May 15, 2016"
3636,Tucson International,Tucson,United States,TUS,KTUS,32.116083,-110.941028,2643,-7,N,"Tucson, AZ",1269,1270,1276,1276,4.341213553979519,13.168503937007873,19.0,148.0,"Sun, May 29, 2016","Tue, May 17, 2016"
4023,Cherry Capital Airport,Traverse City,United States,TVC,KTVC,44.741445,-85.582235,624,-5,A,"Traverse City, MI",138,138,139,139,4.195652173913041,12.565217391304348,8.0,34.0,"Tue, May 10, 2016","Sun, May 15, 2016"
4263,Magic Valley Regional Airport,Twin Falls,United States,TWF,KTWF,42.481803,-114.487733,4151,-7,A,"Twin Falls, ID",86,87,86,87,3.686046511627907,10.333333333333334,7.0,27.0,"Tue, May 17, 2016","Sun, May 15, 2016"
3770,Texarkana Regional-Webb Field,Texarkana,United States,TXK,KTXK,33.453722,-93.991028,390,-6,A,"Texarkana, AR",85,85,87,87,4.011764705882352,10.623529411764704,8.0,23.0,"Sat, May  7, 2016","Mon, May 16, 2016"
3848,Tyler Pounds Regional,Tyler,United States,TYR,KTYR,32.354139,-95.402386,544,-6,A,"Tyler, TX",1,1,1,1,9.0,42.0,9.0,42.0,"Sun, May 29, 2016","Mon, May 30, 2016"
3676,McGhee Tyson,Knoxville,United States,TYS,KTYS,35.810972,-83.994028,981,-5,A,"Knoxville, TN",584,585,590,591,4.279109589041098,15.22564102564102,27.0,114.0,"Mon, May 30, 2016","Sat, May 28, 2016"
6989,St. Augustine Airport,St. Augustine Airport,United States,UST,KSGJ,29.959167,-81.339722,10,-5,A,"St. Augustine, FL",30,30,30,30,6.433333333333334,11.8,10.0,24.0,"Sat, May 14, 2016","Tue, May 10, 2016"
5776,Valdosta Regional Airport,Valdosta,United States,VLD,KVLD,30.7825,-83.2767,203,-5,A,"Valdosta, GA",86,86,86,86,4.279069767441863,11.802325581395346,7.0,30.0,"Tue, May  3, 2016","Tue, May  3, 2016"
3873,Eglin AFB,Valparaiso,United States,VPS,KVPS,30.48325,-86.5254,87,-6,A,"Valparaiso, FL",362,363,364,365,7.0911602209944755,14.534435261707989,13.0,43.0,"Tue, May 10, 2016","Sun, May 29, 2016"
5969,Wrangell Airport,Wrangell,United States,WRG,PAWG,56.4843,-132.37,44,-9,A,"Wrangell, AK",62,62,62,62,3.3870967741935485,7.887096774193548,5.0,44.0,"Sun, May  1, 2016","Sun, May 29, 2016"
7072,Yellowstone Airport,West Yellowstone,United States,WYS,KWYS,44.688333,-111.1175,6644,-7,A,"West Yellowstone, MT",6,6,6,6,4.0,10.666666666666666,5.0,15.0,"Fri, May 27, 2016","Fri, May 27, 2016"
4356,NW Arkansas Regional,Bentonville,United States,XNA,KXNA,36.2818694,-94.3068111,1287,-6,A,"Fayetteville, AR",539,535,542,540,5.849721706864562,15.306542056074765,35.0,82.0,"Tue, May 31, 2016","Thu, May  5, 2016"
6803,Yakutat,Yakutat,United States,YAK,PAYA,59.3012,-139.3937,33,-9,A,"Yakutat, AK",60,60,61,61,3.2499999999999996,8.700000000000005,5.0,22.0,"Mon, May  2, 2016","Sat, May 21, 2016"
3596,Yuma MCAS Yuma International,Yuma,United States,YUM,KYUM,32.656578,-114.60598,216,-7,N,"Yuma, AZ",174,174,174,174,4.051724137931035,14.459770114942529,12.0,38.0,"Sat, May 14, 2016","Wed, May 18, 2016"
2883,Cyril E. King,St. Thomas,Virgin Islands,STT,TIST,18.337306,-64.973361,23,-4,U,"Charlotte Amalie, VI",428,429,429,430,4.570093457943923,13.496503496503497,15.0,77.0,"Tue, May 10, 2016","Sat, May 21, 2016"
2884,Henry E. Rohlsen,St. Croix Island,Virgin Islands,STX,TISX,17.701889,-64.798556,74,-4,U,"Christiansted, VI",101,101,101,101,3.92079207920792,12.05940594059406,10.0,37.0,"Sat, May  7, 2016","Mon, May  2, 2016"
1970,Pago Pago Internatonal,Pago Pago,American Samoa,PPG,NSTU,-14.331,-170.7105,32,-11,U,"Pago Pago, TT",10,10,10,10,7.5,8.4,9.0,14.0,"Mon, May 30, 2016","Fri, May 20, 2016"
2246,Guam International,Agana,Guam,GUM,PGUM,13.48345,144.795983,298,10,U,"Guam, TT",31,31,31,31,4.451612903225807,14.064516129032258,7.0,62.0,"Tue, May 31, 2016","Sun, May  1, 2016"
2885,Rafael Hernndez,Aguadilla,Puerto Rico,BQN,TJBQ,18.494861,-67.129444,237,-4,U,"Aguadilla, PR",170,170,170,170,6.747058823529412,12.064705882352944,17.0,70.0,"Sat, May 21, 2016","Wed, May  4, 2016"
2889,Aeropuerto Mercedita,Ponce,Puerto Rico,PSE,TJPS,18.008306,-66.563028,29,-4,U,"Ponce, PR",73,73,73,73,4.054794520547945,10.767123287671232,12.0,18.0,"Thu, May 12, 2016","Sun, May 29, 2016"
2890,Luis Muoz Marn International,San Juan,Puerto Rico,SJU,TJSJ,18.439417,-66.001833,9,-4,U,"San Juan, PR",2288,2290,2293,2300,5.440122377622385,13.28471615720523,42.0,54.0,"Sat, May 21, 2016","Sat, May 21, 2016"
