airport_id,name,city,country,iata_faa,iaco,latitude,longitude,altitude,zone,dst,city_state,avg_able_landings,avg_able_takeoffs,total_landings,total_takeoffs,avg_taxi_in,avg_taxi_out,longest_taxi_in,longest_taxi_out,lng_tx_in_date,lng_tx_out_date
4355,Lehigh Valley International,Allentown,United States,ABE,KABE,40.652083,-75.440806,393,-5,A,"Allentown/Bethlehem/Easton, PA",228,234,238,239,4.364035087719296,14.628205128205128,15.0,81.0,"Thu, Jul 14, 2016","Tue, Jul 26, 2016"
3718,Abilene Regional,Abilene,United States,ABI,KABI,32.411319,-99.681897,1791,-6,A,"Abilene, TX",22,22,23,23,6.181818181818182,10.409090909090908,8.0,26.0,"Sun, Jul 10, 2016","Fri, Jul 29, 2016"
4019,Albuquerque International Sunport,Albuquerque,United States,ABQ,KABQ,35.0402222,-106.6091944,5355,-7,A,"Albuquerque, NM",1635,1633,1658,1658,5.199388379204906,11.418860992039196,26.0,67.0,"Mon, Jul 18, 2016","Sun, Jul 24, 2016"
5714,Aberdeen Regional Airport,Aberdeen,United States,ABR,KABR,45.4491,-98.4218,1302,-6,A,"Aberdeen, SD",62,62,62,62,4.629032258064516,14.951612903225806,14.0,38.0,"Sat, Jul  2, 2016","Thu, Jul 21, 2016"
5715,Southwest Georgia Regional Airport,Albany,United States,ABY,KABY,31.5355,-84.1945,197,-5,A,"Albany, GA",85,86,86,86,3.4823529411764707,11.1046511627907,6.0,69.0,"Thu, Jul 21, 2016","Mon, Jul 11, 2016"
3517,Nantucket Memorial,Nantucket,United States,ACK,KACK,41.253053,-70.060181,48,-5,A,"Nantucket, MA",157,156,158,158,6.458598726114652,15.314102564102567,42.0,117.0,"Mon, Jul 18, 2016","Fri, Jul  1, 2016"
3700,Waco Regional,Waco,United States,ACT,KACT,31.611289,-97.230519,516,-6,A,"Waco, TX",106,105,112,112,5.188679245283017,10.8952380952381,20.0,43.0,"Sun, Jul 17, 2016","Thu, Jul 21, 2016"
4384,Arcata,Arcata CA,United States,ACV,KACV,40.978111,-124.108611,221,-8,A,"Arcata/Eureka, CA",118,118,121,121,5.449152542372882,10.98305084745763,15.0,51.0,"Thu, Jul 21, 2016","Fri, Jul  8, 2016"
3524,Atlantic City International,Atlantic City,United States,ACY,KACY,39.457583,-74.577167,75,-5,A,"Atlantic City, NJ",334,331,341,341,5.341317365269459,10.694864048338376,87.0,34.0,"Fri, Jul  1, 2016","Tue, Jul 12, 2016"
5959,Adak Airport,Adak Island,United States,ADK,PADK,51.878,-176.646,18,-10,A,"Adak Island, AK",9,9,9,9,5.555555555555555,7.111111111111111,9.0,10.0,"Thu, Jul 28, 2016","Thu, Jul 21, 2016"
3531,Kodiak,Kodiak,United States,ADQ,PADQ,57.749967,-152.493856,78,-9,A,"Kodiak, AK",55,55,56,56,3.4909090909090907,7.218181818181818,9.0,21.0,"Sun, Jul 31, 2016","Tue, Jul 26, 2016"
3852,Alexandria International,Alexandria,United States,AEX,KAEX,31.3274,-92.549833,89,-6,A,"Alexandria, LA",231,233,235,236,3.5800865800865806,13.021459227467814,7.0,83.0,"Sat, Jul  2, 2016","Mon, Jul 11, 2016"
3658,Augusta Regional At Bush Field,Bush Field,United States,AGS,KAGS,33.369944,-81.9645,144,-5,A,"Augusta, GA",222,222,227,227,3.977477477477478,15.527027027027026,8.0,56.0,"Tue, Jul  5, 2016","Wed, Jul  6, 2016"
3794,King Salmon,King Salmon,United States,AKN,PAKN,58.676778,-156.649278,68,-9,A,"King Salmon, AK",31,31,31,31,3.6451612903225805,8.03225806451613,7.0,13.0,"Sat, Jul  2, 2016","Tue, Jul 26, 2016"
3864,Albany International,Albany,United States,ALB,KALB,42.748267,-73.801692,285,-5,A,"Albany, NY",780,779,793,795,4.70384615384615,11.777920410783056,43.0,107.0,"Sat, Jul  2, 2016","Wed, Jul 13, 2016"
3840,Rick Husband Amarillo International,Amarillo,United States,AMA,KAMA,35.219369,-101.705931,3607,-6,A,"Amarillo, TX",257,256,264,263,4.793774319066148,10.523437500000002,11.0,33.0,"Sun, Jul 10, 2016","Mon, Jul  4, 2016"
3774,Ted Stevens Anchorage International,Anchorage,United States,ANC,PANC,61.174361,-149.996361,152,-9,A,"Anchorage, AK",2109,2111,2112,2112,4.6486486486486465,12.171956418758887,51.0,50.0,"Thu, Jul 14, 2016","Fri, Jul  8, 2016"
5720,Alpena County Regional Airport,Alpena,United States,APN,KAPN,45.0781,-83.5603,689,-5,A,"Alpena, MI",62,62,62,62,4.483870967741937,12.290322580645162,8.0,27.0,"Sat, Jul  2, 2016","Mon, Jul  4, 2016"
7001,Aspen/Pitkin County-Sardy Field,Aspen,United States,ASE,KASE,39.2232,-106.869,7820,-7,A,"Aspen, CO",430,431,436,435,3.181395348837209,13.52668213457077,23.0,62.0,"Thu, Jul 21, 2016","Fri, Jul 15, 2016"
3682,Hartsfield Jackson Atlanta International,Atlanta,United States,ATL,KATL,33.636719,-84.428067,1026,-5,A,"Atlanta, GA",33689,33699,33940,33941,8.036243284157981,19.13332739843922,111.0,166.0,"Tue, Jul  5, 2016","Thu, Jul 21, 2016"
4047,Appleton,Appleton,United States,ATW,KATW,44.257526,-88.507576,680,-6,A,"Appleton, WI",220,216,231,230,4.513636363636362,13.481481481481477,14.0,88.0,"Sun, Jul 24, 2016","Thu, Jul 21, 2016"
3673,Austin Bergstrom International,Austin,United States,AUS,KAUS,30.194528,-97.669889,542,-6,A,"Austin, TX",4072,4066,4134,4131,7.026031434184672,11.821446138711265,102.0,147.0,"Wed, Jul 27, 2016","Mon, Jul 25, 2016"
4007,Asheville Regional Airport,Asheville,United States,AVL,KAVL,35.436194,-82.541806,2165,-5,A,"Asheville, NC",350,349,358,358,4.242857142857142,16.77936962750715,19.0,95.0,"Sat, Jul  9, 2016","Tue, Jul 19, 2016"
4286,Wilkes Barre Scranton International,Scranton,United States,AVP,KAVP,41.338478,-75.723403,962,-5,A,"Scranton/Wilkes-Barre, PA",158,159,165,165,3.4050632911392404,12.937106918238994,11.0,30.0,"Fri, Jul 29, 2016","Wed, Jul 13, 2016"
4039,Kalamazoo,Kalamazoo,United States,AZO,KAZO,42.234875,-85.552058,874,-5,A,"Kalamazoo, MI",142,141,154,153,4.042253521126755,14.48936170212766,8.0,55.0,"Sun, Jul  3, 2016","Sat, Jul 23, 2016"
3825,Bradley International,Windsor Locks,United States,BDL,KBDL,41.938889,-72.683222,173,-5,A,"Hartford, CT",1741,1742,1771,1773,5.438253877082135,13.188863375430534,42.0,120.0,"Mon, Jul 25, 2016","Mon, Jul 25, 2016"
3599,Bethel,Bethel,United States,BET,PABE,60.779778,-161.838,121,-9,A,"Bethel, AK",80,80,80,80,4.012500000000003,6.75,18.0,15.0,"Sat, Jul 23, 2016","Mon, Jul 11, 2016"
3558,Meadows Field,Bakersfield,United States,BFL,KBFL,35.433598,-119.05677,507,-8,A,"Bakersfield, CA",228,228,229,229,4.942982456140349,16.40350877192982,16.0,91.0,"Fri, Jul 15, 2016","Fri, Jul  1, 2016"
4129,Greater Binghamton-Edwin A. Link Field,Binghamton,United States,BGM,KBGM,42.208689,-75.979839,1636,-5,A,"Binghamton, NY",99,99,99,99,4.656565656565659,13.151515151515152,8.0,28.0,"Fri, Jul 22, 2016","Sun, Jul 24, 2016"
3463,Bangor International,Bangor,United States,BGR,KBGR,44.807444,-68.828139,192,-5,A,"Bangor, ME",118,115,122,123,5.805084745762714,15.052173913043479,33.0,41.0,"Sun, Jul 31, 2016","Sun, Jul 31, 2016"
3811,Birmingham International,Birmingham,United States,BHM,KBHM,33.562942,-86.75355,644,-6,A,"Birmingham, AL",1026,1024,1051,1050,4.163742690058481,14.147460937500004,33.0,89.0,"Wed, Jul 13, 2016","Thu, Jul 21, 2016"
4021,Billings Logan International Airport,Billings,United States,BIL,KBIL,45.80921,-108.537654,3652,-7,A,"Billings, MT",332,330,338,337,4.481927710843377,11.693939393939397,28.0,74.0,"Tue, Jul 19, 2016","Sat, Jul  2, 2016"
4083,Bismarck Municipal Airport,Bismarck,United States,BIS,KBIS,46.775842,-100.757931,1661,-6,A,"Bismarck/Mandan, ND",211,211,212,212,4.876777251184836,12.308056872037914,31.0,47.0,"Wed, Jul  6, 2016","Fri, Jul 15, 2016"
4287,Bemidji Regional Airport,Bemidji,United States,BJI,KBJI,47.510722,-94.934722,1391,-6,A,"Bemidji, MN",62,62,62,62,4.903225806451612,14.03225806451613,18.0,62.0,"Wed, Jul  6, 2016","Mon, Jul 11, 2016"
4037,Central Illinois Regional,Bloomington,United States,BMI,KBMI,40.477111,-88.915917,871,-6,A,"Bloomington/Normal, IL",158,158,159,159,4.303797468354434,13.481012658227845,12.0,63.0,"Sun, Jul 24, 2016","Wed, Jul  6, 2016"
3690,Nashville International,Nashville,United States,BNA,KBNA,36.124472,-86.678194,599,-6,A,"Nashville, TN",4520,4522,4621,4623,6.927433628318577,12.53383458646616,47.0,110.0,"Fri, Jul 22, 2016","Sun, Jul 24, 2016"
3495,Boise Air Terminal,Boise,United States,BOI,KBOI,43.564361,-116.222861,2871,-7,A,"Boise, ID",1337,1331,1344,1344,4.030665669409112,12.827948910593534,30.0,98.0,"Fri, Jul  1, 2016","Sun, Jul 17, 2016"
3448,General Edward Lawrence Logan International,Boston,United States,BOS,KBOS,42.364347,-71.005181,19,-5,A,"Boston, MA",10936,10949,11142,11145,7.485643745427948,19.67951411087765,92.0,142.0,"Wed, Jul 20, 2016","Fri, Jul  1, 2016"
3612,Southeast Texas Regional,Beaumont,United States,BPT,KBPT,29.950833,-94.020694,15,-6,A,"Beaumont/Port Arthur, TX",61,62,62,62,3.918032786885246,14.838709677419354,9.0,37.0,"Sun, Jul 31, 2016","Thu, Jul 21, 2016"
5725,Brunswick Golden Isles Airport,Brunswick,United States,BQK,KBQK,31.2588,-81.4665,26,-5,A,"Brunswick, GA",91,91,91,91,3.4835164835164836,13.285714285714286,6.0,43.0,"Sun, Jul 17, 2016","Sat, Jul 23, 2016"
6957,Brainerd Lakes Regional,Brainerd,United States,BRD,KBRD,46.398308,-94.138078,1226,-6,U,"Brainerd, MN",62,62,62,62,4.870967741935482,15.161290322580646,9.0,59.0,"Sat, Jul 30, 2016","Mon, Jul 11, 2016"
3738,Brownsville South Padre Island International,Brownsville,United States,BRO,KBRO,25.906833,-97.425861,22,-6,A,"Brownsville, TX",196,195,206,207,4.698979591836734,12.364102564102565,11.0,60.0,"Sun, Jul  3, 2016","Mon, Jul 25, 2016"
3571,Wiley Post Will Rogers Memorial,Barrow,United States,BRW,PABR,71.285446,-156.766003,44,-9,A,"Barrow, AK",79,80,80,80,4.354430379746835,6.55,9.0,25.0,"Tue, Jul  5, 2016","Mon, Jul  4, 2016"
4022,Bert Mooney Airport,Butte,United States,BTM,KBTM,45.954806,-112.497472,5550,-7,A,"Butte, MT",57,57,57,57,3.824561403508772,11.175438596491231,6.0,21.0,"Sat, Jul  2, 2016","Sun, Jul 10, 2016"
3846,Baton Rouge Metro-Ryan Field,Baton Rouge,United States,BTR,KBTR,30.533167,-91.149639,70,-6,A,"Baton Rouge, LA",608,608,617,617,4.555921052631578,13.865131578947372,25.0,86.0,"Thu, Jul 28, 2016","Mon, Jul 25, 2016"
3711,Burlington International,Burlington,United States,BTV,KBTV,44.471861,-73.153278,335,-5,A,"Burlington, VT",373,358,395,395,5.117962466487934,14.572625698324027,71.0,49.0,"Thu, Jul 21, 2016","Sat, Jul 30, 2016"
3820,Buffalo Niagara International,Buffalo,United States,BUF,KBUF,42.940525,-78.732167,724,-5,A,"Buffalo, NY",1556,1549,1610,1611,4.045629820051416,11.51969012265979,36.0,68.0,"Thu, Jul 21, 2016","Fri, Jul 15, 2016"
3644,Bob Hope,Burbank,United States,BUR,KBUR,34.200667,-118.358667,778,-8,A,"Burbank, CA",1870,1868,1919,1919,3.1320855614973264,12.426659528907921,19.0,76.0,"Mon, Jul  4, 2016","Mon, Jul 18, 2016"
3849,Baltimore Washington International,Baltimore,United States,BWI,KBWI,39.175361,-76.668333,146,-5,A,"Baltimore, MD",8555,8587,8852,8851,6.9009935710110994,14.370909514382204,149.0,150.0,"Mon, Jul 25, 2016","Sat, Jul 30, 2016"
4020,Gallatin Field,Bozeman,United States,BZN,KBZN,45.777643,-111.160151,4500,-7,A,"Bozeman, MT",564,563,567,567,5.822695035460997,14.000000000000002,64.0,110.0,"Sun, Jul 24, 2016","Sat, Jul 16, 2016"
3561,Columbia Metropolitan,Colombia,United States,CAE,KCAE,33.938833,-81.119528,236,-5,A,"Columbia, SC",359,359,372,371,6.111420612813373,15.470752089136491,17.0,64.0,"Thu, Jul  7, 2016","Mon, Jul 11, 2016"
4112,Akron Canton Regional Airport,Akron,United States,CAK,KCAK,40.9160833,-81.4421944,1228,-5,A,"Akron, OH",382,385,404,404,5.7565445026178,13.488311688311686,44.0,91.0,"Tue, Jul  5, 2016","Wed, Jul 27, 2016"
3824,Cedar City Regional,Cedar City,United States,CDC,KCDC,37.700967,-113.098847,5622,-7,A,"Cedar City, UT",52,52,52,52,3.673076923076923,12.98076923076923,6.0,27.0,"Sun, Jul  3, 2016","Sun, Jul 10, 2016"
3610,Merle K. Mudhole Smith,Cordova,United States,CDV,PACV,60.491778,-145.477556,48,-9,A,"Cordova, AK",60,61,62,61,3.683333333333333,7.950819672131147,6.0,21.0,"Mon, Jul 18, 2016","Tue, Jul 19, 2016"
3578,Lovell Field,Chattanooga,United States,CHA,KCHA,35.035278,-85.203808,683,-5,A,"Chattanooga, TN",330,330,332,333,4.445454545454547,16.036363636363635,13.0,103.0,"Wed, Jul  6, 2016","Wed, Jul  6, 2016"
4015,Charlottesville-Albemarle,Charlottesville VA,United States,CHO,KCHO,38.138639,-78.452861,639,-5,A,"Charlottesville, VA",196,198,204,204,3.938775510204078,14.106060606060606,30.0,90.0,"Sat, Jul 30, 2016","Wed, Jul  6, 2016"
3806,Charleston AFB International,Charleston,United States,CHS,KCHS,32.898647,-80.040528,45,-5,A,"Charleston, SC",1365,1370,1417,1417,6.710622710622711,14.932116788321167,76.0,100.0,"Sat, Jul 23, 2016","Thu, Jul 28, 2016"
4043,Cedar Rapids,Cedar Rapids,United States,CID,KCID,41.884694,-91.710806,869,-6,A,"Cedar Rapids/Iowa City, IA",308,309,316,315,6.522727272727274,15.398058252427182,39.0,116.0,"Sun, Jul 10, 2016","Wed, Jul  6, 2016"
5729,Chippewa County International Airport,Sault Ste. Marie,United States,CIU,KCIU,46.2508,-84.4724,800,-5,A,"Sault Ste. Marie, MI",60,60,61,61,3.5833333333333335,16.150000000000002,8.0,26.0,"Tue, Jul 12, 2016","Fri, Jul 15, 2016"
3486,Cleveland Hopkins International,Cleveland,United States,CLE,KCLE,41.411689,-81.849794,791,-5,A,"Cleveland, OH",3022,3025,3098,3102,7.079417604235603,12.667768595041322,67.0,80.0,"Sun, Jul 31, 2016","Fri, Jul 29, 2016"
3715,Easterwood Field,College Station,United States,CLL,KCLL,30.588583,-96.363833,321,-6,A,"College Station/Bryan, TX",87,87,89,89,5.057471264367816,8.850574712643677,17.0,26.0,"Sat, Jul 30, 2016","Thu, Jul  7, 2016"
3876,Charlotte Douglas International,Charlotte,United States,CLT,KCLT,35.214,-80.943139,748,-5,A,"Charlotte, NC",9212,9229,9380,9381,11.04146765089016,19.857189294614834,129.0,129.0,"Tue, Jul  5, 2016","Tue, Jul  5, 2016"
3759,Port Columbus International,Columbus,United States,CMH,KCMH,39.997972,-82.891889,815,-5,A,"Columbus, OH",2034,2033,2093,2095,6.103736479842669,12.464338416133792,69.0,125.0,"Fri, Jul 22, 2016","Fri, Jul  8, 2016"
5732,Houghton County Memorial Airport,Hancock,United States,CMX,KCMX,47.1684,-88.4891,1095,-5,A,"Hancock/Houghton, MI",58,59,62,62,4.534482758620688,15.372881355932206,7.0,64.0,"Mon, Jul  4, 2016","Wed, Jul  6, 2016"
4344,Yellowstone Regional,Cody,United States,COD,KCOD,44.520194,-109.023806,5102,-7,A,"Cody, WY",119,119,121,120,4.218487394957982,15.243697478991592,29.0,57.0,"Sat, Jul 30, 2016","Sun, Jul 10, 2016"
3819,City Of Colorado Springs Municipal,Colorado Springs,United States,COS,KCOS,38.805805,-104.700778,6187,-7,A,"Colorado Springs, CO",732,730,739,738,7.710382513661201,18.65890410958906,78.0,94.0,"Thu, Jul 28, 2016","Sat, Jul 23, 2016"
3872,Natrona County International,Casper,United States,CPR,KCPR,42.908,-106.464417,5347,-7,A,"Casper, WY",135,135,135,135,4.837037037037035,13.451851851851853,10.0,58.0,"Sun, Jul  3, 2016","Tue, Jul 26, 2016"
3744,Corpus Christi International,Corpus Christi,United States,CRP,KCRP,27.770361,-97.501222,44,-6,A,"Corpus Christi, TX",250,246,258,257,4.476000000000003,10.512195121951216,33.0,39.0,"Thu, Jul 28, 2016","Mon, Jul 25, 2016"
4285,Yeager,Charleston,United States,CRW,KCRW,38.373147,-81.593189,981,-5,A,"Charleston/Dunbar, WV",222,224,232,231,3.5225225225225225,14.26339285714286,44.0,57.0,"Wed, Jul 13, 2016","Fri, Jul  1, 2016"
4255,Columbus Metropolitan Airport,Columbus,United States,CSG,KCSG,32.5163333,-84.9388611,397,-5,A,"Columbus, GA",106,106,107,107,2.500000000000001,13.679245283018865,4.0,65.0,"Sun, Jul 10, 2016","Mon, Jul 11, 2016"
3488,Cincinnati Northern Kentucky International,Cincinnati,United States,CVG,KCVG,39.048836,-84.667822,896,-5,A,"Cincinnati, OH",1324,1315,1348,1351,6.721299093655592,13.945247148288974,63.0,107.0,"Thu, Jul 14, 2016","Thu, Jul 21, 2016"
4045,Central Wisconsin,Wassau,United States,CWA,KCWA,44.772726,-89.646635,840,-6,A,"Mosinee, WI",79,78,83,83,4.734177215189876,12.076923076923077,12.0,31.0,"Fri, Jul 15, 2016","Thu, Jul 14, 2016"
3950,Daytona Beach International,Daytona Beach,United States,DAB,KDAB,29.179917,-81.058056,34,-5,A,"Daytona Beach, FL",183,183,184,184,3.387978142076503,14.469945355191257,7.0,65.0,"Sun, Jul  3, 2016","Mon, Jul 11, 2016"
3502,Dallas Love Field,Dallas,United States,DAL,KDAL,32.847111,-96.851778,487,-6,A,"Dallas, TX",5642,5668,5816,5816,5.793158454448765,11.411785462244161,66.0,124.0,"Wed, Jul 20, 2016","Wed, Jul 27, 2016"
3627,James M. Cox Dayton International,Dayton,United States,DAY,KDAY,39.902375,-84.219375,1009,-5,A,"Dayton, OH",572,569,603,604,6.300699300699297,13.49912126537786,36.0,78.0,"Sun, Jul 17, 2016","Fri, Jul  8, 2016"
3520,Ronald Reagan Washington National,Washington,United States,DCA,KDCA,38.852083,-77.037722,15,-5,A,"Washington, DC",6538,6533,6742,6743,7.611501988375658,20.228072860860184,133.0,148.0,"Mon, Jul 18, 2016","Sat, Jul 30, 2016"
3751,Denver International,Denver,United States,DEN,KDEN,39.861656,-104.673178,5431,-7,A,"Denver, CO",20659,20703,20896,20919,9.249963696209855,15.99343090373391,105.0,133.0,"Sun, Jul 24, 2016","Fri, Jul  8, 2016"
3670,Dallas Fort Worth International,Dallas-fort Worth,United States,DFW,KDFW,32.896828,-97.037997,607,-6,A,"Dallas/Fort Worth, TX",16997,17017,17290,17291,10.99788197917278,17.371687136393085,112.0,154.0,"Fri, Jul 15, 2016","Mon, Jul 25, 2016"
3739,Dothan Regional,Dothan,United States,DHN,KDHN,31.321339,-85.449628,401,-6,A,"Dothan, AL",112,112,115,115,3.732142857142857,14.017857142857142,22.0,72.0,"Sat, Jul  2, 2016","Tue, Jul 19, 2016"
3460,Dillingham,Dillingham,United States,DLG,PADL,59.044667,-158.5055,74,-9,A,"Dillingham, AK",31,31,31,31,4.935483870967742,8.612903225806452,16.0,17.0,"Mon, Jul  4, 2016","Wed, Jul 20, 2016"
3598,Duluth International,Duluth,United States,DLH,KDLH,46.842091,-92.193649,1428,-6,A,"Duluth, MN",232,230,235,235,6.202586206896553,16.317391304347844,45.0,131.0,"Fri, Jul 29, 2016","Sat, Jul 23, 2016"
3713,Durango La Plata County,Durango,United States,DRO,KDRO,37.151516,-107.75377,6685,-7,A,"Durango, CO",218,218,218,218,5.660550458715596,15.72935779816514,28.0,120.0,"Mon, Jul 18, 2016","Fri, Jul  8, 2016"
3729,Des Moines International,Des Moines,United States,DSM,KDSM,41.533972,-93.663083,958,-6,A,"Des Moines, IA",758,760,773,773,5.382585751978888,13.822368421052632,34.0,123.0,"Sat, Jul  9, 2016","Wed, Jul 13, 2016"
3645,Detroit Metro Wayne County,Detroit,United States,DTW,KDTW,42.212444,-83.353389,645,-5,A,"Detroit, MI",10313,10269,10402,10371,6.676524774556385,17.657415522446158,58.0,127.0,"Tue, Jul 12, 2016","Wed, Jul 13, 2016"
7063,Devils Lake Regional Airport,Devils Lake,United States,DVL,KDVL,48.114444,-98.908611,1445,-6,A,"Devils Lake, ND",52,52,53,53,4.884615384615384,14.307692307692308,8.0,25.0,"Fri, Jul 29, 2016","Tue, Jul 19, 2016"
5735,Chippewa Valley Regional Airport,Eau Claire,United States,EAU,KEAU,44.8658,-91.4843,913,-6,A,"Eau Claire, WI",53,54,57,57,3.452830188679245,14.907407407407407,11.0,64.0,"Tue, Jul  5, 2016","Thu, Jul  7, 2016"
7669,Northwest Florida Beaches International,Panama City,United States,ECP,KECP,30.3417,-85.7973,69,-6,A,"Panama City, FL",446,444,452,452,3.8744394618834077,11.373873873873874,32.0,49.0,"Sat, Jul 23, 2016","Wed, Jul  6, 2016"
4250,Eagle County Regional,Vail,United States,EGE,KEGE,39.642556,-106.917694,6540,-7,A,"Eagle, CO",107,107,107,107,4.3271028037383195,16.710280373831775,7.0,66.0,"Thu, Jul 14, 2016","Fri, Jul  1, 2016"
5736,Elko Regional Airport,Elko,United States,EKO,KEKO,40.8249,-115.792,5140,-8,A,"Elko, NV",56,56,56,56,4.4107142857142865,9.75,7.0,24.0,"Fri, Jul 22, 2016","Tue, Jul  5, 2016"
3946,Elmira Corning Regional,Elmira,United States,ELM,KELM,42.159889,-76.891611,954,-5,A,"Elmira/Corning, NY",148,148,148,148,3.236486486486487,14.93918918918919,5.0,46.0,"Fri, Jul  1, 2016","Sat, Jul 30, 2016"
3559,El Paso International,El Paso,United States,ELP,KELP,31.80725,-106.377583,3958,-7,A,"El Paso, TX",947,947,969,969,4.195353748680036,13.036958817317842,26.0,96.0,"Wed, Jul 13, 2016","Sat, Jul  9, 2016"
4276,Erie International-Tom Ridge Field,Erie,United States,ERI,KERI,42.082022,-80.176217,733,-5,A,"Erie, PA",51,51,55,55,4.568627450980394,14.0,15.0,46.0,"Tue, Jul 12, 2016","Fri, Jul 22, 2016"
6800,Delta County Airport,Escanaba,United States,ESC,KESC,45.722778,-87.093611,609,-5,A,"Escanaba, MI",51,51,52,52,4.549019607843137,11.705882352941176,8.0,22.0,"Thu, Jul 14, 2016","Fri, Jul  8, 2016"
4099,Mahlon Sweet Field,Eugene,United States,EUG,KEUG,44.124583,-123.211972,374,-8,A,"Eugene, OR",308,308,308,308,4.503246753246748,14.133116883116884,17.0,70.0,"Wed, Jul 20, 2016","Mon, Jul  4, 2016"
4018,Evansville Regional,Evansville,United States,EVV,KEVV,38.036997,-87.532364,418,-6,A,"Evansville, IN",240,236,248,247,4.329166666666668,15.309322033898304,16.0,77.0,"Fri, Jul  8, 2016","Wed, Jul  6, 2016"
3730,Craven County Regional,New Bern,United States,EWN,KEWN,35.072972,-77.042944,18,-5,A,"New Bern/Morehead/Beaufort, NC",60,60,60,60,3.716666666666667,13.35,15.0,32.0,"Fri, Jul  8, 2016","Sat, Jul 30, 2016"
3494,Newark Liberty International,Newark,United States,EWR,KEWR,40.6925,-74.168667,18,-5,A,"Newark, NJ",9622,9620,10224,10183,10.596653502390362,22.649584199584197,71.0,139.0,"Fri, Jul  1, 2016","Fri, Jul  1, 2016"
3875,Key West International,Key West,United States,EYW,KEYW,24.556111,-81.759556,3,-5,A,"Key West, FL",127,127,127,127,2.4488188976377954,10.06299212598425,14.0,71.0,"Wed, Jul 13, 2016","Wed, Jul 20, 2016"
3832,Fairbanks International,Fairbanks,United States,FAI,PAFA,64.815114,-147.856267,434,-9,A,"Fairbanks, AK",310,309,310,310,3.735483870967742,11.407766990291263,12.0,30.0,"Wed, Jul 13, 2016","Mon, Jul 18, 2016"
4292,Hector International Airport,Fargo,United States,FAR,KFAR,46.92065,-96.8157639,902,-6,A,"Fargo, ND",340,337,350,350,6.261764705882352,15.780415430267068,31.0,84.0,"Thu, Jul 21, 2016","Sat, Jul 23, 2016"
3687,Fresno Yosemite International,Fresno,United States,FAT,KFAT,36.776194,-119.71814,336,-8,A,"Fresno, CA",772,773,773,774,5.440414507772023,15.860284605433376,23.0,81.0,"Sat, Jul  9, 2016","Thu, Jul  7, 2016"
5738,Fayetteville Regional-Grannis Field,Fayetteville,United States,FAY,KFAY,34.9912,-78.8803,189,-5,A,"Fayetteville, NC",141,141,143,143,4.007092198581558,13.99290780141844,14.0,85.0,"Tue, Jul 12, 2016","Tue, Jul 19, 2016"
4127,Glacier Park International,Kalispell,United States,FCA,KFCA,48.310472,-114.256,2977,-7,A,"Kalispell, MT",309,308,309,309,4.705501618122977,14.805194805194805,26.0,66.0,"Tue, Jul 19, 2016","Fri, Jul 22, 2016"
4261,Flagstaff Pulliam Airport,Flagstaff,United States,FLG,KFLG,35.140318,-111.6692392,7015,-7,N,"Flagstaff, AZ",176,175,177,177,4.710227272727271,16.085714285714285,62.0,43.0,"Fri, Jul 29, 2016","Sat, Jul 30, 2016"
3533,Fort Lauderdale Hollywood International,Fort Lauderdale,United States,FLL,KFLL,26.072583,-80.15275,9,-5,A,"Fort Lauderdale, FL",6669,6668,6768,6766,5.799820062977951,15.259598080383924,64.0,140.0,"Sun, Jul  3, 2016","Sun, Jul 31, 2016"
4089,Bishop International,Flint,United States,FNT,KFNT,42.965424,-83.743629,782,-5,A,"Flint, MI",361,365,376,375,4.318559556786705,11.17534246575342,16.0,48.0,"Tue, Jul  5, 2016","Thu, Jul 14, 2016"
4009,Sioux Falls,Sioux Falls,United States,FSD,KFSD,43.582014,-96.741914,1429,-6,A,"Sioux Falls, SD",320,320,329,329,5.078125000000003,15.656249999999995,20.0,103.0,"Sat, Jul 23, 2016","Sun, Jul 24, 2016"
3437,Fort Smith Regional,Fort Smith,United States,FSM,KFSM,35.336583,-94.367444,469,-6,A,"Fort Smith, AR",68,68,68,68,3.764705882352941,12.382352941176471,7.0,70.0,"Sat, Jul  2, 2016","Thu, Jul 14, 2016"
4041,Fort Wayne,Fort Wayne,United States,FWA,KFWA,40.978472,-85.195139,815,-5,A,"Fort Wayne, IN",338,338,342,343,5.8757396449704125,16.816568047337274,25.0,76.0,"Mon, Jul  4, 2016","Mon, Jul 11, 2016"
4296,Gillette-Campbell County Airport,Gillette,United States,GCC,KGCC,44.3489167,-105.5393611,4365,-7,A,"Gillette, WY",86,87,87,87,4.8139534883720945,12.137931034482762,7.0,30.0,"Sun, Jul 31, 2016","Thu, Jul 21, 2016"
3497,Garden City Regional,Garden City,United States,GCK,KGCK,37.927528,-100.724417,2891,-6,A,"Garden City, KS",62,62,62,62,3.6451612903225805,12.709677419354838,6.0,35.0,"Thu, Jul  7, 2016","Sat, Jul 23, 2016"
3467,Spokane International,Spokane,United States,GEG,KGEG,47.619861,-117.533833,2376,-8,A,"Spokane, WA",890,891,897,897,4.0,11.913580246913584,25.0,89.0,"Tue, Jul 26, 2016","Wed, Jul  6, 2016"
3442,Grand Forks International,Grand Forks,United States,GFK,KGFK,47.949256,-97.176111,845,-6,A,"Grand Forks, ND",120,120,120,120,4.466666666666667,14.033333333333333,19.0,30.0,"Sat, Jul 30, 2016","Mon, Jul 25, 2016"
3465,East Texas Regional,Longview,United States,GGG,KGGG,32.384014,-94.711486,365,-6,A,"Longview, TX",32,32,33,33,5.40625,12.4375,11.0,77.0,"Thu, Jul  7, 2016","Tue, Jul 26, 2016"
4063,Grand Junction Regional,Grand Junction,United States,GJT,KGJT,39.122413,-108.526735,4858,-7,A,"Grand Junction, CO",261,261,264,264,4.279693486590038,15.908045977011481,29.0,74.0,"Mon, Jul 18, 2016","Fri, Jul 15, 2016"
3472,Gainesville Regional,Gainesville,United States,GNV,KGNV,29.690056,-82.271778,152,-5,A,"Gainesville, FL",177,176,179,179,3.384180790960452,16.051136363636363,11.0,117.0,"Wed, Jul 20, 2016","Thu, Jul 21, 2016"
4038,Gulfport-Biloxi,Gulfport,United States,GPT,KGPT,30.407278,-89.070111,28,-6,A,"Gulfport/Biloxi, MS",259,262,270,270,4.63320463320463,13.148854961832061,10.0,65.0,"Sun, Jul 10, 2016","Tue, Jul 19, 2016"
3653,Austin Straubel International,Green Bay,United States,GRB,KGRB,44.485072,-88.129589,695,-6,A,"Green Bay, WI",365,372,372,380,4.400000000000002,11.658602150537641,48.0,43.0,"Tue, Jul 19, 2016","Sat, Jul 23, 2016"
5740,Central Nebraska Regional Airport,Grand Island,United States,GRI,KGRI,40.9675,-98.3096,1847,-6,A,"Grand Island, NE",50,49,50,49,4.18,11.30612244897959,11.0,29.0,"Mon, Jul 25, 2016","Fri, Jul  8, 2016"
3775,Robert Gray AAF,Killeen,United States,GRK,KGRK,31.06725,-97.828917,1015,-6,A,"Killeen, TX",127,127,128,128,3.7322834645669305,14.464566929133857,13.0,37.0,"Sat, Jul  9, 2016","Wed, Jul  6, 2016"
3685,Gerald R. Ford International,Grand Rapids,United States,GRR,KGRR,42.880833,-85.522806,794,-5,A,"Grand Rapids, MI",664,665,692,691,4.614457831325298,12.607518796992487,22.0,134.0,"Wed, Jul 13, 2016","Sun, Jul 24, 2016"
4008,Piedmont Triad,Greensboro,United States,GSO,KGSO,36.09775,-79.937306,925,-5,A,"Greensboro/High Point, NC",463,455,491,493,4.406047516198712,16.70769230769228,44.0,76.0,"Wed, Jul 27, 2016","Wed, Jul 27, 2016"
4034,Greenville-Spartanburg International,Greenville,United States,GSP,KGSP,34.895556,-82.218889,964,-5,A,"Greer, SC",531,530,551,551,4.621468926553676,15.164150943396226,39.0,135.0,"Wed, Jul 27, 2016","Wed, Jul  6, 2016"
5960,Gustavus Airport,Gustavus,United States,GST,PAGS,58.4253,-135.707,34,-9,A,"Gustavus, AK",31,31,31,31,5.0,7.967741935483871,7.0,22.0,"Mon, Jul  4, 2016","Fri, Jul 29, 2016"
3880,Great Falls International,Great Falls,United States,GTF,KGTF,47.482,-111.370689,3677,-7,A,"Great Falls, MT",244,244,245,245,4.430327868852457,13.286885245901642,23.0,53.0,"Sun, Jul 31, 2016","Fri, Jul 15, 2016"
4273,Golden Triangle Regional Airport,Columbus Mississippi,United States,GTR,KGTR,33.450333,-88.591361,264,-6,A,"Columbus, MS",82,83,86,86,3.548780487804878,13.91566265060241,5.0,37.0,"Mon, Jul 18, 2016","Sat, Jul 30, 2016"
7051,Gunnison - Crested Butte,Gunnison,United States,GUC,KGUC,38.533889,-106.933056,7678,-7,A,"Gunnison, CO",31,31,33,32,4.161290322580645,18.129032258064516,10.0,39.0,"Fri, Jul 22, 2016","Sat, Jul  9, 2016"
4339,Yampa Valley,Hayden,United States,HDN,KHDN,40.481181,-107.21766,6602,-7,A,"Hayden, CO",30,30,32,32,4.133333333333334,14.166666666666666,7.0,24.0,"Mon, Jul 18, 2016","Sun, Jul 17, 2016"
3650,Chisholm Hibbing,Hibbing,United States,HIB,KHIB,47.3866,-92.838994,1353,-6,A,"Hibbing, MN",83,83,83,83,6.240963855421687,14.57831325301205,12.0,45.0,"Fri, Jul  1, 2016","Tue, Jul  5, 2016"
3504,Helena Regional,Helena,United States,HLN,KHLN,46.606806,-111.98275,3877,-7,A,"Helena, MT",146,146,148,148,3.486301369863014,13.356164383561644,19.0,70.0,"Mon, Jul 25, 2016","Mon, Jul 18, 2016"
3728,Honolulu International,Honolulu,United States,HNL,PHNL,21.318681,-157.922428,13,-10,N,"Honolulu, HI",4328,4329,4339,4338,7.451709796672827,15.779856779856777,86.0,93.0,"Mon, Jul 25, 2016","Sun, Jul 24, 2016"
3749,Lea County Regional,Hobbs,United States,HOB,KHOB,32.687528,-103.217028,3661,-7,A,"Hobbs, NM",53,54,56,56,5.264150943396225,9.574074074074074,9.0,29.0,"Sun, Jul 10, 2016","Sun, Jul  3, 2016"
3566,William P. Hobby,Houston,United States,HOU,KHOU,29.645419,-95.278889,46,-6,A,"Houston, TX",4608,4624,4758,4758,7.032986111111115,10.060553633218,62.0,95.0,"Mon, Jul 25, 2016","Mon, Jul 25, 2016"
3589,Westchester County,White Plains,United States,HPN,KHPN,41.066959,-73.707575,439,-5,A,"White Plains, NY",592,595,607,609,7.322635135135137,18.262184873949597,125.0,124.0,"Fri, Jul  1, 2016","Thu, Jul 14, 2016"
3560,Valley International,Harlingen,United States,HRL,KHRL,26.2285,-97.654389,36,-6,A,"Harlingen/San Benito, TX",268,267,274,274,3.9365671641791047,9.857677902621724,14.0,28.0,"Sun, Jul 17, 2016","Mon, Jul 25, 2016"
4113,Huntsville International Airport-Carl T. Jones Field,Huntsville,United States,HSV,KHSV,34.6371944,-86.7750556,629,-6,A,"Huntsville, AL",352,352,355,355,4.744318181818183,15.196022727272721,16.0,63.0,"Sun, Jul 24, 2016","Sun, Jul 17, 2016"
4278,Barnstable Municipal-Boardman Polando Field,Barnstable,United States,HYA,KHYA,41.669336,-70.280356,55,-5,A,"Hyannis, MA",31,30,31,31,3.4516129032258065,10.166666666666666,6.0,33.0,"Sat, Jul  9, 2016","Thu, Jul  7, 2016"
7014,Hays Regional Airport,Hays,United States,HYS,KHYS,38.8422,-99.2732,1998,-5,A,"Hays, KS",51,51,52,52,5.196078431372551,11.176470588235293,9.0,26.0,"Mon, Jul 18, 2016","Mon, Jul 25, 2016"
3714,Washington Dulles International,Washington,United States,IAD,KIAD,38.944533,-77.455811,313,-5,A,"Washington, DC",3195,3200,3235,3239,6.954929577464789,17.692812500000024,76.0,157.0,"Mon, Jul 25, 2016","Sat, Jul 30, 2016"
3630,Niagara Falls International,Niagara Falls,United States,IAG,KIAG,43.107333,-78.946194,589,-5,A,"Niagara Falls, NY",27,27,27,27,6.2592592592592595,13.555555555555555,10.0,39.0,"Sat, Jul  9, 2016","Sat, Jul  9, 2016"
3550,George Bush Intercontinental Houston,Houston,United States,IAH,KIAH,29.984433,-95.341442,97,-6,A,"Houston, TX",11490,11524,11681,11683,8.196866840731044,16.717545990975438,106.0,145.0,"Fri, Jul 29, 2016","Wed, Jul 27, 2016"
3457,Wichita Mid Continent,Wichita,United States,ICT,KICT,37.649944,-97.433056,1333,-6,A,"Wichita, KS",669,669,676,677,4.8923766816143495,12.949177877428998,25.0,86.0,"Fri, Jul 29, 2016","Sun, Jul 24, 2016"
4100,Idaho Falls Regional,Idaho Falls,United States,IDA,KIDA,43.514556,-112.07075,4744,-7,A,"Idaho Falls, ID",245,244,245,244,4.461224489795916,11.872950819672132,11.0,116.0,"Tue, Jul 19, 2016","Mon, Jul 18, 2016"
3845,Wilmington International,Wilmington,United States,ILM,KILM,34.270615,-77.902569,32,-5,A,"Wilmington, NC",228,234,238,238,2.8289473684210535,15.448717948717949,10.0,138.0,"Sun, Jul  3, 2016","Mon, Jul 11, 2016"
6837,Ford Airport,Iron Mountain,United States,IMT,KIMT,45.8183611,-88.1145556,1182,-5,A,"Iron Mountain/Kingsfd, MI",57,57,57,57,4.122807017543859,12.947368421052632,6.0,28.0,"Wed, Jul 13, 2016","Tue, Jul 26, 2016"
3585,Indianapolis International,Indianapolis,United States,IND,KIND,39.717331,-86.294383,797,-5,A,"Indianapolis, IN",2374,2368,2418,2421,6.203032855939348,12.241131756756753,40.0,97.0,"Sun, Jul 24, 2016","Thu, Jul 21, 2016"
3535,Falls International,International Falls,United States,INL,KINL,48.566186,-93.403067,1185,-6,A,"International Falls, MN",54,54,54,54,4.555555555555556,13.555555555555555,14.0,38.0,"Tue, Jul  5, 2016","Tue, Jul  5, 2016"
3659,Sloulin Field International,Williston,United States,ISN,KISN,48.177939,-103.642347,1982,-7,A,"Williston, ND",145,145,145,145,4.6896551724137945,17.420689655172396,8.0,78.0,"Sun, Jul 24, 2016","Sun, Jul 24, 2016"
3857,Long Island MacArthur,Islip,United States,ISP,KISP,40.79525,-73.100222,99,-5,A,"Islip, NY",392,390,407,407,4.642857142857147,9.14615384615385,11.0,46.0,"Fri, Jul  1, 2016","Sat, Jul 30, 2016"
3947,Ithaca Tompkins Regional,Ithaca,United States,ITH,KITH,42.491028,-76.458444,1099,-5,A,"Ithaca/Cortland, NY",43,44,44,44,4.162790697674419,19.454545454545453,16.0,45.0,"Sun, Jul 31, 2016","Fri, Jul  1, 2016"
3415,Hilo International,Hilo,United States,ITO,PHTO,19.721375,-155.048469,38,-10,N,"Hilo, HI",541,528,543,531,5.510166358595191,8.875000000000004,12.0,28.0,"Wed, Jul 20, 2016","Thu, Jul  7, 2016"
4027,Jackson Hole Airport,Jacksn Hole,United States,JAC,KJAC,43.60733333,-110.73775,6451,-7,A,"Jackson, WY",572,568,574,571,3.7220279720279694,14.556338028169014,79.0,55.0,"Sat, Jul 30, 2016","Sun, Jul 17, 2016"
3580,Jackson Evers International,Jackson,United States,JAN,KJAN,32.311167,-90.075889,346,-6,A,"Jackson/Vicksburg, MS",461,462,472,470,4.611713665943605,13.774891774891772,20.0,89.0,"Mon, Jul 18, 2016","Sat, Jul 23, 2016"
3712,Jacksonville International,Jacksonville,United States,JAX,KJAX,30.494056,-81.687861,30,-5,A,"Jacksonville, FL",1540,1541,1576,1577,5.3454545454545475,13.597014925373141,89.0,79.0,"Tue, Jul 12, 2016","Thu, Jul 21, 2016"
3797,John F. Kennedy International,New York,United States,JFK,KJFK,40.639751,-73.778925,13,-5,A,"New York, NY",8539,8564,8771,8774,10.354256938751618,30.035730966837935,136.0,167.0,"Fri, Jul  1, 2016","Fri, Jul  1, 2016"
4354,Joplin Regional,Joplin,United States,JLN,KJLN,37.151814,-94.498269,981,-6,A,"Joplin, MO",57,58,61,62,4.771929824561406,10.793103448275867,37.0,22.0,"Thu, Jul 28, 2016","Fri, Jul 29, 2016"
5745,Jamestown Regional Airport,Jamestown,United States,JMS,KJMS,46.9297,-98.6782,1498,-6,A,"Jamestown, ND",83,83,84,84,4.204819277108434,15.0,7.0,68.0,"Sat, Jul 16, 2016","Sun, Jul 10, 2016"
3492,Juneau International,Juneau,United States,JNU,PAJN,58.354972,-134.576278,21,-9,A,"Juneau, AK",510,512,512,512,3.854901960784314,12.257812499999995,9.0,43.0,"Fri, Jul  1, 2016","Fri, Jul  1, 2016"
3514,Kona International At Keahole,Kona,United States,KOA,PHKO,19.738767,-156.045631,47,-10,N,"Kona, HI",1164,1175,1166,1178,5.152920962199311,10.781276595744687,30.0,47.0,"Sat, Jul  9, 2016","Thu, Jul 21, 2016"
3808,Ketchikan International,Ketchikan,United States,KTN,PAKT,55.355556,-131.71375,88,-9,A,"Ketchikan, AK",272,272,273,273,4.198529411764708,11.386029411764703,17.0,40.0,"Fri, Jul  1, 2016","Fri, Jul 29, 2016"
3544,Capital City,Lansing,United States,LAN,KLAN,42.7787,-84.587357,861,-5,A,"Lansing, MI",236,235,247,247,4.144067796610166,13.774468085106383,17.0,102.0,"Wed, Jul 20, 2016","Sat, Jul 23, 2016"
5746,Laramie Regional Airport,Laramie,United States,LAR,KLAR,41.3121,-105.675,7284,-7,A,"Laramie, WY",52,52,52,52,4.326923076923077,12.807692307692308,11.0,40.0,"Thu, Jul  7, 2016","Mon, Jul 18, 2016"
3877,McCarran International,Las Vegas,United States,LAS,KLAS,36.080056,-115.15225,2141,-8,A,"Las Vegas, NV",12820,12828,13055,13057,8.052808112324477,14.935765512940472,104.0,143.0,"Wed, Jul 20, 2016","Fri, Jul 29, 2016"
4256,Lawton-Fort Sill Regional Airport,Lawton,United States,LAW,KLAW,34.5677144,-98.4166367,1110,-6,A,"Lawton/Fort Sill, OK",61,61,62,62,3.0327868852459017,13.21311475409836,6.0,37.0,"Thu, Jul 21, 2016","Thu, Jul 28, 2016"
3484,Los Angeles International,Los Angeles,United States,LAX,KLAX,33.942536,-118.408075,126,-8,A,"Los Angeles, CA",19677,19695,19915,19920,15.009808405752924,18.753490733688743,110.0,124.0,"Tue, Jul 26, 2016","Mon, Jul 18, 2016"
3829,Lubbock Preston Smith International,Lubbock,United States,LBB,KLBB,33.663639,-101.822778,3282,-6,A,"Lubbock, TX",345,345,350,350,4.8289855072463785,10.547826086956519,13.0,32.0,"Sat, Jul 16, 2016","Wed, Jul  6, 2016"
5747,Arnold Palmer Regional Airport,Latrobe,United States,LBE,KLBE,40.2759,-79.4048,1185,-5,A,"Latrobe, PA",84,84,84,84,5.583333333333333,11.119047619047617,24.0,20.0,"Sat, Jul 30, 2016","Sat, Jul  9, 2016"
3513,Lake Charles Regional,Lake Charles,United States,LCH,KLCH,30.126112,-93.223335,15,-6,A,"Lake Charles, LA",90,89,91,90,4.811111111111111,12.157303370786517,11.0,59.0,"Wed, Jul 13, 2016","Sun, Jul 10, 2016"
4017,Blue Grass,Lexington KY,United States,LEX,KLEX,38.0365,-84.605889,979,-5,A,"Lexington, KY",443,444,462,461,5.0857787810383766,15.310810810810807,31.0,94.0,"Sun, Jul 17, 2016","Wed, Jul 13, 2016"
3493,Lafayette Regional,Lafayette,United States,LFT,KLFT,30.205278,-91.987611,43,-6,A,"Lafayette, LA",200,200,206,206,6.395,15.165,38.0,66.0,"Sat, Jul 23, 2016","Wed, Jul  6, 2016"
3697,LaGuardia Airport,New York,United States,LGA,KLGA,40.777245,-73.872608,22,-5,A,"New York, NY",8037,8053,8498,8497,9.329476172701254,28.460076989941644,103.0,163.0,"Mon, Jul 18, 2016","Thu, Jul 28, 2016"
3582,Long Beach,Long Beach,United States,LGB,KLGB,33.817722,-118.151611,60,-8,A,"Long Beach, CA",999,1002,1009,1010,3.948948948948949,11.799401197604787,28.0,45.0,"Thu, Jul 28, 2016","Thu, Jul  7, 2016"
3602,Lihue,Lihue,United States,LIH,PHLI,21.975983,-159.338958,153,-10,N,"Lihue, HI",1147,1145,1149,1149,5.946817785527462,9.013973799126635,27.0,64.0,"Wed, Jul  6, 2016","Tue, Jul 19, 2016"
3660,Adams Field,Little Rock,United States,LIT,KLIT,34.729444,-92.224306,262,-6,A,"Little Rock, AR",742,735,752,751,5.385444743935312,12.994557823129261,27.0,84.0,"Wed, Jul 13, 2016","Mon, Jul 11, 2016"
3543,Lincoln,Lincoln,United States,LNK,KLNK,40.850971,-96.75925,1219,-6,A,"Lincoln, NE",273,272,282,282,5.355311355311351,14.077205882352942,33.0,109.0,"Fri, Jul  1, 2016","Sat, Jul 23, 2016"
3691,Laredo International,Laredo,United States,LRD,KLRD,27.54375,-99.461556,508,-6,A,"Laredo, TX",193,193,200,198,3.8341968911917097,12.787564766839383,12.0,52.0,"Fri, Jul 29, 2016","Wed, Jul 27, 2016"
4044,LaCrosse Municipal,LaCrosse,United States,LSE,KLSE,43.878986,-91.256711,654,-6,A,"La Crosse, WI",83,83,83,83,3.5301204819277108,15.999999999999995,8.0,114.0,"Thu, Jul 14, 2016","Wed, Jul 27, 2016"
3945,Lewiston Nez Perce County,Lewiston,United States,LWS,KLWS,46.3745,-117.015389,1442,-8,A,"Lewiston, ID",60,60,60,60,4.633333333333335,10.966666666666667,7.0,25.0,"Fri, Jul  8, 2016","Fri, Jul  8, 2016"
3652,Midland International,Midland,United States,MAF,KMAF,31.942528,-102.201914,2871,-6,A,"Midland/Odessa, TX",444,443,456,456,3.7590090090090085,11.284424379232503,34.0,120.0,"Thu, Jul  7, 2016","Mon, Jul 25, 2016"
4128,MBS International,Saginaw,United States,MBS,KMBS,43.532913,-84.079647,668,-5,A,"Saginaw/Bay City/Midland, MI",201,200,203,203,4.7711442786069655,15.17,10.0,71.0,"Mon, Jul  4, 2016","Wed, Jul 13, 2016"
3458,Kansas City International,Kansas City,United States,MCI,KMCI,39.297606,-94.713905,1026,-6,A,"Kansas City, MO",3876,3889,3947,3950,5.975490196078433,12.278734893288753,37.0,95.0,"Thu, Jul  7, 2016","Wed, Jul 13, 2016"
3878,Orlando International,Orlando,United States,MCO,KMCO,28.429394,-81.308994,96,-5,A,"Orlando, FL",11009,11015,11149,11146,8.930057225906062,13.900136177939185,62.0,138.0,"Thu, Jul 14, 2016","Sat, Jul 16, 2016"
3542,Harrisburg International,Harrisburg,United States,MDT,KMDT,40.193494,-76.763403,310,-5,A,"Harrisburg, PA",170,169,174,174,4.6588235294117615,16.633136094674562,10.0,143.0,"Sat, Jul  2, 2016","Thu, Jul 21, 2016"
3747,Chicago Midway International,Chicago,United States,MDW,KMDW,41.785972,-87.752417,620,-6,A,"Chicago, IL",7856,7865,8140,8140,6.990835030549898,12.420216147488867,114.0,129.0,"Thu, Jul 21, 2016","Sun, Jul 24, 2016"
4335,Key Field,Meridian,United States,MEI,KMEI,32.332624,-88.751868,297,-6,A,"Meridian, MS",83,83,83,83,4.0,12.710843373493976,7.0,43.0,"Fri, Jul  8, 2016","Fri, Jul  8, 2016"
3473,Memphis International,Memphis,United States,MEM,KMEM,35.042417,-89.976667,341,-6,A,"Memphis, TN",1240,1237,1265,1265,6.033064516129032,14.152789005658837,67.0,89.0,"Sat, Jul  9, 2016","Wed, Jul 13, 2016"
3826,McAllen Miller International,Mcallen,United States,MFE,KMFE,26.175833,-98.238611,107,-6,A,"Mission/McAllen/Edinburg, TX",198,199,203,204,4.792929292929295,10.81909547738694,11.0,31.0,"Tue, Jul  5, 2016","Wed, Jul 27, 2016"
4101,Rogue Valley International Medford,Medford,United States,MFR,KMFR,42.374228,-122.8735,1335,-8,A,"Medford, OR",275,274,275,274,5.098181818181817,14.423357664233576,17.0,63.0,"Sun, Jul 24, 2016","Thu, Jul  7, 2016"
4115,Montgomery Regional Airport ,MONTGOMERY,United States,MGM,KMGM,32.3006389,-86.3939722,221,-6,A,"Montgomery, AL",193,193,197,197,3.6528497409326426,14.176165803108805,12.0,60.0,"Thu, Jul  7, 2016","Mon, Jul 25, 2016"
4011,Manchester Regional Airport,Manchester NH,United States,MHT,KMHT,42.932556,-71.435667,266,-5,A,"Manchester, NH",540,531,564,566,5.011111111111111,11.244821092278718,16.0,66.0,"Fri, Jul 15, 2016","Sat, Jul 23, 2016"
3576,Miami International,Miami,United States,MIA,KMIA,25.79325,-80.290556,8,-5,A,"Miami, FL",5874,5876,5945,5943,10.076608784473954,18.38189244383937,98.0,139.0,"Fri, Jul 29, 2016","Sat, Jul  2, 2016"
3717,General Mitchell International,Milwaukee,United States,MKE,KMKE,42.947222,-87.896583,723,-6,A,"Milwaukee, WI",2862,2866,2939,2939,5.233053808525513,12.439637124912768,41.0,103.0,"Sat, Jul 23, 2016","Wed, Jul 20, 2016"
5754,Muskegon County Airport,Muskegon,United States,MKG,KMKG,43.1695,-86.2382,628,-5,A,"Muskegon, MI",56,55,57,57,4.321428571428568,14.163636363636364,6.0,37.0,"Fri, Jul 15, 2016","Sun, Jul 24, 2016"
3671,Melbourne International,Melbourne,United States,MLB,KMLB,28.102753,-80.645258,33,-5,A,"Melbourne, FL",131,131,131,131,4.068702290076335,16.38167938931297,13.0,77.0,"Fri, Jul  1, 2016","Thu, Jul 21, 2016"
4072,Quad City International,Moline,United States,MLI,KMLI,41.448528,-90.507539,590,-6,A,"Moline, IL",158,160,163,165,4.284810126582277,13.368750000000002,17.0,47.0,"Mon, Jul 18, 2016","Thu, Jul 21, 2016"
3732,Monroe Regional,Monroe,United States,MLU,KMLU,32.510864,-92.037689,79,-6,A,"Monroe, LA",252,252,259,259,4.246031746031751,13.761904761904763,28.0,51.0,"Thu, Jul 21, 2016","Sun, Jul 31, 2016"
3782,Mobile Regional,Mobile,United States,MOB,KMOB,30.691231,-88.242814,219,-6,A,"Mobile, AL",448,450,464,462,4.035714285714289,14.248888888888892,31.0,80.0,"Sun, Jul 17, 2016","Tue, Jul 19, 2016"
3498,Minot International,Minot,United States,MOT,KMOT,48.259378,-101.280333,1716,-6,A,"Minot, ND",173,173,173,173,4.947976878612716,14.323699421965317,9.0,57.0,"Fri, Jul 22, 2016","Sat, Jul 23, 2016"
6838,Sawyer International Airport,Marquette,United States,MQT,KMQT,46.353611,-87.395278,1221,-5,A,"Marquette, MI",76,77,76,77,4.907894736842105,14.03896103896104,9.0,26.0,"Mon, Jul 18, 2016","Wed, Jul  6, 2016"
3948,Monterey Peninsula,Monterey,United States,MRY,KMRY,36.587,-121.842944,257,-8,A,"Monterey, CA",199,199,210,210,3.613065326633166,13.452261306532664,10.0,33.0,"Mon, Jul 18, 2016","Tue, Jul 19, 2016"
3459,Dane County Regional-Truax Field,Madison,United States,MSN,KMSN,43.139858,-89.337514,887,-6,A,"Madison, WI",663,669,693,692,4.770739064856716,13.147982062780272,28.0,126.0,"Sun, Jul 10, 2016","Wed, Jul  6, 2016"
4216,Missoula International,Missoula,United States,MSO,KMSO,46.916306,-114.090556,3205,-7,A,"Missoula, MT",344,344,345,345,6.5523255813953485,13.906976744186046,42.0,56.0,"Sun, Jul 24, 2016","Thu, Jul  7, 2016"
3858,Minneapolis St. Paul International,Minneapolis,United States,MSP,KMSP,44.881956,-93.221767,841,-6,A,"Minneapolis, MN",12137,12164,12227,12254,5.825739474334648,18.017675106872645,72.0,127.0,"Mon, Jul 25, 2016","Wed, Jul 13, 2016"
3861,Louis Armstrong New Orleans International,New Orleans,United States,MSY,KMSY,29.993389,-90.258028,4,-6,A,"New Orleans, LA",3539,3526,3587,3588,4.921164170669666,11.447249007373808,48.0,96.0,"Fri, Jul 29, 2016","Mon, Jul 25, 2016"
6880,Montrose Regional Airport,Montrose CO,United States,MTJ,KMTJ,38.509794,-107.894242,5759,-7,A,"Montrose/Delta, CO",74,74,76,76,4.6621621621621605,15.554054054054058,8.0,41.0,"Tue, Jul 12, 2016","Sun, Jul  3, 2016"
4265,Martha's Vineyard,Vineyard Haven MA,United States,MVY,KMVY,41.391667,-70.615278,67,-5,A,"Martha's Vineyard, MA",62,62,62,62,3.4516129032258065,11.0,14.0,63.0,"Mon, Jul 25, 2016","Fri, Jul  1, 2016"
3515,Myrtle Beach International,Myrtle Beach,United States,MYR,KMYR,33.67975,-78.928333,25,-5,A,"Myrtle Beach, SC",663,660,677,678,5.32579185520362,12.23181818181818,38.0,66.0,"Sat, Jul  9, 2016","Thu, Jul 28, 2016"
4386,Albert J. Ellis,Jacksonville NC,United States,OAJ,KOAJ,34.829164,-77.612139,94,-5,A,"Jacksonville/Camp Lejeune, NC",109,108,111,111,3.9541284403669725,15.59259259259259,12.0,60.0,"Sun, Jul 10, 2016","Wed, Jul  6, 2016"
3453,Metropolitan Oakland International,Oakland,United States,OAK,KOAK,37.721278,-122.220722,9,-8,A,"Oakland, CA",4385,4388,4504,4504,6.682782212086656,11.269371011850508,55.0,62.0,"Thu, Jul 28, 2016","Thu, Jul  7, 2016"
3456,Kahului,Kahului,United States,OGG,PHOG,20.89865,-156.430458,54,-10,N,"Kahului, HI",2144,2139,2150,2150,6.900186567164179,10.09864422627396,39.0,40.0,"Mon, Jul 25, 2016","Thu, Jul  7, 2016"
3863,Will Rogers World,Oklahoma City,United States,OKC,KOKC,35.393089,-97.600733,1295,-6,A,"Oklahoma City, OK",1313,1305,1338,1338,4.83625285605484,12.366283524904201,50.0,95.0,"Fri, Jul  8, 2016","Fri, Jul  8, 2016"
3454,Eppley Airfield,Omaha,United States,OMA,KOMA,41.303167,-95.894069,984,-6,A,"Omaha, NE",1486,1488,1517,1517,5.062584118438749,12.07594086021504,61.0,110.0,"Sat, Jul  9, 2016","Fri, Jul  8, 2016"
3615,Nome,Nome,United States,OME,PAOM,64.512203,-165.445247,37,-9,A,"Nome, AK",61,61,61,61,3.5081967213114753,6.60655737704918,7.0,25.0,"Fri, Jul  8, 2016","Thu, Jul  7, 2016"
3734,Ontario International,Ontario,United States,ONT,KONT,34.056,-117.601194,944,-8,A,"Ontario, CA",1590,1587,1624,1624,4.761006289308175,11.619407687460603,41.0,79.0,"Sat, Jul 23, 2016","Sun, Jul 10, 2016"
3830,Chicago O'Hare International,Chicago,United States,ORD,KORD,41.978603,-87.904842,668,-6,A,"Chicago, IL",21403,21457,22206,22214,14.490118207727908,21.38947662767386,169.0,154.0,"Sat, Jul 23, 2016","Sat, Jul 23, 2016"
3611,Norfolk International,Norfolk,United States,ORF,KORF,36.894611,-76.201222,26,-5,A,"Norfolk, VA",1033,1026,1075,1074,4.965150048402714,13.969785575048729,47.0,120.0,"Sat, Jul 30, 2016","Sat, Jul  9, 2016"
6426,Worcester Regional Airport,Worcester,United States,ORH,KORH,42.2673,-71.8757,1009,-5,U,"Worcester, MA",59,59,62,61,3.949152542372881,13.033898305084746,8.0,66.0,"Sun, Jul  3, 2016","Sat, Jul 30, 2016"
5757,Southwest Oregon Regional Airport,North Bend,United States,OTH,KOTH,43.4171,-124.246,17,-8,A,"North Bend/Coos Bay, OR",39,39,39,39,3.9743589743589745,12.717948717948717,8.0,24.0,"Sun, Jul 17, 2016","Fri, Jul 29, 2016"
3693,Ralph Wien Memorial,Kotzebue,United States,OTZ,PAOT,66.884678,-162.59855,11,-9,A,"Kotzebue, AK",60,60,61,61,3.3333333333333335,6.6833333333333345,7.0,16.0,"Mon, Jul  4, 2016","Fri, Jul  1, 2016"
4117,Barkley Regional Airport,PADUCAH,United States,PAH,KPAH,37.0602875,-88.7729583,410,-6,A,"Paducah, KY",54,53,57,57,4.277777777777778,12.79245283018868,6.0,61.0,"Tue, Jul  5, 2016","Sun, Jul  3, 2016"
3771,Plattsburgh International,Plattsburgh,United States,PBG,KPBG,44.650944,-73.468139,234,-5,A,"Plattsburgh, NY",26,26,26,26,7.576923076923077,11.692307692307692,37.0,23.0,"Thu, Jul 28, 2016","Sat, Jul 16, 2016"
3722,Palm Beach International,West Palm Beach,United States,PBI,KPBI,26.683161,-80.095589,19,-5,A,"West Palm Beach/Palm Beach, FL",1631,1628,1653,1653,4.380134886572652,13.691646191646196,54.0,98.0,"Fri, Jul 22, 2016","Wed, Jul 13, 2016"
3720,Portland International,Portland,United States,PDX,KPDX,45.588722,-122.5975,30,-8,A,"Portland, OR",5661,5661,5717,5716,4.3144320791379585,12.64405582052644,41.0,94.0,"Sun, Jul  3, 2016","Wed, Jul  6, 2016"
3633,Newport News Williamsburg International,Newport News,United States,PHF,KPHF,37.131894,-76.492989,43,-5,A,"Newport News/Williamsburg, VA",114,114,115,115,3.807017543859649,13.19298245614035,10.0,34.0,"Fri, Jul  1, 2016","Tue, Jul 12, 2016"
3752,Philadelphia International,Philadelphia,United States,PHL,KPHL,39.871944,-75.241139,36,-5,A,"Philadelphia, PA",6533,6540,6629,6626,7.015153834379308,23.93470948012232,64.0,154.0,"Mon, Jul  4, 2016","Mon, Jul 18, 2016"
3462,Phoenix Sky Harbor International,Phoenix,United States,PHX,KPHX,33.434278,-112.011583,1135,-7,N,"Phoenix, AZ",13749,13782,14012,14009,7.957160520765175,15.310332317515577,95.0,150.0,"Wed, Jul 20, 2016","Fri, Jul 29, 2016"
4046,Peoria Regional,Peoria,United States,PIA,KPIA,40.664203,-89.693258,660,-6,A,"Peoria, IL",252,254,262,263,4.861111111111111,15.665354330708645,19.0,81.0,"Sun, Jul 24, 2016","Wed, Jul 13, 2016"
5759,Hattiesburg Laurel Regional Airport,Hattiesburg/Laurel,United States,PIB,KPIB,31.4671,-89.3371,298,-6,A,"Hattiesburg/Laurel, MS",52,52,52,52,3.75,15.288461538461535,10.0,61.0,"Tue, Jul  5, 2016","Mon, Jul 11, 2016"
5760,Pocatello Regional Airport,Pocatello,United States,PIH,KPIH,42.9098,-112.596,4452,-7,A,"Pocatello, ID",81,81,81,81,3.617283950617284,10.345679012345682,6.0,23.0,"Sun, Jul 17, 2016","Sat, Jul 16, 2016"
3570,Pittsburgh International,Pittsburgh (pennsylva),United States,PIT,KPIT,40.491467,-80.232872,1204,-5,A,"Pittsburgh, PA",2266,2261,2312,2312,5.80582524271845,12.069438301636442,53.0,107.0,"Sat, Jul 30, 2016","Wed, Jul 20, 2016"
5762,Pellston Regional Airport of Emmet County Airport,Pellston,United States,PLN,KPLN,45.5709,-84.7967,720,-5,A,"Pellston, MI",169,169,169,169,5.414201183431952,11.745562130177513,9.0,33.0,"Tue, Jul 26, 2016","Sun, Jul 24, 2016"
3564,Pensacola Regional,Pensacola,United States,PNS,KPNS,30.473425,-87.186611,121,-6,A,"Pensacola, FL",586,584,593,593,4.293515358361777,13.429794520547944,35.0,89.0,"Wed, Jul  6, 2016","Sat, Jul 23, 2016"
6133,Tri Cities Airport,Pasco,United States,PSC,PSC,46.2647,-119.119,410,-8,A,"Pasco/Kennewick/Richland, WA",336,336,337,337,4.910714285714282,13.898809523809522,24.0,48.0,"Fri, Jul  1, 2016","Tue, Jul 26, 2016"
4147,Petersburg James A. Johnson,Petersburg,United States,PSG,PAPG,56.801667,-132.945278,105,-9,A,"Petersburg, AK",62,62,62,62,3.7419354838709675,7.870967741935484,6.0,21.0,"Wed, Jul  6, 2016","Sat, Jul 30, 2016"
3839,Palm Springs International,Palm Springs,United States,PSP,KPSP,33.829667,-116.506694,477,-8,A,"Palm Springs, CA",571,570,581,579,5.141856392294215,14.835087719298249,24.0,72.0,"Thu, Jul 14, 2016","Thu, Jul 28, 2016"
3641,Theodore Francis Green State,Providence,United States,PVD,KPVD,41.732581,-71.420383,55,-5,A,"Providence, RI",1055,1049,1086,1087,4.758293838862555,11.679694947569107,32.0,65.0,"Sat, Jul 23, 2016","Thu, Jul 14, 2016"
3862,Portland International Jetport,Portland,United States,PWM,KPWM,43.646161,-70.309281,77,-5,A,"Portland, ME",636,628,679,679,3.95440251572327,13.31847133757961,26.0,134.0,"Mon, Jul 25, 2016","Sat, Jul 23, 2016"
4087,Rapid City Regional Airport,Rapid City,United States,RAP,KRAP,44.045278,-103.057222,3204,-7,A,"Rapid City, SD",423,420,430,427,5.219858156028367,14.854761904761904,26.0,53.0,"Sat, Jul  9, 2016","Sun, Jul  3, 2016"
4098,Redding Municipal,Redding,United States,RDD,KRDD,40.509,-122.293389,504,-8,A,"Redding, CA",91,91,92,92,4.593406593406593,16.395604395604394,9.0,60.0,"Mon, Jul 11, 2016","Mon, Jul 18, 2016"
4103,Roberts Field,Redmond-Bend,United States,RDM,KRDM,44.254066,-121.149964,3077,-8,A,"Bend/Redmond, OR",332,333,333,333,4.659638554216868,13.66966966966967,9.0,55.0,"Sat, Jul  9, 2016","Sun, Jul 17, 2016"
3626,Raleigh Durham International,Raleigh-durham,United States,RDU,KRDU,35.877639,-78.787472,435,-5,A,"Raleigh/Durham, NC",3140,3134,3216,3216,6.326114649681535,14.991065730695606,102.0,125.0,"Fri, Jul 15, 2016","Sat, Jul 16, 2016"
5765,Rhinelander Oneida County Airport,Rhinelander,United States,RHI,KRHI,45.6312,-89.4675,1624,-6,A,"Rhinelander, WI",88,88,88,88,4.704545454545456,16.193181818181817,9.0,66.0,"Sat, Jul  2, 2016","Sun, Jul 10, 2016"
3608,Richmond International,Richmond,United States,RIC,KRIC,37.505167,-77.319667,167,-5,A,"Richmond, VA",1364,1365,1407,1408,6.931818181818184,16.10622710622711,70.0,119.0,"Sat, Jul 16, 2016","Wed, Jul 27, 2016"
5766,Rock Springs Sweetwater County Airport,Rock Springs,United States,RKS,KRKS,41.5942,-109.065,6760,-7,A,"Rock Springs, WY",56,56,56,56,3.5892857142857144,11.25,11.0,46.0,"Mon, Jul 11, 2016","Fri, Jul 15, 2016"
3807,Reno Tahoe International,Reno,United States,RNO,KRNO,39.499108,-119.768108,4415,-8,A,"Reno, NV",1320,1316,1347,1347,4.709090909090914,12.241641337386016,26.0,70.0,"Sun, Jul 31, 2016","Thu, Jul 28, 2016"
4016,Roanoke Regional,Roanoke VA,United States,ROA,KROA,37.325472,-79.975417,1175,-5,A,"Roanoke, VA",159,160,164,164,5.2075471698113205,15.9,15.0,42.0,"Wed, Jul 20, 2016","Tue, Jul  5, 2016"
3622,Greater Rochester International,Rochester,United States,ROC,KROC,43.118866,-77.672389,559,-5,A,"Rochester, NY",636,631,669,670,5.614779874213837,12.535657686212351,16.0,109.0,"Fri, Jul  1, 2016","Thu, Jul  7, 2016"
3736,Roswell International Air Center,Roswell,United States,ROW,KROW,33.301556,-104.530556,3671,-7,A,"Roswell, NM",36,36,36,36,5.388888888888889,14.75,9.0,29.0,"Sat, Jul 16, 2016","Sun, Jul 31, 2016"
4048,Rochester,Rochester,United States,RST,KRST,43.908283,-92.500014,1317,-6,A,"Rochester, MN",113,114,114,115,3.318584070796461,11.587719298245615,17.0,35.0,"Thu, Jul 21, 2016","Sat, Jul 23, 2016"
3793,Southwest Florida International,Fort Myers,United States,RSW,KRSW,26.536167,-81.755167,30,-5,A,"Fort Myers, FL",1611,1604,1637,1637,4.759776536312838,12.153990024937649,58.0,93.0,"Sun, Jul 31, 2016","Thu, Jul 28, 2016"
3784,Santa Fe Municipal,Santa Fe,United States,SAF,KSAF,35.617108,-106.089422,6348,-7,A,"Santa Fe, NM",119,119,121,121,4.277310924369751,14.638655462184873,17.0,40.0,"Wed, Jul 27, 2016","Thu, Jul 21, 2016"
3731,San Diego International,San Diego,United States,SAN,KSAN,32.733556,-117.189667,17,-8,A,"San Diego, CA",7042,7034,7161,7161,4.30985515478557,16.184674438441895,32.0,95.0,"Sat, Jul 23, 2016","Fri, Jul 29, 2016"
3621,San Antonio International,San Antonio,United States,SAT,KSAT,29.533694,-98.469778,809,-6,A,"San Antonio, TX",2699,2705,2749,2749,4.324564653575413,12.2192236598891,49.0,98.0,"Mon, Jul 25, 2016","Mon, Jul 25, 2016"
3613,Savannah Hilton Head International,Savannah,United States,SAV,KSAV,32.127583,-81.202139,51,-5,A,"Savannah, GA",609,618,635,636,5.382594417077171,15.545307443365695,32.0,63.0,"Sun, Jul 31, 2016","Thu, Jul 21, 2016"
3949,Santa Barbara Municipal,Santa Barbara,United States,SBA,KSBA,34.426211,-119.840372,10,-8,A,"Santa Barbara, CA",526,526,534,534,4.872623574144486,16.16349809885934,34.0,80.0,"Mon, Jul  4, 2016","Wed, Jul 27, 2016"
4359,South Bend Regional,South Bend,United States,SBN,KSBN,41.708661,-86.31725,799,-5,A,"South Bend, IN",466,473,477,478,5.347639484978546,16.682875264270596,37.0,84.0,"Mon, Jul 11, 2016","Sat, Jul  2, 2016"
5768,San Luis County Regional Airport,San Luis Obispo,United States,SBP,KSBP,35.2368,-120.642,212,-8,A,"San Luis Obispo, CA",255,254,255,255,3.823529411764706,15.51968503937008,12.0,56.0,"Fri, Jul  8, 2016","Sun, Jul 31, 2016"
3620,Deadhorse,Deadhorse,United States,SCC,PASC,70.19475,-148.465167,64,-9,A,"Deadhorse, AK",61,61,62,62,4.44262295081967,6.032786885245901,8.0,19.0,"Wed, Jul 13, 2016","Fri, Jul  1, 2016"
4318,University Park Airport,State College Pennsylvania,United States,SCE,KUNV,40.849278,-77.848694,1239,-5,A,"State College, PA",54,56,61,61,6.092592592592593,11.232142857142858,15.0,35.0,"Sun, Jul  3, 2016","Fri, Jul 29, 2016"
4014,Louisville International Airport,Louisville,United States,SDF,KSDF,38.1740858,-85.7364989,501,-5,A,"Louisville, KY",837,839,864,864,6.475507765830348,12.336114421930867,43.0,88.0,"Fri, Jul 29, 2016","Mon, Jul 11, 2016"
3577,Seattle Tacoma International,Seattle,United States,SEA,KSEA,47.449,-122.309306,433,-8,A,"Seattle, WA",13094,13099,13165,13165,8.635940125248194,18.001450492404032,86.0,101.0,"Wed, Jul 20, 2016","Sun, Jul 24, 2016"
3469,San Francisco International,San Francisco,United States,SFO,KSFO,37.618972,-122.374889,13,-8,A,"San Francisco, CA",15307,15330,15493,15491,7.8799895472659545,18.861187214611824,107.0,106.0,"Sun, Jul 10, 2016","Fri, Jul  1, 2016"
4348,Springfield Branson National,Springfield,United States,SGF,KSGF,37.245667,-93.388639,1268,-6,A,"Springfield, MO",237,239,246,247,5.39662447257384,15.083682008368202,21.0,53.0,"Sat, Jul 16, 2016","Thu, Jul 21, 2016"
4064,St. George Municipal,Saint George,United States,SGU,KSGU,37.090583,-113.593056,2941,-7,A,"St. George, UT",159,159,159,159,3.6855345911949686,14.320754716981131,7.0,43.0,"Mon, Jul  4, 2016","Tue, Jul  5, 2016"
3609,Shreveport Regional,Shreveport,United States,SHV,KSHV,32.446629,-93.8256,258,-6,A,"Shreveport, LA",532,530,545,545,5.57518796992481,11.854716981132079,17.0,76.0,"Sun, Jul 24, 2016","Fri, Jul 22, 2016"
3856,Sitka Rocky Gutierrez,Sitka,United States,SIT,PASI,57.047138,-135.361611,21,-9,A,"Sitka, AK",182,182,182,182,3.9450549450549453,11.082417582417582,8.0,37.0,"Sat, Jul  2, 2016","Wed, Jul 27, 2016"
3748,Norman Y. Mineta San Jose International,San Jose,United States,SJC,KSJC,37.3626,-121.929022,62,-8,A,"San Jose, CA",3716,3715,3800,3800,4.6054897739504455,11.992193808882911,81.0,87.0,"Thu, Jul 21, 2016","Fri, Jul 29, 2016"
3708,San Angelo Regional-Mathis Field,San Angelo,United States,SJT,KSJT,31.35775,-100.496306,1919,-6,A,"San Angelo, TX",111,110,113,113,3.225225225225225,10.900000000000002,6.0,29.0,"Sat, Jul  2, 2016","Mon, Jul 11, 2016"
3536,Salt Lake City International,Salt Lake City,United States,SLC,KSLC,40.788389,-111.977772,4227,-7,A,"Salt Lake City, UT",9749,9750,9783,9782,6.320750846240655,16.836102564102628,73.0,96.0,"Sun, Jul 31, 2016","Mon, Jul 11, 2016"
3817,Sacramento International,Sacramento,United States,SMF,KSMF,38.695417,-121.590778,27,-8,A,"Sacramento, CA",3593,3591,3673,3670,4.918174227664902,11.80618212197159,47.0,77.0,"Mon, Jul 25, 2016","Mon, Jul 18, 2016"
5772,Santa Maria Public-Captain G. Allan Hancock Airport,Santa Maria,United States,SMX,KSMX,34.8989,-120.457,261,-8,A,"Santa Maria, CA",62,62,62,62,4.370967741935486,18.25806451612904,8.0,43.0,"Sun, Jul  3, 2016","Wed, Jul 13, 2016"
3867,John Wayne Airport Orange County,Santa Ana,United States,SNA,KSNA,33.675667,-117.868222,56,-8,A,"Santa Ana, CA",3581,3576,3667,3667,5.675788885786085,12.773489932885909,54.0,110.0,"Fri, Jul 29, 2016","Tue, Jul 19, 2016"
4336,Abraham Lincoln Capital,Springfield,United States,SPI,KSPI,39.8441,-89.677889,597,-6,A,"Springfield, IL",144,145,154,154,4.7847222222222205,14.46896551724138,10.0,101.0,"Wed, Jul 20, 2016","Wed, Jul  6, 2016"
3680,Sheppard AFB Wichita Falls Municipal,Wichita Falls,United States,SPS,KSPS,33.988797,-98.491894,1019,-6,A,"Wichita Falls, TX",88,88,92,92,7.125,12.147727272727279,11.0,37.0,"Sun, Jul 24, 2016","Sat, Jul  9, 2016"
4067,Sarasota Bradenton International,Sarasota,United States,SRQ,KSRQ,27.395444,-82.554389,30,-5,A,"Sarasota/Bradenton, FL",210,209,211,211,4.214285714285713,12.330143540669852,33.0,36.0,"Tue, Jul 12, 2016","Thu, Jul 14, 2016"
3678,Lambert St. Louis International,St. Louis,United States,STL,KSTL,38.748697,-90.370028,618,-6,A,"St. Louis, MO",4836,4837,4935,4935,5.875723738626962,11.62001240438287,104.0,110.0,"Sun, Jul 24, 2016","Thu, Jul  7, 2016"
6494,Friedman Memorial,Hailey,United States,SUN,KSUN,43.504444,-114.296194,5320,-7,A,"Sun Valley/Hailey/Ketchum, ID",163,163,163,163,2.803680981595092,15.07361963190184,5.0,47.0,"Sun, Jul  3, 2016","Tue, Jul  5, 2016"
3661,Stewart International,Newburgh,United States,SWF,KSWF,41.504094,-74.104839,491,-5,A,"Newburgh/Poughkeepsie, NY",62,62,62,62,5.629032258064516,12.209677419354836,14.0,55.0,"Mon, Jul  4, 2016","Sun, Jul 31, 2016"
3745,Syracuse Hancock International,Syracuse,United States,SYR,KSYR,43.111187,-76.106311,421,-5,A,"Syracuse, NY",541,539,570,567,5.3031423290203294,14.77365491651206,67.0,110.0,"Sun, Jul  3, 2016","Wed, Jul  6, 2016"
3698,Tallahassee Regional,Tallahassee,United States,TLH,KTLH,30.396528,-84.350333,81,-5,A,"Tallahassee, FL",196,198,199,201,3.7448979591836733,14.055555555555555,8.0,88.0,"Wed, Jul 13, 2016","Thu, Jul 14, 2016"
3646,Tampa International,Tampa,United States,TPA,KTPA,27.975472,-82.53325,26,-5,A,"Tampa, FL",5578,5572,5686,5686,4.893330942990322,12.577709978463737,75.0,121.0,"Sun, Jul 31, 2016","Tue, Jul 12, 2016"
4116,Tri-Cities Regional Airport,BRISTOL,United States,TRI,KTRI,36.4752222,-82.4074167,1519,-5,A,"Bristol/Johnson City/Kingsport, TN",190,190,194,194,4.100000000000004,16.021052631578954,29.0,43.0,"Tue, Jul 12, 2016","Thu, Jul 21, 2016"
3447,Trenton Mercer,Trenton,United States,TTN,KTTN,40.276692,-74.813469,213,-5,A,"Trenton, NJ",184,185,185,185,8.239130434782616,14.600000000000005,99.0,136.0,"Fri, Jul  8, 2016","Sat, Jul 30, 2016"
3855,Tulsa International,Tulsa,United States,TUL,KTUL,36.198389,-95.888111,677,-6,A,"Tulsa, OK",1132,1126,1160,1158,4.190812720848058,14.103019538188274,40.0,98.0,"Sat, Jul  9, 2016","Mon, Jul 11, 2016"
3636,Tucson International,Tucson,United States,TUS,KTUS,32.116083,-110.941028,2643,-7,N,"Tucson, AZ",1302,1300,1327,1327,4.897849462365596,13.854615384615391,137.0,83.0,"Fri, Jul 29, 2016","Wed, Jul  6, 2016"
4023,Cherry Capital Airport,Traverse City,United States,TVC,KTVC,44.741445,-85.582235,624,-5,A,"Traverse City, MI",411,411,425,426,6.678832116788324,14.535279805352799,47.0,104.0,"Sat, Jul 23, 2016","Sat, Jul 23, 2016"
4263,Magic Valley Regional Airport,Twin Falls,United States,TWF,KTWF,42.481803,-114.487733,4151,-7,A,"Twin Falls, ID",85,85,85,85,3.8823529411764706,10.61176470588235,7.0,26.0,"Wed, Jul  6, 2016","Sun, Jul  3, 2016"
3770,Texarkana Regional-Webb Field,Texarkana,United States,TXK,KTXK,33.453722,-93.991028,390,-6,A,"Texarkana, AR",82,83,83,83,5.2560975609756095,12.385542168674698,14.0,70.0,"Fri, Jul 29, 2016","Thu, Jul  7, 2016"
3676,McGhee Tyson,Knoxville,United States,TYS,KTYS,35.810972,-83.994028,981,-5,A,"Knoxville, TN",621,630,641,640,4.563607085346214,14.80317460317461,38.0,133.0,"Sun, Jul 24, 2016","Tue, Jul 19, 2016"
6989,St. Augustine Airport,St. Augustine Airport,United States,UST,KSGJ,29.959167,-81.339722,10,-5,A,"St. Augustine, FL",29,29,29,29,6.413793103448276,12.206896551724139,10.0,25.0,"Mon, Jul 25, 2016","Thu, Jul  7, 2016"
5776,Valdosta Regional Airport,Valdosta,United States,VLD,KVLD,30.7825,-83.2767,203,-5,A,"Valdosta, GA",84,84,87,86,4.595238095238096,12.428571428571423,10.0,39.0,"Thu, Jul 21, 2016","Tue, Jul  5, 2016"
3873,Eglin AFB,Valparaiso,United States,VPS,KVPS,30.48325,-86.5254,87,-6,A,"Valparaiso, FL",411,410,417,417,7.559610705596107,13.895121951219515,38.0,67.0,"Tue, Jul 12, 2016","Sat, Jul 23, 2016"
5969,Wrangell Airport,Wrangell,United States,WRG,PAWG,56.4843,-132.37,44,-9,A,"Wrangell, AK",62,62,62,62,3.4354838709677424,7.629032258064516,5.0,23.0,"Wed, Jul 13, 2016","Wed, Jul 27, 2016"
7072,Yellowstone Airport,West Yellowstone,United States,WYS,KWYS,44.688333,-111.1175,6644,-7,A,"West Yellowstone, MT",58,58,58,58,4.224137931034483,11.10344827586207,14.0,17.0,"Sat, Jul 23, 2016","Wed, Jul 27, 2016"
4356,NW Arkansas Regional,Bentonville,United States,XNA,KXNA,36.2818694,-94.3068111,1287,-6,A,"Fayetteville, AR",506,502,515,514,5.873517786561268,15.093625498007968,48.0,46.0,"Wed, Jul  6, 2016","Sun, Jul 10, 2016"
6803,Yakutat,Yakutat,United States,YAK,PAYA,59.3012,-139.3937,33,-9,A,"Yakutat, AK",58,58,61,62,3.103448275862069,8.431034482758621,5.0,23.0,"Thu, Jul  7, 2016","Tue, Jul 19, 2016"
3596,Yuma MCAS Yuma International,Yuma,United States,YUM,KYUM,32.656578,-114.60598,216,-7,N,"Yuma, AZ",170,170,170,170,4.417647058823531,12.89411764705882,9.0,49.0,"Thu, Jul 14, 2016","Sun, Jul 17, 2016"
2883,Cyril E. King,St. Thomas,Virgin Islands,STT,TIST,18.337306,-64.973361,23,-4,U,"Charlotte Amalie, VI",462,461,464,464,4.8852813852813854,13.731019522776569,16.0,56.0,"Fri, Jul 29, 2016","Tue, Jul 26, 2016"
2884,Henry E. Rohlsen,St. Croix Island,Virgin Islands,STX,TISX,17.701889,-64.798556,74,-4,U,"Christiansted, VI",103,103,103,103,3.4174757281553396,12.097087378640778,7.0,31.0,"Mon, Jul 25, 2016","Sat, Jul  2, 2016"
1970,Pago Pago Internatonal,Pago Pago,American Samoa,PPG,NSTU,-14.331,-170.7105,32,-11,U,"Pago Pago, TT",14,14,14,14,7.714285714285714,9.785714285714283,10.0,13.0,"Fri, Jul  8, 2016","Mon, Jul  4, 2016"
2246,Guam International,Agana,Guam,GUM,PGUM,13.48345,144.795983,298,10,U,"Guam, TT",31,31,31,31,4.483870967741934,14.806451612903226,8.0,42.0,"Thu, Jul 21, 2016","Wed, Jul  6, 2016"
2885,Rafael Hernndez,Aguadilla,Puerto Rico,BQN,TJBQ,18.494861,-67.129444,237,-4,U,"Aguadilla, PR",203,203,209,208,6.960591133004927,11.157635467980302,21.0,36.0,"Sun, Jul 24, 2016","Mon, Jul 11, 2016"
2889,Aeropuerto Mercedita,Ponce,Puerto Rico,PSE,TJPS,18.008306,-66.563028,29,-4,U,"Ponce, PR",93,93,93,93,4.946236559139786,13.408602150537634,18.0,34.0,"Sat, Jul 16, 2016","Tue, Jul  5, 2016"
2890,Luis Muoz Marn International,San Juan,Puerto Rico,SJU,TJSJ,18.439417,-66.001833,9,-4,U,"San Juan, PR",2617,2617,2638,2638,5.667176155903708,13.71188383645395,48.0,59.0,"Sun, Jul 31, 2016","Sat, Jul  2, 2016"
