airport_id,name,city,country,iata_faa,iaco,latitude,longitude,altitude,zone,dst,city_state,avg_able_landings,avg_able_takeoffs,total_landings,total_takeoffs,avg_taxi_in,avg_taxi_out,longest_taxi_in,longest_taxi_out,lng_tx_in_date,lng_tx_out_date
4355,Lehigh Valley International,Allentown,United States,ABE,KABE,40.652083,-75.440806,393,-5,A,"Allentown/Bethlehem/Easton, PA",254,253,254,253,6.0078740157480315,16.565217391304348,33.0,59.0,"Thu, Oct  5, 2017","Mon, Oct  2, 2017"
4019,Albuquerque International Sunport,Albuquerque,United States,ABQ,KABQ,35.0402222,-106.6091944,5355,-7,A,"Albuquerque, NM",1793,1796,1797,1796,5.084774121583928,11.646993318485519,22.0,74.0,"Sat, Oct  7, 2017","Sun, Oct  1, 2017"
5714,Aberdeen Regional Airport,Aberdeen,United States,ABR,KABR,45.4491,-98.4218,1302,-6,A,"Aberdeen, SD",62,62,62,62,4.725806451612904,17.88709677419354,11.0,34.0,"Thu, Oct 12, 2017","Tue, Oct 10, 2017"
3517,Nantucket Memorial,Nantucket,United States,ACK,KACK,41.253053,-70.060181,48,-5,A,"Nantucket, MA",38,38,39,39,8.473684210526315,12.894736842105264,45.0,37.0,"Sun, Oct 15, 2017","Mon, Oct  9, 2017"
4384,Arcata,Arcata CA,United States,ACV,KACV,40.978111,-124.108611,221,-8,A,"Arcata/Eureka, CA",109,112,123,123,5.348623853211009,12.5,9.0,58.0,"Mon, Oct 16, 2017","Mon, Oct 30, 2017"
3524,Atlantic City International,Atlantic City,United States,ACY,KACY,39.457583,-74.577167,75,-5,A,"Atlantic City, NJ",229,230,230,230,4.803493449781658,11.213043478260873,10.0,31.0,"Sun, Oct 15, 2017","Wed, Oct 25, 2017"
5959,Adak Airport,Adak Island,United States,ADK,PADK,51.878,-176.646,18,-10,A,"Adak Island, AK",7,7,9,9,4.0,11.571428571428571,5.0,25.0,"Sun, Oct  1, 2017","Sun, Oct  1, 2017"
3531,Kodiak,Kodiak,United States,ADQ,PADQ,57.749967,-152.493856,78,-9,A,"Kodiak, AK",56,56,58,58,3.1607142857142856,8.678571428571425,5.0,30.0,"Sun, Oct  1, 2017","Mon, Oct 23, 2017"
3852,Alexandria International,Alexandria,United States,AEX,KAEX,31.3274,-92.549833,89,-6,A,"Alexandria, LA",81,80,81,80,4.283950617283952,21.937500000000004,11.0,68.0,"Sun, Oct 15, 2017","Tue, Oct  3, 2017"
3658,Augusta Regional At Bush Field,Bush Field,United States,AGS,KAGS,33.369944,-81.9645,144,-5,A,"Augusta, GA",109,109,110,110,5.1651376146789,15.65137614678899,46.0,34.0,"Thu, Oct 26, 2017","Thu, Oct 26, 2017"
3864,Albany International,Albany,United States,ALB,KALB,42.748267,-73.801692,285,-5,A,"Albany, NY",775,777,775,777,3.5496774193548397,12.503217503217499,29.0,67.0,"Mon, Oct  9, 2017","Tue, Oct 17, 2017"
5718,Waterloo Regional Airport,Waterloo,United States,ALO,KALO,42.5571,-92.4003,873,-6,A,"Waterloo, IA",58,57,58,58,4.120689655172414,13.175438596491228,8.0,30.0,"Tue, Oct 10, 2017","Sun, Oct 29, 2017"
3840,Rick Husband Amarillo International,Amarillo,United States,AMA,KAMA,35.219369,-101.705931,3607,-6,A,"Amarillo, TX",273,273,273,273,4.201465201465203,10.64102564102565,16.0,36.0,"Mon, Oct  2, 2017","Sat, Oct 14, 2017"
3774,Ted Stevens Anchorage International,Anchorage,United States,ANC,PANC,61.174361,-149.996361,152,-9,A,"Anchorage, AK",1228,1237,1242,1244,4.120521172638444,12.504446240905422,19.0,40.0,"Sat, Oct  7, 2017","Tue, Oct 24, 2017"
5720,Alpena County Regional Airport,Alpena,United States,APN,KAPN,45.0781,-83.5603,689,-5,A,"Alpena, MI",48,52,53,52,4.500000000000001,14.711538461538462,9.0,39.0,"Wed, Oct 25, 2017","Mon, Oct 16, 2017"
7001,Aspen/Pitkin County-Sardy Field,Aspen,United States,ASE,KASE,39.2232,-106.869,7820,-7,A,"Aspen, CO",214,217,224,226,3.7383177570093458,17.313364055299534,17.0,83.0,"Tue, Oct 31, 2017","Mon, Oct 30, 2017"
3682,Hartsfield Jackson Atlanta International,Atlanta,United States,ATL,KATL,33.636719,-84.428067,1026,-5,A,"Atlanta, GA",29815,29819,29844,29842,8.249706523561956,15.575941513799926,79.0,117.0,"Mon, Oct 23, 2017","Sun, Oct 29, 2017"
4047,Appleton,Appleton,United States,ATW,KATW,44.257526,-88.507576,680,-6,A,"Appleton, WI",252,251,253,252,5.099206349206347,15.501992031872508,23.0,104.0,"Fri, Oct  6, 2017","Mon, Oct 23, 2017"
3673,Austin Bergstrom International,Austin,United States,AUS,KAUS,30.194528,-97.669889,542,-6,A,"Austin, TX",4689,4682,4697,4696,6.06184687566645,13.521785561725773,45.0,110.0,"Sun, Oct 22, 2017","Wed, Oct 11, 2017"
4007,Asheville Regional Airport,Asheville,United States,AVL,KAVL,35.436194,-82.541806,2165,-5,A,"Asheville, NC",342,342,347,346,4.766081871345029,19.687134502923968,20.0,78.0,"Fri, Oct 27, 2017","Fri, Oct 27, 2017"
4286,Wilkes Barre Scranton International,Scranton,United States,AVP,KAVP,41.338478,-75.723403,962,-5,A,"Scranton/Wilkes-Barre, PA",229,227,231,230,3.938864628820961,16.80176211453744,10.0,69.0,"Fri, Oct 20, 2017","Thu, Oct  5, 2017"
4039,Kalamazoo,Kalamazoo,United States,AZO,KAZO,42.234875,-85.552058,874,-5,A,"Kalamazoo, MI",127,128,129,130,4.559055118110234,18.023437500000007,11.0,45.0,"Mon, Oct  2, 2017","Mon, Oct 23, 2017"
3825,Bradley International,Windsor Locks,United States,BDL,KBDL,41.938889,-72.683222,173,-5,A,"Hartford, CT",1868,1865,1876,1876,4.778372591006426,12.682037533512068,43.0,61.0,"Tue, Oct  3, 2017","Mon, Oct 30, 2017"
3599,Bethel,Bethel,United States,BET,PABE,60.779778,-161.838,121,-9,A,"Bethel, AK",82,82,84,84,3.9756097560975623,8.999999999999998,6.0,19.0,"Mon, Oct  9, 2017","Tue, Oct 10, 2017"
3558,Meadows Field,Bakersfield,United States,BFL,KBFL,35.433598,-119.05677,507,-8,A,"Bakersfield, CA",203,200,206,205,5.182266009852217,18.25000000000002,15.0,72.0,"Sun, Oct  1, 2017","Thu, Oct 26, 2017"
4129,Greater Binghamton-Edwin A. Link Field,Binghamton,United States,BGM,KBGM,42.208689,-75.979839,1636,-5,A,"Binghamton, NY",87,87,88,88,4.091954022988506,13.60919540229885,7.0,34.0,"Fri, Oct 13, 2017","Tue, Oct 17, 2017"
3463,Bangor International,Bangor,United States,BGR,KBGR,44.807444,-68.828139,192,-5,A,"Bangor, ME",83,83,85,85,5.337349397590361,16.144578313253003,21.0,48.0,"Sun, Oct 15, 2017","Sun, Oct 22, 2017"
3811,Birmingham International,Birmingham,United States,BHM,KBHM,33.562942,-86.75355,644,-6,A,"Birmingham, AL",1006,1010,1009,1011,3.6560636182902626,14.081188118811879,30.0,70.0,"Thu, Oct  5, 2017","Mon, Oct  9, 2017"
4021,Billings Logan International Airport,Billings,United States,BIL,KBIL,45.80921,-108.537654,3652,-7,A,"Billings, MT",267,267,268,268,3.7602996254681647,11.808988764044951,19.0,37.0,"Sun, Oct  8, 2017","Mon, Oct 30, 2017"
4083,Bismarck Municipal Airport,Bismarck,United States,BIS,KBIS,46.775842,-100.757931,1661,-6,A,"Bismarck/Mandan, ND",252,250,254,253,4.896825396825395,15.492,27.0,38.0,"Fri, Oct 20, 2017","Sun, Oct 15, 2017"
4287,Bemidji Regional Airport,Bemidji,United States,BJI,KBJI,47.510722,-94.934722,1391,-6,A,"Bemidji, MN",62,62,62,62,4.82258064516129,16.370967741935484,10.0,43.0,"Mon, Oct 16, 2017","Fri, Oct 27, 2017"
3777,Bellingham International,Bellingham,United States,BLI,KBLI,48.792694,-122.537528,170,-8,A,"Bellingham, WA",148,145,155,153,4.378378378378381,17.255172413793098,12.0,84.0,"Mon, Oct  2, 2017","Wed, Oct 18, 2017"
4037,Central Illinois Regional,Bloomington,United States,BMI,KBMI,40.477111,-88.915917,871,-6,A,"Bloomington/Normal, IL",187,187,190,190,4.497326203208554,14.973262032085561,21.0,99.0,"Sun, Oct 22, 2017","Wed, Oct 11, 2017"
3690,Nashville International,Nashville,United States,BNA,KBNA,36.124472,-86.678194,599,-6,A,"Nashville, TN",5000,5000,5012,5012,6.185000000000002,13.539599999999995,64.0,101.0,"Fri, Oct 27, 2017","Sun, Oct  8, 2017"
3495,Boise Air Terminal,Boise,United States,BOI,KBOI,43.564361,-116.222861,2871,-7,A,"Boise, ID",1426,1429,1444,1442,3.9460028050490883,14.00279916025192,26.0,117.0,"Mon, Oct  2, 2017","Thu, Oct 26, 2017"
3448,General Edward Lawrence Logan International,Boston,United States,BOS,KBOS,42.364347,-71.005181,19,-5,A,"Boston, MA",10890,10899,10979,10988,6.940312213039486,19.11111111111116,69.0,122.0,"Fri, Oct 13, 2017","Sun, Oct 15, 2017"
5725,Brunswick Golden Isles Airport,Brunswick,United States,BQK,KBQK,31.2588,-81.4665,26,-5,A,"Brunswick, GA",26,26,26,26,4.615384615384615,22.0,6.0,47.0,"Wed, Oct  4, 2017","Tue, Oct 24, 2017"
6957,Brainerd Lakes Regional,Brainerd,United States,BRD,KBRD,46.398308,-94.138078,1226,-6,U,"Brainerd, MN",53,53,53,53,4.566037735849057,18.094339622641506,11.0,59.0,"Wed, Oct 25, 2017","Mon, Oct  2, 2017"
3738,Brownsville South Padre Island International,Brownsville,United States,BRO,KBRO,25.906833,-97.425861,22,-6,A,"Brownsville, TX",105,106,105,106,5.114285714285712,13.858490566037736,10.0,37.0,"Sun, Oct 22, 2017","Sun, Oct  1, 2017"
3571,Wiley Post Will Rogers Memorial,Barrow,United States,BRW,PABR,71.285446,-156.766003,44,-9,A,"Barrow, AK",77,77,80,80,4.675324675324674,8.974025974025974,19.0,33.0,"Fri, Oct 27, 2017","Sun, Oct 22, 2017"
4022,Bert Mooney Airport,Butte,United States,BTM,KBTM,45.954806,-112.497472,5550,-7,A,"Butte, MT",58,58,58,58,3.7586206896551726,14.293103448275861,7.0,49.0,"Wed, Oct  4, 2017","Fri, Oct 13, 2017"
3846,Baton Rouge Metro-Ryan Field,Baton Rouge,United States,BTR,KBTR,30.533167,-91.149639,70,-6,A,"Baton Rouge, LA",542,542,544,544,4.448339483394839,14.226937269372693,30.0,127.0,"Sat, Oct  7, 2017","Tue, Oct  3, 2017"
3711,Burlington International,Burlington,United States,BTV,KBTV,44.471861,-73.153278,335,-5,A,"Burlington, VT",305,307,319,319,4.347540983606559,17.491856677524414,18.0,98.0,"Thu, Oct 12, 2017","Wed, Oct 18, 2017"
3820,Buffalo Niagara International,Buffalo,United States,BUF,KBUF,42.940525,-78.732167,724,-5,A,"Buffalo, NY",1457,1455,1466,1465,3.739876458476321,12.060481099656357,41.0,83.0,"Fri, Oct  6, 2017","Sun, Oct 15, 2017"
3644,Bob Hope,Burbank,United States,BUR,KBUR,34.200667,-118.358667,778,-8,A,"Burbank, CA",2175,2174,2211,2211,2.639540229885063,13.415823367065324,29.0,56.0,"Wed, Oct 11, 2017","Thu, Oct 26, 2017"
3849,Baltimore Washington International,Baltimore,United States,BWI,KBWI,39.175361,-76.668333,146,-5,A,"Baltimore, MD",8535,8533,8564,8562,4.979964850615117,13.497714754482605,51.0,79.0,"Tue, Oct 17, 2017","Mon, Oct 23, 2017"
4020,Gallatin Field,Bozeman,United States,BZN,KBZN,45.777643,-111.160151,4500,-7,A,"Bozeman, MT",389,389,390,391,4.578406169665811,15.550128534704378,43.0,62.0,"Sat, Oct  7, 2017","Wed, Oct 18, 2017"
3561,Columbia Metropolitan,Colombia,United States,CAE,KCAE,33.938833,-81.119528,236,-5,A,"Columbia, SC",308,308,309,308,4.931818181818179,14.96103896103896,25.0,41.0,"Sun, Oct 22, 2017","Sun, Oct 22, 2017"
4112,Akron Canton Regional Airport,Akron,United States,CAK,KCAK,40.9160833,-81.4421944,1228,-5,A,"Akron, OH",391,390,398,399,5.9360613810741665,14.85897435897436,22.0,64.0,"Mon, Oct 30, 2017","Wed, Oct 11, 2017"
3824,Cedar City Regional,Cedar City,United States,CDC,KCDC,37.700967,-113.098847,5622,-7,A,"Cedar City, UT",53,53,53,53,3.5660377358490565,14.60377358490566,7.0,51.0,"Fri, Oct  6, 2017","Wed, Oct 11, 2017"
3610,Merle K. Mudhole Smith,Cordova,United States,CDV,PACV,60.491778,-145.477556,48,-9,A,"Cordova, AK",62,62,62,62,3.693548387096774,8.403225806451609,6.0,32.0,"Sun, Oct  1, 2017","Thu, Oct  5, 2017"
3578,Lovell Field,Chattanooga,United States,CHA,KCHA,35.035278,-85.203808,683,-5,A,"Chattanooga, TN",252,251,255,254,5.198412698412699,15.713147410358566,15.0,56.0,"Mon, Oct  9, 2017","Sun, Oct  1, 2017"
4015,Charlottesville-Albemarle,Charlottesville VA,United States,CHO,KCHO,38.138639,-78.452861,639,-5,A,"Charlottesville, VA",219,218,223,221,4.351598173515979,15.29816513761468,32.0,42.0,"Sun, Oct 29, 2017","Sun, Oct 29, 2017"
3806,Charleston AFB International,Charleston,United States,CHS,KCHS,32.898647,-80.040528,45,-5,A,"Charleston, SC",1285,1281,1295,1293,6.09416342412451,14.110070257611246,45.0,72.0,"Mon, Oct  9, 2017","Fri, Oct 13, 2017"
4043,Cedar Rapids,Cedar Rapids,United States,CID,KCID,41.884694,-91.710806,869,-6,A,"Cedar Rapids/Iowa City, IA",498,493,499,496,6.411646586345381,16.43813387423935,46.0,65.0,"Fri, Oct 13, 2017","Sat, Oct  7, 2017"
5729,Chippewa County International Airport,Sault Ste. Marie,United States,CIU,KCIU,46.2508,-84.4724,800,-5,A,"Sault Ste. Marie, MI",58,58,58,58,4.275862068965518,16.810344827586203,8.0,38.0,"Fri, Oct 20, 2017","Tue, Oct 31, 2017"
3486,Cleveland Hopkins International,Cleveland,United States,CLE,KCLE,41.411689,-81.849794,791,-5,A,"Cleveland, OH",3214,3219,3238,3239,6.885812072184203,13.101894998446722,49.0,97.0,"Thu, Oct 12, 2017","Sat, Oct 14, 2017"
3715,Easterwood Field,College Station,United States,CLL,KCLL,30.588583,-96.363833,321,-6,A,"College Station/Bryan, TX",120,120,120,120,4.333333333333335,11.558333333333335,9.0,58.0,"Sun, Oct  8, 2017","Tue, Oct  3, 2017"
3876,Charlotte Douglas International,Charlotte,United States,CLT,KCLT,35.214,-80.943139,748,-5,A,"Charlotte, NC",9764,9773,9802,9804,10.169602621876312,20.061905249155892,59.0,107.0,"Thu, Oct 26, 2017","Mon, Oct 23, 2017"
3759,Port Columbus International,Columbus,United States,CMH,KCMH,39.997972,-82.891889,815,-5,A,"Columbus, OH",2009,2007,2014,2013,5.115978098556493,11.776283009466876,41.0,61.0,"Thu, Oct 12, 2017","Tue, Oct 31, 2017"
5732,Houghton County Memorial Airport,Hancock,United States,CMX,KCMX,47.1684,-88.4891,1095,-5,A,"Hancock/Houghton, MI",60,60,62,62,4.866666666666666,14.7,7.0,36.0,"Tue, Oct  3, 2017","Tue, Oct 31, 2017"
4344,Yellowstone Regional,Cody,United States,COD,KCOD,44.520194,-109.023806,5102,-7,A,"Cody, WY",62,62,62,62,3.774193548387097,14.661290322580646,12.0,44.0,"Sat, Oct  7, 2017","Sun, Oct  8, 2017"
3819,City Of Colorado Springs Municipal,Colorado Springs,United States,COS,KCOS,38.805805,-104.700778,6187,-7,A,"Colorado Springs, CO",839,840,841,841,7.455303933253874,19.428571428571423,58.0,133.0,"Thu, Oct 19, 2017","Fri, Oct  6, 2017"
3719,Columbia Regional,Columbia,United States,COU,KCOU,38.818094,-92.219631,889,-6,A,"Columbia, MO",92,91,93,93,4.2717391304347805,19.318681318681325,7.0,99.0,"Fri, Oct 27, 2017","Tue, Oct 17, 2017"
3872,Natrona County International,Casper,United States,CPR,KCPR,42.908,-106.464417,5347,-7,A,"Casper, WY",83,83,84,84,4.80722891566265,13.72289156626506,9.0,48.0,"Tue, Oct  3, 2017","Tue, Oct 10, 2017"
3744,Corpus Christi International,Corpus Christi,United States,CRP,KCRP,27.770361,-97.501222,44,-6,A,"Corpus Christi, TX",227,227,228,228,4.180616740088103,12.05726872246696,23.0,52.0,"Mon, Oct  9, 2017","Fri, Oct 27, 2017"
4285,Yeager,Charleston,United States,CRW,KCRW,38.373147,-81.593189,981,-5,A,"Charleston/Dunbar, WV",111,111,112,112,3.7927927927927922,14.306306306306306,11.0,53.0,"Wed, Oct 18, 2017","Tue, Oct 17, 2017"
4255,Columbus Metropolitan Airport,Columbus,United States,CSG,KCSG,32.5163333,-84.9388611,397,-5,A,"Columbus, GA",1,1,1,1,2.0,11.0,2.0,11.0,"Sat, Oct 28, 2017","Sat, Oct 28, 2017"
3488,Cincinnati Northern Kentucky International,Cincinnati,United States,CVG,KCVG,39.048836,-84.667822,896,-5,A,"Cincinnati, OH",1727,1728,1735,1738,5.947307469600459,13.987268518518523,30.0,89.0,"Sat, Oct 14, 2017","Mon, Oct  9, 2017"
4045,Central Wisconsin,Wassau,United States,CWA,KCWA,44.772726,-89.646635,840,-6,A,"Mosinee, WI",56,56,57,57,4.267857142857143,12.696428571428571,8.0,40.0,"Sun, Oct  8, 2017","Mon, Oct 30, 2017"
3950,Daytona Beach International,Daytona Beach,United States,DAB,KDAB,29.179917,-81.058056,34,-5,A,"Daytona Beach, FL",162,163,162,163,3.0555555555555562,14.43558282208589,7.0,55.0,"Mon, Oct 30, 2017","Sun, Oct 15, 2017"
3502,Dallas Love Field,Dallas,United States,DAL,KDAL,32.847111,-96.851778,487,-6,A,"Dallas, TX",5909,5908,5944,5942,4.939245219157227,12.222241029113096,49.0,99.0,"Thu, Oct 19, 2017","Tue, Oct  3, 2017"
3627,James M. Cox Dayton International,Dayton,United States,DAY,KDAY,39.902375,-84.219375,1009,-5,A,"Dayton, OH",520,517,523,523,5.075,16.49516441005803,28.0,52.0,"Mon, Oct  2, 2017","Sun, Oct 22, 2017"
3520,Ronald Reagan Washington National,Washington,United States,DCA,KDCA,38.852083,-77.037722,15,-5,A,"Washington, DC",6214,6215,6241,6244,5.518989378822008,19.160579243765074,69.0,137.0,"Tue, Oct 24, 2017","Mon, Oct  9, 2017"
3751,Denver International,Denver,United States,DEN,KDEN,39.861656,-104.673178,5431,-7,A,"Denver, CO",19119,19130,19175,19181,7.639834719389095,17.507213800313696,86.0,130.0,"Sat, Oct 14, 2017","Mon, Oct  9, 2017"
3670,Dallas Fort Worth International,Dallas-fort Worth,United States,DFW,KDFW,32.896828,-97.037997,607,-6,A,"Dallas/Fort Worth, TX",15489,15485,15525,15515,11.571954290141377,18.218986115595865,54.0,132.0,"Fri, Oct 27, 2017","Mon, Oct  9, 2017"
3739,Dothan Regional,Dothan,United States,DHN,KDHN,31.321339,-85.449628,401,-6,A,"Dothan, AL",115,115,115,115,3.8521739130434782,17.930434782608703,9.0,40.0,"Sun, Oct 15, 2017","Sun, Oct 29, 2017"
3598,Duluth International,Duluth,United States,DLH,KDLH,46.842091,-92.193649,1428,-6,A,"Duluth, MN",254,254,268,267,4.952755905511815,19.362204724409455,36.0,82.0,"Thu, Oct 12, 2017","Sat, Oct 21, 2017"
3713,Durango La Plata County,Durango,United States,DRO,KDRO,37.151516,-107.75377,6685,-7,A,"Durango, CO",124,125,126,127,5.588709677419353,14.224,11.0,42.0,"Fri, Oct  6, 2017","Mon, Oct 30, 2017"
3729,Des Moines International,Des Moines,United States,DSM,KDSM,41.533972,-93.663083,958,-6,A,"Des Moines, IA",734,735,743,744,5.422343324250678,13.614965986394555,26.0,66.0,"Thu, Oct 26, 2017","Tue, Oct 31, 2017"
3645,Detroit Metro Wayne County,Detroit,United States,DTW,KDTW,42.212444,-83.353389,645,-5,A,"Detroit, MI",11193,11196,11227,11223,8.052443491467892,17.735083958556622,50.0,85.0,"Fri, Oct 20, 2017","Fri, Oct 13, 2017"
7063,Devils Lake Regional Airport,Devils Lake,United States,DVL,KDVL,48.114444,-98.908611,1445,-6,A,"Devils Lake, ND",53,52,53,53,5.471698113207548,17.0,15.0,35.0,"Sun, Oct 22, 2017","Thu, Oct 26, 2017"
5735,Chippewa Valley Regional Airport,Eau Claire,United States,EAU,KEAU,44.8658,-91.4843,913,-6,A,"Eau Claire, WI",58,58,58,58,3.8275862068965516,13.53448275862069,18.0,32.0,"Sun, Oct 15, 2017","Sun, Oct 29, 2017"
7669,Northwest Florida Beaches International,Panama City,United States,ECP,KECP,30.3417,-85.7973,69,-6,A,"Panama City, FL",340,341,340,341,3.305882352941176,12.718475073313783,20.0,37.0,"Mon, Oct 16, 2017","Sat, Oct 28, 2017"
4250,Eagle County Regional,Vail,United States,EGE,KEGE,39.642556,-106.917694,6540,-7,A,"Eagle, CO",30,31,31,32,4.466666666666669,14.03225806451613,7.0,66.0,"Sat, Oct  7, 2017","Tue, Oct  3, 2017"
5736,Elko Regional Airport,Elko,United States,EKO,KEKO,40.8249,-115.792,5140,-8,A,"Elko, NV",58,58,58,58,4.551724137931033,14.862068965517242,7.0,29.0,"Tue, Oct 17, 2017","Mon, Oct 16, 2017"
3559,El Paso International,El Paso,United States,ELP,KELP,31.80725,-106.377583,3958,-7,A,"El Paso, TX",927,929,930,931,3.7173678532901833,12.045209903121629,12.0,37.0,"Wed, Oct  4, 2017","Wed, Oct 11, 2017"
4276,Erie International-Tom Ridge Field,Erie,United States,ERI,KERI,42.082022,-80.176217,733,-5,A,"Erie, PA",97,98,97,98,3.7835051546391747,18.969387755102044,9.0,56.0,"Mon, Oct 16, 2017","Mon, Oct 23, 2017"
6800,Delta County Airport,Escanaba,United States,ESC,KESC,45.722778,-87.093611,609,-5,A,"Escanaba, MI",53,53,53,53,4.415094339622644,13.0,7.0,39.0,"Tue, Oct 10, 2017","Mon, Oct 30, 2017"
4099,Mahlon Sweet Field,Eugene,United States,EUG,KEUG,44.124583,-123.211972,374,-8,A,"Eugene, OR",383,387,390,389,7.122715404699739,17.97932816537468,26.0,96.0,"Fri, Oct 13, 2017","Sat, Oct 28, 2017"
4018,Evansville Regional,Evansville,United States,EVV,KEVV,38.036997,-87.532364,418,-6,A,"Evansville, IN",90,91,90,91,4.5888888888888895,16.516483516483515,10.0,46.0,"Thu, Oct 26, 2017","Wed, Oct  4, 2017"
3494,Newark Liberty International,Newark,United States,EWR,KEWR,40.6925,-74.168667,18,-5,A,"Newark, NJ",9718,9729,9877,9881,8.495369417575652,21.61136807482786,60.0,150.0,"Sat, Oct 28, 2017","Tue, Oct 24, 2017"
3875,Key West International,Key West,United States,EYW,KEYW,24.556111,-81.759556,3,-5,A,"Key West, FL",59,59,59,59,2.3220338983050857,7.966101694915255,4.0,17.0,"Wed, Oct 25, 2017","Thu, Oct 12, 2017"
3832,Fairbanks International,Fairbanks,United States,FAI,PAFA,64.815114,-147.856267,434,-9,A,"Fairbanks, AK",255,255,256,256,3.8117647058823527,15.866666666666667,14.0,60.0,"Sat, Oct 14, 2017","Tue, Oct 31, 2017"
4292,Hector International Airport,Fargo,United States,FAR,KFAR,46.92065,-96.8157639,902,-6,A,"Fargo, ND",311,312,312,313,4.890675241157555,19.61858974358976,14.0,62.0,"Fri, Oct  6, 2017","Fri, Oct 27, 2017"
3687,Fresno Yosemite International,Fresno,United States,FAT,KFAT,36.776194,-119.71814,336,-8,A,"Fresno, CA",721,722,729,729,5.251040221914013,15.3601108033241,24.0,67.0,"Tue, Oct  3, 2017","Thu, Oct 12, 2017"
5738,Fayetteville Regional-Grannis Field,Fayetteville,United States,FAY,KFAY,34.9912,-78.8803,189,-5,A,"Fayetteville, NC",31,31,31,31,4.709677419354839,14.67741935483871,8.0,32.0,"Mon, Oct  2, 2017","Tue, Oct 10, 2017"
4127,Glacier Park International,Kalispell,United States,FCA,KFCA,48.310472,-114.256,2977,-7,A,"Kalispell, MT",184,183,184,183,4.184782608695655,16.92896174863387,11.0,47.0,"Fri, Oct 20, 2017","Fri, Oct 13, 2017"
4261,Flagstaff Pulliam Airport,Flagstaff,United States,FLG,KFLG,35.140318,-111.6692392,7015,-7,N,"Flagstaff, AZ",121,121,121,121,4.371900826446281,17.504132231404956,8.0,41.0,"Fri, Oct 20, 2017","Fri, Oct  6, 2017"
3533,Fort Lauderdale Hollywood International,Fort Lauderdale,United States,FLL,KFLL,26.072583,-80.15275,9,-5,A,"Fort Lauderdale, FL",6677,6673,6728,6725,5.464729669013051,15.053049602877262,67.0,89.0,"Tue, Oct  3, 2017","Tue, Oct 17, 2017"
4089,Bishop International,Flint,United States,FNT,KFNT,42.965424,-83.743629,782,-5,A,"Flint, MI",288,289,296,295,5.0798611111111125,13.062283737024222,15.0,45.0,"Sat, Oct 14, 2017","Wed, Oct  4, 2017"
4009,Sioux Falls,Sioux Falls,United States,FSD,KFSD,43.582014,-96.741914,1429,-6,A,"Sioux Falls, SD",377,376,378,377,5.466843501326262,15.704787234042543,29.0,67.0,"Sun, Oct 29, 2017","Sat, Oct 14, 2017"
3437,Fort Smith Regional,Fort Smith,United States,FSM,KFSM,35.336583,-94.367444,469,-6,A,"Fort Smith, AR",150,149,150,149,3.9466666666666668,11.912751677852343,43.0,35.0,"Thu, Oct 26, 2017","Fri, Oct 13, 2017"
4041,Fort Wayne,Fort Wayne,United States,FWA,KFWA,40.978472,-85.195139,815,-5,A,"Fort Wayne, IN",499,502,506,505,6.9839679358717435,16.97410358565738,40.0,121.0,"Tue, Oct 24, 2017","Sat, Oct 14, 2017"
4296,Gillette-Campbell County Airport,Gillette,United States,GCC,KGCC,44.3489167,-105.5393611,4365,-7,A,"Gillette, WY",87,88,89,89,5.091954022988507,16.784090909090917,9.0,52.0,"Thu, Oct 19, 2017","Fri, Oct  6, 2017"
3467,Spokane International,Spokane,United States,GEG,KGEG,47.619861,-117.533833,2376,-8,A,"Spokane, WA",1068,1059,1081,1080,3.8249063670411982,13.680830972615672,22.0,77.0,"Sat, Oct 21, 2017","Thu, Oct 26, 2017"
3442,Grand Forks International,Grand Forks,United States,GFK,KGFK,47.949256,-97.176111,845,-6,A,"Grand Forks, ND",74,74,74,74,4.621621621621621,20.702702702702698,9.0,47.0,"Mon, Oct  9, 2017","Mon, Oct 30, 2017"
4063,Grand Junction Regional,Grand Junction,United States,GJT,KGJT,39.122413,-108.526735,4858,-7,A,"Grand Junction, CO",224,224,225,225,4.026785714285715,16.62500000000001,8.0,61.0,"Thu, Oct 19, 2017","Fri, Oct 20, 2017"
3472,Gainesville Regional,Gainesville,United States,GNV,KGNV,29.690056,-82.271778,152,-5,A,"Gainesville, FL",36,35,36,35,3.888888888888889,12.82857142857143,5.0,37.0,"Sun, Oct  1, 2017","Fri, Oct 20, 2017"
4038,Gulfport-Biloxi,Gulfport,United States,GPT,KGPT,30.407278,-89.070111,28,-6,A,"Gulfport/Biloxi, MS",202,202,203,203,4.955445544554457,14.618811881188119,79.0,36.0,"Sun, Oct 22, 2017","Sat, Oct 21, 2017"
3653,Austin Straubel International,Green Bay,United States,GRB,KGRB,44.485072,-88.129589,695,-6,A,"Green Bay, WI",307,306,309,309,4.687296416938109,14.506535947712415,14.0,42.0,"Tue, Oct  3, 2017","Fri, Oct 27, 2017"
5740,Central Nebraska Regional Airport,Grand Island,United States,GRI,KGRI,40.9675,-98.3096,1847,-6,A,"Grand Island, NE",8,9,8,9,3.625,16.88888888888889,6.0,23.0,"Sun, Oct  1, 2017","Wed, Oct  4, 2017"
3775,Robert Gray AAF,Killeen,United States,GRK,KGRK,31.06725,-97.828917,1015,-6,A,"Killeen, TX",106,106,106,106,3.981132075471697,17.396226415094336,7.0,73.0,"Sun, Oct 22, 2017","Mon, Oct 23, 2017"
3685,Gerald R. Ford International,Grand Rapids,United States,GRR,KGRR,42.880833,-85.522806,794,-5,A,"Grand Rapids, MI",829,831,830,832,4.377563329312426,12.851985559566785,17.0,45.0,"Sun, Oct  1, 2017","Mon, Oct 16, 2017"
4008,Piedmont Triad,Greensboro,United States,GSO,KGSO,36.09775,-79.937306,925,-5,A,"Greensboro/High Point, NC",543,542,549,549,4.764272559852667,17.501845018450165,28.0,96.0,"Fri, Oct 20, 2017","Tue, Oct 24, 2017"
4034,Greenville-Spartanburg International,Greenville,United States,GSP,KGSP,34.895556,-82.218889,964,-5,A,"Greer, SC",522,522,522,523,4.30268199233716,15.275862068965518,27.0,60.0,"Sun, Oct 15, 2017","Mon, Oct 16, 2017"
3880,Great Falls International,Great Falls,United States,GTF,KGTF,47.482,-111.370689,3677,-7,A,"Great Falls, MT",126,126,126,126,4.999999999999998,15.134920634920638,10.0,51.0,"Thu, Oct  5, 2017","Sat, Oct 14, 2017"
4273,Golden Triangle Regional Airport,Columbus Mississippi,United States,GTR,KGTR,33.450333,-88.591361,264,-6,A,"Columbus, MS",89,89,89,89,4.39325842696629,17.022471910112362,10.0,47.0,"Wed, Oct 25, 2017","Wed, Oct 18, 2017"
4339,Yampa Valley,Hayden,United States,HDN,KHDN,40.481181,-107.21766,6602,-7,A,"Hayden, CO",55,56,55,56,4.290909090909093,18.91071428571428,7.0,60.0,"Sun, Oct  1, 2017","Mon, Oct  2, 2017"
3650,Chisholm Hibbing,Hibbing,United States,HIB,KHIB,47.3866,-92.838994,1353,-6,A,"Hibbing, MN",53,54,53,54,4.000000000000001,18.296296296296298,9.0,47.0,"Wed, Oct 11, 2017","Mon, Oct  2, 2017"
3504,Helena Regional,Helena,United States,HLN,KHLN,46.606806,-111.98275,3877,-7,A,"Helena, MT",149,149,149,149,3.375838926174496,18.4765100671141,7.0,100.0,"Thu, Oct 19, 2017","Mon, Oct  9, 2017"
3728,Honolulu International,Honolulu,United States,HNL,PHNL,21.318681,-157.922428,13,-10,N,"Honolulu, HI",3944,3938,3957,3957,6.975912778904665,15.459370238699849,63.0,66.0,"Mon, Oct 23, 2017","Thu, Oct 12, 2017"
3749,Lea County Regional,Hobbs,United States,HOB,KHOB,32.687528,-103.217028,3661,-7,A,"Hobbs, NM",53,53,53,53,4.962264150943396,11.50943396226415,13.0,62.0,"Mon, Oct  2, 2017","Fri, Oct 13, 2017"
3566,William P. Hobby,Houston,United States,HOU,KHOU,29.645419,-95.278889,46,-6,A,"Houston, TX",4433,4432,4458,4458,4.766072637040368,11.563853790613726,41.0,69.0,"Mon, Oct 30, 2017","Sun, Oct 22, 2017"
3589,Westchester County,White Plains,United States,HPN,KHPN,41.066959,-73.707575,439,-5,A,"White Plains, NY",614,616,617,618,4.317589576547234,14.592532467532468,20.0,57.0,"Mon, Oct  9, 2017","Tue, Oct 24, 2017"
3560,Valley International,Harlingen,United States,HRL,KHRL,26.2285,-97.654389,36,-6,A,"Harlingen/San Benito, TX",207,208,207,208,2.8019323671497585,10.408653846153847,6.0,41.0,"Tue, Oct  3, 2017","Tue, Oct 10, 2017"
4113,Huntsville International Airport-Carl T. Jones Field,Huntsville,United States,HSV,KHSV,34.6371944,-86.7750556,629,-6,A,"Huntsville, AL",351,350,353,352,4.837606837606838,16.28857142857143,18.0,83.0,"Wed, Oct 25, 2017","Tue, Oct 17, 2017"
7014,Hays Regional Airport,Hays,United States,HYS,KHYS,38.8422,-99.2732,1998,-5,A,"Hays, KS",52,52,53,53,3.673076923076923,12.692307692307692,8.0,31.0,"Thu, Oct  5, 2017","Thu, Oct  5, 2017"
3714,Washington Dulles International,Washington,United States,IAD,KIAD,38.944533,-77.455811,313,-5,A,"Washington, DC",3184,3180,3193,3188,5.644158291457284,17.837106918238998,43.0,100.0,"Wed, Oct 11, 2017","Mon, Oct 23, 2017"
3630,Niagara Falls International,Niagara Falls,United States,IAG,KIAG,43.107333,-78.946194,589,-5,A,"Niagara Falls, NY",22,22,22,22,8.0,15.045454545454549,15.0,31.0,"Sat, Oct 21, 2017","Sat, Oct 28, 2017"
3550,George Bush Intercontinental Houston,Houston,United States,IAH,KIAH,29.984433,-95.341442,97,-6,A,"Houston, TX",10586,10585,10611,10608,7.716795767995461,17.488143599433062,72.0,103.0,"Tue, Oct  3, 2017","Tue, Oct  3, 2017"
3457,Wichita Mid Continent,Wichita,United States,ICT,KICT,37.649944,-97.433056,1333,-6,A,"Wichita, KS",656,656,657,657,4.480182926829272,13.11280487804877,25.0,53.0,"Mon, Oct 16, 2017","Sun, Oct 22, 2017"
4100,Idaho Falls Regional,Idaho Falls,United States,IDA,KIDA,43.514556,-112.07075,4744,-7,A,"Idaho Falls, ID",205,205,206,206,4.482926829268294,17.47317073170732,14.0,149.0,"Mon, Oct 30, 2017","Sat, Oct 14, 2017"
6131,Laughlin-Bullhead International,Bullhead,United States,IFP,IFP,35.1574,-114.56,695,-7,A,"Bullhead City, AZ",31,31,31,31,5.290322580645161,15.870967741935486,16.0,24.0,"Tue, Oct 31, 2017","Mon, Oct  2, 2017"
3845,Wilmington International,Wilmington,United States,ILM,KILM,34.270615,-77.902569,32,-5,A,"Wilmington, NC",202,203,202,203,4.326732673267326,16.19211822660097,9.0,54.0,"Tue, Oct 10, 2017","Wed, Oct 11, 2017"
6837,Ford Airport,Iron Mountain,United States,IMT,KIMT,45.8183611,-88.1145556,1182,-5,A,"Iron Mountain/Kingsfd, MI",58,58,58,58,4.137931034482761,12.913793103448276,7.0,32.0,"Tue, Oct 17, 2017","Wed, Oct 11, 2017"
3585,Indianapolis International,Indianapolis,United States,IND,KIND,39.717331,-86.294383,797,-5,A,"Indianapolis, IN",2243,2243,2248,2248,5.337494427106555,12.670084707980374,34.0,46.0,"Tue, Oct 24, 2017","Wed, Oct 18, 2017"
3535,Falls International,International Falls,United States,INL,KINL,48.566186,-93.403067,1185,-6,A,"International Falls, MN",53,53,53,53,4.433962264150945,14.528301886792454,13.0,90.0,"Thu, Oct 12, 2017","Thu, Oct 26, 2017"
3659,Sloulin Field International,Williston,United States,ISN,KISN,48.177939,-103.642347,1982,-7,A,"Williston, ND",130,130,131,131,5.799999999999999,23.807692307692307,18.0,67.0,"Mon, Oct 30, 2017","Fri, Oct 20, 2017"
3857,Long Island MacArthur,Islip,United States,ISP,KISP,40.79525,-73.100222,99,-5,A,"Islip, NY",540,538,543,540,5.518518518518517,10.546468401486985,66.0,47.0,"Tue, Oct 24, 2017","Sun, Oct 15, 2017"
3947,Ithaca Tompkins Regional,Ithaca,United States,ITH,KITH,42.491028,-76.458444,1099,-5,A,"Ithaca/Cortland, NY",61,62,63,63,4.032786885245901,19.129032258064512,8.0,38.0,"Mon, Oct 30, 2017","Mon, Oct 23, 2017"
3415,Hilo International,Hilo,United States,ITO,PHTO,19.721375,-155.048469,38,-10,N,"Hilo, HI",549,518,550,519,5.577413479052825,9.092664092664089,9.0,37.0,"Sun, Oct  1, 2017","Wed, Oct 11, 2017"
4027,Jackson Hole Airport,Jacksn Hole,United States,JAC,KJAC,43.60733333,-110.73775,6451,-7,A,"Jackson, WY",152,156,152,156,3.4539473684210527,17.40384615384615,26.0,74.0,"Wed, Oct  4, 2017","Fri, Oct 20, 2017"
3580,Jackson Evers International,Jackson,United States,JAN,KJAN,32.311167,-90.075889,346,-6,A,"Jackson/Vicksburg, MS",402,402,403,403,4.970149253731343,15.67910447761194,42.0,59.0,"Thu, Oct 26, 2017","Fri, Oct  6, 2017"
3712,Jacksonville International,Jacksonville,United States,JAX,KJAX,30.494056,-81.687861,30,-5,A,"Jacksonville, FL",1360,1359,1364,1363,4.85882352941177,13.387785136129496,52.0,46.0,"Mon, Oct 16, 2017","Tue, Oct 10, 2017"
3797,John F. Kennedy International,New York,United States,JFK,KJFK,40.639751,-73.778925,13,-5,A,"New York, NY",7452,7458,7577,7583,7.687198067632853,25.57039420756236,79.0,145.0,"Tue, Oct 24, 2017","Tue, Oct 24, 2017"
5745,Jamestown Regional Airport,Jamestown,United States,JMS,KJMS,46.9297,-98.6782,1498,-6,A,"Jamestown, ND",82,83,84,84,4.536585365853658,14.337349397590362,9.0,35.0,"Sun, Oct  8, 2017","Thu, Oct 26, 2017"
3492,Juneau International,Juneau,United States,JNU,PAJN,58.354972,-134.576278,21,-9,A,"Juneau, AK",318,320,328,328,4.216981132075475,12.09375,23.0,36.0,"Tue, Oct  3, 2017","Sun, Oct  8, 2017"
3514,Kona International At Keahole,Kona,United States,KOA,PHKO,19.738767,-156.045631,47,-10,N,"Kona, HI",1023,1051,1024,1054,5.112414467253174,11.299714557564227,31.0,41.0,"Mon, Oct 23, 2017","Mon, Oct  2, 2017"
3808,Ketchikan International,Ketchikan,United States,KTN,PAKT,55.355556,-131.71375,88,-9,A,"Ketchikan, AK",181,182,181,182,4.441988950276243,11.159340659340662,18.0,30.0,"Sun, Oct 29, 2017","Tue, Oct 24, 2017"
3544,Capital City,Lansing,United States,LAN,KLAN,42.7787,-84.587357,861,-5,A,"Lansing, MI",192,192,193,193,5.515625,14.171875,25.0,53.0,"Tue, Oct 24, 2017","Fri, Oct  6, 2017"
5746,Laramie Regional Airport,Laramie,United States,LAR,KLAR,41.3121,-105.675,7284,-7,A,"Laramie, WY",50,50,53,53,4.460000000000001,15.98,9.0,43.0,"Mon, Oct 16, 2017","Thu, Oct 26, 2017"
3877,McCarran International,Las Vegas,United States,LAS,KLAS,36.080056,-115.15225,2141,-8,A,"Las Vegas, NV",13195,13200,13234,13242,6.767715043577121,14.776363636363632,105.0,116.0,"Sun, Oct  1, 2017","Sun, Oct  1, 2017"
4256,Lawton-Fort Sill Regional Airport,Lawton,United States,LAW,KLAW,34.5677144,-98.4166367,1110,-6,A,"Lawton/Fort Sill, OK",65,65,65,65,2.8615384615384616,15.246153846153842,6.0,50.0,"Wed, Oct 11, 2017","Wed, Oct 25, 2017"
3484,Los Angeles International,Los Angeles,United States,LAX,KLAX,33.942536,-118.408075,126,-8,A,"Los Angeles, CA",18282,18292,18398,18397,12.1266819822776,20.305926087907118,85.0,142.0,"Sun, Oct 15, 2017","Mon, Oct  9, 2017"
3829,Lubbock Preston Smith International,Lubbock,United States,LBB,KLBB,33.663639,-101.822778,3282,-6,A,"Lubbock, TX",360,357,361,358,4.630555555555555,11.375350140056028,30.0,39.0,"Tue, Oct 24, 2017","Wed, Oct 11, 2017"
5747,Arnold Palmer Regional Airport,Latrobe,United States,LBE,KLBE,40.2759,-79.4048,1185,-5,A,"Latrobe, PA",75,75,75,75,5.586666666666667,10.453333333333333,9.0,19.0,"Fri, Oct 20, 2017","Sun, Oct  8, 2017"
3513,Lake Charles Regional,Lake Charles,United States,LCH,KLCH,30.126112,-93.223335,15,-6,A,"Lake Charles, LA",80,80,80,80,5.387500000000001,13.4,20.0,39.0,"Fri, Oct 20, 2017","Sun, Oct  8, 2017"
4017,Blue Grass,Lexington KY,United States,LEX,KLEX,38.0365,-84.605889,979,-5,A,"Lexington, KY",390,391,393,394,5.097435897435896,16.31202046035807,32.0,131.0,"Sun, Oct  8, 2017","Wed, Oct 25, 2017"
3493,Lafayette Regional,Lafayette,United States,LFT,KLFT,30.205278,-91.987611,43,-6,A,"Lafayette, LA",213,213,213,213,5.389671361502349,16.53051643192488,10.0,57.0,"Mon, Oct 16, 2017","Fri, Oct 20, 2017"
3697,LaGuardia Airport,New York,United States,LGA,KLGA,40.777245,-73.872608,22,-5,A,"New York, NY",8067,8077,8223,8230,8.755919176893519,25.99690479138292,110.0,169.0,"Tue, Oct 24, 2017","Tue, Oct 24, 2017"
3582,Long Beach,Long Beach,United States,LGB,KLGB,33.817722,-118.151611,60,-8,A,"Long Beach, CA",1407,1404,1413,1414,3.9360341151385936,12.707977207977203,24.0,54.0,"Sat, Oct  7, 2017","Wed, Oct 18, 2017"
3602,Lihue,Lihue,United States,LIH,PHLI,21.975983,-159.338958,153,-10,N,"Lihue, HI",999,997,1000,999,5.740740740740742,9.478435305917758,41.0,79.0,"Sat, Oct  7, 2017","Mon, Oct 23, 2017"
3660,Adams Field,Little Rock,United States,LIT,KLIT,34.729444,-92.224306,262,-6,A,"Little Rock, AR",697,700,699,700,4.4361549497847825,13.892857142857137,40.0,88.0,"Fri, Oct 20, 2017","Sat, Oct 14, 2017"
3543,Lincoln,Lincoln,United States,LNK,KLNK,40.850971,-96.75925,1219,-6,A,"Lincoln, NE",235,235,235,235,4.9957446808510655,16.757446808510643,49.0,66.0,"Fri, Oct  6, 2017","Wed, Oct 11, 2017"
3691,Laredo International,Laredo,United States,LRD,KLRD,27.54375,-99.461556,508,-6,A,"Laredo, TX",101,102,101,102,3.772277227722772,14.941176470588236,8.0,44.0,"Mon, Oct 16, 2017","Tue, Oct  3, 2017"
4044,LaCrosse Municipal,LaCrosse,United States,LSE,KLSE,43.878986,-91.256711,654,-6,A,"La Crosse, WI",176,176,178,178,4.068181818181818,16.13636363636364,23.0,92.0,"Tue, Oct 10, 2017","Sat, Oct 21, 2017"
3945,Lewiston Nez Perce County,Lewiston,United States,LWS,KLWS,46.3745,-117.015389,1442,-8,A,"Lewiston, ID",62,62,62,62,4.483870967741935,13.129032258064516,8.0,26.0,"Fri, Oct 27, 2017","Mon, Oct 16, 2017"
3652,Midland International,Midland,United States,MAF,KMAF,31.942528,-102.201914,2871,-6,A,"Midland/Odessa, TX",449,449,451,451,3.870824053452116,11.291759465478842,30.0,44.0,"Sun, Oct  8, 2017","Fri, Oct 20, 2017"
4128,MBS International,Saginaw,United States,MBS,KMBS,43.532913,-84.079647,668,-5,A,"Saginaw/Bay City/Midland, MI",254,255,257,258,4.846456692913381,14.72156862745098,16.0,49.0,"Thu, Oct  5, 2017","Thu, Oct 26, 2017"
3458,Kansas City International,Kansas City,United States,MCI,KMCI,39.297606,-94.713905,1026,-6,A,"Kansas City, MO",3826,3827,3837,3838,4.806586513329841,11.42722759341518,46.0,163.0,"Sat, Oct 14, 2017","Sat, Oct 21, 2017"
3878,Orlando International,Orlando,United States,MCO,KMCO,28.429394,-81.308994,96,-5,A,"Orlando, FL",10145,10147,10228,10232,9.036668309512091,14.744653592194723,83.0,175.0,"Sun, Oct  8, 2017","Sun, Oct 29, 2017"
3542,Harrisburg International,Harrisburg,United States,MDT,KMDT,40.193494,-76.763403,310,-5,A,"Harrisburg, PA",288,288,289,289,4.684027777777778,14.989583333333334,24.0,58.0,"Sat, Oct 14, 2017","Sun, Oct 29, 2017"
3747,Chicago Midway International,Chicago,United States,MDW,KMDW,41.785972,-87.752417,620,-6,A,"Chicago, IL",7480,7479,7526,7526,5.410427807486617,11.985158443642199,49.0,129.0,"Sat, Oct 14, 2017","Sat, Oct 14, 2017"
4335,Key Field,Meridian,United States,MEI,KMEI,32.332624,-88.751868,297,-6,A,"Meridian, MS",91,91,93,93,5.3406593406593394,14.186813186813186,10.0,32.0,"Wed, Oct  4, 2017","Fri, Oct  6, 2017"
3473,Memphis International,Memphis,United States,MEM,KMEM,35.042417,-89.976667,341,-6,A,"Memphis, TN",1279,1275,1282,1281,4.883502736512903,14.950588235294111,25.0,62.0,"Wed, Oct 11, 2017","Fri, Oct 13, 2017"
3826,McAllen Miller International,Mcallen,United States,MFE,KMFE,26.175833,-98.238611,107,-6,A,"Mission/McAllen/Edinburg, TX",197,195,197,195,4.2944162436548226,12.399999999999991,25.0,39.0,"Mon, Oct 30, 2017","Thu, Oct 19, 2017"
4101,Rogue Valley International Medford,Medford,United States,MFR,KMFR,42.374228,-122.8735,1335,-8,A,"Medford, OR",360,359,366,364,4.977777777777776,14.6016713091922,31.0,67.0,"Thu, Oct  5, 2017","Tue, Oct 17, 2017"
4115,Montgomery Regional Airport ,MONTGOMERY,United States,MGM,KMGM,32.3006389,-86.3939722,221,-6,A,"Montgomery, AL",168,167,168,167,3.857142857142857,18.55688622754492,23.0,67.0,"Fri, Oct 27, 2017","Mon, Oct 23, 2017"
4050,Manhattan Regional,Manhattan,United States,MHK,KMHK,39.140972,-96.670833,1057,-6,A,"Manhattan/Ft. Riley, KS",87,87,88,88,3.793103448275861,10.678160919540234,13.0,28.0,"Wed, Oct  4, 2017","Sun, Oct  8, 2017"
4011,Manchester Regional Airport,Manchester NH,United States,MHT,KMHT,42.932556,-71.435667,266,-5,A,"Manchester, NH",589,590,595,595,4.531409168081492,13.011864406779662,18.0,42.0,"Wed, Oct 25, 2017","Tue, Oct 31, 2017"
3576,Miami International,Miami,United States,MIA,KMIA,25.79325,-80.290556,8,-5,A,"Miami, FL",5429,5427,5491,5483,9.549456621845641,18.429334807444224,73.0,136.0,"Sat, Oct 21, 2017","Mon, Oct  9, 2017"
3717,General Mitchell International,Milwaukee,United States,MKE,KMKE,42.947222,-87.896583,723,-6,A,"Milwaukee, WI",2290,2296,2302,2304,5.037117903930131,12.668554006968638,90.0,73.0,"Wed, Oct 18, 2017","Tue, Oct 10, 2017"
5754,Muskegon County Airport,Muskegon,United States,MKG,KMKG,43.1695,-86.2382,628,-5,A,"Muskegon, MI",57,57,58,58,4.859649122807017,15.368421052631579,8.0,83.0,"Sat, Oct 14, 2017","Wed, Oct 11, 2017"
3671,Melbourne International,Melbourne,United States,MLB,KMLB,28.102753,-80.645258,33,-5,A,"Melbourne, FL",118,118,118,118,3.6779661016949152,15.508474576271187,7.0,40.0,"Wed, Oct 25, 2017","Thu, Oct  5, 2017"
4072,Quad City International,Moline,United States,MLI,KMLI,41.448528,-90.507539,590,-6,A,"Moline, IL",177,177,178,178,5.197740112994346,16.77966101694914,18.0,101.0,"Tue, Oct 31, 2017","Wed, Oct 11, 2017"
3732,Monroe Regional,Monroe,United States,MLU,KMLU,32.510864,-92.037689,79,-6,A,"Monroe, LA",217,214,217,215,4.502304147465436,16.275700934579437,12.0,74.0,"Sat, Oct 28, 2017","Sun, Oct 22, 2017"
3782,Mobile Regional,Mobile,United States,MOB,KMOB,30.691231,-88.242814,219,-6,A,"Mobile, AL",192,193,194,195,4.76041666666667,13.922279792746114,18.0,48.0,"Fri, Oct 20, 2017","Sun, Oct 22, 2017"
3498,Minot International,Minot,United States,MOT,KMOT,48.259378,-101.280333,1716,-6,A,"Minot, ND",144,146,146,147,4.902777777777775,16.2054794520548,10.0,44.0,"Thu, Oct  5, 2017","Fri, Oct 27, 2017"
6838,Sawyer International Airport,Marquette,United States,MQT,KMQT,46.353611,-87.395278,1221,-5,A,"Marquette, MI",58,58,58,58,4.879310344827586,21.362068965517242,8.0,70.0,"Tue, Oct 24, 2017","Tue, Oct 31, 2017"
3948,Monterey Peninsula,Monterey,United States,MRY,KMRY,36.587,-121.842944,257,-8,A,"Monterey, CA",195,195,206,205,3.923076923076923,18.097435897435886,14.0,53.0,"Sat, Oct 14, 2017","Fri, Oct 20, 2017"
3459,Dane County Regional-Truax Field,Madison,United States,MSN,KMSN,43.139858,-89.337514,887,-6,A,"Madison, WI",811,809,817,815,4.6239210850801475,13.6885043263288,29.0,74.0,"Fri, Oct 20, 2017","Wed, Oct 11, 2017"
4216,Missoula International,Missoula,United States,MSO,KMSO,46.916306,-114.090556,3205,-7,A,"Missoula, MT",207,207,208,208,5.777777777777778,18.217391304347824,24.0,62.0,"Mon, Oct 30, 2017","Thu, Oct  5, 2017"
3858,Minneapolis St. Paul International,Minneapolis,United States,MSP,KMSP,44.881956,-93.221767,841,-6,A,"Minneapolis, MN",12038,12047,12064,12066,5.718225618873573,18.383082925209678,90.0,95.0,"Sat, Oct 14, 2017","Fri, Oct 27, 2017"
3861,Louis Armstrong New Orleans International,New Orleans,United States,MSY,KMSY,29.993389,-90.258028,4,-6,A,"New Orleans, LA",4052,4050,4075,4076,5.0175222112537,11.781975308641972,64.0,77.0,"Fri, Oct  6, 2017","Sun, Oct  8, 2017"
6880,Montrose Regional Airport,Montrose CO,United States,MTJ,KMTJ,38.509794,-107.894242,5759,-7,A,"Montrose/Delta, CO",4,4,4,4,4.75,15.5,6.0,23.0,"Tue, Oct  3, 2017","Tue, Oct  3, 2017"
4265,Martha's Vineyard,Vineyard Haven MA,United States,MVY,KMVY,41.391667,-70.615278,67,-5,A,"Martha's Vineyard, MA",16,16,16,16,3.0625,15.25,4.0,89.0,"Sun, Oct  1, 2017","Thu, Oct 12, 2017"
3515,Myrtle Beach International,Myrtle Beach,United States,MYR,KMYR,33.67975,-78.928333,25,-5,A,"Myrtle Beach, SC",621,618,625,625,5.18840579710145,11.611650485436892,31.0,42.0,"Mon, Oct  9, 2017","Sun, Oct  1, 2017"
4386,Albert J. Ellis,Jacksonville NC,United States,OAJ,KOAJ,34.829164,-77.612139,94,-5,A,"Jacksonville/Camp Lejeune, NC",26,27,26,27,3.576923076923077,15.148148148148149,6.0,23.0,"Wed, Oct 11, 2017","Tue, Oct 10, 2017"
3453,Metropolitan Oakland International,Oakland,United States,OAK,KOAK,37.721278,-122.220722,9,-8,A,"Oakland, CA",4422,4434,4465,4472,5.779737675260071,12.474515110509694,56.0,78.0,"Mon, Oct 23, 2017","Sun, Oct  8, 2017"
3456,Kahului,Kahului,United States,OGG,PHOG,20.89865,-156.430458,54,-10,N,"Kahului, HI",1967,1962,1977,1977,6.1504829689883085,9.665647298674825,38.0,54.0,"Mon, Oct 30, 2017","Sun, Oct  1, 2017"
3863,Will Rogers World,Oklahoma City,United States,OKC,KOKC,35.393089,-97.600733,1295,-6,A,"Oklahoma City, OK",1302,1302,1302,1302,4.545314900153619,12.922427035330264,95.0,68.0,"Sat, Oct 21, 2017","Mon, Oct  9, 2017"
3454,Eppley Airfield,Omaha,United States,OMA,KOMA,41.303167,-95.894069,984,-6,A,"Omaha, NE",1638,1645,1644,1646,4.115384615384612,12.638905775075983,34.0,83.0,"Mon, Oct 23, 2017","Sat, Oct 21, 2017"
3615,Nome,Nome,United States,OME,PAOM,64.512203,-165.445247,37,-9,A,"Nome, AK",61,62,62,62,3.5737704918032787,8.177419354838708,14.0,27.0,"Mon, Oct  2, 2017","Fri, Oct 20, 2017"
3734,Ontario International,Ontario,United States,ONT,KONT,34.056,-117.601194,944,-8,A,"Ontario, CA",1833,1829,1850,1849,4.325695581014731,11.78020776380535,35.0,75.0,"Tue, Oct 31, 2017","Tue, Oct 17, 2017"
3830,Chicago O'Hare International,Chicago,United States,ORD,KORD,41.978603,-87.904842,668,-6,A,"Chicago, IL",22904,22931,23039,23039,13.041128187216222,20.86437573590338,118.0,116.0,"Sat, Oct 14, 2017","Sat, Oct 14, 2017"
3611,Norfolk International,Norfolk,United States,ORF,KORF,36.894611,-76.201222,26,-5,A,"Norfolk, VA",1075,1075,1082,1084,4.199069767441862,14.175813953488374,71.0,68.0,"Wed, Oct 11, 2017","Sun, Oct  8, 2017"
6426,Worcester Regional Airport,Worcester,United States,ORH,KORH,42.2673,-71.8757,1009,-5,U,"Worcester, MA",59,59,62,59,3.2542372881355934,10.271186440677967,5.0,20.0,"Wed, Oct  4, 2017","Wed, Oct 11, 2017"
5757,Southwest Oregon Regional Airport,North Bend,United States,OTH,KOTH,43.4171,-124.246,17,-8,A,"North Bend/Coos Bay, OR",26,28,33,32,4.346153846153848,19.75,8.0,105.0,"Sun, Oct  1, 2017","Thu, Oct 12, 2017"
3693,Ralph Wien Memorial,Kotzebue,United States,OTZ,PAOT,66.884678,-162.59855,11,-9,A,"Kotzebue, AK",61,61,62,62,4.147540983606558,9.114754098360654,6.0,23.0,"Thu, Oct  5, 2017","Fri, Oct 27, 2017"
4117,Barkley Regional Airport,PADUCAH,United States,PAH,KPAH,37.0602875,-88.7729583,410,-6,A,"Paducah, KY",58,58,58,58,4.586206896551724,12.89655172413793,18.0,30.0,"Sun, Oct  1, 2017","Thu, Oct  5, 2017"
3771,Plattsburgh International,Plattsburgh,United States,PBG,KPBG,44.650944,-73.468139,234,-5,A,"Plattsburgh, NY",9,9,9,9,5.111111111111111,13.88888888888889,10.0,22.0,"Fri, Oct 27, 2017","Tue, Oct 31, 2017"
3722,Palm Beach International,West Palm Beach,United States,PBI,KPBI,26.683161,-80.095589,19,-5,A,"West Palm Beach/Palm Beach, FL",1743,1741,1758,1753,4.10441767068273,13.753015508328547,31.0,84.0,"Mon, Oct 16, 2017","Sun, Oct 15, 2017"
3720,Portland International,Portland,United States,PDX,KPDX,45.588722,-122.5975,30,-8,A,"Portland, OR",5587,5601,5651,5656,4.686414891712911,13.558114622388858,73.0,86.0,"Sun, Oct 15, 2017","Thu, Oct 26, 2017"
3633,Newport News Williamsburg International,Newport News,United States,PHF,KPHF,37.131894,-76.492989,43,-5,A,"Newport News/Williamsburg, VA",82,82,83,83,4.036585365853658,13.707317073170731,7.0,55.0,"Sun, Oct  1, 2017","Tue, Oct 24, 2017"
3752,Philadelphia International,Philadelphia,United States,PHL,KPHL,39.871944,-75.241139,36,-5,A,"Philadelphia, PA",6052,6058,6077,6079,6.988433575677452,20.513865962363777,46.0,106.0,"Mon, Oct  9, 2017","Sun, Oct 15, 2017"
3462,Phoenix Sky Harbor International,Phoenix,United States,PHX,KPHX,33.434278,-112.011583,1135,-7,N,"Phoenix, AZ",12482,12499,12555,12545,7.020990225925335,15.592207376590109,85.0,104.0,"Sun, Oct  8, 2017","Tue, Oct  3, 2017"
4046,Peoria Regional,Peoria,United States,PIA,KPIA,40.664203,-89.693258,660,-6,A,"Peoria, IL",270,270,270,271,4.65925925925926,16.396296296296295,24.0,86.0,"Sun, Oct  1, 2017","Wed, Oct 11, 2017"
5759,Hattiesburg Laurel Regional Airport,Hattiesburg/Laurel,United States,PIB,KPIB,31.4671,-89.3371,298,-6,A,"Hattiesburg/Laurel, MS",61,61,62,62,4.44262295081967,17.704918032786885,6.0,79.0,"Mon, Oct  2, 2017","Fri, Oct 13, 2017"
5760,Pocatello Regional Airport,Pocatello,United States,PIH,KPIH,42.9098,-112.596,4452,-7,A,"Pocatello, ID",89,89,89,89,3.7415730337078643,14.51685393258427,8.0,48.0,"Tue, Oct  3, 2017","Wed, Oct 11, 2017"
3570,Pittsburgh International,Pittsburgh (pennsylva),United States,PIT,KPIT,40.491467,-80.232872,1204,-5,A,"Pittsburgh, PA",2384,2386,2391,2394,5.025167785234901,12.246018440905276,38.0,82.0,"Wed, Oct 25, 2017","Mon, Oct  9, 2017"
5762,Pellston Regional Airport of Emmet County Airport,Pellston,United States,PLN,KPLN,45.5709,-84.7967,720,-5,A,"Pellston, MI",53,54,63,64,5.320754716981132,14.925925925925926,8.0,39.0,"Tue, Oct 17, 2017","Sun, Oct 29, 2017"
3564,Pensacola Regional,Pensacola,United States,PNS,KPNS,30.473425,-87.186611,121,-6,A,"Pensacola, FL",400,399,413,412,3.9975,13.573934837092732,14.0,119.0,"Sun, Oct 22, 2017","Tue, Oct  3, 2017"
6133,Tri Cities Airport,Pasco,United States,PSC,PSC,46.2647,-119.119,410,-8,A,"Pasco/Kennewick/Richland, WA",425,424,437,436,4.948235294117649,16.367924528301884,11.0,59.0,"Wed, Oct 11, 2017","Tue, Oct 31, 2017"
4147,Petersburg James A. Johnson,Petersburg,United States,PSG,PAPG,56.801667,-132.945278,105,-9,A,"Petersburg, AK",59,59,62,62,3.9322033898305095,8.932203389830509,6.0,24.0,"Sun, Oct 22, 2017","Mon, Oct 16, 2017"
3839,Palm Springs International,Palm Springs,United States,PSP,KPSP,33.829667,-116.506694,477,-8,A,"Palm Springs, CA",683,681,692,691,5.512445095168376,14.41116005873714,24.0,58.0,"Wed, Oct  4, 2017","Thu, Oct  5, 2017"
3641,Theodore Francis Green State,Providence,United States,PVD,KPVD,41.732581,-71.420383,55,-5,A,"Providence, RI",1202,1203,1219,1216,5.292845257903497,12.604322527015798,65.0,72.0,"Sat, Oct  7, 2017","Fri, Oct 13, 2017"
3862,Portland International Jetport,Portland,United States,PWM,KPWM,43.646161,-70.309281,77,-5,A,"Portland, ME",445,444,451,451,3.1775280898876415,12.644144144144144,17.0,62.0,"Thu, Oct  5, 2017","Mon, Oct 30, 2017"
4087,Rapid City Regional Airport,Rapid City,United States,RAP,KRAP,44.045278,-103.057222,3204,-7,A,"Rapid City, SD",327,327,328,329,5.085626911314986,15.850152905198776,81.0,47.0,"Sun, Oct 22, 2017","Tue, Oct 10, 2017"
4098,Redding Municipal,Redding,United States,RDD,KRDD,40.509,-122.293389,504,-8,A,"Redding, CA",83,80,88,88,4.650602409638554,13.4125,8.0,46.0,"Thu, Oct 26, 2017","Thu, Oct  5, 2017"
4103,Roberts Field,Redmond-Bend,United States,RDM,KRDM,44.254066,-121.149964,3077,-8,A,"Bend/Redmond, OR",358,357,367,368,4.625698324022354,16.602240896358534,15.0,86.0,"Sat, Oct 14, 2017","Thu, Oct  5, 2017"
3626,Raleigh Durham International,Raleigh-durham,United States,RDU,KRDU,35.877639,-78.787472,435,-5,A,"Raleigh/Durham, NC",3152,3151,3161,3159,5.3743654822335,15.837829260552205,137.0,108.0,"Wed, Oct 11, 2017","Sun, Oct 15, 2017"
5765,Rhinelander Oneida County Airport,Rhinelander,United States,RHI,KRHI,45.6312,-89.4675,1624,-6,A,"Rhinelander, WI",61,61,62,62,4.377049180327868,19.21311475409836,9.0,45.0,"Wed, Oct  4, 2017","Mon, Oct 16, 2017"
3608,Richmond International,Richmond,United States,RIC,KRIC,37.505167,-77.319667,167,-5,A,"Richmond, VA",1488,1492,1496,1499,5.866263440860208,16.73927613941018,26.0,92.0,"Mon, Oct  9, 2017","Tue, Oct 17, 2017"
5766,Rock Springs Sweetwater County Airport,Rock Springs,United States,RKS,KRKS,41.5942,-109.065,6760,-7,A,"Rock Springs, WY",58,58,58,58,3.0689655172413794,13.379310344827585,7.0,43.0,"Sun, Oct  1, 2017","Thu, Oct 26, 2017"
3807,Reno Tahoe International,Reno,United States,RNO,KRNO,39.499108,-119.768108,4415,-8,A,"Reno, NV",1357,1354,1365,1366,4.529845246868098,12.044313146233389,39.0,55.0,"Mon, Oct 23, 2017","Mon, Oct  9, 2017"
4016,Roanoke Regional,Roanoke VA,United States,ROA,KROA,37.325472,-79.975417,1175,-5,A,"Roanoke, VA",57,57,57,57,5.228070175438598,16.19298245614035,10.0,53.0,"Fri, Oct 13, 2017","Tue, Oct 10, 2017"
3622,Greater Rochester International,Rochester,United States,ROC,KROC,43.118866,-77.672389,559,-5,A,"Rochester, NY",626,627,637,635,5.645367412140581,13.283891547049453,32.0,72.0,"Sun, Oct 15, 2017","Sun, Oct 15, 2017"
3736,Roswell International Air Center,Roswell,United States,ROW,KROW,33.301556,-104.530556,3671,-7,A,"Roswell, NM",31,31,31,31,5.838709677419355,19.0,10.0,56.0,"Mon, Oct  2, 2017","Tue, Oct  3, 2017"
4048,Rochester,Rochester,United States,RST,KRST,43.908283,-92.500014,1317,-6,A,"Rochester, MN",259,257,261,260,4.440154440154443,17.84824902723737,24.0,55.0,"Fri, Oct 20, 2017","Fri, Oct 27, 2017"
3793,Southwest Florida International,Fort Myers,United States,RSW,KRSW,26.536167,-81.755167,30,-5,A,"Fort Myers, FL",1890,1882,1896,1892,4.764021164021168,11.893730074388955,39.0,77.0,"Sun, Oct 15, 2017","Mon, Oct 23, 2017"
3784,Santa Fe Municipal,Santa Fe,United States,SAF,KSAF,35.617108,-106.089422,6348,-7,A,"Santa Fe, NM",123,122,123,123,4.487804878048783,15.12295081967213,13.0,42.0,"Tue, Oct 10, 2017","Thu, Oct  5, 2017"
3731,San Diego International,San Diego,United States,SAN,KSAN,32.733556,-117.189667,17,-8,A,"San Diego, CA",7125,7120,7181,7185,3.628210526315788,16.015870786516864,35.0,104.0,"Sun, Oct  1, 2017","Fri, Oct  6, 2017"
3621,San Antonio International,San Antonio,United States,SAT,KSAT,29.533694,-98.469778,809,-6,A,"San Antonio, TX",2913,2909,2916,2914,4.370408513559908,11.936404262633193,49.0,87.0,"Sat, Oct 14, 2017","Sun, Oct  8, 2017"
3613,Savannah Hilton Head International,Savannah,United States,SAV,KSAV,32.127583,-81.202139,51,-5,A,"Savannah, GA",672,672,677,680,5.0357142857142785,14.973214285714288,41.0,65.0,"Mon, Oct  9, 2017","Mon, Oct 23, 2017"
3949,Santa Barbara Municipal,Santa Barbara,United States,SBA,KSBA,34.426211,-119.840372,10,-8,A,"Santa Barbara, CA",458,460,481,480,4.875545851528383,15.521739130434796,27.0,57.0,"Thu, Oct 12, 2017","Sun, Oct 29, 2017"
4359,South Bend Regional,South Bend,United States,SBN,KSBN,41.708661,-86.31725,799,-5,A,"South Bend, IN",494,494,498,498,4.593117408906883,17.59514170040488,38.0,59.0,"Mon, Oct 23, 2017","Thu, Oct 26, 2017"
5768,San Luis County Regional Airport,San Luis Obispo,United States,SBP,KSBP,35.2368,-120.642,212,-8,A,"San Luis Obispo, CA",267,262,271,271,4.146067415730335,18.55725190839694,17.0,51.0,"Sun, Oct 15, 2017","Thu, Oct 12, 2017"
3620,Deadhorse,Deadhorse,United States,SCC,PASC,70.19475,-148.465167,64,-9,A,"Deadhorse, AK",62,62,62,62,4.016129032258066,7.709677419354842,7.0,29.0,"Thu, Oct 19, 2017","Sat, Oct  7, 2017"
4318,University Park Airport,State College Pennsylvania,United States,SCE,KUNV,40.849278,-77.848694,1239,-5,A,"State College, PA",151,151,152,152,4.052980132450331,16.980132450331144,14.0,67.0,"Fri, Oct 20, 2017","Tue, Oct 17, 2017"
4014,Louisville International Airport,Louisville,United States,SDF,KSDF,38.1740858,-85.7364989,501,-5,A,"Louisville, KY",856,854,857,858,5.718457943925228,13.704918032786889,35.0,93.0,"Tue, Oct 10, 2017","Mon, Oct 23, 2017"
3577,Seattle Tacoma International,Seattle,United States,SEA,KSEA,47.449,-122.309306,433,-8,A,"Seattle, WA",11593,11618,11685,11688,9.11360303631493,19.64374246858326,76.0,95.0,"Sun, Oct 29, 2017","Sun, Oct  8, 2017"
3469,San Francisco International,San Francisco,United States,SFO,KSFO,37.618972,-122.374889,13,-8,A,"San Francisco, CA",15195,15214,15583,15584,8.704179006252016,21.834823189167896,98.0,101.0,"Thu, Oct 26, 2017","Sun, Oct  8, 2017"
4348,Springfield Branson National,Springfield,United States,SGF,KSGF,37.245667,-93.388639,1268,-6,A,"Springfield, MO",275,278,277,278,6.247272727272727,17.14748201438849,24.0,69.0,"Sat, Oct 14, 2017","Wed, Oct 25, 2017"
4064,St. George Municipal,Saint George,United States,SGU,KSGU,37.090583,-113.593056,2941,-7,A,"St. George, UT",301,298,301,300,4.000000000000001,15.771812080536925,10.0,44.0,"Wed, Oct 25, 2017","Sun, Oct 29, 2017"
3609,Shreveport Regional,Shreveport,United States,SHV,KSHV,32.446629,-93.8256,258,-6,A,"Shreveport, LA",367,368,367,368,5.403269754768387,14.951086956521742,36.0,50.0,"Mon, Oct 30, 2017","Sun, Oct 29, 2017"
3856,Sitka Rocky Gutierrez,Sitka,United States,SIT,PASI,57.047138,-135.361611,21,-9,A,"Sitka, AK",89,89,90,89,4.303370786516852,11.224719101123595,8.0,32.0,"Sun, Oct  1, 2017","Mon, Oct 16, 2017"
3748,Norman Y. Mineta San Jose International,San Jose,United States,SJC,KSJC,37.3626,-121.929022,62,-8,A,"San Jose, CA",4492,4496,4524,4527,4.374220837043645,12.680160142348742,54.0,69.0,"Tue, Oct  3, 2017","Mon, Oct 30, 2017"
3708,San Angelo Regional-Mathis Field,San Angelo,United States,SJT,KSJT,31.35775,-100.496306,1919,-6,A,"San Angelo, TX",65,65,65,65,3.1846153846153844,12.815384615384616,5.0,29.0,"Mon, Oct  9, 2017","Mon, Oct 16, 2017"
3536,Salt Lake City International,Salt Lake City,United States,SLC,KSLC,40.788389,-111.977772,4227,-7,A,"Salt Lake City, UT",9305,9305,9323,9323,6.338742611499191,17.153036002149417,49.0,91.0,"Wed, Oct 18, 2017","Sun, Oct  8, 2017"
3817,Sacramento International,Sacramento,United States,SMF,KSMF,38.695417,-121.590778,27,-8,A,"Sacramento, CA",4039,4038,4063,4065,4.51250309482546,12.043090638930163,29.0,70.0,"Fri, Oct 20, 2017","Tue, Oct 24, 2017"
3867,John Wayne Airport Orange County,Santa Ana,United States,SNA,KSNA,33.675667,-117.868222,56,-8,A,"Santa Ana, CA",3711,3705,3741,3738,5.486122338992181,13.702294197031033,54.0,78.0,"Mon, Oct  9, 2017","Mon, Oct  9, 2017"
4336,Abraham Lincoln Capital,Springfield,United States,SPI,KSPI,39.8441,-89.677889,597,-6,A,"Springfield, IL",89,89,89,89,4.101123595505618,12.651685393258427,6.0,32.0,"Tue, Oct 17, 2017","Sun, Oct 29, 2017"
4067,Sarasota Bradenton International,Sarasota,United States,SRQ,KSRQ,27.395444,-82.554389,30,-5,A,"Sarasota/Bradenton, FL",212,212,214,214,3.556603773584906,13.235849056603774,9.0,51.0,"Thu, Oct 12, 2017","Thu, Oct 12, 2017"
3678,Lambert St. Louis International,St. Louis,United States,STL,KSTL,38.748697,-90.370028,618,-6,A,"St. Louis, MO",4813,4810,4836,4833,4.315395803033441,11.12848232848234,43.0,65.0,"Tue, Oct 10, 2017","Mon, Oct 23, 2017"
6992,Charles M. Schulz Sonoma County,Santa Rosa,United States,STS,KSTS,38.508978,-122.81288,125,-8,A,"Santa Rosa, CA",112,112,154,154,4.258928571428568,16.571428571428566,15.0,44.0,"Thu, Oct  5, 2017","Mon, Oct  2, 2017"
6494,Friedman Memorial,Hailey,United States,SUN,KSUN,43.504444,-114.296194,5320,-7,A,"Sun Valley/Hailey/Ketchum, ID",70,70,71,71,2.9571428571428573,12.385714285714286,8.0,51.0,"Sat, Oct 14, 2017","Tue, Oct  3, 2017"
3661,Stewart International,Newburgh,United States,SWF,KSWF,41.504094,-74.104839,491,-5,A,"Newburgh/Poughkeepsie, NY",120,119,120,120,5.291666666666668,13.714285714285714,9.0,33.0,"Wed, Oct 25, 2017","Wed, Oct 25, 2017"
3745,Syracuse Hancock International,Syracuse,United States,SYR,KSYR,43.111187,-76.106311,421,-5,A,"Syracuse, NY",690,688,699,698,5.034782608695656,16.319767441860456,29.0,98.0,"Wed, Oct 25, 2017","Thu, Oct 26, 2017"
3698,Tallahassee Regional,Tallahassee,United States,TLH,KTLH,30.396528,-84.350333,81,-5,A,"Tallahassee, FL",173,173,173,173,3.93063583815029,14.566473988439306,8.0,42.0,"Sun, Oct 15, 2017","Sat, Oct 21, 2017"
4040,Toledo,Toledo,United States,TOL,KTOL,41.586806,-83.807833,684,-5,A,"Toledo, OH",27,27,27,27,4.148148148148148,15.555555555555555,6.0,41.0,"Fri, Oct  6, 2017","Mon, Oct  9, 2017"
3646,Tampa International,Tampa,United States,TPA,KTPA,27.975472,-82.53325,26,-5,A,"Tampa, FL",5311,5306,5334,5331,4.5162869516098505,12.07972107048623,44.0,97.0,"Sun, Oct 29, 2017","Mon, Oct  9, 2017"
4116,Tri-Cities Regional Airport,BRISTOL,United States,TRI,KTRI,36.4752222,-82.4074167,1519,-5,A,"Bristol/Johnson City/Kingsport, TN",103,104,103,104,3.9417475728155345,14.701923076923077,7.0,40.0,"Sun, Oct  1, 2017","Sun, Oct 29, 2017"
3447,Trenton Mercer,Trenton,United States,TTN,KTTN,40.276692,-74.813469,213,-5,A,"Trenton, NJ",169,170,171,171,7.834319526627217,12.241176470588234,27.0,30.0,"Sun, Oct  8, 2017","Fri, Oct 27, 2017"
3855,Tulsa International,Tulsa,United States,TUL,KTUL,36.198389,-95.888111,677,-6,A,"Tulsa, OK",1209,1209,1211,1211,3.976840363937141,13.501240694789091,27.0,65.0,"Wed, Oct 11, 2017","Sat, Oct 28, 2017"
3636,Tucson International,Tucson,United States,TUS,KTUS,32.116083,-110.941028,2643,-7,N,"Tucson, AZ",1271,1270,1273,1273,4.980330448465775,14.616535433070869,29.0,88.0,"Tue, Oct 17, 2017","Tue, Oct  3, 2017"
4023,Cherry Capital Airport,Traverse City,United States,TVC,KTVC,44.741445,-85.582235,624,-5,A,"Traverse City, MI",240,239,243,242,4.662499999999998,15.75313807531381,41.0,116.0,"Tue, Oct 10, 2017","Sat, Oct 14, 2017"
4263,Magic Valley Regional Airport,Twin Falls,United States,TWF,KTWF,42.481803,-114.487733,4151,-7,A,"Twin Falls, ID",88,88,88,88,3.602272727272727,13.693181818181818,7.0,41.0,"Sun, Oct  8, 2017","Mon, Oct  9, 2017"
3676,McGhee Tyson,Knoxville,United States,TYS,KTYS,35.810972,-83.994028,981,-5,A,"Knoxville, TN",570,572,574,573,4.326315789473683,15.601398601398602,25.0,70.0,"Tue, Oct  3, 2017","Sun, Oct 15, 2017"
3873,Eglin AFB,Valparaiso,United States,VPS,KVPS,30.48325,-86.5254,87,-6,A,"Valparaiso, FL",317,318,318,319,7.170347003154576,16.8679245283019,16.0,63.0,"Sun, Oct  8, 2017","Sun, Oct  8, 2017"
5969,Wrangell Airport,Wrangell,United States,WRG,PAWG,56.4843,-132.37,44,-9,A,"Wrangell, AK",60,61,62,62,3.95,7.754098360655738,6.0,25.0,"Fri, Oct 20, 2017","Thu, Oct 26, 2017"
4356,NW Arkansas Regional,Bentonville,United States,XNA,KXNA,36.2818694,-94.3068111,1287,-6,A,"Fayetteville, AR",402,401,407,405,5.753731343283582,14.738154613466337,20.0,73.0,"Sun, Oct  8, 2017","Tue, Oct 31, 2017"
6803,Yakutat,Yakutat,United States,YAK,PAYA,59.3012,-139.3937,33,-9,A,"Yakutat, AK",60,61,62,62,3.8666666666666667,8.229508196721312,7.0,20.0,"Mon, Oct 30, 2017","Thu, Oct  5, 2017"
3596,Yuma MCAS Yuma International,Yuma,United States,YUM,KYUM,32.656578,-114.60598,216,-7,N,"Yuma, AZ",120,119,121,120,4.2916666666666705,13.588235294117647,10.0,36.0,"Mon, Oct 30, 2017","Tue, Oct 24, 2017"
2883,Cyril E. King,St. Thomas,Virgin Islands,STT,TIST,18.337306,-64.973361,23,-4,U,"Charlotte Amalie, VI",90,90,128,128,3.5555555555555554,13.022222222222222,19.0,39.0,"Wed, Oct 18, 2017","Thu, Oct 26, 2017"
2884,Henry E. Rohlsen,St. Croix Island,Virgin Islands,STX,TISX,17.701889,-64.798556,74,-4,U,"Christiansted, VI",47,47,56,56,3.297872340425532,17.468085106382983,7.0,57.0,"Thu, Oct 19, 2017","Mon, Oct 16, 2017"
1970,Pago Pago Internatonal,Pago Pago,American Samoa,PPG,NSTU,-14.331,-170.7105,32,-11,U,"Pago Pago, TT",9,9,9,9,7.777777777777778,12.11111111111111,8.0,15.0,"Fri, Oct  6, 2017","Fri, Oct 20, 2017"
2246,Guam International,Agana,Guam,GUM,PGUM,13.48345,144.795983,298,10,U,"Guam, TT",31,31,31,31,3.7419354838709675,13.67741935483871,7.0,22.0,"Tue, Oct 17, 2017","Mon, Oct 30, 2017"
2885,Rafael Hernndez,Aguadilla,Puerto Rico,BQN,TJBQ,18.494861,-67.129444,237,-4,U,"Aguadilla, PR",43,43,83,76,7.023255813953488,13.976744186046512,16.0,29.0,"Mon, Oct  9, 2017","Sun, Oct 15, 2017"
2889,Aeropuerto Mercedita,Ponce,Puerto Rico,PSE,TJPS,18.008306,-66.563028,29,-4,U,"Ponce, PR",11,11,31,27,4.636363636363637,18.0,7.0,41.0,"Fri, Oct 13, 2017","Thu, Oct 19, 2017"
2890,Luis Muoz Marn International,San Juan,Puerto Rico,SJU,TJSJ,18.439417,-66.001833,9,-4,U,"San Juan, PR",1181,1183,1314,1323,7.237933954276036,15.65173288250211,95.0,88.0,"Wed, Oct 11, 2017","Mon, Oct  2, 2017"
