airport_id,name,city,country,iata_faa,iaco,latitude,longitude,altitude,zone,dst,city_state,avg_able_landings,avg_able_takeoffs,total_landings,total_takeoffs,avg_taxi_in,avg_taxi_out,longest_taxi_in,longest_taxi_out,lng_tx_in_date,lng_tx_out_date
4355,Lehigh Valley International,Allentown,United States,ABE,KABE,40.652083,-75.440806,393,-5,A,"Allentown/Bethlehem/Easton, PA",219,219,220,220,5.347031963470322,17.57077625570777,21.0,75.0,"Tue, Nov 21, 2017","Sat, Nov 11, 2017"
4019,Albuquerque International Sunport,Albuquerque,United States,ABQ,KABQ,35.0402222,-106.6091944,5355,-7,A,"Albuquerque, NM",1519,1522,1522,1525,4.751810401579988,10.716162943495394,25.0,46.0,"Wed, Nov 22, 2017","Mon, Nov 20, 2017"
5714,Aberdeen Regional Airport,Aberdeen,United States,ABR,KABR,45.4491,-98.4218,1302,-6,A,"Aberdeen, SD",59,59,59,59,4.610169491525425,21.01694915254238,8.0,50.0,"Wed, Nov  8, 2017","Thu, Nov  2, 2017"
4384,Arcata,Arcata CA,United States,ACV,KACV,40.978111,-124.108611,221,-8,A,"Arcata/Eureka, CA",111,110,115,115,5.540540540540539,12.727272727272727,8.0,51.0,"Wed, Nov  1, 2017","Mon, Nov 13, 2017"
3524,Atlantic City International,Atlantic City,United States,ACY,KACY,39.457583,-74.577167,75,-5,A,"Atlantic City, NJ",273,273,274,274,5.150183150183151,11.267399267399268,10.0,36.0,"Sat, Nov 25, 2017","Tue, Nov 14, 2017"
5959,Adak Airport,Adak Island,United States,ADK,PADK,51.878,-176.646,18,-10,A,"Adak Island, AK",7,7,8,8,4.714285714285714,13.285714285714286,6.0,17.0,"Wed, Nov  1, 2017","Sat, Nov 18, 2017"
3531,Kodiak,Kodiak,United States,ADQ,PADQ,57.749967,-152.493856,78,-9,A,"Kodiak, AK",48,48,52,52,3.1875,8.416666666666668,6.0,17.0,"Sat, Nov  4, 2017","Mon, Nov 27, 2017"
3852,Alexandria International,Alexandria,United States,AEX,KAEX,31.3274,-92.549833,89,-6,A,"Alexandria, LA",79,79,79,79,4.126582278481013,20.430379746835442,17.0,65.0,"Sat, Nov 25, 2017","Mon, Nov 27, 2017"
3658,Augusta Regional At Bush Field,Bush Field,United States,AGS,KAGS,33.369944,-81.9645,144,-5,A,"Augusta, GA",108,108,109,109,5.2037037037037015,18.972222222222218,10.0,58.0,"Fri, Nov 17, 2017","Sat, Nov 25, 2017"
3864,Albany International,Albany,United States,ALB,KALB,42.748267,-73.801692,285,-5,A,"Albany, NY",762,762,762,762,3.543307086614172,12.528871391076105,22.0,55.0,"Sat, Nov 18, 2017","Sun, Nov 12, 2017"
5718,Waterloo Regional Airport,Waterloo,United States,ALO,KALO,42.5571,-92.4003,873,-6,A,"Waterloo, IA",55,55,55,55,3.9454545454545453,15.509090909090904,6.0,72.0,"Thu, Nov  2, 2017","Sun, Nov 26, 2017"
3840,Rick Husband Amarillo International,Amarillo,United States,AMA,KAMA,35.219369,-101.705931,3607,-6,A,"Amarillo, TX",262,262,262,262,4.106870229007634,11.057251908396953,17.0,36.0,"Sat, Nov 18, 2017","Tue, Nov 28, 2017"
3774,Ted Stevens Anchorage International,Anchorage,United States,ANC,PANC,61.174361,-149.996361,152,-9,A,"Anchorage, AK",1135,1142,1159,1157,4.56563876651982,15.655866900175145,22.0,93.0,"Sun, Nov  5, 2017","Sun, Nov  5, 2017"
5720,Alpena County Regional Airport,Alpena,United States,APN,KAPN,45.0781,-83.5603,689,-5,A,"Alpena, MI",50,51,51,51,5.439999999999999,15.49019607843138,34.0,45.0,"Tue, Nov  7, 2017","Wed, Nov 22, 2017"
7001,Aspen/Pitkin County-Sardy Field,Aspen,United States,ASE,KASE,39.2232,-106.869,7820,-7,A,"Aspen, CO",183,183,188,188,4.387978142076507,15.229508196721312,37.0,44.0,"Thu, Nov 16, 2017","Sun, Nov 12, 2017"
3682,Hartsfield Jackson Atlanta International,Atlanta,United States,ATL,KATL,33.636719,-84.428067,1026,-5,A,"Atlanta, GA",28239,28231,28248,28243,8.129183044725416,15.233431334348762,95.0,92.0,"Thu, Nov  2, 2017","Sat, Nov 18, 2017"
4047,Appleton,Appleton,United States,ATW,KATW,44.257526,-88.507576,680,-6,A,"Appleton, WI",206,208,206,208,4.466019417475729,16.322115384615373,18.0,60.0,"Sat, Nov 18, 2017","Sun, Nov  5, 2017"
3673,Austin Bergstrom International,Austin,United States,AUS,KAUS,30.194528,-97.669889,542,-6,A,"Austin, TX",4528,4521,4531,4527,5.998674911660769,13.16677726166779,60.0,74.0,"Sat, Nov  4, 2017","Wed, Nov 15, 2017"
4007,Asheville Regional Airport,Asheville,United States,AVL,KAVL,35.436194,-82.541806,2165,-5,A,"Asheville, NC",223,225,224,226,4.556053811659191,19.937777777777793,20.0,50.0,"Fri, Nov  3, 2017","Thu, Nov  2, 2017"
4286,Wilkes Barre Scranton International,Scranton,United States,AVP,KAVP,41.338478,-75.723403,962,-5,A,"Scranton/Wilkes-Barre, PA",213,214,215,216,3.9859154929577465,19.80373831775699,10.0,92.0,"Sat, Nov  4, 2017","Sun, Nov  5, 2017"
4039,Kalamazoo,Kalamazoo,United States,AZO,KAZO,42.234875,-85.552058,874,-5,A,"Kalamazoo, MI",117,116,117,116,4.418803418803416,18.48275862068965,23.0,55.0,"Fri, Nov 17, 2017","Fri, Nov 17, 2017"
3825,Bradley International,Windsor Locks,United States,BDL,KBDL,41.938889,-72.683222,173,-5,A,"Hartford, CT",1842,1836,1845,1839,4.804017372421295,12.335511982570813,24.0,108.0,"Sun, Nov 12, 2017","Thu, Nov 30, 2017"
3599,Bethel,Bethel,United States,BET,PABE,60.779778,-161.838,121,-9,A,"Bethel, AK",69,69,71,71,3.7391304347826093,10.956521739130435,6.0,24.0,"Thu, Nov  2, 2017","Wed, Nov  1, 2017"
3558,Meadows Field,Bakersfield,United States,BFL,KBFL,35.433598,-119.05677,507,-8,A,"Bakersfield, CA",191,191,191,191,5.1518324607329795,16.361256544502616,13.0,43.0,"Thu, Nov 30, 2017","Tue, Nov 21, 2017"
4129,Greater Binghamton-Edwin A. Link Field,Binghamton,United States,BGM,KBGM,42.208689,-75.979839,1636,-5,A,"Binghamton, NY",84,84,84,84,4.142857142857145,17.809523809523814,7.0,49.0,"Fri, Nov  3, 2017","Sun, Nov 26, 2017"
3463,Bangor International,Bangor,United States,BGR,KBGR,44.807444,-68.828139,192,-5,A,"Bangor, ME",59,59,59,59,5.491525423728816,23.305084745762713,14.0,54.0,"Sat, Nov  4, 2017","Sat, Nov 11, 2017"
3811,Birmingham International,Birmingham,United States,BHM,KBHM,33.562942,-86.75355,644,-6,A,"Birmingham, AL",958,957,959,959,3.8789144050104394,13.603970741901772,56.0,49.0,"Thu, Nov 23, 2017","Thu, Nov  9, 2017"
4021,Billings Logan International Airport,Billings,United States,BIL,KBIL,45.80921,-108.537654,3652,-7,A,"Billings, MT",260,262,262,263,4.019230769230766,15.293893129770995,43.0,72.0,"Tue, Nov  7, 2017","Sun, Nov  5, 2017"
4083,Bismarck Municipal Airport,Bismarck,United States,BIS,KBIS,46.775842,-100.757931,1661,-6,A,"Bismarck/Mandan, ND",178,179,178,179,4.4213483146067425,18.33519553072627,27.0,108.0,"Thu, Nov  2, 2017","Mon, Nov  6, 2017"
4287,Bemidji Regional Airport,Bemidji,United States,BJI,KBJI,47.510722,-94.934722,1391,-6,A,"Bemidji, MN",58,58,58,58,5.017241379310346,19.32758620689655,15.0,57.0,"Fri, Nov 10, 2017","Tue, Nov 21, 2017"
3777,Bellingham International,Bellingham,United States,BLI,KBLI,48.792694,-122.537528,170,-8,A,"Bellingham, WA",108,107,112,111,4.490740740740741,17.327102803738313,13.0,75.0,"Sat, Nov  4, 2017","Fri, Nov 10, 2017"
4037,Central Illinois Regional,Bloomington,United States,BMI,KBMI,40.477111,-88.915917,871,-6,A,"Bloomington/Normal, IL",175,177,175,177,4.125714285714287,16.7231638418079,9.0,53.0,"Mon, Nov 20, 2017","Sun, Nov 26, 2017"
3690,Nashville International,Nashville,United States,BNA,KBNA,36.124472,-86.678194,599,-6,A,"Nashville, TN",4707,4702,4712,4712,5.997663055024429,13.439174819225848,82.0,99.0,"Mon, Nov  6, 2017","Sun, Nov  5, 2017"
3495,Boise Air Terminal,Boise,United States,BOI,KBOI,43.564361,-116.222861,2871,-7,A,"Boise, ID",1452,1451,1457,1457,3.7658402203856753,14.34045485871812,28.0,53.0,"Thu, Nov 16, 2017","Sun, Nov  5, 2017"
3448,General Edward Lawrence Logan International,Boston,United States,BOS,KBOS,42.364347,-71.005181,19,-5,A,"Boston, MA",10179,10175,10209,10204,6.857156891639643,18.251498771498767,94.0,80.0,"Tue, Nov 14, 2017","Tue, Nov  7, 2017"
5725,Brunswick Golden Isles Airport,Brunswick,United States,BQK,KBQK,31.2588,-81.4665,26,-5,A,"Brunswick, GA",4,4,4,4,5.25,16.0,7.0,31.0,"Wed, Nov  1, 2017","Sat, Nov  4, 2017"
6957,Brainerd Lakes Regional,Brainerd,United States,BRD,KBRD,46.398308,-94.138078,1226,-6,U,"Brainerd, MN",49,50,50,51,4.959183673469388,19.44,12.0,53.0,"Tue, Nov  7, 2017","Sun, Nov  5, 2017"
3738,Brownsville South Padre Island International,Brownsville,United States,BRO,KBRO,25.906833,-97.425861,22,-6,A,"Brownsville, TX",53,53,53,53,5.0,12.867924528301886,10.0,34.0,"Fri, Nov 10, 2017","Wed, Nov  8, 2017"
3571,Wiley Post Will Rogers Memorial,Barrow,United States,BRW,PABR,71.285446,-156.766003,44,-9,A,"Barrow, AK",57,57,61,61,4.210526315789473,10.07017543859649,8.0,34.0,"Fri, Nov  3, 2017","Fri, Nov  3, 2017"
4022,Bert Mooney Airport,Butte,United States,BTM,KBTM,45.954806,-112.497472,5550,-7,A,"Butte, MT",51,51,54,54,3.843137254901961,17.882352941176467,7.0,48.0,"Fri, Nov  3, 2017","Sun, Nov 12, 2017"
3846,Baton Rouge Metro-Ryan Field,Baton Rouge,United States,BTR,KBTR,30.533167,-91.149639,70,-6,A,"Baton Rouge, LA",502,502,502,502,4.312749003984066,15.017928286852596,27.0,81.0,"Wed, Nov 29, 2017","Thu, Nov 16, 2017"
3711,Burlington International,Burlington,United States,BTV,KBTV,44.471861,-73.153278,335,-5,A,"Burlington, VT",176,176,176,176,4.267045454545456,18.000000000000004,11.0,64.0,"Fri, Nov 10, 2017","Sun, Nov 26, 2017"
3820,Buffalo Niagara International,Buffalo,United States,BUF,KBUF,42.940525,-78.732167,724,-5,A,"Buffalo, NY",1485,1487,1488,1489,4.1340067340067375,12.636180228648286,141.0,70.0,"Sun, Nov  5, 2017","Wed, Nov 29, 2017"
3644,Bob Hope,Burbank,United States,BUR,KBUR,34.200667,-118.358667,778,-8,A,"Burbank, CA",2115,2114,2139,2141,2.57730496453901,13.138599810785228,38.0,89.0,"Mon, Nov 27, 2017","Wed, Nov 22, 2017"
3849,Baltimore Washington International,Baltimore,United States,BWI,KBWI,39.175361,-76.668333,146,-5,A,"Baltimore, MD",8451,8462,8471,8478,4.8606082120459275,13.324391396832908,68.0,87.0,"Sat, Nov  4, 2017","Thu, Nov  9, 2017"
4020,Gallatin Field,Bozeman,United States,BZN,KBZN,45.777643,-111.160151,4500,-7,A,"Bozeman, MT",337,337,339,339,4.753709198813055,20.6112759643917,17.0,132.0,"Fri, Nov 10, 2017","Sat, Nov  4, 2017"
3561,Columbia Metropolitan,Colombia,United States,CAE,KCAE,33.938833,-81.119528,236,-5,A,"Columbia, SC",295,296,297,297,4.806779661016948,15.574324324324325,16.0,39.0,"Fri, Nov  3, 2017","Mon, Nov 27, 2017"
4112,Akron Canton Regional Airport,Akron,United States,CAK,KCAK,40.9160833,-81.4421944,1228,-5,A,"Akron, OH",423,422,425,423,6.482269503546104,17.400473933649284,41.0,86.0,"Sun, Nov  5, 2017","Wed, Nov 15, 2017"
3824,Cedar City Regional,Cedar City,United States,CDC,KCDC,37.700967,-113.098847,5622,-7,A,"Cedar City, UT",51,51,51,51,3.8823529411764706,16.941176470588232,17.0,40.0,"Wed, Nov 22, 2017","Tue, Nov 21, 2017"
3610,Merle K. Mudhole Smith,Cordova,United States,CDV,PACV,60.491778,-145.477556,48,-9,A,"Cordova, AK",57,57,58,58,3.6140350877192984,10.157894736842104,7.0,77.0,"Tue, Nov 14, 2017","Sat, Nov 25, 2017"
3578,Lovell Field,Chattanooga,United States,CHA,KCHA,35.035278,-85.203808,683,-5,A,"Chattanooga, TN",217,217,218,218,5.396313364055302,16.327188940092174,28.0,66.0,"Thu, Nov 30, 2017","Wed, Nov 29, 2017"
4015,Charlottesville-Albemarle,Charlottesville VA,United States,CHO,KCHO,38.138639,-78.452861,639,-5,A,"Charlottesville, VA",204,203,208,207,4.181372549019607,16.039408866995068,22.0,61.0,"Thu, Nov  2, 2017","Fri, Nov 17, 2017"
3806,Charleston AFB International,Charleston,United States,CHS,KCHS,32.898647,-80.040528,45,-5,A,"Charleston, SC",1161,1159,1162,1162,6.583118001722655,13.561691113028473,92.0,57.0,"Sat, Nov 11, 2017","Mon, Nov 13, 2017"
4043,Cedar Rapids,Cedar Rapids,United States,CID,KCID,41.884694,-91.710806,869,-6,A,"Cedar Rapids/Iowa City, IA",459,458,459,459,6.235294117647059,17.078602620087327,35.0,58.0,"Fri, Nov  3, 2017","Wed, Nov 22, 2017"
5729,Chippewa County International Airport,Sault Ste. Marie,United States,CIU,KCIU,46.2508,-84.4724,800,-5,A,"Sault Ste. Marie, MI",55,55,55,55,3.963636363636364,20.69090909090909,7.0,59.0,"Thu, Nov  9, 2017","Thu, Nov  9, 2017"
5730,Harrison Marion Regional Airport,Clarksburg,United States,CKB,KCKB,39.2966,-80.2281,1217,-5,A,"Clarksburg/Fairmont, WV",56,56,56,56,3.7857142857142856,18.32142857142858,9.0,58.0,"Wed, Nov 22, 2017","Tue, Nov  7, 2017"
3486,Cleveland Hopkins International,Cleveland,United States,CLE,KCLE,41.411689,-81.849794,791,-5,A,"Cleveland, OH",2964,2968,2970,2972,6.795883940620787,14.322776280323465,50.0,91.0,"Sun, Nov 19, 2017","Mon, Nov 20, 2017"
3715,Easterwood Field,College Station,United States,CLL,KCLL,30.588583,-96.363833,321,-6,A,"College Station/Bryan, TX",122,122,122,122,4.434426229508195,12.221311475409836,8.0,27.0,"Sun, Nov  5, 2017","Sat, Nov 11, 2017"
3876,Charlotte Douglas International,Charlotte,United States,CLT,KCLT,35.214,-80.943139,748,-5,A,"Charlotte, NC",9148,9156,9164,9161,9.640030607783153,20.468326780253356,54.0,108.0,"Sat, Nov 18, 2017","Fri, Nov  3, 2017"
3759,Port Columbus International,Columbus,United States,CMH,KCMH,39.997972,-82.891889,815,-5,A,"Columbus, OH",1971,1972,1975,1976,5.0390664637240015,11.977180527383359,66.0,55.0,"Sun, Nov  5, 2017","Tue, Nov  7, 2017"
5732,Houghton County Memorial Airport,Hancock,United States,CMX,KCMX,47.1684,-88.4891,1095,-5,A,"Hancock/Houghton, MI",55,55,60,59,4.527272727272729,19.74545454545454,7.0,67.0,"Sat, Nov  4, 2017","Wed, Nov  1, 2017"
4344,Yellowstone Regional,Cody,United States,COD,KCOD,44.520194,-109.023806,5102,-7,A,"Cody, WY",52,52,59,57,4.076923076923077,17.73076923076923,8.0,55.0,"Sun, Nov  5, 2017","Mon, Nov  6, 2017"
3819,City Of Colorado Springs Municipal,Colorado Springs,United States,COS,KCOS,38.805805,-104.700778,6187,-7,A,"Colorado Springs, CO",729,728,730,730,7.5336076817558295,19.274725274725295,39.0,68.0,"Thu, Nov 30, 2017","Wed, Nov  8, 2017"
3719,Columbia Regional,Columbia,United States,COU,KCOU,38.818094,-92.219631,889,-6,A,"Columbia, MO",86,86,86,86,4.139534883720929,18.63953488372093,13.0,53.0,"Fri, Nov 24, 2017","Wed, Nov  1, 2017"
3872,Natrona County International,Casper,United States,CPR,KCPR,42.908,-106.464417,5347,-7,A,"Casper, WY",87,87,87,87,4.057471264367816,14.60919540229885,8.0,46.0,"Sat, Nov 25, 2017","Sun, Nov  5, 2017"
3744,Corpus Christi International,Corpus Christi,United States,CRP,KCRP,27.770361,-97.501222,44,-6,A,"Corpus Christi, TX",217,217,217,217,4.138248847926268,12.069124423963133,17.0,42.0,"Tue, Nov 14, 2017","Wed, Nov 22, 2017"
4285,Yeager,Charleston,United States,CRW,KCRW,38.373147,-81.593189,981,-5,A,"Charleston/Dunbar, WV",132,131,132,131,5.848484848484849,17.33587786259542,34.0,65.0,"Sat, Nov 25, 2017","Thu, Nov 23, 2017"
3488,Cincinnati Northern Kentucky International,Cincinnati,United States,CVG,KCVG,39.048836,-84.667822,896,-5,A,"Cincinnati, OH",1564,1566,1567,1569,6.145780051150897,14.546615581098337,74.0,85.0,"Sun, Nov  5, 2017","Fri, Nov 17, 2017"
4045,Central Wisconsin,Wassau,United States,CWA,KCWA,44.772726,-89.646635,840,-6,A,"Mosinee, WI",53,53,53,53,4.320754716981131,8.754716981132075,11.0,34.0,"Thu, Nov 16, 2017","Wed, Nov  1, 2017"
3950,Daytona Beach International,Daytona Beach,United States,DAB,KDAB,29.179917,-81.058056,34,-5,A,"Daytona Beach, FL",156,156,156,156,3.057692307692308,14.044871794871796,10.0,40.0,"Mon, Nov 27, 2017","Wed, Nov  8, 2017"
3502,Dallas Love Field,Dallas,United States,DAL,KDAL,32.847111,-96.851778,487,-6,A,"Dallas, TX",5778,5784,5801,5801,4.8236413984077355,11.692427385892138,56.0,53.0,"Mon, Nov 20, 2017","Mon, Nov  6, 2017"
3627,James M. Cox Dayton International,Dayton,United States,DAY,KDAY,39.902375,-84.219375,1009,-5,A,"Dayton, OH",542,545,544,545,5.70848708487085,17.03669724770643,38.0,68.0,"Sun, Nov  5, 2017","Tue, Nov  7, 2017"
3520,Ronald Reagan Washington National,Washington,United States,DCA,KDCA,38.852083,-77.037722,15,-5,A,"Washington, DC",5924,5918,5934,5934,5.15783254557731,18.056775937816838,58.0,134.0,"Wed, Nov 22, 2017","Tue, Nov  7, 2017"
3751,Denver International,Denver,United States,DEN,KDEN,39.861656,-104.673178,5431,-7,A,"Denver, CO",17594,17610,17626,17627,7.648459702171198,15.683702441794441,67.0,91.0,"Thu, Nov  9, 2017","Wed, Nov  1, 2017"
3670,Dallas Fort Worth International,Dallas-fort Worth,United States,DFW,KDFW,32.896828,-97.037997,607,-6,A,"Dallas/Fort Worth, TX",14346,14353,14357,14359,11.704656350202152,17.53006340137943,76.0,129.0,"Thu, Nov 23, 2017","Sun, Nov 26, 2017"
3739,Dothan Regional,Dothan,United States,DHN,KDHN,31.321339,-85.449628,401,-6,A,"Dothan, AL",96,97,96,97,4.572916666666667,19.402061855670105,9.0,54.0,"Sat, Nov 25, 2017","Sat, Nov  4, 2017"
3598,Duluth International,Duluth,United States,DLH,KDLH,46.842091,-92.193649,1428,-6,A,"Duluth, MN",201,203,223,222,5.567164179104478,22.1871921182266,23.0,77.0,"Sat, Nov  4, 2017","Sat, Nov  4, 2017"
3713,Durango La Plata County,Durango,United States,DRO,KDRO,37.151516,-107.75377,6685,-7,A,"Durango, CO",105,104,105,104,5.104761904761901,13.85576923076923,11.0,37.0,"Wed, Nov  8, 2017","Fri, Nov 10, 2017"
3729,Des Moines International,Des Moines,United States,DSM,KDSM,41.533972,-93.663083,958,-6,A,"Des Moines, IA",655,655,656,656,4.764885496183206,13.854961832061074,28.0,69.0,"Mon, Nov 13, 2017","Mon, Nov 13, 2017"
3645,Detroit Metro Wayne County,Detroit,United States,DTW,KDTW,42.212444,-83.353389,645,-5,A,"Detroit, MI",10483,10486,10506,10506,8.271391777162963,17.823574289528974,74.0,87.0,"Fri, Nov  3, 2017","Fri, Nov  3, 2017"
7063,Devils Lake Regional Airport,Devils Lake,United States,DVL,KDVL,48.114444,-98.908611,1445,-6,A,"Devils Lake, ND",47,48,51,51,5.638297872340425,22.895833333333325,11.0,64.0,"Wed, Nov  1, 2017","Wed, Nov  8, 2017"
5735,Chippewa Valley Regional Airport,Eau Claire,United States,EAU,KEAU,44.8658,-91.4843,913,-6,A,"Eau Claire, WI",56,56,56,56,3.8035714285714284,16.875000000000007,14.0,65.0,"Fri, Nov 17, 2017","Fri, Nov 10, 2017"
7669,Northwest Florida Beaches International,Panama City,United States,ECP,KECP,30.3417,-85.7973,69,-6,A,"Panama City, FL",315,314,315,314,3.3746031746031755,11.980891719745227,26.0,46.0,"Sun, Nov 19, 2017","Wed, Nov 29, 2017"
4250,Eagle County Regional,Vail,United States,EGE,KEGE,39.642556,-106.917694,6540,-7,A,"Eagle, CO",29,29,29,29,4.793103448275862,10.758620689655173,7.0,16.0,"Sat, Nov  4, 2017","Wed, Nov  1, 2017"
5736,Elko Regional Airport,Elko,United States,EKO,KEKO,40.8249,-115.792,5140,-8,A,"Elko, NV",53,53,53,53,4.509433962264152,13.622641509433961,8.0,25.0,"Tue, Nov 21, 2017","Wed, Nov 22, 2017"
3559,El Paso International,El Paso,United States,ELP,KELP,31.80725,-106.377583,3958,-7,A,"El Paso, TX",878,877,878,877,3.4271070615034183,12.03078677309008,15.0,44.0,"Mon, Nov 20, 2017","Tue, Nov 21, 2017"
4276,Erie International-Tom Ridge Field,Erie,United States,ERI,KERI,42.082022,-80.176217,733,-5,A,"Erie, PA",86,86,87,87,4.232558139534884,21.837209302325583,18.0,67.0,"Sun, Nov  5, 2017","Wed, Nov 15, 2017"
6800,Delta County Airport,Escanaba,United States,ESC,KESC,45.722778,-87.093611,609,-5,A,"Escanaba, MI",52,52,52,52,4.6923076923076925,12.961538461538462,10.0,35.0,"Mon, Nov 27, 2017","Thu, Nov 16, 2017"
4099,Mahlon Sweet Field,Eugene,United States,EUG,KEUG,44.124583,-123.211972,374,-8,A,"Eugene, OR",291,294,291,294,4.13745704467354,15.9421768707483,47.0,73.0,"Fri, Nov 24, 2017","Sun, Nov 26, 2017"
4018,Evansville Regional,Evansville,United States,EVV,KEVV,38.036997,-87.532364,418,-6,A,"Evansville, IN",84,82,84,82,4.833333333333334,19.914634146341474,12.0,57.0,"Sun, Nov  5, 2017","Tue, Nov 14, 2017"
3494,Newark Liberty International,Newark,United States,EWR,KEWR,40.6925,-74.168667,18,-5,A,"Newark, NJ",9426,9418,9454,9444,8.559091873541234,22.275430027606603,55.0,122.0,"Tue, Nov 21, 2017","Tue, Nov  7, 2017"
3875,Key West International,Key West,United States,EYW,KEYW,24.556111,-81.759556,3,-5,A,"Key West, FL",61,61,61,61,2.3770491803278686,9.442622950819672,5.0,22.0,"Thu, Nov 23, 2017","Wed, Nov 15, 2017"
3832,Fairbanks International,Fairbanks,United States,FAI,PAFA,64.815114,-147.856267,434,-9,A,"Fairbanks, AK",257,258,261,261,3.832684824902724,21.67829457364341,23.0,91.0,"Sun, Nov 12, 2017","Fri, Nov  3, 2017"
4292,Hector International Airport,Fargo,United States,FAR,KFAR,46.92065,-96.8157639,902,-6,A,"Fargo, ND",298,297,298,297,5.053691275167783,21.222222222222236,15.0,56.0,"Wed, Nov  8, 2017","Mon, Nov  6, 2017"
3687,Fresno Yosemite International,Fresno,United States,FAT,KFAT,36.776194,-119.71814,336,-8,A,"Fresno, CA",676,678,680,681,5.075443786982251,15.551622418879056,32.0,66.0,"Sun, Nov  5, 2017","Thu, Nov  2, 2017"
5738,Fayetteville Regional-Grannis Field,Fayetteville,United States,FAY,KFAY,34.9912,-78.8803,189,-5,A,"Fayetteville, NC",32,32,32,32,4.90625,14.46875,7.0,42.0,"Sun, Nov 26, 2017","Sun, Nov  5, 2017"
4127,Glacier Park International,Kalispell,United States,FCA,KFCA,48.310472,-114.256,2977,-7,A,"Kalispell, MT",168,168,168,168,4.744047619047619,20.238095238095227,38.0,74.0,"Sat, Nov 18, 2017","Sun, Nov  5, 2017"
4261,Flagstaff Pulliam Airport,Flagstaff,United States,FLG,KFLG,35.140318,-111.6692392,7015,-7,N,"Flagstaff, AZ",109,109,109,109,4.2752293577981675,18.174311926605515,7.0,48.0,"Fri, Nov 24, 2017","Wed, Nov 29, 2017"
3533,Fort Lauderdale Hollywood International,Fort Lauderdale,United States,FLL,KFLL,26.072583,-80.15275,9,-5,A,"Fort Lauderdale, FL",7249,7255,7260,7261,5.519244033659829,15.659407305306685,53.0,76.0,"Thu, Nov 30, 2017","Tue, Nov  7, 2017"
4089,Bishop International,Flint,United States,FNT,KFNT,42.965424,-83.743629,782,-5,A,"Flint, MI",317,318,318,318,4.5110410094637245,13.18553459119497,11.0,46.0,"Fri, Nov 17, 2017","Wed, Nov  8, 2017"
4009,Sioux Falls,Sioux Falls,United States,FSD,KFSD,43.582014,-96.741914,1429,-6,A,"Sioux Falls, SD",325,324,325,325,6.150769230769229,16.18518518518519,28.0,80.0,"Sat, Nov 18, 2017","Mon, Nov 13, 2017"
3437,Fort Smith Regional,Fort Smith,United States,FSM,KFSM,35.336583,-94.367444,469,-6,A,"Fort Smith, AR",142,142,142,142,3.6690140845070425,12.02112676056338,6.0,39.0,"Wed, Nov  8, 2017","Mon, Nov 20, 2017"
4041,Fort Wayne,Fort Wayne,United States,FWA,KFWA,40.978472,-85.195139,815,-5,A,"Fort Wayne, IN",475,474,476,476,6.890526315789473,18.601265822784818,32.0,69.0,"Sun, Nov  5, 2017","Tue, Nov 14, 2017"
4296,Gillette-Campbell County Airport,Gillette,United States,GCC,KGCC,44.3489167,-105.5393611,4365,-7,A,"Gillette, WY",84,84,85,85,5.3571428571428585,18.416666666666675,8.0,57.0,"Thu, Nov 16, 2017","Thu, Nov  2, 2017"
3467,Spokane International,Spokane,United States,GEG,KGEG,47.619861,-117.533833,2376,-8,A,"Spokane, WA",1022,1022,1029,1030,3.8933463796477494,15.941291585127205,27.0,85.0,"Thu, Nov 23, 2017","Sun, Nov  5, 2017"
3442,Grand Forks International,Grand Forks,United States,GFK,KGFK,47.949256,-97.176111,845,-6,A,"Grand Forks, ND",121,121,122,122,4.867768595041323,22.561983471074388,14.0,61.0,"Tue, Nov 14, 2017","Sat, Nov  4, 2017"
4063,Grand Junction Regional,Grand Junction,United States,GJT,KGJT,39.122413,-108.526735,4858,-7,A,"Grand Junction, CO",219,219,219,219,3.867579908675799,15.908675799086758,12.0,44.0,"Fri, Nov 10, 2017","Wed, Nov 15, 2017"
3472,Gainesville Regional,Gainesville,United States,GNV,KGNV,29.690056,-82.271778,152,-5,A,"Gainesville, FL",52,52,52,52,4.28846153846154,12.365384615384613,15.0,20.0,"Wed, Nov 29, 2017","Fri, Nov 10, 2017"
4038,Gulfport-Biloxi,Gulfport,United States,GPT,KGPT,30.407278,-89.070111,28,-6,A,"Gulfport/Biloxi, MS",185,185,185,185,4.1081081081081114,14.643243243243242,7.0,85.0,"Fri, Nov 17, 2017","Tue, Nov  7, 2017"
3653,Austin Straubel International,Green Bay,United States,GRB,KGRB,44.485072,-88.129589,695,-6,A,"Green Bay, WI",300,300,300,300,4.52333333333333,17.18333333333334,11.0,69.0,"Sat, Nov 11, 2017","Wed, Nov  8, 2017"
3775,Robert Gray AAF,Killeen,United States,GRK,KGRK,31.06725,-97.828917,1015,-6,A,"Killeen, TX",106,106,106,106,4.188679245283019,17.07547169811321,14.0,56.0,"Mon, Nov  6, 2017","Thu, Nov  9, 2017"
3685,Gerald R. Ford International,Grand Rapids,United States,GRR,KGRR,42.880833,-85.522806,794,-5,A,"Grand Rapids, MI",831,830,833,832,4.3862815884476545,13.69397590361446,31.0,79.0,"Sat, Nov 11, 2017","Sun, Nov  5, 2017"
4008,Piedmont Triad,Greensboro,United States,GSO,KGSO,36.09775,-79.937306,925,-5,A,"Greensboro/High Point, NC",509,509,510,510,4.646365422396852,19.115913555992133,28.0,85.0,"Wed, Nov  8, 2017","Tue, Nov  7, 2017"
4034,Greenville-Spartanburg International,Greenville,United States,GSP,KGSP,34.895556,-82.218889,964,-5,A,"Greer, SC",532,533,532,533,4.302631578947361,15.193245778611633,27.0,45.0,"Tue, Nov  7, 2017","Mon, Nov 27, 2017"
3880,Great Falls International,Great Falls,United States,GTF,KGTF,47.482,-111.370689,3677,-7,A,"Great Falls, MT",115,116,115,116,4.869565217391307,17.655172413793114,9.0,48.0,"Mon, Nov  6, 2017","Wed, Nov  1, 2017"
4273,Golden Triangle Regional Airport,Columbus Mississippi,United States,GTR,KGTR,33.450333,-88.591361,264,-6,A,"Columbus, MS",82,82,82,82,4.036585365853658,16.646341463414632,6.0,56.0,"Mon, Nov  6, 2017","Thu, Nov  9, 2017"
3650,Chisholm Hibbing,Hibbing,United States,HIB,KHIB,47.3866,-92.838994,1353,-6,A,"Hibbing, MN",49,49,50,50,4.551020408163264,19.57142857142858,10.0,44.0,"Sat, Nov  4, 2017","Sun, Nov  5, 2017"
3504,Helena Regional,Helena,United States,HLN,KHLN,46.606806,-111.98275,3877,-7,A,"Helena, MT",141,141,141,141,3.602836879432624,23.3404255319149,12.0,112.0,"Mon, Nov  6, 2017","Fri, Nov  3, 2017"
3728,Honolulu International,Honolulu,United States,HNL,PHNL,21.318681,-157.922428,13,-10,N,"Honolulu, HI",3784,3789,3800,3802,6.606236786469346,15.55925046186328,45.0,45.0,"Sat, Nov  4, 2017","Sun, Nov 26, 2017"
3749,Lea County Regional,Hobbs,United States,HOB,KHOB,32.687528,-103.217028,3661,-7,A,"Hobbs, NM",56,56,56,56,5.053571428571426,12.428571428571429,12.0,103.0,"Fri, Nov 10, 2017","Thu, Nov 16, 2017"
3566,William P. Hobby,Houston,United States,HOU,KHOU,29.645419,-95.278889,46,-6,A,"Houston, TX",4530,4538,4546,4546,5.043708609271528,11.171661524900834,41.0,63.0,"Thu, Nov  9, 2017","Fri, Nov  3, 2017"
3589,Westchester County,White Plains,United States,HPN,KHPN,41.066959,-73.707575,439,-5,A,"White Plains, NY",479,481,482,484,4.039665970772442,14.226611226611226,18.0,55.0,"Thu, Nov 16, 2017","Fri, Nov  3, 2017"
3560,Valley International,Harlingen,United States,HRL,KHRL,26.2285,-97.654389,36,-6,A,"Harlingen/San Benito, TX",180,180,180,180,2.733333333333333,9.588888888888894,6.0,48.0,"Mon, Nov 27, 2017","Wed, Nov  1, 2017"
4113,Huntsville International Airport-Carl T. Jones Field,Huntsville,United States,HSV,KHSV,34.6371944,-86.7750556,629,-6,A,"Huntsville, AL",339,339,340,340,4.9174041297935105,15.56637168141593,13.0,64.0,"Sun, Nov 12, 2017","Tue, Nov 21, 2017"
7014,Hays Regional Airport,Hays,United States,HYS,KHYS,38.8422,-99.2732,1998,-5,A,"Hays, KS",53,53,53,53,4.169811320754716,16.24528301886793,15.0,42.0,"Mon, Nov 13, 2017","Fri, Nov 10, 2017"
3714,Washington Dulles International,Washington,United States,IAD,KIAD,38.944533,-77.455811,313,-5,A,"Washington, DC",2989,2989,2993,2995,5.579123452659745,17.14653730344599,84.0,85.0,"Sat, Nov  4, 2017","Sat, Nov 11, 2017"
3630,Niagara Falls International,Niagara Falls,United States,IAG,KIAG,43.107333,-78.946194,589,-5,A,"Niagara Falls, NY",24,23,25,24,5.833333333333333,12.521739130434783,8.0,29.0,"Sun, Nov  5, 2017","Fri, Nov 10, 2017"
3550,George Bush Intercontinental Houston,Houston,United States,IAH,KIAH,29.984433,-95.341442,97,-6,A,"Houston, TX",10044,10049,10045,10051,7.832039028275591,17.918996915115894,47.0,76.0,"Sun, Nov 26, 2017","Tue, Nov  7, 2017"
3457,Wichita Mid Continent,Wichita,United States,ICT,KICT,37.649944,-97.433056,1333,-6,A,"Wichita, KS",605,605,605,605,4.383471074380161,13.601652892561983,25.0,50.0,"Thu, Nov 30, 2017","Tue, Nov 14, 2017"
4100,Idaho Falls Regional,Idaho Falls,United States,IDA,KIDA,43.514556,-112.07075,4744,-7,A,"Idaho Falls, ID",193,193,193,193,4.5440414507772,16.424870466321252,14.0,71.0,"Thu, Nov 30, 2017","Sun, Nov  5, 2017"
6131,Laughlin-Bullhead International,Bullhead,United States,IFP,IFP,35.1574,-114.56,695,-7,A,"Bullhead City, AZ",30,30,30,30,5.033333333333334,14.433333333333334,19.0,23.0,"Thu, Nov  2, 2017","Wed, Nov 29, 2017"
3845,Wilmington International,Wilmington,United States,ILM,KILM,34.270615,-77.902569,32,-5,A,"Wilmington, NC",157,156,157,156,4.7133757961783465,16.634615384615383,8.0,58.0,"Sun, Nov 26, 2017","Mon, Nov 27, 2017"
6837,Ford Airport,Iron Mountain,United States,IMT,KIMT,45.8183611,-88.1145556,1182,-5,A,"Iron Mountain/Kingsfd, MI",55,55,56,56,5.145454545454545,15.363636363636363,16.0,69.0,"Tue, Nov 28, 2017","Sat, Nov  4, 2017"
3585,Indianapolis International,Indianapolis,United States,IND,KIND,39.717331,-86.294383,797,-5,A,"Indianapolis, IN",2107,2103,2109,2105,5.3526340768865595,13.320494531621494,97.0,65.0,"Sun, Nov  5, 2017","Thu, Nov  9, 2017"
3535,Falls International,International Falls,United States,INL,KINL,48.566186,-93.403067,1185,-6,A,"International Falls, MN",47,47,49,49,5.617021276595745,19.76595744680851,35.0,33.0,"Sat, Nov 11, 2017","Sat, Nov 18, 2017"
3659,Sloulin Field International,Williston,United States,ISN,KISN,48.177939,-103.642347,1982,-7,A,"Williston, ND",139,139,139,139,6.1510791366906465,26.94964028776979,29.0,68.0,"Wed, Nov  8, 2017","Fri, Nov  3, 2017"
3857,Long Island MacArthur,Islip,United States,ISP,KISP,40.79525,-73.100222,99,-5,A,"Islip, NY",586,586,588,586,5.051194539249147,10.89931740614334,29.0,47.0,"Sat, Nov 11, 2017","Sat, Nov 25, 2017"
3947,Ithaca Tompkins Regional,Ithaca,United States,ITH,KITH,42.491028,-76.458444,1099,-5,A,"Ithaca/Cortland, NY",81,80,81,80,4.419753086419751,23.85,20.0,59.0,"Sun, Nov 26, 2017","Mon, Nov 20, 2017"
3415,Hilo International,Hilo,United States,ITO,PHTO,19.721375,-155.048469,38,-10,N,"Hilo, HI",523,493,526,496,5.705544933078392,9.288032454361048,9.0,37.0,"Thu, Nov 23, 2017","Sat, Nov 11, 2017"
4027,Jackson Hole Airport,Jacksn Hole,United States,JAC,KJAC,43.60733333,-110.73775,6451,-7,A,"Jackson, WY",60,60,60,60,3.3833333333333333,18.34999999999999,6.0,55.0,"Wed, Nov  1, 2017","Thu, Nov  2, 2017"
3580,Jackson Evers International,Jackson,United States,JAN,KJAN,32.311167,-90.075889,346,-6,A,"Jackson/Vicksburg, MS",366,366,366,366,5.049180327868848,14.87704918032787,25.0,62.0,"Wed, Nov 29, 2017","Thu, Nov  9, 2017"
3712,Jacksonville International,Jacksonville,United States,JAX,KJAX,30.494056,-81.687861,30,-5,A,"Jacksonville, FL",1381,1377,1381,1380,5.079652425778429,13.380537400145244,44.0,75.0,"Mon, Nov  6, 2017","Mon, Nov 13, 2017"
3797,John F. Kennedy International,New York,United States,JFK,KJFK,40.639751,-73.778925,13,-5,A,"New York, NY",7156,7170,7174,7178,7.536752375628846,23.577266387726688,66.0,87.0,"Sat, Nov 18, 2017","Mon, Nov 20, 2017"
5745,Jamestown Regional Airport,Jamestown,United States,JMS,KJMS,46.9297,-98.6782,1498,-6,A,"Jamestown, ND",75,74,80,80,4.586666666666667,16.837837837837835,14.0,108.0,"Thu, Nov  2, 2017","Mon, Nov  6, 2017"
3492,Juneau International,Juneau,United States,JNU,PAJN,58.354972,-134.576278,21,-9,A,"Juneau, AK",312,308,314,314,4.330128205128207,17.230519480519483,27.0,59.0,"Sat, Nov 18, 2017","Fri, Nov 17, 2017"
3514,Kona International At Keahole,Kona,United States,KOA,PHKO,19.738767,-156.045631,47,-10,N,"Kona, HI",1043,1071,1043,1074,5.303930968360492,11.41643323996266,41.0,34.0,"Fri, Nov 17, 2017","Sun, Nov 19, 2017"
3808,Ketchikan International,Ketchikan,United States,KTN,PAKT,55.355556,-131.71375,88,-9,A,"Ketchikan, AK",171,170,174,174,5.3801169590643285,13.305882352941174,34.0,40.0,"Thu, Nov 16, 2017","Fri, Nov 17, 2017"
3544,Capital City,Lansing,United States,LAN,KLAN,42.7787,-84.587357,861,-5,A,"Lansing, MI",114,116,114,116,4.6842105263157885,14.258620689655173,15.0,48.0,"Sun, Nov 19, 2017","Sun, Nov 19, 2017"
5746,Laramie Regional Airport,Laramie,United States,LAR,KLAR,41.3121,-105.675,7284,-7,A,"Laramie, WY",50,50,51,51,4.399999999999999,14.24,7.0,52.0,"Fri, Nov 17, 2017","Fri, Nov 17, 2017"
3877,McCarran International,Las Vegas,United States,LAS,KLAS,36.080056,-115.15225,2141,-8,A,"Las Vegas, NV",11952,11957,11981,11984,6.162315930388225,13.590700008363292,68.0,83.0,"Thu, Nov 30, 2017","Fri, Nov 17, 2017"
4256,Lawton-Fort Sill Regional Airport,Lawton,United States,LAW,KLAW,34.5677144,-98.4166367,1110,-6,A,"Lawton/Fort Sill, OK",58,58,58,58,2.6379310344827585,16.637931034482754,4.0,50.0,"Sat, Nov  4, 2017","Wed, Nov 15, 2017"
3484,Los Angeles International,Los Angeles,United States,LAX,KLAX,33.942536,-118.408075,126,-8,A,"Los Angeles, CA",16996,16986,17071,17060,11.53871499176277,17.726892735193687,81.0,106.0,"Sun, Nov 19, 2017","Wed, Nov 15, 2017"
3829,Lubbock Preston Smith International,Lubbock,United States,LBB,KLBB,33.663639,-101.822778,3282,-6,A,"Lubbock, TX",353,355,353,356,4.481586402266291,11.51267605633804,24.0,48.0,"Sun, Nov  5, 2017","Wed, Nov  8, 2017"
5747,Arnold Palmer Regional Airport,Latrobe,United States,LBE,KLBE,40.2759,-79.4048,1185,-5,A,"Latrobe, PA",81,79,81,80,5.864197530864199,11.936708860759493,10.0,27.0,"Thu, Nov 23, 2017","Wed, Nov 15, 2017"
3513,Lake Charles Regional,Lake Charles,United States,LCH,KLCH,30.126112,-93.223335,15,-6,A,"Lake Charles, LA",83,83,83,83,5.240963855421688,10.807228915662654,8.0,37.0,"Tue, Nov 21, 2017","Sat, Nov 25, 2017"
4017,Blue Grass,Lexington KY,United States,LEX,KLEX,38.0365,-84.605889,979,-5,A,"Lexington, KY",370,371,372,372,4.935135135135136,15.973045822102428,25.0,59.0,"Sat, Nov  4, 2017","Thu, Nov  9, 2017"
3493,Lafayette Regional,Lafayette,United States,LFT,KLFT,30.205278,-91.987611,43,-6,A,"Lafayette, LA",159,159,159,159,5.754716981132073,17.169811320754704,36.0,49.0,"Thu, Nov 23, 2017","Wed, Nov  8, 2017"
3697,LaGuardia Airport,New York,United States,LGA,KLGA,40.777245,-73.872608,22,-5,A,"New York, NY",7722,7717,7743,7740,7.869204869204869,24.674225735389427,88.0,127.0,"Wed, Nov  8, 2017","Sun, Nov 26, 2017"
3582,Long Beach,Long Beach,United States,LGB,KLGB,33.817722,-118.151611,60,-8,A,"Long Beach, CA",1355,1356,1362,1362,4.049446494464945,12.739675516224189,31.0,44.0,"Sat, Nov  4, 2017","Tue, Nov 14, 2017"
3602,Lihue,Lihue,United States,LIH,PHLI,21.975983,-159.338958,153,-10,N,"Lihue, HI",955,952,956,957,5.806282722513089,9.254201680672262,31.0,31.0,"Sat, Nov 18, 2017","Sun, Nov 12, 2017"
3660,Adams Field,Little Rock,United States,LIT,KLIT,34.729444,-92.224306,262,-6,A,"Little Rock, AR",623,624,623,624,4.131621187800964,13.317307692307699,28.0,53.0,"Wed, Nov  1, 2017","Thu, Nov 23, 2017"
3543,Lincoln,Lincoln,United States,LNK,KLNK,40.850971,-96.75925,1219,-6,A,"Lincoln, NE",243,243,243,243,4.436213991769551,16.999999999999993,17.0,54.0,"Tue, Nov 14, 2017","Thu, Nov 30, 2017"
3691,Laredo International,Laredo,United States,LRD,KLRD,27.54375,-99.461556,508,-6,A,"Laredo, TX",82,82,82,82,4.243902439024389,14.853658536585366,10.0,51.0,"Sat, Nov 11, 2017","Wed, Nov  8, 2017"
4044,LaCrosse Municipal,LaCrosse,United States,LSE,KLSE,43.878986,-91.256711,654,-6,A,"La Crosse, WI",169,169,170,170,4.106508875739648,16.769230769230784,10.0,52.0,"Mon, Nov  6, 2017","Wed, Nov  1, 2017"
3945,Lewiston Nez Perce County,Lewiston,United States,LWS,KLWS,46.3745,-117.015389,1442,-8,A,"Lewiston, ID",55,55,55,55,4.38181818181818,13.345454545454546,10.0,31.0,"Fri, Nov 10, 2017","Thu, Nov 30, 2017"
3652,Midland International,Midland,United States,MAF,KMAF,31.942528,-102.201914,2871,-6,A,"Midland/Odessa, TX",391,391,391,392,3.8567774936061383,11.424552429667512,25.0,49.0,"Sun, Nov 19, 2017","Tue, Nov  7, 2017"
4128,MBS International,Saginaw,United States,MBS,KMBS,43.532913,-84.079647,668,-5,A,"Saginaw/Bay City/Midland, MI",245,244,247,246,4.812244897959184,16.274590163934445,21.0,45.0,"Wed, Nov 29, 2017","Sun, Nov 19, 2017"
3458,Kansas City International,Kansas City,United States,MCI,KMCI,39.297606,-94.713905,1026,-6,A,"Kansas City, MO",3564,3563,3570,3571,4.845679012345685,11.176817288801564,40.0,59.0,"Sun, Nov 26, 2017","Fri, Nov 17, 2017"
3878,Orlando International,Orlando,United States,MCO,KMCO,28.429394,-81.308994,96,-5,A,"Orlando, FL",10563,10572,10603,10606,9.194736343841706,14.408437381763164,174.0,74.0,"Fri, Nov 10, 2017","Mon, Nov 13, 2017"
3542,Harrisburg International,Harrisburg,United States,MDT,KMDT,40.193494,-76.763403,310,-5,A,"Harrisburg, PA",283,282,283,283,4.519434628975262,16.563829787234035,10.0,60.0,"Fri, Nov 10, 2017","Sat, Nov 11, 2017"
3747,Chicago Midway International,Chicago,United States,MDW,KMDW,41.785972,-87.752417,620,-6,A,"Chicago, IL",7035,7047,7085,7086,5.306609808102346,11.777635873421302,51.0,66.0,"Fri, Nov 17, 2017","Mon, Nov 27, 2017"
4335,Key Field,Meridian,United States,MEI,KMEI,32.332624,-88.751868,297,-6,A,"Meridian, MS",90,90,90,90,5.033333333333335,14.744444444444444,9.0,40.0,"Sat, Nov  4, 2017","Sun, Nov  5, 2017"
3473,Memphis International,Memphis,United States,MEM,KMEM,35.042417,-89.976667,341,-6,A,"Memphis, TN",1095,1095,1095,1097,4.812785388127858,14.323287671232876,39.0,78.0,"Wed, Nov 29, 2017","Sat, Nov 18, 2017"
3826,McAllen Miller International,Mcallen,United States,MFE,KMFE,26.175833,-98.238611,107,-6,A,"Mission/McAllen/Edinburg, TX",194,194,194,194,3.9896907216494846,13.355670103092784,8.0,44.0,"Wed, Nov  1, 2017","Wed, Nov  8, 2017"
4101,Rogue Valley International Medford,Medford,United States,MFR,KMFR,42.374228,-122.8735,1335,-8,A,"Medford, OR",348,347,350,350,5.112068965517242,15.259365994236312,69.0,51.0,"Thu, Nov 30, 2017","Tue, Nov 14, 2017"
4115,Montgomery Regional Airport ,MONTGOMERY,United States,MGM,KMGM,32.3006389,-86.3939722,221,-6,A,"Montgomery, AL",97,98,97,98,3.4948453608247423,20.387755102040817,7.0,54.0,"Sat, Nov 25, 2017","Mon, Nov 20, 2017"
4050,Manhattan Regional,Manhattan,United States,MHK,KMHK,39.140972,-96.670833,1057,-6,A,"Manhattan/Ft. Riley, KS",85,84,86,85,3.6352941176470597,11.11904761904762,16.0,28.0,"Fri, Nov 10, 2017","Thu, Nov  9, 2017"
4011,Manchester Regional Airport,Manchester NH,United States,MHT,KMHT,42.932556,-71.435667,266,-5,A,"Manchester, NH",529,529,531,530,4.173913043478259,12.765595463138,23.0,63.0,"Mon, Nov 27, 2017","Thu, Nov  2, 2017"
3576,Miami International,Miami,United States,MIA,KMIA,25.79325,-80.290556,8,-5,A,"Miami, FL",5447,5449,5451,5452,9.576280521387911,17.969535694622884,89.0,129.0,"Fri, Nov 17, 2017","Thu, Nov  2, 2017"
3717,General Mitchell International,Milwaukee,United States,MKE,KMKE,42.947222,-87.896583,723,-6,A,"Milwaukee, WI",2315,2316,2317,2318,5.219438444924415,13.563039723661493,57.0,75.0,"Tue, Nov 21, 2017","Tue, Nov 14, 2017"
5754,Muskegon County Airport,Muskegon,United States,MKG,KMKG,43.1695,-86.2382,628,-5,A,"Muskegon, MI",55,55,56,56,4.927272727272728,15.25454545454546,12.0,58.0,"Sat, Nov 18, 2017","Fri, Nov 17, 2017"
3671,Melbourne International,Melbourne,United States,MLB,KMLB,28.102753,-80.645258,33,-5,A,"Melbourne, FL",112,112,112,112,3.8660714285714293,15.133928571428571,13.0,85.0,"Fri, Nov 10, 2017","Wed, Nov  8, 2017"
4072,Quad City International,Moline,United States,MLI,KMLI,41.448528,-90.507539,590,-6,A,"Moline, IL",202,201,203,202,5.207920792079209,16.572139303482583,21.0,71.0,"Mon, Nov 13, 2017","Sun, Nov 12, 2017"
3732,Monroe Regional,Monroe,United States,MLU,KMLU,32.510864,-92.037689,79,-6,A,"Monroe, LA",215,214,215,215,4.744186046511627,16.070093457943926,40.0,39.0,"Thu, Nov 16, 2017","Thu, Nov 30, 2017"
3782,Mobile Regional,Mobile,United States,MOB,KMOB,30.691231,-88.242814,219,-6,A,"Mobile, AL",270,269,270,269,4.733333333333335,14.613382899628256,31.0,37.0,"Tue, Nov  7, 2017","Mon, Nov  6, 2017"
3498,Minot International,Minot,United States,MOT,KMOT,48.259378,-101.280333,1716,-6,A,"Minot, ND",165,164,166,165,5.8242424242424224,22.237804878048788,50.0,112.0,"Mon, Nov 13, 2017","Thu, Nov  9, 2017"
6838,Sawyer International Airport,Marquette,United States,MQT,KMQT,46.353611,-87.395278,1221,-5,A,"Marquette, MI",56,57,56,57,5.55357142857143,23.526315789473685,15.0,51.0,"Fri, Nov 17, 2017","Sat, Nov  4, 2017"
3948,Monterey Peninsula,Monterey,United States,MRY,KMRY,36.587,-121.842944,257,-8,A,"Monterey, CA",175,176,176,176,3.72,15.880681818181802,12.0,44.0,"Wed, Nov 22, 2017","Sun, Nov 26, 2017"
3459,Dane County Regional-Truax Field,Madison,United States,MSN,KMSN,43.139858,-89.337514,887,-6,A,"Madison, WI",727,727,727,727,4.572214580467676,14.116918844566717,23.0,68.0,"Sun, Nov 12, 2017","Tue, Nov 14, 2017"
4216,Missoula International,Missoula,United States,MSO,KMSO,46.916306,-114.090556,3205,-7,A,"Missoula, MT",170,171,171,171,6.541176470588234,19.654970760233912,41.0,55.0,"Tue, Nov 21, 2017","Fri, Nov  3, 2017"
3858,Minneapolis St. Paul International,Minneapolis,United States,MSP,KMSP,44.881956,-93.221767,841,-6,A,"Minneapolis, MN",10755,10752,10778,10774,5.693351929335172,18.17931547619044,67.0,89.0,"Thu, Nov 30, 2017","Thu, Nov  9, 2017"
3861,Louis Armstrong New Orleans International,New Orleans,United States,MSY,KMSY,29.993389,-90.258028,4,-6,A,"New Orleans, LA",4095,4092,4100,4103,5.006105006105002,11.56964809384168,58.0,79.0,"Sun, Nov 19, 2017","Sun, Nov  5, 2017"
3515,Myrtle Beach International,Myrtle Beach,United States,MYR,KMYR,33.67975,-78.928333,25,-5,A,"Myrtle Beach, SC",410,410,412,412,4.63414634146341,12.419512195121955,17.0,76.0,"Thu, Nov  9, 2017","Mon, Nov  6, 2017"
4386,Albert J. Ellis,Jacksonville NC,United States,OAJ,KOAJ,34.829164,-77.612139,94,-5,A,"Jacksonville/Camp Lejeune, NC",23,23,23,23,3.3043478260869565,16.08695652173913,4.0,35.0,"Wed, Nov 29, 2017","Thu, Nov  9, 2017"
3453,Metropolitan Oakland International,Oakland,United States,OAK,KOAK,37.721278,-122.220722,9,-8,A,"Oakland, CA",4126,4134,4163,4166,5.831798351914698,12.408563134978236,41.0,77.0,"Thu, Nov 23, 2017","Sun, Nov 26, 2017"
3456,Kahului,Kahului,United States,OGG,PHOG,20.89865,-156.430458,54,-10,N,"Kahului, HI",1952,1944,1957,1957,6.359631147540983,9.658436213991747,35.0,32.0,"Wed, Nov  8, 2017","Wed, Nov  1, 2017"
3863,Will Rogers World,Oklahoma City,United States,OKC,KOKC,35.393089,-97.600733,1295,-6,A,"Oklahoma City, OK",1348,1344,1349,1348,4.430267062314547,13.042410714285719,32.0,89.0,"Sun, Nov  5, 2017","Sun, Nov  5, 2017"
3454,Eppley Airfield,Omaha,United States,OMA,KOMA,41.303167,-95.894069,984,-6,A,"Omaha, NE",1448,1449,1450,1452,4.193370165745854,13.741890959282257,36.0,111.0,"Thu, Nov  2, 2017","Fri, Nov  3, 2017"
3615,Nome,Nome,United States,OME,PAOM,64.512203,-165.445247,37,-9,A,"Nome, AK",55,55,58,58,3.6545454545454548,8.472727272727273,7.0,24.0,"Sat, Nov 11, 2017","Thu, Nov 30, 2017"
3734,Ontario International,Ontario,United States,ONT,KONT,34.056,-117.601194,944,-8,A,"Ontario, CA",1781,1783,1790,1793,4.475575519371132,11.293325855300065,39.0,59.0,"Fri, Nov 10, 2017","Mon, Nov 13, 2017"
3830,Chicago O'Hare International,Chicago,United States,ORD,KORD,41.978603,-87.904842,668,-6,A,"Chicago, IL",20650,20670,20705,20715,12.373026634382576,19.85399129172715,100.0,128.0,"Sun, Nov  5, 2017","Fri, Nov 10, 2017"
3611,Norfolk International,Norfolk,United States,ORF,KORF,36.894611,-76.201222,26,-5,A,"Norfolk, VA",913,918,917,919,3.874041621029573,14.058823529411764,41.0,61.0,"Wed, Nov  1, 2017","Wed, Nov 15, 2017"
6426,Worcester Regional Airport,Worcester,United States,ORH,KORH,42.2673,-71.8757,1009,-5,U,"Worcester, MA",60,60,60,60,4.000000000000002,9.883333333333333,24.0,17.0,"Tue, Nov 21, 2017","Fri, Nov  3, 2017"
5757,Southwest Oregon Regional Airport,North Bend,United States,OTH,KOTH,43.4171,-124.246,17,-8,A,"North Bend/Coos Bay, OR",15,15,18,18,4.066666666666666,14.133333333333333,5.0,31.0,"Thu, Nov 16, 2017","Thu, Nov 16, 2017"
3693,Ralph Wien Memorial,Kotzebue,United States,OTZ,PAOT,66.884678,-162.59855,11,-9,A,"Kotzebue, AK",53,53,58,58,4.773584905660376,11.018867924528301,40.0,48.0,"Sun, Nov 12, 2017","Sat, Nov 11, 2017"
4117,Barkley Regional Airport,PADUCAH,United States,PAH,KPAH,37.0602875,-88.7729583,410,-6,A,"Paducah, KY",55,55,57,57,4.254545454545456,12.618181818181819,18.0,26.0,"Wed, Nov 29, 2017","Sat, Nov 11, 2017"
3771,Plattsburgh International,Plattsburgh,United States,PBG,KPBG,44.650944,-73.468139,234,-5,A,"Plattsburgh, NY",22,21,22,21,5.045454545454546,12.285714285714286,8.0,34.0,"Fri, Nov 10, 2017","Sat, Nov  4, 2017"
3722,Palm Beach International,West Palm Beach,United States,PBI,KPBI,26.683161,-80.095589,19,-5,A,"West Palm Beach/Palm Beach, FL",2056,2057,2056,2057,4.2660505836575915,13.561011181332036,46.0,104.0,"Sun, Nov 26, 2017","Tue, Nov  7, 2017"
3720,Portland International,Portland,United States,PDX,KPDX,45.588722,-122.5975,30,-8,A,"Portland, OR",4957,4957,4976,4977,4.585031268912648,13.294129513818854,49.0,76.0,"Wed, Nov 29, 2017","Sat, Nov  4, 2017"
3633,Newport News Williamsburg International,Newport News,United States,PHF,KPHF,37.131894,-76.492989,43,-5,A,"Newport News/Williamsburg, VA",79,79,79,79,4.278481012658226,15.151898734177218,7.0,43.0,"Wed, Nov  1, 2017","Sun, Nov 12, 2017"
3752,Philadelphia International,Philadelphia,United States,PHL,KPHL,39.871944,-75.241139,36,-5,A,"Philadelphia, PA",5911,5919,5929,5930,6.891558111994589,19.99070788984625,58.0,82.0,"Sat, Nov  4, 2017","Tue, Nov 21, 2017"
3462,Phoenix Sky Harbor International,Phoenix,United States,PHX,KPHX,33.434278,-112.011583,1135,-7,N,"Phoenix, AZ",11912,11937,11955,11950,7.341756212222961,14.615732596129687,100.0,81.0,"Sun, Nov 19, 2017","Sat, Nov 11, 2017"
4046,Peoria Regional,Peoria,United States,PIA,KPIA,40.664203,-89.693258,660,-6,A,"Peoria, IL",172,172,173,173,5.127906976744189,16.5813953488372,24.0,46.0,"Thu, Nov  2, 2017","Tue, Nov 14, 2017"
5759,Hattiesburg Laurel Regional Airport,Hattiesburg/Laurel,United States,PIB,KPIB,31.4671,-89.3371,298,-6,A,"Hattiesburg/Laurel, MS",60,60,60,60,4.85,16.366666666666664,15.0,34.0,"Thu, Nov 16, 2017","Sat, Nov  4, 2017"
5760,Pocatello Regional Airport,Pocatello,United States,PIH,KPIH,42.9098,-112.596,4452,-7,A,"Pocatello, ID",82,82,82,82,3.6219512195121952,14.158536585365853,7.0,38.0,"Sun, Nov 26, 2017","Tue, Nov 21, 2017"
3570,Pittsburgh International,Pittsburgh (pennsylva),United States,PIT,KPIT,40.491467,-80.232872,1204,-5,A,"Pittsburgh, PA",2327,2325,2332,2334,5.846583584013753,13.479569892473144,26.0,81.0,"Sat, Nov 18, 2017","Mon, Nov 13, 2017"
5762,Pellston Regional Airport of Emmet County Airport,Pellston,United States,PLN,KPLN,45.5709,-84.7967,720,-5,A,"Pellston, MI",70,70,71,72,6.171428571428572,16.500000000000007,10.0,72.0,"Mon, Nov 13, 2017","Thu, Nov  9, 2017"
3564,Pensacola Regional,Pensacola,United States,PNS,KPNS,30.473425,-87.186611,121,-6,A,"Pensacola, FL",400,399,400,399,3.775,12.498746867167924,28.0,40.0,"Thu, Nov  2, 2017","Wed, Nov 29, 2017"
6133,Tri Cities Airport,Pasco,United States,PSC,PSC,46.2647,-119.119,410,-8,A,"Pasco/Kennewick/Richland, WA",373,374,378,379,5.415549597855227,18.080213903743324,28.0,85.0,"Wed, Nov  8, 2017","Sun, Nov 19, 2017"
4147,Petersburg James A. Johnson,Petersburg,United States,PSG,PAPG,56.801667,-132.945278,105,-9,A,"Petersburg, AK",57,57,58,58,4.280701754385966,9.543859649122806,11.0,34.0,"Mon, Nov 13, 2017","Tue, Nov  7, 2017"
3839,Palm Springs International,Palm Springs,United States,PSP,KPSP,33.829667,-116.506694,477,-8,A,"Palm Springs, CA",826,826,829,829,5.622276029055694,14.754237288135597,34.0,64.0,"Sun, Nov 19, 2017","Thu, Nov  9, 2017"
3641,Theodore Francis Green State,Providence,United States,PVD,KPVD,41.732581,-71.420383,55,-5,A,"Providence, RI",1249,1247,1250,1250,5.097678142514008,13.553327987169201,115.0,79.0,"Sun, Nov 19, 2017","Mon, Nov 20, 2017"
3862,Portland International Jetport,Portland,United States,PWM,KPWM,43.646161,-70.309281,77,-5,A,"Portland, ME",334,334,334,334,3.4191616766467066,14.86227544910179,16.0,79.0,"Tue, Nov 14, 2017","Tue, Nov  7, 2017"
4087,Rapid City Regional Airport,Rapid City,United States,RAP,KRAP,44.045278,-103.057222,3204,-7,A,"Rapid City, SD",244,244,244,244,5.295081967213116,16.06557377049178,41.0,42.0,"Fri, Nov 10, 2017","Thu, Nov  9, 2017"
4098,Redding Municipal,Redding,United States,RDD,KRDD,40.509,-122.293389,504,-8,A,"Redding, CA",85,85,86,86,4.647058823529411,15.85882352941177,7.0,46.0,"Thu, Nov 16, 2017","Thu, Nov  9, 2017"
4103,Roberts Field,Redmond-Bend,United States,RDM,KRDM,44.254066,-121.149964,3077,-8,A,"Bend/Redmond, OR",341,342,345,345,4.310850439882703,17.274853801169602,14.0,59.0,"Wed, Nov  8, 2017","Thu, Nov  9, 2017"
3626,Raleigh Durham International,Raleigh-durham,United States,RDU,KRDU,35.877639,-78.787472,435,-5,A,"Raleigh/Durham, NC",3157,3156,3160,3161,6.148558758314858,15.40969581749049,41.0,90.0,"Tue, Nov 21, 2017","Thu, Nov  2, 2017"
5765,Rhinelander Oneida County Airport,Rhinelander,United States,RHI,KRHI,45.6312,-89.4675,1624,-6,A,"Rhinelander, WI",57,57,58,58,4.754385964912283,23.01754385964912,10.0,52.0,"Sun, Nov 19, 2017","Fri, Nov  3, 2017"
3608,Richmond International,Richmond,United States,RIC,KRIC,37.505167,-77.319667,167,-5,A,"Richmond, VA",1281,1281,1281,1282,5.800936768149883,16.477751756440263,39.0,83.0,"Sun, Nov 19, 2017","Mon, Nov 27, 2017"
5766,Rock Springs Sweetwater County Airport,Rock Springs,United States,RKS,KRKS,41.5942,-109.065,6760,-7,A,"Rock Springs, WY",56,55,56,56,3.0,15.872727272727273,5.0,43.0,"Wed, Nov 22, 2017","Sun, Nov  5, 2017"
3807,Reno Tahoe International,Reno,United States,RNO,KRNO,39.499108,-119.768108,4415,-8,A,"Reno, NV",1272,1272,1289,1287,4.6477987421383595,12.351415094339622,38.0,57.0,"Sun, Nov 26, 2017","Wed, Nov  1, 2017"
4016,Roanoke Regional,Roanoke VA,United States,ROA,KROA,37.325472,-79.975417,1175,-5,A,"Roanoke, VA",55,55,56,56,5.181818181818182,19.145454545454555,20.0,45.0,"Sun, Nov 12, 2017","Thu, Nov  9, 2017"
3622,Greater Rochester International,Rochester,United States,ROC,KROC,43.118866,-77.672389,559,-5,A,"Rochester, NY",596,596,597,599,5.555369127516778,14.543624161073822,13.0,101.0,"Thu, Nov 16, 2017","Sun, Nov  5, 2017"
3736,Roswell International Air Center,Roswell,United States,ROW,KROW,33.301556,-104.530556,3671,-7,A,"Roswell, NM",28,28,28,28,5.178571428571429,16.535714285714285,9.0,31.0,"Wed, Nov 29, 2017","Tue, Nov 21, 2017"
4048,Rochester,Rochester,United States,RST,KRST,43.908283,-92.500014,1317,-6,A,"Rochester, MN",206,208,209,210,4.111650485436894,19.264423076923087,36.0,61.0,"Sat, Nov 11, 2017","Sat, Nov 11, 2017"
3793,Southwest Florida International,Fort Myers,United States,RSW,KRSW,26.536167,-81.755167,30,-5,A,"Fort Myers, FL",2550,2542,2550,2543,5.258039215686271,12.426435877261996,57.0,68.0,"Wed, Nov  8, 2017","Fri, Nov  3, 2017"
3784,Santa Fe Municipal,Santa Fe,United States,SAF,KSAF,35.617108,-106.089422,6348,-7,A,"Santa Fe, NM",131,130,131,130,4.213740458015271,15.907692307692312,8.0,54.0,"Sat, Nov  4, 2017","Mon, Nov  6, 2017"
3731,San Diego International,San Diego,United States,SAN,KSAN,32.733556,-117.189667,17,-8,A,"San Diego, CA",6782,6785,6834,6835,3.8497493364789146,16.024907885040516,41.0,80.0,"Wed, Nov  8, 2017","Sat, Nov  4, 2017"
3621,San Antonio International,San Antonio,United States,SAT,KSAT,29.533694,-98.469778,809,-6,A,"San Antonio, TX",2892,2887,2894,2893,4.151452282157674,11.956356078974698,55.0,53.0,"Wed, Nov  8, 2017","Wed, Nov  8, 2017"
3613,Savannah Hilton Head International,Savannah,United States,SAV,KSAV,32.127583,-81.202139,51,-5,A,"Savannah, GA",664,662,664,663,5.115963855421686,14.661631419939576,111.0,39.0,"Wed, Nov 29, 2017","Fri, Nov  3, 2017"
3949,Santa Barbara Municipal,Santa Barbara,United States,SBA,KSBA,34.426211,-119.840372,10,-8,A,"Santa Barbara, CA",428,427,434,434,4.971962616822433,15.290398126463698,36.0,61.0,"Mon, Nov 27, 2017","Fri, Nov 10, 2017"
4359,South Bend Regional,South Bend,United States,SBN,KSBN,41.708661,-86.31725,799,-5,A,"South Bend, IN",430,431,430,431,4.725581395348838,18.16473317865427,39.0,69.0,"Sat, Nov 18, 2017","Sun, Nov 26, 2017"
5768,San Luis County Regional Airport,San Luis Obispo,United States,SBP,KSBP,35.2368,-120.642,212,-8,A,"San Luis Obispo, CA",272,271,272,272,4.720588235294115,17.55350553505533,15.0,69.0,"Sat, Nov 11, 2017","Thu, Nov  9, 2017"
3620,Deadhorse,Deadhorse,United States,SCC,PASC,70.19475,-148.465167,64,-9,A,"Deadhorse, AK",57,57,59,59,3.789473684210527,10.36842105263158,9.0,37.0,"Mon, Nov  6, 2017","Wed, Nov 29, 2017"
4318,University Park Airport,State College Pennsylvania,United States,SCE,KUNV,40.849278,-77.848694,1239,-5,A,"State College, PA",147,147,147,147,4.0476190476190474,18.59183673469388,6.0,56.0,"Thu, Nov  2, 2017","Mon, Nov 20, 2017"
4014,Louisville International Airport,Louisville,United States,SDF,KSDF,38.1740858,-85.7364989,501,-5,A,"Louisville, KY",787,786,792,790,6.0063532401524755,13.867684478371494,30.0,65.0,"Thu, Nov  2, 2017","Wed, Nov 29, 2017"
3577,Seattle Tacoma International,Seattle,United States,SEA,KSEA,47.449,-122.309306,433,-8,A,"Seattle, WA",10786,10808,10881,10883,9.78017800852952,20.651369356032546,132.0,172.0,"Fri, Nov  3, 2017","Fri, Nov  3, 2017"
3469,San Francisco International,San Francisco,United States,SFO,KSFO,37.618972,-122.374889,13,-8,A,"San Francisco, CA",14360,14363,14533,14528,8.400139275765978,21.520573696302908,101.0,111.0,"Sun, Nov 26, 2017","Fri, Nov 17, 2017"
4348,Springfield Branson National,Springfield,United States,SGF,KSGF,37.245667,-93.388639,1268,-6,A,"Springfield, MO",250,250,250,250,6.304,16.351999999999986,35.0,46.0,"Fri, Nov 24, 2017","Thu, Nov  9, 2017"
4064,St. George Municipal,Saint George,United States,SGU,KSGU,37.090583,-113.593056,2941,-7,A,"St. George, UT",259,259,259,259,3.671814671814672,15.254826254826256,12.0,42.0,"Sat, Nov 11, 2017","Thu, Nov 16, 2017"
3609,Shreveport Regional,Shreveport,United States,SHV,KSHV,32.446629,-93.8256,258,-6,A,"Shreveport, LA",385,385,385,385,5.306493506493511,13.893506493506493,32.0,57.0,"Thu, Nov 30, 2017","Wed, Nov 29, 2017"
3856,Sitka Rocky Gutierrez,Sitka,United States,SIT,PASI,57.047138,-135.361611,21,-9,A,"Sitka, AK",84,84,86,86,4.273809523809524,11.05952380952381,8.0,29.0,"Wed, Nov  1, 2017","Sun, Nov 26, 2017"
3748,Norman Y. Mineta San Jose International,San Jose,United States,SJC,KSJC,37.3626,-121.929022,62,-8,A,"San Jose, CA",4305,4306,4331,4339,4.430662020905932,12.622387366465395,42.0,57.0,"Sun, Nov 26, 2017","Wed, Nov 15, 2017"
3708,San Angelo Regional-Mathis Field,San Angelo,United States,SJT,KSJT,31.35775,-100.496306,1919,-6,A,"San Angelo, TX",60,60,60,60,3.6,13.65,20.0,33.0,"Wed, Nov  8, 2017","Wed, Nov 29, 2017"
3536,Salt Lake City International,Salt Lake City,United States,SLC,KSLC,40.788389,-111.977772,4227,-7,A,"Salt Lake City, UT",8661,8669,8685,8682,6.215448562521647,17.05894566847388,43.0,102.0,"Wed, Nov 15, 2017","Fri, Nov 10, 2017"
3817,Sacramento International,Sacramento,United States,SMF,KSMF,38.695417,-121.590778,27,-8,A,"Sacramento, CA",3836,3841,3851,3855,4.334723670490086,11.57276750846136,52.0,94.0,"Mon, Nov  6, 2017","Sun, Nov  5, 2017"
3867,John Wayne Airport Orange County,Santa Ana,United States,SNA,KSNA,33.675667,-117.868222,56,-8,A,"Santa Ana, CA",3474,3467,3498,3493,5.2789291882556055,12.898471300836462,42.0,63.0,"Tue, Nov 28, 2017","Thu, Nov 16, 2017"
4336,Abraham Lincoln Capital,Springfield,United States,SPI,KSPI,39.8441,-89.677889,597,-6,A,"Springfield, IL",86,86,86,86,4.023255813953488,13.30232558139535,6.0,77.0,"Sun, Nov 19, 2017","Fri, Nov 17, 2017"
4067,Sarasota Bradenton International,Sarasota,United States,SRQ,KSRQ,27.395444,-82.554389,30,-5,A,"Sarasota/Bradenton, FL",205,205,206,206,4.443902439024397,12.575609756097563,30.0,66.0,"Mon, Nov 27, 2017","Sun, Nov 26, 2017"
3678,Lambert St. Louis International,St. Louis,United States,STL,KSTL,38.748697,-90.370028,618,-6,A,"St. Louis, MO",4545,4542,4554,4555,4.783718371837183,11.109863496257137,96.0,100.0,"Sun, Nov  5, 2017","Sun, Nov  5, 2017"
6992,Charles M. Schulz Sonoma County,Santa Rosa,United States,STS,KSTS,38.508978,-122.81288,125,-8,A,"Santa Rosa, CA",142,143,149,148,4.239436619718312,18.07692307692309,10.0,98.0,"Tue, Nov 28, 2017","Wed, Nov  8, 2017"
6494,Friedman Memorial,Hailey,United States,SUN,KSUN,43.504444,-114.296194,5320,-7,A,"Sun Valley/Hailey/Ketchum, ID",50,50,59,57,3.04,11.94,5.0,86.0,"Fri, Nov 10, 2017","Sun, Nov 12, 2017"
3661,Stewart International,Newburgh,United States,SWF,KSWF,41.504094,-74.104839,491,-5,A,"Newburgh/Poughkeepsie, NY",115,115,115,115,5.521739130434781,13.730434782608695,11.0,31.0,"Sun, Nov 12, 2017","Wed, Nov 29, 2017"
3745,Syracuse Hancock International,Syracuse,United States,SYR,KSYR,43.111187,-76.106311,421,-5,A,"Syracuse, NY",586,585,588,587,4.851535836177474,19.699145299145307,28.0,114.0,"Mon, Nov  6, 2017","Sun, Nov 19, 2017"
3698,Tallahassee Regional,Tallahassee,United States,TLH,KTLH,30.396528,-84.350333,81,-5,A,"Tallahassee, FL",167,167,167,167,3.718562874251497,14.0,9.0,36.0,"Tue, Nov 21, 2017","Thu, Nov 30, 2017"
4040,Toledo,Toledo,United States,TOL,KTOL,41.586806,-83.807833,684,-5,A,"Toledo, OH",25,25,25,25,4.2,13.72,6.0,33.0,"Tue, Nov 14, 2017","Fri, Nov 17, 2017"
3646,Tampa International,Tampa,United States,TPA,KTPA,27.975472,-82.53325,26,-5,A,"Tampa, FL",5774,5769,5781,5778,4.792864565292684,12.022187554168813,40.0,63.0,"Fri, Nov 10, 2017","Sat, Nov  4, 2017"
4116,Tri-Cities Regional Airport,BRISTOL,United States,TRI,KTRI,36.4752222,-82.4074167,1519,-5,A,"Bristol/Johnson City/Kingsport, TN",103,103,103,103,4.116504854368931,16.63106796116506,8.0,44.0,"Sun, Nov 12, 2017","Tue, Nov 14, 2017"
3447,Trenton Mercer,Trenton,United States,TTN,KTTN,40.276692,-74.813469,213,-5,A,"Trenton, NJ",170,170,171,171,7.682352941176471,13.552941176470588,12.0,63.0,"Mon, Nov 27, 2017","Fri, Nov  3, 2017"
3855,Tulsa International,Tulsa,United States,TUL,KTUL,36.198389,-95.888111,677,-6,A,"Tulsa, OK",1176,1175,1176,1175,4.1318027210884365,13.760000000000007,25.0,62.0,"Sat, Nov  4, 2017","Fri, Nov 10, 2017"
3636,Tucson International,Tucson,United States,TUS,KTUS,32.116083,-110.941028,2643,-7,N,"Tucson, AZ",1233,1231,1234,1234,6.017031630170314,15.545085296506905,25.0,58.0,"Sun, Nov 26, 2017","Tue, Nov 14, 2017"
4023,Cherry Capital Airport,Traverse City,United States,TVC,KTVC,44.741445,-85.582235,624,-5,A,"Traverse City, MI",182,180,183,182,4.489010989010989,17.24444444444445,15.0,51.0,"Sat, Nov  4, 2017","Thu, Nov 16, 2017"
4263,Magic Valley Regional Airport,Twin Falls,United States,TWF,KTWF,42.481803,-114.487733,4151,-7,A,"Twin Falls, ID",82,88,82,88,3.5121951219512195,14.113636363636362,6.0,46.0,"Sun, Nov 19, 2017","Sun, Nov 19, 2017"
3676,McGhee Tyson,Knoxville,United States,TYS,KTYS,35.810972,-83.994028,981,-5,A,"Knoxville, TN",636,636,637,637,4.117924528301892,16.334905660377373,25.0,60.0,"Sun, Nov  5, 2017","Fri, Nov 10, 2017"
3873,Eglin AFB,Valparaiso,United States,VPS,KVPS,30.48325,-86.5254,87,-6,A,"Valparaiso, FL",305,304,305,304,6.554098360655737,16.20723684210529,17.0,52.0,"Sun, Nov  5, 2017","Mon, Nov 13, 2017"
5969,Wrangell Airport,Wrangell,United States,WRG,PAWG,56.4843,-132.37,44,-9,A,"Wrangell, AK",56,56,58,58,3.857142857142857,8.67857142857143,7.0,37.0,"Fri, Nov 17, 2017","Fri, Nov 10, 2017"
4356,NW Arkansas Regional,Bentonville,United States,XNA,KXNA,36.2818694,-94.3068111,1287,-6,A,"Fayetteville, AR",386,386,386,387,6.448186528497408,14.83419689119171,31.0,61.0,"Tue, Nov 14, 2017","Wed, Nov 29, 2017"
6803,Yakutat,Yakutat,United States,YAK,PAYA,59.3012,-139.3937,33,-9,A,"Yakutat, AK",58,57,58,58,3.9310344827586206,9.894736842105258,6.0,38.0,"Mon, Nov 27, 2017","Tue, Nov 28, 2017"
3596,Yuma MCAS Yuma International,Yuma,United States,YUM,KYUM,32.656578,-114.60598,216,-7,N,"Yuma, AZ",83,83,83,83,3.9036144578313254,12.650602409638553,10.0,31.0,"Sat, Nov  4, 2017","Sat, Nov 25, 2017"
2883,Cyril E. King,St. Thomas,Virgin Islands,STT,TIST,18.337306,-64.973361,23,-4,U,"Charlotte Amalie, VI",119,119,119,119,3.9243697478991595,11.672268907563025,12.0,26.0,"Tue, Nov  7, 2017","Thu, Nov  2, 2017"
2884,Henry E. Rohlsen,St. Croix Island,Virgin Islands,STX,TISX,17.701889,-64.798556,74,-4,U,"Christiansted, VI",60,60,60,60,3.2333333333333334,12.583333333333334,7.0,31.0,"Sun, Nov 19, 2017","Sat, Nov 18, 2017"
1970,Pago Pago Internatonal,Pago Pago,American Samoa,PPG,NSTU,-14.331,-170.7105,32,-11,U,"Pago Pago, TT",8,8,8,8,7.25,12.5,10.0,15.0,"Fri, Nov  3, 2017","Fri, Nov  3, 2017"
2246,Guam International,Agana,Guam,GUM,PGUM,13.48345,144.795983,298,10,U,"Guam, TT",30,30,30,30,3.2333333333333334,14.6,5.0,24.0,"Sun, Nov 12, 2017","Thu, Nov  2, 2017"
2885,Rafael Hernndez,Aguadilla,Puerto Rico,BQN,TJBQ,18.494861,-67.129444,237,-4,U,"Aguadilla, PR",67,64,67,64,7.731343283582089,11.84375,20.0,26.0,"Sun, Nov 19, 2017","Sun, Nov 12, 2017"
2889,Aeropuerto Mercedita,Ponce,Puerto Rico,PSE,TJPS,18.008306,-66.563028,29,-4,U,"Ponce, PR",32,29,33,31,4.468750000000002,12.344827586206897,10.0,26.0,"Tue, Nov  7, 2017","Thu, Nov 23, 2017"
2890,Luis Muoz Marn International,San Juan,Puerto Rico,SJU,TJSJ,18.439417,-66.001833,9,-4,U,"San Juan, PR",1358,1357,1359,1358,6.159793814432996,13.622697126013259,75.0,51.0,"Sun, Nov 19, 2017","Sat, Nov 25, 2017"
