airport_id,name,city,country,iata_faa,iaco,latitude,longitude,altitude,zone,dst,city_state,avg_able_landings,avg_able_takeoffs,total_landings,total_takeoffs,avg_taxi_in,avg_taxi_out,longest_taxi_in,longest_taxi_out,lng_tx_in_date,lng_tx_out_date
4355,Lehigh Valley International,Allentown,United States,ABE,KABE,40.652083,-75.440806,393,-5,A,"Allentown/Bethlehem/Easton, PA",338,337,339,338,5.0414201183431935,14.718100890207715,58.0,83.0,"Tue, Oct  2, 2018","Mon, Oct  8, 2018"
3718,Abilene Regional,Abilene,United States,ABI,KABI,32.411319,-99.681897,1791,-6,A,"Abilene, TX",175,175,177,177,3.7314285714285713,16.62857142857142,29.0,89.0,"Mon, Oct  8, 2018","Mon, Oct 15, 2018"
4019,Albuquerque International Sunport,Albuquerque,United States,ABQ,KABQ,35.0402222,-106.6091944,5355,-7,A,"Albuquerque, NM",2124,2122,2137,2138,5.330508474576272,12.23515551366636,50.0,106.0,"Wed, Oct 24, 2018","Fri, Oct 26, 2018"
5714,Aberdeen Regional Airport,Aberdeen,United States,ABR,KABR,45.4491,-98.4218,1302,-6,A,"Aberdeen, SD",70,70,70,70,4.885714285714286,18.071428571428573,19.0,54.0,"Thu, Oct  4, 2018","Wed, Oct 10, 2018"
5715,Southwest Georgia Regional Airport,Albany,United States,ABY,KABY,31.5355,-84.1945,197,-5,A,"Albany, GA",86,86,88,88,3.7209302325581395,14.383720930232556,11.0,45.0,"Sun, Oct 14, 2018","Fri, Oct 26, 2018"
3517,Nantucket Memorial,Nantucket,United States,ACK,KACK,41.253053,-70.060181,48,-5,A,"Nantucket, MA",33,33,34,34,4.757575757575758,18.151515151515152,9.0,115.0,"Mon, Oct  1, 2018","Thu, Oct 11, 2018"
3700,Waco Regional,Waco,United States,ACT,KACT,31.611289,-97.230519,516,-6,A,"Waco, TX",139,139,142,142,3.8489208633093526,16.381294964028772,12.0,59.0,"Mon, Oct 15, 2018","Sun, Oct  7, 2018"
4384,Arcata,Arcata CA,United States,ACV,KACV,40.978111,-124.108611,221,-8,A,"Arcata/Eureka, CA",141,140,149,148,6.333333333333332,12.178571428571425,28.0,47.0,"Thu, Oct 18, 2018","Sun, Oct 28, 2018"
3524,Atlantic City International,Atlantic City,United States,ACY,KACY,39.457583,-74.577167,75,-5,A,"Atlantic City, NJ",240,240,241,241,5.299999999999998,10.841666666666674,38.0,37.0,"Mon, Oct 15, 2018","Sat, Oct 27, 2018"
5959,Adak Airport,Adak Island,United States,ADK,PADK,51.878,-176.646,18,-10,A,"Adak Island, AK",8,8,9,9,5.375,7.375,6.0,10.0,"Wed, Oct 17, 2018","Sat, Oct 20, 2018"
3531,Kodiak,Kodiak,United States,ADQ,PADQ,57.749967,-152.493856,78,-9,A,"Kodiak, AK",53,53,53,53,3.0943396226415096,7.584905660377358,6.0,21.0,"Tue, Oct  2, 2018","Mon, Oct 29, 2018"
3852,Alexandria International,Alexandria,United States,AEX,KAEX,31.3274,-92.549833,89,-6,A,"Alexandria, LA",290,291,295,295,3.6724137931034484,16.58075601374569,21.0,68.0,"Sun, Oct 14, 2018","Tue, Oct 16, 2018"
3658,Augusta Regional At Bush Field,Bush Field,United States,AGS,KAGS,33.369944,-81.9645,144,-5,A,"Augusta, GA",381,379,387,387,3.9763779527559056,15.45382585751979,14.0,51.0,"Tue, Oct 30, 2018","Tue, Oct 23, 2018"
3864,Albany International,Albany,United States,ALB,KALB,42.748267,-73.801692,285,-5,A,"Albany, NY",1052,1052,1057,1058,3.686311787072244,12.215779467680598,43.0,60.0,"Wed, Oct 10, 2018","Fri, Oct 19, 2018"
5718,Waterloo Regional Airport,Waterloo,United States,ALO,KALO,42.5571,-92.4003,873,-6,A,"Waterloo, IA",58,58,58,58,4.2586206896551735,13.120689655172415,13.0,31.0,"Sat, Oct 20, 2018","Thu, Oct 18, 2018"
3840,Rick Husband Amarillo International,Amarillo,United States,AMA,KAMA,35.219369,-101.705931,3607,-6,A,"Amarillo, TX",456,456,467,468,4.570175438596493,14.37280701754386,51.0,82.0,"Thu, Oct 25, 2018","Sun, Oct 14, 2018"
3774,Ted Stevens Anchorage International,Anchorage,United States,ANC,PANC,61.174361,-149.996361,152,-9,A,"Anchorage, AK",1341,1348,1354,1357,4.1252796420581594,12.84643916913947,18.0,50.0,"Mon, Oct  1, 2018","Tue, Oct 23, 2018"
5720,Alpena County Regional Airport,Alpena,United States,APN,KAPN,45.0781,-83.5603,689,-5,A,"Alpena, MI",52,53,53,53,4.884615384615384,14.924528301886792,9.0,32.0,"Sun, Oct 14, 2018","Sat, Oct 20, 2018"
7001,Aspen/Pitkin County-Sardy Field,Aspen,United States,ASE,KASE,39.2232,-106.869,7820,-7,A,"Aspen, CO",273,276,285,285,3.241758241758241,17.148550724637676,25.0,87.0,"Sun, Oct 21, 2018","Sun, Oct 14, 2018"
3682,Hartsfield Jackson Atlanta International,Atlanta,United States,ATL,KATL,33.636719,-84.428067,1026,-5,A,"Atlanta, GA",33053,33044,33152,33140,8.510452908964348,15.741526449582446,78.0,155.0,"Fri, Oct 19, 2018","Thu, Oct 11, 2018"
4047,Appleton,Appleton,United States,ATW,KATW,44.257526,-88.507576,680,-6,A,"Appleton, WI",330,331,331,332,4.527272727272728,16.58308157099696,21.0,109.0,"Wed, Oct 24, 2018","Wed, Oct  3, 2018"
3673,Austin Bergstrom International,Austin,United States,AUS,KAUS,30.194528,-97.669889,542,-6,A,"Austin, TX",5521,5520,5553,5553,6.598985690998008,14.136413043478255,59.0,91.0,"Tue, Oct  9, 2018","Thu, Oct 11, 2018"
4007,Asheville Regional Airport,Asheville,United States,AVL,KAVL,35.436194,-82.541806,2165,-5,A,"Asheville, NC",756,756,763,763,5.197089947089943,16.27645502645502,32.0,89.0,"Sun, Oct 21, 2018","Sat, Oct  6, 2018"
4286,Wilkes Barre Scranton International,Scranton,United States,AVP,KAVP,41.338478,-75.723403,962,-5,A,"Scranton/Wilkes-Barre, PA",315,315,318,318,4.355555555555555,15.495238095238095,17.0,78.0,"Sat, Oct  6, 2018","Mon, Oct  8, 2018"
6505,Phoenix-Mesa Gateway,Mesa,United States,AZA,KIWA,33.307833,-111.655,1382,-7,N,"Phoenix, AZ",422,422,422,422,5.696682464454978,12.274881516587678,17.0,41.0,"Sat, Oct 20, 2018","Thu, Oct 25, 2018"
4039,Kalamazoo,Kalamazoo,United States,AZO,KAZO,42.234875,-85.552058,874,-5,A,"Kalamazoo, MI",239,239,241,242,3.702928870292887,15.920502092050203,25.0,105.0,"Fri, Oct 12, 2018","Sat, Oct 20, 2018"
3825,Bradley International,Windsor Locks,United States,BDL,KBDL,41.938889,-72.683222,173,-5,A,"Hartford, CT",2426,2427,2434,2435,5.1500412201154235,12.886691388545527,55.0,68.0,"Tue, Oct  2, 2018","Thu, Oct 11, 2018"
3599,Bethel,Bethel,United States,BET,PABE,60.779778,-161.838,121,-9,A,"Bethel, AK",69,67,72,72,3.681159420289855,9.35820895522388,8.0,113.0,"Sun, Oct 28, 2018","Wed, Oct 31, 2018"
5723,Western Nebraska Regional Airport,Scottsbluff,United States,BFF,KBFF,41.874,-103.596,3967,-7,A,"Scottsbluff, NE",54,54,54,54,3.8518518518518516,17.42592592592592,8.0,48.0,"Mon, Oct  8, 2018","Sun, Oct 14, 2018"
3558,Meadows Field,Bakersfield,United States,BFL,KBFL,35.433598,-119.05677,507,-8,A,"Bakersfield, CA",207,204,207,207,4.8067632850241475,17.161764705882348,21.0,39.0,"Wed, Oct 10, 2018","Wed, Oct 10, 2018"
4129,Greater Binghamton-Edwin A. Link Field,Binghamton,United States,BGM,KBGM,42.208689,-75.979839,1636,-5,A,"Binghamton, NY",89,89,89,89,3.4157303370786516,15.51685393258427,6.0,51.0,"Sun, Oct 21, 2018","Mon, Oct 15, 2018"
3463,Bangor International,Bangor,United States,BGR,KBGR,44.807444,-68.828139,192,-5,A,"Bangor, ME",406,408,410,411,4.770935960591128,16.316176470588225,35.0,63.0,"Sat, Oct 13, 2018","Mon, Oct  8, 2018"
3811,Birmingham International,Birmingham,United States,BHM,KBHM,33.562942,-86.75355,644,-6,A,"Birmingham, AL",1654,1647,1669,1668,3.4099153567110037,14.484517304189431,23.0,89.0,"Sat, Oct 20, 2018","Mon, Oct  1, 2018"
4021,Billings Logan International Airport,Billings,United States,BIL,KBIL,45.80921,-108.537654,3652,-7,A,"Billings, MT",308,308,308,308,3.6623376623376624,12.896103896103893,17.0,51.0,"Mon, Oct 29, 2018","Thu, Oct 11, 2018"
4083,Bismarck Municipal Airport,Bismarck,United States,BIS,KBIS,46.775842,-100.757931,1661,-6,A,"Bismarck/Mandan, ND",291,293,294,296,4.247422680412373,14.98976109215017,38.0,65.0,"Fri, Oct  5, 2018","Sun, Oct  7, 2018"
4287,Bemidji Regional Airport,Bemidji,United States,BJI,KBJI,47.510722,-94.934722,1391,-6,A,"Bemidji, MN",62,62,62,62,4.161290322580644,15.64516129032257,6.0,58.0,"Fri, Oct  5, 2018","Fri, Oct  5, 2018"
6962,Branson LLC,Branson,United States,BKG,KBBG,36.531994,-93.200556,1302,-6,A,"Branson, MO",14,14,14,14,5.785714285714286,9.07142857142857,8.0,22.0,"Sat, Oct  6, 2018","Wed, Oct 10, 2018"
3777,Bellingham International,Bellingham,United States,BLI,KBLI,48.792694,-122.537528,170,-8,A,"Bellingham, WA",128,128,130,130,6.3203125,10.851562500000004,13.0,23.0,"Wed, Oct 17, 2018","Thu, Oct  4, 2018"
3790,Scott AFB Midamerica,Belleville,United States,BLV,KBLV,38.545178,-89.835183,459,-6,A,"Belleville, IL",64,64,65,65,5.593749999999999,11.625,7.0,21.0,"Mon, Oct 15, 2018","Mon, Oct 29, 2018"
4037,Central Illinois Regional,Bloomington,United States,BMI,KBMI,40.477111,-88.915917,871,-6,A,"Bloomington/Normal, IL",281,280,289,289,4.740213523131671,13.189285714285715,130.0,75.0,"Sun, Oct  7, 2018","Fri, Oct  5, 2018"
3690,Nashville International,Nashville,United States,BNA,KBNA,36.124472,-86.678194,599,-6,A,"Nashville, TN",6782,6784,6828,6829,6.497051017398989,13.968160377358492,69.0,108.0,"Sun, Oct 14, 2018","Mon, Oct  8, 2018"
3495,Boise Air Terminal,Boise,United States,BOI,KBOI,43.564361,-116.222861,2871,-7,A,"Boise, ID",1614,1614,1618,1618,3.8643122676579926,14.23358116480793,35.0,110.0,"Wed, Oct 10, 2018","Sat, Oct 20, 2018"
3448,General Edward Lawrence Logan International,Boston,United States,BOS,KBOS,42.364347,-71.005181,19,-5,A,"Boston, MA",12902,12921,13011,13018,7.815687490311582,20.85891184892811,99.0,157.0,"Mon, Oct 29, 2018","Mon, Oct 15, 2018"
3612,Southeast Texas Regional,Beaumont,United States,BPT,KBPT,29.950833,-94.020694,15,-6,A,"Beaumont/Port Arthur, TX",78,78,79,79,3.8461538461538463,16.15384615384616,9.0,93.0,"Fri, Oct 19, 2018","Mon, Oct 15, 2018"
5725,Brunswick Golden Isles Airport,Brunswick,United States,BQK,KBQK,31.2588,-81.4665,26,-5,A,"Brunswick, GA",87,87,88,88,3.5862068965517233,17.666666666666668,6.0,51.0,"Thu, Oct 25, 2018","Mon, Oct  8, 2018"
6957,Brainerd Lakes Regional,Brainerd,United States,BRD,KBRD,46.398308,-94.138078,1226,-6,U,"Brainerd, MN",54,54,54,54,4.314814814814814,17.962962962962962,8.0,138.0,"Mon, Oct  8, 2018","Tue, Oct  9, 2018"
3738,Brownsville South Padre Island International,Brownsville,United States,BRO,KBRO,25.906833,-97.425861,22,-6,A,"Brownsville, TX",234,232,249,248,4.910256410256411,13.956896551724139,33.0,53.0,"Sun, Oct 28, 2018","Wed, Oct 31, 2018"
3571,Wiley Post Will Rogers Memorial,Barrow,United States,BRW,PABR,71.285446,-156.766003,44,-9,A,"Barrow, AK",61,62,62,62,4.098360655737705,8.24193548387097,13.0,30.0,"Thu, Oct 11, 2018","Sun, Oct 14, 2018"
4022,Bert Mooney Airport,Butte,United States,BTM,KBTM,45.954806,-112.497472,5550,-7,A,"Butte, MT",58,58,58,58,3.1724137931034484,14.258620689655173,6.0,32.0,"Mon, Oct 15, 2018","Sun, Oct 14, 2018"
3846,Baton Rouge Metro-Ryan Field,Baton Rouge,United States,BTR,KBTR,30.533167,-91.149639,70,-6,A,"Baton Rouge, LA",650,647,652,652,4.36153846153846,14.486862442040186,22.0,71.0,"Mon, Oct  8, 2018","Fri, Oct 19, 2018"
3711,Burlington International,Burlington,United States,BTV,KBTV,44.471861,-73.153278,335,-5,A,"Burlington, VT",880,877,885,886,4.8829545454545435,17.59179019384268,31.0,112.0,"Sat, Oct 27, 2018","Mon, Oct  8, 2018"
3820,Buffalo Niagara International,Buffalo,United States,BUF,KBUF,42.940525,-78.732167,724,-5,A,"Buffalo, NY",2362,2363,2366,2368,4.251905165114313,12.866694879390604,49.0,70.0,"Tue, Oct  2, 2018","Sat, Oct 20, 2018"
3644,Bob Hope,Burbank,United States,BUR,KBUR,34.200667,-118.358667,778,-8,A,"Burbank, CA",2212,2216,2241,2242,2.717902350813741,13.228790613718411,52.0,68.0,"Sun, Oct 28, 2018","Fri, Oct 19, 2018"
3849,Baltimore Washington International,Baltimore,United States,BWI,KBWI,39.175361,-76.668333,146,-5,A,"Baltimore, MD",8803,8803,8827,8830,5.067022605929797,13.628876519368404,137.0,91.0,"Tue, Oct  2, 2018","Thu, Oct 11, 2018"
4020,Gallatin Field,Bozeman,United States,BZN,KBZN,45.777643,-111.160151,4500,-7,A,"Bozeman, MT",395,395,395,395,4.470886075949367,15.37721518987342,11.0,100.0,"Wed, Oct  3, 2018","Sat, Oct 13, 2018"
3561,Columbia Metropolitan,Colombia,United States,CAE,KCAE,33.938833,-81.119528,236,-5,A,"Columbia, SC",628,625,635,635,4.315286624203819,14.180799999999994,35.0,42.0,"Fri, Oct 12, 2018","Tue, Oct  9, 2018"
4112,Akron Canton Regional Airport,Akron,United States,CAK,KCAK,40.9160833,-81.4421944,1228,-5,A,"Akron, OH",675,675,681,681,6.152592592592592,15.090370370370366,43.0,106.0,"Wed, Oct 31, 2018","Tue, Oct 16, 2018"
3824,Cedar City Regional,Cedar City,United States,CDC,KCDC,37.700967,-113.098847,5622,-7,A,"Cedar City, UT",53,53,54,53,3.8679245283018866,17.679245283018865,10.0,50.0,"Tue, Oct  9, 2018","Fri, Oct 12, 2018"
3610,Merle K. Mudhole Smith,Cordova,United States,CDV,PACV,60.491778,-145.477556,48,-9,A,"Cordova, AK",61,62,62,62,3.6557377049180326,8.822580645161288,5.0,25.0,"Tue, Oct  2, 2018","Mon, Oct 29, 2018"
5728,Cape Girardeau Regional Airport,Cape Girardeau,United States,CGI,KCGI,37.2253,-89.5708,342,-6,A,"Cape Girardeau, MO",54,54,54,54,4.759259259259261,22.166666666666668,14.0,46.0,"Fri, Oct 19, 2018","Tue, Oct 30, 2018"
3578,Lovell Field,Chattanooga,United States,CHA,KCHA,35.035278,-85.203808,683,-5,A,"Chattanooga, TN",715,718,720,721,5.472727272727276,16.88300835654596,34.0,90.0,"Mon, Oct 22, 2018","Mon, Oct  8, 2018"
4015,Charlottesville-Albemarle,Charlottesville VA,United States,CHO,KCHO,38.138639,-78.452861,639,-5,A,"Charlottesville, VA",476,473,478,478,4.420168067226891,16.13742071881607,31.0,92.0,"Fri, Oct 12, 2018","Mon, Oct 15, 2018"
3806,Charleston AFB International,Charleston,United States,CHS,KCHS,32.898647,-80.040528,45,-5,A,"Charleston, SC",2063,2060,2099,2099,6.524963645176934,14.373786407766987,49.0,92.0,"Wed, Oct 10, 2018","Mon, Oct  8, 2018"
4043,Cedar Rapids,Cedar Rapids,United States,CID,KCID,41.884694,-91.710806,869,-6,A,"Cedar Rapids/Iowa City, IA",815,815,826,827,6.406134969325156,14.065030674846623,64.0,79.0,"Mon, Oct 15, 2018","Tue, Oct  9, 2018"
5729,Chippewa County International Airport,Sault Ste. Marie,United States,CIU,KCIU,46.2508,-84.4724,800,-5,A,"Sault Ste. Marie, MI",57,57,58,58,4.29824561403509,17.508771929824565,7.0,46.0,"Thu, Oct 11, 2018","Sun, Oct 28, 2018"
5730,Harrison Marion Regional Airport,Clarksburg,United States,CKB,KCKB,39.2966,-80.2281,1217,-5,A,"Clarksburg/Fairmont, WV",66,66,66,66,4.0,15.136363636363635,9.0,37.0,"Mon, Oct 22, 2018","Sat, Oct 20, 2018"
3486,Cleveland Hopkins International,Cleveland,United States,CLE,KCLE,41.411689,-81.849794,791,-5,A,"Cleveland, OH",4110,4103,4134,4132,6.984428223844285,14.477211796246648,57.0,93.0,"Mon, Oct  8, 2018","Thu, Oct 18, 2018"
3715,Easterwood Field,College Station,United States,CLL,KCLL,30.588583,-96.363833,321,-6,A,"College Station/Bryan, TX",197,197,202,202,4.406091370558373,12.543147208121827,8.0,68.0,"Tue, Oct  9, 2018","Fri, Oct 19, 2018"
3876,Charlotte Douglas International,Charlotte,United States,CLT,KCLT,35.214,-80.943139,748,-5,A,"Charlotte, NC",19896,19940,20212,20213,12.290309609971812,19.62693079237715,70.0,103.0,"Thu, Oct 11, 2018","Wed, Oct 24, 2018"
3759,Port Columbus International,Columbus,United States,CMH,KCMH,39.997972,-82.891889,815,-5,A,"Columbus, OH",3976,3976,3995,3997,5.522132796780684,13.941901408450708,50.0,86.0,"Fri, Oct  5, 2018","Sat, Oct  6, 2018"
4049,Champaign,Champaign,United States,CMI,KCMI,40.03925,-88.278056,754,-6,A,"Champaign/Urbana, IL",204,204,204,204,4.916666666666663,12.132352941176471,29.0,56.0,"Fri, Oct 12, 2018","Fri, Oct  5, 2018"
5732,Houghton County Memorial Airport,Hancock,United States,CMX,KCMX,47.1684,-88.4891,1095,-5,A,"Hancock/Houghton, MI",59,59,62,62,4.5423728813559325,17.559322033898304,7.0,38.0,"Sun, Oct 14, 2018","Sat, Oct 20, 2018"
7074,Canyonlands Field,Moab,United States,CNY,KCNY,38.755,-109.754722,4555,-7,A,"Moab, UT",52,52,52,52,4.1730769230769225,15.942307692307697,8.0,28.0,"Fri, Oct 12, 2018","Sun, Oct  7, 2018"
4344,Yellowstone Regional,Cody,United States,COD,KCOD,44.520194,-109.023806,5102,-7,A,"Cody, WY",61,61,62,62,4.360655737704918,19.360655737704924,9.0,60.0,"Fri, Oct 26, 2018","Sun, Oct  7, 2018"
3819,City Of Colorado Springs Municipal,Colorado Springs,United States,COS,KCOS,38.805805,-104.700778,6187,-7,A,"Colorado Springs, CO",840,840,848,849,7.314285714285715,21.65119047619047,41.0,92.0,"Tue, Oct  2, 2018","Tue, Oct  2, 2018"
3719,Columbia Regional,Columbia,United States,COU,KCOU,38.818094,-92.219631,889,-6,A,"Columbia, MO",204,202,206,206,4.205882352941179,15.772277227722785,27.0,61.0,"Mon, Oct 22, 2018","Fri, Oct  5, 2018"
3872,Natrona County International,Casper,United States,CPR,KCPR,42.908,-106.464417,5347,-7,A,"Casper, WY",67,67,67,67,3.5522388059701493,15.164179104477611,8.0,50.0,"Sat, Oct 20, 2018","Sun, Oct 14, 2018"
3744,Corpus Christi International,Corpus Christi,United States,CRP,KCRP,27.770361,-97.501222,44,-6,A,"Corpus Christi, TX",503,502,512,512,4.934393638170977,14.318725099601593,23.0,76.0,"Mon, Oct  8, 2018","Sat, Oct 13, 2018"
4285,Yeager,Charleston,United States,CRW,KCRW,38.373147,-81.593189,981,-5,A,"Charleston/Dunbar, WV",394,394,400,400,3.3883248730964475,12.98477157360406,26.0,67.0,"Mon, Oct 15, 2018","Mon, Oct 22, 2018"
4255,Columbus Metropolitan Airport,Columbus,United States,CSG,KCSG,32.5163333,-84.9388611,397,-5,A,"Columbus, GA",115,115,116,116,3.7739130434782613,16.660869565217403,37.0,52.0,"Fri, Oct 26, 2018","Wed, Oct 10, 2018"
3488,Cincinnati Northern Kentucky International,Cincinnati,United States,CVG,KCVG,39.048836,-84.667822,896,-5,A,"Cincinnati, OH",4317,4321,4338,4341,5.758165392633767,14.592224022217081,36.0,105.0,"Mon, Oct 22, 2018","Sun, Oct 28, 2018"
4045,Central Wisconsin,Wassau,United States,CWA,KCWA,44.772726,-89.646635,840,-6,A,"Mosinee, WI",224,223,226,226,3.59375,16.986547085201803,15.0,49.0,"Mon, Oct 15, 2018","Thu, Oct  4, 2018"
3950,Daytona Beach International,Daytona Beach,United States,DAB,KDAB,29.179917,-81.058056,34,-5,A,"Daytona Beach, FL",295,294,297,297,4.389830508474579,14.193877551020408,27.0,50.0,"Mon, Oct  1, 2018","Mon, Oct 15, 2018"
3502,Dallas Love Field,Dallas,United States,DAL,KDAL,32.847111,-96.851778,487,-6,A,"Dallas, TX",5973,5978,6061,6060,5.123388581952109,13.172131147540979,79.0,111.0,"Mon, Oct  8, 2018","Wed, Oct 31, 2018"
3627,James M. Cox Dayton International,Dayton,United States,DAY,KDAY,39.902375,-84.219375,1009,-5,A,"Dayton, OH",1195,1195,1204,1205,5.0502092050209155,13.86108786610878,20.0,137.0,"Fri, Oct 26, 2018","Fri, Oct  5, 2018"
4388,Dubuque Regional,Dubuque IA,United States,DBQ,KDBQ,42.402,-90.709472,1076,-6,A,"Dubuque, IA",88,88,88,88,4.784090909090907,14.840909090909095,9.0,52.0,"Thu, Oct  4, 2018","Tue, Oct  9, 2018"
3520,Ronald Reagan Washington National,Washington,United States,DCA,KDCA,38.852083,-77.037722,15,-5,A,"Washington, DC",11719,11723,11826,11827,6.771055550814921,19.299411413460657,102.0,164.0,"Thu, Oct 11, 2018","Thu, Oct 11, 2018"
3751,Denver International,Denver,United States,DEN,KDEN,39.861656,-104.673178,5431,-7,A,"Denver, CO",20531,20572,20614,20613,8.278895329014782,16.650301380517163,68.0,166.0,"Sun, Oct 14, 2018","Sun, Oct 14, 2018"
3670,Dallas Fort Worth International,Dallas-fort Worth,United States,DFW,KDFW,32.896828,-97.037997,607,-6,A,"Dallas/Fort Worth, TX",23000,23024,23540,23529,13.0193913043478,19.357670257123015,98.0,165.0,"Mon, Oct  8, 2018","Sat, Oct 13, 2018"
3739,Dothan Regional,Dothan,United States,DHN,KDHN,31.321339,-85.449628,401,-6,A,"Dothan, AL",113,113,116,116,3.2035398230088497,20.43362831858407,9.0,58.0,"Sun, Oct 14, 2018","Sat, Oct 27, 2018"
3598,Duluth International,Duluth,United States,DLH,KDLH,46.842091,-92.193649,1428,-6,A,"Duluth, MN",260,261,262,263,5.230769230769234,19.61302681992337,24.0,82.0,"Mon, Oct  1, 2018","Wed, Oct  3, 2018"
3713,Durango La Plata County,Durango,United States,DRO,KDRO,37.151516,-107.75377,6685,-7,A,"Durango, CO",286,286,291,291,4.426573426573428,15.524475524475518,22.0,108.0,"Thu, Oct 11, 2018","Sun, Oct 14, 2018"
3729,Des Moines International,Des Moines,United States,DSM,KDSM,41.533972,-93.663083,958,-6,A,"Des Moines, IA",1298,1298,1304,1303,5.6178736517719585,14.17103235747303,42.0,64.0,"Fri, Oct  5, 2018","Fri, Oct 12, 2018"
3645,Detroit Metro Wayne County,Detroit,United States,DTW,KDTW,42.212444,-83.353389,645,-5,A,"Detroit, MI",13378,13371,13397,13396,8.204963372701508,17.4707950041134,67.0,110.0,"Fri, Oct  5, 2018","Sat, Oct 27, 2018"
7063,Devils Lake Regional Airport,Devils Lake,United States,DVL,KDVL,48.114444,-98.908611,1445,-6,A,"Devils Lake, ND",50,50,53,53,5.3,20.8,13.0,45.0,"Sun, Oct  7, 2018","Thu, Oct 25, 2018"
6129,Kearney Municipal Airport,Kearney,United States,EAR,EAR,40.727,-99.0068,2131,-6,A,"Kearney, NE",54,54,54,54,3.8703703703703702,17.57407407407407,6.0,52.0,"Fri, Oct 19, 2018","Sun, Oct 14, 2018"
5735,Chippewa Valley Regional Airport,Eau Claire,United States,EAU,KEAU,44.8658,-91.4843,913,-6,A,"Eau Claire, WI",61,61,62,62,3.360655737704918,14.62295081967213,9.0,31.0,"Wed, Oct  3, 2018","Sun, Oct 21, 2018"
7669,Northwest Florida Beaches International,Panama City,United States,ECP,KECP,30.3417,-85.7973,69,-6,A,"Panama City, FL",397,403,511,513,4.083123425692697,14.062034739454099,44.0,62.0,"Mon, Oct 15, 2018","Wed, Oct  3, 2018"
4250,Eagle County Regional,Vail,United States,EGE,KEGE,39.642556,-106.917694,6540,-7,A,"Eagle, CO",87,86,89,89,4.666666666666668,20.34883720930233,11.0,94.0,"Mon, Oct 15, 2018","Thu, Oct 11, 2018"
5736,Elko Regional Airport,Elko,United States,EKO,KEKO,40.8249,-115.792,5140,-8,A,"Elko, NV",58,58,58,58,4.103448275862069,13.758620689655173,6.0,27.0,"Fri, Oct 19, 2018","Tue, Oct 16, 2018"
3946,Elmira Corning Regional,Elmira,United States,ELM,KELM,42.159889,-76.891611,954,-5,A,"Elmira/Corning, NY",21,21,21,21,5.428571428571429,10.666666666666666,11.0,16.0,"Wed, Oct 24, 2018","Sat, Oct 27, 2018"
3559,El Paso International,El Paso,United States,ELP,KELP,31.80725,-106.377583,3958,-7,A,"El Paso, TX",1475,1472,1485,1485,3.913220338983051,13.77241847826087,21.0,83.0,"Sat, Oct 27, 2018","Tue, Oct  2, 2018"
4276,Erie International-Tom Ridge Field,Erie,United States,ERI,KERI,42.082022,-80.176217,733,-5,A,"Erie, PA",89,89,89,89,3.235955056179775,17.359550561797757,20.0,51.0,"Sun, Oct  7, 2018","Wed, Oct 17, 2018"
6800,Delta County Airport,Escanaba,United States,ESC,KESC,45.722778,-87.093611,609,-5,A,"Escanaba, MI",53,53,54,54,3.943396226415094,14.773584905660382,7.0,43.0,"Fri, Oct 12, 2018","Mon, Oct  1, 2018"
4099,Mahlon Sweet Field,Eugene,United States,EUG,KEUG,44.124583,-123.211972,374,-8,A,"Eugene, OR",334,335,334,335,4.667664670658686,13.671641791044776,18.0,66.0,"Mon, Oct  1, 2018","Wed, Oct 24, 2018"
4018,Evansville Regional,Evansville,United States,EVV,KEVV,38.036997,-87.532364,418,-6,A,"Evansville, IN",386,388,390,390,4.2616580310880785,16.23453608247423,20.0,119.0,"Mon, Oct 22, 2018","Sat, Oct 20, 2018"
3730,Craven County Regional,New Bern,United States,EWN,KEWN,35.072972,-77.042944,18,-5,A,"New Bern/Morehead/Beaufort, NC",208,209,212,212,3.2259615384615383,13.4688995215311,11.0,40.0,"Fri, Oct 26, 2018","Sat, Oct  6, 2018"
3494,Newark Liberty International,Newark,United States,EWR,KEWR,40.6925,-74.168667,18,-5,A,"Newark, NJ",12350,12349,12433,12424,9.159028340080958,22.73657786055548,83.0,149.0,"Wed, Oct  3, 2018","Tue, Oct  2, 2018"
3875,Key West International,Key West,United States,EYW,KEYW,24.556111,-81.759556,3,-5,A,"Key West, FL",323,323,324,324,4.0092879256965945,11.681114551083592,19.0,72.0,"Wed, Oct 31, 2018","Mon, Oct 15, 2018"
3832,Fairbanks International,Fairbanks,United States,FAI,PAFA,64.815114,-147.856267,434,-9,A,"Fairbanks, AK",379,379,386,386,3.5804749340369404,13.361477572559366,15.0,107.0,"Thu, Oct 25, 2018","Tue, Oct 23, 2018"
4292,Hector International Airport,Fargo,United States,FAR,KFAR,46.92065,-96.8157639,902,-6,A,"Fargo, ND",478,479,481,483,5.228033472803348,16.972860125260947,41.0,77.0,"Wed, Oct 10, 2018","Tue, Oct  9, 2018"
3687,Fresno Yosemite International,Fresno,United States,FAT,KFAT,36.776194,-119.71814,336,-8,A,"Fresno, CA",1039,1037,1044,1044,5.333012512030804,15.054001928640309,47.0,59.0,"Thu, Oct  4, 2018","Mon, Oct  8, 2018"
5738,Fayetteville Regional-Grannis Field,Fayetteville,United States,FAY,KFAY,34.9912,-78.8803,189,-5,A,"Fayetteville, NC",337,336,344,344,4.495548961424327,16.892857142857142,22.0,60.0,"Fri, Oct 12, 2018","Mon, Oct  8, 2018"
4127,Glacier Park International,Kalispell,United States,FCA,KFCA,48.310472,-114.256,2977,-7,A,"Kalispell, MT",158,159,158,159,3.5063291139240507,15.45911949685535,7.0,43.0,"Tue, Oct 23, 2018","Wed, Oct 17, 2018"
4261,Flagstaff Pulliam Airport,Flagstaff,United States,FLG,KFLG,35.140318,-111.6692392,7015,-7,N,"Flagstaff, AZ",90,90,91,91,3.866666666666667,22.8,7.0,65.0,"Tue, Oct 23, 2018","Sat, Oct 13, 2018"
3533,Fort Lauderdale Hollywood International,Fort Lauderdale,United States,FLL,KFLL,26.072583,-80.15275,9,-5,A,"Fort Lauderdale, FL",7532,7538,7556,7553,5.792485395645249,15.15945874237198,63.0,89.0,"Sat, Oct 13, 2018","Tue, Oct  9, 2018"
4089,Bishop International,Flint,United States,FNT,KFNT,42.965424,-83.743629,782,-5,A,"Flint, MI",351,351,356,356,4.643874643874644,13.085470085470083,15.0,79.0,"Thu, Oct 25, 2018","Fri, Oct  5, 2018"
4009,Sioux Falls,Sioux Falls,United States,FSD,KFSD,43.582014,-96.741914,1429,-6,A,"Sioux Falls, SD",633,633,651,652,5.284360189573459,18.112164296998397,36.0,145.0,"Mon, Oct 15, 2018","Sun, Oct 14, 2018"
3437,Fort Smith Regional,Fort Smith,United States,FSM,KFSM,35.336583,-94.367444,469,-6,A,"Fort Smith, AR",171,172,173,173,3.7309941520467844,17.122093023255808,10.0,69.0,"Tue, Oct  9, 2018","Mon, Oct  8, 2018"
4041,Fort Wayne,Fort Wayne,United States,FWA,KFWA,40.978472,-85.195139,815,-5,A,"Fort Wayne, IN",611,612,617,617,5.780687397708673,16.452614379084952,45.0,124.0,"Mon, Oct 22, 2018","Wed, Oct 31, 2018"
4296,Gillette-Campbell County Airport,Gillette,United States,GCC,KGCC,44.3489167,-105.5393611,4365,-7,A,"Gillette, WY",62,62,62,62,5.225806451612904,20.612903225806456,8.0,100.0,"Sat, Oct 13, 2018","Sun, Oct 14, 2018"
3497,Garden City Regional,Garden City,United States,GCK,KGCK,37.927528,-100.724417,2891,-6,A,"Garden City, KS",59,59,62,62,4.0338983050847474,13.23728813559322,9.0,47.0,"Sat, Oct  6, 2018","Sun, Oct 14, 2018"
3467,Spokane International,Spokane,United States,GEG,KGEG,47.619861,-117.533833,2376,-8,A,"Spokane, WA",1147,1147,1153,1153,3.8265039232781177,14.784655623365301,14.0,121.0,"Sat, Oct 27, 2018","Fri, Oct 19, 2018"
3442,Grand Forks International,Grand Forks,United States,GFK,KGFK,47.949256,-97.176111,845,-6,A,"Grand Forks, ND",187,187,187,187,4.187165775401068,19.18716577540107,11.0,84.0,"Thu, Oct 25, 2018","Tue, Oct  9, 2018"
3465,East Texas Regional,Longview,United States,GGG,KGGG,32.384014,-94.711486,365,-6,A,"Longview, TX",75,75,77,77,4.2799999999999985,15.840000000000005,11.0,58.0,"Sat, Oct  6, 2018","Wed, Oct 17, 2018"
4063,Grand Junction Regional,Grand Junction,United States,GJT,KGJT,39.122413,-108.526735,4858,-7,A,"Grand Junction, CO",321,323,323,326,3.791277258566978,14.557275541795665,21.0,47.0,"Mon, Oct 22, 2018","Fri, Oct 12, 2018"
3472,Gainesville Regional,Gainesville,United States,GNV,KGNV,29.690056,-82.271778,152,-5,A,"Gainesville, FL",399,396,401,401,4.160401002506264,12.805555555555555,24.0,49.0,"Mon, Oct 15, 2018","Fri, Oct 26, 2018"
4038,Gulfport-Biloxi,Gulfport,United States,GPT,KGPT,30.407278,-89.070111,28,-6,A,"Gulfport/Biloxi, MS",349,350,354,354,4.303724928366762,13.480000000000006,10.0,76.0,"Mon, Oct 15, 2018","Tue, Oct 30, 2018"
3653,Austin Straubel International,Green Bay,United States,GRB,KGRB,44.485072,-88.129589,695,-6,A,"Green Bay, WI",507,508,509,510,4.0966469428007946,14.535433070866144,22.0,81.0,"Wed, Oct 10, 2018","Sat, Oct 20, 2018"
5740,Central Nebraska Regional Airport,Grand Island,United States,GRI,KGRI,40.9675,-98.3096,1847,-6,A,"Grand Island, NE",82,81,83,83,5.109756097560975,11.975308641975314,43.0,36.0,"Mon, Oct  8, 2018","Sat, Oct 13, 2018"
3775,Robert Gray AAF,Killeen,United States,GRK,KGRK,31.06725,-97.828917,1015,-6,A,"Killeen, TX",256,256,259,259,4.101562499999998,17.83203125,20.0,61.0,"Sun, Oct 14, 2018","Mon, Oct  1, 2018"
3685,Gerald R. Ford International,Grand Rapids,United States,GRR,KGRR,42.880833,-85.522806,794,-5,A,"Grand Rapids, MI",1520,1519,1526,1526,5.975657894736847,14.219223173140229,44.0,96.0,"Sat, Oct  6, 2018","Thu, Oct 18, 2018"
4008,Piedmont Triad,Greensboro,United States,GSO,KGSO,36.09775,-79.937306,925,-5,A,"Greensboro/High Point, NC",1109,1108,1130,1130,6.9477006311992815,19.24458483754512,37.0,118.0,"Sun, Oct  7, 2018","Mon, Oct  8, 2018"
4034,Greenville-Spartanburg International,Greenville,United States,GSP,KGSP,34.895556,-82.218889,964,-5,A,"Greer, SC",1322,1323,1329,1331,4.0854765506807835,15.101284958427815,46.0,73.0,"Wed, Oct 24, 2018","Fri, Oct 26, 2018"
3880,Great Falls International,Great Falls,United States,GTF,KGTF,47.482,-111.370689,3677,-7,A,"Great Falls, MT",167,167,167,167,3.81437125748503,13.532934131736521,8.0,55.0,"Thu, Oct  4, 2018","Sat, Oct 13, 2018"
4273,Golden Triangle Regional Airport,Columbus Mississippi,United States,GTR,KGTR,33.450333,-88.591361,264,-6,A,"Columbus, MS",89,89,89,89,3.2808988764044944,17.865168539325843,8.0,54.0,"Mon, Oct 22, 2018","Fri, Oct 26, 2018"
4339,Yampa Valley,Hayden,United States,HDN,KHDN,40.481181,-107.21766,6602,-7,A,"Hayden, CO",1,1,1,1,6.0,14.0,6.0,14.0,"Tue, Oct  2, 2018","Tue, Oct  2, 2018"
6739,Hagerstown Regional-Richard A. Henson Field,Hagerstown,United States,HGR,KHGR,39.7079,-77.7295,704,-5,A,"Hagerstown, MD",9,9,9,9,5.666666666666667,7.444444444444445,7.0,12.0,"Fri, Oct 26, 2018","Mon, Oct 29, 2018"
7002,Hilton Head,Hilton Head,United States,HHH,KHHH,32.216,-80.752,10,-5,U,"Hilton Head, SC",90,89,93,93,6.488888888888889,19.550561797752806,12.0,58.0,"Mon, Oct 29, 2018","Tue, Oct  2, 2018"
3650,Chisholm Hibbing,Hibbing,United States,HIB,KHIB,47.3866,-92.838994,1353,-6,A,"Hibbing, MN",54,54,54,54,4.351851851851855,15.074074074074074,20.0,45.0,"Wed, Oct 24, 2018","Wed, Oct 10, 2018"
3504,Helena Regional,Helena,United States,HLN,KHLN,46.606806,-111.98275,3877,-7,A,"Helena, MT",177,177,177,177,3.327683615819209,19.141242937853118,12.0,56.0,"Thu, Oct 18, 2018","Sat, Oct 13, 2018"
3728,Honolulu International,Honolulu,United States,HNL,PHNL,21.318681,-157.922428,13,-10,N,"Honolulu, HI",4094,4095,4100,4101,7.0341963849535905,15.443711843711846,61.0,127.0,"Sun, Oct 28, 2018","Sat, Oct 27, 2018"
3749,Lea County Regional,Hobbs,United States,HOB,KHOB,32.687528,-103.217028,3661,-7,A,"Hobbs, NM",57,58,58,58,4.614035087719298,12.06896551724138,11.0,34.0,"Wed, Oct  3, 2018","Tue, Oct 23, 2018"
3566,William P. Hobby,Houston,United States,HOU,KHOU,29.645419,-95.278889,46,-6,A,"Houston, TX",4852,4856,4934,4934,5.292868920032966,12.172364085667203,53.0,89.0,"Mon, Oct 15, 2018","Sat, Oct 13, 2018"
3589,Westchester County,White Plains,United States,HPN,KHPN,41.066959,-73.707575,439,-5,A,"White Plains, NY",835,838,866,861,6.51377245508982,17.46062052505968,96.0,86.0,"Tue, Oct  2, 2018","Tue, Oct  2, 2018"
3560,Valley International,Harlingen,United States,HRL,KHRL,26.2285,-97.654389,36,-6,A,"Harlingen/San Benito, TX",286,286,288,288,3.2027972027972047,12.524475524475527,18.0,99.0,"Wed, Oct 10, 2018","Mon, Oct 15, 2018"
4113,Huntsville International Airport-Carl T. Jones Field,Huntsville,United States,HSV,KHSV,34.6371944,-86.7750556,629,-6,A,"Huntsville, AL",764,761,776,776,5.078534031413608,15.060446780551903,19.0,61.0,"Tue, Oct  2, 2018","Tue, Oct  9, 2018"
5742,TriState-Milton J. Ferguson Field,Huntington,United States,HTS,KHTS,38.3667,-82.558,828,-5,A,"Ashland, WV",59,59,61,62,4.23728813559322,10.23728813559322,8.0,28.0,"Wed, Oct  3, 2018","Sun, Oct  7, 2018"
4006,Tweed-New Haven Airport,New Haven,United States,HVN,KHVN,41.26375,-72.886806,14,-5,A,"New Haven, CT",86,86,89,89,3.36046511627907,9.534883720930237,6.0,68.0,"Thu, Oct  4, 2018","Mon, Oct 15, 2018"
7014,Hays Regional Airport,Hays,United States,HYS,KHYS,38.8422,-99.2732,1998,-5,A,"Hays, KS",108,108,108,108,4.07407407407407,14.712962962962964,8.0,51.0,"Thu, Oct 18, 2018","Sun, Oct 14, 2018"
3714,Washington Dulles International,Washington,United States,IAD,KIAD,38.944533,-77.455811,313,-5,A,"Washington, DC",6174,6189,6207,6217,6.035957240038859,19.54823073194374,48.0,110.0,"Fri, Oct 19, 2018","Thu, Oct 11, 2018"
3630,Niagara Falls International,Niagara Falls,United States,IAG,KIAG,43.107333,-78.946194,589,-5,A,"Niagara Falls, NY",61,62,61,62,7.918032786885246,12.112903225806454,12.0,25.0,"Wed, Oct 24, 2018","Wed, Oct 10, 2018"
3550,George Bush Intercontinental Houston,Houston,United States,IAH,KIAH,29.984433,-95.341442,97,-6,A,"Houston, TX",14809,14809,14889,14890,8.390100614491201,20.76102370180294,121.0,170.0,"Wed, Oct 31, 2018","Wed, Oct 31, 2018"
3457,Wichita Mid Continent,Wichita,United States,ICT,KICT,37.649944,-97.433056,1333,-6,A,"Wichita, KS",977,977,989,990,4.352098259979535,13.883316274309111,19.0,98.0,"Mon, Oct  8, 2018","Wed, Oct  3, 2018"
4100,Idaho Falls Regional,Idaho Falls,United States,IDA,KIDA,43.514556,-112.07075,4744,-7,A,"Idaho Falls, ID",146,146,146,146,3.9246575342465753,12.938356164383562,19.0,44.0,"Tue, Oct  9, 2018","Sun, Oct  7, 2018"
3845,Wilmington International,Wilmington,United States,ILM,KILM,34.270615,-77.902569,32,-5,A,"Wilmington, NC",532,532,544,544,4.208646616541358,14.657894736842106,22.0,63.0,"Wed, Oct  3, 2018","Fri, Oct 26, 2018"
6837,Ford Airport,Iron Mountain,United States,IMT,KIMT,45.8183611,-88.1145556,1182,-5,A,"Iron Mountain/Kingsfd, MI",58,58,58,58,4.3793103448275845,13.862068965517242,10.0,53.0,"Wed, Oct 17, 2018","Fri, Oct 12, 2018"
3585,Indianapolis International,Indianapolis,United States,IND,KIND,39.717331,-86.294383,797,-5,A,"Indianapolis, IN",4275,4274,4293,4293,6.267836257309945,14.180627047262512,42.0,96.0,"Mon, Oct 22, 2018","Tue, Oct 30, 2018"
3535,Falls International,International Falls,United States,INL,KINL,48.566186,-93.403067,1185,-6,A,"International Falls, MN",52,52,52,52,4.115384615384614,20.9423076923077,7.0,88.0,"Thu, Oct 11, 2018","Wed, Oct  3, 2018"
3659,Sloulin Field International,Williston,United States,ISN,KISN,48.177939,-103.642347,1982,-7,A,"Williston, ND",138,139,138,139,6.15217391304348,26.66906474820144,23.0,73.0,"Mon, Oct 15, 2018","Fri, Oct  5, 2018"
3857,Long Island MacArthur,Islip,United States,ISP,KISP,40.79525,-73.100222,99,-5,A,"Islip, NY",398,398,398,399,4.3065326633165775,10.489949748743713,49.0,82.0,"Wed, Oct 17, 2018","Tue, Oct  2, 2018"
3947,Ithaca Tompkins Regional,Ithaca,United States,ITH,KITH,42.491028,-76.458444,1099,-5,A,"Ithaca/Cortland, NY",89,89,89,89,3.2134831460674165,18.764044943820224,6.0,72.0,"Fri, Oct 19, 2018","Thu, Oct 18, 2018"
3415,Hilo International,Hilo,United States,ITO,PHTO,19.721375,-155.048469,38,-10,N,"Hilo, HI",538,536,539,539,5.591078066914498,9.132462686567168,10.0,25.0,"Fri, Oct 19, 2018","Sat, Oct 27, 2018"
4027,Jackson Hole Airport,Jacksn Hole,United States,JAC,KJAC,43.60733333,-110.73775,6451,-7,A,"Jackson, WY",223,226,225,227,3.502242152466368,16.110619469026545,34.0,51.0,"Mon, Oct  1, 2018","Mon, Oct  1, 2018"
3580,Jackson Evers International,Jackson,United States,JAN,KJAN,32.311167,-90.075889,346,-6,A,"Jackson/Vicksburg, MS",711,709,726,725,4.710267229254573,14.703808180535965,34.0,91.0,"Fri, Oct 26, 2018","Mon, Oct  1, 2018"
3712,Jacksonville International,Jacksonville,United States,JAX,KJAX,30.494056,-81.687861,30,-5,A,"Jacksonville, FL",2812,2807,2823,2824,5.393314366998564,13.47381546134664,51.0,96.0,"Sat, Oct 27, 2018","Thu, Oct 11, 2018"
3797,John F. Kennedy International,New York,United States,JFK,KJFK,40.639751,-73.778925,13,-5,A,"New York, NY",10966,10983,11010,11016,9.45011854823999,24.822452881726356,67.0,141.0,"Thu, Oct 11, 2018","Tue, Oct  2, 2018"
4354,Joplin Regional,Joplin,United States,JLN,KJLN,37.151814,-94.498269,981,-6,A,"Joplin, MO",62,62,62,62,3.9193548387096775,17.967741935483875,9.0,47.0,"Mon, Oct 22, 2018","Wed, Oct 31, 2018"
5745,Jamestown Regional Airport,Jamestown,United States,JMS,KJMS,46.9297,-98.6782,1498,-6,A,"Jamestown, ND",77,77,85,84,4.4155844155844175,15.935064935064934,7.0,86.0,"Thu, Oct 18, 2018","Sun, Oct  7, 2018"
3492,Juneau International,Juneau,United States,JNU,PAJN,58.354972,-134.576278,21,-9,A,"Juneau, AK",327,329,331,331,4.003058103975535,12.237082066869299,9.0,33.0,"Thu, Oct 18, 2018","Tue, Oct 30, 2018"
3514,Kona International At Keahole,Kona,United States,KOA,PHKO,19.738767,-156.045631,47,-10,N,"Kona, HI",1151,1152,1154,1154,4.784535186794099,11.047743055555566,15.0,31.0,"Sat, Oct  6, 2018","Sat, Oct 27, 2018"
3808,Ketchikan International,Ketchikan,United States,KTN,PAKT,55.355556,-131.71375,88,-9,A,"Ketchikan, AK",182,182,182,182,4.313186813186815,10.456043956043963,17.0,43.0,"Fri, Oct 12, 2018","Thu, Oct 18, 2018"
3544,Capital City,Lansing,United States,LAN,KLAN,42.7787,-84.587357,861,-5,A,"Lansing, MI",346,346,347,347,4.300578034682081,15.942196531791923,18.0,105.0,"Thu, Oct 18, 2018","Tue, Oct 30, 2018"
5746,Laramie Regional Airport,Laramie,United States,LAR,KLAR,41.3121,-105.675,7284,-7,A,"Laramie, WY",54,54,54,54,4.648148148148148,23.925925925925927,7.0,71.0,"Fri, Oct 12, 2018","Fri, Oct 26, 2018"
3877,McCarran International,Las Vegas,United States,LAS,KLAS,36.080056,-115.15225,2141,-8,A,"Las Vegas, NV",13999,14003,14046,14045,6.9512108007714835,15.38670284938942,78.0,96.0,"Fri, Oct 12, 2018","Sat, Oct 13, 2018"
4256,Lawton-Fort Sill Regional Airport,Lawton,United States,LAW,KLAW,34.5677144,-98.4166367,1110,-6,A,"Lawton/Fort Sill, OK",110,109,115,115,3.609090909090909,17.633027522935773,23.0,82.0,"Wed, Oct 17, 2018","Sun, Oct  7, 2018"
3484,Los Angeles International,Los Angeles,United States,LAX,KLAX,33.942536,-118.408075,126,-8,A,"Los Angeles, CA",18470,18469,18575,18565,11.236978884677894,18.315609940982032,89.0,119.0,"Mon, Oct  8, 2018","Thu, Oct 18, 2018"
3829,Lubbock Preston Smith International,Lubbock,United States,LBB,KLBB,33.663639,-101.822778,3282,-6,A,"Lubbock, TX",519,520,526,527,4.797687861271674,13.79807692307692,81.0,70.0,"Fri, Oct  5, 2018","Tue, Oct  9, 2018"
5747,Arnold Palmer Regional Airport,Latrobe,United States,LBE,KLBE,40.2759,-79.4048,1185,-5,A,"Latrobe, PA",78,78,78,78,6.512820512820513,11.102564102564102,12.0,25.0,"Sat, Oct 20, 2018","Fri, Oct 19, 2018"
5748,North Platte Regional Airport-Lee Bird Field,North Platte,United States,LBF,KLBF,41.1262,-100.684,2776,-6,A,"North Platte, NE",54,54,54,54,4.722222222222221,15.685185185185185,9.0,47.0,"Thu, Oct  4, 2018","Sun, Oct 14, 2018"
4341,Liberal Municipal,Liberal,United States,LBL,KLBL,37.044222,-100.95986,2885,-6,A,"Liberal, KS",53,53,54,54,4.547169811320756,14.924528301886792,7.0,34.0,"Tue, Oct 23, 2018","Mon, Oct  8, 2018"
3513,Lake Charles Regional,Lake Charles,United States,LCH,KLCH,30.126112,-93.223335,15,-6,A,"Lake Charles, LA",164,165,168,168,4.981707317073172,14.757575757575758,12.0,73.0,"Wed, Oct 10, 2018","Sun, Oct  7, 2018"
3674,Rickenbacker International,Columbus,United States,LCK,KLCK,39.813786,-82.927822,744,-5,A,"Columbus, OH",73,73,73,73,5.123287671232878,12.726027397260275,7.0,42.0,"Thu, Oct  4, 2018","Thu, Oct 11, 2018"
4017,Blue Grass,Lexington KY,United States,LEX,KLEX,38.0365,-84.605889,979,-5,A,"Lexington, KY",921,919,925,926,4.745928338762212,16.349292709466813,18.0,122.0,"Sat, Oct 13, 2018","Sat, Oct 20, 2018"
3493,Lafayette Regional,Lafayette,United States,LFT,KLFT,30.205278,-91.987611,43,-6,A,"Lafayette, LA",409,407,410,410,5.276283618581906,16.130221130221134,22.0,68.0,"Sun, Oct 14, 2018","Sun, Oct  7, 2018"
3697,LaGuardia Airport,New York,United States,LGA,KLGA,40.777245,-73.872608,22,-5,A,"New York, NY",14639,14665,14844,14848,8.833663501605322,25.647187180361396,105.0,163.0,"Mon, Oct 29, 2018","Tue, Oct 23, 2018"
3582,Long Beach,Long Beach,United States,LGB,KLGB,33.817722,-118.151611,60,-8,A,"Long Beach, CA",1255,1256,1260,1260,4.110756972111553,13.043789808917188,38.0,80.0,"Sun, Oct  7, 2018","Sun, Oct 28, 2018"
3602,Lihue,Lihue,United States,LIH,PHLI,21.975983,-159.338958,153,-10,N,"Lihue, HI",1138,1138,1139,1139,6.198594024604574,11.078207381370822,35.0,106.0,"Sun, Oct 28, 2018","Sat, Oct 27, 2018"
3660,Adams Field,Little Rock,United States,LIT,KLIT,34.729444,-92.224306,262,-6,A,"Little Rock, AR",1092,1092,1100,1099,4.917582417582411,13.486263736263739,44.0,107.0,"Thu, Oct  4, 2018","Sat, Oct 13, 2018"
3543,Lincoln,Lincoln,United States,LNK,KLNK,40.850971,-96.75925,1219,-6,A,"Lincoln, NE",141,141,141,141,3.8865248226950353,17.93617021276596,9.0,76.0,"Sun, Oct 28, 2018","Tue, Oct 30, 2018"
3691,Laredo International,Laredo,United States,LRD,KLRD,27.54375,-99.461556,508,-6,A,"Laredo, TX",199,198,204,204,4.663316582914573,15.570707070707071,17.0,99.0,"Wed, Oct  3, 2018","Mon, Oct  1, 2018"
4044,LaCrosse Municipal,LaCrosse,United States,LSE,KLSE,43.878986,-91.256711,654,-6,A,"La Crosse, WI",181,181,181,181,3.569060773480663,17.022099447513813,9.0,99.0,"Wed, Oct 31, 2018","Tue, Oct  9, 2018"
6958,Greenbrier Valley Airport,Lewisburg,United States,LWB,KLWB,37.858333,-80.399444,2302,-5,U,"Lewisburg, WV",54,54,54,54,4.222222222222222,17.46296296296297,18.0,63.0,"Wed, Oct 10, 2018","Sun, Oct 28, 2018"
3945,Lewiston Nez Perce County,Lewiston,United States,LWS,KLWS,46.3745,-117.015389,1442,-8,A,"Lewiston, ID",79,79,79,79,4.0,9.936708860759497,6.0,26.0,"Mon, Oct 22, 2018","Sat, Oct  6, 2018"
5753,Lynchburg Regional-Preston Glenn Field,Lynchburg,United States,LYH,KLYH,37.3267,-79.2004,938,-5,A,"Lynchburg, VA",70,71,71,72,3.6285714285714286,15.070422535211268,8.0,37.0,"Mon, Oct  1, 2018","Mon, Oct  8, 2018"
3652,Midland International,Midland,United States,MAF,KMAF,31.942528,-102.201914,2871,-6,A,"Midland/Odessa, TX",739,739,766,767,4.5872801082544035,13.411366711772668,89.0,90.0,"Tue, Oct  9, 2018","Sun, Oct  7, 2018"
4128,MBS International,Saginaw,United States,MBS,KMBS,43.532913,-84.079647,668,-5,A,"Saginaw/Bay City/Midland, MI",201,201,201,201,4.313432835820895,17.24378109452736,8.0,60.0,"Sun, Oct 28, 2018","Sat, Oct  6, 2018"
3458,Kansas City International,Kansas City,United States,MCI,KMCI,39.297606,-94.713905,1026,-6,A,"Kansas City, MO",4892,4893,4911,4912,5.031275551921505,12.067238912732444,45.0,112.0,"Sun, Oct  7, 2018","Sat, Oct 13, 2018"
3878,Orlando International,Orlando,United States,MCO,KMCO,28.429394,-81.308994,96,-5,A,"Orlando, FL",10906,10914,10950,10950,9.064918393544872,15.259391607110137,82.0,83.0,"Sat, Oct 20, 2018","Wed, Oct 31, 2018"
3542,Harrisburg International,Harrisburg,United States,MDT,KMDT,40.193494,-76.763403,310,-5,A,"Harrisburg, PA",559,558,562,562,5.173524150268335,14.394265232974911,21.0,116.0,"Sat, Oct 27, 2018","Mon, Oct  8, 2018"
3747,Chicago Midway International,Chicago,United States,MDW,KMDW,41.785972,-87.752417,620,-6,A,"Chicago, IL",7501,7498,7520,7518,5.686441807758966,11.72325953587623,68.0,78.0,"Sun, Oct  7, 2018","Sat, Oct  6, 2018"
4335,Key Field,Meridian,United States,MEI,KMEI,32.332624,-88.751868,297,-6,A,"Meridian, MS",92,91,93,93,4.7499999999999964,14.43956043956044,8.0,38.0,"Sat, Oct 13, 2018","Wed, Oct 10, 2018"
3473,Memphis International,Memphis,United States,MEM,KMEM,35.042417,-89.976667,341,-6,A,"Memphis, TN",2001,2001,2010,2010,5.129435282358819,14.551724137931034,48.0,100.0,"Thu, Oct 11, 2018","Sun, Oct  7, 2018"
3826,McAllen Miller International,Mcallen,United States,MFE,KMFE,26.175833,-98.238611,107,-6,A,"Mission/McAllen/Edinburg, TX",387,387,397,397,3.7829457364341073,13.266149870801028,27.0,86.0,"Fri, Oct 12, 2018","Fri, Oct 19, 2018"
4101,Rogue Valley International Medford,Medford,United States,MFR,KMFR,42.374228,-122.8735,1335,-8,A,"Medford, OR",376,377,376,378,4.79521276595745,13.923076923076923,56.0,54.0,"Thu, Oct 11, 2018","Fri, Oct 26, 2018"
4115,Montgomery Regional Airport ,MONTGOMERY,United States,MGM,KMGM,32.3006389,-86.3939722,221,-6,A,"Montgomery, AL",321,322,322,323,3.1308411214953287,18.17701863354038,16.0,103.0,"Mon, Oct 15, 2018","Mon, Oct 29, 2018"
4050,Manhattan Regional,Manhattan,United States,MHK,KMHK,39.140972,-96.670833,1057,-6,A,"Manhattan/Ft. Riley, KS",146,146,152,151,4.054794520547945,12.219178082191782,26.0,45.0,"Sat, Oct  6, 2018","Fri, Oct  5, 2018"
4011,Manchester Regional Airport,Manchester NH,United States,MHT,KMHT,42.932556,-71.435667,266,-5,A,"Manchester, NH",775,774,778,777,4.513548387096775,13.84108527131783,22.0,77.0,"Wed, Oct 17, 2018","Sat, Oct 27, 2018"
3576,Miami International,Miami,United States,MIA,KMIA,25.79325,-80.290556,8,-5,A,"Miami, FL",6908,6911,6939,6936,8.499131441806577,17.65243814209223,60.0,80.0,"Thu, Oct  4, 2018","Thu, Oct 11, 2018"
3717,General Mitchell International,Milwaukee,United States,MKE,KMKE,42.947222,-87.896583,723,-6,A,"Milwaukee, WI",2553,2555,2567,2570,4.963963963963959,12.929549902152653,86.0,80.0,"Fri, Oct  5, 2018","Fri, Oct  5, 2018"
5754,Muskegon County Airport,Muskegon,United States,MKG,KMKG,43.1695,-86.2382,628,-5,A,"Muskegon, MI",62,61,62,61,4.596774193548389,18.508196721311474,11.0,51.0,"Tue, Oct 23, 2018","Wed, Oct 10, 2018"
3671,Melbourne International,Melbourne,United States,MLB,KMLB,28.102753,-80.645258,33,-5,A,"Melbourne, FL",206,207,208,208,3.796116504854369,13.415458937198068,15.0,35.0,"Thu, Oct 11, 2018","Wed, Oct 17, 2018"
4072,Quad City International,Moline,United States,MLI,KMLI,41.448528,-90.507539,590,-6,A,"Moline, IL",433,433,437,437,6.277136258660508,14.658198614318707,32.0,59.0,"Mon, Oct 15, 2018","Sat, Oct 20, 2018"
3732,Monroe Regional,Monroe,United States,MLU,KMLU,32.510864,-92.037689,79,-6,A,"Monroe, LA",266,266,270,270,4.394736842105265,13.105263157894736,19.0,96.0,"Sat, Oct 13, 2018","Wed, Oct 31, 2018"
3782,Mobile Regional,Mobile,United States,MOB,KMOB,30.691231,-88.242814,219,-6,A,"Mobile, AL",530,531,540,540,4.064150943396226,15.237288135593216,25.0,84.0,"Tue, Oct  9, 2018","Fri, Oct 19, 2018"
3498,Minot International,Minot,United States,MOT,KMOT,48.259378,-101.280333,1716,-6,A,"Minot, ND",219,219,219,219,5.712328767123285,19.223744292237452,28.0,90.0,"Wed, Oct 10, 2018","Tue, Oct  9, 2018"
6838,Sawyer International Airport,Marquette,United States,MQT,KMQT,46.353611,-87.395278,1221,-5,A,"Marquette, MI",123,123,124,124,4.447154471544715,16.203252032520336,8.0,101.0,"Fri, Oct 19, 2018","Sat, Oct 20, 2018"
3948,Monterey Peninsula,Monterey,United States,MRY,KMRY,36.587,-121.842944,257,-8,A,"Monterey, CA",387,386,390,389,3.392764857881137,16.626943005181356,8.0,82.0,"Sat, Oct 13, 2018","Fri, Oct 26, 2018"
3459,Dane County Regional-Truax Field,Madison,United States,MSN,KMSN,43.139858,-89.337514,887,-6,A,"Madison, WI",1323,1324,1333,1334,4.852607709750567,14.3202416918429,44.0,118.0,"Mon, Oct  1, 2018","Fri, Oct  5, 2018"
4216,Missoula International,Missoula,United States,MSO,KMSO,46.916306,-114.090556,3205,-7,A,"Missoula, MT",296,297,297,298,5.841216216216216,14.319865319865324,30.0,55.0,"Wed, Oct 17, 2018","Mon, Oct  8, 2018"
3858,Minneapolis St. Paul International,Minneapolis,United States,MSP,KMSP,44.881956,-93.221767,841,-6,A,"Minneapolis, MN",13709,13703,13733,13722,5.69735210445692,17.943151134788053,60.0,121.0,"Mon, Oct  8, 2018","Sun, Oct 14, 2018"
3861,Louis Armstrong New Orleans International,New Orleans,United States,MSY,KMSY,29.993389,-90.258028,4,-6,A,"New Orleans, LA",4684,4682,4701,4696,4.996157130657553,12.148654421187551,57.0,126.0,"Sat, Oct  6, 2018","Thu, Oct 11, 2018"
6880,Montrose Regional Airport,Montrose CO,United States,MTJ,KMTJ,38.509794,-107.894242,5759,-7,A,"Montrose/Delta, CO",56,55,58,58,4.178571428571429,13.945454545454545,7.0,25.0,"Wed, Oct 31, 2018","Tue, Oct 16, 2018"
4265,Martha's Vineyard,Vineyard Haven MA,United States,MVY,KMVY,41.391667,-70.615278,67,-5,A,"Martha's Vineyard, MA",11,11,11,11,3.090909090909091,16.454545454545453,5.0,30.0,"Sat, Oct  6, 2018","Fri, Oct  5, 2018"
3515,Myrtle Beach International,Myrtle Beach,United States,MYR,KMYR,33.67975,-78.928333,25,-5,A,"Myrtle Beach, SC",1039,1039,1051,1051,4.789220404234838,12.912415784408084,51.0,104.0,"Fri, Oct 12, 2018","Sat, Oct 27, 2018"
4386,Albert J. Ellis,Jacksonville NC,United States,OAJ,KOAJ,34.829164,-77.612139,94,-5,A,"Jacksonville/Camp Lejeune, NC",235,234,235,235,3.382978723404255,17.32905982905981,10.0,50.0,"Wed, Oct 17, 2018","Wed, Oct 10, 2018"
3453,Metropolitan Oakland International,Oakland,United States,OAK,KOAK,37.721278,-122.220722,9,-8,A,"Oakland, CA",4465,4472,4514,4515,5.846136618141108,12.234347048300545,43.0,85.0,"Fri, Oct  5, 2018","Fri, Oct 12, 2018"
3456,Kahului,Kahului,United States,OGG,PHOG,20.89865,-156.430458,54,-10,N,"Kahului, HI",2047,2046,2051,2052,6.239374694675135,10.20430107526881,55.0,71.0,"Sat, Oct 13, 2018","Mon, Oct  1, 2018"
3724,Ogdensburg International,Ogdensburg,United States,OGS,KOGS,44.681854,-75.4655,297,-5,A,"Ogdensburg, NY",9,9,9,9,7.666666666666667,10.444444444444445,11.0,17.0,"Sat, Oct 27, 2018","Wed, Oct 10, 2018"
3863,Will Rogers World,Oklahoma City,United States,OKC,KOKC,35.393089,-97.600733,1295,-6,A,"Oklahoma City, OK",2027,2027,2045,2045,4.868278243709922,13.670942279230394,50.0,145.0,"Mon, Oct  8, 2018","Sat, Oct 13, 2018"
3454,Eppley Airfield,Omaha,United States,OMA,KOMA,41.303167,-95.894069,984,-6,A,"Omaha, NE",2261,2264,2275,2276,4.318000884564342,13.443462897526505,46.0,96.0,"Mon, Oct  1, 2018","Sun, Oct 14, 2018"
3615,Nome,Nome,United States,OME,PAOM,64.512203,-165.445247,37,-9,A,"Nome, AK",61,62,62,62,3.262295081967213,8.193548387096774,5.0,16.0,"Mon, Oct  1, 2018","Wed, Oct  3, 2018"
3734,Ontario International,Ontario,United States,ONT,KONT,34.056,-117.601194,944,-8,A,"Ontario, CA",1804,1802,1821,1821,4.360310421286035,11.82574916759156,32.0,77.0,"Mon, Oct 15, 2018","Wed, Oct 24, 2018"
3830,Chicago O'Hare International,Chicago,United States,ORD,KORD,41.978603,-87.904842,668,-6,A,"Chicago, IL",29431,29481,29618,29626,13.347286874384137,22.697262643736604,142.0,163.0,"Mon, Oct  1, 2018","Mon, Oct  1, 2018"
3611,Norfolk International,Norfolk,United States,ORF,KORF,36.894611,-76.201222,26,-5,A,"Norfolk, VA",1973,1970,2000,2000,4.458692346680175,14.973096446700508,33.0,136.0,"Fri, Oct 12, 2018","Sat, Oct  6, 2018"
6426,Worcester Regional Airport,Worcester,United States,ORH,KORH,42.2673,-71.8757,1009,-5,U,"Worcester, MA",90,90,93,91,5.044444444444445,13.11111111111111,20.0,57.0,"Sun, Oct  7, 2018","Thu, Oct 25, 2018"
5757,Southwest Oregon Regional Airport,North Bend,United States,OTH,KOTH,43.4171,-124.246,17,-8,A,"North Bend/Coos Bay, OR",31,31,32,32,3.7419354838709675,13.483870967741938,6.0,37.0,"Mon, Oct  8, 2018","Mon, Oct  8, 2018"
3693,Ralph Wien Memorial,Kotzebue,United States,OTZ,PAOT,66.884678,-162.59855,11,-9,A,"Kotzebue, AK",61,61,62,62,4.147540983606559,10.9672131147541,8.0,115.0,"Wed, Oct 17, 2018","Tue, Oct 16, 2018"
5758,Owensboro Daviess County Airport,Owensboro,United States,OWB,KOWB,37.7401,-87.1668,406,-6,A,"Owensboro, KY",11,11,11,11,6.636363636363637,4.909090909090909,9.0,7.0,"Mon, Oct  1, 2018","Mon, Oct 22, 2018"
4117,Barkley Regional Airport,PADUCAH,United States,PAH,KPAH,37.0602875,-88.7729583,410,-6,A,"Paducah, KY",62,62,62,62,4.354838709677419,12.258064516129032,7.0,27.0,"Tue, Oct 16, 2018","Sun, Oct 21, 2018"
3771,Plattsburgh International,Plattsburgh,United States,PBG,KPBG,44.650944,-73.468139,234,-5,A,"Plattsburgh, NY",96,96,96,96,5.468749999999997,13.84375,13.0,39.0,"Tue, Oct 23, 2018","Mon, Oct 22, 2018"
3722,Palm Beach International,West Palm Beach,United States,PBI,KPBI,26.683161,-80.095589,19,-5,A,"West Palm Beach/Palm Beach, FL",1652,1647,1660,1657,4.119249394673124,13.447480267152397,15.0,67.0,"Wed, Oct 10, 2018","Mon, Oct  1, 2018"
3720,Portland International,Portland,United States,PDX,KPDX,45.588722,-122.5975,30,-8,A,"Portland, OR",5166,5169,5193,5195,4.769260549748339,12.928806345521405,60.0,106.0,"Sun, Oct 21, 2018","Wed, Oct 31, 2018"
7056,Charlotte County-Punta Gorda Airport,Punta Gorda,United States,PGD,KPGD,26.919722,-81.990556,26,-5,A,"Punta Gorda, FL",429,429,429,429,6.26806526806527,9.792540792540791,46.0,58.0,"Thu, Oct 11, 2018","Tue, Oct  9, 2018"
6959,Pitt-Greenville Airport,Greenville,United States,PGV,KPGV,35.635278,-77.385278,27,-5,A,"Greenville, NC",145,144,148,148,2.8827586206896547,13.854166666666666,9.0,56.0,"Wed, Oct  3, 2018","Wed, Oct  3, 2018"
3633,Newport News Williamsburg International,Newport News,United States,PHF,KPHF,37.131894,-76.492989,43,-5,A,"Newport News/Williamsburg, VA",156,156,159,159,4.474358974358976,14.288461538461538,18.0,47.0,"Tue, Oct  9, 2018","Mon, Oct 29, 2018"
3752,Philadelphia International,Philadelphia,United States,PHL,KPHL,39.871944,-75.241139,36,-5,A,"Philadelphia, PA",9790,9803,9863,9866,7.668335035750763,20.52667550749774,85.0,143.0,"Sat, Oct 27, 2018","Thu, Oct 11, 2018"
3462,Phoenix Sky Harbor International,Phoenix,United States,PHX,KPHX,33.434278,-112.011583,1135,-7,N,"Phoenix, AZ",14423,14437,14502,14497,7.089163142203421,16.329084989956275,78.0,140.0,"Sat, Oct 20, 2018","Sat, Oct 13, 2018"
4046,Peoria Regional,Peoria,United States,PIA,KPIA,40.664203,-89.693258,660,-6,A,"Peoria, IL",464,464,472,471,4.767241379310342,15.27801724137931,23.0,59.0,"Sun, Oct 21, 2018","Fri, Oct 12, 2018"
5759,Hattiesburg Laurel Regional Airport,Hattiesburg/Laurel,United States,PIB,KPIB,31.4671,-89.3371,298,-6,A,"Hattiesburg/Laurel, MS",61,61,62,62,4.475409836065574,15.868852459016384,8.0,52.0,"Fri, Oct 12, 2018","Thu, Oct  4, 2018"
3617,St. Petersburg Clearwater International,St. Petersburg,United States,PIE,KPIE,27.910167,-82.687389,10,-5,A,"St. Petersburg, FL",621,621,622,621,5.9967793880837394,12.470209339774554,23.0,45.0,"Thu, Oct 18, 2018","Sun, Oct 14, 2018"
5760,Pocatello Regional Airport,Pocatello,United States,PIH,KPIH,42.9098,-112.596,4452,-7,A,"Pocatello, ID",120,120,120,120,3.191666666666667,13.291666666666666,7.0,41.0,"Tue, Oct 16, 2018","Thu, Oct  4, 2018"
3570,Pittsburgh International,Pittsburgh (pennsylva),United States,PIT,KPIT,40.491467,-80.232872,1204,-5,A,"Pittsburgh, PA",4281,4283,4311,4314,6.008876430740485,14.085921083352797,50.0,120.0,"Tue, Oct  2, 2018","Sat, Oct 20, 2018"
5762,Pellston Regional Airport of Emmet County Airport,Pellston,United States,PLN,KPLN,45.5709,-84.7967,720,-5,A,"Pellston, MI",76,76,76,76,5.407894736842105,15.223684210526315,8.0,44.0,"Fri, Oct 19, 2018","Wed, Oct 31, 2018"
3564,Pensacola Regional,Pensacola,United States,PNS,KPNS,30.473425,-87.186611,121,-6,A,"Pensacola, FL",933,927,970,970,4.254019292604503,13.090614886731391,47.0,76.0,"Tue, Oct  9, 2018","Fri, Oct 19, 2018"
3446,Ernest A. Love Field,Prescott,United States,PRC,KPRC,34.654472,-112.419583,5045,-7,A,"Prescott, AZ",58,58,58,58,3.5172413793103448,17.70689655172414,11.0,33.0,"Mon, Oct 22, 2018","Fri, Oct 26, 2018"
6133,Tri Cities Airport,Pasco,United States,PSC,PSC,46.2647,-119.119,410,-8,A,"Pasco/Kennewick/Richland, WA",146,146,146,146,5.157534246575339,15.068493150684931,15.0,38.0,"Thu, Oct 11, 2018","Wed, Oct 17, 2018"
4147,Petersburg James A. Johnson,Petersburg,United States,PSG,PAPG,56.801667,-132.945278,105,-9,A,"Petersburg, AK",62,61,63,62,4.0,9.131147540983607,7.0,42.0,"Mon, Oct 29, 2018","Tue, Oct 30, 2018"
5763,Pease International Tradeport,Portsmouth,United States,PSM,KPSM,43.0779,-70.8233,100,-5,A,"Portsmouth, NH",20,20,20,20,5.2,11.65,7.0,24.0,"Sat, Oct 20, 2018","Thu, Oct  4, 2018"
3839,Palm Springs International,Palm Springs,United States,PSP,KPSP,33.829667,-116.506694,477,-8,A,"Palm Springs, CA",843,841,844,843,5.027283511269272,15.19500594530321,14.0,91.0,"Thu, Oct 18, 2018","Wed, Oct 24, 2018"
3527,Pueblo Memorial,Pueblo Memorial,United States,PUB,KPUB,38.289085,-104.496572,4726,-7,A,"Pueblo, CO",81,81,81,81,4.82716049382716,14.518518518518519,13.0,34.0,"Sun, Oct 28, 2018","Thu, Oct  4, 2018"
3641,Theodore Francis Green State,Providence,United States,PVD,KPVD,41.732581,-71.420383,55,-5,A,"Providence, RI",1714,1713,1726,1727,4.551925320886824,13.39112667834209,27.0,86.0,"Sun, Oct 14, 2018","Sat, Oct  6, 2018"
7579,Provo Municipal Airport,Provo,United States,PVU,KPVU,40.21805555,-111.7222222,4497,-6,A,"Provo, UT",48,48,48,48,5.624999999999999,12.291666666666666,12.0,18.0,"Sat, Oct  6, 2018","Thu, Oct 11, 2018"
3862,Portland International Jetport,Portland,United States,PWM,KPWM,43.646161,-70.309281,77,-5,A,"Portland, ME",1158,1152,1160,1161,4.0975820379965455,14.580729166666666,59.0,96.0,"Sat, Oct 27, 2018","Thu, Oct 11, 2018"
4087,Rapid City Regional Airport,Rapid City,United States,RAP,KRAP,44.045278,-103.057222,3204,-7,A,"Rapid City, SD",375,377,377,379,6.562666666666667,17.249336870026507,54.0,56.0,"Sat, Oct  6, 2018","Sat, Oct  6, 2018"
4098,Redding Municipal,Redding,United States,RDD,KRDD,40.509,-122.293389,504,-8,A,"Redding, CA",117,117,117,117,4.623931623931622,13.427350427350428,9.0,43.0,"Tue, Oct 16, 2018","Mon, Oct 22, 2018"
4103,Roberts Field,Redmond-Bend,United States,RDM,KRDM,44.254066,-121.149964,3077,-8,A,"Bend/Redmond, OR",401,401,402,402,4.251870324189522,15.471321695760599,21.0,82.0,"Wed, Oct  3, 2018","Sun, Oct 21, 2018"
3626,Raleigh Durham International,Raleigh-durham,United States,RDU,KRDU,35.877639,-78.787472,435,-5,A,"Raleigh/Durham, NC",5380,5370,5447,5444,5.798698884758363,18.422718808193675,56.0,126.0,"Fri, Oct 19, 2018","Thu, Oct 18, 2018"
4028,Chicago Rockford International Airport ,Rockford,United States,RFD,KRFD,42.1953611,-89.0972222,742,-6,A,"Rockford, IL",57,57,57,57,6.087719298245614,8.947368421052628,10.0,14.0,"Wed, Oct 10, 2018","Thu, Oct 18, 2018"
5765,Rhinelander Oneida County Airport,Rhinelander,United States,RHI,KRHI,45.6312,-89.4675,1624,-6,A,"Rhinelander, WI",62,62,62,62,3.693548387096774,24.806451612903224,6.0,118.0,"Mon, Oct 15, 2018","Tue, Oct  9, 2018"
3608,Richmond International,Richmond,United States,RIC,KRIC,37.505167,-77.319667,167,-5,A,"Richmond, VA",2015,2017,2040,2042,6.429776674937964,17.533961328706006,47.0,113.0,"Sun, Oct 21, 2018","Tue, Oct 16, 2018"
5766,Rock Springs Sweetwater County Airport,Rock Springs,United States,RKS,KRKS,41.5942,-109.065,6760,-7,A,"Rock Springs, WY",58,58,58,58,3.3275862068965516,17.48275862068966,6.0,70.0,"Mon, Oct 22, 2018","Mon, Oct 15, 2018"
3807,Reno Tahoe International,Reno,United States,RNO,KRNO,39.499108,-119.768108,4415,-8,A,"Reno, NV",1533,1534,1537,1538,4.532289628180039,13.190352020860484,28.0,73.0,"Tue, Oct 23, 2018","Tue, Oct 30, 2018"
4016,Roanoke Regional,Roanoke VA,United States,ROA,KROA,37.325472,-79.975417,1175,-5,A,"Roanoke, VA",198,198,200,200,5.671717171717172,19.621212121212125,18.0,117.0,"Fri, Oct 26, 2018","Mon, Oct 22, 2018"
3622,Greater Rochester International,Rochester,United States,ROC,KROC,43.118866,-77.672389,559,-5,A,"Rochester, NY",1309,1305,1320,1321,5.418640183346059,14.044444444444444,29.0,90.0,"Fri, Oct 19, 2018","Tue, Oct 30, 2018"
3736,Roswell International Air Center,Roswell,United States,ROW,KROW,33.301556,-104.530556,3671,-7,A,"Roswell, NM",115,117,119,119,4.37391304347826,13.239316239316238,11.0,25.0,"Thu, Oct 18, 2018","Tue, Oct 30, 2018"
4048,Rochester,Rochester,United States,RST,KRST,43.908283,-92.500014,1317,-6,A,"Rochester, MN",285,286,294,296,3.9964912280701754,18.17132867132867,34.0,97.0,"Fri, Oct 12, 2018","Wed, Oct  3, 2018"
3793,Southwest Florida International,Fort Myers,United States,RSW,KRSW,26.536167,-81.755167,30,-5,A,"Fort Myers, FL",1929,1922,1937,1932,4.4204250907205775,12.021852237252848,33.0,74.0,"Fri, Oct 12, 2018","Sat, Oct 20, 2018"
3784,Santa Fe Municipal,Santa Fe,United States,SAF,KSAF,35.617108,-106.089422,6348,-7,A,"Santa Fe, NM",129,129,130,130,4.984496124031009,18.279069767441854,13.0,69.0,"Sun, Oct 28, 2018","Wed, Oct 31, 2018"
3731,San Diego International,San Diego,United States,SAN,KSAN,32.733556,-117.189667,17,-8,A,"San Diego, CA",7696,7698,7741,7744,4.232328482328484,17.273707456482278,95.0,138.0,"Fri, Oct 26, 2018","Sat, Oct 13, 2018"
3621,San Antonio International,San Antonio,United States,SAT,KSAT,29.533694,-98.469778,809,-6,A,"San Antonio, TX",3473,3466,3486,3487,4.657932623092432,12.403058280438554,39.0,98.0,"Fri, Oct  5, 2018","Wed, Oct 31, 2018"
3613,Savannah Hilton Head International,Savannah,United States,SAV,KSAV,32.127583,-81.202139,51,-5,A,"Savannah, GA",1432,1430,1455,1456,5.311452513966473,14.932167832167833,44.0,80.0,"Tue, Oct  9, 2018","Sun, Oct 21, 2018"
3949,Santa Barbara Municipal,Santa Barbara,United States,SBA,KSBA,34.426211,-119.840372,10,-8,A,"Santa Barbara, CA",626,626,631,631,4.667731629392972,15.685303514376997,21.0,93.0,"Tue, Oct  2, 2018","Sat, Oct 27, 2018"
4359,South Bend Regional,South Bend,United States,SBN,KSBN,41.708661,-86.31725,799,-5,A,"South Bend, IN",704,702,706,705,4.755681818181821,16.508547008546994,47.0,103.0,"Mon, Oct 15, 2018","Sun, Oct 21, 2018"
5768,San Luis County Regional Airport,San Luis Obispo,United States,SBP,KSBP,35.2368,-120.642,212,-8,A,"San Luis Obispo, CA",416,417,420,421,4.4999999999999964,15.896882494004801,58.0,77.0,"Mon, Oct 15, 2018","Fri, Oct 26, 2018"
3620,Deadhorse,Deadhorse,United States,SCC,PASC,70.19475,-148.465167,64,-9,A,"Deadhorse, AK",84,84,85,85,3.380952380952381,8.523809523809522,6.0,38.0,"Mon, Oct 22, 2018","Tue, Oct 23, 2018"
4318,University Park Airport,State College Pennsylvania,United States,SCE,KUNV,40.849278,-77.848694,1239,-5,A,"State College, PA",191,191,191,191,3.6649214659685865,15.790575916230374,11.0,83.0,"Mon, Oct 29, 2018","Mon, Oct  8, 2018"
3805,Stockton Metropolitan,Stockton,United States,SCK,KSCK,37.894167,-121.238306,33,-8,A,"Stockton, CA",66,66,66,66,5.59090909090909,8.924242424242424,7.0,29.0,"Mon, Oct 15, 2018","Wed, Oct  3, 2018"
4014,Louisville International Airport,Louisville,United States,SDF,KSDF,38.1740858,-85.7364989,501,-5,A,"Louisville, KY",2184,2181,2201,2200,7.35668498168498,14.917469050894086,71.0,98.0,"Sun, Oct 28, 2018","Tue, Oct 30, 2018"
3577,Seattle Tacoma International,Seattle,United States,SEA,KSEA,47.449,-122.309306,433,-8,A,"Seattle, WA",11599,11599,11687,11681,10.750581946719484,22.486593671868246,96.0,114.0,"Sun, Oct  7, 2018","Mon, Oct 22, 2018"
4167,Orlando Sanford International,Sanford,United States,SFB,KSFB,28.777639,-81.237489,55,-5,A,"Sanford, FL",767,767,770,769,6.182529335071711,13.36897001303781,28.0,48.0,"Wed, Oct 10, 2018","Mon, Oct  1, 2018"
3469,San Francisco International,San Francisco,United States,SFO,KSFO,37.618972,-122.374889,13,-8,A,"San Francisco, CA",14679,14684,14770,14761,8.352271953130298,21.432715881231378,96.0,133.0,"Mon, Oct  1, 2018","Fri, Oct 19, 2018"
4348,Springfield Branson National,Springfield,United States,SGF,KSGF,37.245667,-93.388639,1268,-6,A,"Springfield, MO",708,710,715,717,5.652542372881355,15.612676056338028,33.0,58.0,"Sat, Oct 13, 2018","Wed, Oct 31, 2018"
4064,St. George Municipal,Saint George,United States,SGU,KSGU,37.090583,-113.593056,2941,-7,A,"St. George, UT",305,305,305,305,3.540983606557377,15.672131147540986,12.0,56.0,"Sun, Oct 21, 2018","Wed, Oct 17, 2018"
7062,Shenandoah Valley Regional Airport,Weyers Cave,United States,SHD,KSHD,38.263889,-78.896389,1201,-5,A,"Staunton, VA",61,61,61,61,4.245901639344265,16.524590163934427,10.0,32.0,"Mon, Oct 29, 2018","Wed, Oct  3, 2018"
3609,Shreveport Regional,Shreveport,United States,SHV,KSHV,32.446629,-93.8256,258,-6,A,"Shreveport, LA",585,583,590,590,5.345299145299138,13.36363636363636,44.0,51.0,"Fri, Oct 19, 2018","Fri, Oct 12, 2018"
3856,Sitka Rocky Gutierrez,Sitka,United States,SIT,PASI,57.047138,-135.361611,21,-9,A,"Sitka, AK",88,89,90,90,4.568181818181819,9.853932584269668,9.0,34.0,"Fri, Oct 19, 2018","Wed, Oct  3, 2018"
3748,Norman Y. Mineta San Jose International,San Jose,United States,SJC,KSJC,37.3626,-121.929022,62,-8,A,"San Jose, CA",4882,4875,4923,4921,4.581523965587871,13.47712820512822,55.0,71.0,"Sat, Oct  6, 2018","Tue, Oct  9, 2018"
3708,San Angelo Regional-Mathis Field,San Angelo,United States,SJT,KSJT,31.35775,-100.496306,1919,-6,A,"San Angelo, TX",118,117,119,119,3.3813559322033897,13.666666666666666,7.0,64.0,"Wed, Oct 17, 2018","Mon, Oct 15, 2018"
3536,Salt Lake City International,Salt Lake City,United States,SLC,KSLC,40.788389,-111.977772,4227,-7,A,"Salt Lake City, UT",9569,9566,9579,9575,6.569338488870303,16.778381768764337,59.0,103.0,"Thu, Oct 11, 2018","Sat, Oct 20, 2018"
5771,Salina Municipal Airport,Salina,United States,SLN,KSLN,38.791,-97.6522,1288,-6,A,"Salina, KS",81,81,81,81,5.814814814814813,17.96296296296296,15.0,88.0,"Tue, Oct 30, 2018","Tue, Oct 30, 2018"
3817,Sacramento International,Sacramento,United States,SMF,KSMF,38.695417,-121.590778,27,-8,A,"Sacramento, CA",4180,4184,4198,4200,4.304066985645957,12.052342256214136,48.0,89.0,"Wed, Oct  3, 2018","Fri, Oct 19, 2018"
5772,Santa Maria Public-Captain G. Allan Hancock Airport,Santa Maria,United States,SMX,KSMX,34.8989,-120.457,261,-8,A,"Santa Maria, CA",17,17,17,17,5.0,8.764705882352942,7.0,18.0,"Wed, Oct  3, 2018","Sun, Oct 28, 2018"
3867,John Wayne Airport Orange County,Santa Ana,United States,SNA,KSNA,33.675667,-117.868222,56,-8,A,"Santa Ana, CA",3614,3611,3641,3642,5.851687880464855,14.299639988922731,89.0,85.0,"Sun, Oct 21, 2018","Wed, Oct 31, 2018"
4336,Abraham Lincoln Capital,Springfield,United States,SPI,KSPI,39.8441,-89.677889,597,-6,A,"Springfield, IL",154,154,156,156,4.246753246753246,13.168831168831174,10.0,82.0,"Sat, Oct 27, 2018","Tue, Oct 30, 2018"
3680,Sheppard AFB Wichita Falls Municipal,Wichita Falls,United States,SPS,KSPS,33.988797,-98.491894,1019,-6,A,"Wichita Falls, TX",88,88,89,89,8.42045454545455,15.090909090909092,21.0,91.0,"Sat, Oct 13, 2018","Tue, Oct  9, 2018"
4067,Sarasota Bradenton International,Sarasota,United States,SRQ,KSRQ,27.395444,-82.554389,30,-5,A,"Sarasota/Bradenton, FL",539,536,539,537,4.055658627087198,13.311567164179104,35.0,60.0,"Sun, Oct 14, 2018","Mon, Oct 15, 2018"
4271,Saint Cloud Regional Airport,Saint Cloud,United States,STC,KSTC,45.546556,-94.059889,1031,-6,A,"St. Cloud, MN",8,8,8,8,8.875,7.5,9.0,20.0,"Wed, Oct 10, 2018","Sat, Oct 27, 2018"
3678,Lambert St. Louis International,St. Louis,United States,STL,KSTL,38.748697,-90.370028,618,-6,A,"St. Louis, MO",5780,5778,5800,5801,4.594290657439446,11.382312218760811,69.0,87.0,"Sun, Oct  7, 2018","Thu, Oct  4, 2018"
6992,Charles M. Schulz Sonoma County,Santa Rosa,United States,STS,KSTS,38.508978,-122.81288,125,-8,A,"Santa Rosa, CA",129,129,130,130,4.480620155038759,13.2015503875969,9.0,33.0,"Thu, Oct  4, 2018","Fri, Oct  5, 2018"
6494,Friedman Memorial,Hailey,United States,SUN,KSUN,43.504444,-114.296194,5320,-7,A,"Sun Valley/Hailey/Ketchum, ID",89,89,93,93,2.078651685393258,11.696629213483146,3.0,38.0,"Mon, Oct 15, 2018","Sun, Oct  7, 2018"
3753,Sioux Gateway-Colonel Bud Day Field,Sioux City,United States,SUX,KSUX,42.402603,-96.384367,1098,-6,A,"Sioux City, IA",118,117,120,120,6.322033898305085,11.948717948717947,30.0,29.0,"Mon, Oct 22, 2018","Wed, Oct 31, 2018"
3661,Stewart International,Newburgh,United States,SWF,KSWF,41.504094,-74.104839,491,-5,A,"Newburgh/Poughkeepsie, NY",161,161,161,161,5.440993788819876,13.229813664596277,10.0,37.0,"Tue, Oct  9, 2018","Thu, Oct 11, 2018"
3745,Syracuse Hancock International,Syracuse,United States,SYR,KSYR,43.111187,-76.106311,421,-5,A,"Syracuse, NY",1247,1250,1259,1260,4.671210906174828,15.52,38.0,84.0,"Thu, Oct 18, 2018","Mon, Oct  8, 2018"
3698,Tallahassee Regional,Tallahassee,United States,TLH,KTLH,30.396528,-84.350333,81,-5,A,"Tallahassee, FL",496,494,525,526,4.437500000000002,13.111336032388666,19.0,47.0,"Sat, Oct  6, 2018","Fri, Oct 19, 2018"
4040,Toledo,Toledo,United States,TOL,KTOL,41.586806,-83.807833,684,-5,A,"Toledo, OH",172,170,173,172,3.5406976744186047,9.864705882352947,15.0,32.0,"Fri, Oct 19, 2018","Sat, Oct  6, 2018"
3646,Tampa International,Tampa,United States,TPA,KTPA,27.975472,-82.53325,26,-5,A,"Tampa, FL",5726,5716,5736,5734,4.515193852602164,13.04198740377887,34.0,81.0,"Wed, Oct 10, 2018","Fri, Oct 26, 2018"
4116,Tri-Cities Regional Airport,BRISTOL,United States,TRI,KTRI,36.4752222,-82.4074167,1519,-5,A,"Bristol/Johnson City/Kingsport, TN",186,186,187,187,4.365591397849464,15.118279569892474,40.0,49.0,"Mon, Oct  1, 2018","Thu, Oct 11, 2018"
3447,Trenton Mercer,Trenton,United States,TTN,KTTN,40.276692,-74.813469,213,-5,A,"Trenton, NJ",237,237,247,247,7.236286919831223,14.472573839662447,16.0,58.0,"Sun, Oct  7, 2018","Mon, Oct 15, 2018"
3855,Tulsa International,Tulsa,United States,TUL,KTUL,36.198389,-95.888111,677,-6,A,"Tulsa, OK",1407,1408,1415,1416,5.144278606965169,14.68536931818182,58.0,81.0,"Sun, Oct 14, 2018","Sat, Oct 20, 2018"
3636,Tucson International,Tucson,United States,TUS,KTUS,32.116083,-110.941028,2643,-7,N,"Tucson, AZ",1484,1484,1490,1489,4.3672506738544445,14.033692722371972,27.0,66.0,"Mon, Oct  1, 2018","Tue, Oct 23, 2018"
4023,Cherry Capital Airport,Traverse City,United States,TVC,KTVC,44.741445,-85.582235,624,-5,A,"Traverse City, MI",314,315,316,316,4.27070063694268,14.882539682539683,28.0,49.0,"Sat, Oct 20, 2018","Mon, Oct  1, 2018"
4263,Magic Valley Regional Airport,Twin Falls,United States,TWF,KTWF,42.481803,-114.487733,4151,-7,A,"Twin Falls, ID",89,89,89,89,2.831460674157303,13.168539325842696,6.0,51.0,"Wed, Oct 17, 2018","Mon, Oct 22, 2018"
3770,Texarkana Regional-Webb Field,Texarkana,United States,TXK,KTXK,33.453722,-93.991028,390,-6,A,"Texarkana, AR",108,108,110,110,3.4074074074074074,19.120370370370384,9.0,101.0,"Wed, Oct 17, 2018","Tue, Oct  9, 2018"
3848,Tyler Pounds Regional,Tyler,United States,TYR,KTYR,32.354139,-95.402386,544,-6,A,"Tyler, TX",124,128,136,136,3.4919354838709675,14.3984375,11.0,71.0,"Mon, Oct  1, 2018","Mon, Oct 15, 2018"
3676,McGhee Tyson,Knoxville,United States,TYS,KTYS,35.810972,-83.994028,981,-5,A,"Knoxville, TN",1477,1477,1489,1489,4.369668246445503,15.62965470548407,49.0,59.0,"Sat, Oct  6, 2018","Sat, Oct  6, 2018"
5774,Quincy Regional-Baldwin Field,Quincy,United States,UIN,KUIN,39.9427,-91.1946,769,-6,A,"Quincy, IL",81,81,81,81,4.08641975308642,14.679012345679013,9.0,42.0,"Wed, Oct  3, 2018","Fri, Oct  5, 2018"
7076,Vernal Regional Airport,Vernal,United States,VEL,KVEL,40.440833,-109.51,5278,-7,A,"Vernal, UT",54,54,54,54,3.7777777777777777,14.5,8.0,24.0,"Tue, Oct  2, 2018","Mon, Oct 22, 2018"
5776,Valdosta Regional Airport,Valdosta,United States,VLD,KVLD,30.7825,-83.2767,203,-5,A,"Valdosta, GA",87,87,89,89,3.7701149425287355,16.11494252873563,10.0,48.0,"Fri, Oct 12, 2018","Fri, Oct 26, 2018"
3873,Eglin AFB,Valparaiso,United States,VPS,KVPS,30.48325,-86.5254,87,-6,A,"Valparaiso, FL",630,627,669,669,7.844444444444444,15.580542264752792,17.0,87.0,"Fri, Oct 19, 2018","Wed, Oct 31, 2018"
5969,Wrangell Airport,Wrangell,United States,WRG,PAWG,56.4843,-132.37,44,-9,A,"Wrangell, AK",62,62,62,62,4.064516129032257,7.112903225806452,6.0,15.0,"Thu, Oct  4, 2018","Sun, Oct 28, 2018"
4356,NW Arkansas Regional,Bentonville,United States,XNA,KXNA,36.2818694,-94.3068111,1287,-6,A,"Fayetteville, AR",1062,1061,1070,1070,6.332391713747645,14.967954759660701,70.0,65.0,"Sun, Oct 14, 2018","Sat, Oct 27, 2018"
6803,Yakutat,Yakutat,United States,YAK,PAYA,59.3012,-139.3937,33,-9,A,"Yakutat, AK",60,61,62,62,4.133333333333334,8.934426229508194,6.0,27.0,"Thu, Oct  4, 2018","Thu, Oct  4, 2018"
3596,Yuma MCAS Yuma International,Yuma,United States,YUM,KYUM,32.656578,-114.60598,216,-7,N,"Yuma, AZ",121,121,121,121,3.5950413223140494,13.347107438016529,9.0,39.0,"Wed, Oct 10, 2018","Thu, Oct 25, 2018"
2883,Cyril E. King,St. Thomas,Virgin Islands,STT,TIST,18.337306,-64.973361,23,-4,U,"Charlotte Amalie, VI",193,192,193,193,3.994818652849739,11.4375,9.0,54.0,"Sun, Oct 14, 2018","Sat, Oct 13, 2018"
2884,Henry E. Rohlsen,St. Croix Island,Virgin Islands,STX,TISX,17.701889,-64.798556,74,-4,U,"Christiansted, VI",62,62,62,62,3.1451612903225805,12.53225806451613,6.0,30.0,"Thu, Oct  4, 2018","Thu, Oct 18, 2018"
1970,Pago Pago Internatonal,Pago Pago,American Samoa,PPG,NSTU,-14.331,-170.7105,32,-11,U,"Pago Pago, TT",9,9,9,9,13.222222222222221,14.555555555555555,15.0,22.0,"Mon, Oct  1, 2018","Mon, Oct 29, 2018"
2246,Guam International,Agana,Guam,GUM,PGUM,13.48345,144.795983,298,10,U,"Guam, TT",67,67,72,71,3.208955223880597,14.208955223880597,7.0,60.0,"Thu, Oct 25, 2018","Tue, Oct 30, 2018"
2885,Rafael Hernndez,Aguadilla,Puerto Rico,BQN,TJBQ,18.494861,-67.129444,237,-4,U,"Aguadilla, PR",159,160,159,160,8.050314465408801,11.443749999999998,30.0,33.0,"Sun, Oct 28, 2018","Sun, Oct 14, 2018"
2889,Aeropuerto Mercedita,Ponce,Puerto Rico,PSE,TJPS,18.008306,-66.563028,29,-4,U,"Ponce, PR",49,50,49,50,5.0612244897959195,11.959999999999997,14.0,22.0,"Mon, Oct 29, 2018","Sat, Oct  6, 2018"
2890,Luis Muoz Marn International,San Juan,Puerto Rico,SJU,TJSJ,18.439417,-66.001833,9,-4,U,"San Juan, PR",1644,1641,1645,1646,6.066909975669096,13.188299817184635,30.0,43.0,"Tue, Oct  9, 2018","Fri, Oct  5, 2018"
2244,Francisco C. Ada Saipan International,Saipan,Northern Mariana Islands,SPN,PGSN,15.119003,145.729356,215,10,U,"Saipan, TT",36,35,40,40,4.166666666666667,12.285714285714286,6.0,19.0,"Tue, Oct 16, 2018","Tue, Oct 23, 2018"
