airport_id,name,city,country,iata_faa,iaco,latitude,longitude,altitude,zone,dst,city_state,avg_able_landings,avg_able_takeoffs,total_landings,total_takeoffs,avg_taxi_in,avg_taxi_out,longest_taxi_in,longest_taxi_out,lng_tx_in_date,lng_tx_out_date
4355,Lehigh Valley International,Allentown,United States,ABE,KABE,40.652083,-75.440806,393,-5,A,"Allentown/Bethlehem/Easton, PA",335,334,336,337,5.188059701492537,13.715568862275443,58.0,103.0,"Wed, Jul  4, 2018","Sun, Jul 22, 2018"
3718,Abilene Regional,Abilene,United States,ABI,KABI,32.411319,-99.681897,1791,-6,A,"Abilene, TX",172,172,174,174,3.761627906976744,10.709302325581392,23.0,45.0,"Sat, Jul 21, 2018","Sun, Jul  1, 2018"
4019,Albuquerque International Sunport,Albuquerque,United States,ABQ,KABQ,35.0402222,-106.6091944,5355,-7,A,"Albuquerque, NM",2236,2232,2259,2256,5.693202146690519,11.82392473118281,78.0,76.0,"Sat, Jul 14, 2018","Sun, Jul  8, 2018"
5714,Aberdeen Regional Airport,Aberdeen,United States,ABR,KABR,45.4491,-98.4218,1302,-6,A,"Aberdeen, SD",61,61,61,61,4.836065573770492,17.01639344262294,9.0,65.0,"Fri, Jul 20, 2018","Tue, Jul 10, 2018"
5715,Southwest Georgia Regional Airport,Albany,United States,ABY,KABY,31.5355,-84.1945,197,-5,A,"Albany, GA",87,88,89,89,3.6551724137931036,17.625000000000014,6.0,121.0,"Fri, Jul 20, 2018","Sat, Jul 21, 2018"
3517,Nantucket Memorial,Nantucket,United States,ACK,KACK,41.253053,-70.060181,48,-5,A,"Nantucket, MA",282,282,297,297,7.003546099290779,16.79787234042554,45.0,95.0,"Sat, Jul 28, 2018","Sun, Jul 29, 2018"
3700,Waco Regional,Waco,United States,ACT,KACT,31.611289,-97.230519,516,-6,A,"Waco, TX",136,134,146,146,3.5441176470588234,10.985074626865675,6.0,30.0,"Sun, Jul 15, 2018","Sun, Jul  1, 2018"
4384,Arcata,Arcata CA,United States,ACV,KACV,40.978111,-124.108611,221,-8,A,"Arcata/Eureka, CA",142,142,150,150,6.161971830985915,12.04225352112676,40.0,64.0,"Mon, Jul  9, 2018","Tue, Jul  3, 2018"
3524,Atlantic City International,Atlantic City,United States,ACY,KACY,39.457583,-74.577167,75,-5,A,"Atlantic City, NJ",260,261,265,264,4.807692307692309,11.264367816091953,38.0,66.0,"Tue, Jul 17, 2018","Fri, Jul 20, 2018"
5959,Adak Airport,Adak Island,United States,ADK,PADK,51.878,-176.646,18,-10,A,"Adak Island, AK",8,8,8,8,5.375,12.625,7.0,41.0,"Wed, Jul 11, 2018","Wed, Jul 18, 2018"
3531,Kodiak,Kodiak,United States,ADQ,PADQ,57.749967,-152.493856,78,-9,A,"Kodiak, AK",57,57,58,58,3.3508771929824563,7.333333333333333,15.0,30.0,"Sun, Jul  8, 2018","Thu, Jul  5, 2018"
3852,Alexandria International,Alexandria,United States,AEX,KAEX,31.3274,-92.549833,89,-6,A,"Alexandria, LA",284,283,287,286,3.348591549295774,14.756183745583039,19.0,97.0,"Sun, Jul  8, 2018","Sat, Jul 21, 2018"
3658,Augusta Regional At Bush Field,Bush Field,United States,AGS,KAGS,33.369944,-81.9645,144,-5,A,"Augusta, GA",372,372,381,381,4.868279569892478,16.13709677419353,71.0,67.0,"Wed, Jul 18, 2018","Wed, Jul 11, 2018"
3794,King Salmon,King Salmon,United States,AKN,PAKN,58.676778,-156.649278,68,-9,A,"King Salmon, AK",31,31,31,31,4.0,9.870967741935484,6.0,39.0,"Sat, Jul 21, 2018","Thu, Jul 26, 2018"
3864,Albany International,Albany,United States,ALB,KALB,42.748267,-73.801692,285,-5,A,"Albany, NY",998,1000,1028,1027,3.7104208416833666,11.532999999999989,85.0,80.0,"Fri, Jul 27, 2018","Thu, Jul 19, 2018"
5718,Waterloo Regional Airport,Waterloo,United States,ALO,KALO,42.5571,-92.4003,873,-6,A,"Waterloo, IA",55,54,56,56,4.236363636363635,13.666666666666666,12.0,74.0,"Mon, Jul 23, 2018","Sun, Jul 15, 2018"
3840,Rick Husband Amarillo International,Amarillo,United States,AMA,KAMA,35.219369,-101.705931,3607,-6,A,"Amarillo, TX",463,463,474,474,4.4341252699783995,12.220302375809935,22.0,51.0,"Mon, Jul 23, 2018","Mon, Jul  9, 2018"
3774,Ted Stevens Anchorage International,Anchorage,United States,ANC,PANC,61.174361,-149.996361,152,-9,A,"Anchorage, AK",2237,2234,2244,2243,4.397854269110432,12.836615935541628,80.0,42.0,"Sun, Jul  1, 2018","Wed, Jul 18, 2018"
5720,Alpena County Regional Airport,Alpena,United States,APN,KAPN,45.0781,-83.5603,689,-5,A,"Alpena, MI",52,51,52,51,4.961538461538461,18.372549019607845,12.0,49.0,"Sun, Jul 15, 2018","Mon, Jul 16, 2018"
7001,Aspen/Pitkin County-Sardy Field,Aspen,United States,ASE,KASE,39.2232,-106.869,7820,-7,A,"Aspen, CO",442,455,568,567,2.904977375565612,14.578021978021978,13.0,77.0,"Mon, Jul 23, 2018","Sat, Jul 28, 2018"
3682,Hartsfield Jackson Atlanta International,Atlanta,United States,ATL,KATL,33.636719,-84.428067,1026,-5,A,"Atlanta, GA",34546,34533,34733,34745,8.963179528744337,18.089334839139294,134.0,145.0,"Mon, Jul 23, 2018","Mon, Jul 16, 2018"
4047,Appleton,Appleton,United States,ATW,KATW,44.257526,-88.507576,680,-6,A,"Appleton, WI",376,375,378,377,5.175531914893615,16.43999999999999,39.0,87.0,"Wed, Jul 11, 2018","Fri, Jul 20, 2018"
3673,Austin Bergstrom International,Austin,United States,AUS,KAUS,30.194528,-97.669889,542,-6,A,"Austin, TX",5744,5733,5820,5820,6.809888579387184,12.958137100994248,89.0,137.0,"Mon, Jul 23, 2018","Fri, Jul 27, 2018"
4007,Asheville Regional Airport,Asheville,United States,AVL,KAVL,35.436194,-82.541806,2165,-5,A,"Asheville, NC",748,747,758,758,5.3288770053476,16.935742971887542,45.0,94.0,"Sat, Jul 21, 2018","Sat, Jul  7, 2018"
4286,Wilkes Barre Scranton International,Scranton,United States,AVP,KAVP,41.338478,-75.723403,962,-5,A,"Scranton/Wilkes-Barre, PA",287,284,290,289,4.292682926829274,13.147887323943662,15.0,47.0,"Sun, Jul 15, 2018","Mon, Jul  2, 2018"
6505,Phoenix-Mesa Gateway,Mesa,United States,AZA,KIWA,33.307833,-111.655,1382,-7,N,"Phoenix, AZ",441,442,461,462,5.789115646258502,12.35067873303167,18.0,36.0,"Mon, Jul  9, 2018","Thu, Jul 12, 2018"
4039,Kalamazoo,Kalamazoo,United States,AZO,KAZO,42.234875,-85.552058,874,-5,A,"Kalamazoo, MI",272,270,274,272,3.4264705882352944,16.4,9.0,65.0,"Sun, Jul 15, 2018","Tue, Jul 31, 2018"
3825,Bradley International,Windsor Locks,United States,BDL,KBDL,41.938889,-72.683222,173,-5,A,"Hartford, CT",2362,2358,2401,2398,5.284928027095684,12.92239185750636,54.0,87.0,"Fri, Jul 27, 2018","Tue, Jul 24, 2018"
3599,Bethel,Bethel,United States,BET,PABE,60.779778,-161.838,121,-9,A,"Bethel, AK",68,68,70,70,3.926470588235294,7.661764705882353,6.0,33.0,"Mon, Jul 30, 2018","Tue, Jul 17, 2018"
5723,Western Nebraska Regional Airport,Scottsbluff,United States,BFF,KBFF,41.874,-103.596,3967,-7,A,"Scottsbluff, NE",52,52,52,52,3.5,16.519230769230763,6.0,72.0,"Wed, Jul 11, 2018","Wed, Jul 18, 2018"
3558,Meadows Field,Bakersfield,United States,BFL,KBFL,35.433598,-119.05677,507,-8,A,"Bakersfield, CA",207,207,208,208,4.951690821256039,16.63768115942028,17.0,113.0,"Sun, Jul 29, 2018","Mon, Jul 30, 2018"
4129,Greater Binghamton-Edwin A. Link Field,Binghamton,United States,BGM,KBGM,42.208689,-75.979839,1636,-5,A,"Binghamton, NY",71,71,71,71,3.816901408450704,14.183098591549296,6.0,29.0,"Thu, Jul  5, 2018","Fri, Jul 20, 2018"
3463,Bangor International,Bangor,United States,BGR,KBGR,44.807444,-68.828139,192,-5,A,"Bangor, ME",429,429,451,452,4.958041958041955,15.11655011655013,46.0,87.0,"Sat, Jul 21, 2018","Fri, Jul 27, 2018"
3811,Birmingham International,Birmingham,United States,BHM,KBHM,33.562942,-86.75355,644,-6,A,"Birmingham, AL",1592,1586,1618,1619,3.8718592964824126,13.87326607818411,57.0,115.0,"Tue, Jul 31, 2018","Fri, Jul  6, 2018"
4021,Billings Logan International Airport,Billings,United States,BIL,KBIL,45.80921,-108.537654,3652,-7,A,"Billings, MT",490,492,492,492,4.210204081632649,12.951219512195118,27.0,62.0,"Sun, Jul 15, 2018","Thu, Jul 19, 2018"
4083,Bismarck Municipal Airport,Bismarck,United States,BIS,KBIS,46.775842,-100.757931,1661,-6,A,"Bismarck/Mandan, ND",348,349,352,352,6.488505747126437,16.865329512893982,33.0,106.0,"Sun, Jul 29, 2018","Thu, Jul  5, 2018"
4287,Bemidji Regional Airport,Bemidji,United States,BJI,KBJI,47.510722,-94.934722,1391,-6,A,"Bemidji, MN",68,68,68,68,4.838235294117647,14.985294117647058,8.0,45.0,"Tue, Jul 24, 2018","Sun, Jul  1, 2018"
6962,Branson LLC,Branson,United States,BKG,KBBG,36.531994,-93.200556,1302,-6,A,"Branson, MO",12,12,13,13,7.25,7.75,9.0,17.0,"Wed, Jul 18, 2018","Wed, Jul 25, 2018"
3777,Bellingham International,Bellingham,United States,BLI,KBLI,48.792694,-122.537528,170,-8,A,"Bellingham, WA",145,145,149,149,6.862068965517241,11.344827586206897,16.0,30.0,"Tue, Jul 17, 2018","Thu, Jul 19, 2018"
3790,Scott AFB Midamerica,Belleville,United States,BLV,KBLV,38.545178,-89.835183,459,-6,A,"Belleville, IL",135,135,136,136,6.896296296296297,11.7037037037037,98.0,32.0,"Sun, Jul  1, 2018","Thu, Jul 19, 2018"
4037,Central Illinois Regional,Bloomington,United States,BMI,KBMI,40.477111,-88.915917,871,-6,A,"Bloomington/Normal, IL",266,266,268,268,3.454887218045112,12.954887218045112,7.0,54.0,"Fri, Jul 13, 2018","Sat, Jul 14, 2018"
3690,Nashville International,Nashville,United States,BNA,KBNA,36.124472,-86.678194,599,-6,A,"Nashville, TN",6379,6379,6493,6491,6.826305063489582,13.361968960652147,90.0,131.0,"Fri, Jul  6, 2018","Fri, Jul  6, 2018"
3495,Boise Air Terminal,Boise,United States,BOI,KBOI,43.564361,-116.222861,2871,-7,A,"Boise, ID",1718,1714,1723,1722,3.9045401629802097,13.016336056009331,24.0,57.0,"Sun, Jul  1, 2018","Wed, Jul 18, 2018"
3448,General Edward Lawrence Logan International,Boston,United States,BOS,KBOS,42.364347,-71.005181,19,-5,A,"Boston, MA",12925,12927,13216,13218,8.38808510638298,20.56819060880319,108.0,137.0,"Mon, Jul 30, 2018","Thu, Jul 26, 2018"
3612,Southeast Texas Regional,Beaumont,United States,BPT,KBPT,29.950833,-94.020694,15,-6,A,"Beaumont/Port Arthur, TX",73,72,79,79,4.0273972602739745,12.76388888888889,11.0,28.0,"Tue, Jul 31, 2018","Mon, Jul  9, 2018"
5725,Brunswick Golden Isles Airport,Brunswick,United States,BQK,KBQK,31.2588,-81.4665,26,-5,A,"Brunswick, GA",92,92,92,92,3.6956521739130435,18.597826086956513,6.0,67.0,"Fri, Jul  6, 2018","Wed, Jul  4, 2018"
6957,Brainerd Lakes Regional,Brainerd,United States,BRD,KBRD,46.398308,-94.138078,1226,-6,U,"Brainerd, MN",61,61,61,61,4.885245901639345,17.491803278688526,10.0,53.0,"Wed, Jul 25, 2018","Thu, Jul 12, 2018"
3738,Brownsville South Padre Island International,Brownsville,United States,BRO,KBRO,25.906833,-97.425861,22,-6,A,"Brownsville, TX",225,226,233,233,4.9688888888888885,12.424778761061948,40.0,62.0,"Mon, Jul  2, 2018","Mon, Jul  2, 2018"
3571,Wiley Post Will Rogers Memorial,Barrow,United States,BRW,PABR,71.285446,-156.766003,44,-9,A,"Barrow, AK",60,60,62,62,3.716666666666667,7.516666666666666,17.0,21.0,"Mon, Jul  2, 2018","Wed, Jul 18, 2018"
4022,Bert Mooney Airport,Butte,United States,BTM,KBTM,45.954806,-112.497472,5550,-7,A,"Butte, MT",57,57,57,57,3.192982456140351,10.947368421052635,8.0,21.0,"Sun, Jul  8, 2018","Thu, Jul 26, 2018"
3846,Baton Rouge Metro-Ryan Field,Baton Rouge,United States,BTR,KBTR,30.533167,-91.149639,70,-6,A,"Baton Rouge, LA",671,671,673,673,4.101341281669152,14.37704918032787,31.0,68.0,"Mon, Jul  2, 2018","Sun, Jul  8, 2018"
3711,Burlington International,Burlington,United States,BTV,KBTV,44.471861,-73.153278,335,-5,A,"Burlington, VT",916,901,945,941,4.542576419213976,16.062153163152033,48.0,95.0,"Tue, Jul 10, 2018","Sun, Jul 15, 2018"
3820,Buffalo Niagara International,Buffalo,United States,BUF,KBUF,42.940525,-78.732167,724,-5,A,"Buffalo, NY",2262,2254,2325,2325,4.297524314765689,12.484472049689439,57.0,128.0,"Fri, Jul 20, 2018","Mon, Jul 23, 2018"
3644,Bob Hope,Burbank,United States,BUR,KBUR,34.200667,-118.358667,778,-8,A,"Burbank, CA",2214,2211,2245,2244,2.818428184281842,13.492085029398456,37.0,81.0,"Fri, Jul  6, 2018","Thu, Jul 19, 2018"
3849,Baltimore Washington International,Baltimore,United States,BWI,KBWI,39.175361,-76.668333,146,-5,A,"Baltimore, MD",9329,9325,9722,9721,6.04084039018116,14.719249329758703,80.0,162.0,"Mon, Jul 16, 2018","Mon, Jul 23, 2018"
4020,Gallatin Field,Bozeman,United States,BZN,KBZN,45.777643,-111.160151,4500,-7,A,"Bozeman, MT",666,666,668,668,5.378378378378378,14.163663663663664,46.0,93.0,"Sat, Jul 14, 2018","Sun, Jul  1, 2018"
3561,Columbia Metropolitan,Colombia,United States,CAE,KCAE,33.938833,-81.119528,236,-5,A,"Columbia, SC",591,588,599,597,4.967851099830797,13.846938775510203,102.0,85.0,"Sun, Jul 29, 2018","Tue, Jul 24, 2018"
4112,Akron Canton Regional Airport,Akron,United States,CAK,KCAK,40.9160833,-81.4421944,1228,-5,A,"Akron, OH",626,631,652,651,5.199680511182108,14.527733755942947,30.0,82.0,"Sun, Jul  1, 2018","Fri, Jul 13, 2018"
3824,Cedar City Regional,Cedar City,United States,CDC,KCDC,37.700967,-113.098847,5622,-7,A,"Cedar City, UT",52,52,52,52,3.3846153846153846,14.788461538461538,6.0,37.0,"Sun, Jul  1, 2018","Fri, Jul 27, 2018"
3610,Merle K. Mudhole Smith,Cordova,United States,CDV,PACV,60.491778,-145.477556,48,-9,A,"Cordova, AK",62,62,62,62,3.935483870967742,9.419354838709678,5.0,31.0,"Sun, Jul  1, 2018","Mon, Jul 23, 2018"
5728,Cape Girardeau Regional Airport,Cape Girardeau,United States,CGI,KCGI,37.2253,-89.5708,342,-6,A,"Cape Girardeau, MO",52,52,53,52,4.5769230769230775,17.499999999999996,10.0,41.0,"Mon, Jul  2, 2018","Mon, Jul 23, 2018"
3578,Lovell Field,Chattanooga,United States,CHA,KCHA,35.035278,-85.203808,683,-5,A,"Chattanooga, TN",801,801,817,815,5.454431960049931,17.523096129837697,36.0,103.0,"Mon, Jul 30, 2018","Sat, Jul 21, 2018"
4015,Charlottesville-Albemarle,Charlottesville VA,United States,CHO,KCHO,38.138639,-78.452861,639,-5,A,"Charlottesville, VA",455,455,467,467,4.098901098901099,15.868131868131867,24.0,93.0,"Thu, Jul 26, 2018","Thu, Jul 12, 2018"
3806,Charleston AFB International,Charleston,United States,CHS,KCHS,32.898647,-80.040528,45,-5,A,"Charleston, SC",2261,2245,2303,2302,5.928792569659439,15.241425389755012,57.0,100.0,"Fri, Jul 20, 2018","Tue, Jul 17, 2018"
4043,Cedar Rapids,Cedar Rapids,United States,CID,KCID,41.884694,-91.710806,869,-6,A,"Cedar Rapids/Iowa City, IA",783,782,792,793,5.825031928480209,13.754475703324804,51.0,74.0,"Thu, Jul  5, 2018","Thu, Jul  5, 2018"
5729,Chippewa County International Airport,Sault Ste. Marie,United States,CIU,KCIU,46.2508,-84.4724,800,-5,A,"Sault Ste. Marie, MI",57,57,57,57,4.228070175438598,25.56140350877193,9.0,94.0,"Mon, Jul 23, 2018","Sat, Jul 14, 2018"
5730,Harrison Marion Regional Airport,Clarksburg,United States,CKB,KCKB,39.2966,-80.2281,1217,-5,A,"Clarksburg/Fairmont, WV",76,75,76,76,4.289473684210526,14.72,8.0,32.0,"Sun, Jul 22, 2018","Mon, Jul 16, 2018"
3486,Cleveland Hopkins International,Cleveland,United States,CLE,KCLE,41.411689,-81.849794,791,-5,A,"Cleveland, OH",4150,4155,4264,4263,6.8272289156626496,14.479663056558357,85.0,127.0,"Thu, Jul 26, 2018","Tue, Jul 17, 2018"
3715,Easterwood Field,College Station,United States,CLL,KCLL,30.588583,-96.363833,321,-6,A,"College Station/Bryan, TX",198,197,202,202,4.984848484848482,10.710659898477155,16.0,28.0,"Sun, Jul 29, 2018","Sun, Jul 15, 2018"
3876,Charlotte Douglas International,Charlotte,United States,CLT,KCLT,35.214,-80.943139,748,-5,A,"Charlotte, NC",19951,20016,20418,20423,12.883314119593043,19.97142286171054,134.0,166.0,"Sun, Jul 29, 2018","Fri, Jul  6, 2018"
3759,Port Columbus International,Columbus,United States,CMH,KCMH,39.997972,-82.891889,815,-5,A,"Columbus, OH",3978,3974,4084,4083,5.847159376571141,13.649723200805244,111.0,95.0,"Tue, Jul  3, 2018","Wed, Jul 18, 2018"
4049,Champaign,Champaign,United States,CMI,KCMI,40.03925,-88.278056,754,-6,A,"Champaign/Urbana, IL",201,201,206,206,4.527363184079602,12.07960199004975,27.0,80.0,"Thu, Jul 19, 2018","Mon, Jul 30, 2018"
5732,Houghton County Memorial Airport,Hancock,United States,CMX,KCMX,47.1684,-88.4891,1095,-5,A,"Hancock/Houghton, MI",61,61,61,61,4.491803278688524,13.62295081967213,7.0,39.0,"Thu, Jul 19, 2018","Fri, Jul  6, 2018"
7074,Canyonlands Field,Moab,United States,CNY,KCNY,38.755,-109.754722,4555,-7,A,"Moab, UT",53,53,53,53,5.679245283018868,21.188679245283026,9.0,105.0,"Sun, Jul  1, 2018","Wed, Jul 25, 2018"
4344,Yellowstone Regional,Cody,United States,COD,KCOD,44.520194,-109.023806,5102,-7,A,"Cody, WY",39,39,39,39,4.205128205128205,17.84615384615384,8.0,42.0,"Mon, Jul  2, 2018","Mon, Jul 23, 2018"
3819,City Of Colorado Springs Municipal,Colorado Springs,United States,COS,KCOS,38.805805,-104.700778,6187,-7,A,"Colorado Springs, CO",992,992,1005,1005,7.662298387096774,17.611895161290317,90.0,129.0,"Wed, Jul  4, 2018","Thu, Jul  5, 2018"
3719,Columbia Regional,Columbia,United States,COU,KCOU,38.818094,-92.219631,889,-6,A,"Columbia, MO",172,172,175,175,3.5930232558139528,15.267441860465116,13.0,60.0,"Wed, Jul  4, 2018","Sun, Jul  8, 2018"
3872,Natrona County International,Casper,United States,CPR,KCPR,42.908,-106.464417,5347,-7,A,"Casper, WY",109,108,109,109,4.403669724770643,13.472222222222221,7.0,54.0,"Sun, Jul  1, 2018","Sat, Jul 28, 2018"
3744,Corpus Christi International,Corpus Christi,United States,CRP,KCRP,27.770361,-97.501222,44,-6,A,"Corpus Christi, TX",456,455,465,465,3.9780701754385936,11.648351648351644,26.0,67.0,"Tue, Jul 24, 2018","Mon, Jul 30, 2018"
4285,Yeager,Charleston,United States,CRW,KCRW,38.373147,-81.593189,981,-5,A,"Charleston/Dunbar, WV",383,386,393,392,3.8929503916449066,12.720207253886,44.0,47.0,"Mon, Jul 30, 2018","Tue, Jul 17, 2018"
4255,Columbus Metropolitan Airport,Columbus,United States,CSG,KCSG,32.5163333,-84.9388611,397,-5,A,"Columbus, GA",112,112,113,113,3.4374999999999996,16.249999999999986,16.0,56.0,"Mon, Jul 16, 2018","Thu, Jul 12, 2018"
3488,Cincinnati Northern Kentucky International,Cincinnati,United States,CVG,KCVG,39.048836,-84.667822,896,-5,A,"Cincinnati, OH",4383,4364,4482,4482,6.308692676249137,14.495646196150311,102.0,120.0,"Fri, Jul 20, 2018","Thu, Jul  5, 2018"
4045,Central Wisconsin,Wassau,United States,CWA,KCWA,44.772726,-89.646635,840,-6,A,"Mosinee, WI",250,248,252,252,3.3280000000000007,14.508064516129025,13.0,55.0,"Fri, Jul 27, 2018","Thu, Jul 26, 2018"
3950,Daytona Beach International,Daytona Beach,United States,DAB,KDAB,29.179917,-81.058056,34,-5,A,"Daytona Beach, FL",316,313,318,318,4.958860759493672,14.63578274760383,72.0,88.0,"Sun, Jul 15, 2018","Fri, Jul 13, 2018"
3502,Dallas Love Field,Dallas,United States,DAL,KDAL,32.847111,-96.851778,487,-6,A,"Dallas, TX",5979,5991,6069,6070,5.695601271115598,12.48556167584707,85.0,127.0,"Tue, Jul 24, 2018","Thu, Jul 12, 2018"
3627,James M. Cox Dayton International,Dayton,United States,DAY,KDAY,39.902375,-84.219375,1009,-5,A,"Dayton, OH",1171,1178,1212,1213,5.222032450896674,14.04414261460103,104.0,79.0,"Tue, Jul  3, 2018","Tue, Jul  3, 2018"
4388,Dubuque Regional,Dubuque IA,United States,DBQ,KDBQ,42.402,-90.709472,1076,-6,A,"Dubuque, IA",84,84,86,86,4.416666666666666,13.535714285714286,7.0,75.0,"Sun, Jul 22, 2018","Sun, Jul 15, 2018"
3520,Ronald Reagan Washington National,Washington,United States,DCA,KDCA,38.852083,-77.037722,15,-5,A,"Washington, DC",10682,10668,11057,11052,7.008987081070972,20.23228346456693,127.0,153.0,"Mon, Jul 16, 2018","Tue, Jul 17, 2018"
3751,Denver International,Denver,United States,DEN,KDEN,39.861656,-104.673178,5431,-7,A,"Denver, CO",21795,21860,22144,22146,8.804221151640249,17.42086001829818,169.0,124.0,"Mon, Jul 23, 2018","Mon, Jul  2, 2018"
3670,Dallas Fort Worth International,Dallas-fort Worth,United States,DFW,KDFW,32.896828,-97.037997,607,-6,A,"Dallas/Fort Worth, TX",24718,24774,25227,25228,12.981390080103521,19.201259384838842,113.0,155.0,"Tue, Jul 10, 2018","Mon, Jul 30, 2018"
3739,Dothan Regional,Dothan,United States,DHN,KDHN,31.321339,-85.449628,401,-6,A,"Dothan, AL",113,113,114,114,3.663716814159292,19.628318584070794,7.0,103.0,"Fri, Jul 27, 2018","Mon, Jul 16, 2018"
3460,Dillingham,Dillingham,United States,DLG,PADL,59.044667,-158.5055,74,-9,A,"Dillingham, AK",31,31,31,31,4.612903225806454,9.612903225806452,6.0,37.0,"Sun, Jul  8, 2018","Sat, Jul  7, 2018"
3598,Duluth International,Duluth,United States,DLH,KDLH,46.842091,-92.193649,1428,-6,A,"Duluth, MN",254,253,257,256,5.622047244094486,17.150197628458496,84.0,129.0,"Sun, Jul  8, 2018","Thu, Jul 12, 2018"
3713,Durango La Plata County,Durango,United States,DRO,KDRO,37.151516,-107.75377,6685,-7,A,"Durango, CO",288,289,298,299,5.510416666666669,15.813148788927336,58.0,83.0,"Mon, Jul 16, 2018","Wed, Jul 25, 2018"
3729,Des Moines International,Des Moines,United States,DSM,KDSM,41.533972,-93.663083,958,-6,A,"Des Moines, IA",1276,1287,1296,1297,5.050156739811909,13.360528360528349,38.0,86.0,"Tue, Jul 24, 2018","Thu, Jul 19, 2018"
3645,Detroit Metro Wayne County,Detroit,United States,DTW,KDTW,42.212444,-83.353389,645,-5,A,"Detroit, MI",13628,13623,13714,13723,7.5493836219547985,17.288189091976776,58.0,139.0,"Tue, Jul 31, 2018","Wed, Jul  4, 2018"
7063,Devils Lake Regional Airport,Devils Lake,United States,DVL,KDVL,48.114444,-98.908611,1445,-6,A,"Devils Lake, ND",51,52,52,52,5.686274509803922,17.326923076923073,22.0,35.0,"Sat, Jul  7, 2018","Sun, Jul 15, 2018"
5735,Chippewa Valley Regional Airport,Eau Claire,United States,EAU,KEAU,44.8658,-91.4843,913,-6,A,"Eau Claire, WI",61,61,61,61,3.540983606557377,15.065573770491802,7.0,61.0,"Sat, Jul 21, 2018","Mon, Jul 16, 2018"
7669,Northwest Florida Beaches International,Panama City,United States,ECP,KECP,30.3417,-85.7973,69,-6,A,"Panama City, FL",608,608,611,611,3.901315789473686,12.41940789473685,66.0,65.0,"Sat, Jul 28, 2018","Mon, Jul  9, 2018"
4250,Eagle County Regional,Vail,United States,EGE,KEGE,39.642556,-106.917694,6540,-7,A,"Eagle, CO",83,83,83,83,5.289156626506026,16.48192771084336,9.0,76.0,"Wed, Jul 18, 2018","Mon, Jul  9, 2018"
5736,Elko Regional Airport,Elko,United States,EKO,KEKO,40.8249,-115.792,5140,-8,A,"Elko, NV",45,45,45,45,3.8444444444444446,9.88888888888889,6.0,25.0,"Fri, Jul 20, 2018","Fri, Jul 20, 2018"
3946,Elmira Corning Regional,Elmira,United States,ELM,KELM,42.159889,-76.891611,954,-5,A,"Elmira/Corning, NY",25,25,25,25,4.839999999999999,11.8,7.0,17.0,"Wed, Jul 18, 2018","Wed, Jul 25, 2018"
3559,El Paso International,El Paso,United States,ELP,KELP,31.80725,-106.377583,3958,-7,A,"El Paso, TX",1484,1482,1489,1488,3.9460916442048517,13.051282051282051,22.0,91.0,"Sat, Jul  7, 2018","Wed, Jul 11, 2018"
4276,Erie International-Tom Ridge Field,Erie,United States,ERI,KERI,42.082022,-80.176217,733,-5,A,"Erie, PA",75,75,75,75,3.56,19.959999999999994,6.0,46.0,"Wed, Jul  4, 2018","Mon, Jul 16, 2018"
6800,Delta County Airport,Escanaba,United States,ESC,KESC,45.722778,-87.093611,609,-5,A,"Escanaba, MI",52,52,52,52,4.865384615384617,13.826923076923077,9.0,24.0,"Sun, Jul  8, 2018","Tue, Jul 31, 2018"
4099,Mahlon Sweet Field,Eugene,United States,EUG,KEUG,44.124583,-123.211972,374,-8,A,"Eugene, OR",381,382,384,385,4.7637795275590555,13.219895287958115,19.0,62.0,"Tue, Jul 10, 2018","Sun, Jul 29, 2018"
4018,Evansville Regional,Evansville,United States,EVV,KEVV,38.036997,-87.532364,418,-6,A,"Evansville, IN",419,417,424,424,4.436754176610973,16.750599520383705,16.0,51.0,"Tue, Jul 10, 2018","Sat, Jul  7, 2018"
3730,Craven County Regional,New Bern,United States,EWN,KEWN,35.072972,-77.042944,18,-5,A,"New Bern/Morehead/Beaufort, NC",203,204,207,207,3.413793103448276,12.955882352941181,29.0,69.0,"Wed, Jul 25, 2018","Sun, Jul 29, 2018"
3494,Newark Liberty International,Newark,United States,EWR,KEWR,40.6925,-74.168667,18,-5,A,"Newark, NJ",11964,11959,12657,12657,9.729271146773655,25.541600468266576,125.0,172.0,"Mon, Jul 16, 2018","Fri, Jul 27, 2018"
3875,Key West International,Key West,United States,EYW,KEYW,24.556111,-81.759556,3,-5,A,"Key West, FL",313,313,314,314,4.479233226837061,10.137380191693289,45.0,39.0,"Sat, Jul 28, 2018","Sun, Jul  1, 2018"
3832,Fairbanks International,Fairbanks,United States,FAI,PAFA,64.815114,-147.856267,434,-9,A,"Fairbanks, AK",475,476,477,477,3.4800000000000004,10.827731092436972,7.0,46.0,"Wed, Jul 18, 2018","Tue, Jul 17, 2018"
4292,Hector International Airport,Fargo,United States,FAR,KFAR,46.92065,-96.8157639,902,-6,A,"Fargo, ND",473,472,475,475,5.147991543340381,15.900423728813555,58.0,127.0,"Sun, Jul  8, 2018","Thu, Jul 12, 2018"
3687,Fresno Yosemite International,Fresno,United States,FAT,KFAT,36.776194,-119.71814,336,-8,A,"Fresno, CA",1030,1030,1035,1035,5.61650485436893,15.0504854368932,40.0,77.0,"Wed, Jul 25, 2018","Sun, Jul  1, 2018"
5738,Fayetteville Regional-Grannis Field,Fayetteville,United States,FAY,KFAY,34.9912,-78.8803,189,-5,A,"Fayetteville, NC",345,344,350,350,4.739130434782611,15.604651162790697,25.0,81.0,"Tue, Jul 24, 2018","Tue, Jul 31, 2018"
4127,Glacier Park International,Kalispell,United States,FCA,KFCA,48.310472,-114.256,2977,-7,A,"Kalispell, MT",403,402,403,403,4.372208436724568,14.395522388059701,16.0,40.0,"Sat, Jul  7, 2018","Sun, Jul 22, 2018"
4261,Flagstaff Pulliam Airport,Flagstaff,United States,FLG,KFLG,35.140318,-111.6692392,7015,-7,N,"Flagstaff, AZ",127,127,128,128,4.2047244094488185,17.73228346456693,46.0,91.0,"Fri, Jul 27, 2018","Sun, Jul 15, 2018"
3533,Fort Lauderdale Hollywood International,Fort Lauderdale,United States,FLL,KFLL,26.072583,-80.15275,9,-5,A,"Fort Lauderdale, FL",8026,8028,8146,8145,6.094069274856717,18.414549078226166,91.0,148.0,"Tue, Jul 10, 2018","Sun, Jul 22, 2018"
4089,Bishop International,Flint,United States,FNT,KFNT,42.965424,-83.743629,782,-5,A,"Flint, MI",334,334,337,337,4.712574850299399,12.970059880239527,15.0,60.0,"Fri, Jul 13, 2018","Sat, Jul  7, 2018"
4009,Sioux Falls,Sioux Falls,United States,FSD,KFSD,43.582014,-96.741914,1429,-6,A,"Sioux Falls, SD",519,518,527,526,5.175337186897878,15.42471042471042,78.0,75.0,"Thu, Jul 12, 2018","Mon, Jul 30, 2018"
3437,Fort Smith Regional,Fort Smith,United States,FSM,KFSM,35.336583,-94.367444,469,-6,A,"Fort Smith, AR",169,169,173,173,3.5384615384615383,14.928994082840239,35.0,87.0,"Wed, Jul 18, 2018","Sat, Jul 21, 2018"
4041,Fort Wayne,Fort Wayne,United States,FWA,KFWA,40.978472,-85.195139,815,-5,A,"Fort Wayne, IN",563,565,569,569,5.284191829484901,15.226548672566372,31.0,78.0,"Fri, Jul 20, 2018","Sun, Jul 29, 2018"
4296,Gillette-Campbell County Airport,Gillette,United States,GCC,KGCC,44.3489167,-105.5393611,4365,-7,A,"Gillette, WY",69,69,69,69,5.492753623188406,15.043478260869565,7.0,45.0,"Sun, Jul  8, 2018","Sat, Jul 28, 2018"
3497,Garden City Regional,Garden City,United States,GCK,KGCK,37.927528,-100.724417,2891,-6,A,"Garden City, KS",62,62,62,62,4.338709677419357,9.79032258064516,9.0,25.0,"Tue, Jul 17, 2018","Sat, Jul  7, 2018"
3467,Spokane International,Spokane,United States,GEG,KGEG,47.619861,-117.533833,2376,-8,A,"Spokane, WA",1090,1088,1095,1094,3.9165137614678898,11.680147058823534,44.0,55.0,"Fri, Jul  6, 2018","Wed, Jul 11, 2018"
3442,Grand Forks International,Grand Forks,United States,GFK,KGFK,47.949256,-97.176111,845,-6,A,"Grand Forks, ND",181,181,182,182,4.348066298342544,15.900552486187848,20.0,53.0,"Thu, Jul 19, 2018","Sun, Jul 29, 2018"
3465,East Texas Regional,Longview,United States,GGG,KGGG,32.384014,-94.711486,365,-6,A,"Longview, TX",78,78,80,80,4.32051282051282,13.679487179487182,10.0,35.0,"Sun, Jul  1, 2018","Fri, Jul 27, 2018"
4063,Grand Junction Regional,Grand Junction,United States,GJT,KGJT,39.122413,-108.526735,4858,-7,A,"Grand Junction, CO",356,362,357,376,4.126404494382027,14.88121546961326,25.0,49.0,"Wed, Jul 18, 2018","Sat, Jul 28, 2018"
3472,Gainesville Regional,Gainesville,United States,GNV,KGNV,29.690056,-82.271778,152,-5,A,"Gainesville, FL",363,361,367,366,4.509641873278233,13.662049861495843,73.0,63.0,"Sun, Jul 15, 2018","Thu, Jul 19, 2018"
4038,Gulfport-Biloxi,Gulfport,United States,GPT,KGPT,30.407278,-89.070111,28,-6,A,"Gulfport/Biloxi, MS",385,385,387,387,6.532467532467527,13.599999999999998,221.0,77.0,"Mon, Jul 16, 2018","Sat, Jul 14, 2018"
3653,Austin Straubel International,Green Bay,United States,GRB,KGRB,44.485072,-88.129589,695,-6,A,"Green Bay, WI",336,337,339,340,4.282738095238093,15.029673590504451,15.0,154.0,"Fri, Jul 13, 2018","Thu, Jul 12, 2018"
5740,Central Nebraska Regional Airport,Grand Island,United States,GRI,KGRI,40.9675,-98.3096,1847,-6,A,"Grand Island, NE",96,95,98,98,5.593750000000001,10.494736842105263,33.0,93.0,"Sun, Jul  1, 2018","Mon, Jul  9, 2018"
3775,Robert Gray AAF,Killeen,United States,GRK,KGRK,31.06725,-97.828917,1015,-6,A,"Killeen, TX",290,289,297,297,4.15862068965517,16.08304498269897,34.0,87.0,"Tue, Jul 17, 2018","Mon, Jul  9, 2018"
3685,Gerald R. Ford International,Grand Rapids,United States,GRR,KGRR,42.880833,-85.522806,794,-5,A,"Grand Rapids, MI",1477,1477,1502,1501,5.632362897765741,13.360866621530128,110.0,62.0,"Fri, Jul 13, 2018","Tue, Jul 31, 2018"
4008,Piedmont Triad,Greensboro,United States,GSO,KGSO,36.09775,-79.937306,925,-5,A,"Greensboro/High Point, NC",1134,1138,1176,1177,7.096119929453261,18.18453427065027,50.0,115.0,"Tue, Jul 31, 2018","Tue, Jul 31, 2018"
4034,Greenville-Spartanburg International,Greenville,United States,GSP,KGSP,34.895556,-82.218889,964,-5,A,"Greer, SC",1214,1218,1243,1241,4.229818780889619,14.839901477832512,32.0,94.0,"Sun, Jul  1, 2018","Thu, Jul  5, 2018"
5960,Gustavus Airport,Gustavus,United States,GST,PAGS,58.4253,-135.707,34,-9,A,"Gustavus, AK",30,30,31,31,5.666666666666667,7.466666666666667,9.0,15.0,"Wed, Jul 18, 2018","Sat, Jul  7, 2018"
3880,Great Falls International,Great Falls,United States,GTF,KGTF,47.482,-111.370689,3677,-7,A,"Great Falls, MT",190,190,190,190,4.0631578947368405,12.505263157894742,23.0,38.0,"Sat, Jul  7, 2018","Wed, Jul 25, 2018"
4273,Golden Triangle Regional Airport,Columbus Mississippi,United States,GTR,KGTR,33.450333,-88.591361,264,-6,A,"Columbus, MS",89,89,89,89,3.348314606741573,18.561797752808992,6.0,47.0,"Sun, Jul  1, 2018","Sun, Jul  8, 2018"
7051,Gunnison - Crested Butte,Gunnison,United States,GUC,KGUC,38.533889,-106.933056,7678,-7,A,"Gunnison, CO",31,31,31,31,4.967741935483871,13.64516129032258,11.0,35.0,"Mon, Jul  9, 2018","Sat, Jul 28, 2018"
4339,Yampa Valley,Hayden,United States,HDN,KHDN,40.481181,-107.21766,6602,-7,A,"Hayden, CO",32,32,32,32,4.8125,14.3125,18.0,26.0,"Sun, Jul  1, 2018","Fri, Jul 13, 2018"
6739,Hagerstown Regional-Richard A. Henson Field,Hagerstown,United States,HGR,KHGR,39.7079,-77.7295,704,-5,A,"Hagerstown, MD",18,18,18,18,6.055555555555555,8.722222222222221,10.0,15.0,"Fri, Jul 27, 2018","Mon, Jul 16, 2018"
7002,Hilton Head,Hilton Head,United States,HHH,KHHH,32.216,-80.752,10,-5,U,"Hilton Head, SC",79,78,81,80,7.341772151898734,19.679487179487175,15.0,44.0,"Mon, Jul 16, 2018","Thu, Jul 12, 2018"
3650,Chisholm Hibbing,Hibbing,United States,HIB,KHIB,47.3866,-92.838994,1353,-6,A,"Hibbing, MN",52,52,52,52,2.8846153846153846,12.961538461538462,6.0,33.0,"Tue, Jul  3, 2018","Mon, Jul  9, 2018"
3504,Helena Regional,Helena,United States,HLN,KHLN,46.606806,-111.98275,3877,-7,A,"Helena, MT",183,183,183,183,3.3442622950819674,15.508196721311476,13.0,44.0,"Fri, Jul  6, 2018","Wed, Jul 25, 2018"
3728,Honolulu International,Honolulu,United States,HNL,PHNL,21.318681,-157.922428,13,-10,N,"Honolulu, HI",4411,4408,4417,4416,7.554296077986856,16.12794918330305,58.0,83.0,"Sat, Jul 14, 2018","Wed, Jul 18, 2018"
3749,Lea County Regional,Hobbs,United States,HOB,KHOB,32.687528,-103.217028,3661,-7,A,"Hobbs, NM",58,58,58,58,4.5344827586206895,11.137931034482756,13.0,27.0,"Fri, Jul  6, 2018","Thu, Jul 19, 2018"
3566,William P. Hobby,Houston,United States,HOU,KHOU,29.645419,-95.278889,46,-6,A,"Houston, TX",5061,5064,5125,5125,6.440426793123888,10.790679304897306,73.0,96.0,"Thu, Jul 12, 2018","Tue, Jul 10, 2018"
3589,Westchester County,White Plains,United States,HPN,KHPN,41.066959,-73.707575,439,-5,A,"White Plains, NY",847,849,863,863,5.618654073199528,18.063604240282697,129.0,164.0,"Tue, Jul  3, 2018","Fri, Jul 27, 2018"
3560,Valley International,Harlingen,United States,HRL,KHRL,26.2285,-97.654389,36,-6,A,"Harlingen/San Benito, TX",285,284,285,285,3.1578947368421066,9.947183098591555,20.0,36.0,"Sat, Jul 21, 2018","Sun, Jul  8, 2018"
4113,Huntsville International Airport-Carl T. Jones Field,Huntsville,United States,HSV,KHSV,34.6371944,-86.7750556,629,-6,A,"Huntsville, AL",708,715,724,722,5.17090395480226,15.209790209790217,30.0,64.0,"Tue, Jul 10, 2018","Wed, Jul 11, 2018"
5742,TriState-Milton J. Ferguson Field,Huntington,United States,HTS,KHTS,38.3667,-82.558,828,-5,A,"Ashland, WV",157,156,161,161,5.535031847133758,9.570512820512823,50.0,26.0,"Mon, Jul 23, 2018","Thu, Jul  5, 2018"
4006,Tweed-New Haven Airport,New Haven,United States,HVN,KHVN,41.26375,-72.886806,14,-5,A,"New Haven, CT",71,74,84,84,3.8028169014084505,8.297297297297302,7.0,49.0,"Fri, Jul 13, 2018","Sun, Jul 22, 2018"
4278,Barnstable Municipal-Boardman Polando Field,Barnstable,United States,HYA,KHYA,41.669336,-70.280356,55,-5,A,"Hyannis, MA",31,31,31,31,3.6774193548387095,9.451612903225806,8.0,31.0,"Sat, Jul  7, 2018","Sun, Jul 22, 2018"
7014,Hays Regional Airport,Hays,United States,HYS,KHYS,38.8422,-99.2732,1998,-5,A,"Hays, KS",103,103,105,105,4.611650485436895,12.524271844660195,9.0,32.0,"Wed, Jul 18, 2018","Mon, Jul 23, 2018"
3714,Washington Dulles International,Washington,United States,IAD,KIAD,38.944533,-77.455811,313,-5,A,"Washington, DC",6140,6141,6214,6216,6.084853420195442,20.569939749226524,94.0,142.0,"Wed, Jul 25, 2018","Wed, Jul 25, 2018"
3630,Niagara Falls International,Niagara Falls,United States,IAG,KIAG,43.107333,-78.946194,589,-5,A,"Niagara Falls, NY",66,66,66,66,8.106060606060606,14.348484848484848,14.0,50.0,"Sun, Jul 22, 2018","Thu, Jul 12, 2018"
3550,George Bush Intercontinental Houston,Houston,United States,IAH,KIAH,29.984433,-95.341442,97,-6,A,"Houston, TX",14968,14987,15060,15060,7.956173169428088,17.929805831720888,77.0,127.0,"Mon, Jul 30, 2018","Thu, Jul  5, 2018"
3457,Wichita Mid Continent,Wichita,United States,ICT,KICT,37.649944,-97.433056,1333,-6,A,"Wichita, KS",970,968,977,977,4.569072164948442,13.29855371900826,35.0,67.0,"Fri, Jul 13, 2018","Thu, Jul 19, 2018"
4100,Idaho Falls Regional,Idaho Falls,United States,IDA,KIDA,43.514556,-112.07075,4744,-7,A,"Idaho Falls, ID",205,205,205,205,4.541463414634143,11.458536585365852,19.0,46.0,"Sat, Jul  7, 2018","Wed, Jul 25, 2018"
3845,Wilmington International,Wilmington,United States,ILM,KILM,34.270615,-77.902569,32,-5,A,"Wilmington, NC",621,616,636,636,4.486312399355878,15.00974025974026,66.0,134.0,"Sun, Jul 22, 2018","Mon, Jul 23, 2018"
6837,Ford Airport,Iron Mountain,United States,IMT,KIMT,45.8183611,-88.1145556,1182,-5,A,"Iron Mountain/Kingsfd, MI",58,59,58,59,4.620689655172414,12.610169491525424,25.0,25.0,"Mon, Jul  2, 2018","Thu, Jul 26, 2018"
3585,Indianapolis International,Indianapolis,United States,IND,KIND,39.717331,-86.294383,797,-5,A,"Indianapolis, IN",4242,4249,4342,4341,5.952145214521456,13.958343139562253,59.0,110.0,"Thu, Jul  5, 2018","Sun, Jul 15, 2018"
3535,Falls International,International Falls,United States,INL,KINL,48.566186,-93.403067,1185,-6,A,"International Falls, MN",61,61,61,61,4.245901639344263,16.016393442622952,6.0,59.0,"Mon, Jul 16, 2018","Thu, Jul 19, 2018"
3659,Sloulin Field International,Williston,United States,ISN,KISN,48.177939,-103.642347,1982,-7,A,"Williston, ND",121,122,121,122,4.661157024793386,20.39344262295082,16.0,42.0,"Fri, Jul  6, 2018","Sun, Jul  8, 2018"
3857,Long Island MacArthur,Islip,United States,ISP,KISP,40.79525,-73.100222,99,-5,A,"Islip, NY",532,529,541,540,4.708646616541353,10.574669187145568,43.0,29.0,"Sun, Jul  8, 2018","Sun, Jul  8, 2018"
3947,Ithaca Tompkins Regional,Ithaca,United States,ITH,KITH,42.491028,-76.458444,1099,-5,A,"Ithaca/Cortland, NY",71,71,71,71,3.859154929577465,19.3661971830986,14.0,89.0,"Wed, Jul  4, 2018","Thu, Jul 26, 2018"
3415,Hilo International,Hilo,United States,ITO,PHTO,19.721375,-155.048469,38,-10,N,"Hilo, HI",538,507,538,507,5.596654275092937,9.108481262327414,18.0,20.0,"Sat, Jul 21, 2018","Thu, Jul 19, 2018"
4027,Jackson Hole Airport,Jacksn Hole,United States,JAC,KJAC,43.60733333,-110.73775,6451,-7,A,"Jackson, WY",592,591,593,594,4.076013513513522,16.25549915397631,43.0,71.0,"Sat, Jul 21, 2018","Sun, Jul 29, 2018"
3580,Jackson Evers International,Jackson,United States,JAN,KJAN,32.311167,-90.075889,346,-6,A,"Jackson/Vicksburg, MS",659,661,669,668,4.858877086494683,13.676248108925867,48.0,56.0,"Thu, Jul 12, 2018","Wed, Jul  4, 2018"
3712,Jacksonville International,Jacksonville,United States,JAX,KJAX,30.494056,-81.687861,30,-5,A,"Jacksonville, FL",2748,2740,2807,2809,6.131004366812221,13.971532846715345,163.0,122.0,"Sun, Jul 22, 2018","Sat, Jul 21, 2018"
3797,John F. Kennedy International,New York,United States,JFK,KJFK,40.639751,-73.778925,13,-5,A,"New York, NY",11277,11279,11739,11732,10.506695043007891,33.43133256494355,108.0,176.0,"Wed, Jul  4, 2018","Sun, Jul 22, 2018"
4354,Joplin Regional,Joplin,United States,JLN,KJLN,37.151814,-94.498269,981,-6,A,"Joplin, MO",78,78,78,78,4.397435897435899,17.71794871794871,12.0,41.0,"Thu, Jul  5, 2018","Fri, Jul 27, 2018"
5745,Jamestown Regional Airport,Jamestown,United States,JMS,KJMS,46.9297,-98.6782,1498,-6,A,"Jamestown, ND",81,81,82,82,4.246913580246915,14.024691358024691,6.0,26.0,"Wed, Jul 18, 2018","Wed, Jul 18, 2018"
3492,Juneau International,Juneau,United States,JNU,PAJN,58.354972,-134.576278,21,-9,A,"Juneau, AK",509,508,511,510,3.8113948919449903,12.818897637795276,15.0,62.0,"Tue, Jul 17, 2018","Tue, Jul 10, 2018"
3514,Kona International At Keahole,Kona,United States,KOA,PHKO,19.738767,-156.045631,47,-10,N,"Kona, HI",1359,1387,1362,1393,5.448123620309055,11.219899062725307,41.0,45.0,"Tue, Jul  3, 2018","Wed, Jul 18, 2018"
3808,Ketchikan International,Ketchikan,United States,KTN,PAKT,55.355556,-131.71375,88,-9,A,"Ketchikan, AK",273,274,274,275,4.157509157509162,10.82481751824818,16.0,37.0,"Thu, Jul 26, 2018","Wed, Jul 18, 2018"
3544,Capital City,Lansing,United States,LAN,KLAN,42.7787,-84.587357,861,-5,A,"Lansing, MI",253,253,254,254,4.26482213438735,14.561264822134387,17.0,68.0,"Thu, Jul 26, 2018","Thu, Jul 26, 2018"
5746,Laramie Regional Airport,Laramie,United States,LAR,KLAR,41.3121,-105.675,7284,-7,A,"Laramie, WY",52,52,52,52,5.076923076923078,18.326923076923073,27.0,103.0,"Mon, Jul 16, 2018","Sat, Jul 28, 2018"
3877,McCarran International,Las Vegas,United States,LAS,KLAS,36.080056,-115.15225,2141,-8,A,"Las Vegas, NV",13965,13953,14133,14133,7.336985320443967,16.15423206478893,112.0,122.0,"Mon, Jul 23, 2018","Thu, Jul 12, 2018"
4256,Lawton-Fort Sill Regional Airport,Lawton,United States,LAW,KLAW,34.5677144,-98.4166367,1110,-6,A,"Lawton/Fort Sill, OK",117,117,120,120,2.786324786324786,11.692307692307692,10.0,40.0,"Tue, Jul 31, 2018","Wed, Jul 11, 2018"
3484,Los Angeles International,Los Angeles,United States,LAX,KLAX,33.942536,-118.408075,126,-8,A,"Los Angeles, CA",19795,19828,20032,20033,12.499469563020973,19.201331450474,127.0,135.0,"Fri, Jul 20, 2018","Wed, Jul 11, 2018"
3829,Lubbock Preston Smith International,Lubbock,United States,LBB,KLBB,33.663639,-101.822778,3282,-6,A,"Lubbock, TX",569,569,575,575,3.9753954305799617,11.787346221441124,18.0,38.0,"Fri, Jul 13, 2018","Tue, Jul 17, 2018"
5747,Arnold Palmer Regional Airport,Latrobe,United States,LBE,KLBE,40.2759,-79.4048,1185,-5,A,"Latrobe, PA",91,92,93,93,8.0,11.271739130434785,27.0,21.0,"Tue, Jul 17, 2018","Sat, Jul 28, 2018"
5748,North Platte Regional Airport-Lee Bird Field,North Platte,United States,LBF,KLBF,41.1262,-100.684,2776,-6,A,"North Platte, NE",52,52,52,52,5.115384615384617,12.653846153846153,10.0,42.0,"Fri, Jul 20, 2018","Tue, Jul 17, 2018"
4341,Liberal Municipal,Liberal,United States,LBL,KLBL,37.044222,-100.95986,2885,-6,A,"Liberal, KS",53,52,53,52,5.452830188679245,17.115384615384617,16.0,71.0,"Sun, Jul 22, 2018","Wed, Jul 25, 2018"
3513,Lake Charles Regional,Lake Charles,United States,LCH,KLCH,30.126112,-93.223335,15,-6,A,"Lake Charles, LA",170,170,171,171,5.047058823529412,11.323529411764707,28.0,75.0,"Thu, Jul 12, 2018","Mon, Jul  9, 2018"
3674,Rickenbacker International,Columbus,United States,LCK,KLCK,39.813786,-82.927822,744,-5,A,"Columbus, OH",137,137,139,139,5.72992700729927,11.474452554744525,11.0,35.0,"Tue, Jul 17, 2018","Thu, Jul 19, 2018"
4017,Blue Grass,Lexington KY,United States,LEX,KLEX,38.0365,-84.605889,979,-5,A,"Lexington, KY",953,951,963,964,4.803777544596013,15.82439537329128,82.0,99.0,"Fri, Jul 20, 2018","Tue, Jul 31, 2018"
3493,Lafayette Regional,Lafayette,United States,LFT,KLFT,30.205278,-91.987611,43,-6,A,"Lafayette, LA",339,340,342,343,5.097345132743361,15.032352941176466,20.0,80.0,"Mon, Jul 16, 2018","Sun, Jul 29, 2018"
3697,LaGuardia Airport,New York,United States,LGA,KLGA,40.777245,-73.872608,22,-5,A,"New York, NY",13956,13989,14788,14786,9.004227572370468,28.257630995782385,101.0,168.0,"Mon, Jul  2, 2018","Fri, Jul 27, 2018"
3582,Long Beach,Long Beach,United States,LGB,KLGB,33.817722,-118.151611,60,-8,A,"Long Beach, CA",1484,1487,1496,1496,4.441374663072777,13.641560188298586,26.0,79.0,"Fri, Jul 20, 2018","Sun, Jul  1, 2018"
3602,Lihue,Lihue,United States,LIH,PHLI,21.975983,-159.338958,153,-10,N,"Lihue, HI",1325,1323,1327,1329,6.146415094339624,10.857898715041589,50.0,86.0,"Thu, Jul 12, 2018","Tue, Jul 17, 2018"
3660,Adams Field,Little Rock,United States,LIT,KLIT,34.729444,-92.224306,262,-6,A,"Little Rock, AR",1199,1196,1207,1206,6.22268557130942,13.607859531772583,96.0,93.0,"Sun, Jul 15, 2018","Tue, Jul 10, 2018"
3543,Lincoln,Lincoln,United States,LNK,KLNK,40.850971,-96.75925,1219,-6,A,"Lincoln, NE",166,167,166,167,3.897590361445783,16.898203592814365,9.0,81.0,"Tue, Jul 17, 2018","Mon, Jul 23, 2018"
3691,Laredo International,Laredo,United States,LRD,KLRD,27.54375,-99.461556,508,-6,A,"Laredo, TX",203,201,206,206,3.6305418719211815,11.79601990049751,8.0,49.0,"Sat, Jul 28, 2018","Wed, Jul 11, 2018"
4044,LaCrosse Municipal,LaCrosse,United States,LSE,KLSE,43.878986,-91.256711,654,-6,A,"La Crosse, WI",195,195,198,198,3.882051282051282,14.984615384615386,10.0,79.0,"Fri, Jul 13, 2018","Sun, Jul  1, 2018"
6958,Greenbrier Valley Airport,Lewisburg,United States,LWB,KLWB,37.858333,-80.399444,2302,-5,U,"Lewisburg, WV",75,74,75,75,4.3066666666666675,14.5,7.0,46.0,"Wed, Jul 18, 2018","Wed, Jul  4, 2018"
3945,Lewiston Nez Perce County,Lewiston,United States,LWS,KLWS,46.3745,-117.015389,1442,-8,A,"Lewiston, ID",60,60,60,60,4.05,11.699999999999998,6.0,20.0,"Tue, Jul 17, 2018","Mon, Jul 30, 2018"
5753,Lynchburg Regional-Preston Glenn Field,Lynchburg,United States,LYH,KLYH,37.3267,-79.2004,938,-5,A,"Lynchburg, VA",90,91,91,92,3.422222222222222,13.725274725274724,10.0,34.0,"Tue, Jul 17, 2018","Sun, Jul 29, 2018"
3652,Midland International,Midland,United States,MAF,KMAF,31.942528,-102.201914,2871,-6,A,"Midland/Odessa, TX",748,750,762,762,3.664438502673797,12.902666666666667,42.0,43.0,"Mon, Jul 30, 2018","Sun, Jul 29, 2018"
4128,MBS International,Saginaw,United States,MBS,KMBS,43.532913,-84.079647,668,-5,A,"Saginaw/Bay City/Midland, MI",247,243,249,247,4.493927125506073,14.76954732510288,15.0,72.0,"Thu, Jul 26, 2018","Thu, Jul 26, 2018"
3458,Kansas City International,Kansas City,United States,MCI,KMCI,39.297606,-94.713905,1026,-6,A,"Kansas City, MO",5006,5007,5063,5064,5.458449860167807,11.417016177351643,50.0,133.0,"Mon, Jul 23, 2018","Thu, Jul 12, 2018"
3878,Orlando International,Orlando,United States,MCO,KMCO,28.429394,-81.308994,96,-5,A,"Orlando, FL",11750,11759,11986,11991,10.448680851063761,15.73713751169318,193.0,137.0,"Fri, Jul 27, 2018","Fri, Jul 27, 2018"
3542,Harrisburg International,Harrisburg,United States,MDT,KMDT,40.193494,-76.763403,310,-5,A,"Harrisburg, PA",524,525,539,538,5.37595419847328,14.22095238095238,47.0,64.0,"Sun, Jul 29, 2018","Sat, Jul 21, 2018"
3747,Chicago Midway International,Chicago,United States,MDW,KMDW,41.785972,-87.752417,620,-6,A,"Chicago, IL",7978,7989,8115,8115,6.122085735773388,11.71323069220174,58.0,121.0,"Tue, Jul 24, 2018","Thu, Jul  5, 2018"
4335,Key Field,Meridian,United States,MEI,KMEI,32.332624,-88.751868,297,-6,A,"Meridian, MS",92,92,93,92,4.7717391304347805,15.77173913043479,8.0,38.0,"Tue, Jul 17, 2018","Mon, Jul 16, 2018"
3473,Memphis International,Memphis,United States,MEM,KMEM,35.042417,-89.976667,341,-6,A,"Memphis, TN",1972,1971,2010,2010,5.715010141987834,14.950786402841198,77.0,105.0,"Fri, Jul 13, 2018","Wed, Jul 18, 2018"
3826,McAllen Miller International,Mcallen,United States,MFE,KMFE,26.175833,-98.238611,107,-6,A,"Mission/McAllen/Edinburg, TX",439,437,445,445,4.291571753986338,11.475972540045767,13.0,50.0,"Thu, Jul 26, 2018","Sat, Jul  7, 2018"
4101,Rogue Valley International Medford,Medford,United States,MFR,KMFR,42.374228,-122.8735,1335,-8,A,"Medford, OR",484,484,486,485,6.528925619834711,14.99793388429752,37.0,45.0,"Sat, Jul  7, 2018","Mon, Jul  2, 2018"
4115,Montgomery Regional Airport ,MONTGOMERY,United States,MGM,KMGM,32.3006389,-86.3939722,221,-6,A,"Montgomery, AL",374,374,380,380,3.53475935828877,16.026737967914436,19.0,90.0,"Sun, Jul 22, 2018","Mon, Jul 16, 2018"
4050,Manhattan Regional,Manhattan,United States,MHK,KMHK,39.140972,-96.670833,1057,-6,A,"Manhattan/Ft. Riley, KS",171,171,173,173,4.128654970760232,11.52631578947368,27.0,31.0,"Fri, Jul 13, 2018","Tue, Jul 31, 2018"
4011,Manchester Regional Airport,Manchester NH,United States,MHT,KMHT,42.932556,-71.435667,266,-5,A,"Manchester, NH",820,819,854,852,4.8524390243902475,13.415140415140415,59.0,103.0,"Tue, Jul 17, 2018","Sun, Jul 22, 2018"
3576,Miami International,Miami,United States,MIA,KMIA,25.79325,-80.290556,8,-5,A,"Miami, FL",7350,7363,7513,7518,11.10571428571428,21.37226673910097,126.0,145.0,"Wed, Jul 25, 2018","Mon, Jul 23, 2018"
3717,General Mitchell International,Milwaukee,United States,MKE,KMKE,42.947222,-87.896583,723,-6,A,"Milwaukee, WI",2834,2825,2874,2872,4.858856739590684,12.321061946902672,56.0,114.0,"Sun, Jul  8, 2018","Tue, Jul 24, 2018"
5754,Muskegon County Airport,Muskegon,United States,MKG,KMKG,43.1695,-86.2382,628,-5,A,"Muskegon, MI",61,59,62,62,4.6557377049180335,15.389830508474576,8.0,32.0,"Sun, Jul 15, 2018","Mon, Jul  9, 2018"
3671,Melbourne International,Melbourne,United States,MLB,KMLB,28.102753,-80.645258,33,-5,A,"Melbourne, FL",183,183,184,184,6.420765027322404,15.37704918032787,92.0,45.0,"Sat, Jul 28, 2018","Fri, Jul 13, 2018"
4072,Quad City International,Moline,United States,MLI,KMLI,41.448528,-90.507539,590,-6,A,"Moline, IL",428,429,434,434,5.345794392523362,15.356643356643357,51.0,74.0,"Sun, Jul  8, 2018","Fri, Jul 20, 2018"
3732,Monroe Regional,Monroe,United States,MLU,KMLU,32.510864,-92.037689,79,-6,A,"Monroe, LA",282,280,284,284,4.180851063829785,14.546428571428573,10.0,76.0,"Mon, Jul  2, 2018","Tue, Jul 31, 2018"
3782,Mobile Regional,Mobile,United States,MOB,KMOB,30.691231,-88.242814,219,-6,A,"Mobile, AL",556,553,562,562,4.658273381294963,14.368896925858948,37.0,104.0,"Thu, Jul 12, 2018","Sat, Jul 21, 2018"
3498,Minot International,Minot,United States,MOT,KMOT,48.259378,-101.280333,1716,-6,A,"Minot, ND",252,253,253,254,4.9523809523809526,14.727272727272727,15.0,72.0,"Thu, Jul 26, 2018","Thu, Jul 12, 2018"
6838,Sawyer International Airport,Marquette,United States,MQT,KMQT,46.353611,-87.395278,1221,-5,A,"Marquette, MI",135,136,137,137,4.044444444444445,15.360294117647058,8.0,60.0,"Sat, Jul  7, 2018","Fri, Jul  6, 2018"
3948,Monterey Peninsula,Monterey,United States,MRY,KMRY,36.587,-121.842944,257,-8,A,"Monterey, CA",352,352,368,368,3.4062500000000004,15.701704545454545,8.0,60.0,"Mon, Jul 30, 2018","Sat, Jul  7, 2018"
3459,Dane County Regional-Truax Field,Madison,United States,MSN,KMSN,43.139858,-89.337514,887,-6,A,"Madison, WI",1136,1141,1160,1160,4.689260563380274,13.757230499561794,45.0,135.0,"Sun, Jul 22, 2018","Tue, Jul 24, 2018"
4216,Missoula International,Missoula,United States,MSO,KMSO,46.916306,-114.090556,3205,-7,A,"Missoula, MT",520,520,522,524,8.109615384615385,13.919230769230767,54.0,66.0,"Mon, Jul 16, 2018","Thu, Jul  5, 2018"
3858,Minneapolis St. Paul International,Minneapolis,United States,MSP,KMSP,44.881956,-93.221767,841,-6,A,"Minneapolis, MN",14772,14780,14830,14833,5.992215001353918,18.45345060893093,97.0,144.0,"Wed, Jul  4, 2018","Thu, Jul 12, 2018"
3861,Louis Armstrong New Orleans International,New Orleans,United States,MSY,KMSY,29.993389,-90.258028,4,-6,A,"New Orleans, LA",4690,4683,4750,4751,5.680170575692966,11.79478966474481,77.0,99.0,"Mon, Jul 16, 2018","Sun, Jul 22, 2018"
6880,Montrose Regional Airport,Montrose CO,United States,MTJ,KMTJ,38.509794,-107.894242,5759,-7,A,"Montrose/Delta, CO",161,159,165,165,5.14285714285714,16.163522012578618,17.0,83.0,"Sat, Jul  7, 2018","Sun, Jul 29, 2018"
4265,Martha's Vineyard,Vineyard Haven MA,United States,MVY,KMVY,41.391667,-70.615278,67,-5,A,"Martha's Vineyard, MA",170,170,175,175,4.852941176470588,15.041176470588233,45.0,47.0,"Sun, Jul 15, 2018","Mon, Jul 23, 2018"
3515,Myrtle Beach International,Myrtle Beach,United States,MYR,KMYR,33.67975,-78.928333,25,-5,A,"Myrtle Beach, SC",1430,1423,1448,1448,5.6188811188811245,12.7962052002811,66.0,58.0,"Wed, Jul 18, 2018","Thu, Jul 19, 2018"
4386,Albert J. Ellis,Jacksonville NC,United States,OAJ,KOAJ,34.829164,-77.612139,94,-5,A,"Jacksonville/Camp Lejeune, NC",291,289,294,293,3.4742268041237105,16.782006920415224,9.0,72.0,"Wed, Jul  4, 2018","Sat, Jul 14, 2018"
3453,Metropolitan Oakland International,Oakland,United States,OAK,KOAK,37.721278,-122.220722,9,-8,A,"Oakland, CA",4732,4732,4811,4811,5.90891800507184,12.244294167371091,65.0,77.0,"Mon, Jul 23, 2018","Mon, Jul  9, 2018"
3456,Kahului,Kahului,United States,OGG,PHOG,20.89865,-156.430458,54,-10,N,"Kahului, HI",2309,2306,2311,2310,7.151147682979646,10.420208152645271,105.0,53.0,"Sat, Jul 28, 2018","Thu, Jul  5, 2018"
3724,Ogdensburg International,Ogdensburg,United States,OGS,KOGS,44.681854,-75.4655,297,-5,A,"Ogdensburg, NY",8,8,10,10,7.25,17.25,11.0,37.0,"Wed, Jul 18, 2018","Wed, Jul 25, 2018"
3863,Will Rogers World,Oklahoma City,United States,OKC,KOKC,35.393089,-97.600733,1295,-6,A,"Oklahoma City, OK",2097,2101,2121,2120,4.963757749165482,12.685387910518807,47.0,146.0,"Mon, Jul  9, 2018","Thu, Jul 12, 2018"
3454,Eppley Airfield,Omaha,United States,OMA,KOMA,41.303167,-95.894069,984,-6,A,"Omaha, NE",2191,2184,2228,2231,4.298037425832951,12.68315018315018,51.0,121.0,"Wed, Jul 25, 2018","Mon, Jul 16, 2018"
3615,Nome,Nome,United States,OME,PAOM,64.512203,-165.445247,37,-9,A,"Nome, AK",61,61,61,61,3.8360655737704916,7.622950819672132,6.0,21.0,"Sat, Jul 14, 2018","Thu, Jul  5, 2018"
3734,Ontario International,Ontario,United States,ONT,KONT,34.056,-117.601194,944,-8,A,"Ontario, CA",1793,1792,1808,1808,4.3201338538761815,10.835937500000012,59.0,76.0,"Mon, Jul  9, 2018","Sat, Jul  7, 2018"
3830,Chicago O'Hare International,Chicago,United States,ORD,KORD,41.978603,-87.904842,668,-6,A,"Chicago, IL",29534,29571,29995,29993,14.017302092503572,22.774779344628097,167.0,152.0,"Sun, Jul 15, 2018","Fri, Jul  6, 2018"
3611,Norfolk International,Norfolk,United States,ORF,KORF,36.894611,-76.201222,26,-5,A,"Norfolk, VA",1959,1959,2036,2037,4.63093415007657,14.522715671260855,79.0,142.0,"Tue, Jul 17, 2018","Fri, Jul  6, 2018"
6426,Worcester Regional Airport,Worcester,United States,ORH,KORH,42.2673,-71.8757,1009,-5,U,"Worcester, MA",88,88,93,93,4.46590909090909,12.159090909090908,15.0,84.0,"Wed, Jul 18, 2018","Wed, Jul 25, 2018"
5757,Southwest Oregon Regional Airport,North Bend,United States,OTH,KOTH,43.4171,-124.246,17,-8,A,"North Bend/Coos Bay, OR",40,40,40,40,4.15,15.85,6.0,59.0,"Sun, Jul  1, 2018","Tue, Jul 10, 2018"
3693,Ralph Wien Memorial,Kotzebue,United States,OTZ,PAOT,66.884678,-162.59855,11,-9,A,"Kotzebue, AK",61,61,61,61,3.721311475409836,8.21311475409836,20.0,25.0,"Thu, Jul 26, 2018","Sun, Jul  8, 2018"
5758,Owensboro Daviess County Airport,Owensboro,United States,OWB,KOWB,37.7401,-87.1668,406,-6,A,"Owensboro, KY",9,9,9,9,5.555555555555555,5.222222222222222,7.0,7.0,"Mon, Jul  2, 2018","Mon, Jul 23, 2018"
4117,Barkley Regional Airport,PADUCAH,United States,PAH,KPAH,37.0602875,-88.7729583,410,-6,A,"Paducah, KY",60,60,61,61,4.799999999999998,12.816666666666666,22.0,42.0,"Wed, Jul 11, 2018","Fri, Jul 20, 2018"
3771,Plattsburgh International,Plattsburgh,United States,PBG,KPBG,44.650944,-73.468139,234,-5,A,"Plattsburgh, NY",60,60,60,60,5.666666666666667,12.016666666666667,9.0,30.0,"Thu, Jul 12, 2018","Tue, Jul 10, 2018"
3722,Palm Beach International,West Palm Beach,United States,PBI,KPBI,26.683161,-80.095589,19,-5,A,"West Palm Beach/Palm Beach, FL",1754,1757,1787,1787,4.8403648802736665,14.346613545816728,133.0,122.0,"Sun, Jul 22, 2018","Fri, Jul 27, 2018"
3720,Portland International,Portland,United States,PDX,KPDX,45.588722,-122.5975,30,-8,A,"Portland, OR",6283,6281,6318,6319,4.859939519337905,13.653717560897942,50.0,104.0,"Fri, Jul 27, 2018","Sun, Jul 29, 2018"
7056,Charlotte County-Punta Gorda Airport,Punta Gorda,United States,PGD,KPGD,26.919722,-81.990556,26,-5,A,"Punta Gorda, FL",460,464,467,465,9.571739130434782,10.950431034482754,132.0,28.0,"Wed, Jul  4, 2018","Tue, Jul  3, 2018"
6959,Pitt-Greenville Airport,Greenville,United States,PGV,KPGV,35.635278,-77.385278,27,-5,A,"Greenville, NC",145,144,147,147,3.2137931034482756,15.895833333333323,36.0,68.0,"Tue, Jul 24, 2018","Wed, Jul 25, 2018"
3633,Newport News Williamsburg International,Newport News,United States,PHF,KPHF,37.131894,-76.492989,43,-5,A,"Newport News/Williamsburg, VA",276,273,278,277,5.036231884057971,13.117216117216117,129.0,39.0,"Fri, Jul 27, 2018","Wed, Jul 25, 2018"
3752,Philadelphia International,Philadelphia,United States,PHL,KPHL,39.871944,-75.241139,36,-5,A,"Philadelphia, PA",10093,10109,10546,10551,9.358763499455044,24.804827381541244,172.0,154.0,"Tue, Jul  3, 2018","Tue, Jul 17, 2018"
3462,Phoenix Sky Harbor International,Phoenix,United States,PHX,KPHX,33.434278,-112.011583,1135,-7,N,"Phoenix, AZ",14641,14691,14862,14862,8.36869066320606,15.928936083316296,84.0,160.0,"Mon, Jul 30, 2018","Tue, Jul 31, 2018"
4046,Peoria Regional,Peoria,United States,PIA,KPIA,40.664203,-89.693258,660,-6,A,"Peoria, IL",441,442,444,445,4.9727891156462585,15.468325791855204,24.0,91.0,"Sun, Jul 15, 2018","Fri, Jul 20, 2018"
5759,Hattiesburg Laurel Regional Airport,Hattiesburg/Laurel,United States,PIB,KPIB,31.4671,-89.3371,298,-6,A,"Hattiesburg/Laurel, MS",61,61,62,62,4.704918032786885,17.836065573770494,10.0,40.0,"Sat, Jul 14, 2018","Mon, Jul  2, 2018"
3617,St. Petersburg Clearwater International,St. Petersburg,United States,PIE,KPIE,27.910167,-82.687389,10,-5,A,"St. Petersburg, FL",743,744,749,747,8.606998654104968,13.276881720430097,208.0,68.0,"Thu, Jul  5, 2018","Thu, Jul 26, 2018"
5760,Pocatello Regional Airport,Pocatello,United States,PIH,KPIH,42.9098,-112.596,4452,-7,A,"Pocatello, ID",99,99,99,99,3.3333333333333335,14.11111111111111,7.0,30.0,"Mon, Jul  2, 2018","Fri, Jul 20, 2018"
3570,Pittsburgh International,Pittsburgh (pennsylva),United States,PIT,KPIT,40.491467,-80.232872,1204,-5,A,"Pittsburgh, PA",4234,4233,4345,4344,5.7909777987718485,14.394046775336644,114.0,154.0,"Mon, Jul  2, 2018","Mon, Jul  2, 2018"
5762,Pellston Regional Airport of Emmet County Airport,Pellston,United States,PLN,KPLN,45.5709,-84.7967,720,-5,A,"Pellston, MI",132,133,132,133,4.977272727272727,14.842105263157896,11.0,54.0,"Sat, Jul 28, 2018","Sun, Jul 15, 2018"
3564,Pensacola Regional,Pensacola,United States,PNS,KPNS,30.473425,-87.186611,121,-6,A,"Pensacola, FL",1109,1109,1125,1125,4.400360685302067,13.932371505861134,45.0,128.0,"Mon, Jul  9, 2018","Sat, Jul 21, 2018"
6133,Tri Cities Airport,Pasco,United States,PSC,PSC,46.2647,-119.119,410,-8,A,"Pasco/Kennewick/Richland, WA",275,275,277,277,5.247272727272727,13.47272727272727,16.0,33.0,"Tue, Jul 31, 2018","Fri, Jul  6, 2018"
4147,Petersburg James A. Johnson,Petersburg,United States,PSG,PAPG,56.801667,-132.945278,105,-9,A,"Petersburg, AK",62,62,62,62,3.693548387096774,8.806451612903228,6.0,29.0,"Sun, Jul  1, 2018","Sun, Jul 22, 2018"
5763,Pease International Tradeport,Portsmouth,United States,PSM,KPSM,43.0779,-70.8233,100,-5,A,"Portsmouth, NH",30,30,30,30,5.033333333333335,12.7,10.0,29.0,"Sun, Jul 22, 2018","Thu, Jul 19, 2018"
3839,Palm Springs International,Palm Springs,United States,PSP,KPSP,33.829667,-116.506694,477,-8,A,"Palm Springs, CA",566,567,568,569,4.773851590106004,15.721340388007055,21.0,66.0,"Mon, Jul 23, 2018","Sun, Jul 29, 2018"
3527,Pueblo Memorial,Pueblo Memorial,United States,PUB,KPUB,38.289085,-104.496572,4726,-7,A,"Pueblo, CO",77,78,77,78,4.636363636363637,14.423076923076923,13.0,32.0,"Tue, Jul 17, 2018","Thu, Jul 12, 2018"
3641,Theodore Francis Green State,Providence,United States,PVD,KPVD,41.732581,-71.420383,55,-5,A,"Providence, RI",1573,1565,1621,1622,5.055308328035601,12.637699680511199,38.0,104.0,"Tue, Jul 10, 2018","Wed, Jul 25, 2018"
7579,Provo Municipal Airport,Provo,United States,PVU,KPVU,40.21805555,-111.7222222,4497,-6,A,"Provo, UT",49,49,49,49,5.877551020408164,13.204081632653061,9.0,22.0,"Mon, Jul  9, 2018","Tue, Jul 10, 2018"
3862,Portland International Jetport,Portland,United States,PWM,KPWM,43.646161,-70.309281,77,-5,A,"Portland, ME",1290,1290,1345,1344,5.359689922480621,14.933333333333339,138.0,118.0,"Tue, Jul 17, 2018","Sun, Jul 22, 2018"
4087,Rapid City Regional Airport,Rapid City,United States,RAP,KRAP,44.045278,-103.057222,3204,-7,A,"Rapid City, SD",521,521,522,522,5.948176583493281,15.575815738963533,34.0,103.0,"Mon, Jul  2, 2018","Mon, Jul 16, 2018"
4098,Redding Municipal,Redding,United States,RDD,KRDD,40.509,-122.293389,504,-8,A,"Redding, CA",89,89,89,89,4.359550561797754,14.741573033707866,7.0,94.0,"Mon, Jul  2, 2018","Sun, Jul  1, 2018"
4103,Roberts Field,Redmond-Bend,United States,RDM,KRDM,44.254066,-121.149964,3077,-8,A,"Bend/Redmond, OR",338,339,338,339,5.4378698224852045,14.377581120943953,17.0,41.0,"Mon, Jul 23, 2018","Tue, Jul  3, 2018"
3626,Raleigh Durham International,Raleigh-durham,United States,RDU,KRDU,35.877639,-78.787472,435,-5,A,"Raleigh/Durham, NC",5189,5185,5324,5325,5.982655617652727,16.90298939247829,99.0,132.0,"Sun, Jul 22, 2018","Thu, Jul  5, 2018"
4028,Chicago Rockford International Airport ,Rockford,United States,RFD,KRFD,42.1953611,-89.0972222,742,-6,A,"Rockford, IL",51,51,53,53,6.019607843137255,10.921568627450975,10.0,56.0,"Wed, Jul  4, 2018","Thu, Jul 19, 2018"
5765,Rhinelander Oneida County Airport,Rhinelander,United States,RHI,KRHI,45.6312,-89.4675,1624,-6,A,"Rhinelander, WI",59,59,61,59,3.9830508474576285,19.542372881355934,10.0,48.0,"Tue, Jul  3, 2018","Fri, Jul 13, 2018"
3608,Richmond International,Richmond,United States,RIC,KRIC,37.505167,-77.319667,167,-5,A,"Richmond, VA",1933,1919,1979,1978,7.097258147956544,16.88170922355389,61.0,121.0,"Tue, Jul 17, 2018","Sun, Jul 15, 2018"
5766,Rock Springs Sweetwater County Airport,Rock Springs,United States,RKS,KRKS,41.5942,-109.065,6760,-7,A,"Rock Springs, WY",51,51,52,52,3.372549019607843,12.72549019607843,7.0,28.0,"Mon, Jul 30, 2018","Tue, Jul 10, 2018"
3807,Reno Tahoe International,Reno,United States,RNO,KRNO,39.499108,-119.768108,4415,-8,A,"Reno, NV",1550,1549,1558,1560,4.430967741935493,13.081988379599737,30.0,83.0,"Sat, Jul 14, 2018","Sat, Jul 14, 2018"
4016,Roanoke Regional,Roanoke VA,United States,ROA,KROA,37.325472,-79.975417,1175,-5,A,"Roanoke, VA",206,205,211,211,5.966019417475726,18.726829268292676,25.0,63.0,"Sun, Jul  1, 2018","Fri, Jul 13, 2018"
3622,Greater Rochester International,Rochester,United States,ROC,KROC,43.118866,-77.672389,559,-5,A,"Rochester, NY",1158,1154,1198,1196,5.726252158894644,13.297227036395153,57.0,107.0,"Mon, Jul 16, 2018","Sun, Jul  1, 2018"
3736,Roswell International Air Center,Roswell,United States,ROW,KROW,33.301556,-104.530556,3671,-7,A,"Roswell, NM",120,120,120,120,4.591666666666667,12.25,9.0,28.0,"Wed, Jul 25, 2018","Sun, Jul 15, 2018"
4048,Rochester,Rochester,United States,RST,KRST,43.908283,-92.500014,1317,-6,A,"Rochester, MN",278,278,281,280,4.241007194244608,15.053956834532373,21.0,57.0,"Tue, Jul 17, 2018","Wed, Jul 11, 2018"
3793,Southwest Florida International,Fort Myers,United States,RSW,KRSW,26.536167,-81.755167,30,-5,A,"Fort Myers, FL",1854,1856,1883,1884,4.539913700107885,13.00969827586207,92.0,115.0,"Tue, Jul 10, 2018","Thu, Jul 12, 2018"
3784,Santa Fe Municipal,Santa Fe,United States,SAF,KSAF,35.617108,-106.089422,6348,-7,A,"Santa Fe, NM",118,116,120,120,3.8135593220338984,13.431034482758621,22.0,34.0,"Tue, Jul 31, 2018","Wed, Jul 11, 2018"
3731,San Diego International,San Diego,United States,SAN,KSAN,32.733556,-117.189667,17,-8,A,"San Diego, CA",8181,8180,8251,8253,4.392494805036046,17.48227383863082,64.0,152.0,"Sun, Jul  1, 2018","Thu, Jul 26, 2018"
3621,San Antonio International,San Antonio,United States,SAT,KSAT,29.533694,-98.469778,809,-6,A,"San Antonio, TX",3509,3506,3544,3542,4.062125961812477,11.877067883628062,48.0,100.0,"Mon, Jul  2, 2018","Mon, Jul  9, 2018"
3613,Savannah Hilton Head International,Savannah,United States,SAV,KSAV,32.127583,-81.202139,51,-5,A,"Savannah, GA",1536,1529,1576,1575,6.074218749999994,15.365598430346632,79.0,107.0,"Thu, Jul 26, 2018","Sat, Jul 14, 2018"
3949,Santa Barbara Municipal,Santa Barbara,United States,SBA,KSBA,34.426211,-119.840372,10,-8,A,"Santa Barbara, CA",623,622,629,628,4.284109149277696,16.017684887459804,19.0,98.0,"Mon, Jul 23, 2018","Mon, Jul 23, 2018"
4359,South Bend Regional,South Bend,United States,SBN,KSBN,41.708661,-86.31725,799,-5,A,"South Bend, IN",651,659,662,662,5.313364055299531,16.203338391502253,42.0,84.0,"Sun, Jul 29, 2018","Tue, Jul 31, 2018"
5768,San Luis County Regional Airport,San Luis Obispo,United States,SBP,KSBP,35.2368,-120.642,212,-8,A,"San Luis Obispo, CA",430,429,431,431,4.399999999999996,15.897435897435898,13.0,82.0,"Sat, Jul 14, 2018","Sun, Jul 29, 2018"
3620,Deadhorse,Deadhorse,United States,SCC,PASC,70.19475,-148.465167,64,-9,A,"Deadhorse, AK",84,84,84,84,3.9642857142857144,7.190476190476191,16.0,15.0,"Tue, Jul 17, 2018","Wed, Jul 25, 2018"
4318,University Park Airport,State College Pennsylvania,United States,SCE,KUNV,40.849278,-77.848694,1239,-5,A,"State College, PA",105,105,105,105,4.142857142857142,15.314285714285711,29.0,58.0,"Tue, Jul 17, 2018","Thu, Jul 26, 2018"
3805,Stockton Metropolitan,Stockton,United States,SCK,KSCK,37.894167,-121.238306,33,-8,A,"Stockton, CA",69,69,71,71,5.6231884057971016,8.971014492753623,12.0,35.0,"Fri, Jul  6, 2018","Thu, Jul 19, 2018"
4014,Louisville International Airport,Louisville,United States,SDF,KSDF,38.1740858,-85.7364989,501,-5,A,"Louisville, KY",2027,2029,2073,2073,7.918598914652193,14.860029571217348,184.0,133.0,"Fri, Jul 20, 2018","Mon, Jul 23, 2018"
3577,Seattle Tacoma International,Seattle,United States,SEA,KSEA,47.449,-122.309306,433,-8,A,"Seattle, WA",13722,13728,13787,13782,10.07542632269349,19.71030011655019,77.0,107.0,"Fri, Jul 27, 2018","Fri, Jul  6, 2018"
4167,Orlando Sanford International,Sanford,United States,SFB,KSFB,28.777639,-81.237489,55,-5,A,"Sanford, FL",949,952,953,952,7.305584826132771,14.20063025210084,70.0,88.0,"Sun, Jul  8, 2018","Thu, Jul 19, 2018"
3469,San Francisco International,San Francisco,United States,SFO,KSFO,37.618972,-122.374889,13,-8,A,"San Francisco, CA",15690,15708,15856,15852,9.478266411727281,23.848166539342994,182.0,153.0,"Sun, Jul 29, 2018","Sun, Jul 29, 2018"
4348,Springfield Branson National,Springfield,United States,SGF,KSGF,37.245667,-93.388639,1268,-6,A,"Springfield, MO",815,814,823,823,6.042944785276074,15.405405405405403,43.0,116.0,"Tue, Jul  3, 2018","Sat, Jul 14, 2018"
4064,St. George Municipal,Saint George,United States,SGU,KSGU,37.090583,-113.593056,2941,-7,A,"St. George, UT",237,237,237,237,3.4683544303797467,15.582278481012658,6.0,48.0,"Sun, Jul  1, 2018","Mon, Jul 16, 2018"
7062,Shenandoah Valley Regional Airport,Weyers Cave,United States,SHD,KSHD,38.263889,-78.896389,1201,-5,A,"Staunton, VA",84,84,84,84,4.273809523809524,14.19047619047619,6.0,113.0,"Mon, Jul  2, 2018","Mon, Jul 23, 2018"
3609,Shreveport Regional,Shreveport,United States,SHV,KSHV,32.446629,-93.8256,258,-6,A,"Shreveport, LA",576,574,582,583,5.836805555555554,13.28919860627178,64.0,61.0,"Mon, Jul  2, 2018","Thu, Jul 12, 2018"
3856,Sitka Rocky Gutierrez,Sitka,United States,SIT,PASI,57.047138,-135.361611,21,-9,A,"Sitka, AK",176,176,178,178,3.8124999999999996,11.471590909090903,8.0,44.0,"Tue, Jul  3, 2018","Thu, Jul 19, 2018"
3748,Norman Y. Mineta San Jose International,San Jose,United States,SJC,KSJC,37.3626,-121.929022,62,-8,A,"San Jose, CA",4755,4758,4809,4809,4.595162986330182,13.255569567044978,66.0,90.0,"Wed, Jul  4, 2018","Mon, Jul  9, 2018"
3708,San Angelo Regional-Mathis Field,San Angelo,United States,SJT,KSJT,31.35775,-100.496306,1919,-6,A,"San Angelo, TX",116,116,120,120,3.612068965517241,10.525862068965518,7.0,22.0,"Sun, Jul  1, 2018","Sat, Jul 21, 2018"
3536,Salt Lake City International,Salt Lake City,United States,SLC,KSLC,40.788389,-111.977772,4227,-7,A,"Salt Lake City, UT",9950,9951,10000,9987,6.839999999999997,17.470907446487818,84.0,104.0,"Thu, Jul 12, 2018","Mon, Jul 23, 2018"
5771,Salina Municipal Airport,Salina,United States,SLN,KSLN,38.791,-97.6522,1288,-6,A,"Salina, KS",80,79,80,79,5.125000000000001,16.64556962025317,19.0,46.0,"Mon, Jul 30, 2018","Mon, Jul 30, 2018"
3817,Sacramento International,Sacramento,United States,SMF,KSMF,38.695417,-121.590778,27,-8,A,"Sacramento, CA",4176,4176,4206,4208,4.447078544061304,11.736829501915716,46.0,83.0,"Fri, Jul 13, 2018","Sat, Jul  7, 2018"
5772,Santa Maria Public-Captain G. Allan Hancock Airport,Santa Maria,United States,SMX,KSMX,34.8989,-120.457,261,-8,A,"Santa Maria, CA",13,13,13,13,4.615384615384615,6.538461538461538,6.0,14.0,"Fri, Jul 20, 2018","Fri, Jul  6, 2018"
3867,John Wayne Airport Orange County,Santa Ana,United States,SNA,KSNA,33.675667,-117.868222,56,-8,A,"Santa Ana, CA",3662,3661,3697,3696,5.751501911523763,13.862605845397432,52.0,78.0,"Fri, Jul 20, 2018","Mon, Jul  9, 2018"
4336,Abraham Lincoln Capital,Springfield,United States,SPI,KSPI,39.8441,-89.677889,597,-6,A,"Springfield, IL",150,147,152,152,4.386666666666665,12.89795918367347,13.0,79.0,"Mon, Jul  9, 2018","Mon, Jul  9, 2018"
3680,Sheppard AFB Wichita Falls Municipal,Wichita Falls,United States,SPS,KSPS,33.988797,-98.491894,1019,-6,A,"Wichita Falls, TX",87,86,91,91,7.229885057471263,14.674418604651162,19.0,39.0,"Fri, Jul  6, 2018","Mon, Jul 16, 2018"
4067,Sarasota Bradenton International,Sarasota,United States,SRQ,KSRQ,27.395444,-82.554389,30,-5,A,"Sarasota/Bradenton, FL",505,501,507,507,4.215841584158414,13.389221556886227,19.0,86.0,"Wed, Jul  4, 2018","Fri, Jul  6, 2018"
4271,Saint Cloud Regional Airport,Saint Cloud,United States,STC,KSTC,45.546556,-94.059889,1031,-6,A,"St. Cloud, MN",8,8,8,8,8.875,10.625,9.0,18.0,"Wed, Jul  4, 2018","Wed, Jul 25, 2018"
3678,Lambert St. Louis International,St. Louis,United States,STL,KSTL,38.748697,-90.370028,618,-6,A,"St. Louis, MO",5749,5742,5856,5857,4.631066272395182,11.66440264716128,49.0,100.0,"Sat, Jul 14, 2018","Mon, Jul 30, 2018"
6992,Charles M. Schulz Sonoma County,Santa Rosa,United States,STS,KSTS,38.508978,-122.81288,125,-8,A,"Santa Rosa, CA",159,157,159,159,4.641509433962261,15.433121019108277,20.0,38.0,"Tue, Jul 24, 2018","Mon, Jul 23, 2018"
6494,Friedman Memorial,Hailey,United States,SUN,KSUN,43.504444,-114.296194,5320,-7,A,"Sun Valley/Hailey/Ketchum, ID",151,152,153,152,2.7284768211920527,16.368421052631568,10.0,58.0,"Sun, Jul  1, 2018","Sun, Jul 15, 2018"
3753,Sioux Gateway-Colonel Bud Day Field,Sioux City,United States,SUX,KSUX,42.402603,-96.384367,1098,-6,A,"Sioux City, IA",89,89,89,89,4.044943820224719,11.269662921348315,15.0,34.0,"Mon, Jul 16, 2018","Mon, Jul  9, 2018"
3661,Stewart International,Newburgh,United States,SWF,KSWF,41.504094,-74.104839,491,-5,A,"Newburgh/Poughkeepsie, NY",147,147,150,150,5.761904761904762,16.2312925170068,12.0,133.0,"Sun, Jul  1, 2018","Fri, Jul 27, 2018"
3745,Syracuse Hancock International,Syracuse,United States,SYR,KSYR,43.111187,-76.106311,421,-5,A,"Syracuse, NY",1196,1205,1236,1236,4.754180602006683,14.648962655601666,39.0,106.0,"Sun, Jul  1, 2018","Sun, Jul  1, 2018"
3698,Tallahassee Regional,Tallahassee,United States,TLH,KTLH,30.396528,-84.350333,81,-5,A,"Tallahassee, FL",505,506,522,522,4.184158415841588,13.65810276679842,20.0,103.0,"Sat, Jul 14, 2018","Thu, Jul 19, 2018"
4040,Toledo,Toledo,United States,TOL,KTOL,41.586806,-83.807833,684,-5,A,"Toledo, OH",173,173,174,175,3.774566473988439,13.595375722543352,14.0,78.0,"Tue, Jul  3, 2018","Sat, Jul 14, 2018"
3646,Tampa International,Tampa,United States,TPA,KTPA,27.975472,-82.53325,26,-5,A,"Tampa, FL",6095,6094,6193,6192,5.637735849056604,13.446012471283225,128.0,139.0,"Thu, Jul  5, 2018","Sun, Jul 22, 2018"
4116,Tri-Cities Regional Airport,BRISTOL,United States,TRI,KTRI,36.4752222,-82.4074167,1519,-5,A,"Bristol/Johnson City/Kingsport, TN",322,322,328,327,4.540372670807456,14.801242236024848,19.0,84.0,"Tue, Jul 17, 2018","Fri, Jul  6, 2018"
3447,Trenton Mercer,Trenton,United States,TTN,KTTN,40.276692,-74.813469,213,-5,A,"Trenton, NJ",240,239,248,248,7.9125000000000005,15.552301255230125,142.0,124.0,"Tue, Jul  3, 2018","Thu, Jul  5, 2018"
3855,Tulsa International,Tulsa,United States,TUL,KTUL,36.198389,-95.888111,677,-6,A,"Tulsa, OK",1504,1501,1517,1518,5.0977393617021285,14.491672218520986,98.0,99.0,"Mon, Jul 16, 2018","Tue, Jul 10, 2018"
3636,Tucson International,Tucson,United States,TUS,KTUS,32.116083,-110.941028,2643,-7,N,"Tucson, AZ",1382,1379,1388,1388,4.573082489146154,14.248005801305283,77.0,79.0,"Fri, Jul 27, 2018","Fri, Jul 27, 2018"
4023,Cherry Capital Airport,Traverse City,United States,TVC,KTVC,44.741445,-85.582235,624,-5,A,"Traverse City, MI",589,588,597,599,6.5297113752122256,14.505102040816332,125.0,116.0,"Sun, Jul 29, 2018","Thu, Jul  5, 2018"
4263,Magic Valley Regional Airport,Twin Falls,United States,TWF,KTWF,42.481803,-114.487733,4151,-7,A,"Twin Falls, ID",95,96,95,96,3.2526315789473683,12.718750000000002,5.0,31.0,"Mon, Jul 30, 2018","Fri, Jul 27, 2018"
3770,Texarkana Regional-Webb Field,Texarkana,United States,TXK,KTXK,33.453722,-93.991028,390,-6,A,"Texarkana, AR",110,109,116,116,3.3727272727272726,12.954128440366972,8.0,51.0,"Tue, Jul 10, 2018","Mon, Jul  9, 2018"
3848,Tyler Pounds Regional,Tyler,United States,TYR,KTYR,32.354139,-95.402386,544,-6,A,"Tyler, TX",109,109,115,115,3.4311926605504586,12.568807339449542,9.0,32.0,"Mon, Jul  2, 2018","Wed, Jul 11, 2018"
3676,McGhee Tyson,Knoxville,United States,TYS,KTYS,35.810972,-83.994028,981,-5,A,"Knoxville, TN",1480,1481,1507,1504,5.056756756756752,15.476029709655643,64.0,136.0,"Fri, Jul 20, 2018","Fri, Jul  6, 2018"
5774,Quincy Regional-Baldwin Field,Quincy,United States,UIN,KUIN,39.9427,-91.1946,769,-6,A,"Quincy, IL",75,75,78,78,4.48,13.386666666666663,11.0,29.0,"Thu, Jul 26, 2018","Fri, Jul 27, 2018"
7076,Vernal Regional Airport,Vernal,United States,VEL,KVEL,40.440833,-109.51,5278,-7,A,"Vernal, UT",51,51,52,52,4.490196078431372,15.588235294117645,26.0,32.0,"Wed, Jul 25, 2018","Tue, Jul 31, 2018"
5776,Valdosta Regional Airport,Valdosta,United States,VLD,KVLD,30.7825,-83.2767,203,-5,A,"Valdosta, GA",88,88,89,89,4.420454545454543,16.78409090909091,10.0,40.0,"Thu, Jul  5, 2018","Mon, Jul  2, 2018"
3873,Eglin AFB,Valparaiso,United States,VPS,KVPS,30.48325,-86.5254,87,-6,A,"Valparaiso, FL",873,872,887,887,9.249713631156924,14.061926605504587,108.0,105.0,"Tue, Jul 10, 2018","Tue, Jul 24, 2018"
5969,Wrangell Airport,Wrangell,United States,WRG,PAWG,56.4843,-132.37,44,-9,A,"Wrangell, AK",62,62,62,62,3.193548387096774,7.306451612903226,5.0,20.0,"Sun, Jul  1, 2018","Mon, Jul 16, 2018"
7072,Yellowstone Airport,West Yellowstone,United States,WYS,KWYS,44.688333,-111.1175,6644,-7,A,"West Yellowstone, MT",62,62,62,62,4.24193548387097,15.209677419354838,6.0,28.0,"Sun, Jul  1, 2018","Sat, Jul 14, 2018"
4356,NW Arkansas Regional,Bentonville,United States,XNA,KXNA,36.2818694,-94.3068111,1287,-6,A,"Fayetteville, AR",1036,1034,1052,1051,7.483590733590734,14.447775628626696,141.0,143.0,"Mon, Jul 30, 2018","Fri, Jul  6, 2018"
6803,Yakutat,Yakutat,United States,YAK,PAYA,59.3012,-139.3937,33,-9,A,"Yakutat, AK",62,62,62,62,3.903225806451613,8.532258064516132,7.0,25.0,"Tue, Jul 10, 2018","Fri, Jul  6, 2018"
3596,Yuma MCAS Yuma International,Yuma,United States,YUM,KYUM,32.656578,-114.60598,216,-7,N,"Yuma, AZ",118,118,118,118,3.847457627118644,12.983050847457623,10.0,37.0,"Fri, Jul 20, 2018","Sun, Jul  8, 2018"
2883,Cyril E. King,St. Thomas,Virgin Islands,STT,TIST,18.337306,-64.973361,23,-4,U,"Charlotte Amalie, VI",252,252,252,252,3.9325396825396823,12.16666666666667,10.0,45.0,"Mon, Jul 23, 2018","Thu, Jul 19, 2018"
2884,Henry E. Rohlsen,St. Croix Island,Virgin Islands,STX,TISX,17.701889,-64.798556,74,-4,U,"Christiansted, VI",100,100,101,101,3.43,13.35,7.0,74.0,"Mon, Jul 23, 2018","Sun, Jul 29, 2018"
1970,Pago Pago Internatonal,Pago Pago,American Samoa,PPG,NSTU,-14.331,-170.7105,32,-11,U,"Pago Pago, TT",13,13,13,13,13.23076923076923,16.0,16.0,26.0,"Tue, Jul  3, 2018","Tue, Jul  3, 2018"
2246,Guam International,Agana,Guam,GUM,PGUM,13.48345,144.795983,298,10,U,"Guam, TT",61,62,62,63,4.245901639344262,13.32258064516129,12.0,22.0,"Mon, Jul 23, 2018","Fri, Jul 27, 2018"
2885,Rafael Hernndez,Aguadilla,Puerto Rico,BQN,TJBQ,18.494861,-67.129444,237,-4,U,"Aguadilla, PR",215,214,217,217,6.530232558139533,11.429906542056075,19.0,27.0,"Sun, Jul 15, 2018","Wed, Jul  4, 2018"
2889,Aeropuerto Mercedita,Ponce,Puerto Rico,PSE,TJPS,18.008306,-66.563028,29,-4,U,"Ponce, PR",92,92,93,93,5.239130434782608,12.467391304347824,19.0,33.0,"Fri, Jul  6, 2018","Wed, Jul 11, 2018"
2890,Luis Muoz Marn International,San Juan,Puerto Rico,SJU,TJSJ,18.439417,-66.001833,9,-4,U,"San Juan, PR",2545,2544,2566,2571,6.240471512770133,14.12775157232704,48.0,79.0,"Mon, Jul  9, 2018","Thu, Jul 26, 2018"
2244,Francisco C. Ada Saipan International,Saipan,Northern Mariana Islands,SPN,PGSN,15.119003,145.729356,215,10,U,"Saipan, TT",31,30,32,31,4.193548387096774,13.0,12.0,46.0,"Sun, Jul 29, 2018","Sat, Jul 21, 2018"
