airport_id,name,city,country,iata_faa,iaco,latitude,longitude,altitude,zone,dst,city_state,avg_able_landings,avg_able_takeoffs,total_landings,total_takeoffs,avg_taxi_in,avg_taxi_out,longest_taxi_in,longest_taxi_out,lng_tx_in_date,lng_tx_out_date
4355,Lehigh Valley International,Allentown,United States,ABE,KABE,40.652083,-75.440806,393,-5,A,"Allentown/Bethlehem/Easton, PA",352,353,358,358,5.0710227272727275,13.566572237960346,30.0,65.0,"Fri, Aug 31, 2018","Fri, Aug  3, 2018"
3718,Abilene Regional,Abilene,United States,ABI,KABI,32.411319,-99.681897,1791,-6,A,"Abilene, TX",179,177,181,181,3.340782122905028,13.435028248587571,11.0,50.0,"Mon, Aug 20, 2018","Mon, Aug 20, 2018"
4019,Albuquerque International Sunport,Albuquerque,United States,ABQ,KABQ,35.0402222,-106.6091944,5355,-7,A,"Albuquerque, NM",2212,2215,2235,2239,5.507685352622065,12.171557562076753,50.0,135.0,"Wed, Aug 22, 2018","Thu, Aug 23, 2018"
5714,Aberdeen Regional Airport,Aberdeen,United States,ABR,KABR,45.4491,-98.4218,1302,-6,A,"Aberdeen, SD",62,62,62,62,4.790322580645161,16.177419354838705,8.0,37.0,"Fri, Aug 17, 2018","Tue, Aug 28, 2018"
5715,Southwest Georgia Regional Airport,Albany,United States,ABY,KABY,31.5355,-84.1945,197,-5,A,"Albany, GA",88,87,89,89,3.727272727272727,14.28735632183908,7.0,32.0,"Tue, Aug 14, 2018","Sun, Aug 19, 2018"
3517,Nantucket Memorial,Nantucket,United States,ACK,KACK,41.253053,-70.060181,48,-5,A,"Nantucket, MA",287,286,297,297,6.53658536585366,16.115384615384627,44.0,101.0,"Sat, Aug  4, 2018","Tue, Aug 14, 2018"
3700,Waco Regional,Waco,United States,ACT,KACT,31.611289,-97.230519,516,-6,A,"Waco, TX",145,145,148,148,3.4482758620689653,13.820689655172414,16.0,43.0,"Mon, Aug 13, 2018","Mon, Aug 27, 2018"
4384,Arcata,Arcata CA,United States,ACV,KACV,40.978111,-124.108611,221,-8,A,"Arcata/Eureka, CA",149,150,158,158,6.81208053691275,11.993333333333332,34.0,51.0,"Sun, Aug 26, 2018","Wed, Aug 29, 2018"
3524,Atlantic City International,Atlantic City,United States,ACY,KACY,39.457583,-74.577167,75,-5,A,"Atlantic City, NJ",263,262,266,266,5.049429657794674,10.358778625954198,25.0,40.0,"Tue, Aug  7, 2018","Fri, Aug  3, 2018"
5959,Adak Airport,Adak Island,United States,ADK,PADK,51.878,-176.646,18,-10,A,"Adak Island, AK",9,9,9,9,5.0,7.888888888888889,6.0,12.0,"Wed, Aug 22, 2018","Sat, Aug 11, 2018"
3531,Kodiak,Kodiak,United States,ADQ,PADQ,57.749967,-152.493856,78,-9,A,"Kodiak, AK",56,56,57,57,2.8214285714285716,8.250000000000002,4.0,23.0,"Sat, Aug 25, 2018","Thu, Aug  9, 2018"
3852,Alexandria International,Alexandria,United States,AEX,KAEX,31.3274,-92.549833,89,-6,A,"Alexandria, LA",300,301,301,302,3.230000000000001,15.8139534883721,14.0,93.0,"Sun, Aug  5, 2018","Sun, Aug 12, 2018"
3658,Augusta Regional At Bush Field,Bush Field,United States,AGS,KAGS,33.369944,-81.9645,144,-5,A,"Augusta, GA",402,401,403,403,4.303482587064678,15.90773067331671,22.0,46.0,"Wed, Aug 29, 2018","Sun, Aug 19, 2018"
3794,King Salmon,King Salmon,United States,AKN,PAKN,58.676778,-156.649278,68,-9,A,"King Salmon, AK",4,4,4,4,3.25,14.25,6.0,19.0,"Wed, Aug  1, 2018","Fri, Aug  3, 2018"
3864,Albany International,Albany,United States,ALB,KALB,42.748267,-73.801692,285,-5,A,"Albany, NY",935,936,955,955,3.6438502673796798,11.50747863247864,33.0,76.0,"Wed, Aug  8, 2018","Thu, Aug 16, 2018"
5718,Waterloo Regional Airport,Waterloo,United States,ALO,KALO,42.5571,-92.4003,873,-6,A,"Waterloo, IA",57,57,58,58,4.298245614035088,13.982456140350877,14.0,105.0,"Sun, Aug 26, 2018","Mon, Aug 13, 2018"
3840,Rick Husband Amarillo International,Amarillo,United States,AMA,KAMA,35.219369,-101.705931,3607,-6,A,"Amarillo, TX",487,486,490,490,4.739219712525664,12.411522633744855,40.0,44.0,"Sat, Aug 18, 2018","Thu, Aug  2, 2018"
3774,Ted Stevens Anchorage International,Anchorage,United States,ANC,PANC,61.174361,-149.996361,152,-9,A,"Anchorage, AK",2114,2127,2128,2133,4.317407757805106,13.561824165491306,35.0,54.0,"Thu, Aug 16, 2018","Thu, Aug 23, 2018"
5720,Alpena County Regional Airport,Alpena,United States,APN,KAPN,45.0781,-83.5603,689,-5,A,"Alpena, MI",54,54,54,54,4.537037037037038,14.907407407407407,9.0,33.0,"Fri, Aug  3, 2018","Sat, Aug 11, 2018"
7001,Aspen/Pitkin County-Sardy Field,Aspen,United States,ASE,KASE,39.2232,-106.869,7820,-7,A,"Aspen, CO",526,530,530,531,3.0266159695817496,15.456603773584904,26.0,89.0,"Fri, Aug 31, 2018","Sun, Aug 12, 2018"
3682,Hartsfield Jackson Atlanta International,Atlanta,United States,ATL,KATL,33.636719,-84.428067,1026,-5,A,"Atlanta, GA",34914,34930,35117,35104,8.991779801798655,17.911852275980714,88.0,159.0,"Wed, Aug  1, 2018","Sat, Aug 11, 2018"
4047,Appleton,Appleton,United States,ATW,KATW,44.257526,-88.507576,680,-6,A,"Appleton, WI",399,399,404,404,4.952380952380957,16.060150375939834,61.0,104.0,"Tue, Aug 28, 2018","Tue, Aug  7, 2018"
3673,Austin Bergstrom International,Austin,United States,AUS,KAUS,30.194528,-97.669889,542,-6,A,"Austin, TX",5653,5648,5709,5708,6.868388466301084,12.747167138810196,80.0,97.0,"Tue, Aug  7, 2018","Fri, Aug 17, 2018"
4007,Asheville Regional Airport,Asheville,United States,AVL,KAVL,35.436194,-82.541806,2165,-5,A,"Asheville, NC",717,717,733,733,4.923291492329144,17.615062761506266,37.0,121.0,"Fri, Aug 17, 2018","Wed, Aug 29, 2018"
4286,Wilkes Barre Scranton International,Scranton,United States,AVP,KAVP,41.338478,-75.723403,962,-5,A,"Scranton/Wilkes-Barre, PA",304,303,310,310,4.391447368421051,13.653465346534656,13.0,49.0,"Wed, Aug 22, 2018","Wed, Aug 15, 2018"
6505,Phoenix-Mesa Gateway,Mesa,United States,AZA,KIWA,33.307833,-111.655,1382,-7,N,"Phoenix, AZ",366,366,367,366,6.360655737704919,12.636612021857923,84.0,51.0,"Thu, Aug  9, 2018","Sun, Aug 12, 2018"
4039,Kalamazoo,Kalamazoo,United States,AZO,KAZO,42.234875,-85.552058,874,-5,A,"Kalamazoo, MI",282,282,288,288,3.7375886524822697,16.37234042553192,14.0,99.0,"Thu, Aug 16, 2018","Sun, Aug 26, 2018"
3825,Bradley International,Windsor Locks,United States,BDL,KBDL,41.938889,-72.683222,173,-5,A,"Hartford, CT",2395,2395,2427,2427,5.503549060542805,13.475574112734858,76.0,107.0,"Sat, Aug  4, 2018","Tue, Aug  7, 2018"
3599,Bethel,Bethel,United States,BET,PABE,60.779778,-161.838,121,-9,A,"Bethel, AK",71,71,71,71,4.028169014084507,9.690140845070419,7.0,37.0,"Sun, Aug  5, 2018","Mon, Aug 27, 2018"
5723,Western Nebraska Regional Airport,Scottsbluff,United States,BFF,KBFF,41.874,-103.596,3967,-7,A,"Scottsbluff, NE",54,54,54,54,3.814814814814815,16.481481481481477,6.0,61.0,"Wed, Aug 15, 2018","Thu, Aug 16, 2018"
3558,Meadows Field,Bakersfield,United States,BFL,KBFL,35.433598,-119.05677,507,-8,A,"Bakersfield, CA",206,204,210,210,4.878640776699029,16.308823529411757,20.0,40.0,"Thu, Aug 23, 2018","Wed, Aug 22, 2018"
4129,Greater Binghamton-Edwin A. Link Field,Binghamton,United States,BGM,KBGM,42.208689,-75.979839,1636,-5,A,"Binghamton, NY",85,85,85,85,3.8705882352941177,14.352941176470589,10.0,36.0,"Wed, Aug 22, 2018","Sat, Aug 18, 2018"
3463,Bangor International,Bangor,United States,BGR,KBGR,44.807444,-68.828139,192,-5,A,"Bangor, ME",432,433,455,455,5.7245370370370345,14.702078521939955,58.0,85.0,"Sat, Aug  4, 2018","Wed, Aug 22, 2018"
3811,Birmingham International,Birmingham,United States,BHM,KBHM,33.562942,-86.75355,644,-6,A,"Birmingham, AL",1582,1583,1617,1617,3.8900126422250363,14.271636133922938,38.0,90.0,"Wed, Aug  8, 2018","Mon, Aug  6, 2018"
4021,Billings Logan International Airport,Billings,United States,BIL,KBIL,45.80921,-108.537654,3652,-7,A,"Billings, MT",441,443,442,443,3.9410430839002295,13.097065462753948,17.0,109.0,"Fri, Aug  3, 2018","Mon, Aug 20, 2018"
4083,Bismarck Municipal Airport,Bismarck,United States,BIS,KBIS,46.775842,-100.757931,1661,-6,A,"Bismarck/Mandan, ND",358,358,360,360,5.955307262569834,16.019553072625705,26.0,64.0,"Wed, Aug 22, 2018","Wed, Aug  1, 2018"
4287,Bemidji Regional Airport,Bemidji,United States,BJI,KBJI,47.510722,-94.934722,1391,-6,A,"Bemidji, MN",67,67,67,67,4.7164179104477615,17.059701492537307,9.0,63.0,"Wed, Aug  1, 2018","Tue, Aug  7, 2018"
6962,Branson LLC,Branson,United States,BKG,KBBG,36.531994,-93.200556,1302,-6,A,"Branson, MO",13,13,13,13,7.153846153846154,11.846153846153847,9.0,41.0,"Wed, Aug 15, 2018","Sat, Aug 18, 2018"
3777,Bellingham International,Bellingham,United States,BLI,KBLI,48.792694,-122.537528,170,-8,A,"Bellingham, WA",141,141,141,141,6.141843971631205,11.021276595744677,14.0,28.0,"Sun, Aug 26, 2018","Mon, Aug 13, 2018"
3790,Scott AFB Midamerica,Belleville,United States,BLV,KBLV,38.545178,-89.835183,459,-6,A,"Belleville, IL",85,85,85,85,6.882352941176471,12.04705882352941,47.0,21.0,"Thu, Aug 30, 2018","Thu, Aug  9, 2018"
4037,Central Illinois Regional,Bloomington,United States,BMI,KBMI,40.477111,-88.915917,871,-6,A,"Bloomington/Normal, IL",273,270,281,281,4.025641025641031,13.174074074074076,9.0,46.0,"Mon, Aug 13, 2018","Wed, Aug 15, 2018"
3690,Nashville International,Nashville,United States,BNA,KBNA,36.124472,-86.678194,599,-6,A,"Nashville, TN",6460,6451,6572,6572,6.913467492260055,13.424895365059678,110.0,155.0,"Sun, Aug 26, 2018","Mon, Aug  6, 2018"
3495,Boise Air Terminal,Boise,United States,BOI,KBOI,43.564361,-116.222861,2871,-7,A,"Boise, ID",1701,1701,1707,1706,3.787771898883008,13.801293356848912,18.0,132.0,"Tue, Aug 14, 2018","Mon, Aug 27, 2018"
3448,General Edward Lawrence Logan International,Boston,United States,BOS,KBOS,42.364347,-71.005181,19,-5,A,"Boston, MA",13079,13100,13508,13508,8.53108035782551,21.546030534351175,105.0,153.0,"Fri, Aug  3, 2018","Tue, Aug 14, 2018"
3612,Southeast Texas Regional,Beaumont,United States,BPT,KBPT,29.950833,-94.020694,15,-6,A,"Beaumont/Port Arthur, TX",79,79,80,80,4.59493670886076,15.582278481012658,67.0,63.0,"Tue, Aug  7, 2018","Tue, Aug 28, 2018"
5725,Brunswick Golden Isles Airport,Brunswick,United States,BQK,KBQK,31.2588,-81.4665,26,-5,A,"Brunswick, GA",91,91,91,91,3.8351648351648353,18.582417582417584,9.0,81.0,"Mon, Aug 13, 2018","Thu, Aug  9, 2018"
6957,Brainerd Lakes Regional,Brainerd,United States,BRD,KBRD,46.398308,-94.138078,1226,-6,U,"Brainerd, MN",58,58,58,58,4.051724137931035,17.46551724137931,9.0,52.0,"Mon, Aug  6, 2018","Mon, Aug 20, 2018"
3738,Brownsville South Padre Island International,Brownsville,United States,BRO,KBRO,25.906833,-97.425861,22,-6,A,"Brownsville, TX",233,234,243,243,4.751072961373392,12.70512820512821,15.0,58.0,"Wed, Aug  1, 2018","Wed, Aug 29, 2018"
3571,Wiley Post Will Rogers Memorial,Barrow,United States,BRW,PABR,71.285446,-156.766003,44,-9,A,"Barrow, AK",60,60,62,62,4.349999999999998,6.316666666666666,21.0,17.0,"Tue, Aug  7, 2018","Mon, Aug 20, 2018"
4022,Bert Mooney Airport,Butte,United States,BTM,KBTM,45.954806,-112.497472,5550,-7,A,"Butte, MT",58,58,58,58,3.4310344827586206,10.672413793103447,6.0,26.0,"Tue, Aug 28, 2018","Wed, Aug 29, 2018"
3846,Baton Rouge Metro-Ryan Field,Baton Rouge,United States,BTR,KBTR,30.533167,-91.149639,70,-6,A,"Baton Rouge, LA",677,674,685,686,4.1181683899556845,14.37833827893175,20.0,98.0,"Sat, Aug  4, 2018","Sat, Aug 11, 2018"
3711,Burlington International,Burlington,United States,BTV,KBTV,44.471861,-73.153278,335,-5,A,"Burlington, VT",920,912,958,958,4.989130434782611,16.353070175438635,41.0,70.0,"Sun, Aug 26, 2018","Fri, Aug 31, 2018"
3820,Buffalo Niagara International,Buffalo,United States,BUF,KBUF,42.940525,-78.732167,724,-5,A,"Buffalo, NY",2226,2227,2306,2307,4.425876010781663,12.955545577009426,76.0,119.0,"Sat, Aug 18, 2018","Thu, Aug  9, 2018"
3644,Bob Hope,Burbank,United States,BUR,KBUR,34.200667,-118.358667,778,-8,A,"Burbank, CA",2266,2270,2316,2316,2.751103265666372,13.784581497797353,81.0,91.0,"Mon, Aug 20, 2018","Wed, Aug 15, 2018"
3849,Baltimore Washington International,Baltimore,United States,BWI,KBWI,39.175361,-76.668333,146,-5,A,"Baltimore, MD",8974,8994,9330,9330,5.656451972364604,15.088392261507671,58.0,160.0,"Wed, Aug 29, 2018","Mon, Aug 13, 2018"
4020,Gallatin Field,Bozeman,United States,BZN,KBZN,45.777643,-111.160151,4500,-7,A,"Bozeman, MT",673,679,678,682,5.506686478454676,14.56848306332843,100.0,96.0,"Sat, Aug 11, 2018","Fri, Aug  3, 2018"
3561,Columbia Metropolitan,Colombia,United States,CAE,KCAE,33.938833,-81.119528,236,-5,A,"Columbia, SC",612,609,615,615,4.952614379084965,14.640394088669948,90.0,125.0,"Fri, Aug 31, 2018","Wed, Aug  8, 2018"
4112,Akron Canton Regional Airport,Akron,United States,CAK,KCAK,40.9160833,-81.4421944,1228,-5,A,"Akron, OH",638,647,663,663,5.700626959247648,15.247295208655332,30.0,115.0,"Fri, Aug 17, 2018","Thu, Aug  2, 2018"
3824,Cedar City Regional,Cedar City,United States,CDC,KCDC,37.700967,-113.098847,5622,-7,A,"Cedar City, UT",54,54,54,54,3.0925925925925926,16.407407407407398,6.0,38.0,"Mon, Aug 13, 2018","Thu, Aug 16, 2018"
3610,Merle K. Mudhole Smith,Cordova,United States,CDV,PACV,60.491778,-145.477556,48,-9,A,"Cordova, AK",62,62,62,62,3.935483870967742,12.35483870967742,7.0,63.0,"Tue, Aug 14, 2018","Wed, Aug  8, 2018"
5728,Cape Girardeau Regional Airport,Cape Girardeau,United States,CGI,KCGI,37.2253,-89.5708,342,-6,A,"Cape Girardeau, MO",52,52,54,54,5.384615384615385,19.326923076923073,30.0,64.0,"Mon, Aug 13, 2018","Tue, Aug 28, 2018"
3578,Lovell Field,Chattanooga,United States,CHA,KCHA,35.035278,-85.203808,683,-5,A,"Chattanooga, TN",818,825,836,836,5.852078239608802,16.952727272727245,56.0,104.0,"Thu, Aug 30, 2018","Wed, Aug 29, 2018"
4015,Charlottesville-Albemarle,Charlottesville VA,United States,CHO,KCHO,38.138639,-78.452861,639,-5,A,"Charlottesville, VA",467,470,490,490,4.201284796573872,15.889361702127662,30.0,125.0,"Fri, Aug 10, 2018","Sun, Aug 26, 2018"
3806,Charleston AFB International,Charleston,United States,CHS,KCHS,32.898647,-80.040528,45,-5,A,"Charleston, SC",2157,2148,2212,2213,5.937876680574875,15.25791433891992,73.0,124.0,"Tue, Aug 14, 2018","Tue, Aug 21, 2018"
4043,Cedar Rapids,Cedar Rapids,United States,CID,KCID,41.884694,-91.710806,869,-6,A,"Cedar Rapids/Iowa City, IA",808,804,818,819,5.946782178217822,14.932835820895527,44.0,151.0,"Tue, Aug 21, 2018","Sat, Aug 25, 2018"
5729,Chippewa County International Airport,Sault Ste. Marie,United States,CIU,KCIU,46.2508,-84.4724,800,-5,A,"Sault Ste. Marie, MI",58,58,58,58,3.9482758620689653,19.689655172413797,7.0,57.0,"Sun, Aug 19, 2018","Sun, Aug 12, 2018"
5730,Harrison Marion Regional Airport,Clarksburg,United States,CKB,KCKB,39.2966,-80.2281,1217,-5,A,"Clarksburg/Fairmont, WV",68,70,71,71,4.029411764705882,15.742857142857142,10.0,40.0,"Tue, Aug 14, 2018","Tue, Aug 28, 2018"
3486,Cleveland Hopkins International,Cleveland,United States,CLE,KCLE,41.411689,-81.849794,791,-5,A,"Cleveland, OH",4130,4131,4269,4277,7.387651331719126,14.792302106027599,86.0,135.0,"Mon, Aug  6, 2018","Sun, Aug 12, 2018"
3715,Easterwood Field,College Station,United States,CLL,KCLL,30.588583,-96.363833,321,-6,A,"College Station/Bryan, TX",205,204,208,207,4.9024390243902465,12.191176470588236,10.0,43.0,"Sat, Aug 18, 2018","Mon, Aug  6, 2018"
3876,Charlotte Douglas International,Charlotte,United States,CLT,KCLT,35.214,-80.943139,748,-5,A,"Charlotte, NC",20446,20497,20832,20831,13.461263816883456,20.244133287798295,125.0,148.0,"Wed, Aug  1, 2018","Fri, Aug 17, 2018"
3759,Port Columbus International,Columbus,United States,CMH,KCMH,39.997972,-82.891889,815,-5,A,"Columbus, OH",3902,3906,4024,4024,5.965146078933878,13.926779313876088,64.0,128.0,"Sun, Aug 26, 2018","Mon, Aug 13, 2018"
4049,Champaign,Champaign,United States,CMI,KCMI,40.03925,-88.278056,754,-6,A,"Champaign/Urbana, IL",198,198,208,208,4.489898989898986,10.929292929292936,23.0,35.0,"Fri, Aug 10, 2018","Wed, Aug  8, 2018"
5732,Houghton County Memorial Airport,Hancock,United States,CMX,KCMX,47.1684,-88.4891,1095,-5,A,"Hancock/Houghton, MI",60,61,62,62,4.399999999999998,15.868852459016397,6.0,72.0,"Thu, Aug 16, 2018","Mon, Aug 20, 2018"
7074,Canyonlands Field,Moab,United States,CNY,KCNY,38.755,-109.754722,4555,-7,A,"Moab, UT",53,53,53,53,4.9245283018867925,17.9811320754717,9.0,97.0,"Sun, Aug 19, 2018","Tue, Aug  7, 2018"
4344,Yellowstone Regional,Cody,United States,COD,KCOD,44.520194,-109.023806,5102,-7,A,"Cody, WY",72,71,72,71,5.069444444444445,17.535211267605636,14.0,40.0,"Wed, Aug 29, 2018","Mon, Aug 20, 2018"
3819,City Of Colorado Springs Municipal,Colorado Springs,United States,COS,KCOS,38.805805,-104.700778,6187,-7,A,"Colorado Springs, CO",957,960,981,979,7.527690700104491,18.034375,51.0,144.0,"Tue, Aug  7, 2018","Mon, Aug  6, 2018"
3719,Columbia Regional,Columbia,United States,COU,KCOU,38.818094,-92.219631,889,-6,A,"Columbia, MO",167,167,168,168,4.065868263473053,14.910179640718562,18.0,61.0,"Mon, Aug 13, 2018","Mon, Aug  6, 2018"
3872,Natrona County International,Casper,United States,CPR,KCPR,42.908,-106.464417,5347,-7,A,"Casper, WY",111,111,111,112,4.306306306306305,13.144144144144144,9.0,33.0,"Thu, Aug  2, 2018","Mon, Aug  6, 2018"
3744,Corpus Christi International,Corpus Christi,United States,CRP,KCRP,27.770361,-97.501222,44,-6,A,"Corpus Christi, TX",488,486,495,495,4.00409836065574,11.965020576131687,28.0,66.0,"Mon, Aug 13, 2018","Wed, Aug 29, 2018"
4285,Yeager,Charleston,United States,CRW,KCRW,38.373147,-81.593189,981,-5,A,"Charleston/Dunbar, WV",413,412,419,419,3.6150121065375296,12.992718446601932,50.0,53.0,"Thu, Aug 16, 2018","Sat, Aug 18, 2018"
4255,Columbus Metropolitan Airport,Columbus,United States,CSG,KCSG,32.5163333,-84.9388611,397,-5,A,"Columbus, GA",120,120,120,120,2.975,17.833333333333332,6.0,71.0,"Sat, Aug 25, 2018","Wed, Aug 29, 2018"
3488,Cincinnati Northern Kentucky International,Cincinnati,United States,CVG,KCVG,39.048836,-84.667822,896,-5,A,"Cincinnati, OH",4487,4479,4604,4606,6.147760196122137,14.466622013842374,66.0,104.0,"Tue, Aug  7, 2018","Mon, Aug 13, 2018"
4045,Central Wisconsin,Wassau,United States,CWA,KCWA,44.772726,-89.646635,840,-6,A,"Mosinee, WI",244,243,253,253,3.930327868852458,17.263374485596707,13.0,105.0,"Thu, Aug 23, 2018","Wed, Aug  1, 2018"
3950,Daytona Beach International,Daytona Beach,United States,DAB,KDAB,29.179917,-81.058056,34,-5,A,"Daytona Beach, FL",309,308,309,309,4.611650485436893,15.879870129870142,56.0,102.0,"Mon, Aug 13, 2018","Sat, Aug 18, 2018"
3502,Dallas Love Field,Dallas,United States,DAL,KDAL,32.847111,-96.851778,487,-6,A,"Dallas, TX",6027,6035,6127,6127,4.7846358055417415,11.89875724937863,72.0,96.0,"Wed, Aug  8, 2018","Thu, Aug  9, 2018"
3627,James M. Cox Dayton International,Dayton,United States,DAY,KDAY,39.902375,-84.219375,1009,-5,A,"Dayton, OH",1239,1240,1285,1285,5.349475383373695,13.959677419354827,50.0,101.0,"Mon, Aug 20, 2018","Wed, Aug  1, 2018"
4388,Dubuque Regional,Dubuque IA,United States,DBQ,KDBQ,42.402,-90.709472,1076,-6,A,"Dubuque, IA",85,85,89,89,4.552941176470585,16.929411764705875,10.0,101.0,"Tue, Aug 28, 2018","Mon, Aug 13, 2018"
3520,Ronald Reagan Washington National,Washington,United States,DCA,KDCA,38.852083,-77.037722,15,-5,A,"Washington, DC",10892,10882,11330,11330,7.388542049210427,20.247197206395903,120.0,157.0,"Tue, Aug 21, 2018","Mon, Aug 13, 2018"
3751,Denver International,Denver,United States,DEN,KDEN,39.861656,-104.673178,5431,-7,A,"Denver, CO",21685,21720,21891,21884,8.637721927599703,17.619889502762458,137.0,129.0,"Tue, Aug 14, 2018","Sun, Aug 26, 2018"
3670,Dallas Fort Worth International,Dallas-fort Worth,United States,DFW,KDFW,32.896828,-97.037997,607,-6,A,"Dallas/Fort Worth, TX",24801,24828,25287,25277,13.327567436796892,18.699250845819346,191.0,133.0,"Sat, Aug 18, 2018","Thu, Aug  9, 2018"
3739,Dothan Regional,Dothan,United States,DHN,KDHN,31.321339,-85.449628,401,-6,A,"Dothan, AL",120,120,120,120,3.208333333333333,18.80833333333334,6.0,54.0,"Tue, Aug 28, 2018","Sat, Aug  4, 2018"
3460,Dillingham,Dillingham,United States,DLG,PADL,59.044667,-158.5055,74,-9,A,"Dillingham, AK",22,22,25,25,5.045454545454546,9.681818181818182,11.0,36.0,"Sun, Aug 12, 2018","Sun, Aug 12, 2018"
3598,Duluth International,Duluth,United States,DLH,KDLH,46.842091,-92.193649,1428,-6,A,"Duluth, MN",251,250,254,254,5.155378486055777,18.34,47.0,87.0,"Wed, Aug  8, 2018","Thu, Aug  9, 2018"
3713,Durango La Plata County,Durango,United States,DRO,KDRO,37.151516,-107.75377,6685,-7,A,"Durango, CO",289,289,293,293,5.217993079584774,16.10034602076125,29.0,105.0,"Thu, Aug  9, 2018","Sun, Aug 12, 2018"
3729,Des Moines International,Des Moines,United States,DSM,KDSM,41.533972,-93.663083,958,-6,A,"Des Moines, IA",1311,1315,1338,1336,5.8001525553013,14.021292775665405,47.0,100.0,"Sun, Aug 19, 2018","Fri, Aug  3, 2018"
3645,Detroit Metro Wayne County,Detroit,United States,DTW,KDTW,42.212444,-83.353389,645,-5,A,"Detroit, MI",14139,14136,14248,14249,8.056793266850546,17.5325410299944,74.0,161.0,"Mon, Aug 20, 2018","Thu, Aug  2, 2018"
7063,Devils Lake Regional Airport,Devils Lake,United States,DVL,KDVL,48.114444,-98.908611,1445,-6,A,"Devils Lake, ND",52,53,54,54,5.25,18.301886792452837,13.0,42.0,"Fri, Aug 10, 2018","Fri, Aug  3, 2018"
5735,Chippewa Valley Regional Airport,Eau Claire,United States,EAU,KEAU,44.8658,-91.4843,913,-6,A,"Eau Claire, WI",59,59,62,62,3.7288135593220337,16.389830508474578,11.0,97.0,"Sat, Aug 11, 2018","Wed, Aug  1, 2018"
7669,Northwest Florida Beaches International,Panama City,United States,ECP,KECP,30.3417,-85.7973,69,-6,A,"Panama City, FL",555,555,558,558,3.205405405405405,12.884684684684688,18.0,83.0,"Sun, Aug  5, 2018","Thu, Aug  9, 2018"
4250,Eagle County Regional,Vail,United States,EGE,KEGE,39.642556,-106.917694,6540,-7,A,"Eagle, CO",85,85,87,87,5.023529411764707,14.576470588235294,9.0,56.0,"Thu, Aug 30, 2018","Mon, Aug 13, 2018"
5736,Elko Regional Airport,Elko,United States,EKO,KEKO,40.8249,-115.792,5140,-8,A,"Elko, NV",55,55,55,55,4.0,10.763636363636364,7.0,27.0,"Tue, Aug 28, 2018","Sun, Aug  5, 2018"
3946,Elmira Corning Regional,Elmira,United States,ELM,KELM,42.159889,-76.891611,954,-5,A,"Elmira/Corning, NY",27,27,27,27,6.407407407407407,11.259259259259258,19.0,16.0,"Sat, Aug 11, 2018","Mon, Aug 13, 2018"
3559,El Paso International,El Paso,United States,ELP,KELP,31.80725,-106.377583,3958,-7,A,"El Paso, TX",1465,1467,1484,1485,3.566552901023891,13.479209270620316,27.0,89.0,"Sat, Aug 11, 2018","Tue, Aug 28, 2018"
4276,Erie International-Tom Ridge Field,Erie,United States,ERI,KERI,42.082022,-80.176217,733,-5,A,"Erie, PA",87,87,87,87,3.528735632183908,20.241379310344836,11.0,81.0,"Wed, Aug 29, 2018","Mon, Aug  6, 2018"
6800,Delta County Airport,Escanaba,United States,ESC,KESC,45.722778,-87.093611,609,-5,A,"Escanaba, MI",54,54,54,54,4.314814814814814,15.555555555555555,10.0,77.0,"Wed, Aug  1, 2018","Thu, Aug  9, 2018"
4099,Mahlon Sweet Field,Eugene,United States,EUG,KEUG,44.124583,-123.211972,374,-8,A,"Eugene, OR",366,370,368,372,4.721311475409837,13.505405405405401,40.0,74.0,"Fri, Aug 24, 2018","Tue, Aug  7, 2018"
4018,Evansville Regional,Evansville,United States,EVV,KEVV,38.036997,-87.532364,418,-6,A,"Evansville, IN",412,415,421,421,4.470873786407766,17.607228915662635,16.0,79.0,"Sat, Aug  4, 2018","Thu, Aug  9, 2018"
3730,Craven County Regional,New Bern,United States,EWN,KEWN,35.072972,-77.042944,18,-5,A,"New Bern/Morehead/Beaufort, NC",205,204,206,206,4.648780487804882,13.387254901960784,54.0,91.0,"Sun, Aug 12, 2018","Thu, Aug  9, 2018"
3494,Newark Liberty International,Newark,United States,EWR,KEWR,40.6925,-74.168667,18,-5,A,"Newark, NJ",11894,11904,12698,12697,9.636791659660348,26.192540322580694,107.0,158.0,"Tue, Aug  7, 2018","Tue, Aug  7, 2018"
3875,Key West International,Key West,United States,EYW,KEYW,24.556111,-81.759556,3,-5,A,"Key West, FL",301,300,303,303,3.813953488372093,10.513333333333328,18.0,33.0,"Sat, Aug 11, 2018","Sun, Aug 19, 2018"
3832,Fairbanks International,Fairbanks,United States,FAI,PAFA,64.815114,-147.856267,434,-9,A,"Fairbanks, AK",465,462,468,468,3.6000000000000005,11.123376623376622,18.0,38.0,"Thu, Aug 23, 2018","Wed, Aug 29, 2018"
4292,Hector International Airport,Fargo,United States,FAR,KFAR,46.92065,-96.8157639,902,-6,A,"Fargo, ND",501,500,502,501,5.109780439121755,15.5,41.0,110.0,"Fri, Aug  3, 2018","Thu, Aug 16, 2018"
3687,Fresno Yosemite International,Fresno,United States,FAT,KFAT,36.776194,-119.71814,336,-8,A,"Fresno, CA",1016,1017,1026,1026,5.462598425196855,15.895771878072768,37.0,104.0,"Wed, Aug  1, 2018","Thu, Aug 16, 2018"
5738,Fayetteville Regional-Grannis Field,Fayetteville,United States,FAY,KFAY,34.9912,-78.8803,189,-5,A,"Fayetteville, NC",351,349,354,354,4.341880341880342,16.58739255014327,40.0,61.0,"Mon, Aug 20, 2018","Fri, Aug  3, 2018"
4127,Glacier Park International,Kalispell,United States,FCA,KFCA,48.310472,-114.256,2977,-7,A,"Kalispell, MT",398,399,400,401,4.6105527638191,15.541353383458647,41.0,90.0,"Sat, Aug 11, 2018","Mon, Aug 20, 2018"
4261,Flagstaff Pulliam Airport,Flagstaff,United States,FLG,KFLG,35.140318,-111.6692392,7015,-7,N,"Flagstaff, AZ",101,101,101,101,4.4950495049504955,18.88118811881187,50.0,74.0,"Wed, Aug  1, 2018","Thu, Aug 23, 2018"
3533,Fort Lauderdale Hollywood International,Fort Lauderdale,United States,FLL,KFLL,26.072583,-80.15275,9,-5,A,"Fort Lauderdale, FL",7659,7659,7741,7743,5.912912912912913,17.27262044653352,76.0,111.0,"Fri, Aug 10, 2018","Sun, Aug 12, 2018"
4089,Bishop International,Flint,United States,FNT,KFNT,42.965424,-83.743629,782,-5,A,"Flint, MI",337,338,343,343,4.629080118694364,13.710059171597633,17.0,75.0,"Fri, Aug 17, 2018","Mon, Aug  6, 2018"
4009,Sioux Falls,Sioux Falls,United States,FSD,KFSD,43.582014,-96.741914,1429,-6,A,"Sioux Falls, SD",525,522,535,534,4.727619047619047,16.231800766283538,85.0,61.0,"Sat, Aug  4, 2018","Tue, Aug  7, 2018"
3437,Fort Smith Regional,Fort Smith,United States,FSM,KFSM,35.336583,-94.367444,469,-6,A,"Fort Smith, AR",177,177,178,178,3.6045197740112993,15.661016949152538,8.0,97.0,"Sun, Aug 19, 2018","Thu, Aug  9, 2018"
4041,Fort Wayne,Fort Wayne,United States,FWA,KFWA,40.978472,-85.195139,815,-5,A,"Fort Wayne, IN",562,563,578,578,5.462633451957294,15.486678507992895,23.0,118.0,"Fri, Aug 17, 2018","Mon, Aug  6, 2018"
4296,Gillette-Campbell County Airport,Gillette,United States,GCC,KGCC,44.3489167,-105.5393611,4365,-7,A,"Gillette, WY",58,58,59,59,5.3103448275862055,15.827586206896552,7.0,52.0,"Tue, Aug 14, 2018","Sat, Aug 18, 2018"
3497,Garden City Regional,Garden City,United States,GCK,KGCK,37.927528,-100.724417,2891,-6,A,"Garden City, KS",62,62,62,62,4.03225806451613,10.032258064516132,7.0,18.0,"Sat, Aug  4, 2018","Tue, Aug 14, 2018"
3467,Spokane International,Spokane,United States,GEG,KGEG,47.619861,-117.533833,2376,-8,A,"Spokane, WA",1089,1087,1099,1098,4.074380165289247,12.727690892364302,19.0,61.0,"Sat, Aug 18, 2018","Wed, Aug  1, 2018"
3442,Grand Forks International,Grand Forks,United States,GFK,KGFK,47.949256,-97.176111,845,-6,A,"Grand Forks, ND",189,189,189,189,4.005291005291009,14.962962962962964,16.0,39.0,"Sun, Aug 19, 2018","Wed, Aug  1, 2018"
3465,East Texas Regional,Longview,United States,GGG,KGGG,32.384014,-94.711486,365,-6,A,"Longview, TX",80,80,80,80,4.424999999999999,12.8125,8.0,51.0,"Thu, Aug  2, 2018","Sun, Aug 12, 2018"
4063,Grand Junction Regional,Grand Junction,United States,GJT,KGJT,39.122413,-108.526735,4858,-7,A,"Grand Junction, CO",354,353,354,354,3.9096045197740144,14.736543909348445,32.0,42.0,"Mon, Aug  6, 2018","Sun, Aug 19, 2018"
3472,Gainesville Regional,Gainesville,United States,GNV,KGNV,29.690056,-82.271778,152,-5,A,"Gainesville, FL",381,379,381,381,4.28346456692914,14.052770448548813,32.0,84.0,"Thu, Aug 30, 2018","Sat, Aug 18, 2018"
4038,Gulfport-Biloxi,Gulfport,United States,GPT,KGPT,30.407278,-89.070111,28,-6,A,"Gulfport/Biloxi, MS",389,390,395,396,4.825192802056553,13.633333333333333,58.0,69.0,"Tue, Aug 28, 2018","Thu, Aug  9, 2018"
3653,Austin Straubel International,Green Bay,United States,GRB,KGRB,44.485072,-88.129589,695,-6,A,"Green Bay, WI",348,347,359,359,4.14367816091954,14.631123919308358,19.0,63.0,"Mon, Aug 27, 2018","Mon, Aug 13, 2018"
5740,Central Nebraska Regional Airport,Grand Island,United States,GRI,KGRI,40.9675,-98.3096,1847,-6,A,"Grand Island, NE",92,92,92,92,4.956521739130436,10.717391304347823,17.0,29.0,"Mon, Aug 20, 2018","Sun, Aug 12, 2018"
3775,Robert Gray AAF,Killeen,United States,GRK,KGRK,31.06725,-97.828917,1015,-6,A,"Killeen, TX",288,288,293,293,4.201388888888886,17.3125,18.0,81.0,"Wed, Aug 29, 2018","Fri, Aug 10, 2018"
3685,Gerald R. Ford International,Grand Rapids,United States,GRR,KGRR,42.880833,-85.522806,794,-5,A,"Grand Rapids, MI",1515,1504,1550,1552,5.881848184818482,14.207446808510642,57.0,138.0,"Fri, Aug 10, 2018","Mon, Aug 20, 2018"
4008,Piedmont Triad,Greensboro,United States,GSO,KGSO,36.09775,-79.937306,925,-5,A,"Greensboro/High Point, NC",1130,1129,1172,1172,7.704424778761062,18.08768821966341,70.0,91.0,"Tue, Aug  7, 2018","Sat, Aug 18, 2018"
4034,Greenville-Spartanburg International,Greenville,United States,GSP,KGSP,34.895556,-82.218889,964,-5,A,"Greer, SC",1310,1311,1334,1334,4.040458015267175,15.993897787948109,38.0,109.0,"Sat, Aug 18, 2018","Mon, Aug 13, 2018"
5960,Gustavus Airport,Gustavus,United States,GST,PAGS,58.4253,-135.707,34,-9,A,"Gustavus, AK",24,24,25,25,5.833333333333333,11.625,7.0,30.0,"Sat, Aug 11, 2018","Thu, Aug  9, 2018"
3880,Great Falls International,Great Falls,United States,GTF,KGTF,47.482,-111.370689,3677,-7,A,"Great Falls, MT",221,221,223,223,4.144796380090498,12.352941176470589,13.0,42.0,"Fri, Aug 10, 2018","Wed, Aug 22, 2018"
4273,Golden Triangle Regional Airport,Columbus Mississippi,United States,GTR,KGTR,33.450333,-88.591361,264,-6,A,"Columbus, MS",89,89,89,89,3.4606741573033712,16.93258426966291,7.0,50.0,"Fri, Aug  3, 2018","Sat, Aug 18, 2018"
7051,Gunnison - Crested Butte,Gunnison,United States,GUC,KGUC,38.533889,-106.933056,7678,-7,A,"Gunnison, CO",19,20,19,20,5.157894736842105,14.55,14.0,65.0,"Mon, Aug 13, 2018","Fri, Aug 10, 2018"
4339,Yampa Valley,Hayden,United States,HDN,KHDN,40.481181,-107.21766,6602,-7,A,"Hayden, CO",35,35,35,35,4.257142857142858,16.199999999999996,11.0,43.0,"Thu, Aug 16, 2018","Fri, Aug  3, 2018"
6739,Hagerstown Regional-Richard A. Henson Field,Hagerstown,United States,HGR,KHGR,39.7079,-77.7295,704,-5,A,"Hagerstown, MD",13,13,13,13,5.538461538461538,10.384615384615385,10.0,37.0,"Mon, Aug 20, 2018","Thu, Aug  2, 2018"
7002,Hilton Head,Hilton Head,United States,HHH,KHHH,32.216,-80.752,10,-5,U,"Hilton Head, SC",93,92,93,93,8.05376344086022,17.500000000000004,21.0,43.0,"Fri, Aug 10, 2018","Tue, Aug 21, 2018"
3650,Chisholm Hibbing,Hibbing,United States,HIB,KHIB,47.3866,-92.838994,1353,-6,A,"Hibbing, MN",54,54,54,54,2.925925925925926,15.296296296296296,6.0,49.0,"Fri, Aug  3, 2018","Wed, Aug  1, 2018"
3504,Helena Regional,Helena,United States,HLN,KHLN,46.606806,-111.98275,3877,-7,A,"Helena, MT",182,182,182,182,3.4175824175824174,15.532967032967033,16.0,41.0,"Fri, Aug 10, 2018","Sun, Aug 12, 2018"
3728,Honolulu International,Honolulu,United States,HNL,PHNL,21.318681,-157.922428,13,-10,N,"Honolulu, HI",4398,4400,4416,4417,8.044793087767161,16.245681818181836,79.0,85.0,"Tue, Aug 14, 2018","Thu, Aug  9, 2018"
3749,Lea County Regional,Hobbs,United States,HOB,KHOB,32.687528,-103.217028,3661,-7,A,"Hobbs, NM",58,58,58,58,5.2413793103448265,12.637931034482758,10.0,56.0,"Sun, Aug 19, 2018","Thu, Aug 16, 2018"
3566,William P. Hobby,Houston,United States,HOU,KHOU,29.645419,-95.278889,46,-6,A,"Houston, TX",4863,4863,4941,4942,5.883199670984992,10.67530331071359,44.0,105.0,"Fri, Aug 17, 2018","Wed, Aug  8, 2018"
3589,Westchester County,White Plains,United States,HPN,KHPN,41.066959,-73.707575,439,-5,A,"White Plains, NY",863,869,883,882,5.850521436848203,18.974683544303797,150.0,171.0,"Fri, Aug 17, 2018","Sat, Aug 11, 2018"
3560,Valley International,Harlingen,United States,HRL,KHRL,26.2285,-97.654389,36,-6,A,"Harlingen/San Benito, TX",291,290,291,291,2.8316151202749142,11.006896551724138,7.0,46.0,"Tue, Aug 28, 2018","Wed, Aug 22, 2018"
4113,Huntsville International Airport-Carl T. Jones Field,Huntsville,United States,HSV,KHSV,34.6371944,-86.7750556,629,-6,A,"Huntsville, AL",759,759,775,775,5.075098814229249,15.291172595520422,22.0,64.0,"Sun, Aug 26, 2018","Wed, Aug 29, 2018"
5742,TriState-Milton J. Ferguson Field,Huntington,United States,HTS,KHTS,38.3667,-82.558,828,-5,A,"Ashland, WV",132,131,133,133,4.734848484848487,11.083969465648858,12.0,96.0,"Sun, Aug 26, 2018","Fri, Aug 31, 2018"
4006,Tweed-New Haven Airport,New Haven,United States,HVN,KHVN,41.26375,-72.886806,14,-5,A,"New Haven, CT",79,80,87,87,3.607594936708861,7.5875,6.0,19.0,"Tue, Aug 28, 2018","Fri, Aug 31, 2018"
4278,Barnstable Municipal-Boardman Polando Field,Barnstable,United States,HYA,KHYA,41.669336,-70.280356,55,-5,A,"Hyannis, MA",30,30,31,31,3.533333333333333,9.766666666666667,6.0,28.0,"Wed, Aug  8, 2018","Fri, Aug 17, 2018"
7014,Hays Regional Airport,Hays,United States,HYS,KHYS,38.8422,-99.2732,1998,-5,A,"Hays, KS",103,103,109,107,4.330097087378639,13.864077669902912,8.0,42.0,"Wed, Aug 15, 2018","Thu, Aug 30, 2018"
3714,Washington Dulles International,Washington,United States,IAD,KIAD,38.944533,-77.455811,313,-5,A,"Washington, DC",6180,6182,6301,6303,6.294174757281544,21.90423811064374,116.0,167.0,"Fri, Aug 31, 2018","Thu, Aug  2, 2018"
3630,Niagara Falls International,Niagara Falls,United States,IAG,KIAG,43.107333,-78.946194,589,-5,A,"Niagara Falls, NY",67,67,67,67,8.104477611940295,12.985074626865671,15.0,30.0,"Fri, Aug 10, 2018","Tue, Aug  7, 2018"
3550,George Bush Intercontinental Houston,Houston,United States,IAH,KIAH,29.984433,-95.341442,97,-6,A,"Houston, TX",15156,15183,15274,15279,8.430786487199788,17.43061318579974,117.0,125.0,"Tue, Aug 21, 2018","Sat, Aug 11, 2018"
3457,Wichita Mid Continent,Wichita,United States,ICT,KICT,37.649944,-97.433056,1333,-6,A,"Wichita, KS",955,956,962,964,4.5047120418848285,13.302301255230129,19.0,85.0,"Fri, Aug 31, 2018","Wed, Aug  1, 2018"
4100,Idaho Falls Regional,Idaho Falls,United States,IDA,KIDA,43.514556,-112.07075,4744,-7,A,"Idaho Falls, ID",173,174,173,174,4.601156069364159,11.396551724137929,26.0,33.0,"Sat, Aug 11, 2018","Thu, Aug 23, 2018"
3845,Wilmington International,Wilmington,United States,ILM,KILM,34.270615,-77.902569,32,-5,A,"Wilmington, NC",588,584,602,602,4.340136054421766,15.08904109589041,91.0,61.0,"Thu, Aug  2, 2018","Mon, Aug 27, 2018"
6837,Ford Airport,Iron Mountain,United States,IMT,KIMT,45.8183611,-88.1145556,1182,-5,A,"Iron Mountain/Kingsfd, MI",58,58,58,58,4.120689655172415,13.96551724137931,7.0,46.0,"Wed, Aug 29, 2018","Tue, Aug  7, 2018"
3585,Indianapolis International,Indianapolis,United States,IND,KIND,39.717331,-86.294383,797,-5,A,"Indianapolis, IN",4094,4093,4205,4206,6.143136297020028,14.026142193989733,51.0,126.0,"Mon, Aug 20, 2018","Wed, Aug 15, 2018"
3535,Falls International,International Falls,United States,INL,KINL,48.566186,-93.403067,1185,-6,A,"International Falls, MN",62,62,62,62,3.9838709677419355,15.53225806451613,7.0,45.0,"Fri, Aug 31, 2018","Thu, Aug  9, 2018"
3659,Sloulin Field International,Williston,United States,ISN,KISN,48.177939,-103.642347,1982,-7,A,"Williston, ND",145,144,145,144,5.413793103448276,21.513888888888882,16.0,60.0,"Wed, Aug 29, 2018","Tue, Aug 21, 2018"
3857,Long Island MacArthur,Islip,United States,ISP,KISP,40.79525,-73.100222,99,-5,A,"Islip, NY",477,479,483,484,4.392033542976939,11.16701461377871,21.0,118.0,"Tue, Aug  7, 2018","Fri, Aug  3, 2018"
3947,Ithaca Tompkins Regional,Ithaca,United States,ITH,KITH,42.491028,-76.458444,1099,-5,A,"Ithaca/Cortland, NY",85,85,85,85,3.4705882352941178,17.56470588235294,10.0,34.0,"Fri, Aug  3, 2018","Wed, Aug 22, 2018"
3415,Hilo International,Hilo,United States,ITO,PHTO,19.721375,-155.048469,38,-10,N,"Hilo, HI",544,514,549,518,5.612132352941174,9.457198443579763,14.0,36.0,"Fri, Aug 31, 2018","Thu, Aug 30, 2018"
4027,Jackson Hole Airport,Jacksn Hole,United States,JAC,KJAC,43.60733333,-110.73775,6451,-7,A,"Jackson, WY",547,550,551,554,4.585009140767826,17.014545454545452,51.0,116.0,"Mon, Aug 27, 2018","Thu, Aug  2, 2018"
3580,Jackson Evers International,Jackson,United States,JAN,KJAN,32.311167,-90.075889,346,-6,A,"Jackson/Vicksburg, MS",674,675,686,686,4.750741839762612,13.68592592592592,48.0,63.0,"Fri, Aug 17, 2018","Fri, Aug  3, 2018"
3712,Jacksonville International,Jacksonville,United States,JAX,KJAX,30.494056,-81.687861,30,-5,A,"Jacksonville, FL",2807,2797,2872,2870,6.274670466690419,14.135502323918484,149.0,140.0,"Thu, Aug  2, 2018","Wed, Aug  1, 2018"
3797,John F. Kennedy International,New York,United States,JFK,KJFK,40.639751,-73.778925,13,-5,A,"New York, NY",11286,11286,11868,11868,10.737462342725552,31.31286549707596,127.0,176.0,"Tue, Aug  7, 2018","Thu, Aug  2, 2018"
4354,Joplin Regional,Joplin,United States,JLN,KJLN,37.151814,-94.498269,981,-6,A,"Joplin, MO",73,73,74,74,5.6438356164383565,19.26027397260274,51.0,88.0,"Tue, Aug 14, 2018","Thu, Aug 30, 2018"
5745,Jamestown Regional Airport,Jamestown,United States,JMS,KJMS,46.9297,-98.6782,1498,-6,A,"Jamestown, ND",82,81,85,85,4.768292682926827,15.061728395061728,12.0,34.0,"Fri, Aug 24, 2018","Fri, Aug  3, 2018"
3492,Juneau International,Juneau,United States,JNU,PAJN,58.354972,-134.576278,21,-9,A,"Juneau, AK",498,500,500,501,4.086345381526104,13.234000000000002,16.0,54.0,"Wed, Aug  1, 2018","Tue, Aug 21, 2018"
3514,Kona International At Keahole,Kona,United States,KOA,PHKO,19.738767,-156.045631,47,-10,N,"Kona, HI",1326,1355,1327,1358,5.147058823529416,11.188191881918817,47.0,38.0,"Wed, Aug  8, 2018","Fri, Aug 31, 2018"
3808,Ketchikan International,Ketchikan,United States,KTN,PAKT,55.355556,-131.71375,88,-9,A,"Ketchikan, AK",268,268,269,269,4.067164179104476,11.75,14.0,66.0,"Sat, Aug 25, 2018","Sat, Aug 18, 2018"
3544,Capital City,Lansing,United States,LAN,KLAN,42.7787,-84.587357,861,-5,A,"Lansing, MI",298,298,303,303,4.248322147651007,14.295302013422818,28.0,78.0,"Mon, Aug 20, 2018","Mon, Aug 27, 2018"
5746,Laramie Regional Airport,Laramie,United States,LAR,KLAR,41.3121,-105.675,7284,-7,A,"Laramie, WY",52,52,54,54,4.769230769230769,19.86538461538461,7.0,76.0,"Sun, Aug 12, 2018","Sun, Aug  5, 2018"
3877,McCarran International,Las Vegas,United States,LAS,KLAS,36.080056,-115.15225,2141,-8,A,"Las Vegas, NV",13881,13875,14007,14003,6.851811829118933,15.689513513513502,94.0,123.0,"Sat, Aug 11, 2018","Mon, Aug 27, 2018"
4256,Lawton-Fort Sill Regional Airport,Lawton,United States,LAW,KLAW,34.5677144,-98.4166367,1110,-6,A,"Lawton/Fort Sill, OK",118,118,122,122,3.6186440677966103,14.008474576271187,30.0,55.0,"Fri, Aug 10, 2018","Sat, Aug 11, 2018"
3484,Los Angeles International,Los Angeles,United States,LAX,KLAX,33.942536,-118.408075,126,-8,A,"Los Angeles, CA",19671,19677,19879,19874,12.089115957500882,19.108349850078643,104.0,119.0,"Tue, Aug 14, 2018","Sat, Aug 11, 2018"
3829,Lubbock Preston Smith International,Lubbock,United States,LBB,KLBB,33.663639,-101.822778,3282,-6,A,"Lubbock, TX",558,559,566,567,4.094982078853044,12.728085867620747,40.0,56.0,"Wed, Aug  8, 2018","Fri, Aug 17, 2018"
5747,Arnold Palmer Regional Airport,Latrobe,United States,LBE,KLBE,40.2759,-79.4048,1185,-5,A,"Latrobe, PA",90,91,93,93,7.144444444444445,10.747252747252748,57.0,22.0,"Mon, Aug 13, 2018","Fri, Aug  3, 2018"
5748,North Platte Regional Airport-Lee Bird Field,North Platte,United States,LBF,KLBF,41.1262,-100.684,2776,-6,A,"North Platte, NE",54,54,54,54,4.851851851851852,11.203703703703708,11.0,37.0,"Wed, Aug  1, 2018","Fri, Aug 24, 2018"
4341,Liberal Municipal,Liberal,United States,LBL,KLBL,37.044222,-100.95986,2885,-6,A,"Liberal, KS",54,54,54,54,5.333333333333331,16.074074074074073,19.0,87.0,"Mon, Aug  6, 2018","Fri, Aug 31, 2018"
3513,Lake Charles Regional,Lake Charles,United States,LCH,KLCH,30.126112,-93.223335,15,-6,A,"Lake Charles, LA",177,177,178,178,4.988700564971754,11.33333333333334,10.0,40.0,"Sat, Aug 11, 2018","Mon, Aug 20, 2018"
3674,Rickenbacker International,Columbus,United States,LCK,KLCK,39.813786,-82.927822,744,-5,A,"Columbus, OH",101,101,101,102,6.0594059405940595,12.376237623762377,44.0,84.0,"Sun, Aug 26, 2018","Thu, Aug 30, 2018"
4017,Blue Grass,Lexington KY,United States,LEX,KLEX,38.0365,-84.605889,979,-5,A,"Lexington, KY",924,926,938,938,4.9805194805194795,16.766738660907105,41.0,152.0,"Sun, Aug 12, 2018","Sun, Aug 12, 2018"
3493,Lafayette Regional,Lafayette,United States,LFT,KLFT,30.205278,-91.987611,43,-6,A,"Lafayette, LA",358,357,361,360,5.069832402234638,15.333333333333336,22.0,116.0,"Thu, Aug 30, 2018","Thu, Aug  9, 2018"
3697,LaGuardia Airport,New York,United States,LGA,KLGA,40.777245,-73.872608,22,-5,A,"New York, NY",14340,14355,15499,15501,9.507391910739134,29.617276210379636,94.0,164.0,"Fri, Aug 17, 2018","Sat, Aug 18, 2018"
3582,Long Beach,Long Beach,United States,LGB,KLGB,33.817722,-118.151611,60,-8,A,"Long Beach, CA",1488,1481,1498,1498,4.508736559139779,13.641458474004047,30.0,81.0,"Sat, Aug  4, 2018","Thu, Aug 16, 2018"
3602,Lihue,Lihue,United States,LIH,PHLI,21.975983,-159.338958,153,-10,N,"Lihue, HI",1291,1288,1298,1298,5.990704879938036,10.341614906832291,64.0,34.0,"Sat, Aug 11, 2018","Fri, Aug 10, 2018"
3660,Adams Field,Little Rock,United States,LIT,KLIT,34.729444,-92.224306,262,-6,A,"Little Rock, AR",1175,1177,1184,1188,5.647659574468092,13.808836023789294,30.0,113.0,"Mon, Aug 13, 2018","Mon, Aug 13, 2018"
3543,Lincoln,Lincoln,United States,LNK,KLNK,40.850971,-96.75925,1219,-6,A,"Lincoln, NE",162,161,162,161,4.222222222222222,17.53416149068323,36.0,74.0,"Mon, Aug  6, 2018","Fri, Aug 24, 2018"
3691,Laredo International,Laredo,United States,LRD,KLRD,27.54375,-99.461556,508,-6,A,"Laredo, TX",211,211,213,213,3.6872037914691944,12.635071090047395,10.0,77.0,"Mon, Aug 13, 2018","Sun, Aug 12, 2018"
4044,LaCrosse Municipal,LaCrosse,United States,LSE,KLSE,43.878986,-91.256711,654,-6,A,"La Crosse, WI",204,202,213,213,3.627450980392157,16.346534653465355,41.0,100.0,"Fri, Aug 24, 2018","Thu, Aug  9, 2018"
6958,Greenbrier Valley Airport,Lewisburg,United States,LWB,KLWB,37.858333,-80.399444,2302,-5,U,"Lewisburg, WV",72,72,75,74,3.9583333333333335,14.76388888888889,7.0,57.0,"Sun, Aug 12, 2018","Tue, Aug 28, 2018"
3945,Lewiston Nez Perce County,Lewiston,United States,LWS,KLWS,46.3745,-117.015389,1442,-8,A,"Lewiston, ID",62,62,62,62,4.225806451612905,10.709677419354838,9.0,20.0,"Sun, Aug 19, 2018","Sat, Aug  4, 2018"
5753,Lynchburg Regional-Preston Glenn Field,Lynchburg,United States,LYH,KLYH,37.3267,-79.2004,938,-5,A,"Lynchburg, VA",106,103,107,105,4.6226415094339615,11.76699029126213,50.0,42.0,"Thu, Aug  2, 2018","Wed, Aug 22, 2018"
3652,Midland International,Midland,United States,MAF,KMAF,31.942528,-102.201914,2871,-6,A,"Midland/Odessa, TX",771,771,784,784,3.5914396887159525,12.932555123216611,44.0,52.0,"Fri, Aug  3, 2018","Thu, Aug  9, 2018"
4128,MBS International,Saginaw,United States,MBS,KMBS,43.532913,-84.079647,668,-5,A,"Saginaw/Bay City/Midland, MI",257,255,259,259,4.58365758754864,15.384313725490196,21.0,70.0,"Sun, Aug 12, 2018","Sat, Aug 25, 2018"
3458,Kansas City International,Kansas City,United States,MCI,KMCI,39.297606,-94.713905,1026,-6,A,"Kansas City, MO",4971,4985,5054,5060,4.989941661637495,12.262387161484472,57.0,154.0,"Fri, Aug 24, 2018","Wed, Aug  1, 2018"
3878,Orlando International,Orlando,United States,MCO,KMCO,28.429394,-81.308994,96,-5,A,"Orlando, FL",10917,10930,11063,11065,9.308418063570553,15.784812442817973,145.0,150.0,"Tue, Aug 21, 2018","Sat, Aug 11, 2018"
3542,Harrisburg International,Harrisburg,United States,MDT,KMDT,40.193494,-76.763403,310,-5,A,"Harrisburg, PA",575,573,588,589,5.408695652173913,14.162303664921465,20.0,71.0,"Tue, Aug 14, 2018","Tue, Aug 21, 2018"
3747,Chicago Midway International,Chicago,United States,MDW,KMDW,41.785972,-87.752417,620,-6,A,"Chicago, IL",7656,7655,7805,7804,6.143025078369894,12.283082952318741,73.0,131.0,"Wed, Aug  1, 2018","Tue, Aug  7, 2018"
4335,Key Field,Meridian,United States,MEI,KMEI,32.332624,-88.751868,297,-6,A,"Meridian, MS",93,93,93,93,5.107526881720433,15.290322580645162,14.0,45.0,"Sat, Aug 18, 2018","Mon, Aug  6, 2018"
3473,Memphis International,Memphis,United States,MEM,KMEM,35.042417,-89.976667,341,-6,A,"Memphis, TN",1957,1953,1998,1995,5.409299948901387,14.85919098822325,49.0,101.0,"Mon, Aug  6, 2018","Fri, Aug  3, 2018"
3826,McAllen Miller International,Mcallen,United States,MFE,KMFE,26.175833,-98.238611,107,-6,A,"Mission/McAllen/Edinburg, TX",419,417,426,427,4.054892601431981,10.90167865707434,17.0,54.0,"Sat, Aug 18, 2018","Mon, Aug 13, 2018"
4101,Rogue Valley International Medford,Medford,United States,MFR,KMFR,42.374228,-122.8735,1335,-8,A,"Medford, OR",427,427,488,475,6.021077283372367,15.224824355971897,32.0,96.0,"Thu, Aug 30, 2018","Wed, Aug 15, 2018"
4115,Montgomery Regional Airport ,MONTGOMERY,United States,MGM,KMGM,32.3006389,-86.3939722,221,-6,A,"Montgomery, AL",389,389,393,393,3.5526992287917736,16.33419023136248,22.0,95.0,"Fri, Aug 10, 2018","Sat, Aug 18, 2018"
4050,Manhattan Regional,Manhattan,United States,MHK,KMHK,39.140972,-96.670833,1057,-6,A,"Manhattan/Ft. Riley, KS",157,156,160,160,3.8471337579617835,11.217948717948723,15.0,30.0,"Mon, Aug  6, 2018","Sat, Aug 25, 2018"
4011,Manchester Regional Airport,Manchester NH,United States,MHT,KMHT,42.932556,-71.435667,266,-5,A,"Manchester, NH",845,846,870,871,4.983431952662718,13.261229314420808,28.0,83.0,"Fri, Aug  3, 2018","Thu, Aug  2, 2018"
3576,Miami International,Miami,United States,MIA,KMIA,25.79325,-80.290556,8,-5,A,"Miami, FL",7178,7192,7274,7275,9.154917804402313,19.151279199110146,136.0,139.0,"Sat, Aug 25, 2018","Sun, Aug 19, 2018"
3717,General Mitchell International,Milwaukee,United States,MKE,KMKE,42.947222,-87.896583,723,-6,A,"Milwaukee, WI",2696,2694,2755,2756,5.184718100890198,12.748329621380853,108.0,173.0,"Sun, Aug 26, 2018","Tue, Aug 28, 2018"
5754,Muskegon County Airport,Muskegon,United States,MKG,KMKG,43.1695,-86.2382,628,-5,A,"Muskegon, MI",61,59,62,62,4.885245901639344,15.45762711864407,11.0,38.0,"Mon, Aug  6, 2018","Fri, Aug 17, 2018"
3671,Melbourne International,Melbourne,United States,MLB,KMLB,28.102753,-80.645258,33,-5,A,"Melbourne, FL",195,194,195,195,4.492307692307692,15.005154639175258,75.0,46.0,"Wed, Aug 22, 2018","Sat, Aug 11, 2018"
4072,Quad City International,Moline,United States,MLI,KMLI,41.448528,-90.507539,590,-6,A,"Moline, IL",445,444,450,450,5.435955056179777,15.346846846846846,47.0,85.0,"Tue, Aug 28, 2018","Tue, Aug 28, 2018"
3732,Monroe Regional,Monroe,United States,MLU,KMLU,32.510864,-92.037689,79,-6,A,"Monroe, LA",289,290,292,292,4.069204152249132,14.000000000000002,11.0,36.0,"Thu, Aug  2, 2018","Wed, Aug 15, 2018"
3782,Mobile Regional,Mobile,United States,MOB,KMOB,30.691231,-88.242814,219,-6,A,"Mobile, AL",581,581,589,589,4.03614457831326,14.419965576592082,36.0,67.0,"Thu, Aug 30, 2018","Thu, Aug  9, 2018"
3498,Minot International,Minot,United States,MOT,KMOT,48.259378,-101.280333,1716,-6,A,"Minot, ND",236,236,236,236,5.038135593220339,14.766949152542374,24.0,101.0,"Fri, Aug  3, 2018","Mon, Aug 27, 2018"
6838,Sawyer International Airport,Marquette,United States,MQT,KMQT,46.353611,-87.395278,1221,-5,A,"Marquette, MI",124,124,125,124,4.419354838709675,15.548387096774194,6.0,58.0,"Sun, Aug 12, 2018","Fri, Aug 10, 2018"
3948,Monterey Peninsula,Monterey,United States,MRY,KMRY,36.587,-121.842944,257,-8,A,"Monterey, CA",326,324,336,336,3.4815950920245387,16.129629629629633,14.0,51.0,"Wed, Aug 29, 2018","Sun, Aug 19, 2018"
3459,Dane County Regional-Truax Field,Madison,United States,MSN,KMSN,43.139858,-89.337514,887,-6,A,"Madison, WI",1274,1269,1318,1316,4.968602825745678,13.833727344365649,45.0,119.0,"Tue, Aug 28, 2018","Tue, Aug 28, 2018"
4216,Missoula International,Missoula,United States,MSO,KMSO,46.916306,-114.090556,3205,-7,A,"Missoula, MT",503,501,503,503,7.606361829025845,13.938123752495008,55.0,81.0,"Sat, Aug  4, 2018","Tue, Aug 14, 2018"
3858,Minneapolis St. Paul International,Minneapolis,United States,MSP,KMSP,44.881956,-93.221767,841,-6,A,"Minneapolis, MN",15080,15072,15165,15161,5.900331564986767,19.00696656050962,101.0,166.0,"Fri, Aug  3, 2018","Fri, Aug  3, 2018"
3861,Louis Armstrong New Orleans International,New Orleans,United States,MSY,KMSY,29.993389,-90.258028,4,-6,A,"New Orleans, LA",4511,4507,4575,4576,5.478607847483909,12.510982915464819,104.0,103.0,"Sat, Aug 18, 2018","Sat, Aug 11, 2018"
6880,Montrose Regional Airport,Montrose CO,United States,MTJ,KMTJ,38.509794,-107.894242,5759,-7,A,"Montrose/Delta, CO",150,150,153,153,5.153333333333335,14.94,30.0,54.0,"Thu, Aug  2, 2018","Sun, Aug 12, 2018"
4265,Martha's Vineyard,Vineyard Haven MA,United States,MVY,KMVY,41.391667,-70.615278,67,-5,A,"Martha's Vineyard, MA",172,171,176,176,4.8604651162790695,16.68421052631579,46.0,166.0,"Sat, Aug 18, 2018","Sun, Aug 12, 2018"
3515,Myrtle Beach International,Myrtle Beach,United States,MYR,KMYR,33.67975,-78.928333,25,-5,A,"Myrtle Beach, SC",1383,1381,1405,1405,5.227042660882139,12.90296886314265,32.0,119.0,"Sun, Aug 12, 2018","Sun, Aug  5, 2018"
4386,Albert J. Ellis,Jacksonville NC,United States,OAJ,KOAJ,34.829164,-77.612139,94,-5,A,"Jacksonville/Camp Lejeune, NC",297,295,298,298,3.572390572390573,17.545762711864402,7.0,60.0,"Wed, Aug 15, 2018","Tue, Aug 28, 2018"
3453,Metropolitan Oakland International,Oakland,United States,OAK,KOAK,37.721278,-122.220722,9,-8,A,"Oakland, CA",4784,4795,4857,4863,6.042851170568567,12.562252346193944,67.0,106.0,"Sun, Aug 26, 2018","Thu, Aug 16, 2018"
3456,Kahului,Kahului,United States,OGG,PHOG,20.89865,-156.430458,54,-10,N,"Kahului, HI",2209,2211,2240,2241,6.572657311000456,10.280416101311637,71.0,62.0,"Mon, Aug  6, 2018","Sat, Aug 18, 2018"
3724,Ogdensburg International,Ogdensburg,United States,OGS,KOGS,44.681854,-75.4655,297,-5,A,"Ogdensburg, NY",4,4,4,4,8.5,15.75,15.0,22.0,"Sat, Aug 11, 2018","Wed, Aug  8, 2018"
3863,Will Rogers World,Oklahoma City,United States,OKC,KOKC,35.393089,-97.600733,1295,-6,A,"Oklahoma City, OK",2089,2091,2126,2126,5.079942556247007,13.350071736011477,165.0,100.0,"Tue, Aug 14, 2018","Wed, Aug  8, 2018"
3454,Eppley Airfield,Omaha,United States,OMA,KOMA,41.303167,-95.894069,984,-6,A,"Omaha, NE",2195,2186,2235,2233,4.338952164009113,13.142726440988104,42.0,124.0,"Fri, Aug  3, 2018","Wed, Aug 15, 2018"
3615,Nome,Nome,United States,OME,PAOM,64.512203,-165.445247,37,-9,A,"Nome, AK",62,62,62,62,3.806451612903226,7.677419354838711,6.0,31.0,"Thu, Aug 16, 2018","Fri, Aug 24, 2018"
3734,Ontario International,Ontario,United States,ONT,KONT,34.056,-117.601194,944,-8,A,"Ontario, CA",1863,1857,1887,1884,4.322061191626413,11.20947765212709,33.0,108.0,"Tue, Aug  7, 2018","Mon, Aug 27, 2018"
3830,Chicago O'Hare International,Chicago,United States,ORD,KORD,41.978603,-87.904842,668,-6,A,"Chicago, IL",29576,29611,30372,30365,14.156917771165796,24.07966634021136,120.0,177.0,"Sat, Aug  4, 2018","Thu, Aug  9, 2018"
3611,Norfolk International,Norfolk,United States,ORF,KORF,36.894611,-76.201222,26,-5,A,"Norfolk, VA",2079,2089,2176,2177,5.108225108225103,14.835806606031591,85.0,122.0,"Sat, Aug 11, 2018","Thu, Aug  2, 2018"
6426,Worcester Regional Airport,Worcester,United States,ORH,KORH,42.2673,-71.8757,1009,-5,U,"Worcester, MA",87,87,93,93,4.793103448275863,11.747126436781606,14.0,31.0,"Tue, Aug 14, 2018","Fri, Aug 31, 2018"
5757,Southwest Oregon Regional Airport,North Bend,United States,OTH,KOTH,43.4171,-124.246,17,-8,A,"North Bend/Coos Bay, OR",40,40,40,40,4.1,17.825,8.0,37.0,"Sun, Aug 26, 2018","Wed, Aug  8, 2018"
3693,Ralph Wien Memorial,Kotzebue,United States,OTZ,PAOT,66.884678,-162.59855,11,-9,A,"Kotzebue, AK",62,61,62,62,3.3548387096774195,6.60655737704918,11.0,15.0,"Tue, Aug 28, 2018","Tue, Aug 28, 2018"
5758,Owensboro Daviess County Airport,Owensboro,United States,OWB,KOWB,37.7401,-87.1668,406,-6,A,"Owensboro, KY",9,9,9,9,11.88888888888889,5.111111111111111,59.0,7.0,"Fri, Aug 31, 2018","Mon, Aug  6, 2018"
4117,Barkley Regional Airport,PADUCAH,United States,PAH,KPAH,37.0602875,-88.7729583,410,-6,A,"Paducah, KY",59,59,62,62,4.711864406779661,13.932203389830509,8.0,60.0,"Wed, Aug  8, 2018","Thu, Aug  2, 2018"
3771,Plattsburgh International,Plattsburgh,United States,PBG,KPBG,44.650944,-73.468139,234,-5,A,"Plattsburgh, NY",78,76,78,76,5.794871794871794,12.684210526315786,16.0,37.0,"Wed, Aug  1, 2018","Thu, Aug  2, 2018"
3722,Palm Beach International,West Palm Beach,United States,PBI,KPBI,26.683161,-80.095589,19,-5,A,"West Palm Beach/Palm Beach, FL",1689,1689,1725,1727,4.240378922439313,14.128478389579637,70.0,109.0,"Mon, Aug 20, 2018","Mon, Aug 20, 2018"
3720,Portland International,Portland,United States,PDX,KPDX,45.588722,-122.5975,30,-8,A,"Portland, OR",6150,6143,6195,6195,5.220487804878063,15.402409246296598,74.0,131.0,"Fri, Aug 10, 2018","Thu, Aug  2, 2018"
7056,Charlotte County-Punta Gorda Airport,Punta Gorda,United States,PGD,KPGD,26.919722,-81.990556,26,-5,A,"Punta Gorda, FL",372,372,372,372,10.005376344086011,10.389784946236567,157.0,60.0,"Fri, Aug 24, 2018","Mon, Aug 20, 2018"
6959,Pitt-Greenville Airport,Greenville,United States,PGV,KPGV,35.635278,-77.385278,27,-5,A,"Greenville, NC",135,135,140,140,2.7999999999999994,15.562962962962963,7.0,65.0,"Sun, Aug 12, 2018","Sat, Aug 18, 2018"
3633,Newport News Williamsburg International,Newport News,United States,PHF,KPHF,37.131894,-76.492989,43,-5,A,"Newport News/Williamsburg, VA",256,257,258,259,4.191406249999995,14.311284046692611,33.0,94.0,"Sat, Aug 18, 2018","Thu, Aug  9, 2018"
3752,Philadelphia International,Philadelphia,United States,PHL,KPHL,39.871944,-75.241139,36,-5,A,"Philadelphia, PA",10155,10144,10474,10473,8.371147218119107,25.039629337539424,143.0,171.0,"Sat, Aug 11, 2018","Sat, Aug 11, 2018"
3462,Phoenix Sky Harbor International,Phoenix,United States,PHX,KPHX,33.434278,-112.011583,1135,-7,N,"Phoenix, AZ",14268,14313,14473,14476,8.049341183066966,15.751065464962,97.0,148.0,"Fri, Aug 10, 2018","Wed, Aug  8, 2018"
4046,Peoria Regional,Peoria,United States,PIA,KPIA,40.664203,-89.693258,660,-6,A,"Peoria, IL",436,433,444,444,5.087155963302755,15.15473441108545,30.0,117.0,"Tue, Aug 14, 2018","Mon, Aug 13, 2018"
5759,Hattiesburg Laurel Regional Airport,Hattiesburg/Laurel,United States,PIB,KPIB,31.4671,-89.3371,298,-6,A,"Hattiesburg/Laurel, MS",62,62,62,62,4.709677419354841,17.887096774193548,8.0,33.0,"Fri, Aug 10, 2018","Tue, Aug  7, 2018"
3617,St. Petersburg Clearwater International,St. Petersburg,United States,PIE,KPIE,27.910167,-82.687389,10,-5,A,"St. Petersburg, FL",591,592,592,592,9.54483925549915,13.248310810810814,105.0,54.0,"Sun, Aug  5, 2018","Sat, Aug  4, 2018"
5760,Pocatello Regional Airport,Pocatello,United States,PIH,KPIH,42.9098,-112.596,4452,-7,A,"Pocatello, ID",114,114,114,114,3.0789473684210527,11.798245614035084,7.0,30.0,"Fri, Aug 17, 2018","Mon, Aug  6, 2018"
3570,Pittsburgh International,Pittsburgh (pennsylva),United States,PIT,KPIT,40.491467,-80.232872,1204,-5,A,"Pittsburgh, PA",4179,4177,4315,4314,5.849006939459205,13.925305242997368,67.0,144.0,"Fri, Aug 17, 2018","Sat, Aug 25, 2018"
5762,Pellston Regional Airport of Emmet County Airport,Pellston,United States,PLN,KPLN,45.5709,-84.7967,720,-5,A,"Pellston, MI",108,108,108,108,5.277777777777778,14.0,9.0,47.0,"Fri, Aug  3, 2018","Thu, Aug 16, 2018"
3564,Pensacola Regional,Pensacola,United States,PNS,KPNS,30.473425,-87.186611,121,-6,A,"Pensacola, FL",1057,1052,1062,1062,4.371807000946073,13.45247148288973,25.0,87.0,"Fri, Aug 17, 2018","Fri, Aug 31, 2018"
3446,Ernest A. Love Field,Prescott,United States,PRC,KPRC,34.654472,-112.419583,5045,-7,A,"Prescott, AZ",6,5,6,5,4.0,20.8,5.0,33.0,"Wed, Aug 29, 2018","Fri, Aug 31, 2018"
6133,Tri Cities Airport,Pasco,United States,PSC,PSC,46.2647,-119.119,410,-8,A,"Pasco/Kennewick/Richland, WA",221,220,222,223,5.438914027149318,14.55909090909091,24.0,50.0,"Fri, Aug 10, 2018","Mon, Aug 20, 2018"
4147,Petersburg James A. Johnson,Petersburg,United States,PSG,PAPG,56.801667,-132.945278,105,-9,A,"Petersburg, AK",61,61,62,62,3.557377049180328,9.344262295081965,6.0,21.0,"Fri, Aug  3, 2018","Fri, Aug 17, 2018"
5763,Pease International Tradeport,Portsmouth,United States,PSM,KPSM,43.0779,-70.8233,100,-5,A,"Portsmouth, NH",30,30,30,30,5.4,11.5,13.0,23.0,"Sat, Aug 11, 2018","Sat, Aug 11, 2018"
3839,Palm Springs International,Palm Springs,United States,PSP,KPSP,33.829667,-116.506694,477,-8,A,"Palm Springs, CA",572,574,577,577,5.048951048951049,16.16202090592335,34.0,109.0,"Fri, Aug 17, 2018","Sun, Aug  5, 2018"
3527,Pueblo Memorial,Pueblo Memorial,United States,PUB,KPUB,38.289085,-104.496572,4726,-7,A,"Pueblo, CO",81,81,81,81,4.740740740740741,14.432098765432098,15.0,36.0,"Fri, Aug 10, 2018","Thu, Aug  2, 2018"
3641,Theodore Francis Green State,Providence,United States,PVD,KPVD,41.732581,-71.420383,55,-5,A,"Providence, RI",1532,1532,1565,1567,4.762402088772841,13.210182767624012,48.0,105.0,"Fri, Aug  3, 2018","Sun, Aug 12, 2018"
7579,Provo Municipal Airport,Provo,United States,PVU,KPVU,40.21805555,-111.7222222,4497,-6,A,"Provo, UT",49,49,49,49,5.510204081632651,14.408163265306122,14.0,29.0,"Fri, Aug 10, 2018","Wed, Aug 22, 2018"
3862,Portland International Jetport,Portland,United States,PWM,KPWM,43.646161,-70.309281,77,-5,A,"Portland, ME",1317,1313,1388,1389,4.466970387243739,14.287128712871281,43.0,81.0,"Sun, Aug 26, 2018","Fri, Aug  3, 2018"
4087,Rapid City Regional Airport,Rapid City,United States,RAP,KRAP,44.045278,-103.057222,3204,-7,A,"Rapid City, SD",469,469,469,469,6.54371002132196,15.010660980810234,51.0,94.0,"Sun, Aug 26, 2018","Thu, Aug  2, 2018"
4098,Redding Municipal,Redding,United States,RDD,KRDD,40.509,-122.293389,504,-8,A,"Redding, CA",85,83,92,92,4.552941176470589,16.37349397590362,7.0,63.0,"Tue, Aug 14, 2018","Thu, Aug 23, 2018"
4103,Roberts Field,Redmond-Bend,United States,RDM,KRDM,44.254066,-121.149964,3077,-8,A,"Bend/Redmond, OR",311,309,320,320,5.318327974276529,15.207119741100318,22.0,55.0,"Sun, Aug 12, 2018","Tue, Aug 21, 2018"
3626,Raleigh Durham International,Raleigh-durham,United States,RDU,KRDU,35.877639,-78.787472,435,-5,A,"Raleigh/Durham, NC",5308,5280,5467,5468,6.513941220798787,18.688446969696965,179.0,142.0,"Thu, Aug  2, 2018","Thu, Aug  2, 2018"
4028,Chicago Rockford International Airport ,Rockford,United States,RFD,KRFD,42.1953611,-89.0972222,742,-6,A,"Rockford, IL",48,48,48,48,6.375,10.083333333333334,21.0,19.0,"Thu, Aug  9, 2018","Tue, Aug 21, 2018"
5765,Rhinelander Oneida County Airport,Rhinelander,United States,RHI,KRHI,45.6312,-89.4675,1624,-6,A,"Rhinelander, WI",62,62,62,62,3.725806451612903,21.74193548387097,8.0,53.0,"Wed, Aug  8, 2018","Wed, Aug  1, 2018"
3608,Richmond International,Richmond,United States,RIC,KRIC,37.505167,-77.319667,167,-5,A,"Richmond, VA",1973,1965,2047,2045,7.3461733400912355,17.201526717557208,80.0,135.0,"Thu, Aug 30, 2018","Wed, Aug  8, 2018"
5766,Rock Springs Sweetwater County Airport,Rock Springs,United States,RKS,KRKS,41.5942,-109.065,6760,-7,A,"Rock Springs, WY",58,58,58,58,2.9482758620689653,13.724137931034482,6.0,39.0,"Tue, Aug 14, 2018","Wed, Aug  1, 2018"
3807,Reno Tahoe International,Reno,United States,RNO,KRNO,39.499108,-119.768108,4415,-8,A,"Reno, NV",1621,1617,1631,1629,4.457742134484885,13.343846629560915,52.0,74.0,"Wed, Aug  1, 2018","Fri, Aug  3, 2018"
4016,Roanoke Regional,Roanoke VA,United States,ROA,KROA,37.325472,-79.975417,1175,-5,A,"Roanoke, VA",210,208,213,213,7.038095238095241,20.639423076923077,64.0,87.0,"Thu, Aug 30, 2018","Sat, Aug 11, 2018"
3622,Greater Rochester International,Rochester,United States,ROC,KROC,43.118866,-77.672389,559,-5,A,"Rochester, NY",1155,1160,1221,1221,5.713419913419913,13.48189655172413,30.0,89.0,"Sat, Aug 11, 2018","Sat, Aug 25, 2018"
3736,Roswell International Air Center,Roswell,United States,ROW,KROW,33.301556,-104.530556,3671,-7,A,"Roswell, NM",117,117,122,122,4.307692307692306,13.692307692307692,8.0,71.0,"Wed, Aug  1, 2018","Sat, Aug 11, 2018"
4048,Rochester,Rochester,United States,RST,KRST,43.908283,-92.500014,1317,-6,A,"Rochester, MN",280,279,288,288,3.807142857142857,17.014336917562733,12.0,91.0,"Thu, Aug  9, 2018","Mon, Aug  6, 2018"
3793,Southwest Florida International,Fort Myers,United States,RSW,KRSW,26.536167,-81.755167,30,-5,A,"Fort Myers, FL",1706,1705,1728,1730,4.983001172332934,12.67096774193548,111.0,99.0,"Sat, Aug 18, 2018","Fri, Aug 24, 2018"
3784,Santa Fe Municipal,Santa Fe,United States,SAF,KSAF,35.617108,-106.089422,6348,-7,A,"Santa Fe, NM",113,113,121,121,4.36283185840708,16.539823008849556,20.0,91.0,"Tue, Aug  7, 2018","Sun, Aug 12, 2018"
3731,San Diego International,San Diego,United States,SAN,KSAN,32.733556,-117.189667,17,-8,A,"San Diego, CA",8072,8066,8156,8154,4.305500495540106,17.249070171088473,74.0,126.0,"Fri, Aug 24, 2018","Mon, Aug 27, 2018"
3621,San Antonio International,San Antonio,United States,SAT,KSAT,29.533694,-98.469778,809,-6,A,"San Antonio, TX",3488,3476,3514,3513,4.1743119266055,12.209436133486767,66.0,134.0,"Sat, Aug 18, 2018","Sat, Aug 18, 2018"
3613,Savannah Hilton Head International,Savannah,United States,SAV,KSAV,32.127583,-81.202139,51,-5,A,"Savannah, GA",1419,1418,1469,1469,5.850599013389715,15.450634696755992,46.0,85.0,"Mon, Aug  6, 2018","Sat, Aug 18, 2018"
3949,Santa Barbara Municipal,Santa Barbara,United States,SBA,KSBA,34.426211,-119.840372,10,-8,A,"Santa Barbara, CA",633,634,645,645,4.527646129541858,16.129337539432203,27.0,60.0,"Sun, Aug 12, 2018","Mon, Aug 20, 2018"
4359,South Bend Regional,South Bend,United States,SBN,KSBN,41.708661,-86.31725,799,-5,A,"South Bend, IN",658,658,669,669,5.7720364741641275,16.506079027355614,50.0,110.0,"Sat, Aug 11, 2018","Mon, Aug 13, 2018"
5768,San Luis County Regional Airport,San Luis Obispo,United States,SBP,KSBP,35.2368,-120.642,212,-8,A,"San Luis Obispo, CA",427,423,432,432,4.41451990632319,16.0307328605201,29.0,87.0,"Fri, Aug 31, 2018","Thu, Aug 16, 2018"
3620,Deadhorse,Deadhorse,United States,SCC,PASC,70.19475,-148.465167,64,-9,A,"Deadhorse, AK",83,84,85,85,3.6987951807228914,6.559523809523811,22.0,21.0,"Fri, Aug 10, 2018","Sat, Aug 25, 2018"
4318,University Park Airport,State College Pennsylvania,United States,SCE,KUNV,40.849278,-77.848694,1239,-5,A,"State College, PA",126,126,127,127,3.4761904761904763,12.88888888888889,6.0,25.0,"Sat, Aug 11, 2018","Sat, Aug  4, 2018"
3805,Stockton Metropolitan,Stockton,United States,SCK,KSCK,37.894167,-121.238306,33,-8,A,"Stockton, CA",69,69,69,69,6.695652173913044,9.115942028985508,54.0,16.0,"Sun, Aug 26, 2018","Wed, Aug  8, 2018"
4014,Louisville International Airport,Louisville,United States,SDF,KSDF,38.1740858,-85.7364989,501,-5,A,"Louisville, KY",2025,2035,2087,2086,7.421234567901236,14.239803439803433,73.0,95.0,"Fri, Aug 31, 2018","Mon, Aug 13, 2018"
3577,Seattle Tacoma International,Seattle,United States,SEA,KSEA,47.449,-122.309306,433,-8,A,"Seattle, WA",13784,13799,13881,13891,11.620429483459091,21.727661424740933,154.0,151.0,"Fri, Aug 10, 2018","Fri, Aug 10, 2018"
4167,Orlando Sanford International,Sanford,United States,SFB,KSFB,28.777639,-81.237489,55,-5,A,"Sanford, FL",713,714,714,714,6.403927068723703,13.8515406162465,68.0,64.0,"Wed, Aug  8, 2018","Mon, Aug 13, 2018"
3469,San Francisco International,San Francisco,United States,SFO,KSFO,37.618972,-122.374889,13,-8,A,"San Francisco, CA",15881,15918,16294,16272,9.459857691581083,23.308204548310083,134.0,137.0,"Sun, Aug 12, 2018","Sat, Aug 11, 2018"
4348,Springfield Branson National,Springfield,United States,SGF,KSGF,37.245667,-93.388639,1268,-6,A,"Springfield, MO",743,744,755,756,5.586810228802152,15.479838709677416,44.0,101.0,"Fri, Aug 10, 2018","Thu, Aug 16, 2018"
4064,St. George Municipal,Saint George,United States,SGU,KSGU,37.090583,-113.593056,2941,-7,A,"St. George, UT",234,234,234,234,3.405982905982906,15.478632478632479,8.0,65.0,"Mon, Aug 27, 2018","Thu, Aug 23, 2018"
7062,Shenandoah Valley Regional Airport,Weyers Cave,United States,SHD,KSHD,38.263889,-78.896389,1201,-5,A,"Staunton, VA",81,82,85,85,4.358024691358024,14.21951219512195,10.0,41.0,"Thu, Aug  2, 2018","Sat, Aug  4, 2018"
3609,Shreveport Regional,Shreveport,United States,SHV,KSHV,32.446629,-93.8256,258,-6,A,"Shreveport, LA",577,577,582,582,5.480069324090125,12.932409012131714,38.0,51.0,"Fri, Aug  3, 2018","Sat, Aug 11, 2018"
3856,Sitka Rocky Gutierrez,Sitka,United States,SIT,PASI,57.047138,-135.361611,21,-9,A,"Sitka, AK",178,177,180,179,4.168539325842693,11.502824858757059,11.0,41.0,"Sun, Aug 19, 2018","Mon, Aug 27, 2018"
3748,Norman Y. Mineta San Jose International,San Jose,United States,SJC,KSJC,37.3626,-121.929022,62,-8,A,"San Jose, CA",4840,4842,4889,4893,4.457851239669412,13.636307311028506,61.0,77.0,"Sat, Aug 18, 2018","Mon, Aug 13, 2018"
3708,San Angelo Regional-Mathis Field,San Angelo,United States,SJT,KSJT,31.35775,-100.496306,1919,-6,A,"San Angelo, TX",120,120,122,122,3.2916666666666665,12.641666666666664,6.0,40.0,"Sun, Aug 12, 2018","Mon, Aug 13, 2018"
3536,Salt Lake City International,Salt Lake City,United States,SLC,KSLC,40.788389,-111.977772,4227,-7,A,"Salt Lake City, UT",10199,10207,10228,10234,7.005686832042346,17.468012148525528,95.0,96.0,"Tue, Aug 14, 2018","Tue, Aug  7, 2018"
5771,Salina Municipal Airport,Salina,United States,SLN,KSLN,38.791,-97.6522,1288,-6,A,"Salina, KS",78,80,81,81,5.461538461538463,17.899999999999995,11.0,72.0,"Sun, Aug 19, 2018","Wed, Aug  1, 2018"
3817,Sacramento International,Sacramento,United States,SMF,KSMF,38.695417,-121.590778,27,-8,A,"Sacramento, CA",4165,4160,4210,4210,4.581992797118849,12.130528846153853,47.0,104.0,"Sat, Aug 25, 2018","Tue, Aug 21, 2018"
5772,Santa Maria Public-Captain G. Allan Hancock Airport,Santa Maria,United States,SMX,KSMX,34.8989,-120.457,261,-8,A,"Santa Maria, CA",14,14,14,14,5.142857142857143,7.285714285714286,7.0,17.0,"Wed, Aug 29, 2018","Wed, Aug 22, 2018"
3867,John Wayne Airport Orange County,Santa Ana,United States,SNA,KSNA,33.675667,-117.868222,56,-8,A,"Santa Ana, CA",3700,3704,3730,3730,5.9272972972973115,14.065604751619874,50.0,73.0,"Fri, Aug 24, 2018","Sun, Aug 12, 2018"
4336,Abraham Lincoln Capital,Springfield,United States,SPI,KSPI,39.8441,-89.677889,597,-6,A,"Springfield, IL",140,140,143,143,4.464285714285714,13.085714285714285,8.0,31.0,"Sun, Aug  5, 2018","Wed, Aug 15, 2018"
3680,Sheppard AFB Wichita Falls Municipal,Wichita Falls,United States,SPS,KSPS,33.988797,-98.491894,1019,-6,A,"Wichita Falls, TX",91,91,91,91,7.736263736263736,14.582417582417582,17.0,61.0,"Sat, Aug 11, 2018","Wed, Aug 15, 2018"
4067,Sarasota Bradenton International,Sarasota,United States,SRQ,KSRQ,27.395444,-82.554389,30,-5,A,"Sarasota/Bradenton, FL",494,494,497,497,4.097165991902836,13.890688259109313,31.0,70.0,"Wed, Aug 29, 2018","Thu, Aug  2, 2018"
4271,Saint Cloud Regional Airport,Saint Cloud,United States,STC,KSTC,45.546556,-94.059889,1031,-6,A,"St. Cloud, MN",4,4,4,4,9.0,9.0,9.0,13.0,"Sat, Aug  4, 2018","Sat, Aug  4, 2018"
3678,Lambert St. Louis International,St. Louis,United States,STL,KSTL,38.748697,-90.370028,618,-6,A,"St. Louis, MO",5721,5703,5843,5839,4.597273203985312,12.42854637909873,82.0,88.0,"Fri, Aug 10, 2018","Sat, Aug 11, 2018"
6992,Charles M. Schulz Sonoma County,Santa Rosa,United States,STS,KSTS,38.508978,-122.81288,125,-8,A,"Santa Rosa, CA",169,164,171,171,4.408284023668641,16.481707317073166,16.0,56.0,"Sun, Aug 12, 2018","Thu, Aug 23, 2018"
6494,Friedman Memorial,Hailey,United States,SUN,KSUN,43.504444,-114.296194,5320,-7,A,"Sun Valley/Hailey/Ketchum, ID",152,152,152,152,3.0328947368421044,16.92763157894737,7.0,109.0,"Thu, Aug  2, 2018","Tue, Aug 14, 2018"
3753,Sioux Gateway-Colonel Bud Day Field,Sioux City,United States,SUX,KSUX,42.402603,-96.384367,1098,-6,A,"Sioux City, IA",88,87,89,89,4.6022727272727275,12.39080459770115,29.0,45.0,"Wed, Aug  1, 2018","Tue, Aug 28, 2018"
3661,Stewart International,Newburgh,United States,SWF,KSWF,41.504094,-74.104839,491,-5,A,"Newburgh/Poughkeepsie, NY",163,163,166,166,5.55828220858896,15.883435582822091,14.0,92.0,"Mon, Aug 27, 2018","Fri, Aug 17, 2018"
3745,Syracuse Hancock International,Syracuse,United States,SYR,KSYR,43.111187,-76.106311,421,-5,A,"Syracuse, NY",1166,1168,1216,1216,4.71955403087479,14.696061643835616,31.0,98.0,"Mon, Aug 20, 2018","Thu, Aug 16, 2018"
3698,Tallahassee Regional,Tallahassee,United States,TLH,KTLH,30.396528,-84.350333,81,-5,A,"Tallahassee, FL",527,530,537,537,4.358633776091074,13.352830188679246,20.0,82.0,"Sun, Aug 19, 2018","Thu, Aug  9, 2018"
4040,Toledo,Toledo,United States,TOL,KTOL,41.586806,-83.807833,684,-5,A,"Toledo, OH",161,162,167,168,3.8136645962732927,11.098765432098768,14.0,44.0,"Wed, Aug 15, 2018","Mon, Aug  6, 2018"
3646,Tampa International,Tampa,United States,TPA,KTPA,27.975472,-82.53325,26,-5,A,"Tampa, FL",5687,5689,5766,5769,5.582908387550557,13.512392336087188,116.0,106.0,"Fri, Aug  3, 2018","Thu, Aug 30, 2018"
4116,Tri-Cities Regional Airport,BRISTOL,United States,TRI,KTRI,36.4752222,-82.4074167,1519,-5,A,"Bristol/Johnson City/Kingsport, TN",283,284,283,285,4.6431095406360425,15.975352112676068,30.0,114.0,"Sat, Aug 18, 2018","Wed, Aug 29, 2018"
3447,Trenton Mercer,Trenton,United States,TTN,KTTN,40.276692,-74.813469,213,-5,A,"Trenton, NJ",238,237,248,248,7.294117647058823,15.379746835443035,19.0,92.0,"Wed, Aug 22, 2018","Tue, Aug 14, 2018"
3855,Tulsa International,Tulsa,United States,TUL,KTUL,36.198389,-95.888111,677,-6,A,"Tulsa, OK",1530,1523,1536,1533,4.760784313725495,15.717005909389334,86.0,94.0,"Wed, Aug 29, 2018","Tue, Aug  7, 2018"
3636,Tucson International,Tucson,United States,TUS,KTUS,32.116083,-110.941028,2643,-7,N,"Tucson, AZ",1394,1394,1405,1405,4.808464849354383,14.680057388809182,87.0,79.0,"Wed, Aug  1, 2018","Mon, Aug 13, 2018"
4023,Cherry Capital Airport,Traverse City,United States,TVC,KTVC,44.741445,-85.582235,624,-5,A,"Traverse City, MI",537,540,555,557,5.573556797020483,14.994444444444445,79.0,105.0,"Sat, Aug 11, 2018","Wed, Aug 15, 2018"
4263,Magic Valley Regional Airport,Twin Falls,United States,TWF,KTWF,42.481803,-114.487733,4151,-7,A,"Twin Falls, ID",110,109,110,110,3.090909090909091,10.871559633027523,6.0,24.0,"Wed, Aug 15, 2018","Mon, Aug 20, 2018"
3770,Texarkana Regional-Webb Field,Texarkana,United States,TXK,KTXK,33.453722,-93.991028,390,-6,A,"Texarkana, AR",116,116,116,116,3.5172413793103448,16.01724137931034,8.0,46.0,"Fri, Aug 24, 2018","Tue, Aug  7, 2018"
3848,Tyler Pounds Regional,Tyler,United States,TYR,KTYR,32.354139,-95.402386,544,-6,A,"Tyler, TX",120,120,120,120,3.325,16.71666666666666,8.0,50.0,"Sat, Aug 11, 2018","Sat, Aug 11, 2018"
3676,McGhee Tyson,Knoxville,United States,TYS,KTYS,35.810972,-83.994028,981,-5,A,"Knoxville, TN",1438,1439,1466,1468,5.0438108484005495,15.940236275191108,165.0,138.0,"Mon, Aug 20, 2018","Wed, Aug 29, 2018"
5774,Quincy Regional-Baldwin Field,Quincy,United States,UIN,KUIN,39.9427,-91.1946,769,-6,A,"Quincy, IL",76,75,81,81,4.105263157894737,14.253333333333334,33.0,44.0,"Thu, Aug  2, 2018","Tue, Aug 21, 2018"
7076,Vernal Regional Airport,Vernal,United States,VEL,KVEL,40.440833,-109.51,5278,-7,A,"Vernal, UT",54,54,54,54,3.814814814814815,17.925925925925927,8.0,110.0,"Mon, Aug 13, 2018","Tue, Aug 14, 2018"
5776,Valdosta Regional Airport,Valdosta,United States,VLD,KVLD,30.7825,-83.2767,203,-5,A,"Valdosta, GA",89,89,89,89,4.719101123595505,16.741573033707862,12.0,93.0,"Mon, Aug 13, 2018","Wed, Aug  8, 2018"
3873,Eglin AFB,Valparaiso,United States,VPS,KVPS,30.48325,-86.5254,87,-6,A,"Valparaiso, FL",813,815,821,821,8.681426814268141,14.785276073619627,48.0,92.0,"Sat, Aug 25, 2018","Sat, Aug 11, 2018"
5969,Wrangell Airport,Wrangell,United States,WRG,PAWG,56.4843,-132.37,44,-9,A,"Wrangell, AK",61,61,62,62,3.540983606557377,10.475409836065573,7.0,39.0,"Thu, Aug 16, 2018","Wed, Aug  8, 2018"
7072,Yellowstone Airport,West Yellowstone,United States,WYS,KWYS,44.688333,-111.1175,6644,-7,A,"West Yellowstone, MT",59,59,59,59,3.9322033898305087,15.491525423728818,6.0,39.0,"Fri, Aug 17, 2018","Fri, Aug 10, 2018"
4356,NW Arkansas Regional,Bentonville,United States,XNA,KXNA,36.2818694,-94.3068111,1287,-6,A,"Fayetteville, AR",1066,1067,1084,1083,6.388367729831146,15.332708528584817,79.0,136.0,"Sun, Aug  5, 2018","Sat, Aug 18, 2018"
6803,Yakutat,Yakutat,United States,YAK,PAYA,59.3012,-139.3937,33,-9,A,"Yakutat, AK",62,62,62,62,4.096774193548387,9.14516129032258,6.0,24.0,"Thu, Aug  2, 2018","Wed, Aug 29, 2018"
3596,Yuma MCAS Yuma International,Yuma,United States,YUM,KYUM,32.656578,-114.60598,216,-7,N,"Yuma, AZ",114,114,114,114,4.07894736842105,13.666666666666666,8.0,55.0,"Mon, Aug 13, 2018","Thu, Aug 16, 2018"
2883,Cyril E. King,St. Thomas,Virgin Islands,STT,TIST,18.337306,-64.973361,23,-4,U,"Charlotte Amalie, VI",240,240,240,240,4.083333333333335,13.154166666666667,15.0,64.0,"Fri, Aug 10, 2018","Sat, Aug  4, 2018"
2884,Henry E. Rohlsen,St. Croix Island,Virgin Islands,STX,TISX,17.701889,-64.798556,74,-4,U,"Christiansted, VI",89,90,89,90,3.3146067415730345,12.866666666666667,8.0,53.0,"Sun, Aug 26, 2018","Thu, Aug  2, 2018"
1970,Pago Pago Internatonal,Pago Pago,American Samoa,PPG,NSTU,-14.331,-170.7105,32,-11,U,"Pago Pago, TT",13,13,13,13,14.0,15.153846153846153,17.0,17.0,"Mon, Aug 20, 2018","Tue, Aug 14, 2018"
2246,Guam International,Agana,Guam,GUM,PGUM,13.48345,144.795983,298,10,U,"Guam, TT",71,70,71,70,4.957746478873239,14.285714285714286,9.0,32.0,"Sat, Aug 25, 2018","Mon, Aug 13, 2018"
2885,Rafael Hernndez,Aguadilla,Puerto Rico,BQN,TJBQ,18.494861,-67.129444,237,-4,U,"Aguadilla, PR",193,194,194,195,6.616580310880827,11.551546391752577,15.0,40.0,"Thu, Aug 16, 2018","Thu, Aug  2, 2018"
2889,Aeropuerto Mercedita,Ponce,Puerto Rico,PSE,TJPS,18.008306,-66.563028,29,-4,U,"Ponce, PR",72,73,75,76,4.972222222222222,13.602739726027398,12.0,28.0,"Mon, Aug 27, 2018","Fri, Aug 10, 2018"
2890,Luis Muoz Marn International,San Juan,Puerto Rico,SJU,TJSJ,18.439417,-66.001833,9,-4,U,"San Juan, PR",2139,2134,2159,2164,5.9289387564282405,13.226335520149952,63.0,43.0,"Sun, Aug  5, 2018","Fri, Aug 31, 2018"
2244,Francisco C. Ada Saipan International,Saipan,Northern Mariana Islands,SPN,PGSN,15.119003,145.729356,215,10,U,"Saipan, TT",39,40,39,40,4.025641025641027,13.4,11.0,27.0,"Tue, Aug 14, 2018","Sat, Aug  4, 2018"
