airport_id,name,city,country,iata_faa,iaco,latitude,longitude,altitude,zone,dst,city_state,avg_able_landings,avg_able_takeoffs,total_landings,total_takeoffs,avg_taxi_in,avg_taxi_out,longest_taxi_in,longest_taxi_out,lng_tx_in_date,lng_tx_out_date
4355,Lehigh Valley International,Allentown,United States,ABE,KABE,40.652083,-75.440806,393,-5,A,"Allentown/Bethlehem/Easton, PA",363,364,365,365,5.013774104683197,14.736263736263735,17.0,83.0,"Tue, Apr 24, 2018","Mon, Apr  2, 2018"
3718,Abilene Regional,Abilene,United States,ABI,KABI,32.411319,-99.681897,1791,-6,A,"Abilene, TX",167,168,173,172,4.4491017964071835,11.54761904761905,32.0,40.0,"Tue, Apr 24, 2018","Mon, Apr 30, 2018"
4019,Albuquerque International Sunport,Albuquerque,United States,ABQ,KABQ,35.0402222,-106.6091944,5355,-7,A,"Albuquerque, NM",1952,1945,1965,1960,6.232581967213121,13.96195372750641,36.0,95.0,"Wed, Apr  4, 2018","Fri, Apr  6, 2018"
5714,Aberdeen Regional Airport,Aberdeen,United States,ABR,KABR,45.4491,-98.4218,1302,-6,A,"Aberdeen, SD",58,59,60,60,4.862068965517239,20.1864406779661,10.0,56.0,"Wed, Apr  4, 2018","Thu, Apr 26, 2018"
5715,Southwest Georgia Regional Airport,Albany,United States,ABY,KABY,31.5355,-84.1945,197,-5,A,"Albany, GA",86,86,86,86,3.604651162790697,15.593023255813954,6.0,37.0,"Sat, Apr  7, 2018","Sat, Apr  7, 2018"
3700,Waco Regional,Waco,United States,ACT,KACT,31.611289,-97.230519,516,-6,A,"Waco, TX",129,128,134,134,3.75968992248062,10.937500000000004,15.0,34.0,"Thu, Apr 26, 2018","Mon, Apr  2, 2018"
4384,Arcata,Arcata CA,United States,ACV,KACV,40.978111,-124.108611,221,-8,A,"Arcata/Eureka, CA",88,87,90,90,5.329545454545454,12.137931034482758,9.0,44.0,"Sun, Apr 29, 2018","Mon, Apr 30, 2018"
3524,Atlantic City International,Atlantic City,United States,ACY,KACY,39.457583,-74.577167,75,-5,A,"Atlantic City, NJ",268,268,273,272,5.022388059701494,10.421641791044776,14.0,20.0,"Tue, Apr 24, 2018","Fri, Apr 20, 2018"
5959,Adak Airport,Adak Island,United States,ADK,PADK,51.878,-176.646,18,-10,A,"Adak Island, AK",8,8,8,8,4.125,7.625,5.0,12.0,"Sat, Apr 14, 2018","Sat, Apr 14, 2018"
3531,Kodiak,Kodiak,United States,ADQ,PADQ,57.749967,-152.493856,78,-9,A,"Kodiak, AK",50,50,52,52,3.1,6.76,5.0,15.0,"Sat, Apr 21, 2018","Tue, Apr  3, 2018"
3852,Alexandria International,Alexandria,United States,AEX,KAEX,31.3274,-92.549833,89,-6,A,"Alexandria, LA",285,285,291,290,4.340350877192983,15.122807017543863,35.0,55.0,"Tue, Apr  3, 2018","Sun, Apr 22, 2018"
3658,Augusta Regional At Bush Field,Bush Field,United States,AGS,KAGS,33.369944,-81.9645,144,-5,A,"Augusta, GA",468,470,472,476,4.895299145299141,16.1872340425532,36.0,45.0,"Tue, Apr  3, 2018","Sun, Apr 22, 2018"
3864,Albany International,Albany,United States,ALB,KALB,42.748267,-73.801692,285,-5,A,"Albany, NY",1059,1056,1065,1064,3.870632672332389,13.805871212121218,46.0,87.0,"Tue, Apr 10, 2018","Mon, Apr  9, 2018"
5718,Waterloo Regional Airport,Waterloo,United States,ALO,KALO,42.5571,-92.4003,873,-6,A,"Waterloo, IA",56,56,56,56,4.089285714285714,15.232142857142858,7.0,35.0,"Thu, Apr 19, 2018","Sun, Apr 15, 2018"
3840,Rick Husband Amarillo International,Amarillo,United States,AMA,KAMA,35.219369,-101.705931,3607,-6,A,"Amarillo, TX",427,426,434,432,4.419203747072596,12.917840375586854,74.0,56.0,"Tue, Apr  3, 2018","Tue, Apr  3, 2018"
3774,Ted Stevens Anchorage International,Anchorage,United States,ANC,PANC,61.174361,-149.996361,152,-9,A,"Anchorage, AK",1289,1291,1296,1295,3.9619860356865786,11.730441518202944,12.0,45.0,"Sat, Apr  7, 2018","Tue, Apr 24, 2018"
5720,Alpena County Regional Airport,Alpena,United States,APN,KAPN,45.0781,-83.5603,689,-5,A,"Alpena, MI",45,45,51,51,5.444444444444445,15.955555555555552,9.0,56.0,"Thu, Apr  5, 2018","Wed, Apr  4, 2018"
7001,Aspen/Pitkin County-Sardy Field,Aspen,United States,ASE,KASE,39.2232,-106.869,7820,-7,A,"Aspen, CO",384,388,399,403,3.46875,15.615979381443294,43.0,113.0,"Sun, Apr  1, 2018","Fri, Apr  6, 2018"
3682,Hartsfield Jackson Atlanta International,Atlanta,United States,ATL,KATL,33.636719,-84.428067,1026,-5,A,"Atlanta, GA",32615,32613,32710,32702,8.272267361643342,16.17085211418757,77.0,112.0,"Sun, Apr 15, 2018","Mon, Apr 23, 2018"
4047,Appleton,Appleton,United States,ATW,KATW,44.257526,-88.507576,680,-6,A,"Appleton, WI",355,355,361,361,5.5098591549295755,19.416901408450723,52.0,102.0,"Tue, Apr  3, 2018","Thu, Apr 12, 2018"
3673,Austin Bergstrom International,Austin,United States,AUS,KAUS,30.194528,-97.669889,542,-6,A,"Austin, TX",5268,5261,5293,5283,6.513097949886101,13.822467211556738,87.0,132.0,"Sat, Apr 14, 2018","Tue, Apr  3, 2018"
4007,Asheville Regional Airport,Asheville,United States,AVL,KAVL,35.436194,-82.541806,2165,-5,A,"Asheville, NC",535,532,537,535,4.807476635514017,17.093984962406,25.0,78.0,"Sat, Apr  7, 2018","Wed, Apr 25, 2018"
4286,Wilkes Barre Scranton International,Scranton,United States,AVP,KAVP,41.338478,-75.723403,962,-5,A,"Scranton/Wilkes-Barre, PA",282,282,286,285,4.173758865248229,16.06382978723404,20.0,130.0,"Wed, Apr 18, 2018","Mon, Apr  2, 2018"
6505,Phoenix-Mesa Gateway,Mesa,United States,AZA,KIWA,33.307833,-111.655,1382,-7,N,"Phoenix, AZ",434,435,436,436,5.794930875576035,12.395402298850577,17.0,25.0,"Mon, Apr 30, 2018","Sun, Apr  1, 2018"
4039,Kalamazoo,Kalamazoo,United States,AZO,KAZO,42.234875,-85.552058,874,-5,A,"Kalamazoo, MI",205,204,206,206,3.7121951219512197,20.058823529411768,14.0,105.0,"Sun, Apr 15, 2018","Fri, Apr 13, 2018"
3825,Bradley International,Windsor Locks,United States,BDL,KBDL,41.938889,-72.683222,173,-5,A,"Hartford, CT",2331,2322,2343,2341,5.200343200343198,14.456072351421183,62.0,127.0,"Mon, Apr 16, 2018","Mon, Apr 16, 2018"
3599,Bethel,Bethel,United States,BET,PABE,60.779778,-161.838,121,-9,A,"Bethel, AK",69,69,69,69,3.4492753623188404,7.115942028985507,5.0,16.0,"Mon, Apr 16, 2018","Sun, Apr 15, 2018"
5723,Western Nebraska Regional Airport,Scottsbluff,United States,BFF,KBFF,41.874,-103.596,3967,-7,A,"Scottsbluff, NE",52,51,52,51,4.057692307692309,16.784313725490193,12.0,38.0,"Tue, Apr 17, 2018","Sat, Apr 21, 2018"
3558,Meadows Field,Bakersfield,United States,BFL,KBFL,35.433598,-119.05677,507,-8,A,"Bakersfield, CA",202,202,202,202,4.841584158415841,16.519801980198007,13.0,45.0,"Tue, Apr 17, 2018","Fri, Apr 13, 2018"
4129,Greater Binghamton-Edwin A. Link Field,Binghamton,United States,BGM,KBGM,42.208689,-75.979839,1636,-5,A,"Binghamton, NY",86,86,86,86,4.255813953488372,18.837209302325583,6.0,55.0,"Wed, Apr  4, 2018","Thu, Apr 19, 2018"
3463,Bangor International,Bangor,United States,BGR,KBGR,44.807444,-68.828139,192,-5,A,"Bangor, ME",271,271,278,280,4.723247232472321,16.896678966789676,10.0,80.0,"Mon, Apr  2, 2018","Sun, Apr 15, 2018"
3811,Birmingham International,Birmingham,United States,BHM,KBHM,33.562942,-86.75355,644,-6,A,"Birmingham, AL",1470,1467,1483,1484,3.506802721088433,15.417859577368777,26.0,108.0,"Sat, Apr 14, 2018","Tue, Apr  3, 2018"
4021,Billings Logan International Airport,Billings,United States,BIL,KBIL,45.80921,-108.537654,3652,-7,A,"Billings, MT",317,316,318,318,3.9589905362776032,14.721518987341772,11.0,80.0,"Fri, Apr 27, 2018","Mon, Apr  2, 2018"
4083,Bismarck Municipal Airport,Bismarck,United States,BIS,KBIS,46.775842,-100.757931,1661,-6,A,"Bismarck/Mandan, ND",326,326,333,333,4.561349693251533,14.35276073619632,25.0,69.0,"Sun, Apr  8, 2018","Sun, Apr  1, 2018"
4287,Bemidji Regional Airport,Bemidji,United States,BJI,KBJI,47.510722,-94.934722,1391,-6,A,"Bemidji, MN",58,59,60,60,4.862068965517242,19.627118644067796,10.0,120.0,"Wed, Apr 11, 2018","Tue, Apr  3, 2018"
3777,Bellingham International,Bellingham,United States,BLI,KBLI,48.792694,-122.537528,170,-8,A,"Bellingham, WA",232,232,232,233,5.405172413793104,15.646551724137932,21.0,66.0,"Fri, Apr 27, 2018","Wed, Apr  4, 2018"
3790,Scott AFB Midamerica,Belleville,United States,BLV,KBLV,38.545178,-89.835183,459,-6,A,"Belleville, IL",86,85,88,88,9.66279069767442,12.423529411764706,180.0,55.0,"Sun, Apr  1, 2018","Sun, Apr  1, 2018"
4037,Central Illinois Regional,Bloomington,United States,BMI,KBMI,40.477111,-88.915917,871,-6,A,"Bloomington/Normal, IL",268,265,271,270,3.824626865671642,15.086792452830188,10.0,65.0,"Sun, Apr 15, 2018","Mon, Apr  2, 2018"
3690,Nashville International,Nashville,United States,BNA,KBNA,36.124472,-86.678194,599,-6,A,"Nashville, TN",5988,5976,6040,6034,5.901302605210427,13.841532797858099,76.0,119.0,"Tue, Apr  3, 2018","Tue, Apr  3, 2018"
3495,Boise Air Terminal,Boise,United States,BOI,KBOI,43.564361,-116.222861,2871,-7,A,"Boise, ID",1575,1575,1580,1581,4.07047619047618,13.264761904761906,43.0,64.0,"Thu, Apr 26, 2018","Thu, Apr 19, 2018"
3448,General Edward Lawrence Logan International,Boston,United States,BOS,KBOS,42.364347,-71.005181,19,-5,A,"Boston, MA",12486,12483,12648,12638,8.039324042928103,20.13786749979972,109.0,132.0,"Fri, Apr 20, 2018","Thu, Apr 19, 2018"
3612,Southeast Texas Regional,Beaumont,United States,BPT,KBPT,29.950833,-94.020694,15,-6,A,"Beaumont/Port Arthur, TX",58,59,60,60,3.758620689655173,13.220338983050848,8.0,28.0,"Fri, Apr 20, 2018","Fri, Apr 20, 2018"
5725,Brunswick Golden Isles Airport,Brunswick,United States,BQK,KBQK,31.2588,-81.4665,26,-5,A,"Brunswick, GA",85,85,86,86,3.4352941176470586,18.67058823529412,8.0,47.0,"Mon, Apr 23, 2018","Mon, Apr  9, 2018"
6957,Brainerd Lakes Regional,Brainerd,United States,BRD,KBRD,46.398308,-94.138078,1226,-6,U,"Brainerd, MN",50,50,51,51,4.459999999999998,16.74,8.0,71.0,"Sun, Apr 15, 2018","Fri, Apr 13, 2018"
3738,Brownsville South Padre Island International,Brownsville,United States,BRO,KBRO,25.906833,-97.425861,22,-6,A,"Brownsville, TX",192,191,193,192,4.796874999999999,14.329842931937176,10.0,70.0,"Thu, Apr 12, 2018","Fri, Apr  6, 2018"
3571,Wiley Post Will Rogers Memorial,Barrow,United States,BRW,PABR,71.285446,-156.766003,44,-9,A,"Barrow, AK",57,59,60,60,3.789473684210526,6.271186440677967,9.0,22.0,"Tue, Apr  3, 2018","Sun, Apr 22, 2018"
4022,Bert Mooney Airport,Butte,United States,BTM,KBTM,45.954806,-112.497472,5550,-7,A,"Butte, MT",56,56,56,56,3.7142857142857144,16.089285714285715,7.0,43.0,"Thu, Apr  5, 2018","Sun, Apr  1, 2018"
3846,Baton Rouge Metro-Ryan Field,Baton Rouge,United States,BTR,KBTR,30.533167,-91.149639,70,-6,A,"Baton Rouge, LA",627,627,628,628,4.256778309409883,14.888357256778315,21.0,69.0,"Sat, Apr 14, 2018","Fri, Apr 20, 2018"
3711,Burlington International,Burlington,United States,BTV,KBTV,44.471861,-73.153278,335,-5,A,"Burlington, VT",767,766,792,791,4.910039113428947,18.765013054830273,29.0,125.0,"Mon, Apr  2, 2018","Wed, Apr 25, 2018"
3820,Buffalo Niagara International,Buffalo,United States,BUF,KBUF,42.940525,-78.732167,724,-5,A,"Buffalo, NY",2065,2055,2126,2126,4.473607748184012,14.824330900243313,37.0,94.0,"Tue, Apr 17, 2018","Sun, Apr 15, 2018"
3644,Bob Hope,Burbank,United States,BUR,KBUR,34.200667,-118.358667,778,-8,A,"Burbank, CA",2245,2240,2289,2285,2.807572383073497,13.601339285714287,77.0,83.0,"Fri, Apr  6, 2018","Sun, Apr 29, 2018"
3849,Baltimore Washington International,Baltimore,United States,BWI,KBWI,39.175361,-76.668333,146,-5,A,"Baltimore, MD",9030,9036,9102,9101,5.169213732004423,13.620296591412117,48.0,107.0,"Thu, Apr 19, 2018","Tue, Apr  3, 2018"
4020,Gallatin Field,Bozeman,United States,BZN,KBZN,45.777643,-111.160151,4500,-7,A,"Bozeman, MT",347,351,351,354,4.711815561959651,16.626780626780633,32.0,96.0,"Sun, Apr  8, 2018","Fri, Apr  6, 2018"
3561,Columbia Metropolitan,Colombia,United States,CAE,KCAE,33.938833,-81.119528,236,-5,A,"Columbia, SC",584,584,592,592,4.371575342465752,15.741438356164384,24.0,52.0,"Fri, Apr 13, 2018","Tue, Apr 24, 2018"
4112,Akron Canton Regional Airport,Akron,United States,CAK,KCAK,40.9160833,-81.4421944,1228,-5,A,"Akron, OH",621,621,629,630,5.515297906602255,18.159420289855067,28.0,116.0,"Tue, Apr 10, 2018","Thu, Apr 12, 2018"
3824,Cedar City Regional,Cedar City,United States,CDC,KCDC,37.700967,-113.098847,5622,-7,A,"Cedar City, UT",51,51,51,51,3.7058823529411766,16.529411764705888,6.0,35.0,"Fri, Apr 20, 2018","Mon, Apr  2, 2018"
3610,Merle K. Mudhole Smith,Cordova,United States,CDV,PACV,60.491778,-145.477556,48,-9,A,"Cordova, AK",60,60,60,60,3.466666666666667,8.683333333333334,5.0,31.0,"Thu, Apr 12, 2018","Wed, Apr  4, 2018"
5728,Cape Girardeau Regional Airport,Cape Girardeau,United States,CGI,KCGI,37.2253,-89.5708,342,-6,A,"Cape Girardeau, MO",52,51,52,51,4.980769230769232,20.58823529411765,21.0,106.0,"Fri, Apr 13, 2018","Fri, Apr  6, 2018"
3578,Lovell Field,Chattanooga,United States,CHA,KCHA,35.035278,-85.203808,683,-5,A,"Chattanooga, TN",676,675,685,684,4.735207100591711,15.914074074074076,32.0,87.0,"Sun, Apr  1, 2018","Fri, Apr 27, 2018"
4015,Charlottesville-Albemarle,Charlottesville VA,United States,CHO,KCHO,38.138639,-78.452861,639,-5,A,"Charlottesville, VA",459,459,467,468,3.871459694989107,17.50108932461872,15.0,97.0,"Fri, Apr 13, 2018","Fri, Apr 27, 2018"
3806,Charleston AFB International,Charleston,United States,CHS,KCHS,32.898647,-80.040528,45,-5,A,"Charleston, SC",1915,1907,1927,1926,5.935248041775461,14.981646565285791,57.0,72.0,"Fri, Apr 27, 2018","Sun, Apr 15, 2018"
4043,Cedar Rapids,Cedar Rapids,United States,CID,KCID,41.884694,-91.710806,869,-6,A,"Cedar Rapids/Iowa City, IA",735,734,740,740,6.565986394557825,16.85149863760217,48.0,80.0,"Sun, Apr 15, 2018","Sun, Apr 15, 2018"
5729,Chippewa County International Airport,Sault Ste. Marie,United States,CIU,KCIU,46.2508,-84.4724,800,-5,A,"Sault Ste. Marie, MI",53,52,56,56,4.433962264150943,23.576923076923077,17.0,40.0,"Thu, Apr 12, 2018","Tue, Apr  3, 2018"
5730,Harrison Marion Regional Airport,Clarksburg,United States,CKB,KCKB,39.2966,-80.2281,1217,-5,A,"Clarksburg/Fairmont, WV",65,65,65,65,4.092307692307693,16.98461538461538,12.0,38.0,"Mon, Apr 23, 2018","Sun, Apr  8, 2018"
3486,Cleveland Hopkins International,Cleveland,United States,CLE,KCLE,41.411689,-81.849794,791,-5,A,"Cleveland, OH",3988,3991,4036,4037,6.620361083249753,15.77524429967425,44.0,120.0,"Wed, Apr  4, 2018","Sun, Apr 15, 2018"
3715,Easterwood Field,College Station,United States,CLL,KCLL,30.588583,-96.363833,321,-6,A,"College Station/Bryan, TX",212,209,213,212,4.330188679245284,10.425837320574162,9.0,26.0,"Sat, Apr  7, 2018","Wed, Apr 25, 2018"
3876,Charlotte Douglas International,Charlotte,United States,CLT,KCLT,35.214,-80.943139,748,-5,A,"Charlotte, NC",19184,19233,19438,19446,11.937082985821517,20.89793583944261,87.0,140.0,"Mon, Apr 23, 2018","Tue, Apr 17, 2018"
3759,Port Columbus International,Columbus,United States,CMH,KCMH,39.997972,-82.891889,815,-5,A,"Columbus, OH",3723,3718,3765,3765,5.617512758528075,14.81495427649273,43.0,108.0,"Fri, Apr  6, 2018","Wed, Apr 25, 2018"
4049,Champaign,Champaign,United States,CMI,KCMI,40.03925,-88.278056,754,-6,A,"Champaign/Urbana, IL",194,194,194,194,4.505154639175253,12.376288659793817,27.0,46.0,"Mon, Apr 16, 2018","Thu, Apr 19, 2018"
5732,Houghton County Memorial Airport,Hancock,United States,CMX,KCMX,47.1684,-88.4891,1095,-5,A,"Hancock/Houghton, MI",57,57,60,60,4.017543859649124,16.01754385964912,6.0,55.0,"Sun, Apr 22, 2018","Sun, Apr 15, 2018"
4344,Yellowstone Regional,Cody,United States,COD,KCOD,44.520194,-109.023806,5102,-7,A,"Cody, WY",88,88,90,90,4.40909090909091,21.06818181818182,9.0,55.0,"Tue, Apr  3, 2018","Fri, Apr  6, 2018"
3819,City Of Colorado Springs Municipal,Colorado Springs,United States,COS,KCOS,38.805805,-104.700778,6187,-7,A,"Colorado Springs, CO",760,753,788,787,7.406578947368421,19.91500664010623,99.0,109.0,"Mon, Apr 16, 2018","Sun, Apr 22, 2018"
3719,Columbia Regional,Columbia,United States,COU,KCOU,38.818094,-92.219631,889,-6,A,"Columbia, MO",226,227,228,228,3.672566371681416,15.691629955947137,10.0,45.0,"Wed, Apr 18, 2018","Sun, Apr  8, 2018"
3872,Natrona County International,Casper,United States,CPR,KCPR,42.908,-106.464417,5347,-7,A,"Casper, WY",62,62,62,62,4.612903225806451,18.354838709677416,12.0,83.0,"Tue, Apr 10, 2018","Mon, Apr  9, 2018"
3744,Corpus Christi International,Corpus Christi,United States,CRP,KCRP,27.770361,-97.501222,44,-6,A,"Corpus Christi, TX",475,475,480,480,4.440000000000002,12.89473684210526,33.0,55.0,"Sat, Apr 21, 2018","Thu, Apr  5, 2018"
4285,Yeager,Charleston,United States,CRW,KCRW,38.373147,-81.593189,981,-5,A,"Charleston/Dunbar, WV",401,405,408,409,3.3541147132169575,14.637037037037034,10.0,94.0,"Fri, Apr  6, 2018","Mon, Apr  9, 2018"
4255,Columbus Metropolitan Airport,Columbus,United States,CSG,KCSG,32.5163333,-84.9388611,397,-5,A,"Columbus, GA",116,116,116,116,3.0948275862068964,15.767241379310342,10.0,56.0,"Sun, Apr 29, 2018","Thu, Apr 26, 2018"
3488,Cincinnati Northern Kentucky International,Cincinnati,United States,CVG,KCVG,39.048836,-84.667822,896,-5,A,"Cincinnati, OH",4106,4104,4158,4155,5.9252313687286895,16.260477582845994,80.0,110.0,"Tue, Apr  3, 2018","Fri, Apr 27, 2018"
4045,Central Wisconsin,Wassau,United States,CWA,KCWA,44.772726,-89.646635,840,-6,A,"Mosinee, WI",274,272,283,281,4.051094890510948,17.816176470588236,11.0,77.0,"Fri, Apr 13, 2018","Sat, Apr 21, 2018"
3950,Daytona Beach International,Daytona Beach,United States,DAB,KDAB,29.179917,-81.058056,34,-5,A,"Daytona Beach, FL",302,301,302,301,3.4701986754966887,13.883720930232558,8.0,42.0,"Mon, Apr 30, 2018","Fri, Apr  6, 2018"
3502,Dallas Love Field,Dallas,United States,DAL,KDAL,32.847111,-96.851778,487,-6,A,"Dallas, TX",5778,5789,5901,5901,5.394080996884722,12.781482121264478,114.0,102.0,"Tue, Apr  3, 2018","Fri, Apr  6, 2018"
3627,James M. Cox Dayton International,Dayton,United States,DAY,KDAY,39.902375,-84.219375,1009,-5,A,"Dayton, OH",1187,1184,1202,1200,5.499578770008431,16.076858108108112,104.0,85.0,"Tue, Apr  3, 2018","Mon, Apr  2, 2018"
4388,Dubuque Regional,Dubuque IA,United States,DBQ,KDBQ,42.402,-90.709472,1076,-6,A,"Dubuque, IA",86,86,86,86,4.511627906976744,14.534883720930237,9.0,57.0,"Wed, Apr 18, 2018","Sun, Apr 15, 2018"
3520,Ronald Reagan Washington National,Washington,United States,DCA,KDCA,38.852083,-77.037722,15,-5,A,"Washington, DC",10726,10734,10877,10879,6.287339175834408,18.716508291410456,86.0,127.0,"Fri, Apr 27, 2018","Fri, Apr  6, 2018"
3751,Denver International,Denver,United States,DEN,KDEN,39.861656,-104.673178,5431,-7,A,"Denver, CO",18850,18872,18942,18949,7.979893899204253,16.626801610852166,84.0,110.0,"Sat, Apr 21, 2018","Wed, Apr  4, 2018"
3670,Dallas Fort Worth International,Dallas-fort Worth,United States,DFW,KDFW,32.896828,-97.037997,607,-6,A,"Dallas/Fort Worth, TX",22302,22351,22556,22562,10.243117209218928,18.588385307145035,79.0,105.0,"Fri, Apr  6, 2018","Fri, Apr 13, 2018"
3739,Dothan Regional,Dothan,United States,DHN,KDHN,31.321339,-85.449628,401,-6,A,"Dothan, AL",116,116,116,116,4.31896551724138,21.250000000000007,8.0,61.0,"Sat, Apr  7, 2018","Sun, Apr 15, 2018"
3598,Duluth International,Duluth,United States,DLH,KDLH,46.842091,-92.193649,1428,-6,A,"Duluth, MN",221,223,231,231,6.158371040723982,20.417040358744394,64.0,93.0,"Sat, Apr 14, 2018","Sat, Apr 14, 2018"
3713,Durango La Plata County,Durango,United States,DRO,KDRO,37.151516,-107.75377,6685,-7,A,"Durango, CO",236,235,237,237,4.355932203389834,13.561702127659574,9.0,82.0,"Sun, Apr 22, 2018","Thu, Apr 12, 2018"
3729,Des Moines International,Des Moines,United States,DSM,KDSM,41.533972,-93.663083,958,-6,A,"Des Moines, IA",1248,1246,1256,1254,5.266826923076925,16.183788121990357,41.0,81.0,"Mon, Apr  2, 2018","Mon, Apr  9, 2018"
3645,Detroit Metro Wayne County,Detroit,United States,DTW,KDTW,42.212444,-83.353389,645,-5,A,"Detroit, MI",13266,13281,13379,13382,8.269410523141907,18.344627663579647,54.0,144.0,"Tue, Apr 10, 2018","Sun, Apr 15, 2018"
7063,Devils Lake Regional Airport,Devils Lake,United States,DVL,KDVL,48.114444,-98.908611,1445,-6,A,"Devils Lake, ND",51,50,52,52,5.058823529411764,20.180000000000007,8.0,41.0,"Mon, Apr  9, 2018","Thu, Apr 12, 2018"
5735,Chippewa Valley Regional Airport,Eau Claire,United States,EAU,KEAU,44.8658,-91.4843,913,-6,A,"Eau Claire, WI",57,57,60,60,4.263157894736841,20.140350877192986,13.0,47.0,"Sun, Apr 15, 2018","Fri, Apr  6, 2018"
7669,Northwest Florida Beaches International,Panama City,United States,ECP,KECP,30.3417,-85.7973,69,-6,A,"Panama City, FL",439,439,439,439,3.5763097949886093,11.48974943052391,53.0,62.0,"Tue, Apr 24, 2018","Sat, Apr 21, 2018"
4250,Eagle County Regional,Vail,United States,EGE,KEGE,39.642556,-106.917694,6540,-7,A,"Eagle, CO",63,66,65,68,4.1904761904761925,15.378787878787879,8.0,35.0,"Sun, Apr  1, 2018","Tue, Apr 17, 2018"
5736,Elko Regional Airport,Elko,United States,EKO,KEKO,40.8249,-115.792,5140,-8,A,"Elko, NV",56,56,56,56,4.642857142857143,14.428571428571429,7.0,34.0,"Fri, Apr  6, 2018","Tue, Apr  3, 2018"
3946,Elmira Corning Regional,Elmira,United States,ELM,KELM,42.159889,-76.891611,954,-5,A,"Elmira/Corning, NY",30,30,30,30,5.1,11.966666666666667,9.0,29.0,"Fri, Apr 27, 2018","Tue, Apr 17, 2018"
3559,El Paso International,El Paso,United States,ELP,KELP,31.80725,-106.377583,3958,-7,A,"El Paso, TX",1404,1400,1413,1410,3.759259259259259,13.15999999999999,17.0,39.0,"Sat, Apr 14, 2018","Thu, Apr 19, 2018"
4276,Erie International-Tom Ridge Field,Erie,United States,ERI,KERI,42.082022,-80.176217,733,-5,A,"Erie, PA",86,87,86,87,3.755813953488372,19.908045977011486,8.0,51.0,"Sun, Apr 22, 2018","Thu, Apr 19, 2018"
6800,Delta County Airport,Escanaba,United States,ESC,KESC,45.722778,-87.093611,609,-5,A,"Escanaba, MI",49,49,51,51,4.3265306122448965,13.020408163265307,7.0,35.0,"Tue, Apr 10, 2018","Tue, Apr  3, 2018"
4099,Mahlon Sweet Field,Eugene,United States,EUG,KEUG,44.124583,-123.211972,374,-8,A,"Eugene, OR",335,337,336,337,4.229850746268661,14.270029673590507,12.0,63.0,"Mon, Apr  2, 2018","Tue, Apr 17, 2018"
4018,Evansville Regional,Evansville,United States,EVV,KEVV,38.036997,-87.532364,418,-6,A,"Evansville, IN",384,385,386,385,4.460937500000004,17.581818181818182,20.0,90.0,"Tue, Apr 17, 2018","Fri, Apr 27, 2018"
3730,Craven County Regional,New Bern,United States,EWN,KEWN,35.072972,-77.042944,18,-5,A,"New Bern/Morehead/Beaufort, NC",122,123,124,125,3.5737704918032787,13.658536585365853,7.0,41.0,"Mon, Apr  2, 2018","Sun, Apr 15, 2018"
3494,Newark Liberty International,Newark,United States,EWR,KEWR,40.6925,-74.168667,18,-5,A,"Newark, NJ",11976,11976,12224,12223,9.278390113560443,23.48947895791594,149.0,145.0,"Mon, Apr  2, 2018","Mon, Apr  2, 2018"
3875,Key West International,Key West,United States,EYW,KEYW,24.556111,-81.759556,3,-5,A,"Key West, FL",508,504,512,511,5.129921259842519,11.52579365079365,26.0,79.0,"Sun, Apr  8, 2018","Wed, Apr  4, 2018"
3832,Fairbanks International,Fairbanks,United States,FAI,PAFA,64.815114,-147.856267,434,-9,A,"Fairbanks, AK",362,363,364,364,3.4972375690607747,11.407713498622574,10.0,33.0,"Thu, Apr 12, 2018","Wed, Apr 25, 2018"
4292,Hector International Airport,Fargo,United States,FAR,KFAR,46.92065,-96.8157639,902,-6,A,"Fargo, ND",499,499,506,506,5.531062124248501,17.202404809619257,79.0,62.0,"Tue, Apr  3, 2018","Mon, Apr  2, 2018"
3687,Fresno Yosemite International,Fresno,United States,FAT,KFAT,36.776194,-119.71814,336,-8,A,"Fresno, CA",864,863,866,866,5.068287037037036,15.511008111239859,33.0,81.0,"Sat, Apr  7, 2018","Wed, Apr  4, 2018"
5738,Fayetteville Regional-Grannis Field,Fayetteville,United States,FAY,KFAY,34.9912,-78.8803,189,-5,A,"Fayetteville, NC",315,311,316,315,4.019047619047619,17.331189710610936,13.0,73.0,"Tue, Apr  3, 2018","Fri, Apr 27, 2018"
4127,Glacier Park International,Kalispell,United States,FCA,KFCA,48.310472,-114.256,2977,-7,A,"Kalispell, MT",125,125,126,126,3.943999999999999,16.312000000000005,10.0,46.0,"Sun, Apr 29, 2018","Thu, Apr  5, 2018"
4261,Flagstaff Pulliam Airport,Flagstaff,United States,FLG,KFLG,35.140318,-111.6692392,7015,-7,N,"Flagstaff, AZ",113,113,114,114,4.008849557522123,15.725663716814166,14.0,42.0,"Wed, Apr 11, 2018","Thu, Apr 19, 2018"
3533,Fort Lauderdale Hollywood International,Fort Lauderdale,United States,FLL,KFLL,26.072583,-80.15275,9,-5,A,"Fort Lauderdale, FL",8382,8396,8439,8443,6.908494392746361,18.011672224868974,136.0,136.0,"Sun, Apr 22, 2018","Tue, Apr 10, 2018"
3879,Florence Regional,Florence,United States,FLO,KFLO,34.185361,-79.723889,146,-5,A,"Florence, SC",111,109,113,111,5.198198198198196,13.422018348623851,9.0,36.0,"Wed, Apr 25, 2018","Mon, Apr  9, 2018"
4089,Bishop International,Flint,United States,FNT,KFNT,42.965424,-83.743629,782,-5,A,"Flint, MI",372,371,376,376,4.346774193548383,14.94878706199461,26.0,73.0,"Mon, Apr 23, 2018","Sun, Apr 15, 2018"
4009,Sioux Falls,Sioux Falls,United States,FSD,KFSD,43.582014,-96.741914,1429,-6,A,"Sioux Falls, SD",412,409,438,437,5.830097087378641,17.899755501222486,135.0,122.0,"Sun, Apr  8, 2018","Wed, Apr 18, 2018"
3437,Fort Smith Regional,Fort Smith,United States,FSM,KFSM,35.336583,-94.367444,469,-6,A,"Fort Smith, AR",169,168,172,172,3.9763313609467454,12.380952380952381,14.0,53.0,"Thu, Apr 12, 2018","Mon, Apr 16, 2018"
4041,Fort Wayne,Fort Wayne,United States,FWA,KFWA,40.978472,-85.195139,815,-5,A,"Fort Wayne, IN",602,602,604,604,6.1528239202657815,17.724252491694365,54.0,71.0,"Thu, Apr 26, 2018","Tue, Apr 24, 2018"
4296,Gillette-Campbell County Airport,Gillette,United States,GCC,KGCC,44.3489167,-105.5393611,4365,-7,A,"Gillette, WY",77,77,78,78,4.883116883116883,15.753246753246753,7.0,41.0,"Fri, Apr  6, 2018","Thu, Apr  5, 2018"
3497,Garden City Regional,Garden City,United States,GCK,KGCK,37.927528,-100.724417,2891,-6,A,"Garden City, KS",58,58,60,60,4.137931034482759,13.275862068965518,8.0,72.0,"Tue, Apr 17, 2018","Fri, Apr 13, 2018"
3467,Spokane International,Spokane,United States,GEG,KGEG,47.619861,-117.533833,2376,-8,A,"Spokane, WA",939,940,940,941,3.674121405750798,12.545744680851069,14.0,70.0,"Thu, Apr 12, 2018","Mon, Apr 30, 2018"
3442,Grand Forks International,Grand Forks,United States,GFK,KGFK,47.949256,-97.176111,845,-6,A,"Grand Forks, ND",157,156,164,164,4.726114649681527,18.980769230769223,8.0,116.0,"Thu, Apr  5, 2018","Tue, Apr  3, 2018"
3465,East Texas Regional,Longview,United States,GGG,KGGG,32.384014,-94.711486,365,-6,A,"Longview, TX",53,54,56,57,4.150943396226413,13.5,7.0,40.0,"Wed, Apr 11, 2018","Sun, Apr 15, 2018"
4063,Grand Junction Regional,Grand Junction,United States,GJT,KGJT,39.122413,-108.526735,4858,-7,A,"Grand Junction, CO",278,278,278,278,3.920863309352518,14.09712230215827,15.0,40.0,"Sun, Apr 29, 2018","Wed, Apr 11, 2018"
3472,Gainesville Regional,Gainesville,United States,GNV,KGNV,29.690056,-82.271778,152,-5,A,"Gainesville, FL",363,361,366,365,3.8099173553718995,13.346260387811629,32.0,55.0,"Mon, Apr  9, 2018","Thu, Apr 26, 2018"
4038,Gulfport-Biloxi,Gulfport,United States,GPT,KGPT,30.407278,-89.070111,28,-6,A,"Gulfport/Biloxi, MS",353,353,357,355,4.0311614730878125,14.107648725212465,27.0,98.0,"Sat, Apr 14, 2018","Thu, Apr  5, 2018"
3653,Austin Straubel International,Green Bay,United States,GRB,KGRB,44.485072,-88.129589,695,-6,A,"Green Bay, WI",415,415,448,448,4.4144578313252945,16.59999999999999,10.0,121.0,"Fri, Apr 20, 2018","Tue, Apr  3, 2018"
5740,Central Nebraska Regional Airport,Grand Island,United States,GRI,KGRI,40.9675,-98.3096,1847,-6,A,"Grand Island, NE",73,73,74,74,5.123287671232877,14.356164383561644,11.0,52.0,"Tue, Apr  3, 2018","Fri, Apr  6, 2018"
3775,Robert Gray AAF,Killeen,United States,GRK,KGRK,31.06725,-97.828917,1015,-6,A,"Killeen, TX",219,218,224,223,4.013698630136983,16.51834862385321,8.0,95.0,"Wed, Apr 18, 2018","Fri, Apr  6, 2018"
3685,Gerald R. Ford International,Grand Rapids,United States,GRR,KGRR,42.880833,-85.522806,794,-5,A,"Grand Rapids, MI",1287,1289,1316,1315,5.582750582750581,16.289371605896015,51.0,97.0,"Mon, Apr 16, 2018","Sun, Apr 15, 2018"
4008,Piedmont Triad,Greensboro,United States,GSO,KGSO,36.09775,-79.937306,925,-5,A,"Greensboro/High Point, NC",1054,1049,1068,1066,5.161290322580641,18.38703527168732,32.0,81.0,"Sun, Apr 15, 2018","Sun, Apr  8, 2018"
4034,Greenville-Spartanburg International,Greenville,United States,GSP,KGSP,34.895556,-82.218889,964,-5,A,"Greer, SC",1022,1022,1032,1031,3.963796477495109,16.43737769080234,29.0,73.0,"Fri, Apr 20, 2018","Fri, Apr 27, 2018"
3880,Great Falls International,Great Falls,United States,GTF,KGTF,47.482,-111.370689,3677,-7,A,"Great Falls, MT",132,133,135,135,4.2878787878787845,14.819548872180452,8.0,61.0,"Fri, Apr 20, 2018","Thu, Apr  5, 2018"
4273,Golden Triangle Regional Airport,Columbus Mississippi,United States,GTR,KGTR,33.450333,-88.591361,264,-6,A,"Columbus, MS",86,86,86,86,3.9651162790697674,18.767441860465116,8.0,46.0,"Wed, Apr 25, 2018","Sun, Apr  8, 2018"
7051,Gunnison - Crested Butte,Gunnison,United States,GUC,KGUC,38.533889,-106.933056,7678,-7,A,"Gunnison, CO",4,4,4,4,3.0,10.25,6.0,12.0,"Sun, Apr  1, 2018","Sun, Apr  1, 2018"
4339,Yampa Valley,Hayden,United States,HDN,KHDN,40.481181,-107.21766,6602,-7,A,"Hayden, CO",22,24,23,25,3.909090909090909,17.958333333333336,9.0,37.0,"Sun, Apr  1, 2018","Thu, Apr  5, 2018"
6739,Hagerstown Regional-Richard A. Henson Field,Hagerstown,United States,HGR,KHGR,39.7079,-77.7295,704,-5,A,"Hagerstown, MD",9,9,9,9,5.555555555555555,6.555555555555555,7.0,8.0,"Mon, Apr 16, 2018","Fri, Apr 13, 2018"
3650,Chisholm Hibbing,Hibbing,United States,HIB,KHIB,47.3866,-92.838994,1353,-6,A,"Hibbing, MN",49,49,51,51,3.63265306122449,18.04081632653062,8.0,46.0,"Fri, Apr 27, 2018","Thu, Apr 12, 2018"
3504,Helena Regional,Helena,United States,HLN,KHLN,46.606806,-111.98275,3877,-7,A,"Helena, MT",112,113,113,114,3.892857142857143,23.548672566371682,16.0,152.0,"Thu, Apr 26, 2018","Fri, Apr  6, 2018"
3728,Honolulu International,Honolulu,United States,HNL,PHNL,21.318681,-157.922428,13,-10,N,"Honolulu, HI",3949,3949,3960,3959,7.657888072929861,15.37249936692834,54.0,46.0,"Wed, Apr  4, 2018","Thu, Apr  5, 2018"
3749,Lea County Regional,Hobbs,United States,HOB,KHOB,32.687528,-103.217028,3661,-7,A,"Hobbs, NM",56,56,56,56,5.678571428571429,12.124999999999998,63.0,74.0,"Tue, Apr 17, 2018","Thu, Apr  5, 2018"
3566,William P. Hobby,Houston,United States,HOU,KHOU,29.645419,-95.278889,46,-6,A,"Houston, TX",4672,4670,4732,4732,5.191352739726031,11.897002141327622,35.0,119.0,"Sat, Apr 21, 2018","Fri, Apr  6, 2018"
3589,Westchester County,White Plains,United States,HPN,KHPN,41.066959,-73.707575,439,-5,A,"White Plains, NY",799,799,821,820,5.101376720901124,15.12390488110138,70.0,125.0,"Mon, Apr  2, 2018","Mon, Apr  2, 2018"
3560,Valley International,Harlingen,United States,HRL,KHRL,26.2285,-97.654389,36,-6,A,"Harlingen/San Benito, TX",282,282,284,284,3.269503546099291,11.773049645390074,55.0,42.0,"Wed, Apr 18, 2018","Fri, Apr 13, 2018"
4113,Huntsville International Airport-Carl T. Jones Field,Huntsville,United States,HSV,KHSV,34.6371944,-86.7750556,629,-6,A,"Huntsville, AL",679,679,684,684,4.703976435935199,15.627393225331373,28.0,89.0,"Wed, Apr 11, 2018","Fri, Apr 27, 2018"
5742,TriState-Milton J. Ferguson Field,Huntington,United States,HTS,KHTS,38.3667,-82.558,828,-5,A,"Ashland, WV",53,53,54,54,5.245283018867925,13.075471698113208,19.0,79.0,"Mon, Apr  9, 2018","Tue, Apr 24, 2018"
4006,Tweed-New Haven Airport,New Haven,United States,HVN,KHVN,41.26375,-72.886806,14,-5,A,"New Haven, CT",80,78,86,86,3.025,11.910256410256412,5.0,48.0,"Tue, Apr  3, 2018","Mon, Apr 23, 2018"
7014,Hays Regional Airport,Hays,United States,HYS,KHYS,38.8422,-99.2732,1998,-5,A,"Hays, KS",88,89,88,89,4.181818181818181,15.269662921348315,13.0,64.0,"Mon, Apr 16, 2018","Sat, Apr 14, 2018"
3714,Washington Dulles International,Washington,United States,IAD,KIAD,38.944533,-77.455811,313,-5,A,"Washington, DC",5284,5294,5336,5338,5.801097653292962,18.942954287873075,48.0,140.0,"Sun, Apr 29, 2018","Tue, Apr  3, 2018"
3630,Niagara Falls International,Niagara Falls,United States,IAG,KIAG,43.107333,-78.946194,589,-5,A,"Niagara Falls, NY",77,78,79,80,7.987012987012987,13.064102564102564,11.0,47.0,"Sat, Apr 21, 2018","Sat, Apr 14, 2018"
3550,George Bush Intercontinental Houston,Houston,United States,IAH,KIAH,29.984433,-95.341442,97,-6,A,"Houston, TX",14006,14042,14058,14076,7.728759103241449,19.520296254094916,71.0,167.0,"Sun, Apr 15, 2018","Fri, Apr 13, 2018"
3457,Wichita Mid Continent,Wichita,United States,ICT,KICT,37.649944,-97.433056,1333,-6,A,"Wichita, KS",834,828,839,837,4.160671462829726,14.05917874396135,13.0,80.0,"Fri, Apr 27, 2018","Tue, Apr  3, 2018"
4100,Idaho Falls Regional,Idaho Falls,United States,IDA,KIDA,43.514556,-112.07075,4744,-7,A,"Idaho Falls, ID",214,214,214,214,4.392523364485983,14.130841121495328,12.0,46.0,"Sat, Apr 14, 2018","Sat, Apr 21, 2018"
3845,Wilmington International,Wilmington,United States,ILM,KILM,34.270615,-77.902569,32,-5,A,"Wilmington, NC",588,586,596,595,3.9727891156462523,15.245733788395917,27.0,113.0,"Sat, Apr 28, 2018","Wed, Apr  4, 2018"
6837,Ford Airport,Iron Mountain,United States,IMT,KIMT,45.8183611,-88.1145556,1182,-5,A,"Iron Mountain/Kingsfd, MI",51,51,54,54,4.784313725490197,14.156862745098039,7.0,29.0,"Sun, Apr  1, 2018","Tue, Apr  3, 2018"
3585,Indianapolis International,Indianapolis,United States,IND,KIND,39.717331,-86.294383,797,-5,A,"Indianapolis, IN",4087,4086,4134,4136,6.043308049914363,14.832599118942731,72.0,118.0,"Mon, Apr 30, 2018","Sun, Apr  1, 2018"
3535,Falls International,International Falls,United States,INL,KINL,48.566186,-93.403067,1185,-6,A,"International Falls, MN",50,49,52,52,4.080000000000001,13.877551020408163,7.0,31.0,"Thu, Apr 12, 2018","Tue, Apr 10, 2018"
3659,Sloulin Field International,Williston,United States,ISN,KISN,48.177939,-103.642347,1982,-7,A,"Williston, ND",111,111,114,113,5.909909909909911,26.46846846846847,16.0,80.0,"Mon, Apr 16, 2018","Thu, Apr  5, 2018"
3857,Long Island MacArthur,Islip,United States,ISP,KISP,40.79525,-73.100222,99,-5,A,"Islip, NY",569,571,573,575,4.629173989455184,11.064798598949215,20.0,96.0,"Tue, Apr 10, 2018","Mon, Apr  9, 2018"
3947,Ithaca Tompkins Regional,Ithaca,United States,ITH,KITH,42.491028,-76.458444,1099,-5,A,"Ithaca/Cortland, NY",86,86,87,86,4.395348837209303,21.023255813953487,12.0,55.0,"Sun, Apr  1, 2018","Thu, Apr 19, 2018"
3415,Hilo International,Hilo,United States,ITO,PHTO,19.721375,-155.048469,38,-10,N,"Hilo, HI",562,532,562,532,5.670818505338078,9.578947368421058,9.0,37.0,"Sat, Apr 14, 2018","Sun, Apr 15, 2018"
4027,Jackson Hole Airport,Jacksn Hole,United States,JAC,KJAC,43.60733333,-110.73775,6451,-7,A,"Jackson, WY",187,188,187,189,3.3155080213903743,20.51595744680851,20.0,125.0,"Sat, Apr  7, 2018","Sun, Apr  1, 2018"
3580,Jackson Evers International,Jackson,United States,JAN,KJAN,32.311167,-90.075889,346,-6,A,"Jackson/Vicksburg, MS",614,615,617,617,4.81596091205212,13.99349593495935,27.0,68.0,"Wed, Apr 18, 2018","Thu, Apr  5, 2018"
3712,Jacksonville International,Jacksonville,United States,JAX,KJAX,30.494056,-81.687861,30,-5,A,"Jacksonville, FL",2598,2592,2622,2619,5.281370284834498,13.955246913580247,57.0,92.0,"Mon, Apr 23, 2018","Sun, Apr 15, 2018"
3797,John F. Kennedy International,New York,United States,JFK,KJFK,40.639751,-73.778925,13,-5,A,"New York, NY",10490,10519,10729,10730,8.86463298379406,27.484361631333787,71.0,165.0,"Fri, Apr  6, 2018","Mon, Apr  2, 2018"
4354,Joplin Regional,Joplin,United States,JLN,KJLN,37.151814,-94.498269,981,-6,A,"Joplin, MO",79,79,80,80,4.113924050632912,16.924050632911396,11.0,89.0,"Mon, Apr 16, 2018","Tue, Apr  3, 2018"
5745,Jamestown Regional Airport,Jamestown,United States,JMS,KJMS,46.9297,-98.6782,1498,-6,A,"Jamestown, ND",79,80,82,82,4.772151898734178,14.95,14.0,33.0,"Sat, Apr  7, 2018","Sun, Apr 29, 2018"
3492,Juneau International,Juneau,United States,JNU,PAJN,58.354972,-134.576278,21,-9,A,"Juneau, AK",317,317,317,317,3.908517350157729,11.78548895899053,14.0,34.0,"Mon, Apr 16, 2018","Thu, Apr 26, 2018"
3514,Kona International At Keahole,Kona,United States,KOA,PHKO,19.738767,-156.045631,47,-10,N,"Kona, HI",1199,1225,1203,1234,5.420350291909925,11.845714285714298,81.0,67.0,"Mon, Apr  2, 2018","Mon, Apr 23, 2018"
3808,Ketchikan International,Ketchikan,United States,KTN,PAKT,55.355556,-131.71375,88,-9,A,"Ketchikan, AK",173,174,175,176,4.23121387283237,11.678160919540234,7.0,38.0,"Tue, Apr 17, 2018","Mon, Apr  9, 2018"
3544,Capital City,Lansing,United States,LAN,KLAN,42.7787,-84.587357,861,-5,A,"Lansing, MI",304,302,309,309,4.378289473684212,18.698675496688725,14.0,95.0,"Sat, Apr  7, 2018","Sun, Apr 15, 2018"
5746,Laramie Regional Airport,Laramie,United States,LAR,KLAR,41.3121,-105.675,7284,-7,A,"Laramie, WY",51,51,51,51,4.588235294117646,18.09803921568627,10.0,49.0,"Sun, Apr  8, 2018","Sat, Apr 21, 2018"
3877,McCarran International,Las Vegas,United States,LAS,KLAS,36.080056,-115.15225,2141,-8,A,"Las Vegas, NV",13539,13533,13607,13608,6.398035305413987,14.487031700288195,56.0,139.0,"Fri, Apr  6, 2018","Mon, Apr 30, 2018"
4256,Lawton-Fort Sill Regional Airport,Lawton,United States,LAW,KLAW,34.5677144,-98.4166367,1110,-6,A,"Lawton/Fort Sill, OK",114,114,115,115,3.2719298245614037,12.035087719298245,11.0,40.0,"Wed, Apr 25, 2018","Sun, Apr  8, 2018"
3484,Los Angeles International,Los Angeles,United States,LAX,KLAX,33.942536,-118.408075,126,-8,A,"Los Angeles, CA",18142,18156,18280,18284,12.082570830117977,20.259198061246963,91.0,106.0,"Mon, Apr 30, 2018","Sun, Apr 29, 2018"
3829,Lubbock Preston Smith International,Lubbock,United States,LBB,KLBB,33.663639,-101.822778,3282,-6,A,"Lubbock, TX",491,489,493,492,4.1608961303462335,12.229038854805724,15.0,87.0,"Thu, Apr  5, 2018","Thu, Apr  5, 2018"
5747,Arnold Palmer Regional Airport,Latrobe,United States,LBE,KLBE,40.2759,-79.4048,1185,-5,A,"Latrobe, PA",94,95,96,97,6.287234042553192,12.2,48.0,49.0,"Tue, Apr  3, 2018","Sat, Apr  7, 2018"
5748,North Platte Regional Airport-Lee Bird Field,North Platte,United States,LBF,KLBF,41.1262,-100.684,2776,-6,A,"North Platte, NE",51,50,52,51,4.745098039215688,13.56,10.0,51.0,"Wed, Apr  4, 2018","Fri, Apr 13, 2018"
4341,Liberal Municipal,Liberal,United States,LBL,KLBL,37.044222,-100.95986,2885,-6,A,"Liberal, KS",51,50,52,51,4.666666666666667,15.02,12.0,32.0,"Sun, Apr 22, 2018","Thu, Apr 12, 2018"
3513,Lake Charles Regional,Lake Charles,United States,LCH,KLCH,30.126112,-93.223335,15,-6,A,"Lake Charles, LA",141,141,142,142,5.0212765957446805,12.943262411347519,12.0,82.0,"Wed, Apr 25, 2018","Tue, Apr  3, 2018"
3674,Rickenbacker International,Columbus,United States,LCK,KLCK,39.813786,-82.927822,744,-5,A,"Columbus, OH",123,123,123,123,5.853658536585366,11.699186991869919,25.0,35.0,"Sat, Apr 14, 2018","Sun, Apr  1, 2018"
4017,Blue Grass,Lexington KY,United States,LEX,KLEX,38.0365,-84.605889,979,-5,A,"Lexington, KY",859,857,869,868,4.710128055878932,17.073512252042008,25.0,135.0,"Sun, Apr  8, 2018","Sun, Apr 15, 2018"
3493,Lafayette Regional,Lafayette,United States,LFT,KLFT,30.205278,-91.987611,43,-6,A,"Lafayette, LA",394,394,398,397,5.388324873096445,16.20304568527919,36.0,68.0,"Sun, Apr 29, 2018","Fri, Apr 20, 2018"
3697,LaGuardia Airport,New York,United States,LGA,KLGA,40.777245,-73.872608,22,-5,A,"New York, NY",13889,13888,14374,14369,8.695010439916535,26.511952764976982,77.0,165.0,"Sun, Apr 15, 2018","Mon, Apr  2, 2018"
3582,Long Beach,Long Beach,United States,LGB,KLGB,33.817722,-118.151611,60,-8,A,"Long Beach, CA",1480,1480,1483,1484,4.470270270270285,13.417567567567568,28.0,84.0,"Mon, Apr 16, 2018","Fri, Apr 27, 2018"
3602,Lihue,Lihue,United States,LIH,PHLI,21.975983,-159.338958,153,-10,N,"Lihue, HI",1137,1138,1140,1140,6.118733509234827,9.749560632688928,52.0,48.0,"Sun, Apr  1, 2018","Mon, Apr  2, 2018"
3660,Adams Field,Little Rock,United States,LIT,KLIT,34.729444,-92.224306,262,-6,A,"Little Rock, AR",1136,1135,1144,1143,5.014084507042254,14.245814977973568,57.0,74.0,"Tue, Apr  3, 2018","Sat, Apr  7, 2018"
3543,Lincoln,Lincoln,United States,LNK,KLNK,40.850971,-96.75925,1219,-6,A,"Lincoln, NE",112,114,117,117,4.178571428571429,21.491228070175442,8.0,99.0,"Sat, Apr 28, 2018","Sat, Apr 14, 2018"
3691,Laredo International,Laredo,United States,LRD,KLRD,27.54375,-99.461556,508,-6,A,"Laredo, TX",206,204,207,206,3.8737864077669935,13.769607843137257,10.0,71.0,"Sun, Apr 22, 2018","Tue, Apr  3, 2018"
4044,LaCrosse Municipal,LaCrosse,United States,LSE,KLSE,43.878986,-91.256711,654,-6,A,"La Crosse, WI",167,166,172,172,4.497005988023949,16.728915662650603,19.0,111.0,"Tue, Apr 17, 2018","Sat, Apr 14, 2018"
6958,Greenbrier Valley Airport,Lewisburg,United States,LWB,KLWB,37.858333,-80.399444,2302,-5,U,"Lewisburg, WV",57,57,58,58,3.736842105263158,15.771929824561408,6.0,50.0,"Tue, Apr 24, 2018","Fri, Apr 20, 2018"
3945,Lewiston Nez Perce County,Lewiston,United States,LWS,KLWS,46.3745,-117.015389,1442,-8,A,"Lewiston, ID",56,56,56,56,4.374999999999998,12.446428571428571,7.0,28.0,"Sun, Apr 29, 2018","Tue, Apr 10, 2018"
5753,Lynchburg Regional-Preston Glenn Field,Lynchburg,United States,LYH,KLYH,37.3267,-79.2004,938,-5,A,"Lynchburg, VA",108,108,110,110,3.564814814814815,16.601851851851855,8.0,38.0,"Fri, Apr 13, 2018","Sun, Apr 22, 2018"
3652,Midland International,Midland,United States,MAF,KMAF,31.942528,-102.201914,2871,-6,A,"Midland/Odessa, TX",717,716,723,722,4.372384937238492,12.687150837988828,37.0,56.0,"Wed, Apr  4, 2018","Sun, Apr 22, 2018"
4128,MBS International,Saginaw,United States,MBS,KMBS,43.532913,-84.079647,668,-5,A,"Saginaw/Bay City/Midland, MI",248,246,253,252,5.141129032258066,18.585365853658537,30.0,96.0,"Wed, Apr  4, 2018","Sun, Apr 15, 2018"
3458,Kansas City International,Kansas City,United States,MCI,KMCI,39.297606,-94.713905,1026,-6,A,"Kansas City, MO",4565,4562,4623,4622,5.203943044906908,12.697501096010523,43.0,88.0,"Sun, Apr  1, 2018","Sun, Apr  8, 2018"
3878,Orlando International,Orlando,United States,MCO,KMCO,28.429394,-81.308994,96,-5,A,"Orlando, FL",11690,11704,11771,11779,9.019674935842644,15.773154477101853,139.0,116.0,"Tue, Apr 10, 2018","Mon, Apr 23, 2018"
3542,Harrisburg International,Harrisburg,United States,MDT,KMDT,40.193494,-76.763403,310,-5,A,"Harrisburg, PA",561,558,562,560,5.279857397504454,15.335125448028673,29.0,76.0,"Thu, Apr 26, 2018","Mon, Apr  2, 2018"
3747,Chicago Midway International,Chicago,United States,MDW,KMDW,41.785972,-87.752417,620,-6,A,"Chicago, IL",7240,7253,7352,7354,5.122375690607717,11.836067833999731,56.0,66.0,"Thu, Apr  5, 2018","Sun, Apr  8, 2018"
4335,Key Field,Meridian,United States,MEI,KMEI,32.332624,-88.751868,297,-6,A,"Meridian, MS",89,90,90,90,4.8764044943820215,12.98888888888889,9.0,27.0,"Mon, Apr  2, 2018","Fri, Apr 13, 2018"
3473,Memphis International,Memphis,United States,MEM,KMEM,35.042417,-89.976667,341,-6,A,"Memphis, TN",1866,1860,1882,1877,5.140943193997865,14.699462365591398,33.0,67.0,"Sat, Apr 14, 2018","Fri, Apr 27, 2018"
3826,McAllen Miller International,Mcallen,United States,MFE,KMFE,26.175833,-98.238611,107,-6,A,"Mission/McAllen/Edinburg, TX",342,337,342,340,4.488304093567255,13.062314540059347,30.0,59.0,"Mon, Apr  2, 2018","Tue, Apr 10, 2018"
4101,Rogue Valley International Medford,Medford,United States,MFR,KMFR,42.374228,-122.8735,1335,-8,A,"Medford, OR",385,384,387,384,4.5948051948051996,15.161458333333334,29.0,76.0,"Mon, Apr 30, 2018","Sun, Apr 29, 2018"
4115,Montgomery Regional Airport ,MONTGOMERY,United States,MGM,KMGM,32.3006389,-86.3939722,221,-6,A,"Montgomery, AL",363,359,366,366,4.077134986225894,17.125348189415035,32.0,104.0,"Mon, Apr  2, 2018","Mon, Apr 23, 2018"
4050,Manhattan Regional,Manhattan,United States,MHK,KMHK,39.140972,-96.670833,1057,-6,A,"Manhattan/Ft. Riley, KS",140,140,142,142,3.692857142857143,12.85,20.0,40.0,"Sun, Apr 15, 2018","Sat, Apr 21, 2018"
4011,Manchester Regional Airport,Manchester NH,United States,MHT,KMHT,42.932556,-71.435667,266,-5,A,"Manchester, NH",939,936,948,946,4.526091586794464,13.68589743589744,41.0,55.0,"Fri, Apr  6, 2018","Wed, Apr 25, 2018"
3576,Miami International,Miami,United States,MIA,KMIA,25.79325,-80.290556,8,-5,A,"Miami, FL",7337,7348,7370,7376,9.793784925718967,19.082743603701736,142.0,148.0,"Mon, Apr 23, 2018","Tue, Apr 10, 2018"
3717,General Mitchell International,Milwaukee,United States,MKE,KMKE,42.947222,-87.896583,723,-6,A,"Milwaukee, WI",2725,2730,2793,2798,5.03192660550458,15.290109890109896,66.0,124.0,"Sun, Apr 15, 2018","Sun, Apr 15, 2018"
5754,Muskegon County Airport,Muskegon,United States,MKG,KMKG,43.1695,-86.2382,628,-5,A,"Muskegon, MI",59,59,60,60,4.661016949152544,14.59322033898305,16.0,30.0,"Tue, Apr 24, 2018","Thu, Apr 26, 2018"
3671,Melbourne International,Melbourne,United States,MLB,KMLB,28.102753,-80.645258,33,-5,A,"Melbourne, FL",210,208,210,210,5.590476190476193,16.38461538461538,15.0,34.0,"Wed, Apr  4, 2018","Sun, Apr 29, 2018"
4072,Quad City International,Moline,United States,MLI,KMLI,41.448528,-90.507539,590,-6,A,"Moline, IL",445,445,448,449,5.119101123595506,15.90561797752809,38.0,92.0,"Sun, Apr 22, 2018","Tue, Apr 17, 2018"
3732,Monroe Regional,Monroe,United States,MLU,KMLU,32.510864,-92.037689,79,-6,A,"Monroe, LA",231,230,232,231,4.484848484848482,14.956521739130435,13.0,42.0,"Fri, Apr 20, 2018","Thu, Apr 12, 2018"
7081,Mammoth Yosemite Airport,Mammoth Lakes,United States,MMH,KMMH,37.624049,-118.837772,7128,-8,A,"Mammoth Lakes, CA",2,2,2,2,5.5,26.0,7.0,32.0,"Mon, Apr  2, 2018","Sun, Apr  1, 2018"
3782,Mobile Regional,Mobile,United States,MOB,KMOB,30.691231,-88.242814,219,-6,A,"Mobile, AL",551,549,562,562,4.366606170598912,14.120218579234969,22.0,56.0,"Fri, Apr 27, 2018","Fri, Apr 20, 2018"
3498,Minot International,Minot,United States,MOT,KMOT,48.259378,-101.280333,1716,-6,A,"Minot, ND",215,214,220,220,5.404651162790701,18.158878504672913,13.0,136.0,"Fri, Apr 13, 2018","Tue, Apr  3, 2018"
6838,Sawyer International Airport,Marquette,United States,MQT,KMQT,46.353611,-87.395278,1221,-5,A,"Marquette, MI",105,104,116,116,5.257142857142856,19.13461538461539,19.0,59.0,"Fri, Apr  6, 2018","Thu, Apr 12, 2018"
3948,Monterey Peninsula,Monterey,United States,MRY,KMRY,36.587,-121.842944,257,-8,A,"Monterey, CA",322,322,324,324,3.3850931677018634,15.86024844720496,10.0,58.0,"Tue, Apr 24, 2018","Fri, Apr 27, 2018"
3459,Dane County Regional-Truax Field,Madison,United States,MSN,KMSN,43.139858,-89.337514,887,-6,A,"Madison, WI",1015,1011,1027,1026,4.740886699507388,16.252225519287823,43.0,116.0,"Wed, Apr 18, 2018","Wed, Apr  4, 2018"
4216,Missoula International,Missoula,United States,MSO,KMSO,46.916306,-114.090556,3205,-7,A,"Missoula, MT",169,169,170,170,6.58579881656805,15.982248520710058,24.0,54.0,"Wed, Apr 18, 2018","Mon, Apr  2, 2018"
3858,Minneapolis St. Paul International,Minneapolis,United States,MSP,KMSP,44.881956,-93.221767,841,-6,A,"Minneapolis, MN",12657,12690,13124,13132,6.384767322430281,21.308589440504317,99.0,171.0,"Sun, Apr 15, 2018","Fri, Apr 13, 2018"
3861,Louis Armstrong New Orleans International,New Orleans,United States,MSY,KMSY,29.993389,-90.258028,4,-6,A,"New Orleans, LA",4810,4802,4830,4830,5.677338877338872,11.863598500624722,89.0,115.0,"Fri, Apr 13, 2018","Sat, Apr 14, 2018"
6880,Montrose Regional Airport,Montrose CO,United States,MTJ,KMTJ,38.509794,-107.894242,5759,-7,A,"Montrose/Delta, CO",42,43,42,43,4.619047619047619,14.953488372093023,8.0,54.0,"Mon, Apr  9, 2018","Sun, Apr  1, 2018"
3515,Myrtle Beach International,Myrtle Beach,United States,MYR,KMYR,33.67975,-78.928333,25,-5,A,"Myrtle Beach, SC",979,980,989,988,4.9499489274770125,13.677551020408167,41.0,78.0,"Sat, Apr 28, 2018","Tue, Apr 24, 2018"
4386,Albert J. Ellis,Jacksonville NC,United States,OAJ,KOAJ,34.829164,-77.612139,94,-5,A,"Jacksonville/Camp Lejeune, NC",281,281,284,284,3.355871886120996,16.953736654804263,9.0,57.0,"Fri, Apr  6, 2018","Tue, Apr  3, 2018"
3453,Metropolitan Oakland International,Oakland,United States,OAK,KOAK,37.721278,-122.220722,9,-8,A,"Oakland, CA",4229,4233,4286,4286,5.611492078505554,12.547129695251591,52.0,83.0,"Sun, Apr 15, 2018","Wed, Apr 11, 2018"
3456,Kahului,Kahului,United States,OGG,PHOG,20.89865,-156.430458,54,-10,N,"Kahului, HI",2087,2085,2090,2091,6.908001916626737,10.728537170263804,67.0,55.0,"Sat, Apr 28, 2018","Fri, Apr 27, 2018"
3724,Ogdensburg International,Ogdensburg,United States,OGS,KOGS,44.681854,-75.4655,297,-5,A,"Ogdensburg, NY",16,16,17,17,6.25,14.6875,9.0,29.0,"Sun, Apr 15, 2018","Sun, Apr  1, 2018"
3863,Will Rogers World,Oklahoma City,United States,OKC,KOKC,35.393089,-97.600733,1295,-6,A,"Oklahoma City, OK",1828,1823,1834,1833,4.686542669584245,13.47723532638508,47.0,126.0,"Mon, Apr 23, 2018","Tue, Apr 17, 2018"
3454,Eppley Airfield,Omaha,United States,OMA,KOMA,41.303167,-95.894069,984,-6,A,"Omaha, NE",1948,1940,1956,1953,4.181211498973288,14.406185567010295,42.0,103.0,"Tue, Apr  3, 2018","Wed, Apr  4, 2018"
3615,Nome,Nome,United States,OME,PAOM,64.512203,-165.445247,37,-9,A,"Nome, AK",58,58,60,60,3.293103448275862,8.224137931034479,5.0,19.0,"Wed, Apr 18, 2018","Fri, Apr  6, 2018"
3734,Ontario International,Ontario,United States,ONT,KONT,34.056,-117.601194,944,-8,A,"Ontario, CA",1749,1746,1757,1755,4.221841052029735,10.73654066437572,26.0,77.0,"Mon, Apr 16, 2018","Mon, Apr 16, 2018"
3830,Chicago O'Hare International,Chicago,United States,ORD,KORD,41.978603,-87.904842,668,-6,A,"Chicago, IL",26209,26247,26436,26435,13.49608912968827,20.911875642930635,114.0,134.0,"Fri, Apr 20, 2018","Tue, Apr  3, 2018"
3611,Norfolk International,Norfolk,United States,ORF,KORF,36.894611,-76.201222,26,-5,A,"Norfolk, VA",1775,1780,1815,1814,4.0540845070422415,15.54550561797752,25.0,96.0,"Fri, Apr 20, 2018","Thu, Apr 19, 2018"
6426,Worcester Regional Airport,Worcester,United States,ORH,KORH,42.2673,-71.8757,1009,-5,U,"Worcester, MA",59,59,60,60,4.779661016949152,12.474576271186441,14.0,36.0,"Fri, Apr 20, 2018","Sun, Apr 15, 2018"
5757,Southwest Oregon Regional Airport,North Bend,United States,OTH,KOTH,43.4171,-124.246,17,-8,A,"North Bend/Coos Bay, OR",29,29,30,30,4.0,14.379310344827585,6.0,33.0,"Mon, Apr  9, 2018","Sun, Apr 29, 2018"
3693,Ralph Wien Memorial,Kotzebue,United States,OTZ,PAOT,66.884678,-162.59855,11,-9,A,"Kotzebue, AK",60,60,60,60,3.816666666666667,6.233333333333333,6.0,23.0,"Thu, Apr 12, 2018","Mon, Apr  2, 2018"
5758,Owensboro Daviess County Airport,Owensboro,United States,OWB,KOWB,37.7401,-87.1668,406,-6,A,"Owensboro, KY",9,9,9,9,5.444444444444445,5.777777777777778,7.0,7.0,"Mon, Apr 30, 2018","Mon, Apr  2, 2018"
4117,Barkley Regional Airport,PADUCAH,United States,PAH,KPAH,37.0602875,-88.7729583,410,-6,A,"Paducah, KY",59,59,60,60,4.016949152542373,14.338983050847459,6.0,38.0,"Tue, Apr 17, 2018","Tue, Apr 24, 2018"
3771,Plattsburgh International,Plattsburgh,United States,PBG,KPBG,44.650944,-73.468139,234,-5,A,"Plattsburgh, NY",83,83,83,83,5.409638554216866,12.120481927710843,18.0,35.0,"Mon, Apr 16, 2018","Sun, Apr 15, 2018"
3722,Palm Beach International,West Palm Beach,United States,PBI,KPBI,26.683161,-80.095589,19,-5,A,"West Palm Beach/Palm Beach, FL",2364,2362,2381,2383,4.727157360406093,15.499576629974595,99.0,112.0,"Tue, Apr 10, 2018","Tue, Apr 10, 2018"
3720,Portland International,Portland,United States,PDX,KPDX,45.588722,-122.5975,30,-8,A,"Portland, OR",4960,4956,4981,4981,4.458064516129031,12.80004035512509,37.0,78.0,"Sun, Apr 15, 2018","Mon, Apr 16, 2018"
7056,Charlotte County-Punta Gorda Airport,Punta Gorda,United States,PGD,KPGD,26.919722,-81.990556,26,-5,A,"Punta Gorda, FL",487,487,489,487,5.889117043121148,10.587268993839837,64.0,46.0,"Sun, Apr 22, 2018","Sun, Apr  1, 2018"
6959,Pitt-Greenville Airport,Greenville,United States,PGV,KPGV,35.635278,-77.385278,27,-5,A,"Greenville, NC",97,96,100,99,3.5051546391752577,19.718749999999996,8.0,59.0,"Fri, Apr 13, 2018","Tue, Apr 24, 2018"
3633,Newport News Williamsburg International,Newport News,United States,PHF,KPHF,37.131894,-76.492989,43,-5,A,"Newport News/Williamsburg, VA",316,313,320,319,4.174050632911394,13.936102236421725,16.0,87.0,"Sat, Apr 21, 2018","Tue, Apr 10, 2018"
3752,Philadelphia International,Philadelphia,United States,PHL,KPHL,39.871944,-75.241139,36,-5,A,"Philadelphia, PA",9723,9728,9866,9861,7.811375089992805,22.21422697368411,109.0,134.0,"Wed, Apr  4, 2018","Mon, Apr 16, 2018"
3462,Phoenix Sky Harbor International,Phoenix,United States,PHX,KPHX,33.434278,-112.011583,1135,-7,N,"Phoenix, AZ",14759,14814,14896,14901,7.7796598685547576,14.640677737275555,87.0,107.0,"Mon, Apr 23, 2018","Wed, Apr 18, 2018"
4046,Peoria Regional,Peoria,United States,PIA,KPIA,40.664203,-89.693258,660,-6,A,"Peoria, IL",463,461,466,465,4.892008639308856,16.67245119305858,35.0,87.0,"Mon, Apr  2, 2018","Wed, Apr 18, 2018"
5759,Hattiesburg Laurel Regional Airport,Hattiesburg/Laurel,United States,PIB,KPIB,31.4671,-89.3371,298,-6,A,"Hattiesburg/Laurel, MS",59,59,60,60,4.389830508474574,14.338983050847459,11.0,37.0,"Fri, Apr 27, 2018","Mon, Apr 23, 2018"
3617,St. Petersburg Clearwater International,St. Petersburg,United States,PIE,KPIE,27.910167,-82.687389,10,-5,A,"St. Petersburg, FL",646,646,649,648,6.339009287925692,12.648606811145514,91.0,92.0,"Tue, Apr 10, 2018","Sun, Apr 15, 2018"
5760,Pocatello Regional Airport,Pocatello,United States,PIH,KPIH,42.9098,-112.596,4452,-7,A,"Pocatello, ID",116,116,116,116,3.4913793103448283,12.82758620689655,6.0,89.0,"Sat, Apr  7, 2018","Mon, Apr 16, 2018"
3570,Pittsburgh International,Pittsburgh (pennsylva),United States,PIT,KPIT,40.491467,-80.232872,1204,-5,A,"Pittsburgh, PA",4013,4006,4058,4056,5.468228258160984,16.72765851223164,50.0,107.0,"Tue, Apr  3, 2018","Thu, Apr 12, 2018"
5762,Pellston Regional Airport of Emmet County Airport,Pellston,United States,PLN,KPLN,45.5709,-84.7967,720,-5,A,"Pellston, MI",71,71,80,80,5.873239436619719,14.80281690140845,8.0,42.0,"Sat, Apr  7, 2018","Tue, Apr  3, 2018"
3564,Pensacola Regional,Pensacola,United States,PNS,KPNS,30.473425,-87.186611,121,-6,A,"Pensacola, FL",946,942,953,952,4.249471458773785,13.330148619957539,31.0,73.0,"Sun, Apr 15, 2018","Mon, Apr  9, 2018"
6133,Tri Cities Airport,Pasco,United States,PSC,PSC,46.2647,-119.119,410,-8,A,"Pasco/Kennewick/Richland, WA",219,220,222,224,5.319634703196349,16.349999999999994,12.0,41.0,"Fri, Apr 27, 2018","Thu, Apr 26, 2018"
4147,Petersburg James A. Johnson,Petersburg,United States,PSG,PAPG,56.801667,-132.945278,105,-9,A,"Petersburg, AK",60,60,60,60,3.566666666666667,7.6499999999999995,6.0,15.0,"Fri, Apr 13, 2018","Fri, Apr 13, 2018"
5763,Pease International Tradeport,Portsmouth,United States,PSM,KPSM,43.0779,-70.8233,100,-5,A,"Portsmouth, NH",36,35,36,36,5.722222222222222,12.257142857142858,17.0,28.0,"Wed, Apr 25, 2018","Fri, Apr  6, 2018"
3839,Palm Springs International,Palm Springs,United States,PSP,KPSP,33.829667,-116.506694,477,-8,A,"Palm Springs, CA",1136,1143,1154,1156,5.69102112676056,14.527559055118111,56.0,112.0,"Fri, Apr 13, 2018","Wed, Apr 11, 2018"
3527,Pueblo Memorial,Pueblo Memorial,United States,PUB,KPUB,38.289085,-104.496572,4726,-7,A,"Pueblo, CO",74,75,76,77,4.513513513513515,13.28,9.0,40.0,"Fri, Apr 13, 2018","Fri, Apr  6, 2018"
3641,Theodore Francis Green State,Providence,United States,PVD,KPVD,41.732581,-71.420383,55,-5,A,"Providence, RI",1632,1625,1643,1641,4.9632352941176405,13.156307692307692,36.0,110.0,"Sat, Apr  7, 2018","Mon, Apr  2, 2018"
7579,Provo Municipal Airport,Provo,United States,PVU,KPVU,40.21805555,-111.7222222,4497,-6,A,"Provo, UT",40,40,40,40,5.1,13.2,8.0,25.0,"Tue, Apr 17, 2018","Thu, Apr 12, 2018"
3862,Portland International Jetport,Portland,United States,PWM,KPWM,43.646161,-70.309281,77,-5,A,"Portland, ME",783,779,799,797,3.69220945083014,16.11681643132222,33.0,100.0,"Thu, Apr 12, 2018","Mon, Apr 16, 2018"
4087,Rapid City Regional Airport,Rapid City,United States,RAP,KRAP,44.045278,-103.057222,3204,-7,A,"Rapid City, SD",310,309,318,317,4.983870967741935,17.478964401294512,18.0,114.0,"Sat, Apr 21, 2018","Fri, Apr 13, 2018"
4098,Redding Municipal,Redding,United States,RDD,KRDD,40.509,-122.293389,504,-8,A,"Redding, CA",89,90,90,90,4.224719101123598,13.466666666666667,7.0,42.0,"Wed, Apr 25, 2018","Fri, Apr 27, 2018"
4103,Roberts Field,Redmond-Bend,United States,RDM,KRDM,44.254066,-121.149964,3077,-8,A,"Bend/Redmond, OR",281,281,283,284,4.430604982206407,16.071174377224185,19.0,95.0,"Tue, Apr 10, 2018","Mon, Apr 30, 2018"
3626,Raleigh Durham International,Raleigh-durham,United States,RDU,KRDU,35.877639,-78.787472,435,-5,A,"Raleigh/Durham, NC",5101,5091,5162,5162,5.879827484806891,17.849538401099945,80.0,126.0,"Sun, Apr 15, 2018","Fri, Apr  6, 2018"
4028,Chicago Rockford International Airport ,Rockford,United States,RFD,KRFD,42.1953611,-89.0972222,742,-6,A,"Rockford, IL",65,64,65,65,6.2615384615384615,11.265625,12.0,46.0,"Wed, Apr  4, 2018","Sun, Apr 15, 2018"
5765,Rhinelander Oneida County Airport,Rhinelander,United States,RHI,KRHI,45.6312,-89.4675,1624,-6,A,"Rhinelander, WI",56,56,60,60,4.357142857142857,20.642857142857135,8.0,48.0,"Mon, Apr  2, 2018","Wed, Apr 11, 2018"
3608,Richmond International,Richmond,United States,RIC,KRIC,37.505167,-77.319667,167,-5,A,"Richmond, VA",1849,1855,1881,1882,5.388858842617636,16.32452830188676,74.0,113.0,"Mon, Apr 16, 2018","Thu, Apr 19, 2018"
5766,Rock Springs Sweetwater County Airport,Rock Springs,United States,RKS,KRKS,41.5942,-109.065,6760,-7,A,"Rock Springs, WY",55,55,56,56,3.272727272727273,13.181818181818182,7.0,26.0,"Fri, Apr 20, 2018","Mon, Apr  2, 2018"
3807,Reno Tahoe International,Reno,United States,RNO,KRNO,39.499108,-119.768108,4415,-8,A,"Reno, NV",1420,1420,1430,1431,4.348591549295772,13.512676056338025,19.0,80.0,"Fri, Apr 27, 2018","Mon, Apr 30, 2018"
4016,Roanoke Regional,Roanoke VA,United States,ROA,KROA,37.325472,-79.975417,1175,-5,A,"Roanoke, VA",248,247,252,252,6.25,17.753036437246973,64.0,47.0,"Sun, Apr 29, 2018","Fri, Apr 20, 2018"
3622,Greater Rochester International,Rochester,United States,ROC,KROC,43.118866,-77.672389,559,-5,A,"Rochester, NY",1157,1149,1213,1212,5.376836646499568,16.009573542210614,42.0,72.0,"Wed, Apr  4, 2018","Sun, Apr 15, 2018"
3736,Roswell International Air Center,Roswell,United States,ROW,KROW,33.301556,-104.530556,3671,-7,A,"Roswell, NM",101,101,101,102,4.4851485148514865,11.514851485148512,11.0,28.0,"Sat, Apr 14, 2018","Thu, Apr 26, 2018"
4048,Rochester,Rochester,United States,RST,KRST,43.908283,-92.500014,1317,-6,A,"Rochester, MN",217,217,229,229,4.0046082949308754,18.949308755760384,9.0,71.0,"Sun, Apr 22, 2018","Tue, Apr  3, 2018"
3793,Southwest Florida International,Fort Myers,United States,RSW,KRSW,26.536167,-81.755167,30,-5,A,"Fort Myers, FL",3075,3085,3094,3104,5.065691056910574,13.169205834683954,103.0,72.0,"Tue, Apr 10, 2018","Wed, Apr  4, 2018"
3784,Santa Fe Municipal,Santa Fe,United States,SAF,KSAF,35.617108,-106.089422,6348,-7,A,"Santa Fe, NM",119,119,121,120,4.016806722689076,14.361344537815127,7.0,50.0,"Sat, Apr 21, 2018","Thu, Apr 26, 2018"
3731,San Diego International,San Diego,United States,SAN,KSAN,32.733556,-117.189667,17,-8,A,"San Diego, CA",7346,7347,7403,7398,3.6320446501497434,16.247311827957006,36.0,95.0,"Fri, Apr 20, 2018","Fri, Apr  6, 2018"
3621,San Antonio International,San Antonio,United States,SAT,KSAT,29.533694,-98.469778,809,-6,A,"San Antonio, TX",3211,3209,3228,3227,4.33509810028028,12.464630726082886,60.0,133.0,"Fri, Apr 13, 2018","Tue, Apr  3, 2018"
3613,Savannah Hilton Head International,Savannah,United States,SAV,KSAV,32.127583,-81.202139,51,-5,A,"Savannah, GA",1314,1316,1328,1329,5.440639269406398,14.942249240121578,46.0,92.0,"Fri, Apr 27, 2018","Wed, Apr 25, 2018"
3949,Santa Barbara Municipal,Santa Barbara,United States,SBA,KSBA,34.426211,-119.840372,10,-8,A,"Santa Barbara, CA",572,572,582,581,4.312937062937066,16.73251748251749,27.0,89.0,"Mon, Apr 16, 2018","Sat, Apr 21, 2018"
4359,South Bend Regional,South Bend,United States,SBN,KSBN,41.708661,-86.31725,799,-5,A,"South Bend, IN",516,518,520,520,5.548449612403101,19.94787644787645,56.0,114.0,"Mon, Apr 16, 2018","Wed, Apr  4, 2018"
5768,San Luis County Regional Airport,San Luis Obispo,United States,SBP,KSBP,35.2368,-120.642,212,-8,A,"San Luis Obispo, CA",386,387,390,390,4.373056994818653,16.927648578811354,18.0,79.0,"Sun, Apr 29, 2018","Mon, Apr 30, 2018"
3620,Deadhorse,Deadhorse,United States,SCC,PASC,70.19475,-148.465167,64,-9,A,"Deadhorse, AK",79,79,81,81,3.329113924050633,7.0,6.0,30.0,"Thu, Apr 19, 2018","Fri, Apr 13, 2018"
4318,University Park Airport,State College Pennsylvania,United States,SCE,KUNV,40.849278,-77.848694,1239,-5,A,"State College, PA",85,85,86,86,4.141176470588233,17.49411764705882,6.0,48.0,"Fri, Apr 27, 2018","Thu, Apr  5, 2018"
3805,Stockton Metropolitan,Stockton,United States,SCK,KSCK,37.894167,-121.238306,33,-8,A,"Stockton, CA",66,66,66,66,5.606060606060606,9.090909090909092,14.0,21.0,"Thu, Apr 19, 2018","Mon, Apr  2, 2018"
4014,Louisville International Airport,Louisville,United States,SDF,KSDF,38.1740858,-85.7364989,501,-5,A,"Louisville, KY",1758,1759,1776,1774,6.306598407280995,15.644115974985786,42.0,97.0,"Wed, Apr 18, 2018","Fri, Apr 27, 2018"
3577,Seattle Tacoma International,Seattle,United States,SEA,KSEA,47.449,-122.309306,433,-8,A,"Seattle, WA",11093,11108,11135,11133,9.49066979176061,20.162585523946625,64.0,88.0,"Tue, Apr 24, 2018","Wed, Apr 11, 2018"
4167,Orlando Sanford International,Sanford,United States,SFB,KSFB,28.777639,-81.237489,55,-5,A,"Sanford, FL",838,839,842,840,6.199284009546542,14.207389749702026,51.0,69.0,"Fri, Apr 27, 2018","Mon, Apr  2, 2018"
3469,San Francisco International,San Francisco,United States,SFO,KSFO,37.618972,-122.374889,13,-8,A,"San Francisco, CA",14209,14230,14379,14389,8.15018650151313,21.88875614898106,83.0,115.0,"Wed, Apr 25, 2018","Sun, Apr 15, 2018"
4348,Springfield Branson National,Springfield,United States,SGF,KSGF,37.245667,-93.388639,1268,-6,A,"Springfield, MO",684,685,686,687,6.001461988304094,16.81021897810215,35.0,92.0,"Sat, Apr 21, 2018","Sun, Apr  1, 2018"
4064,St. George Municipal,Saint George,United States,SGU,KSGU,37.090583,-113.593056,2941,-7,A,"St. George, UT",266,266,266,266,3.530075187969925,14.62781954887218,11.0,35.0,"Tue, Apr 17, 2018","Thu, Apr 12, 2018"
7062,Shenandoah Valley Regional Airport,Weyers Cave,United States,SHD,KSHD,38.263889,-78.896389,1201,-5,A,"Staunton, VA",73,73,75,74,4.095890410958904,15.36986301369863,8.0,33.0,"Sun, Apr 15, 2018","Sat, Apr  7, 2018"
3609,Shreveport Regional,Shreveport,United States,SHV,KSHV,32.446629,-93.8256,258,-6,A,"Shreveport, LA",537,535,539,539,5.197392923649907,13.044859813084113,35.0,97.0,"Sun, Apr  8, 2018","Sat, Apr 21, 2018"
3856,Sitka Rocky Gutierrez,Sitka,United States,SIT,PASI,57.047138,-135.361611,21,-9,A,"Sitka, AK",85,85,86,85,3.941176470588237,9.470588235294118,6.0,20.0,"Tue, Apr  3, 2018","Sun, Apr 15, 2018"
3748,Norman Y. Mineta San Jose International,San Jose,United States,SJC,KSJC,37.3626,-121.929022,62,-8,A,"San Jose, CA",4373,4370,4415,4415,4.43585639149327,12.694508009153317,70.0,81.0,"Fri, Apr 27, 2018","Wed, Apr  4, 2018"
3708,San Angelo Regional-Mathis Field,San Angelo,United States,SJT,KSJT,31.35775,-100.496306,1919,-6,A,"San Angelo, TX",118,118,120,120,3.872881355932203,12.720338983050848,8.0,100.0,"Sun, Apr 29, 2018","Sat, Apr 21, 2018"
3536,Salt Lake City International,Salt Lake City,United States,SLC,KSLC,40.788389,-111.977772,4227,-7,A,"Salt Lake City, UT",9204,9211,9236,9238,6.600608431116906,16.993377483443698,49.0,112.0,"Wed, Apr 11, 2018","Tue, Apr 17, 2018"
5771,Salina Municipal Airport,Salina,United States,SLN,KSLN,38.791,-97.6522,1288,-6,A,"Salina, KS",57,56,57,56,6.719298245614035,20.053571428571427,18.0,48.0,"Mon, Apr 23, 2018","Sat, Apr 14, 2018"
3817,Sacramento International,Sacramento,United States,SMF,KSMF,38.695417,-121.590778,27,-8,A,"Sacramento, CA",3724,3713,3743,3734,4.099355531686359,11.764072178831126,30.0,75.0,"Mon, Apr 23, 2018","Wed, Apr 25, 2018"
5772,Santa Maria Public-Captain G. Allan Hancock Airport,Santa Maria,United States,SMX,KSMX,34.8989,-120.457,261,-8,A,"Santa Maria, CA",13,13,13,13,5.0,5.846153846153846,7.0,8.0,"Sun, Apr  1, 2018","Fri, Apr 13, 2018"
3867,John Wayne Airport Orange County,Santa Ana,United States,SNA,KSNA,33.675667,-117.868222,56,-8,A,"Santa Ana, CA",3418,3412,3431,3425,5.192802808660041,12.762309495896844,48.0,78.0,"Fri, Apr 20, 2018","Fri, Apr 20, 2018"
4336,Abraham Lincoln Capital,Springfield,United States,SPI,KSPI,39.8441,-89.677889,597,-6,A,"Springfield, IL",146,146,147,147,4.006849315068489,13.253424657534245,12.0,48.0,"Wed, Apr 18, 2018","Wed, Apr  4, 2018"
3680,Sheppard AFB Wichita Falls Municipal,Wichita Falls,United States,SPS,KSPS,33.988797,-98.491894,1019,-6,A,"Wichita Falls, TX",88,88,90,90,8.693181818181817,15.295454545454545,19.0,34.0,"Wed, Apr 18, 2018","Mon, Apr  2, 2018"
4067,Sarasota Bradenton International,Sarasota,United States,SRQ,KSRQ,27.395444,-82.554389,30,-5,A,"Sarasota/Bradenton, FL",545,546,549,550,4.561467889908255,12.802197802197805,32.0,67.0,"Fri, Apr 27, 2018","Sun, Apr  1, 2018"
4271,Saint Cloud Regional Airport,Saint Cloud,United States,STC,KSTC,45.546556,-94.059889,1031,-6,A,"St. Cloud, MN",10,10,10,10,8.6,10.9,12.0,18.0,"Wed, Apr 25, 2018","Wed, Apr 18, 2018"
3678,Lambert St. Louis International,St. Louis,United States,STL,KSTL,38.748697,-90.370028,618,-6,A,"St. Louis, MO",5438,5439,5494,5497,4.497977197499081,12.004044861187726,55.0,84.0,"Sun, Apr  1, 2018","Tue, Apr  3, 2018"
6992,Charles M. Schulz Sonoma County,Santa Rosa,United States,STS,KSTS,38.508978,-122.81288,125,-8,A,"Santa Rosa, CA",115,115,117,117,3.9652173913043494,16.199999999999996,6.0,48.0,"Wed, Apr  4, 2018","Tue, Apr 24, 2018"
6494,Friedman Memorial,Hailey,United States,SUN,KSUN,43.504444,-114.296194,5320,-7,A,"Sun Valley/Hailey/Ketchum, ID",58,58,64,64,2.6724137931034466,9.103448275862071,7.0,17.0,"Sun, Apr  1, 2018","Sun, Apr  1, 2018"
3753,Sioux Gateway-Colonel Bud Day Field,Sioux City,United States,SUX,KSUX,42.402603,-96.384367,1098,-6,A,"Sioux City, IA",88,86,90,90,5.340909090909091,14.255813953488373,33.0,77.0,"Mon, Apr  9, 2018","Tue, Apr  3, 2018"
3661,Stewart International,Newburgh,United States,SWF,KSWF,41.504094,-74.104839,491,-5,A,"Newburgh/Poughkeepsie, NY",146,144,146,147,5.6438356164383565,14.166666666666664,11.0,43.0,"Thu, Apr 26, 2018","Fri, Apr 13, 2018"
3745,Syracuse Hancock International,Syracuse,United States,SYR,KSYR,43.111187,-76.106311,421,-5,A,"Syracuse, NY",1152,1146,1192,1189,4.597222222222219,18.564572425828985,41.0,108.0,"Wed, Apr 25, 2018","Sun, Apr 15, 2018"
3698,Tallahassee Regional,Tallahassee,United States,TLH,KTLH,30.396528,-84.350333,81,-5,A,"Tallahassee, FL",517,515,520,520,4.1547388781431325,13.205825242718447,16.0,50.0,"Mon, Apr  9, 2018","Sun, Apr 22, 2018"
4040,Toledo,Toledo,United States,TOL,KTOL,41.586806,-83.807833,684,-5,A,"Toledo, OH",185,184,188,188,3.55135135135135,10.467391304347835,9.0,44.0,"Wed, Apr  4, 2018","Fri, Apr  6, 2018"
3646,Tampa International,Tampa,United States,TPA,KTPA,27.975472,-82.53325,26,-5,A,"Tampa, FL",6388,6386,6425,6433,4.832811521603006,12.939085499530213,64.0,142.0,"Tue, Apr 10, 2018","Sun, Apr 15, 2018"
4116,Tri-Cities Regional Airport,BRISTOL,United States,TRI,KTRI,36.4752222,-82.4074167,1519,-5,A,"Bristol/Johnson City/Kingsport, TN",316,317,318,318,4.2405063291139244,15.476340694006309,9.0,79.0,"Sun, Apr 15, 2018","Fri, Apr 27, 2018"
3447,Trenton Mercer,Trenton,United States,TTN,KTTN,40.276692,-74.813469,213,-5,A,"Trenton, NJ",222,224,226,226,6.936936936936937,14.263392857142858,24.0,67.0,"Sat, Apr 28, 2018","Mon, Apr  2, 2018"
3855,Tulsa International,Tulsa,United States,TUL,KTUL,36.198389,-95.888111,677,-6,A,"Tulsa, OK",1381,1380,1388,1387,5.640115858073858,14.65507246376811,54.0,99.0,"Thu, Apr 19, 2018","Fri, Apr  6, 2018"
3636,Tucson International,Tucson,United States,TUS,KTUS,32.116083,-110.941028,2643,-7,N,"Tucson, AZ",1613,1608,1618,1620,4.3818970861748445,14.570273631840774,42.0,76.0,"Fri, Apr  6, 2018","Thu, Apr 19, 2018"
4023,Cherry Capital Airport,Traverse City,United States,TVC,KTVC,44.741445,-85.582235,624,-5,A,"Traverse City, MI",206,207,218,219,4.0873786407766985,16.55072463768116,17.0,59.0,"Wed, Apr 18, 2018","Sun, Apr 15, 2018"
4263,Magic Valley Regional Airport,Twin Falls,United States,TWF,KTWF,42.481803,-114.487733,4151,-7,A,"Twin Falls, ID",116,122,116,122,4.025862068965516,11.90983606557377,7.0,39.0,"Sun, Apr 29, 2018","Mon, Apr  2, 2018"
3770,Texarkana Regional-Webb Field,Texarkana,United States,TXK,KTXK,33.453722,-93.991028,390,-6,A,"Texarkana, AR",84,83,86,86,3.642857142857143,12.469879518072291,9.0,29.0,"Tue, Apr 10, 2018","Tue, Apr 17, 2018"
3848,Tyler Pounds Regional,Tyler,United States,TYR,KTYR,32.354139,-95.402386,544,-6,A,"Tyler, TX",110,110,112,112,4.790909090909092,13.445454545454545,9.0,38.0,"Sun, Apr 15, 2018","Mon, Apr 23, 2018"
3676,McGhee Tyson,Knoxville,United States,TYS,KTYS,35.810972,-83.994028,981,-5,A,"Knoxville, TN",1218,1216,1231,1233,3.9770114942528685,15.282072368421053,24.0,113.0,"Sun, Apr 15, 2018","Sun, Apr 15, 2018"
5774,Quincy Regional-Baldwin Field,Quincy,United States,UIN,KUIN,39.9427,-91.1946,769,-6,A,"Quincy, IL",77,77,77,77,4.064935064935065,13.805194805194802,13.0,53.0,"Fri, Apr 27, 2018","Sun, Apr  1, 2018"
5776,Valdosta Regional Airport,Valdosta,United States,VLD,KVLD,30.7825,-83.2767,203,-5,A,"Valdosta, GA",86,86,86,86,4.116279069767444,15.406976744186046,7.0,33.0,"Thu, Apr 12, 2018","Mon, Apr 23, 2018"
3873,Eglin AFB,Valparaiso,United States,VPS,KVPS,30.48325,-86.5254,87,-6,A,"Valparaiso, FL",585,587,593,594,7.541880341880345,14.679727427597962,37.0,71.0,"Sun, Apr 15, 2018","Thu, Apr  5, 2018"
5969,Wrangell Airport,Wrangell,United States,WRG,PAWG,56.4843,-132.37,44,-9,A,"Wrangell, AK",60,60,60,60,4.033333333333335,6.816666666666666,7.0,25.0,"Mon, Apr 16, 2018","Tue, Apr 24, 2018"
4356,NW Arkansas Regional,Bentonville,United States,XNA,KXNA,36.2818694,-94.3068111,1287,-6,A,"Fayetteville, AR",1042,1036,1049,1046,6.3013435700575835,15.437258687258687,78.0,114.0,"Tue, Apr  3, 2018","Wed, Apr 25, 2018"
6803,Yakutat,Yakutat,United States,YAK,PAYA,59.3012,-139.3937,33,-9,A,"Yakutat, AK",60,60,60,60,3.816666666666667,8.2,6.0,25.0,"Mon, Apr  2, 2018","Sat, Apr 14, 2018"
3596,Yuma MCAS Yuma International,Yuma,United States,YUM,KYUM,32.656578,-114.60598,216,-7,N,"Yuma, AZ",119,120,119,120,3.6218487394957983,12.991666666666667,10.0,51.0,"Sun, Apr 22, 2018","Thu, Apr 19, 2018"
2883,Cyril E. King,St. Thomas,Virgin Islands,STT,TIST,18.337306,-64.973361,23,-4,U,"Charlotte Amalie, VI",194,194,194,194,4.402061855670102,12.39690721649484,11.0,54.0,"Mon, Apr 23, 2018","Wed, Apr 25, 2018"
2884,Henry E. Rohlsen,St. Croix Island,Virgin Islands,STX,TISX,17.701889,-64.798556,74,-4,U,"Christiansted, VI",99,99,99,99,3.3333333333333335,12.83838383838384,9.0,25.0,"Mon, Apr 23, 2018","Sat, Apr 14, 2018"
1970,Pago Pago Internatonal,Pago Pago,American Samoa,PPG,NSTU,-14.331,-170.7105,32,-11,U,"Pago Pago, TT",8,8,8,8,14.125,18.5,17.0,34.0,"Mon, Apr  9, 2018","Thu, Apr  5, 2018"
2246,Guam International,Agana,Guam,GUM,PGUM,13.48345,144.795983,298,10,U,"Guam, TT",30,30,30,30,3.1666666666666665,14.9,5.0,29.0,"Sun, Apr  8, 2018","Sun, Apr 15, 2018"
2885,Rafael Hernndez,Aguadilla,Puerto Rico,BQN,TJBQ,18.494861,-67.129444,237,-4,U,"Aguadilla, PR",145,146,145,146,6.951724137931033,11.746575342465754,16.0,24.0,"Tue, Apr  3, 2018","Mon, Apr 23, 2018"
2889,Aeropuerto Mercedita,Ponce,Puerto Rico,PSE,TJPS,18.008306,-66.563028,29,-4,U,"Ponce, PR",60,60,60,60,6.016666666666667,13.5,33.0,32.0,"Fri, Apr 27, 2018","Mon, Apr  2, 2018"
2890,Luis Muoz Marn International,San Juan,Puerto Rico,SJU,TJSJ,18.439417,-66.001833,9,-4,U,"San Juan, PR",2109,2111,2115,2119,6.645329540066386,14.214590241591665,36.0,68.0,"Wed, Apr 11, 2018","Sat, Apr 21, 2018"
